solid 
facet normal -0.0008755398 0.4417041 -0.89716035
 outer loop
  vertex -0.0031422542 0.39714146 -0.9177516
  vertex -0.0034153408 0.48518425 -0.8744047
  vertex 0.00619332 0.484789 -0.8746087
 endloop
endfacet
facet normal 0.0054022702 -0.35162196 0.9361265
 outer loop
  vertex 0.002838935 -0.30527586 0.9522607
  vertex 0.0031421967 -0.39714342 0.9177522
  vertex 0.0124476 -0.3056711 0.95205677
 endloop
endfacet
facet normal 0.010201979 -0.3520367 0.93593055
 outer loop
  vertex 0.0124476 -0.3056711 0.95205677
  vertex 0.0031421967 -0.39714342 0.9177522
  vertex 0.021966504 -0.30692887 0.9514799
 endloop
endfacet
facet normal 0.0039276276 0.44128904 -0.8973564
 outer loop
  vertex -0.0031422542 0.39714146 -0.9177516
  vertex 0.00619332 0.484789 -0.8746087
  vertex 0.01571222 0.48353127 -0.87518555
 endloop
endfacet
facet normal 0.01493749 -0.35288203 0.9355486
 outer loop
  vertex 0.021966504 -0.30692887 0.9514799
  vertex 0.0031421967 -0.39714342 0.9177522
  vertex 0.031303976 -0.309037 0.95053566
 endloop
endfacet
facet normal 0.0086621735 0.44044393 -0.89773834
 outer loop
  vertex -0.0031422542 0.39714146 -0.9177516
  vertex 0.01571222 0.48353127 -0.87518555
  vertex 0.025049686 0.4814231 -0.87612975
 endloop
endfacet
facet normal 0.013273719 0.43917936 -0.89830136
 outer loop
  vertex -0.0031422542 0.39714146 -0.9177516
  vertex 0.025049686 0.4814231 -0.87612975
  vertex 0.034115795 0.47848487 -0.8774323
 endloop
endfacet
facet normal 0.019554455 -0.3541481 0.9349849
 outer loop
  vertex 0.031303976 -0.309037 0.95053566
  vertex 0.0031421967 -0.39714342 0.9177522
  vertex 0.040370088 -0.31197524 0.9492331
 endloop
endfacet
facet normal 0.017735988 0.4375027 -0.8990422
 outer loop
  vertex -0.0031422542 0.39714146 -0.9177516
  vertex 0.034115795 0.47848487 -0.8774323
  vertex 0.04282323 0.47474483 -0.87908053
 endloop
endfacet
facet normal 0.024010152 -0.35582227 0.9342452
 outer loop
  vertex 0.040370088 -0.31197524 0.9492331
  vertex 0.0031421967 -0.39714342 0.9177522
  vertex 0.04907753 -0.3157153 0.94758487
 endloop
endfacet
facet normal 0.028268604 -0.3578913 0.9333353
 outer loop
  vertex 0.04907753 -0.3157153 0.94758487
  vertex 0.0031421967 -0.39714342 0.9177522
  vertex 0.057342444 -0.32022113 0.94560677
 endloop
endfacet
facet normal 0.021991309 0.4354353 -0.8999514
 outer loop
  vertex -0.0031422542 0.39714146 -0.9177516
  vertex 0.04282323 0.47474483 -0.87908053
  vertex 0.05108814 0.47023898 -0.8810587
 endloop
endfacet
facet normal 0.032286424 -0.3603344 0.93226427
 outer loop
  vertex 0.057342444 -0.32022113 0.94560677
  vertex 0.0031421967 -0.39714342 0.9177522
  vertex 0.06508523 -0.32544935 0.94331783
 endloop
endfacet
facet normal 0.026009025 0.43299222 -0.9010224
 outer loop
  vertex -0.0031422542 0.39714146 -0.9177516
  vertex 0.05108814 0.47023898 -0.8810587
  vertex 0.058830924 0.4650108 -0.88334763
 endloop
endfacet
facet normal 0.036022995 -0.36312714 0.93104297
 outer loop
  vertex 0.06508523 -0.32544935 0.94331783
  vertex 0.0031421967 -0.39714342 0.9177522
  vertex 0.07223132 -0.3313496 0.9407401
 endloop
endfacet
facet normal 0.029748194 0.43019742 -0.9022445
 outer loop
  vertex -0.0031422542 0.39714146 -0.9177516
  vertex 0.058830924 0.4650108 -0.88334763
  vertex 0.06597702 0.45911056 -0.8859253
 endloop
endfacet
facet normal 0.039441742 -0.3662423 0.92968327
 outer loop
  vertex 0.07223132 -0.3313496 0.9407401
  vertex 0.0031421967 -0.39714342 0.9177522
  vertex 0.07871191 -0.33786505 0.93789846
 endloop
endfacet
facet normal 0.033165094 0.42708418 -0.90360343
 outer loop
  vertex -0.0031422542 0.39714146 -0.9177516
  vertex 0.06597702 0.45911056 -0.8859253
  vertex 0.07245761 0.45259508 -0.88876694
 endloop
endfacet
facet normal 0.04251043 -0.3696495 0.9281983
 outer loop
  vertex 0.07871191 -0.33786505 0.93789846
  vertex 0.0031421967 -0.39714342 0.9177522
  vertex 0.08446458 -0.34493297 0.93482023
 endloop
endfacet
facet normal 0.0362344 0.4236761 -0.9050887
 outer loop
  vertex -0.0031422542 0.39714146 -0.9177516
  vertex 0.07245761 0.45259508 -0.88876694
  vertex 0.07821027 0.44552717 -0.89184517
 endloop
endfacet
facet normal 0.038924105 0.42000854 -0.906685
 outer loop
  vertex -0.0031422542 0.39714146 -0.9177516
  vertex 0.07821027 0.44552717 -0.89184517
  vertex 0.083179615 0.43797484 -0.89513034
 endloop
endfacet
facet normal 0.04520113 -0.3733184 0.92660147
 outer loop
  vertex 0.08446458 -0.34493297 0.93482023
  vertex 0.0031421967 -0.39714342 0.9177522
  vertex 0.08943392 -0.3524853 0.93153507
 endloop
endfacet
facet normal 0.04120904 0.41611576 -0.9083774
 outer loop
  vertex -0.0031422542 0.39714146 -0.9177516
  vertex 0.083179615 0.43797484 -0.89513034
  vertex 0.08731777 0.43001086 -0.8985908
 endloop
endfacet
facet normal 0.047485888 -0.37721092 0.92490923
 outer loop
  vertex 0.08943392 -0.3524853 0.93153507
  vertex 0.0031421967 -0.39714342 0.9177522
  vertex 0.09357208 -0.3604493 0.9280746
 endloop
endfacet
facet normal 0.04934496 -0.38129368 0.92313606
 outer loop
  vertex 0.09357208 -0.3604493 0.9280746
  vertex 0.0031421967 -0.39714342 0.9177522
  vertex 0.09683921 -0.36874825 0.92447215
 endloop
endfacet
facet normal 0.043066904 0.41203564 -0.9101494
 outer loop
  vertex -0.0031422542 0.39714146 -0.9177516
  vertex 0.08731777 0.43001086 -0.8985908
  vertex 0.090584904 0.4217119 -0.90219325
 endloop
endfacet
facet normal 0.050756253 -0.38551694 0.92130363
 outer loop
  vertex 0.09683921 -0.36874825 0.92447215
  vertex 0.0031421967 -0.39714342 0.9177522
  vertex 0.09920384 -0.37730226 0.9207625
 endloop
endfacet
facet normal 0.04448132 0.40780303 -0.9119858
 outer loop
  vertex -0.0031422542 0.39714146 -0.9177516
  vertex 0.090584904 0.4217119 -0.90219325
  vertex 0.09294953 0.41315788 -0.9059029
 endloop
endfacet
facet normal 0.051711526 -0.38985655 0.9194225
 outer loop
  vertex 0.09920384 -0.37730226 0.9207625
  vertex 0.0031421967 -0.39714342 0.9177522
  vertex 0.100643195 -0.38602892 0.9169812
 endloop
endfacet
facet normal 0.04543494 0.40347096 -0.9138637
 outer loop
  vertex -0.0031422542 0.39714146 -0.9177516
  vertex 0.09294953 0.41315788 -0.9059029
  vertex 0.09438889 0.40443122 -0.9096842
 endloop
endfacet
facet normal 0.052197862 -0.394255 0.9175175
 outer loop
  vertex 0.100643195 -0.38602892 0.9169812
  vertex 0.0031421967 -0.39714342 0.9177522
  vertex 0.10114343 -0.3948442 0.91316485
 endloop
endfacet
facet normal 0.045921892 0.39906687 -0.9157712
 outer loop
  vertex -0.0031422542 0.39714146 -0.9177516
  vertex 0.09438889 0.40443122 -0.9096842
  vertex 0.09488912 0.39561594 -0.91350055
 endloop
endfacet
facet normal 0.052212063 -0.3986857 0.9156001
 outer loop
  vertex 0.10114343 -0.3948442 0.91316485
  vertex 0.0031421967 -0.39714342 0.9177522
  vertex 0.1006997 -0.40366322 0.90935004
 endloop
endfacet
facet normal 0.045936044 0.3946496 -0.9176827
 outer loop
  vertex -0.0031422542 0.39714146 -0.9177516
  vertex 0.09488912 0.39561594 -0.91350055
  vertex 0.09444539 0.38679695 -0.91731536
 endloop
endfacet
facet normal 0.045476727 0.390236 -0.91959107
 outer loop
  vertex -0.0031422542 0.39714146 -0.9177516
  vertex 0.09444539 0.38679695 -0.91731536
  vertex 0.09306199 0.37805915 -0.92109174
 endloop
endfacet
facet normal 0.0517544 -0.40308326 0.91369873
 outer loop
  vertex 0.1006997 -0.40366322 0.90935004
  vertex 0.0031421967 -0.39714342 0.9177522
  vertex 0.0993163 -0.41240102 0.90557367
 endloop
endfacet
facet normal 0.044550765 0.3858959 -0.921466
 outer loop
  vertex -0.0031422542 0.39714146 -0.9177516
  vertex 0.09306199 0.37805915 -0.92109174
  vertex 0.09075223 0.3694867 -0.9247934
 endloop
endfacet
facet normal 0.050827097 -0.40742975 0.911821
 outer loop
  vertex 0.0993163 -0.41240102 0.90557367
  vertex 0.0031421967 -0.39714342 0.9177522
  vertex 0.09700654 -0.42097348 0.901872
 endloop
endfacet
facet normal 0.049441416 -0.41166863 0.9099915
 outer loop
  vertex 0.09700654 -0.42097348 0.901872
  vertex 0.0031421967 -0.39714342 0.9177522
  vertex 0.09379268 -0.429298 0.8982807
 endloop
endfacet
facet normal 0.043164693 0.38165584 -0.9232961
 outer loop
  vertex -0.0031422542 0.39714146 -0.9177516
  vertex 0.09075223 0.3694867 -0.9247934
  vertex 0.08753837 0.36116216 -0.9283847
 endloop
endfacet
facet normal 0.04760922 -0.41576433 0.9082254
 outer loop
  vertex 0.09379268 -0.429298 0.8982807
  vertex 0.0031421967 -0.39714342 0.9177522
  vertex 0.089705646 -0.43729445 0.89483434
 endloop
endfacet
facet normal 0.041333143 0.37756142 -0.9250616
 outer loop
  vertex -0.0031422542 0.39714146 -0.9177516
  vertex 0.08753837 0.36116216 -0.9283847
  vertex 0.08345134 0.35316572 -0.93183106
 endloop
endfacet
facet normal 0.045349855 -0.4196741 0.9065412
 outer loop
  vertex 0.089705646 -0.43729445 0.89483434
  vertex 0.0031421967 -0.39714342 0.9177522
  vertex 0.084784836 -0.44488582 0.89156616
 endloop
endfacet
facet normal 0.039072424 0.37364936 -0.9267467
 outer loop
  vertex -0.0031422542 0.39714146 -0.9177516
  vertex 0.08345134 0.35316572 -0.93183106
  vertex 0.07853053 0.34557435 -0.93509924
 endloop
endfacet
facet normal 0.042680237 -0.42336783 0.90495193
 outer loop
  vertex 0.084784836 -0.44488582 0.89156616
  vertex 0.0031421967 -0.39714342 0.9177522
  vertex 0.0790776 -0.45199898 0.88850754
 endloop
endfacet
facet normal 0.036406353 0.36996073 -0.9283338
 outer loop
  vertex -0.0031422542 0.39714146 -0.9177516
  vertex 0.07853053 0.34557435 -0.93509924
  vertex 0.07282329 0.33846122 -0.9381578
 endloop
endfacet
facet normal 0.03335839 0.36652786 -0.92980886
 outer loop
  vertex -0.0031422542 0.39714146 -0.9177516
  vertex 0.07282329 0.33846122 -0.9381578
  vertex 0.06638462 0.33189476 -0.9409773
 endloop
endfacet
facet normal 0.039635316 -0.42679736 0.9034783
 outer loop
  vertex 0.0790776 -0.45199898 0.88850754
  vertex 0.0031421967 -0.39714342 0.9177522
  vertex 0.07263892 -0.4585654 0.88568807
 endloop
endfacet
facet normal 0.029962761 0.36338887 -0.9311556
 outer loop
  vertex -0.0031422542 0.39714146 -0.9177516
  vertex 0.06638462 0.33189476 -0.9409773
  vertex 0.059276506 0.32593825 -0.94353056
 endloop
endfacet
facet normal 0.03623796 -0.429938 0.9021309
 outer loop
  vertex 0.07263892 -0.4585654 0.88568807
  vertex 0.0031421967 -0.39714342 0.9177522
  vertex 0.065530814 -0.4645219 0.88313484
 endloop
endfacet
facet normal 0.032519113 -0.43276018 0.90092236
 outer loop
  vertex 0.065530814 -0.4645219 0.88313484
  vertex 0.0031421967 -0.39714342 0.9177522
  vertex 0.057821725 -0.4698111 0.8808724
 endloop
endfacet
facet normal 0.026242362 0.36056525 -0.93236476
 outer loop
  vertex -0.0031422542 0.39714146 -0.9177516
  vertex 0.059276506 0.32593825 -0.94353056
  vertex 0.051567417 0.3206491 -0.945793
 endloop
endfacet
facet normal 0.028519982 -0.43523318 0.8998659
 outer loop
  vertex 0.057821725 -0.4698111 0.8808724
  vertex 0.0031421967 -0.39714342 0.9177522
  vertex 0.04958589 -0.47438207 0.87892264
 endloop
endfacet
facet normal 0.022239389 0.35808986 -0.9334222
 outer loop
  vertex -0.0031422542 0.39714146 -0.9177516
  vertex 0.051567417 0.3206491 -0.945793
  vertex 0.043331586 0.31607813 -0.94774276
 endloop
endfacet
facet normal 0.017999012 0.3559897 -0.9343165
 outer loop
  vertex -0.0031422542 0.39714146 -0.9177516
  vertex 0.043331586 0.31607813 -0.94774276
  vertex 0.034648336 0.31226945 -0.9493612
 endloop
endfacet
facet normal 0.024270235 -0.43733788 0.8989697
 outer loop
  vertex 0.04958589 -0.47438207 0.87892264
  vertex 0.0031421967 -0.39714342 0.9177522
  vertex 0.04090264 -0.47819075 0.8773042
 endloop
endfacet
facet normal 0.01354651 0.35427746 -0.93504226
 outer loop
  vertex -0.0031422542 0.39714146 -0.9177516
  vertex 0.034648336 0.31226945 -0.9493612
  vertex 0.025601288 0.3092597 -0.95063263
 endloop
endfacet
facet normal 0.019824415 -0.4390477 0.89824504
 outer loop
  vertex 0.04090264 -0.47819075 0.8773042
  vertex 0.0031421967 -0.39714342 0.9177522
  vertex 0.031855587 -0.48120046 0.87603277
 endloop
endfacet
facet normal 0.00893597 0.3529745 -0.93559027
 outer loop
  vertex -0.0031422542 0.39714146 -0.9177516
  vertex 0.025601288 0.3092597 -0.95063263
  vertex 0.01627757 0.3070779 -0.9515448
 endloop
endfacet
facet normal 0.015218784 -0.44034928 0.89769757
 outer loop
  vertex 0.031855587 -0.48120046 0.87603277
  vertex 0.0031421967 -0.39714342 0.9177522
  vertex 0.022531865 -0.48338228 0.8751206
 endloop
endfacet
facet normal 0.010485497 -0.44123253 0.89733154
 outer loop
  vertex 0.022531865 -0.48338228 0.8751206
  vertex 0.0031421967 -0.39714342 0.9177522
  vertex 0.013021267 -0.48471513 0.87457633
 endloop
endfacet
facet normal 0.0042169318 0.35209388 -0.9359552
 outer loop
  vertex -0.0031422542 0.39714146 -0.9177516
  vertex 0.01627757 0.3070779 -0.9515448
  vertex 0.0067669745 0.30574507 -0.9520891
 endloop
endfacet
facet normal 0.005695161 -0.4416846 0.8971523
 outer loop
  vertex 0.013021267 -0.48471513 0.87457633
  vertex 0.0031421967 -0.39714342 0.9177522
  vertex 0.0034153815 -0.48518622 0.8744054
 endloop
endfacet
facet normal -0.00058548973 0.35164073 -0.9361349
 outer loop
  vertex -0.0031422542 0.39714146 -0.9177516
  vertex 0.0067669745 0.30574507 -0.9520891
  vertex -0.0028389085 0.30527398 -0.95226
 endloop
endfacet
facet normal 0.00087568467 -0.44170362 0.89716065
 outer loop
  vertex 0.0034153815 -0.48518622 0.8744054
  vertex 0.0031421967 -0.39714342 0.9177522
  vertex -0.0061932798 -0.48479098 0.87460935
 endloop
endfacet
facet normal -0.0054081054 0.35162166 -0.93612653
 outer loop
  vertex -0.0031422542 0.39714146 -0.9177516
  vertex -0.0028389085 0.30527398 -0.95226
  vertex -0.012447567 0.30566922 -0.95205605
 endloop
endfacet
facet normal -0.003928976 -0.4412884 0.89735675
 outer loop
  vertex -0.0061932798 -0.48479098 0.87460935
  vertex 0.0031421967 -0.39714342 0.9177522
  vertex -0.015712177 -0.4835332 0.8751862
 endloop
endfacet
facet normal -0.010203157 0.35203606 -0.9359308
 outer loop
  vertex -0.0031422542 0.39714146 -0.9177516
  vertex -0.012447567 0.30566922 -0.95205605
  vertex -0.021966461 0.30692697 -0.9514792
 endloop
endfacet
facet normal -0.014936613 0.352881 -0.935549
 outer loop
  vertex -0.0031422542 0.39714146 -0.9177516
  vertex -0.021966461 0.30692697 -0.9514792
  vertex -0.031303924 0.30903512 -0.95053494
 endloop
endfacet
facet normal -0.008662272 -0.44044352 0.8977385
 outer loop
  vertex -0.015712177 -0.4835332 0.8751862
  vertex 0.0031421967 -0.39714342 0.9177522
  vertex -0.025049644 -0.48142505 0.8761304
 endloop
endfacet
facet normal -0.019548176 0.3541455 -0.934986
 outer loop
  vertex -0.0031422542 0.39714146 -0.9177516
  vertex -0.031303924 0.30903512 -0.95053494
  vertex -0.04037003 0.3119734 -0.94923246
 endloop
endfacet
facet normal -0.013273568 -0.43917903 0.8983015
 outer loop
  vertex -0.025049644 -0.48142505 0.8761304
  vertex 0.0031421967 -0.39714342 0.9177522
  vertex -0.03411575 -0.4784868 0.87743294
 endloop
endfacet
facet normal -0.01773596 -0.43750235 0.8990423
 outer loop
  vertex -0.03411575 -0.4784868 0.87743294
  vertex 0.0031421967 -0.39714342 0.9177522
  vertex -0.04282319 -0.47474676 0.8790812
 endloop
endfacet
facet normal -0.02401218 0.35582286 -0.9342449
 outer loop
  vertex -0.0031422542 0.39714146 -0.9177516
  vertex -0.04037003 0.3119734 -0.94923246
  vertex -0.049077466 0.3157134 -0.9475842
 endloop
endfacet
facet normal -0.021989917 -0.43543547 0.89995134
 outer loop
  vertex -0.04282319 -0.47474676 0.8790812
  vertex 0.0031421967 -0.39714342 0.9177522
  vertex -0.051088102 -0.47024095 0.88105935
 endloop
endfacet
facet normal -0.02827308 0.357893 -0.93333447
 outer loop
  vertex -0.0031422542 0.39714146 -0.9177516
  vertex -0.049077466 0.3157134 -0.9475842
  vertex -0.057342377 0.32021925 -0.94560605
 endloop
endfacet
facet normal -0.02600976 -0.43299088 0.901023
 outer loop
  vertex -0.051088102 -0.47024095 0.88105935
  vertex 0.0031421967 -0.39714342 0.9177522
  vertex -0.05883089 -0.46501273 0.8833483
 endloop
endfacet
facet normal -0.032287877 0.36033428 -0.93226427
 outer loop
  vertex -0.0031422542 0.39714146 -0.9177516
  vertex -0.057342377 0.32021925 -0.94560605
  vertex -0.06508516 0.32544744 -0.9433171
 endloop
endfacet
facet normal -0.02974794 -0.43019718 0.9022446
 outer loop
  vertex -0.05883089 -0.46501273 0.8833483
  vertex 0.0031421967 -0.39714342 0.9177522
  vertex -0.065976985 -0.4591125 0.88592595
 endloop
endfacet
facet normal -0.03601919 0.3631232 -0.93104464
 outer loop
  vertex -0.0031422542 0.39714146 -0.9177516
  vertex -0.06508516 0.32544744 -0.9433171
  vertex -0.07223125 0.3313477 -0.94073945
 endloop
endfacet
facet normal -0.03316489 -0.42708394 0.90360355
 outer loop
  vertex -0.065976985 -0.4591125 0.88592595
  vertex 0.0031421967 -0.39714342 0.9177522
  vertex -0.072457574 -0.45259702 0.8887676
 endloop
endfacet
facet normal -0.03944126 0.36624116 -0.9296837
 outer loop
  vertex -0.0031422542 0.39714146 -0.9177516
  vertex -0.07223125 0.3313477 -0.94073945
  vertex -0.07871184 0.33786318 -0.9378978
 endloop
endfacet
facet normal -0.042510677 0.36964932 -0.9281984
 outer loop
  vertex -0.0031422542 0.39714146 -0.9177516
  vertex -0.07871184 0.33786318 -0.9378978
  vertex -0.0844645 0.3449311 -0.9348196
 endloop
endfacet
facet normal -0.036234047 -0.423676 0.9050888
 outer loop
  vertex -0.072457574 -0.45259702 0.8887676
  vertex 0.0031421967 -0.39714342 0.9177522
  vertex -0.07821024 -0.4455291 0.8918458
 endloop
endfacet
facet normal -0.045201406 0.3733183 -0.92660147
 outer loop
  vertex -0.0031422542 0.39714146 -0.9177516
  vertex -0.0844645 0.3449311 -0.9348196
  vertex -0.08943384 0.35248342 -0.9315344
 endloop
endfacet
facet normal -0.038923778 -0.42000827 0.9066852
 outer loop
  vertex -0.07821024 -0.4455291 0.8918458
  vertex 0.0031421967 -0.39714342 0.9177522
  vertex -0.083179586 -0.43797678 0.895131
 endloop
endfacet
facet normal -0.041208707 -0.41611567 0.90837747
 outer loop
  vertex -0.083179586 -0.43797678 0.895131
  vertex 0.0031421967 -0.39714342 0.9177522
  vertex -0.08731774 -0.4300128 0.89859146
 endloop
endfacet
facet normal -0.047486704 0.37721175 -0.9249088
 outer loop
  vertex -0.0031422542 0.39714146 -0.9177516
  vertex -0.08943384 0.35248342 -0.9315344
  vertex -0.093572 0.3604474 -0.92807394
 endloop
endfacet
facet normal -0.043066524 -0.41203544 0.9101495
 outer loop
  vertex -0.08731774 -0.4300128 0.89859146
  vertex 0.0031421967 -0.39714342 0.9177522
  vertex -0.090584874 -0.42171383 0.9021939
 endloop
endfacet
facet normal -0.049345326 0.3812935 -0.9231361
 outer loop
  vertex -0.0031422542 0.39714146 -0.9177516
  vertex -0.093572 0.3604474 -0.92807394
  vertex -0.09683913 0.36874634 -0.9244715
 endloop
endfacet
facet normal -0.04448057 -0.40780398 0.91198534
 outer loop
  vertex -0.090584874 -0.42171383 0.9021939
  vertex 0.0031421967 -0.39714342 0.9177522
  vertex -0.0929495 -0.41315985 0.9059036
 endloop
endfacet
facet normal -0.050756644 0.38551685 -0.9213037
 outer loop
  vertex -0.0031422542 0.39714146 -0.9177516
  vertex -0.09683913 0.36874634 -0.9244715
  vertex -0.09920376 0.37730035 -0.9207618
 endloop
endfacet
facet normal -0.04543469 -0.40346974 0.91386425
 outer loop
  vertex -0.0929495 -0.41315985 0.9059036
  vertex 0.0031421967 -0.39714342 0.9177522
  vertex -0.09438886 -0.40443316 0.90968484
 endloop
endfacet
facet normal -0.051711913 0.38985646 -0.91942257
 outer loop
  vertex -0.0031422542 0.39714146 -0.9177516
  vertex -0.09920376 0.37730035 -0.9207618
  vertex -0.10064311 0.386027 -0.91698056
 endloop
endfacet
facet normal -0.04592137 -0.39906797 0.9157707
 outer loop
  vertex -0.09438886 -0.40443316 0.90968484
  vertex 0.0031421967 -0.39714342 0.9177522
  vertex -0.09488909 -0.3956179 0.9135012
 endloop
endfacet
facet normal -0.052198257 0.39425498 -0.9175175
 outer loop
  vertex -0.0031422542 0.39714146 -0.9177516
  vertex -0.10064311 0.386027 -0.91698056
  vertex -0.101143345 0.3948423 -0.9131642
 endloop
endfacet
facet normal -0.052212447 0.3986868 -0.91559964
 outer loop
  vertex -0.0031422542 0.39714146 -0.9177516
  vertex -0.101143345 0.3948423 -0.9131642
  vertex -0.10069962 0.40366128 -0.9093494
 endloop
endfacet
facet normal -0.04593553 -0.39464846 0.91768324
 outer loop
  vertex -0.09488909 -0.3956179 0.9135012
  vertex 0.0031421967 -0.39714342 0.9177522
  vertex -0.09444536 -0.3867989 0.917316
 endloop
endfacet
facet normal -0.051754896 0.4030834 -0.9136986
 outer loop
  vertex -0.0031422542 0.39714146 -0.9177516
  vertex -0.10069962 0.40366128 -0.9093494
  vertex -0.09931622 0.41239908 -0.905573
 endloop
endfacet
facet normal -0.04547633 -0.39023605 0.919591
 outer loop
  vertex -0.09444536 -0.3867989 0.917316
  vertex 0.0031421967 -0.39714342 0.9177522
  vertex -0.09306196 -0.3780611 0.9210924
 endloop
endfacet
facet normal -0.04455036 -0.38589594 0.92146605
 outer loop
  vertex -0.09306196 -0.3780611 0.9210924
  vertex 0.0031421967 -0.39714342 0.9177522
  vertex -0.0907522 -0.36948863 0.9247941
 endloop
endfacet
facet normal -0.05082759 0.4074298 -0.91182095
 outer loop
  vertex -0.0031422542 0.39714146 -0.9177516
  vertex -0.09931622 0.41239908 -0.905573
  vertex -0.097006455 0.42097154 -0.9018713
 endloop
endfacet
facet normal -0.043164317 -0.38165605 0.92329603
 outer loop
  vertex -0.0907522 -0.36948863 0.9247941
  vertex 0.0031421967 -0.39714342 0.9177522
  vertex -0.08753834 -0.3611641 0.9283854
 endloop
endfacet
facet normal -0.04944188 0.41166875 -0.9099914
 outer loop
  vertex -0.0031422542 0.39714146 -0.9177516
  vertex -0.097006455 0.42097154 -0.9018713
  vertex -0.093792595 0.42929608 -0.89828
 endloop
endfacet
facet normal -0.04133274 -0.37756154 0.9250615
 outer loop
  vertex -0.08753834 -0.3611641 0.9283854
  vertex 0.0031421967 -0.39714342 0.9177522
  vertex -0.08345131 -0.35316765 0.9318317
 endloop
endfacet
facet normal -0.047609717 0.4157645 -0.9082253
 outer loop
  vertex -0.0031422542 0.39714146 -0.9177516
  vertex -0.093792595 0.42929608 -0.89828
  vertex -0.089705564 0.43729252 -0.8948337
 endloop
endfacet
facet normal -0.03907202 -0.37364966 0.9267466
 outer loop
  vertex -0.08345131 -0.35316765 0.9318317
  vertex 0.0031421967 -0.39714342 0.9177522
  vertex -0.0785305 -0.3455763 0.9350999
 endloop
endfacet
facet normal -0.045350313 0.41967434 -0.9065411
 outer loop
  vertex -0.0031422542 0.39714146 -0.9177516
  vertex -0.089705564 0.43729252 -0.8948337
  vertex -0.08478475 0.44488388 -0.8915655
 endloop
endfacet
facet normal -0.036405377 -0.36996007 0.9283341
 outer loop
  vertex -0.0785305 -0.3455763 0.9350999
  vertex 0.0031421967 -0.39714342 0.9177522
  vertex -0.07282326 -0.33846313 0.93815845
 endloop
endfacet
facet normal -0.042683624 0.4233638 -0.90495366
 outer loop
  vertex -0.0031422542 0.39714146 -0.9177516
  vertex -0.08478475 0.44488388 -0.8915655
  vertex -0.07907752 0.45199704 -0.88850695
 endloop
endfacet
facet normal -0.033358913 -0.36652884 0.92980844
 outer loop
  vertex -0.07282326 -0.33846313 0.93815845
  vertex 0.0031421967 -0.39714342 0.9177522
  vertex -0.06638459 -0.3318967 0.94097793
 endloop
endfacet
facet normal -0.039635208 0.42679715 -0.9034784
 outer loop
  vertex -0.0031422542 0.39714146 -0.9177516
  vertex -0.07907752 0.45199704 -0.88850695
  vertex -0.07263885 0.45856348 -0.8856875
 endloop
endfacet
facet normal -0.03623385 0.42994148 -0.9021294
 outer loop
  vertex -0.0031422542 0.39714146 -0.9177516
  vertex -0.07263885 0.45856348 -0.8856875
  vertex -0.06553074 0.46451998 -0.8831342
 endloop
endfacet
facet normal -0.029962407 -0.36338922 0.9311555
 outer loop
  vertex -0.06638459 -0.3318967 0.94097793
  vertex 0.0031421967 -0.39714342 0.9177522
  vertex -0.059276477 -0.3259402 0.9435312
 endloop
endfacet
facet normal -0.032519605 0.43276045 -0.9009223
 outer loop
  vertex -0.0031422542 0.39714146 -0.9177516
  vertex -0.06553074 0.46451998 -0.8831342
  vertex -0.057821654 0.46980917 -0.8808718
 endloop
endfacet
facet normal -0.026241168 -0.36056486 0.93236494
 outer loop
  vertex -0.059276477 -0.3259402 0.9435312
  vertex 0.0031421967 -0.39714342 0.9177522
  vertex -0.05156739 -0.320651 0.9457936
 endloop
endfacet
facet normal -0.022240102 -0.35809073 0.9334219
 outer loop
  vertex -0.05156739 -0.320651 0.9457936
  vertex 0.0031421967 -0.39714342 0.9177522
  vertex -0.04333156 -0.31608006 0.9477434
 endloop
endfacet
facet normal -0.028519236 0.43523422 -0.89986545
 outer loop
  vertex -0.0031422542 0.39714146 -0.9177516
  vertex -0.057821654 0.46980917 -0.8808718
  vertex -0.049585823 0.4743801 -0.878922
 endloop
endfacet
facet normal -0.017993782 -0.35598752 0.9343174
 outer loop
  vertex -0.04333156 -0.31608006 0.9477434
  vertex 0.0031421967 -0.39714342 0.9177522
  vertex -0.03464831 -0.3122714 0.9493618
 endloop
endfacet
facet normal -0.024275579 0.43733597 -0.8989705
 outer loop
  vertex -0.0031422542 0.39714146 -0.9177516
  vertex -0.049585823 0.4743801 -0.878922
  vertex -0.040902574 0.47818878 -0.8773036
 endloop
endfacet
facet normal -0.013551869 -0.35427937 0.9350414
 outer loop
  vertex -0.03464831 -0.3122714 0.9493618
  vertex 0.0031421967 -0.39714342 0.9177522
  vertex -0.025601262 -0.30926165 0.9506333
 endloop
endfacet
facet normal -0.01982051 0.43904927 -0.8982443
 outer loop
  vertex -0.0031422542 0.39714146 -0.9177516
  vertex -0.040902574 0.47818878 -0.8773036
  vertex -0.031855524 0.48119852 -0.8760321
 endloop
endfacet
facet normal -0.008935886 -0.35297492 0.93559015
 outer loop
  vertex -0.025601262 -0.30926165 0.9506333
  vertex 0.0031421967 -0.39714342 0.9177522
  vertex -0.01627754 -0.30707985 0.9515455
 endloop
endfacet
facet normal -0.015217622 0.44034997 -0.8976972
 outer loop
  vertex -0.0031422542 0.39714146 -0.9177516
  vertex -0.031855524 0.48119852 -0.8760321
  vertex -0.0225318 0.48338032 -0.8751199
 endloop
endfacet
facet normal -0.010491085 0.44123203 -0.8973318
 outer loop
  vertex -0.0031422542 0.39714146 -0.9177516
  vertex -0.0225318 0.48338032 -0.8751199
  vertex -0.013021206 0.48471317 -0.87457573
 endloop
endfacet
facet normal -0.004211241 -0.35209328 0.93595546
 outer loop
  vertex -0.01627754 -0.30707985 0.9515455
  vertex 0.0031421967 -0.39714342 0.9177522
  vertex -0.0067669447 -0.305747 0.95208967
 endloop
endfacet
facet normal -0.005689568 0.4416851 -0.8971521
 outer loop
  vertex -0.0031422542 0.39714146 -0.9177516
  vertex -0.013021206 0.48471317 -0.87457573
  vertex -0.0034153408 0.48518425 -0.8744047
 endloop
endfacet
facet normal 0.0005818139 -0.35164094 0.93613476
 outer loop
  vertex -0.0067669447 -0.305747 0.95208967
  vertex 0.0031421967 -0.39714342 0.9177522
  vertex 0.002838935 -0.30527586 0.9522607
 endloop
endfacet
facet normal 0.014269538 -0.16218756 0.9866567
 outer loop
  vertex 0.0021534024 -0.113634095 0.9935211
  vertex 0.0025082177 -0.2104684 0.97759825
  vertex 0.021633033 -0.21125507 0.97719234
 endloop
endfacet
facet normal 0.014269639 -0.16218755 0.98665684
 outer loop
  vertex 0.0021534024 -0.113634095 0.9935211
  vertex 0.021633033 -0.21125507 0.97719234
  vertex 0.030610126 -0.11480464 0.9929171
 endloop
endfacet
facet normal 0.008175735 0.6082383 -0.7937123
 outer loop
  vertex -0.0036555512 0.5685544 -0.8226369
  vertex -0.0038605258 0.6464492 -0.7629466
  vertex 0.0245962 0.64527863 -0.7635505
 endloop
endfacet
facet normal 0.008173333 0.6082388 -0.79371196
 outer loop
  vertex -0.0036555512 0.5685544 -0.8226369
  vertex 0.0245962 0.64527863 -0.7635505
  vertex 0.0154692475 0.5677678 -0.82304275
 endloop
endfacet
facet normal 0.04592082 0.9351985 0.35113394
 outer loop
  vertex -0.0032343017 0.9522554 0.30528378
  vertex -0.002940465 0.9177479 0.39715153
  vertex 0.09508991 0.91371554 0.39507094
 endloop
endfacet
facet normal 0.04592081 0.9351984 0.35113388
 outer loop
  vertex -0.0032343017 0.9522554 0.30528378
  vertex 0.09508991 0.91371554 0.39507094
  vertex 0.09432402 0.9482425 0.30321318
 endloop
endfacet
facet normal 0.018515967 -0.06467234 0.9977347
 outer loop
  vertex 0.0017778195 -0.015705364 0.9998757
  vertex 0.0021534024 -0.113634095 0.9935211
  vertex 0.030610126 -0.11480464 0.9929171
 endloop
endfacet
facet normal 0.018516984 -0.06467205 0.9977348
 outer loop
  vertex 0.0017778195 -0.015705364 0.9998757
  vertex 0.030610126 -0.11480464 0.9929171
  vertex 0.039292425 -0.017248498 0.99907947
 endloop
endfacet
facet normal 0.0036688896 0.5275202 -0.8495345
 outer loop
  vertex -0.0034153408 0.48518425 -0.8744047
  vertex -0.0036555512 0.5685544 -0.8226369
  vertex 0.0154692475 0.5677678 -0.82304275
 endloop
endfacet
facet normal 0.0036656389 0.52752084 -0.8495342
 outer loop
  vertex -0.0034153408 0.48518425 -0.8744047
  vertex 0.0154692475 0.5677678 -0.82304275
  vertex 0.00619332 0.484789 -0.8746087
 endloop
endfacet
facet normal 0.045171563 0.96514124 0.25780198
 outer loop
  vertex -0.003496937 0.9775922 0.21047586
  vertex -0.0032343017 0.9522554 0.30528378
  vertex 0.09432402 0.9482425 0.30321318
 endloop
endfacet
facet normal 0.04517153 0.96514124 0.257802
 outer loop
  vertex -0.003496937 0.9775922 0.21047586
  vertex 0.09432402 0.9482425 0.30321318
  vertex 0.09264976 0.9736373 0.20843527
 endloop
endfacet
facet normal 0.022584036 0.033452418 0.9991851
 outer loop
  vertex 0.0013851295 0.0823742 0.9966009
  vertex 0.0017778195 -0.015705364 0.9998757
  vertex 0.039292425 -0.017248498 0.99907947
 endloop
endfacet
facet normal 0.022580016 0.03345089 0.99918526
 outer loop
  vertex 0.0013851295 0.0823742 0.9966009
  vertex 0.039292425 -0.017248498 0.99907947
  vertex 0.047596317 0.080473706 0.99562025
 endloop
endfacet
facet normal 0.043988273 0.9858117 0.16198865
 outer loop
  vertex -0.0037258586 0.9935143 0.11364099
  vertex -0.003496937 0.9775922 0.21047586
  vertex 0.09264976 0.9736373 0.20843527
 endloop
endfacet
facet normal 0.043987837 0.98581165 0.1619891
 outer loop
  vertex -0.0037258586 0.9935143 0.11364099
  vertex 0.09264976 0.9736373 0.20843527
  vertex 0.09008321 0.9896556 0.11164998
 endloop
endfacet
facet normal 0.026427658 0.1312316 0.9909994
 outer loop
  vertex 0.0009788868 0.17966141 0.98372865
  vertex 0.0013851295 0.0823742 0.9966009
  vertex 0.047596317 0.080473706 0.99562025
 endloop
endfacet
facet normal 0.026433658 0.13123435 0.99099886
 outer loop
  vertex 0.0009788868 0.17966141 0.98372865
  vertex 0.047596317 0.080473706 0.99562025
  vertex 0.055441838 0.17742093 0.9825726
 endloop
endfacet
facet normal 0.042381622 0.9970105 0.06460576
 outer loop
  vertex -0.0039191283 0.9998683 0.01571181
  vertex -0.0037258586 0.9935143 0.11364099
  vertex 0.09008321 0.9896556 0.11164998
 endloop
endfacet
facet normal 0.042381916 0.99701047 0.06460546
 outer loop
  vertex -0.0039191283 0.9998683 0.01571181
  vertex 0.09008321 0.9896556 0.11164998
  vertex 0.08664913 0.99614286 0.013789619
 endloop
endfacet
facet normal 0.030026892 0.22773392 0.97326034
 outer loop
  vertex 0.00056360103 0.27521753 0.9613822
  vertex 0.0009788868 0.17966141 0.98372865
  vertex 0.055441838 0.17742093 0.9825726
 endloop
endfacet
facet normal 0.030024718 0.22773273 0.97326064
 outer loop
  vertex 0.00056360103 0.27521753 0.9613822
  vertex 0.055441838 0.17742093 0.9825726
  vertex 0.06275342 0.27265936 0.96006227
 endloop
endfacet
facet normal 0.04036797 0.9986259 -0.033417147
 outer loop
  vertex -0.0040743602 0.99659246 -0.08236889
  vertex -0.0039191283 0.9998683 0.01571181
  vertex 0.08664913 0.99614286 0.013789619
 endloop
endfacet
facet normal 0.04036309 0.9986263 -0.03341254
 outer loop
  vertex -0.0040743602 0.99659246 -0.08236889
  vertex 0.08664913 0.99614286 0.013789619
  vertex 0.082380556 0.9930367 -0.08420361
 endloop
endfacet
facet normal 0.033327486 0.32201394 0.94614816
 outer loop
  vertex 0.00014270122 0.3681234 0.92977726
  vertex 0.00056360103 0.27521753 0.9613822
  vertex 0.06275342 0.27265936 0.96006227
 endloop
endfacet
facet normal 0.0333272 0.32201377 0.94614816
 outer loop
  vertex 0.00014270122 0.3681234 0.92977726
  vertex 0.06275342 0.27265936 0.96006227
  vertex 0.069460645 0.36527205 0.92830604
 endloop
endfacet
facet normal 0.037961062 0.9906393 -0.13112101
 outer loop
  vertex -0.0041908263 0.98372 -0.179656
  vertex -0.0040743602 0.99659246 -0.08236889
  vertex 0.082380556 0.9930367 -0.08420361
 endloop
endfacet
facet normal 0.037967358 0.9906384 -0.13112663
 outer loop
  vertex -0.0041908263 0.98372 -0.179656
  vertex 0.082380556 0.9930367 -0.08420361
  vertex 0.07731863 0.98036706 -0.18138602
 endloop
endfacet
facet normal 0.036308244 0.41317248 0.9099286
 outer loop
  vertex -0.0002795723 0.457484 0.88921803
  vertex 0.00014270122 0.3681234 0.92977726
  vertex 0.069460645 0.36527205 0.92830604
 endloop
endfacet
facet normal 0.036307346 0.41317198 0.9099289
 outer loop
  vertex -0.0002795723 0.457484 0.88921803
  vertex 0.069460645 0.36527205 0.92830604
  vertex 0.07549892 0.45436698 0.8876097
 endloop
endfacet
facet normal 0.035198893 0.97311723 -0.22760436
 outer loop
  vertex -0.004266446 0.9613726 -0.27521345
  vertex -0.0041908263 0.98372 -0.179656
  vertex 0.07731863 0.98036706 -0.18138602
 endloop
endfacet
facet normal 0.0351923 0.97311884 -0.22759897
 outer loop
  vertex -0.004266446 0.9613726 -0.27521345
  vertex 0.07731863 0.98036706 -0.18138602
  vertex 0.071512066 0.958256 -0.27682158
 endloop
endfacet
facet normal 0.038938046 0.5003309 0.8649582
 outer loop
  vertex -0.00069920486 0.5424389 0.84009516
  vertex -0.0002795723 0.457484 0.88921803
  vertex 0.07549892 0.45436698 0.8876097
 endloop
endfacet
facet normal 0.038939476 0.50033176 0.8649577
 outer loop
  vertex -0.00069920486 0.5424389 0.84009516
  vertex 0.07549892 0.45436698 0.8876097
  vertex 0.08081013 0.539086 0.8383652
 endloop
endfacet
facet normal 0.032085184 0.9462297 -0.32190055
 outer loop
  vertex -0.0043009357 0.92976767 -0.36811993
  vertex -0.004266446 0.9613726 -0.27521345
  vertex 0.071512066 0.958256 -0.27682158
 endloop
endfacet
facet normal 0.032091446 0.9462279 -0.3219052
 outer loop
  vertex -0.0043009357 0.92976767 -0.36811993
  vertex 0.071512066 0.958256 -0.27682158
  vertex 0.065016806 0.92691624 -0.36959115
 endloop
endfacet
facet normal 0.041195046 0.58265716 0.8116734
 outer loop
  vertex -0.0011120011 0.62216955 0.78288174
  vertex -0.00069920486 0.5424389 0.84009516
  vertex 0.08081013 0.539086 0.8383652
 endloop
endfacet
facet normal 0.041193873 0.5826563 0.811674
 outer loop
  vertex -0.0011120011 0.62216955 0.78288174
  vertex 0.08081013 0.539086 0.8383652
  vertex 0.08534306 0.6186134 0.78104675
 endloop
endfacet
facet normal 0.028674038 0.9102202 -0.41313067
 outer loop
  vertex -0.0042944127 0.8892081 -0.4574814
  vertex -0.0043009357 0.92976767 -0.36811993
  vertex 0.065016806 0.92691624 -0.36959115
 endloop
endfacet
facet normal 0.028673584 0.9102204 -0.41313034
 outer loop
  vertex -0.0042944127 0.8892081 -0.4574814
  vertex 0.065016806 0.92691624 -0.36959115
  vertex 0.0578954 0.8866499 -0.45880133
 endloop
endfacet
facet normal 0.043052547 0.65936446 0.75058967
 outer loop
  vertex -0.0015142559 0.695908 0.7181284
  vertex -0.0011120011 0.62216955 0.78288174
  vertex 0.08534306 0.6186134 0.78104675
 endloop
endfacet
facet normal 0.043045975 0.65936035 0.7505938
 outer loop
  vertex -0.0015142559 0.695908 0.7181284
  vertex 0.08534306 0.6186134 0.78104675
  vertex 0.08905411 0.6921832 0.71620643
 endloop
endfacet
facet normal 0.024979193 0.8654356 -0.5003971
 outer loop
  vertex -0.004246515 0.84008515 -0.542437
  vertex -0.0042944127 0.8892081 -0.4574814
  vertex 0.0578954 0.8866499 -0.45880133
 endloop
endfacet
facet normal 0.02498146 0.8654348 -0.5003983
 outer loop
  vertex -0.004246515 0.84008515 -0.542437
  vertex 0.0578954 0.8866499 -0.45880133
  vertex 0.050216425 0.8378446 -0.54359305
 endloop
endfacet
facet normal 0.04449003 0.7297057 0.6823124
 outer loop
  vertex -0.0019016963 0.76294565 0.6464596
  vertex -0.0015142559 0.695908 0.7181284
  vertex 0.08905411 0.6921832 0.71620643
 endloop
endfacet
facet normal 0.044496417 0.7297095 0.68230796
 outer loop
  vertex -0.0019016963 0.76294565 0.6464596
  vertex 0.08905411 0.6921832 0.71620643
  vertex 0.09190752 0.75908697 0.6444686
 endloop
endfacet
facet normal 0.021044962 0.8122964 -0.5828651
 outer loop
  vertex -0.0041573313 0.7828711 -0.6221688
  vertex -0.004246515 0.84008515 -0.542437
  vertex 0.050216425 0.8378446 -0.54359305
 endloop
endfacet
facet normal 0.021038843 0.8122984 -0.5828624
 outer loop
  vertex -0.0041573313 0.7828711 -0.6221688
  vertex 0.050216425 0.8378446 -0.54359305
  vertex 0.042053863 0.7809705 -0.6231495
 endloop
endfacet
facet normal 0.045512978 0.79303545 0.6074729
 outer loop
  vertex -0.002270938 0.82263494 0.5685649
  vertex -0.0019016963 0.76294565 0.6464596
  vertex 0.09190752 0.75908697 0.6444686
 endloop
endfacet
facet normal 0.04551412 0.7930361 0.60747194
 outer loop
  vertex -0.002270938 0.82263494 0.5685649
  vertex 0.09190752 0.75908697 0.6444686
  vertex 0.09387581 0.81868 0.56652427
 endloop
endfacet
facet normal 0.016899627 0.7513184 -0.65972346
 outer loop
  vertex -0.004028336 0.7181182 -0.6959086
  vertex -0.0041573313 0.7828711 -0.6221688
  vertex 0.042053863 0.7809705 -0.6231495
 endloop
endfacet
facet normal 0.01690144 0.75131786 -0.65972406
 outer loop
  vertex -0.004028336 0.7181182 -0.6959086
  vertex 0.042053863 0.7809705 -0.6231495
  vertex 0.033486273 0.7165751 -0.69670486
 endloop
endfacet
facet normal 0.046093218 0.8487323 0.52681005
 outer loop
  vertex -0.0026183096 0.8744019 0.4851946
  vertex -0.002270938 0.82263494 0.5685649
  vertex 0.09387581 0.81868 0.56652427
 endloop
endfacet
facet normal 0.046092745 0.8487321 0.5268105
 outer loop
  vertex -0.0026183096 0.8744019 0.4851946
  vertex 0.09387581 0.81868 0.56652427
  vertex 0.09494002 0.870389 0.483124
 endloop
endfacet
facet normal 0.009882374 -0.25814664 0.96605515
 outer loop
  vertex 0.0025082177 -0.2104684 0.97759825
  vertex 0.002838935 -0.30527586 0.9522607
  vertex 0.0124476 -0.3056711 0.95205677
 endloop
endfacet
facet normal 0.009885229 -0.25814638 0.9660552
 outer loop
  vertex 0.0025082177 -0.2104684 0.97759825
  vertex 0.0124476 -0.3056711 0.95205677
  vertex 0.021633033 -0.21125507 0.97719234
 endloop
endfacet
facet normal 0.012597956 0.68307966 -0.7302352
 outer loop
  vertex -0.0038605258 0.6464492 -0.7629466
  vertex -0.004028336 0.7181182 -0.6959086
  vertex 0.033486273 0.7165751 -0.69670486
 endloop
endfacet
facet normal 0.012601424 0.68307865 -0.7302361
 outer loop
  vertex -0.0038605258 0.6464492 -0.7629466
  vertex 0.033486273 0.7165751 -0.69670486
  vertex 0.0245962 0.64527863 -0.7635505
 endloop
endfacet
facet normal 0.046228845 0.8962716 0.44108966
 outer loop
  vertex -0.002940465 0.9177479 0.39715153
  vertex -0.0026183096 0.8744019 0.4851946
  vertex 0.09494002 0.870389 0.483124
 endloop
endfacet
facet normal 0.04622884 0.8962715 0.44108963
 outer loop
  vertex -0.002940465 0.9177479 0.39715153
  vertex 0.09494002 0.870389 0.483124
  vertex 0.09508991 0.91371554 0.39507094
 endloop
endfacet
facet normal 0.094320655 0.90454715 -0.4158101
 outer loop
  vertex 0.0578954 0.8866499 -0.45880133
  vertex 0.065016806 0.92691624 -0.36959115
  vertex 0.13368721 0.9178427 -0.3737527
 endloop
endfacet
facet normal 0.09432065 0.90454715 -0.41581017
 outer loop
  vertex 0.0578954 0.8866499 -0.45880133
  vertex 0.13368721 0.9178427 -0.3737527
  vertex 0.11950425 0.8785094 -0.46253496
 endloop
endfacet
facet normal 0.13138357 0.65172637 0.74698794
 outer loop
  vertex 0.08905411 0.6921832 0.71620643
  vertex 0.08534306 0.6186134 0.78104675
  vertex 0.1709905 0.6072965 0.7758564
 endloop
endfacet
facet normal 0.1313836 0.6517264 0.746988
 outer loop
  vertex 0.08905411 0.6921832 0.71620643
  vertex 0.1709905 0.6072965 0.7758564
  vertex 0.17877632 0.68032795 0.71076906
 endloop
endfacet
facet normal 0.08321735 0.860402 -0.5027755
 outer loop
  vertex 0.050216425 0.8378446 -0.54359305
  vertex 0.0578954 0.8866499 -0.45880133
  vertex 0.11950425 0.8785094 -0.46253496
 endloop
endfacet
facet normal 0.083217725 0.86040187 -0.5027757
 outer loop
  vertex 0.050216425 0.8378446 -0.54359305
  vertex 0.11950425 0.8785094 -0.46253496
  vertex 0.1041704 0.83071554 -0.5468628
 endloop
endfacet
facet normal 0.13648993 0.7217595 0.6785526
 outer loop
  vertex 0.09190752 0.75908697 0.6444686
  vertex 0.08905411 0.6921832 0.71620643
  vertex 0.17877632 0.68032795 0.71076906
 endloop
endfacet
facet normal 0.13648951 0.7217593 0.67855304
 outer loop
  vertex 0.09190752 0.75908697 0.6444686
  vertex 0.17877632 0.68032795 0.71076906
  vertex 0.18484044 0.74680746 0.63883674
 endloop
endfacet
facet normal 0.07130987 0.8079542 -0.5849146
 outer loop
  vertex 0.042053863 0.7809705 -0.6231495
  vertex 0.050216425 0.8378446 -0.54359305
  vertex 0.1041704 0.83071554 -0.5468628
 endloop
endfacet
facet normal 0.07131097 0.8079536 -0.58491504
 outer loop
  vertex 0.042053863 0.7809705 -0.6231495
  vertex 0.1041704 0.83071554 -0.5468628
  vertex 0.087833375 0.7749215 -0.6259239
 endloop
endfacet
facet normal 0.14028333 0.7848462 0.6036035
 outer loop
  vertex 0.09387581 0.81868 0.56652427
  vertex 0.09190752 0.75908697 0.6444686
  vertex 0.18484044 0.74680746 0.63883674
 endloop
endfacet
facet normal 0.14028285 0.78484595 0.60360384
 outer loop
  vertex 0.09387581 0.81868 0.56652427
  vertex 0.18484044 0.74680746 0.63883674
  vertex 0.18912439 0.8060946 0.56075203
 endloop
endfacet
facet normal 0.058712862 0.74770445 -0.66143084
 outer loop
  vertex 0.033486273 0.7165751 -0.69670486
  vertex 0.042053863 0.7809705 -0.6231495
  vertex 0.087833375 0.7749215 -0.6259239
 endloop
endfacet
facet normal 0.058712054 0.7477049 -0.66143054
 outer loop
  vertex 0.033486273 0.7165751 -0.69670486
  vertex 0.087833375 0.7749215 -0.6259239
  vertex 0.07065043 0.7116645 -0.6989571
 endloop
endfacet
facet normal 0.14272797 0.84038097 0.5228658
 outer loop
  vertex 0.09494002 0.870389 0.483124
  vertex 0.09387581 0.81868 0.56652427
  vertex 0.18912439 0.8060946 0.56075203
 endloop
endfacet
facet normal 0.14272909 0.8403813 0.52286476
 outer loop
  vertex 0.09494002 0.870389 0.483124
  vertex 0.18912439 0.8060946 0.56075203
  vertex 0.191587 0.8576187 0.477267
 endloop
endfacet
facet normal 0.02423434 -0.25938645 0.9654695
 outer loop
  vertex 0.021633033 -0.21125507 0.97719234
  vertex 0.0124476 -0.3056711 0.95205677
  vertex 0.021966504 -0.30692887 0.9514799
 endloop
endfacet
facet normal 0.024235627 -0.25938645 0.9654695
 outer loop
  vertex 0.021633033 -0.21125507 0.97719234
  vertex 0.021966504 -0.30692887 0.9514799
  vertex 0.04057916 -0.21375847 0.9760442
 endloop
endfacet
facet normal 0.045545373 0.6802316 -0.73158085
 outer loop
  vertex 0.0245962 0.64527863 -0.7635505
  vertex 0.033486273 0.7165751 -0.69670486
  vertex 0.07065043 0.7116645 -0.6989571
 endloop
endfacet
facet normal 0.045544825 0.6802318 -0.73158073
 outer loop
  vertex 0.0245962 0.64527863 -0.7635505
  vertex 0.07065043 0.7116645 -0.6989571
  vertex 0.052787095 0.6415537 -0.76525897
 endloop
endfacet
facet normal 0.14380273 0.88783926 0.43710667
 outer loop
  vertex 0.09508991 0.91371554 0.39507094
  vertex 0.09494002 0.870389 0.483124
  vertex 0.191587 0.8576187 0.477267
 endloop
endfacet
facet normal 0.14380239 0.88783914 0.43710694
 outer loop
  vertex 0.09508991 0.91371554 0.39507094
  vertex 0.191587 0.8576187 0.477267
  vertex 0.1922045 0.9008835 0.3891856
 endloop
endfacet
facet normal 0.03803257 -0.16424112 0.9856867
 outer loop
  vertex 0.030610126 -0.11480464 0.9929171
  vertex 0.021633033 -0.21125507 0.97719234
  vertex 0.04057916 -0.21375847 0.9760442
 endloop
endfacet
facet normal 0.038031705 -0.1642412 0.9856867
 outer loop
  vertex 0.030610126 -0.11480464 0.9929171
  vertex 0.04057916 -0.21375847 0.9760442
  vertex 0.058801014 -0.11852957 0.99120873
 endloop
endfacet
facet normal 0.03193677 0.6061852 -0.79468197
 outer loop
  vertex 0.0154692475 0.5677678 -0.82304275
  vertex 0.0245962 0.64527863 -0.7635505
  vertex 0.052787095 0.6415537 -0.76525897
 endloop
endfacet
facet normal 0.031935297 0.60618573 -0.7946817
 outer loop
  vertex 0.0154692475 0.5677678 -0.82304275
  vertex 0.052787095 0.6415537 -0.76525897
  vertex 0.03441537 0.5652644 -0.824191
 endloop
endfacet
facet normal 0.14349444 0.9267662 0.3471509
 outer loop
  vertex 0.09432402 0.9482425 0.30321318
  vertex 0.09508991 0.91371554 0.39507094
  vertex 0.1922045 0.9008835 0.3891856
 endloop
endfacet
facet normal 0.14349476 0.9267663 0.34715056
 outer loop
  vertex 0.09432402 0.9482425 0.30321318
  vertex 0.1922045 0.9008835 0.3891856
  vertex 0.19097102 0.9354722 0.2973562
 endloop
endfacet
facet normal 0.051460505 -0.06751902 0.99639
 outer loop
  vertex 0.039292425 -0.017248498 0.99907947
  vertex 0.030610126 -0.11480464 0.9929171
  vertex 0.058801014 -0.11852957 0.99120873
 endloop
endfacet
facet normal 0.051461782 -0.06751876 0.99639
 outer loop
  vertex 0.039292425 -0.017248498 0.99907947
  vertex 0.058801014 -0.11852957 0.99120873
  vertex 0.07645658 -0.022159087 0.99682724
 endloop
endfacet
facet normal 0.018017402 0.5262805 -0.8501201
 outer loop
  vertex 0.00619332 0.484789 -0.8746087
  vertex 0.0154692475 0.5677678 -0.82304275
  vertex 0.03441537 0.5652644 -0.824191
 endloop
endfacet
facet normal 0.018020015 0.5262798 -0.85012054
 outer loop
  vertex 0.00619332 0.484789 -0.8746087
  vertex 0.03441537 0.5652644 -0.824191
  vertex 0.01571222 0.48353127 -0.87518555
 endloop
endfacet
facet normal 0.14180814 0.95678985 0.25385728
 outer loop
  vertex 0.09264976 0.9736373 0.20843527
  vertex 0.09432402 0.9482425 0.30321318
  vertex 0.19097102 0.9354722 0.2973562
 endloop
endfacet
facet normal 0.14180706 0.9567898 0.25385845
 outer loop
  vertex 0.09264976 0.9736373 0.20843527
  vertex 0.19097102 0.9354722 0.2973562
  vertex 0.18789835 0.9610519 0.202663
 endloop
endfacet
facet normal 0.06439168 0.02983755 0.99747854
 outer loop
  vertex 0.047596317 0.080473706 0.99562025
  vertex 0.039292425 -0.017248498 0.99907947
  vertex 0.07645658 -0.022159087 0.99682724
 endloop
endfacet
facet normal 0.064391024 0.02983737 0.99747854
 outer loop
  vertex 0.047596317 0.080473706 0.99562025
  vertex 0.07645658 -0.022159087 0.99682724
  vertex 0.093375824 0.0744247 0.99284595
 endloop
endfacet
facet normal 0.13875769 0.9776216 0.15812051
 outer loop
  vertex 0.09008321 0.9896556 0.11164998
  vertex 0.09264976 0.9736373 0.20843527
  vertex 0.18789835 0.9610519 0.202663
 endloop
endfacet
facet normal 0.13875797 0.9776217 0.1581202
 outer loop
  vertex 0.09008321 0.9896556 0.11164998
  vertex 0.18789835 0.9610519 0.202663
  vertex 0.18301609 0.97737616 0.10601806
 endloop
endfacet
facet normal 0.07669798 0.12689053 0.98894703
 outer loop
  vertex 0.055441838 0.17742093 0.9825726
  vertex 0.047596317 0.080473706 0.99562025
  vertex 0.093375824 0.0744247 0.99284595
 endloop
endfacet
facet normal 0.07669882 0.12689082 0.988947
 outer loop
  vertex 0.055441838 0.17742093 0.9825726
  vertex 0.093375824 0.0744247 0.99284595
  vertex 0.10939582 0.17029186 0.9793029
 endloop
endfacet
facet normal 0.13437465 0.9890605 0.060850266
 outer loop
  vertex 0.08664913 0.99614286 0.013789619
  vertex 0.09008321 0.9896556 0.11164998
  vertex 0.18301609 0.97737616 0.10601806
 endloop
endfacet
facet normal 0.1343743 0.9890605 0.060850646
 outer loop
  vertex 0.08664913 0.99614286 0.013789619
  vertex 0.18301609 0.97737616 0.10601806
  vertex 0.17637135 0.9842877 0.008352275
 endloop
endfacet
facet normal 0.08826358 0.22269979 0.9708833
 outer loop
  vertex 0.06275342 0.27265936 0.96006227
  vertex 0.055441838 0.17742093 0.9825726
  vertex 0.10939582 0.17029186 0.9793029
 endloop
endfacet
facet normal 0.08826348 0.22269972 0.9708833
 outer loop
  vertex 0.06275342 0.27265936 0.96006227
  vertex 0.10939582 0.17029186 0.9793029
  vertex 0.12436227 0.26451886 0.95632863
 endloop
endfacet
facet normal 0.12869854 0.9909926 -0.037018448
 outer loop
  vertex 0.082380556 0.9930367 -0.08420361
  vertex 0.08664913 0.99614286 0.013789619
  vertex 0.17637135 0.9842877 0.008352275
 endloop
endfacet
facet normal 0.12869853 0.99099255 -0.037018433
 outer loop
  vertex 0.082380556 0.9930367 -0.08420361
  vertex 0.17637135 0.9842877 0.008352275
  vertex 0.16802801 0.9817199 -0.08939401
 endloop
endfacet
facet normal 0.098975025 0.31634048 0.9434684
 outer loop
  vertex 0.069460645 0.36527205 0.92830604
  vertex 0.06275342 0.27265936 0.96006227
  vertex 0.12436227 0.26451886 0.95632863
 endloop
endfacet
facet normal 0.098974325 0.3163402 0.94346863
 outer loop
  vertex 0.069460645 0.36527205 0.92830604
  vertex 0.12436227 0.26451886 0.95632863
  vertex 0.13813107 0.3561985 0.9241445
 endloop
endfacet
facet normal 0.12178413 0.98339486 -0.13454805
 outer loop
  vertex 0.07731863 0.98036706 -0.18138602
  vertex 0.082380556 0.9930367 -0.08420361
  vertex 0.16802801 0.9817199 -0.08939401
 endloop
endfacet
facet normal 0.12178449 0.9833948 -0.1345484
 outer loop
  vertex 0.07731863 0.98036706 -0.18138602
  vertex 0.16802801 0.9817199 -0.08939401
  vertex 0.15806648 0.96969765 -0.18627948
 endloop
endfacet
facet normal 0.10873021 0.40691322 0.90697265
 outer loop
  vertex 0.07549892 0.45436698 0.8876097
  vertex 0.069460645 0.36527205 0.92830604
  vertex 0.13813107 0.3561985 0.9241445
 endloop
endfacet
facet normal 0.1087304 0.4069133 0.9069726
 outer loop
  vertex 0.07549892 0.45436698 0.8876097
  vertex 0.13813107 0.3561985 0.9241445
  vertex 0.15056953 0.4444477 0.88306034
 endloop
endfacet
facet normal 0.11369708 0.96633464 -0.23080361
 outer loop
  vertex 0.071512066 0.958256 -0.27682158
  vertex 0.07731863 0.98036706 -0.18138602
  vertex 0.15806648 0.96969765 -0.18627948
 endloop
endfacet
facet normal 0.1136973 0.9663346 -0.2308038
 outer loop
  vertex 0.071512066 0.958256 -0.27682158
  vertex 0.15806648 0.96969765 -0.18627948
  vertex 0.14658268 0.9483367 -0.281371
 endloop
endfacet
facet normal 0.11743732 0.493548 0.86175334
 outer loop
  vertex 0.08081013 0.539086 0.8383652
  vertex 0.07549892 0.45436698 0.8876097
  vertex 0.15056953 0.4444477 0.88306034
 endloop
endfacet
facet normal 0.11743768 0.49354824 0.86175317
 outer loop
  vertex 0.08081013 0.539086 0.8383652
  vertex 0.15056953 0.4444477 0.88306034
  vertex 0.16155797 0.5284166 0.8334717
 endloop
endfacet
facet normal 0.10451352 0.9399691 -0.32486147
 outer loop
  vertex 0.065016806 0.92691624 -0.36959115
  vertex 0.071512066 0.958256 -0.27682158
  vertex 0.14658268 0.9483367 -0.281371
 endloop
endfacet
facet normal 0.10451277 0.93996936 -0.3248608
 outer loop
  vertex 0.065016806 0.92691624 -0.36959115
  vertex 0.14658268 0.9483367 -0.281371
  vertex 0.13368721 0.9178427 -0.3737527
 endloop
endfacet
facet normal 0.12501241 0.5754128 0.8082524
 outer loop
  vertex 0.08534306 0.6186134 0.78104675
  vertex 0.08081013 0.539086 0.8383652
  vertex 0.16155797 0.5284166 0.8334717
 endloop
endfacet
facet normal 0.12501274 0.5754129 0.80825233
 outer loop
  vertex 0.08534306 0.6186134 0.78104675
  vertex 0.16155797 0.5284166 0.8334717
  vertex 0.1709905 0.6072965 0.7758564
 endloop
endfacet
facet normal 0.12086346 0.79910845 -0.58891237
 outer loop
  vertex 0.087833375 0.7749215 -0.6259239
  vertex 0.1041704 0.83071554 -0.5468628
  vertex 0.15709601 0.8187664 -0.5522148
 endloop
endfacet
facet normal 0.1208642 0.79910797 -0.5889128
 outer loop
  vertex 0.087833375 0.7749215 -0.6259239
  vertex 0.15709601 0.8187664 -0.5522148
  vertex 0.13274033 0.7647827 -0.630465
 endloop
endfacet
facet normal 0.23370884 0.76816916 0.5960673
 outer loop
  vertex 0.18912439 0.8060946 0.56075203
  vertex 0.18484044 0.74680746 0.63883674
  vertex 0.276002 0.7262256 0.6296181
 endloop
endfacet
facet normal 0.2337084 0.76816905 0.5960677
 outer loop
  vertex 0.18912439 0.8060946 0.56075203
  vertex 0.276002 0.7262256 0.6296181
  vertex 0.2825575 0.7849999 0.55130374
 endloop
endfacet
facet normal 0.09992837 0.7403476 -0.66475534
 outer loop
  vertex 0.07065043 0.7116645 -0.6989571
  vertex 0.087833375 0.7749215 -0.6259239
  vertex 0.13274033 0.7647827 -0.630465
 endloop
endfacet
facet normal 0.0999292 0.74034715 -0.66475576
 outer loop
  vertex 0.07065043 0.7116645 -0.6989571
  vertex 0.13274033 0.7647827 -0.630465
  vertex 0.10710622 0.7034337 -0.70264363
 endloop
endfacet
facet normal 0.2379931 0.8233765 0.51517993
 outer loop
  vertex 0.191587 0.8576187 0.477267
  vertex 0.18912439 0.8060946 0.56075203
  vertex 0.2825575 0.7849999 0.55130374
 endloop
endfacet
facet normal 0.23799251 0.82337636 0.5151806
 outer loop
  vertex 0.191587 0.8576187 0.477267
  vertex 0.2825575 0.7849999 0.55130374
  vertex 0.28639185 0.83621436 0.46768
 endloop
endfacet
facet normal 0.038386066 -0.26191232 0.964328
 outer loop
  vertex 0.04057916 -0.21375847 0.9760442
  vertex 0.021966504 -0.30692887 0.9514799
  vertex 0.031303976 -0.309037 0.95053566
 endloop
endfacet
facet normal 0.03838428 -0.26191217 0.96432805
 outer loop
  vertex 0.04057916 -0.21375847 0.9760442
  vertex 0.031303976 -0.309037 0.95053566
  vertex 0.059164166 -0.21795446 0.9741648
 endloop
endfacet
facet normal 0.078025155 0.674434 -0.73420084
 outer loop
  vertex 0.052787095 0.6415537 -0.76525897
  vertex 0.07065043 0.7116645 -0.6989571
  vertex 0.10710622 0.7034337 -0.70264363
 endloop
endfacet
facet normal 0.07802413 0.67443454 -0.7342004
 outer loop
  vertex 0.052787095 0.6415537 -0.76525897
  vertex 0.10710622 0.7034337 -0.70264363
  vertex 0.080440655 0.6353103 -0.7680554
 endloop
endfacet
facet normal 0.23999028 0.8706694 0.42934766
 outer loop
  vertex 0.1922045 0.9008835 0.3891856
  vertex 0.191587 0.8576187 0.477267
  vertex 0.28639185 0.83621436 0.46768
 endloop
endfacet
facet normal 0.23999079 0.8706695 0.42934716
 outer loop
  vertex 0.1922045 0.9008835 0.3891856
  vertex 0.28639185 0.83621436 0.46768
  vertex 0.28746805 0.8793756 0.3795522
 endloop
endfacet
facet normal 0.061460294 -0.16842325 0.98379683
 outer loop
  vertex 0.058801014 -0.11852957 0.99120873
  vertex 0.04057916 -0.21375847 0.9760442
  vertex 0.059164166 -0.21795446 0.9741648
 endloop
endfacet
facet normal 0.061461143 -0.16842324 0.9837968
 outer loop
  vertex 0.058801014 -0.11852957 0.99120873
  vertex 0.059164166 -0.21795446 0.9741648
  vertex 0.08645457 -0.12477301 0.98841226
 endloop
endfacet
facet normal 0.055364005 0.6020037 -0.7965717
 outer loop
  vertex 0.03441537 0.5652644 -0.824191
  vertex 0.052787095 0.6415537 -0.76525897
  vertex 0.080440655 0.6353103 -0.7680554
 endloop
endfacet
facet normal 0.055365566 0.60200286 -0.79657215
 outer loop
  vertex 0.03441537 0.5652644 -0.824191
  vertex 0.080440655 0.6353103 -0.7680554
  vertex 0.053000376 0.5610684 -0.8260703
 endloop
endfacet
facet normal 0.23968273 0.9095965 0.33939135
 outer loop
  vertex 0.19097102 0.9354722 0.2973562
  vertex 0.1922045 0.9008835 0.3891856
  vertex 0.28746805 0.8793756 0.3795522
 endloop
endfacet
facet normal 0.23968181 0.9095963 0.3393923
 outer loop
  vertex 0.19097102 0.9354722 0.2973562
  vertex 0.28746805 0.8793756 0.3795522
  vertex 0.28577584 0.9140679 0.2877692
 endloop
endfacet
facet normal 0.08394222 -0.07331658 0.99376976
 outer loop
  vertex 0.07645658 -0.022159087 0.99682724
  vertex 0.058801014 -0.11852957 0.99120873
  vertex 0.08645457 -0.12477301 0.98841226
 endloop
endfacet
facet normal 0.08394072 -0.07331674 0.99376994
 outer loop
  vertex 0.07645658 -0.022159087 0.99682724
  vertex 0.08645457 -0.12477301 0.98841226
  vertex 0.11291237 -0.030389862 0.9931407
 endloop
endfacet
facet normal 0.03216898 0.5237542 -0.8512618
 outer loop
  vertex 0.01571222 0.48353127 -0.87518555
  vertex 0.03441537 0.5652644 -0.824191
  vertex 0.053000376 0.5610684 -0.8260703
 endloop
endfacet
facet normal 0.032170918 0.52375346 -0.8512622
 outer loop
  vertex 0.01571222 0.48353127 -0.87518555
  vertex 0.053000376 0.5610684 -0.8260703
  vertex 0.025049686 0.4814231 -0.87612975
 endloop
endfacet
facet normal 0.237071 0.939785 0.2461737
 outer loop
  vertex 0.18789835 0.9610519 0.202663
  vertex 0.19097102 0.9354722 0.2973562
  vertex 0.28577584 0.9140679 0.2877692
 endloop
endfacet
facet normal 0.2370721 0.9397851 0.24617244
 outer loop
  vertex 0.18789835 0.9610519 0.202663
  vertex 0.28577584 0.9140679 0.2877692
  vertex 0.28133142 0.9399572 0.19321471
 endloop
endfacet
facet normal 0.10560798 0.022480058 0.99415374
 outer loop
  vertex 0.093375824 0.0744247 0.99284595
  vertex 0.07645658 -0.022159087 0.99682724
  vertex 0.11291237 -0.030389862 0.9931407
 endloop
endfacet
facet normal 0.10560796 0.02248005 0.99415374
 outer loop
  vertex 0.093375824 0.0744247 0.99284595
  vertex 0.11291237 -0.030389862 0.9931407
  vertex 0.13828276 0.06428595 0.9883048
 endloop
endfacet
facet normal 0.23218322 0.9609452 0.15058377
 outer loop
  vertex 0.18301609 0.97737616 0.10601806
  vertex 0.18789835 0.9610519 0.202663
  vertex 0.28133142 0.9399572 0.19321471
 endloop
endfacet
facet normal 0.23218392 0.96094507 0.15058292
 outer loop
  vertex 0.18301609 0.97737616 0.10601806
  vertex 0.28133142 0.9399572 0.19321471
  vertex 0.2741776 0.95679426 0.096799456
 endloop
endfacet
facet normal 0.12625317 0.11804526 0.98494947
 outer loop
  vertex 0.10939582 0.17029186 0.9793029
  vertex 0.093375824 0.0744247 0.99284595
  vertex 0.13828276 0.06428595 0.9883048
 endloop
endfacet
facet normal 0.12625298 0.11804522 0.9849495
 outer loop
  vertex 0.10939582 0.17029186 0.9793029
  vertex 0.13828276 0.06428595 0.9883048
  vertex 0.16232143 0.15834264 0.97395086
 endloop
endfacet
facet normal 0.22506297 0.9728724 0.053535007
 outer loop
  vertex 0.17637135 0.9842877 0.008352275
  vertex 0.18301609 0.97737616 0.10601806
  vertex 0.2741776 0.95679426 0.096799456
 endloop
endfacet
facet normal 0.2250622 0.9728726 0.05353587
 outer loop
  vertex 0.17637135 0.9842877 0.008352275
  vertex 0.2741776 0.95679426 0.096799456
  vertex 0.2643834 0.9644169 -0.0005478009
 endloop
endfacet
facet normal 0.14567664 0.21245137 0.9662519
 outer loop
  vertex 0.12436227 0.26451886 0.95632863
  vertex 0.10939582 0.17029186 0.9793029
  vertex 0.16232143 0.15834264 0.97395086
 endloop
endfacet
facet normal 0.14567631 0.21245125 0.966252
 outer loop
  vertex 0.12436227 0.26451886 0.95632863
  vertex 0.16232143 0.15834264 0.97395086
  vertex 0.18479684 0.25087428 0.9502173
 endloop
endfacet
facet normal 0.21577644 0.975449 -0.04404283
 outer loop
  vertex 0.16802801 0.9817199 -0.08939401
  vertex 0.17637135 0.9842877 0.008352275
  vertex 0.2643834 0.9644169 -0.0005478009
 endloop
endfacet
facet normal 0.21577783 0.9754486 -0.04404444
 outer loop
  vertex 0.16802801 0.9817199 -0.08939401
  vertex 0.2643834 0.9644169 -0.0005478009
  vertex 0.25204295 0.96275145 -0.09788994
 endloop
endfacet
facet normal 0.16369174 0.304788 0.93824804
 outer loop
  vertex 0.13813107 0.3561985 0.9241445
  vertex 0.12436227 0.26451886 0.95632863
  vertex 0.18479684 0.25087428 0.9502173
 endloop
endfacet
facet normal 0.16369219 0.30478814 0.93824786
 outer loop
  vertex 0.13813107 0.3561985 0.9241445
  vertex 0.18479684 0.25087428 0.9502173
  vertex 0.2054926 0.34099007 0.91733265
 endloop
endfacet
facet normal 0.20441554 0.9686448 -0.14121404
 outer loop
  vertex 0.15806648 0.96969765 -0.18627948
  vertex 0.16802801 0.9817199 -0.08939401
  vertex 0.25204295 0.96275145 -0.09788994
 endloop
endfacet
facet normal 0.2044138 0.9686455 -0.14121215
 outer loop
  vertex 0.15806648 0.96969765 -0.18627948
  vertex 0.25204295 0.96275145 -0.09788994
  vertex 0.23727527 0.9518145 -0.19428936
 endloop
endfacet
facet normal 0.18012689 0.39416894 0.90121317
 outer loop
  vertex 0.15056953 0.4444477 0.88306034
  vertex 0.13813107 0.3561985 0.9241445
  vertex 0.2054926 0.34099007 0.91733265
 endloop
endfacet
facet normal 0.18012704 0.39416894 0.9012131
 outer loop
  vertex 0.15056953 0.4444477 0.88306034
  vertex 0.2054926 0.34099007 0.91733265
  vertex 0.22420926 0.42782187 0.8756136
 endloop
endfacet
facet normal 0.1910823 0.95252126 -0.23704633
 outer loop
  vertex 0.14658268 0.9483367 -0.281371
  vertex 0.15806648 0.96969765 -0.18627948
  vertex 0.23727527 0.9518145 -0.19428936
 endloop
endfacet
facet normal 0.191082 0.9525213 -0.237046
 outer loop
  vertex 0.14658268 0.9483367 -0.281371
  vertex 0.23727527 0.9518145 -0.19428936
  vertex 0.22022243 0.9317109 -0.28881773
 endloop
endfacet
facet normal 0.19482376 0.47973466 0.8555106
 outer loop
  vertex 0.16155797 0.5284166 0.8334717
  vertex 0.15056953 0.4444477 0.88306034
  vertex 0.22420926 0.42782187 0.8756136
 endloop
endfacet
facet normal 0.19482297 0.47973427 0.855511
 outer loop
  vertex 0.16155797 0.5284166 0.8334717
  vertex 0.22420926 0.42782187 0.8756136
  vertex 0.24076676 0.5105334 0.82546186
 endloop
endfacet
facet normal 0.17590825 0.9272252 -0.33062014
 outer loop
  vertex 0.13368721 0.9178427 -0.3737527
  vertex 0.14658268 0.9483367 -0.281371
  vertex 0.22022243 0.9317109 -0.28881773
 endloop
endfacet
facet normal 0.17590894 0.9272248 -0.3306208
 outer loop
  vertex 0.13368721 0.9178427 -0.3737527
  vertex 0.22022243 0.9317109 -0.28881773
  vertex 0.20104875 0.90263426 -0.38056454
 endloop
endfacet
facet normal 0.20764157 0.5606635 0.8015868
 outer loop
  vertex 0.1709905 0.6072965 0.7758564
  vertex 0.16155797 0.5284166 0.8334717
  vertex 0.24076676 0.5105334 0.82546186
 endloop
endfacet
facet normal 0.20764266 0.560664 0.80158615
 outer loop
  vertex 0.1709905 0.6072965 0.7758564
  vertex 0.24076676 0.5105334 0.82546186
  vertex 0.25500542 0.5883282 0.76736045
 endloop
endfacet
facet normal 0.15903819 0.8929949 -0.42103076
 outer loop
  vertex 0.11950425 0.8785094 -0.46253496
  vertex 0.13368721 0.9178427 -0.3737527
  vertex 0.20104875 0.90263426 -0.38056454
 endloop
endfacet
facet normal 0.1590391 0.8929944 -0.42103148
 outer loop
  vertex 0.11950425 0.8785094 -0.46253496
  vertex 0.20104875 0.90263426 -0.38056454
  vertex 0.17993882 0.8648648 -0.46864632
 endloop
endfacet
facet normal 0.2184613 0.6361829 0.73996353
 outer loop
  vertex 0.17877632 0.68032795 0.71076906
  vertex 0.1709905 0.6072965 0.7758564
  vertex 0.25500542 0.5883282 0.76736045
 endloop
endfacet
facet normal 0.21846035 0.63618255 0.7399642
 outer loop
  vertex 0.17877632 0.68032795 0.71076906
  vertex 0.25500542 0.5883282 0.76736045
  vertex 0.26678836 0.6604572 0.701869
 endloop
endfacet
facet normal 0.14063202 0.85015327 -0.5074072
 outer loop
  vertex 0.1041704 0.83071554 -0.5468628
  vertex 0.11950425 0.8785094 -0.46253496
  vertex 0.17993882 0.8648648 -0.46864632
 endloop
endfacet
facet normal 0.14063038 0.8501542 -0.507406
 outer loop
  vertex 0.1041704 0.83071554 -0.5468628
  vertex 0.17993882 0.8648648 -0.46864632
  vertex 0.15709601 0.8187664 -0.5522148
 endloop
endfacet
facet normal 0.2271767 0.7055714 0.67123747
 outer loop
  vertex 0.18484044 0.74680746 0.63883674
  vertex 0.17877632 0.68032795 0.71076906
  vertex 0.26678836 0.6604572 0.701869
 endloop
endfacet
facet normal 0.22717746 0.7055717 0.6712368
 outer loop
  vertex 0.18484044 0.74680746 0.63883674
  vertex 0.26678836 0.6604572 0.701869
  vertex 0.276002 0.7262256 0.6296181
 endloop
endfacet
facet normal 0.052193627 -0.2656988 0.9626422
 outer loop
  vertex 0.059164166 -0.21795446 0.9741648
  vertex 0.031303976 -0.309037 0.95053566
  vertex 0.040370088 -0.31197524 0.9492331
 endloop
endfacet
facet normal 0.052191753 -0.26569846 0.9626424
 outer loop
  vertex 0.059164166 -0.21795446 0.9741648
  vertex 0.040370088 -0.31197524 0.9492331
  vertex 0.07720906 -0.22380266 0.9715723
 endloop
endfacet
facet normal 0.10972325 0.66574246 -0.7380703
 outer loop
  vertex 0.080440655 0.6353103 -0.7680554
  vertex 0.10710622 0.7034337 -0.70264363
  vertex 0.14250259 0.69196206 -0.707729
 endloop
endfacet
facet normal 0.10972299 0.6657427 -0.7380702
 outer loop
  vertex 0.080440655 0.6353103 -0.7680554
  vertex 0.14250259 0.69196206 -0.707729
  vertex 0.10729058 0.62660843 -0.77191293
 endloop
endfacet
facet normal 0.33387128 0.8449268 0.4178859
 outer loop
  vertex 0.28746805 0.8793756 0.3795522
  vertex 0.28639185 0.83621436 0.46768
  vertex 0.3784415 0.8063818 0.4544553
 endloop
endfacet
facet normal 0.33387068 0.8449268 0.41788656
 outer loop
  vertex 0.28746805 0.8793756 0.3795522
  vertex 0.3784415 0.8063818 0.4544553
  vertex 0.37996316 0.84939873 0.36626348
 endloop
endfacet
facet normal 0.08432435 -0.1746925 0.98100555
 outer loop
  vertex 0.08645457 -0.12477301 0.98841226
  vertex 0.059164166 -0.21795446 0.9741648
  vertex 0.07720906 -0.22380266 0.9715723
 endloop
endfacet
facet normal 0.0843235 -0.17469245 0.9810056
 outer loop
  vertex 0.08645457 -0.12477301 0.98841226
  vertex 0.07720906 -0.22380266 0.9715723
  vertex 0.11330449 -0.13347484 0.98455477
 endloop
endfacet
facet normal 0.07822771 0.59573394 -0.7993632
 outer loop
  vertex 0.053000376 0.5610684 -0.8260703
  vertex 0.080440655 0.6353103 -0.7680554
  vertex 0.10729058 0.62660843 -0.77191293
 endloop
endfacet
facet normal 0.078228876 0.59573334 -0.79936355
 outer loop
  vertex 0.053000376 0.5610684 -0.8260703
  vertex 0.10729058 0.62660843 -0.77191293
  vertex 0.07104528 0.5552202 -0.8286628
 endloop
endfacet
facet normal 0.33356273 0.88385355 0.32793114
 outer loop
  vertex 0.28577584 0.9140679 0.2877692
  vertex 0.28746805 0.8793756 0.3795522
  vertex 0.37996316 0.84939873 0.36626348
 endloop
endfacet
facet normal 0.33356383 0.8838536 0.3279299
 outer loop
  vertex 0.28577584 0.9140679 0.2877692
  vertex 0.37996316 0.84939873 0.36626348
  vertex 0.3778255 0.8842353 0.27454448
 endloop
endfacet
facet normal 0.11563933 -0.08200872 0.98990005
 outer loop
  vertex 0.11291237 -0.030389862 0.9931407
  vertex 0.08645457 -0.12477301 0.98841226
  vertex 0.11330449 -0.13347484 0.98455477
 endloop
endfacet
facet normal 0.115639344 -0.08200873 0.98990005
 outer loop
  vertex 0.11291237 -0.030389862 0.9931407
  vertex 0.11330449 -0.13347484 0.98455477
  vertex 0.14830872 -0.04186152 0.98805535
 endloop
endfacet
facet normal 0.045975477 0.51996815 -0.8529475
 outer loop
  vertex 0.025049686 0.4814231 -0.87612975
  vertex 0.053000376 0.5610684 -0.8260703
  vertex 0.07104528 0.5552202 -0.8286628
 endloop
endfacet
facet normal 0.045973115 0.51996934 -0.8529469
 outer loop
  vertex 0.025049686 0.4814231 -0.87612975
  vertex 0.07104528 0.5552202 -0.8286628
  vertex 0.034115795 0.47848487 -0.8774323
 endloop
endfacet
facet normal 0.330051 0.9142895 0.23482133
 outer loop
  vertex 0.28133142 0.9399572 0.19321471
  vertex 0.28577584 0.9140679 0.2877692
  vertex 0.3778255 0.8842353 0.27454448
 endloop
endfacet
facet normal 0.33005044 0.91428953 0.23482198
 outer loop
  vertex 0.28133142 0.9399572 0.19321471
  vertex 0.3778255 0.8842353 0.27454448
  vertex 0.3720492 0.9105563 0.18018132
 endloop
endfacet
facet normal 0.14583404 0.011449776 0.9892428
 outer loop
  vertex 0.13828276 0.06428595 0.9883048
  vertex 0.11291237 -0.030389862 0.9931407
  vertex 0.14830872 -0.04186152 0.98805535
 endloop
endfacet
facet normal 0.14583491 0.011449856 0.9892427
 outer loop
  vertex 0.13828276 0.06428595 0.9883048
  vertex 0.14830872 -0.04186152 0.98805535
  vertex 0.18188468 0.05015494 0.9820405
 endloop
endfacet
facet normal 0.32336602 0.93594223 0.13945113
 outer loop
  vertex 0.2741776 0.95679426 0.096799456
  vertex 0.28133142 0.9399572 0.19321471
  vertex 0.3720492 0.9105563 0.18018132
 endloop
endfacet
facet normal 0.32336548 0.9359423 0.13945183
 outer loop
  vertex 0.2741776 0.95679426 0.096799456
  vertex 0.3720492 0.9105563 0.18018132
  vertex 0.3626899 0.9281082 0.08408298
 endloop
endfacet
facet normal 0.17461829 0.104783095 0.9790449
 outer loop
  vertex 0.16232143 0.15834264 0.97395086
  vertex 0.13828276 0.06428595 0.9883048
  vertex 0.18188468 0.05015494 0.9820405
 endloop
endfacet
facet normal 0.1746179 0.10478301 0.979045
 outer loop
  vertex 0.16232143 0.15834264 0.97395086
  vertex 0.18188468 0.05015494 0.9820405
  vertex 0.21370897 0.14168842 0.96656805
 endloop
endfacet
facet normal 0.3135726 0.9486023 0.042730305
 outer loop
  vertex 0.2643834 0.9644169 -0.0005478009
  vertex 0.2741776 0.95679426 0.096799456
  vertex 0.3626899 0.9281082 0.08408298
 endloop
endfacet
facet normal 0.31357276 0.94860226 0.042730063
 outer loop
  vertex 0.2643834 0.9644169 -0.0005478009
  vertex 0.3626899 0.9281082 0.08408298
  vertex 0.34983772 0.9367219 -0.012824987
 endloop
endfacet
facet normal 0.20171162 0.19708595 0.959411
 outer loop
  vertex 0.18479684 0.25087428 0.9502173
  vertex 0.16232143 0.15834264 0.97395086
  vertex 0.21370897 0.14168842 0.96656805
 endloop
endfacet
facet normal 0.201712 0.19708602 0.9594109
 outer loop
  vertex 0.18479684 0.25087428 0.9502173
  vertex 0.21370897 0.14168842 0.96656805
  vertex 0.24347512 0.23185726 0.941787
 endloop
endfacet
facet normal 0.30076343 0.95214486 -0.0544197
 outer loop
  vertex 0.25204295 0.96275145 -0.09788994
  vertex 0.2643834 0.9644169 -0.0005478009
  vertex 0.34983772 0.9367219 -0.012824987
 endloop
endfacet
facet normal 0.30076286 0.9521451 -0.054418985
 outer loop
  vertex 0.25204295 0.96275145 -0.09788994
  vertex 0.34983772 0.9367219 -0.012824987
  vertex 0.33361635 0.9363143 -0.10960952
 endloop
endfacet
facet normal 0.22685559 0.28746828 0.9305367
 outer loop
  vertex 0.2054926 0.34099007 0.91733265
  vertex 0.18479684 0.25087428 0.9502173
  vertex 0.24347512 0.23185726 0.941787
 endloop
endfacet
facet normal 0.22685598 0.28746837 0.9305365
 outer loop
  vertex 0.2054926 0.34099007 0.91733265
  vertex 0.24347512 0.23185726 0.941787
  vertex 0.27089646 0.31979322 0.9079361
 endloop
endfacet
facet normal 0.2850597 0.9465319 -0.1510576
 outer loop
  vertex 0.23727527 0.9518145 -0.19428936
  vertex 0.25204295 0.96275145 -0.09788994
  vertex 0.33361635 0.9363143 -0.10960952
 endloop
endfacet
facet normal 0.28506058 0.9465314 -0.15105872
 outer loop
  vertex 0.23727527 0.9518145 -0.19428936
  vertex 0.33361635 0.9363143 -0.10960952
  vertex 0.3141821 0.9268896 -0.20533851
 endloop
endfacet
facet normal 0.24980916 0.37506166 0.8927061
 outer loop
  vertex 0.22420926 0.42782187 0.8756136
  vertex 0.2054926 0.34099007 0.91733265
  vertex 0.27089646 0.31979322 0.9079361
 endloop
endfacet
facet normal 0.2498081 0.37506133 0.8927065
 outer loop
  vertex 0.22420926 0.42782187 0.8756136
  vertex 0.27089646 0.31979322 0.9079361
  vertex 0.29570895 0.40464944 0.8653413
 endloop
endfacet
facet normal 0.2666112 0.9318106 -0.24626681
 outer loop
  vertex 0.22022243 0.9317109 -0.28881773
  vertex 0.23727527 0.9518145 -0.19428936
  vertex 0.3141821 0.9268896 -0.20533851
 endloop
endfacet
facet normal 0.2666112 0.9318107 -0.24626677
 outer loop
  vertex 0.22022243 0.9317109 -0.28881773
  vertex 0.3141821 0.9268896 -0.20533851
  vertex 0.2917221 0.90853846 -0.29909
 endloop
endfacet
facet normal 0.2703511 0.45902392 0.84629035
 outer loop
  vertex 0.24076676 0.5105334 0.82546186
  vertex 0.22420926 0.42782187 0.8756136
  vertex 0.29570895 0.40464944 0.8653413
 endloop
endfacet
facet normal 0.27035174 0.4590241 0.84629
 outer loop
  vertex 0.24076676 0.5105334 0.82546186
  vertex 0.29570895 0.40464944 0.8653413
  vertex 0.31767362 0.48560852 0.8144127
 endloop
endfacet
facet normal 0.24559118 0.9081175 -0.33912775
 outer loop
  vertex 0.20104875 0.90263426 -0.38056454
  vertex 0.22022243 0.9317109 -0.28881773
  vertex 0.2917221 0.90853846 -0.29909
 endloop
endfacet
facet normal 0.24559098 0.9081176 -0.33912757
 outer loop
  vertex 0.20104875 0.90263426 -0.38056454
  vertex 0.2917221 0.90853846 -0.29909
  vertex 0.26645264 0.8814374 -0.38996106
 endloop
endfacet
facet normal 0.2882885 0.5385503 0.79174066
 outer loop
  vertex 0.25500542 0.5883282 0.76736045
  vertex 0.24076676 0.5105334 0.82546186
  vertex 0.31767362 0.48560852 0.8144127
 endloop
endfacet
facet normal 0.28828862 0.5385504 0.79174054
 outer loop
  vertex 0.25500542 0.5883282 0.76736045
  vertex 0.31767362 0.48560852 0.8144127
  vertex 0.33657882 0.5618909 0.75564086
 endloop
endfacet
facet normal 0.2222016 0.8756748 -0.42874247
 outer loop
  vertex 0.17993882 0.8648648 -0.46864632
  vertex 0.20104875 0.90263426 -0.38056454
  vertex 0.26645264 0.8814374 -0.38996106
 endloop
endfacet
facet normal 0.22220056 0.8756755 -0.42874154
 outer loop
  vertex 0.17993882 0.8648648 -0.46864632
  vertex 0.26645264 0.8814374 -0.38996106
  vertex 0.2386171 0.8458478 -0.4770766
 endloop
endfacet
facet normal 0.3034483 0.6128781 0.7295886
 outer loop
  vertex 0.26678836 0.6604572 0.701869
  vertex 0.25500542 0.5883282 0.76736045
  vertex 0.33657882 0.5618909 0.75564086
 endloop
endfacet
facet normal 0.3034477 0.6128779 0.729589
 outer loop
  vertex 0.26678836 0.6604572 0.701869
  vertex 0.33657882 0.5618909 0.75564086
  vertex 0.35224268 0.63276225 0.6895918
 endloop
endfacet
facet normal 0.19666521 0.8347891 -0.514247
 outer loop
  vertex 0.15709601 0.8187664 -0.5522148
  vertex 0.17993882 0.8648648 -0.46864632
  vertex 0.2386171 0.8458478 -0.4770766
 endloop
endfacet
facet normal 0.19666609 0.83478844 -0.5142477
 outer loop
  vertex 0.15709601 0.8187664 -0.5522148
  vertex 0.2386171 0.8458478 -0.4770766
  vertex 0.20848355 0.80211216 -0.5595976
 endloop
endfacet
facet normal 0.31568736 0.68130165 0.6604313
 outer loop
  vertex 0.276002 0.7262256 0.6296181
  vertex 0.26678836 0.6604572 0.701869
  vertex 0.35224268 0.63276225 0.6895918
 endloop
endfacet
facet normal 0.31568727 0.68130165 0.6604314
 outer loop
  vertex 0.276002 0.7262256 0.6296181
  vertex 0.35224268 0.63276225 0.6895918
  vertex 0.3645143 0.69753957 0.61690164
 endloop
endfacet
facet normal 0.16922891 0.78584605 -0.59481734
 outer loop
  vertex 0.13274033 0.7647827 -0.630465
  vertex 0.15709601 0.8187664 -0.5522148
  vertex 0.20848355 0.80211216 -0.5595976
 endloop
endfacet
facet normal 0.16922805 0.7858466 -0.59481674
 outer loop
  vertex 0.13274033 0.7647827 -0.630465
  vertex 0.20848355 0.80211216 -0.5595976
  vertex 0.17634225 0.7506518 -0.63672924
 endloop
endfacet
facet normal 0.3248907 0.7431662 0.5849359
 outer loop
  vertex 0.2825575 0.7849999 0.55130374
  vertex 0.276002 0.7262256 0.6296181
  vertex 0.3645143 0.69753957 0.61690164
 endloop
endfacet
facet normal 0.32489148 0.7431663 0.5849352
 outer loop
  vertex 0.2825575 0.7849999 0.55130374
  vertex 0.3645143 0.69753957 0.61690164
  vertex 0.37327528 0.755599 0.53827035
 endloop
endfacet
facet normal 0.14015383 0.72931725 -0.6696665
 outer loop
  vertex 0.10710622 0.7034337 -0.70264363
  vertex 0.13274033 0.7647827 -0.630465
  vertex 0.17634225 0.7506518 -0.63672924
 endloop
endfacet
facet normal 0.14015451 0.7293168 -0.6696668
 outer loop
  vertex 0.10710622 0.7034337 -0.70264363
  vertex 0.17634225 0.7506518 -0.63672924
  vertex 0.14250259 0.69196206 -0.707729
 endloop
endfacet
facet normal 0.33097154 0.7978808 0.5038294
 outer loop
  vertex 0.28639185 0.83621436 0.46768
  vertex 0.2825575 0.7849999 0.55130374
  vertex 0.37327528 0.755599 0.53827035
 endloop
endfacet
facet normal 0.3309715 0.79788077 0.5038294
 outer loop
  vertex 0.28639185 0.83621436 0.46768
  vertex 0.37327528 0.755599 0.53827035
  vertex 0.3784415 0.8063818 0.4544553
 endloop
endfacet
facet normal 0.146254 -0.09351197 0.9848174
 outer loop
  vertex 0.14830872 -0.04186152 0.98805535
  vertex 0.11330449 -0.13347484 0.98455477
  vertex 0.13909216 -0.14455126 0.9796733
 endloop
endfacet
facet normal 0.14625373 -0.093511954 0.98481745
 outer loop
  vertex 0.14830872 -0.04186152 0.98805535
  vertex 0.13909216 -0.14455126 0.9796733
  vertex 0.18230474 -0.056463584 0.98162013
 endloop
endfacet
facet normal 0.05930914 0.5149584 -0.855161
 outer loop
  vertex 0.034115795 0.47848487 -0.8774323
  vertex 0.07104528 0.5552202 -0.8286628
  vertex 0.0883763 0.54777616 -0.83194345
 endloop
endfacet
facet normal 0.05931085 0.5149575 -0.85516137
 outer loop
  vertex 0.034115795 0.47848487 -0.8774323
  vertex 0.0883763 0.54777616 -0.83194345
  vertex 0.04282323 0.47474483 -0.87908053
 endloop
endfacet
facet normal 0.41984448 0.88054997 0.2199143
 outer loop
  vertex 0.3720492 0.9105563 0.18018132
  vertex 0.3778255 0.8842353 0.27454448
  vertex 0.46623358 0.84626204 0.25780946
 endloop
endfacet
facet normal 0.41984478 0.88054997 0.21991396
 outer loop
  vertex 0.3720492 0.9105563 0.18018132
  vertex 0.46623358 0.84626204 0.25780946
  vertex 0.45917806 0.87313247 0.16368842
 endloop
endfacet
facet normal 0.18468411 -0.0031474696 0.98279285
 outer loop
  vertex 0.18188468 0.05015494 0.9820405
  vertex 0.14830872 -0.04186152 0.98805535
  vertex 0.18230474 -0.056463584 0.98162013
 endloop
endfacet
facet normal 0.18468371 -0.003147473 0.982793
 outer loop
  vertex 0.18188468 0.05015494 0.9820405
  vertex 0.18230474 -0.056463584 0.98162013
  vertex 0.2237616 0.032167837 0.9741135
 endloop
endfacet
facet normal 0.41142645 0.9028539 0.1248319
 outer loop
  vertex 0.3626899 0.9281082 0.08408298
  vertex 0.3720492 0.9105563 0.18018132
  vertex 0.45917806 0.87313247 0.16368842
 endloop
endfacet
facet normal 0.41142666 0.90285397 0.12483154
 outer loop
  vertex 0.3626899 0.9281082 0.08408298
  vertex 0.45917806 0.87313247 0.16368842
  vertex 0.4477005 0.8915942 0.06799107
 endloop
endfacet
facet normal 0.22132665 0.08723255 0.97129035
 outer loop
  vertex 0.21370897 0.14168842 0.96656805
  vertex 0.18188468 0.05015494 0.9820405
  vertex 0.2237616 0.032167837 0.9741135
 endloop
endfacet
facet normal 0.22132726 0.08723259 0.97129023
 outer loop
  vertex 0.21370897 0.14168842 0.96656805
  vertex 0.2237616 0.032167837 0.9741135
  vertex 0.26306352 0.12048949 0.95722556
 endloop
endfacet
facet normal 0.39905334 0.91648346 0.028538508
 outer loop
  vertex 0.34983772 0.9367219 -0.012824987
  vertex 0.3626899 0.9281082 0.08408298
  vertex 0.4477005 0.8915942 0.06799107
 endloop
endfacet
facet normal 0.39905304 0.91648364 0.028538939
 outer loop
  vertex 0.34983772 0.9367219 -0.012824987
  vertex 0.4477005 0.8915942 0.06799107
  vertex 0.43191135 0.9014694 -0.028360967
 endloop
endfacet
facet normal 0.2558286 0.1767521 0.95042646
 outer loop
  vertex 0.24347512 0.23185726 0.941787
  vertex 0.21370897 0.14168842 0.96656805
  vertex 0.26306352 0.12048949 0.95722556
 endloop
endfacet
facet normal 0.25582764 0.17675194 0.9504267
 outer loop
  vertex 0.24347512 0.23185726 0.941787
  vertex 0.26306352 0.12048949 0.95722556
  vertex 0.29983196 0.20765068 0.9311191
 endloop
endfacet
facet normal 0.38284102 0.92130476 -0.06804563
 outer loop
  vertex 0.33361635 0.9363143 -0.10960952
  vertex 0.34983772 0.9367219 -0.012824987
  vertex 0.43191135 0.9014694 -0.028360967
 endloop
endfacet
facet normal 0.38284084 0.9213048 -0.068045385
 outer loop
  vertex 0.33361635 0.9363143 -0.10960952
  vertex 0.43191135 0.9014694 -0.028360967
  vertex 0.41196254 0.9026628 -0.12443993
 endloop
endfacet
facet normal 0.28785607 0.26454806 0.92040926
 outer loop
  vertex 0.27089646 0.31979322 0.9079361
  vertex 0.24347512 0.23185726 0.941787
  vertex 0.29983196 0.20765068 0.9311191
 endloop
endfacet
facet normal 0.28785646 0.26454812 0.9204091
 outer loop
  vertex 0.27089646 0.31979322 0.9079361
  vertex 0.29983196 0.20765068 0.9311191
  vertex 0.3337129 0.2928121 0.8960454
 endloop
endfacet
facet normal 0.36294493 0.9172669 -0.16398913
 outer loop
  vertex 0.3141821 0.9268896 -0.20533851
  vertex 0.33361635 0.9363143 -0.10960952
  vertex 0.41196254 0.9026628 -0.12443993
 endloop
endfacet
facet normal 0.3629456 0.91726655 -0.16399004
 outer loop
  vertex 0.3141821 0.9268896 -0.20533851
  vertex 0.41196254 0.9026628 -0.12443993
  vertex 0.3880464 0.8951631 -0.21932054
 endloop
endfacet
facet normal 0.31710467 0.34977517 0.88153386
 outer loop
  vertex 0.29570895 0.40464944 0.8653413
  vertex 0.27089646 0.31979322 0.9079361
  vertex 0.3337129 0.2928121 0.8960454
 endloop
endfacet
facet normal 0.31710562 0.3497754 0.88153344
 outer loop
  vertex 0.29570895 0.40464944 0.8653413
  vertex 0.3337129 0.2928121 0.8960454
  vertex 0.36437997 0.3751536 0.8523423
 endloop
endfacet
facet normal 0.33955362 0.90440303 -0.25837672
 outer loop
  vertex 0.2917221 0.90853846 -0.29909
  vertex 0.3141821 0.9268896 -0.20533851
  vertex 0.3880464 0.8951631 -0.21932054
 endloop
endfacet
facet normal 0.33955353 0.90440303 -0.25837663
 outer loop
  vertex 0.2917221 0.90853846 -0.29909
  vertex 0.3880464 0.8951631 -0.21932054
  vertex 0.3603931 0.8790426 -0.312089
 endloop
endfacet
facet normal 0.34329456 0.43161628 0.83417994
 outer loop
  vertex 0.31767362 0.48560852 0.8144127
  vertex 0.29570895 0.40464944 0.8653413
  vertex 0.36437997 0.3751536 0.8523423
 endloop
endfacet
facet normal 0.34329462 0.43161634 0.83417994
 outer loop
  vertex 0.31767362 0.48560852 0.8144127
  vertex 0.36437997 0.3751536 0.8523423
  vertex 0.39153793 0.45388204 0.80043066
 endloop
endfacet
facet normal 0.31288746 0.8828314 -0.35030007
 outer loop
  vertex 0.26645264 0.8814374 -0.38996106
  vertex 0.2917221 0.90853846 -0.29909
  vertex 0.3603931 0.8790426 -0.312089
 endloop
endfacet
facet normal 0.31288716 0.88283163 -0.35029975
 outer loop
  vertex 0.26645264 0.8814374 -0.38996106
  vertex 0.3603931 0.8790426 -0.312089
  vertex 0.32926908 0.8544563 -0.4018518
 endloop
endfacet
facet normal 0.36617407 0.5092854 0.77880985
 outer loop
  vertex 0.33657882 0.5618909 0.75564086
  vertex 0.31767362 0.48560852 0.8144127
  vertex 0.39153793 0.45388204 0.80043066
 endloop
endfacet
facet normal 0.36617264 0.5092851 0.77881086
 outer loop
  vertex 0.33657882 0.5618909 0.75564086
  vertex 0.39153793 0.45388204 0.80043066
  vertex 0.414925 0.5282394 0.7408105
 endloop
endfacet
facet normal 0.2832027 0.8527544 -0.43886915
 outer loop
  vertex 0.2386171 0.8458478 -0.4770766
  vertex 0.26645264 0.8814374 -0.38996106
  vertex 0.32926908 0.8544563 -0.4018518
 endloop
endfacet
facet normal 0.283203 0.8527541 -0.43886945
 outer loop
  vertex 0.2386171 0.8458478 -0.4770766
  vertex 0.32926908 0.8544563 -0.4018518
  vertex 0.29497394 0.8216412 -0.48774454
 endloop
endfacet
facet normal 0.38552496 0.5820381 0.71596247
 outer loop
  vertex 0.35224268 0.63276225 0.6895918
  vertex 0.33657882 0.5618909 0.75564086
  vertex 0.414925 0.5282394 0.7408105
 endloop
endfacet
facet normal 0.38552618 0.58203834 0.7159615
 outer loop
  vertex 0.35224268 0.63276225 0.6895918
  vertex 0.414925 0.5282394 0.7408105
  vertex 0.4343163 0.5975097 0.6740558
 endloop
endfacet
facet normal 0.25078306 0.8144544 -0.5232322
 outer loop
  vertex 0.20848355 0.80211216 -0.5595976
  vertex 0.2386171 0.8458478 -0.4770766
  vertex 0.29497394 0.8216412 -0.48774454
 endloop
endfacet
facet normal 0.25078332 0.8144541 -0.52323246
 outer loop
  vertex 0.20848355 0.80211216 -0.5595976
  vertex 0.29497394 0.8216412 -0.48774454
  vertex 0.25783807 0.78091323 -0.56894004
 endloop
endfacet
facet normal 0.40116838 0.6491827 0.6462398
 outer loop
  vertex 0.3645143 0.69753957 0.61690164
  vertex 0.35224268 0.63276225 0.6895918
  vertex 0.4343163 0.5975097 0.6740558
 endloop
endfacet
facet normal 0.40116814 0.64918256 0.64623994
 outer loop
  vertex 0.3645143 0.69753957 0.61690164
  vertex 0.4343163 0.5975097 0.6740558
  vertex 0.44952488 0.6610255 0.6008097
 endloop
endfacet
facet normal 0.21593879 0.7682954 -0.60257167
 outer loop
  vertex 0.17634225 0.7506518 -0.63672924
  vertex 0.20848355 0.80211216 -0.5595976
  vertex 0.25783807 0.78091323 -0.56894004
 endloop
endfacet
facet normal 0.21593864 0.7682956 -0.6025715
 outer loop
  vertex 0.17634225 0.7506518 -0.63672924
  vertex 0.25783807 0.78091323 -0.56894004
  vertex 0.21821919 0.73266464 -0.64465624
 endloop
endfacet
facet normal 0.41295215 0.7100782 0.5703153
 outer loop
  vertex 0.37327528 0.755599 0.53827035
  vertex 0.3645143 0.69753957 0.61690164
  vertex 0.44952488 0.6610255 0.6008097
 endloop
endfacet
facet normal 0.4129518 0.7100781 0.5703156
 outer loop
  vertex 0.37327528 0.755599 0.53827035
  vertex 0.44952488 0.6610255 0.6008097
  vertex 0.46040413 0.7181752 0.52177745
 endloop
endfacet
facet normal 0.1790047 0.7147191 -0.6761168
 outer loop
  vertex 0.14250259 0.69196206 -0.707729
  vertex 0.17634225 0.7506518 -0.63672924
  vertex 0.21821919 0.73266464 -0.64465624
 endloop
endfacet
facet normal 0.1790041 0.7147196 -0.6761164
 outer loop
  vertex 0.14250259 0.69196206 -0.707729
  vertex 0.21821919 0.73266464 -0.64465624
  vertex 0.1764986 0.67736 -0.7141642
 endloop
endfacet
facet normal 0.42076582 0.76414114 0.48892164
 outer loop
  vertex 0.3784415 0.8063818 0.4544553
  vertex 0.37327528 0.755599 0.53827035
  vertex 0.46040413 0.7181752 0.52177745
 endloop
endfacet
facet normal 0.42076546 0.764141 0.48892203
 outer loop
  vertex 0.3784415 0.8063818 0.4544553
  vertex 0.46040413 0.7181752 0.52177745
  vertex 0.4668496 0.76840854 0.43772027
 endloop
endfacet
facet normal 0.06552505 -0.27070835 0.96042883
 outer loop
  vertex 0.07720906 -0.22380266 0.9715723
  vertex 0.040370088 -0.31197524 0.9492331
  vertex 0.04907753 -0.3157153 0.94758487
 endloop
endfacet
facet normal 0.06552673 -0.27070877 0.9604286
 outer loop
  vertex 0.07720906 -0.22380266 0.9715723
  vertex 0.04907753 -0.3157153 0.94758487
  vertex 0.09454008 -0.23124672 0.96829164
 endloop
endfacet
facet normal 0.14033705 0.6542396 -0.7431528
 outer loop
  vertex 0.10729058 0.62660843 -0.77191293
  vertex 0.14250259 0.69196206 -0.707729
  vertex 0.1764986 0.67736 -0.7141642
 endloop
endfacet
facet normal 0.14033799 0.6542388 -0.74315333
 outer loop
  vertex 0.10729058 0.62660843 -0.77191293
  vertex 0.1764986 0.67736 -0.7141642
  vertex 0.13307826 0.61553204 -0.7767943
 endloop
endfacet
facet normal 0.42453635 0.81085974 0.4028342
 outer loop
  vertex 0.37996316 0.84939873 0.36626348
  vertex 0.3784415 0.8063818 0.4544553
  vertex 0.4668496 0.76840854 0.43772027
 endloop
endfacet
facet normal 0.42453718 0.8108598 0.40283325
 outer loop
  vertex 0.37996316 0.84939873 0.36626348
  vertex 0.4668496 0.76840854 0.43772027
  vertex 0.46879897 0.8112416 0.3494475
 endloop
endfacet
facet normal 0.10640532 -0.18298954 0.9773396
 outer loop
  vertex 0.11330449 -0.13347484 0.98455477
  vertex 0.07720906 -0.22380266 0.9715723
  vertex 0.09454008 -0.23124672 0.96829164
 endloop
endfacet
facet normal 0.10640574 -0.18298961 0.9773396
 outer loop
  vertex 0.11330449 -0.13347484 0.98455477
  vertex 0.09454008 -0.23124672 0.96829164
  vertex 0.13909216 -0.14455126 0.9796733
 endloop
endfacet
facet normal 0.100310646 0.5874362 -0.80302954
 outer loop
  vertex 0.07104528 0.5552202 -0.8286628
  vertex 0.10729058 0.62660843 -0.77191293
  vertex 0.13307826 0.61553204 -0.7767943
 endloop
endfacet
facet normal 0.10030857 0.5874376 -0.8030288
 outer loop
  vertex 0.07104528 0.5552202 -0.8286628
  vertex 0.13307826 0.61553204 -0.7767943
  vertex 0.0883763 0.54777616 -0.83194345
 endloop
endfacet
facet normal 0.42422917 0.8497866 0.31287745
 outer loop
  vertex 0.3778255 0.8842353 0.27454448
  vertex 0.37996316 0.84939873 0.36626348
  vertex 0.46879897 0.8112416 0.3494475
 endloop
endfacet
facet normal 0.4242284 0.8497866 0.3128785
 outer loop
  vertex 0.3778255 0.8842353 0.27454448
  vertex 0.46879897 0.8112416 0.3494475
  vertex 0.46623358 0.84626204 0.25780946
 endloop
endfacet
facet normal 0.26593062 0.065562464 0.9617601
 outer loop
  vertex 0.26306352 0.12048949 0.95722556
  vertex 0.2237616 0.032167837 0.9741135
  vertex 0.26351026 0.0104978215 0.9646001
 endloop
endfacet
facet normal 0.2659294 0.06556249 0.96176046
 outer loop
  vertex 0.26306352 0.12048949 0.95722556
  vertex 0.26351026 0.0104978215 0.9646001
  vertex 0.30990976 0.094950065 0.94601345
 endloop
endfacet
facet normal 0.48067963 0.87682605 0.011098292
 outer loop
  vertex 0.43191135 0.9014694 -0.028360967
  vertex 0.4477005 0.8915942 0.06799107
  vertex 0.5283907 0.8476039 0.048678692
 endloop
endfacet
facet normal 0.48068017 0.87682575 0.011097397
 outer loop
  vertex 0.43191135 0.9014694 -0.028360967
  vertex 0.5283907 0.8476039 0.048678692
  vertex 0.5098138 0.8589989 -0.047006134
 endloop
endfacet
facet normal 0.30750442 0.1516453 0.93938524
 outer loop
  vertex 0.29983196 0.20765068 0.9311191
  vertex 0.26306352 0.12048949 0.95722556
  vertex 0.30990976 0.094950065 0.94601345
 endloop
endfacet
facet normal 0.30750602 0.15164538 0.93938476
 outer loop
  vertex 0.29983196 0.20765068 0.9311191
  vertex 0.30990976 0.094950065 0.94601345
  vertex 0.35332465 0.17848776 0.9183161
 endloop
endfacet
facet normal 0.46121895 0.88322556 -0.08479197
 outer loop
  vertex 0.41196254 0.9026628 -0.12443993
  vertex 0.43191135 0.9014694 -0.028360967
  vertex 0.5098138 0.8589989 -0.047006134
 endloop
endfacet
facet normal 0.46121925 0.8832253 -0.08479246
 outer loop
  vertex 0.41196254 0.9026628 -0.12443993
  vertex 0.5098138 0.8589989 -0.047006134
  vertex 0.48632705 0.86212105 -0.14223832
 endloop
endfacet
facet normal 0.34610823 0.23624703 0.90796274
 outer loop
  vertex 0.3337129 0.2928121 0.8960454
  vertex 0.29983196 0.20765068 0.9311191
  vertex 0.35332465 0.17848776 0.9183161
 endloop
endfacet
facet normal 0.3461076 0.23624699 0.90796304
 outer loop
  vertex 0.3337129 0.2928121 0.8960454
  vertex 0.35332465 0.17848776 0.9183161
  vertex 0.39333686 0.26030654 0.881775
 endloop
endfacet
facet normal 0.43731982 0.8811324 -0.17988102
 outer loop
  vertex 0.3880464 0.8951631 -0.21932054
  vertex 0.41196254 0.9026628 -0.12443993
  vertex 0.48632705 0.86212105 -0.14223832
 endloop
endfacet
facet normal 0.43731913 0.8811328 -0.17988001
 outer loop
  vertex 0.3880464 0.8951631 -0.21932054
  vertex 0.48632705 0.86212105 -0.14223832
  vertex 0.4581568 0.8569407 -0.23610076
 endloop
endfacet
facet normal 0.38136774 0.31855422 0.8678029
 outer loop
  vertex 0.36437997 0.3751536 0.8523423
  vertex 0.3337129 0.2928121 0.8960454
  vertex 0.39333686 0.26030654 0.881775
 endloop
endfacet
facet normal 0.38136718 0.31855416 0.86780316
 outer loop
  vertex 0.36437997 0.3751536 0.8523423
  vertex 0.39333686 0.26030654 0.881775
  vertex 0.42956102 0.3396185 0.8367419
 endloop
endfacet
facet normal 0.40920708 0.8705625 -0.2732591
 outer loop
  vertex 0.3603931 0.8790426 -0.312089
  vertex 0.3880464 0.8951631 -0.21932054
  vertex 0.4581568 0.8569407 -0.23610076
 endloop
endfacet
facet normal 0.40920725 0.8705624 -0.2732593
 outer loop
  vertex 0.3603931 0.8790426 -0.312089
  vertex 0.4581568 0.8569407 -0.23610076
  vertex 0.42557418 0.8435075 -0.32768938
 endloop
endfacet
facet normal 0.41294768 0.3977759 0.8192976
 outer loop
  vertex 0.39153793 0.45388204 0.80043066
  vertex 0.36437997 0.3751536 0.8523423
  vertex 0.42956102 0.3396185 0.8367419
 endloop
endfacet
facet normal 0.41294858 0.39777604 0.81929713
 outer loop
  vertex 0.39153793 0.45388204 0.80043066
  vertex 0.42956102 0.3396185 0.8367419
  vertex 0.46164832 0.4156596 0.7836504
 endloop
endfacet
facet normal 0.37714994 0.8516102 -0.36403033
 outer loop
  vertex 0.32926908 0.8544563 -0.4018518
  vertex 0.3603931 0.8790426 -0.312089
  vertex 0.42557418 0.8435075 -0.32768938
 endloop
endfacet
facet normal 0.37715036 0.8516097 -0.36403096
 outer loop
  vertex 0.32926908 0.8544563 -0.4018518
  vertex 0.42557418 0.8435075 -0.32768938
  vertex 0.38889304 0.82195073 -0.4161222
 endloop
endfacet
facet normal 0.44054756 0.4731507 0.7629195
 outer loop
  vertex 0.414925 0.5282394 0.7408105
  vertex 0.39153793 0.45388204 0.80043066
  vertex 0.46164832 0.4156596 0.7836504
 endloop
endfacet
facet normal 0.44054753 0.4731507 0.76291955
 outer loop
  vertex 0.414925 0.5282394 0.7408105
  vertex 0.46164832 0.4156596 0.7836504
  vertex 0.4892895 0.48769775 0.7230121
 endloop
endfacet
facet normal 0.3414545 0.8244531 -0.4513157
 outer loop
  vertex 0.29497394 0.8216412 -0.48774454
  vertex 0.32926908 0.8544563 -0.4018518
  vertex 0.38889304 0.82195073 -0.4161222
 endloop
endfacet
facet normal 0.34145418 0.8244535 -0.4513153
 outer loop
  vertex 0.29497394 0.8216412 -0.48774454
  vertex 0.38889304 0.82195073 -0.4161222
  vertex 0.34846663 0.79247826 -0.5005475
 endloop
endfacet
facet normal 0.46390352 0.5439593 0.69921505
 outer loop
  vertex 0.4343163 0.5975097 0.6740558
  vertex 0.414925 0.5282394 0.7408105
  vertex 0.4892895 0.48769775 0.7230121
 endloop
endfacet
facet normal 0.46390295 0.5439592 0.69921553
 outer loop
  vertex 0.4343163 0.5975097 0.6740558
  vertex 0.4892895 0.48769775 0.7230121
  vertex 0.5122188 0.5550392 0.65541065
 endloop
endfacet
facet normal 0.30245987 0.78934747 -0.53427386
 outer loop
  vertex 0.25783807 0.78091323 -0.56894004
  vertex 0.29497394 0.8216412 -0.48774454
  vertex 0.34846663 0.79247826 -0.5005475
 endloop
endfacet
facet normal 0.30245984 0.7893475 -0.5342738
 outer loop
  vertex 0.25783807 0.78091323 -0.56894004
  vertex 0.34846663 0.79247826 -0.5005475
  vertex 0.3046843 0.7553738 -0.5801523
 endloop
endfacet
facet normal 0.4827944 0.6095251 0.6287994
 outer loop
  vertex 0.44952488 0.6610255 0.6008097
  vertex 0.4343163 0.5975097 0.6740558
  vertex 0.5122188 0.5550392 0.65541065
 endloop
endfacet
facet normal 0.4827948 0.60952514 0.62879914
 outer loop
  vertex 0.44952488 0.6610255 0.6008097
  vertex 0.5122188 0.5550392 0.65541065
  vertex 0.530215 0.61703527 0.5814973
 endloop
endfacet
facet normal 0.26054153 0.74662566 -0.61210144
 outer loop
  vertex 0.21821919 0.73266464 -0.64465624
  vertex 0.25783807 0.78091323 -0.56894004
  vertex 0.3046843 0.7553738 -0.5801523
 endloop
endfacet
facet normal 0.26054206 0.74662507 -0.61210203
 outer loop
  vertex 0.21821919 0.73266464 -0.64465624
  vertex 0.3046843 0.7553738 -0.5801523
  vertex 0.25796786 0.7109946 -0.6541697
 endloop
endfacet
facet normal 0.49704283 0.66922325 0.5523483
 outer loop
  vertex 0.46040413 0.7181752 0.52177745
  vertex 0.44952488 0.6610255 0.6008097
  vertex 0.530215 0.61703527 0.5814973
 endloop
endfacet
facet normal 0.49704316 0.66922325 0.552348
 outer loop
  vertex 0.46040413 0.7181752 0.52177745
  vertex 0.530215 0.61703527 0.5814973
  vertex 0.54310495 0.67308867 0.5019839
 endloop
endfacet
facet normal 0.21610324 0.6966953 -0.68404317
 outer loop
  vertex 0.1764986 0.67736 -0.7141642
  vertex 0.21821919 0.73266464 -0.64465624
  vertex 0.25796786 0.7109946 -0.6541697
 endloop
endfacet
facet normal 0.21610367 0.69669485 -0.68404347
 outer loop
  vertex 0.1764986 0.67736 -0.7141642
  vertex 0.25796786 0.7109946 -0.6541697
  vertex 0.20876688 0.6597681 -0.72188723
 endloop
endfacet
facet normal 0.50651294 0.7224814 0.47060087
 outer loop
  vertex 0.4668496 0.76840854 0.43772027
  vertex 0.46040413 0.7181752 0.52177745
  vertex 0.54310495 0.67308867 0.5019839
 endloop
endfacet
facet normal 0.5065124 0.7224815 0.47060147
 outer loop
  vertex 0.4668496 0.76840854 0.43772027
  vertex 0.54310495 0.67308867 0.5019839
  vertex 0.5507646 0.7226602 0.41763604
 endloop
endfacet
facet normal 0.07825923 -0.27689478 0.9577081
 outer loop
  vertex 0.09454008 -0.23124672 0.96829164
  vertex 0.04907753 -0.3157153 0.94758487
  vertex 0.057342444 -0.32022113 0.94560677
 endloop
endfacet
facet normal 0.0782607 -0.2768953 0.9577078
 outer loop
  vertex 0.09454008 -0.23124672 0.96829164
  vertex 0.057342444 -0.32022113 0.94560677
  vertex 0.11099031 -0.24021497 0.96435446
 endloop
endfacet
facet normal 0.16957217 0.6400357 -0.74939954
 outer loop
  vertex 0.13307826 0.61553204 -0.7767943
  vertex 0.1764986 0.67736 -0.7141642
  vertex 0.20876688 0.6597681 -0.72188723
 endloop
endfacet
facet normal 0.16957124 0.6400365 -0.74939907
 outer loop
  vertex 0.13307826 0.61553204 -0.7767943
  vertex 0.20876688 0.6597681 -0.72188723
  vertex 0.1575554 0.6021877 -0.7826527
 endloop
endfacet
facet normal 0.51111513 0.76879656 0.3843346
 outer loop
  vertex 0.46879897 0.8112416 0.3494475
  vertex 0.4668496 0.76840854 0.43772027
  vertex 0.5507646 0.7226602 0.41763604
 endloop
endfacet
facet normal 0.5111153 0.76879656 0.38433442
 outer loop
  vertex 0.46879897 0.8112416 0.3494475
  vertex 0.5507646 0.7226602 0.41763604
  vertex 0.55312 0.7652719 0.32926607
 endloop
endfacet
facet normal 0.12749124 -0.1932338 0.97283435
 outer loop
  vertex 0.13909216 -0.14455126 0.9796733
  vertex 0.09454008 -0.23124672 0.96829164
  vertex 0.11099031 -0.24021497 0.96435446
 endloop
endfacet
facet normal 0.12749198 -0.19323401 0.9728342
 outer loop
  vertex 0.13909216 -0.14455126 0.9796733
  vertex 0.11099031 -0.24021497 0.96435446
  vertex 0.1635693 -0.15789558 0.97381496
 endloop
endfacet
facet normal 0.12139606 0.5771925 -0.80753434
 outer loop
  vertex 0.0883763 0.54777616 -0.83194345
  vertex 0.13307826 0.61553204 -0.7767943
  vertex 0.1575554 0.6021877 -0.7826527
 endloop
endfacet
facet normal 0.121395744 0.57719266 -0.80753434
 outer loop
  vertex 0.0883763 0.54777616 -0.83194345
  vertex 0.1575554 0.6021877 -0.7826527
  vertex 0.104826525 0.5388079 -0.83588064
 endloop
endfacet
facet normal 0.5108073 0.807723 0.2943797
 outer loop
  vertex 0.46623358 0.84626204 0.25780946
  vertex 0.46879897 0.8112416 0.3494475
  vertex 0.55312 0.7652719 0.32926607
 endloop
endfacet
facet normal 0.51080686 0.8077231 0.29438025
 outer loop
  vertex 0.46623358 0.84626204 0.25780946
  vertex 0.55312 0.7652719 0.32926607
  vertex 0.55014867 0.8005137 0.23772523
 endloop
endfacet
facet normal 0.17548782 -0.10771506 0.9785712
 outer loop
  vertex 0.18230474 -0.056463584 0.98162013
  vertex 0.13909216 -0.14455126 0.9796733
  vertex 0.1635693 -0.15789558 0.97381496
 endloop
endfacet
facet normal 0.17548779 -0.10771506 0.9785711
 outer loop
  vertex 0.18230474 -0.056463584 0.98162013
  vertex 0.1635693 -0.15789558 0.97381496
  vertex 0.21457301 -0.07405545 0.97389704
 endloop
endfacet
facet normal 0.07204389 0.5087711 -0.857882
 outer loop
  vertex 0.04282323 0.47474483 -0.87908053
  vertex 0.0883763 0.54777616 -0.83194345
  vertex 0.104826525 0.5388079 -0.83588064
 endloop
endfacet
facet normal 0.07204211 0.5087723 -0.85788155
 outer loop
  vertex 0.04282323 0.47474483 -0.87908053
  vertex 0.104826525 0.5388079 -0.83588064
  vertex 0.05108814 0.47023898 -0.8810587
 endloop
endfacet
facet normal 0.5055911 0.83889085 0.20159307
 outer loop
  vertex 0.45917806 0.87313247 0.16368842
  vertex 0.46623358 0.84626204 0.25780946
  vertex 0.55014867 0.8005137 0.23772523
 endloop
endfacet
facet normal 0.505592 0.8388907 0.20159173
 outer loop
  vertex 0.45917806 0.87313247 0.16368842
  vertex 0.55014867 0.8005137 0.23772523
  vertex 0.5418789 0.82804596 0.14389482
 endloop
endfacet
facet normal 0.22178245 -0.021171555 0.97486633
 outer loop
  vertex 0.2237616 0.032167837 0.9741135
  vertex 0.18230474 -0.056463584 0.98162013
  vertex 0.21457301 -0.07405545 0.97389704
 endloop
endfacet
facet normal 0.22178216 -0.021171527 0.97486633
 outer loop
  vertex 0.2237616 0.032167837 0.9741135
  vertex 0.21457301 -0.07405545 0.97389704
  vertex 0.26351026 0.0104978215 0.9646001
 endloop
endfacet
facet normal 0.49551797 0.86199886 0.10686431
 outer loop
  vertex 0.4477005 0.8915942 0.06799107
  vertex 0.45917806 0.87313247 0.16368842
  vertex 0.5418789 0.82804596 0.14389482
 endloop
endfacet
facet normal 0.49551722 0.86199915 0.10686547
 outer loop
  vertex 0.4477005 0.8915942 0.06799107
  vertex 0.5418789 0.82804596 0.14389482
  vertex 0.5283907 0.8476039 0.048678692
 endloop
endfacet
facet normal 0.40104753 0.20283891 0.8933182
 outer loop
  vertex 0.39333686 0.26030654 0.881775
  vertex 0.35332465 0.17848776 0.9183161
  vertex 0.40343803 0.1446494 0.9035016
 endloop
endfacet
facet normal 0.4010491 0.20283894 0.89331746
 outer loop
  vertex 0.39333686 0.26030654 0.881775
  vertex 0.40343803 0.1446494 0.9035016
  vertex 0.4491942 0.22258963 0.8652623
 endloop
endfacet
facet normal 0.50746596 0.8384777 -0.19857848
 outer loop
  vertex 0.4581568 0.8569407 -0.23610076
  vertex 0.48632705 0.86212105 -0.14223832
  vertex 0.55599374 0.8150796 -0.16283324
 endloop
endfacet
facet normal 0.50746584 0.8384778 -0.19857828
 outer loop
  vertex 0.4581568 0.8569407 -0.23610076
  vertex 0.55599374 0.8150796 -0.16283324
  vertex 0.5238381 0.81259036 -0.2555175
 endloop
endfacet
facet normal 0.4419784 0.28169748 0.85164636
 outer loop
  vertex 0.42956102 0.3396185 0.8367419
  vertex 0.39333686 0.26030654 0.881775
  vertex 0.4491942 0.22258963 0.8652623
 endloop
endfacet
facet normal 0.44197842 0.28169748 0.8516464
 outer loop
  vertex 0.42956102 0.3396185 0.8367419
  vertex 0.4491942 0.22258963 0.8652623
  vertex 0.49062434 0.29838628 0.81869024
 endloop
endfacet
facet normal 0.474902 0.8306143 -0.2907711
 outer loop
  vertex 0.42557418 0.8435075 -0.32768938
  vertex 0.4581568 0.8569407 -0.23610076
  vertex 0.5238381 0.81259036 -0.2555175
 endloop
endfacet
facet normal 0.47490257 0.83061373 -0.2907721
 outer loop
  vertex 0.42557418 0.8435075 -0.32768938
  vertex 0.5238381 0.81259036 -0.2555175
  vertex 0.4866375 0.8022753 -0.34574106
 endloop
endfacet
facet normal 0.4786441 0.3578275 0.80178505
 outer loop
  vertex 0.46164832 0.4156596 0.7836504
  vertex 0.42956102 0.3396185 0.8367419
  vertex 0.49062434 0.29838628 0.81869024
 endloop
endfacet
facet normal 0.47864154 0.3578274 0.8017867
 outer loop
  vertex 0.46164832 0.4156596 0.7836504
  vertex 0.49062434 0.29838628 0.81869024
  vertex 0.5273296 0.37130928 0.7642337
 endloop
endfacet
facet normal 0.43776026 0.8147538 -0.38018724
 outer loop
  vertex 0.38889304 0.82195073 -0.4161222
  vertex 0.42557418 0.8435075 -0.32768938
  vertex 0.4866375 0.8022753 -0.34574106
 endloop
endfacet
facet normal 0.4377601 0.8147539 -0.380187
 outer loop
  vertex 0.38889304 0.82195073 -0.4161222
  vertex 0.4866375 0.8022753 -0.34574106
  vertex 0.44475037 0.7842338 -0.43263486
 endloop
endfacet
facet normal 0.51069295 0.43049654 0.74422145
 outer loop
  vertex 0.4892895 0.48769775 0.7230121
  vertex 0.46164832 0.4156596 0.7836504
  vertex 0.5273296 0.37130928 0.7642337
 endloop
endfacet
facet normal 0.5106946 0.43049666 0.74422014
 outer loop
  vertex 0.4892895 0.48769775 0.7230121
  vertex 0.5273296 0.37130928 0.7642337
  vertex 0.5589561 0.44065633 0.70241714
 endloop
endfacet
facet normal 0.39639455 0.791045 -0.46596035
 outer loop
  vertex 0.34846663 0.79247826 -0.5005475
  vertex 0.38889304 0.82195073 -0.4161222
  vertex 0.44475037 0.7842338 -0.43263486
 endloop
endfacet
facet normal 0.39639434 0.79104537 -0.46596006
 outer loop
  vertex 0.34846663 0.79247826 -0.5005475
  vertex 0.44475037 0.7842338 -0.43263486
  vertex 0.39858 0.75863993 -0.5153621
 endloop
endfacet
facet normal 0.53782606 0.4990077 0.67951035
 outer loop
  vertex 0.5122188 0.5550392 0.65541065
  vertex 0.4892895 0.48769775 0.7230121
  vertex 0.5589561 0.44065633 0.70241714
 endloop
endfacet
facet normal 0.53782606 0.4990077 0.6795105
 outer loop
  vertex 0.5122188 0.5550392 0.65541065
  vertex 0.5589561 0.44065633 0.70241714
  vertex 0.5851999 0.50575966 0.6338359
 endloop
endfacet
facet normal 0.35119966 0.7597096 -0.54726607
 outer loop
  vertex 0.3046843 0.7553738 -0.5801523
  vertex 0.34846663 0.79247826 -0.5005475
  vertex 0.39858 0.75863993 -0.5153621
 endloop
endfacet
facet normal 0.3511997 0.7597096 -0.54726607
 outer loop
  vertex 0.3046843 0.7553738 -0.5801523
  vertex 0.39858 0.75863993 -0.5153621
  vertex 0.34857115 0.72573984 -0.5931261
 endloop
endfacet
facet normal 0.55978227 0.5627103 0.60827714
 outer loop
  vertex 0.530215 0.61703527 0.5814973
  vertex 0.5122188 0.5550392 0.65541065
  vertex 0.5851999 0.50575966 0.6338359
 endloop
endfacet
facet normal 0.5597822 0.56271017 0.6082771
 outer loop
  vertex 0.530215 0.61703527 0.5814973
  vertex 0.5851999 0.50575966 0.6338359
  vertex 0.6058078 0.5659923 0.55915046
 endloop
endfacet
facet normal 0.30260974 0.72104436 -0.62331563
 outer loop
  vertex 0.25796786 0.7109946 -0.6541697
  vertex 0.3046843 0.7553738 -0.5801523
  vertex 0.34857115 0.72573984 -0.5931261
 endloop
endfacet
facet normal 0.3026093 0.72104496 -0.6233152
 outer loop
  vertex 0.25796786 0.7109946 -0.6541697
  vertex 0.34857115 0.72573984 -0.5931261
  vertex 0.29520547 0.68585044 -0.66517794
 endloop
endfacet
facet normal 0.5763546 0.62099516 0.53120655
 outer loop
  vertex 0.54310495 0.67308867 0.5019839
  vertex 0.530215 0.61703527 0.5814973
  vertex 0.6058078 0.5659923 0.55915046
 endloop
endfacet
facet normal 0.5763546 0.6209951 0.5312066
 outer loop
  vertex 0.54310495 0.67308867 0.5019839
  vertex 0.6058078 0.5659923 0.55915046
  vertex 0.62058127 0.62077385 0.4790802
 endloop
endfacet
facet normal 0.2510916 0.6754193 -0.6933699
 outer loop
  vertex 0.20876688 0.6597681 -0.72188723
  vertex 0.25796786 0.7109946 -0.6541697
  vertex 0.29520547 0.68585044 -0.66517794
 endloop
endfacet
facet normal 0.25109208 0.6754185 -0.69337046
 outer loop
  vertex 0.20876688 0.6597681 -0.72188723
  vertex 0.29520547 0.68585044 -0.66517794
  vertex 0.23899667 0.63935584 -0.7308238
 endloop
endfacet
facet normal 0.58738595 0.6733035 0.44904357
 outer loop
  vertex 0.5507646 0.7226602 0.41763604
  vertex 0.54310495 0.67308867 0.5019839
  vertex 0.62058127 0.62077385 0.4790802
 endloop
endfacet
facet normal 0.58738613 0.67330354 0.44904336
 outer loop
  vertex 0.5507646 0.7226602 0.41763604
  vertex 0.62058127 0.62077385 0.4790802
  vertex 0.6293784 0.6695773 0.3943961
 endloop
endfacet
facet normal 0.09027128 -0.28419873 0.9545063
 outer loop
  vertex 0.11099031 -0.24021497 0.96435446
  vertex 0.057342444 -0.32022113 0.94560677
  vertex 0.06508523 -0.32544935 0.94331783
 endloop
endfacet
facet normal 0.09027104 -0.2841986 0.95450634
 outer loop
  vertex 0.11099031 -0.24021497 0.96435446
  vertex 0.06508523 -0.32544935 0.94331783
  vertex 0.12640132 -0.25062105 0.95979863
 endloop
endfacet
facet normal 0.19714357 0.6232702 -0.7567487
 outer loop
  vertex 0.1575554 0.6021877 -0.7826527
  vertex 0.20876688 0.6597681 -0.72188723
  vertex 0.23899667 0.63935584 -0.7308238
 endloop
endfacet
facet normal 0.19714302 0.62327087 -0.7567483
 outer loop
  vertex 0.1575554 0.6021877 -0.7826527
  vertex 0.23899667 0.63935584 -0.7308238
  vertex 0.18048623 0.586704 -0.7894315
 endloop
endfacet
facet normal 0.59277344 0.7191414 0.36256742
 outer loop
  vertex 0.55312 0.7652719 0.32926607
  vertex 0.5507646 0.7226602 0.41763604
  vertex 0.6293784 0.6695773 0.3943961
 endloop
endfacet
facet normal 0.5927735 0.7191415 0.36256728
 outer loop
  vertex 0.55312 0.7652719 0.32926607
  vertex 0.6293784 0.6695773 0.3943961
  vertex 0.6321142 0.7119321 0.30591372
 endloop
endfacet
facet normal 0.14737898 -0.20532699 0.96753305
 outer loop
  vertex 0.1635693 -0.15789558 0.97381496
  vertex 0.11099031 -0.24021497 0.96435446
  vertex 0.12640132 -0.25062105 0.95979863
 endloop
endfacet
facet normal 0.14737926 -0.2053271 0.96753305
 outer loop
  vertex 0.1635693 -0.15789558 0.97381496
  vertex 0.12640132 -0.25062105 0.95979863
  vertex 0.18650012 -0.17337927 0.9670361
 endloop
endfacet
facet normal 0.14128315 0.56509954 -0.8128355
 outer loop
  vertex 0.104826525 0.5388079 -0.83588064
  vertex 0.1575554 0.6021877 -0.7826527
  vertex 0.18048623 0.586704 -0.7894315
 endloop
endfacet
facet normal 0.14128378 0.5650989 -0.8128359
 outer loop
  vertex 0.104826525 0.5388079 -0.83588064
  vertex 0.18048623 0.586704 -0.7894315
  vertex 0.12023754 0.52840185 -0.84043646
 endloop
endfacet
facet normal 0.5924656 0.7580677 0.27261308
 outer loop
  vertex 0.55014867 0.8005137 0.23772523
  vertex 0.55312 0.7652719 0.32926607
  vertex 0.6321142 0.7119321 0.30591372
 endloop
endfacet
facet normal 0.59246516 0.7580678 0.27261385
 outer loop
  vertex 0.55014867 0.8005137 0.23772523
  vertex 0.6321142 0.7119321 0.30591372
  vertex 0.6287624 0.74743086 0.21448529
 endloop
endfacet
facet normal 0.20305972 -0.124481104 0.97122157
 outer loop
  vertex 0.21457301 -0.07405545 0.97389704
  vertex 0.1635693 -0.15789558 0.97381496
  vertex 0.18650012 -0.17337927 0.9670361
 endloop
endfacet
facet normal 0.20306012 -0.12448121 0.9712214
 outer loop
  vertex 0.21457301 -0.07405545 0.97389704
  vertex 0.18650012 -0.17337927 0.9670361
  vertex 0.24480279 -0.094467685 0.96496046
 endloop
endfacet
facet normal 0.08405477 0.50146776 -0.86108357
 outer loop
  vertex 0.05108814 0.47023898 -0.8810587
  vertex 0.104826525 0.5388079 -0.83588064
  vertex 0.12023754 0.52840185 -0.84043646
 endloop
endfacet
facet normal 0.08405346 0.5014688 -0.8610831
 outer loop
  vertex 0.05108814 0.47023898 -0.8810587
  vertex 0.12023754 0.52840185 -0.84043646
  vertex 0.058830924 0.4650108 -0.88334763
 endloop
endfacet
facet normal 0.5864646 0.7897132 0.18003404
 outer loop
  vertex 0.5418789 0.82804596 0.14389482
  vertex 0.55014867 0.8005137 0.23772523
  vertex 0.6287624 0.74743086 0.21448529
 endloop
endfacet
facet normal 0.5864648 0.78971314 0.18003376
 outer loop
  vertex 0.5418789 0.82804596 0.14389482
  vertex 0.6287624 0.74743086 0.21448529
  vertex 0.6193552 0.77573115 0.12099113
 endloop
endfacet
facet normal 0.256772 -0.042448264 0.9655394
 outer loop
  vertex 0.26351026 0.0104978215 0.9646001
  vertex 0.21457301 -0.07405545 0.97389704
  vertex 0.24480279 -0.094467685 0.96496046
 endloop
endfacet
facet normal 0.25677213 -0.04244829 0.96553934
 outer loop
  vertex 0.26351026 0.0104978215 0.9646001
  vertex 0.24480279 -0.094467685 0.96496046
  vertex 0.30074787 -0.014646368 0.9535918
 endloop
endfacet
facet normal 0.5748293 0.8137707 0.08572384
 outer loop
  vertex 0.5283907 0.8476039 0.048678692
  vertex 0.5418789 0.82804596 0.14389482
  vertex 0.6193552 0.77573115 0.12099113
 endloop
endfacet
facet normal 0.5748293 0.81377065 0.08572375
 outer loop
  vertex 0.5283907 0.8476039 0.048678692
  vertex 0.6193552 0.77573115 0.12099113
  vertex 0.60398346 0.79656094 0.026331838
 endloop
endfacet
facet normal 0.30799893 0.039980702 0.95054626
 outer loop
  vertex 0.30990976 0.094950065 0.94601345
  vertex 0.26351026 0.0104978215 0.9646001
  vertex 0.30074787 -0.014646368 0.9535918
 endloop
endfacet
facet normal 0.3079986 0.039980732 0.9505464
 outer loop
  vertex 0.30990976 0.094950065 0.94601345
  vertex 0.30074787 -0.014646368 0.9535918
  vertex 0.3537966 0.065316096 0.93303955
 endloop
endfacet
facet normal 0.55766743 0.83001095 -0.009424559
 outer loop
  vertex 0.5098138 0.8589989 -0.047006134
  vertex 0.5283907 0.8476039 0.048678692
  vertex 0.60398346 0.79656094 0.026331838
 endloop
endfacet
facet normal 0.5576676 0.8300109 -0.009424863
 outer loop
  vertex 0.5098138 0.8589989 -0.047006134
  vertex 0.60398346 0.79656094 0.026331838
  vertex 0.58279496 0.8097193 -0.06858093
 endloop
endfacet
facet normal 0.35624564 0.12200753 0.92639256
 outer loop
  vertex 0.35332465 0.17848776 0.9183161
  vertex 0.30990976 0.094950065 0.94601345
  vertex 0.3537966 0.065316096 0.93303955
 endloop
endfacet
facet normal 0.3562449 0.12200758 0.92639285
 outer loop
  vertex 0.35332465 0.17848776 0.9183161
  vertex 0.3537966 0.065316096 0.93303955
  vertex 0.40343803 0.1446494 0.9035016
 endloop
endfacet
facet normal 0.5351418 0.8382741 -0.10449738
 outer loop
  vertex 0.48632705 0.86212105 -0.14223832
  vertex 0.5098138 0.8589989 -0.047006134
  vertex 0.58279496 0.8097193 -0.06858093
 endloop
endfacet
facet normal 0.53514135 0.83827454 -0.104496524
 outer loop
  vertex 0.48632705 0.86212105 -0.14223832
  vertex 0.58279496 0.8097193 -0.06858093
  vertex 0.55599374 0.8150796 -0.16283324
 endloop
endfacet
facet normal 0.5397469 0.31215516 0.78181356
 outer loop
  vertex 0.5273296 0.37130928 0.7642337
  vertex 0.49062434 0.29838628 0.81869024
  vertex 0.5469819 0.25185406 0.7983612
 endloop
endfacet
facet normal 0.53974676 0.31215516 0.7818137
 outer loop
  vertex 0.5273296 0.37130928 0.7642337
  vertex 0.5469819 0.25185406 0.7983612
  vertex 0.5879492 0.32125807 0.74236727
 endloop
endfacet
facet normal 0.49413413 0.772618 -0.39861354
 outer loop
  vertex 0.44475037 0.7842338 -0.43263486
  vertex 0.4866375 0.8022753 -0.34574106
  vertex 0.5429951 0.7557431 -0.36607006
 endloop
endfacet
facet normal 0.49413416 0.7726181 -0.39861348
 outer loop
  vertex 0.44475037 0.7842338 -0.43263486
  vertex 0.5429951 0.7557431 -0.36607006
  vertex 0.49630314 0.74166876 -0.45123067
 endloop
endfacet
facet normal 0.57593924 0.38173074 0.7228939
 outer loop
  vertex 0.5589561 0.44065633 0.70241714
  vertex 0.5273296 0.37130928 0.7642337
  vertex 0.5879492 0.32125807 0.74236727
 endloop
endfacet
facet normal 0.5759391 0.3817308 0.7228941
 outer loop
  vertex 0.5589561 0.44065633 0.70241714
  vertex 0.5879492 0.32125807 0.74236727
  vertex 0.62325394 0.38756815 0.6792239
 endloop
endfacet
facet normal 0.4474952 0.7528508 -0.48266315
 outer loop
  vertex 0.39858 0.75863993 -0.5153621
  vertex 0.44475037 0.7842338 -0.43263486
  vertex 0.49630314 0.74166876 -0.45123067
 endloop
endfacet
facet normal 0.447495 0.7528511 -0.48266283
 outer loop
  vertex 0.39858 0.75863993 -0.5153621
  vertex 0.49630314 0.74166876 -0.45123067
  vertex 0.44483146 0.72045195 -0.5320457
 endloop
endfacet
facet normal 0.6065826 0.44761664 0.6570365
 outer loop
  vertex 0.5851999 0.50575966 0.6338359
  vertex 0.5589561 0.44065633 0.70241714
  vertex 0.62325394 0.38756815 0.6792239
 endloop
endfacet
facet normal 0.6065823 0.4476166 0.6570368
 outer loop
  vertex 0.5851999 0.50575966 0.6338359
  vertex 0.62325394 0.38756815 0.6792239
  vertex 0.6525568 0.45014575 0.6095393
 endloop
endfacet
facet normal 0.396533 0.72582597 -0.56208384
 outer loop
  vertex 0.34857115 0.72573984 -0.5931261
  vertex 0.39858 0.75863993 -0.5153621
  vertex 0.44483146 0.72045195 -0.5320457
 endloop
endfacet
facet normal 0.3965334 0.7258252 -0.56208456
 outer loop
  vertex 0.34857115 0.72573984 -0.5931261
  vertex 0.44483146 0.72045195 -0.5320457
  vertex 0.38907585 0.6922967 -0.60773677
 endloop
endfacet
facet normal 0.631389 0.50918895 0.5848714
 outer loop
  vertex 0.6058078 0.5659923 0.55915046
  vertex 0.5851999 0.50575966 0.6338359
  vertex 0.6525568 0.45014575 0.6095393
 endloop
endfacet
facet normal 0.63138884 0.50918895 0.5848716
 outer loop
  vertex 0.6058078 0.5659923 0.55915046
  vertex 0.6525568 0.45014575 0.6095393
  vertex 0.675575 0.5083882 0.5339844
 endloop
endfacet
facet normal 0.34173852 0.69179845 -0.63610506
 outer loop
  vertex 0.29520547 0.68585044 -0.66517794
  vertex 0.34857115 0.72573984 -0.5931261
  vertex 0.38907585 0.6922967 -0.60773677
 endloop
endfacet
facet normal 0.3417381 0.6917992 -0.63610446
 outer loop
  vertex 0.29520547 0.68585044 -0.66517794
  vertex 0.38907585 0.6922967 -0.60773677
  vertex 0.3295734 0.6574742 -0.677575
 endloop
endfacet
facet normal 0.650123 0.5658581 0.5070943
 outer loop
  vertex 0.62058127 0.62077385 0.4790802
  vertex 0.6058078 0.5659923 0.55915046
  vertex 0.675575 0.5083882 0.5339844
 endloop
endfacet
facet normal 0.6501228 0.5658581 0.50709456
 outer loop
  vertex 0.62058127 0.62077385 0.4790802
  vertex 0.675575 0.5083882 0.5339844
  vertex 0.692087 0.56173444 0.45328704
 endloop
endfacet
facet normal 0.28363585 0.6510943 -0.70400774
 outer loop
  vertex 0.23899667 0.63935584 -0.7308238
  vertex 0.29520547 0.68585044 -0.66517794
  vertex 0.3295734 0.6574742 -0.677575
 endloop
endfacet
facet normal 0.28363544 0.65109503 -0.7040072
 outer loop
  vertex 0.23899667 0.63935584 -0.7308238
  vertex 0.3295734 0.6574742 -0.677575
  vertex 0.26689675 0.61631984 -0.7408879
 endloop
endfacet
facet normal 0.6626068 0.6170811 0.42445636
 outer loop
  vertex 0.6293784 0.6695773 0.3943961
  vertex 0.62058127 0.62077385 0.4790802
  vertex 0.692087 0.56173444 0.45328704
 endloop
endfacet
facet normal 0.66260725 0.617081 0.4244557
 outer loop
  vertex 0.6293784 0.6695773 0.3943961
  vertex 0.692087 0.56173444 0.45328704
  vertex 0.70193386 0.60967106 0.36822426
 endloop
endfacet
facet normal 0.1014432 -0.29254904 0.95085454
 outer loop
  vertex 0.12640132 -0.25062105 0.95979863
  vertex 0.06508523 -0.32544935 0.94331783
  vertex 0.07223132 -0.3313496 0.9407401
 endloop
endfacet
facet normal 0.10144197 -0.29254833 0.95085484
 outer loop
  vertex 0.12640132 -0.25062105 0.95979863
  vertex 0.07223132 -0.3313496 0.9407401
  vertex 0.1406247 -0.26236475 0.95466805
 endloop
endfacet
facet normal 0.2227878 0.6041032 -0.76513064
 outer loop
  vertex 0.18048623 0.586704 -0.7894315
  vertex 0.23899667 0.63935584 -0.7308238
  vertex 0.26689675 0.61631984 -0.7408879
 endloop
endfacet
facet normal 0.22278781 0.6041032 -0.76513064
 outer loop
  vertex 0.18048623 0.586704 -0.7894315
  vertex 0.26689675 0.61631984 -0.7408879
  vertex 0.20164992 0.56923 -0.7970656
 endloop
endfacet
facet normal 0.6687243 0.66237324 0.33774173
 outer loop
  vertex 0.6321142 0.7119321 0.30591372
  vertex 0.6293784 0.6695773 0.3943961
  vertex 0.70193386 0.60967106 0.36822426
 endloop
endfacet
facet normal 0.6687237 0.6623734 0.3377427
 outer loop
  vertex 0.6321142 0.7119321 0.30591372
  vertex 0.70193386 0.60967106 0.36822426
  vertex 0.7050208 0.6517361 0.27961522
 endloop
endfacet
facet normal 0.16587687 -0.21915284 0.9614868
 outer loop
  vertex 0.18650012 -0.17337927 0.9670361
  vertex 0.12640132 -0.25062105 0.95979863
  vertex 0.1406247 -0.26236475 0.95466805
 endloop
endfacet
facet normal 0.16587657 -0.2191527 0.96148694
 outer loop
  vertex 0.18650012 -0.17337927 0.9670361
  vertex 0.1406247 -0.26236475 0.95466805
  vertex 0.2076638 -0.19085327 0.9594021
 endloop
endfacet
facet normal 0.15978004 0.5512741 -0.81888163
 outer loop
  vertex 0.12023754 0.52840185 -0.84043646
  vertex 0.18048623 0.586704 -0.7894315
  vertex 0.20164992 0.56923 -0.7970656
 endloop
endfacet
facet normal 0.1597806 0.55127335 -0.81888205
 outer loop
  vertex 0.12023754 0.52840185 -0.84043646
  vertex 0.20164992 0.56923 -0.7970656
  vertex 0.13446093 0.5166582 -0.84556705
 endloop
endfacet
facet normal 0.6684158 0.7012998 0.24778832
 outer loop
  vertex 0.6287624 0.74743086 0.21448529
  vertex 0.6321142 0.7119321 0.30591372
  vertex 0.7050208 0.6517361 0.27961522
 endloop
endfacet
facet normal 0.6684163 0.7012995 0.2477873
 outer loop
  vertex 0.6287624 0.74743086 0.21448529
  vertex 0.7050208 0.6517361 0.27961522
  vertex 0.7013179 0.6875246 0.18831345
 endloop
endfacet
facet normal 0.22870477 -0.14364888 0.9628391
 outer loop
  vertex 0.24480279 -0.094467685 0.96496046
  vertex 0.18650012 -0.17337927 0.9670361
  vertex 0.2076638 -0.19085327 0.9594021
 endloop
endfacet
facet normal 0.22870557 -0.14364916 0.9628388
 outer loop
  vertex 0.24480279 -0.094467685 0.96496046
  vertex 0.2076638 -0.19085327 0.9594021
  vertex 0.27270287 -0.11750375 0.95489645
 endloop
endfacet
facet normal 0.09522512 0.4931188 -0.86473465
 outer loop
  vertex 0.058830924 0.4650108 -0.88334763
  vertex 0.12023754 0.52840185 -0.84043646
  vertex 0.13446093 0.5166582 -0.84556705
 endloop
endfacet
facet normal 0.09522754 0.49311638 -0.8647358
 outer loop
  vertex 0.058830924 0.4650108 -0.88334763
  vertex 0.13446093 0.5166582 -0.84556705
  vertex 0.06597702 0.45911056 -0.8859253
 endloop
endfacet
facet normal 0.6616862 0.73349005 0.1554466
 outer loop
  vertex 0.6193552 0.77573115 0.12099113
  vertex 0.6287624 0.74743086 0.21448529
  vertex 0.7013179 0.6875246 0.18831345
 endloop
endfacet
facet normal 0.66168576 0.7334902 0.15544741
 outer loop
  vertex 0.6193552 0.77573115 0.12099113
  vertex 0.7013179 0.6875246 0.18831345
  vertex 0.6908609 0.71669173 0.09519797
 endloop
endfacet
facet normal 0.28931642 -0.06677292 0.9549018
 outer loop
  vertex 0.30074787 -0.014646368 0.9535918
  vertex 0.24480279 -0.094467685 0.96496046
  vertex 0.27270287 -0.11750375 0.95489645
 endloop
endfacet
facet normal 0.28931636 -0.06677291 0.9549018
 outer loop
  vertex 0.30074787 -0.014646368 0.9535918
  vertex 0.27270287 -0.11750375 0.95489645
  vertex 0.3351158 -0.043022618 0.9411948
 endloop
endfacet
facet normal 0.64859766 0.75863373 0.061611604
 outer loop
  vertex 0.60398346 0.79656094 0.026331838
  vertex 0.6193552 0.77573115 0.12099113
  vertex 0.6908609 0.71669173 0.09519797
 endloop
endfacet
facet normal 0.64859796 0.7586335 0.061610986
 outer loop
  vertex 0.60398346 0.79656094 0.026331838
  vertex 0.6908609 0.71669173 0.09519797
  vertex 0.6737507 0.73895687 0.0011657432
 endloop
endfacet
facet normal 0.347127 0.010734894 0.9377566
 outer loop
  vertex 0.3537966 0.065316096 0.93303955
  vertex 0.30074787 -0.014646368 0.9535918
  vertex 0.3351158 -0.043022618 0.9411948
 endloop
endfacet
facet normal 0.34712642 0.010735019 0.9377569
 outer loop
  vertex 0.3537966 0.065316096 0.93303955
  vertex 0.3351158 -0.043022618 0.9411948
  vertex 0.3943013 0.031872973 0.9184289
 endloop
endfacet
facet normal 0.6292744 0.7764894 -0.03283052
 outer loop
  vertex 0.58279496 0.8097193 -0.06858093
  vertex 0.60398346 0.79656094 0.026331838
  vertex 0.6737507 0.73895687 0.0011657432
 endloop
endfacet
facet normal 0.62927413 0.77648973 -0.032829877
 outer loop
  vertex 0.58279496 0.8097193 -0.06858093
  vertex 0.6737507 0.73895687 0.0011657432
  vertex 0.65015185 0.75410545 -0.092877574
 endloop
endfacet
facet normal 0.4015788 0.088123545 0.9115749
 outer loop
  vertex 0.40343803 0.1446494 0.9035016
  vertex 0.3537966 0.065316096 0.93303955
  vertex 0.3943013 0.031872973 0.9184289
 endloop
endfacet
facet normal 0.40157956 0.088123426 0.91157454
 outer loop
  vertex 0.40343803 0.1446494 0.9035016
  vertex 0.3943013 0.031872973 0.9184289
  vertex 0.44968948 0.10646142 0.88681793
 endloop
endfacet
facet normal 0.603898 0.7868836 -0.12697059
 outer loop
  vertex 0.55599374 0.8150796 -0.16283324
  vertex 0.58279496 0.8097193 -0.06858093
  vertex 0.65015185 0.75410545 -0.092877574
 endloop
endfacet
facet normal 0.6038981 0.7868834 -0.12697089
 outer loop
  vertex 0.55599374 0.8150796 -0.16283324
  vertex 0.65015185 0.75410545 -0.092877574
  vertex 0.6202916 0.76199144 -0.18602647
 endloop
endfacet
facet normal 0.45214948 0.16464472 0.87661445
 outer loop
  vertex 0.4491942 0.22258963 0.8652623
  vertex 0.40343803 0.1446494 0.9035016
  vertex 0.44968948 0.10646142 0.88681793
 endloop
endfacet
facet normal 0.45214805 0.16464485 0.87661517
 outer loop
  vertex 0.4491942 0.22258963 0.8652623
  vertex 0.44968948 0.10646142 0.88681793
  vertex 0.50074697 0.18002461 0.8466665
 endloop
endfacet
facet normal 0.5727107 0.78971165 -0.21990441
 outer loop
  vertex 0.5238381 0.81259036 -0.2555175
  vertex 0.55599374 0.8150796 -0.16283324
  vertex 0.6202916 0.76199144 -0.18602647
 endloop
endfacet
facet normal 0.5727108 0.78971165 -0.21990459
 outer loop
  vertex 0.5238381 0.81259036 -0.2555175
  vertex 0.6202916 0.76199144 -0.18602647
  vertex 0.5844577 0.76253915 -0.27738395
 endloop
endfacet
facet normal 0.4983513 0.23956251 0.83322006
 outer loop
  vertex 0.49062434 0.29838628 0.81869024
  vertex 0.4491942 0.22258963 0.8652623
  vertex 0.50074697 0.18002461 0.8466665
 endloop
endfacet
facet normal 0.4983528 0.23956247 0.83321923
 outer loop
  vertex 0.49062434 0.29838628 0.81869024
  vertex 0.50074697 0.18002461 0.8466665
  vertex 0.5469819 0.25185406 0.7983612
 endloop
endfacet
facet normal 0.53600603 0.7849429 -0.31074458
 outer loop
  vertex 0.4866375 0.8022753 -0.34574106
  vertex 0.5238381 0.81259036 -0.2555175
  vertex 0.5844577 0.76253915 -0.27738395
 endloop
endfacet
facet normal 0.536006 0.7849429 -0.3107445
 outer loop
  vertex 0.4866375 0.8022753 -0.34574106
  vertex 0.5844577 0.76253915 -0.27738395
  vertex 0.5429951 0.7557431 -0.36607006
 endloop
endfacet
facet normal 0.66950977 0.3902814 0.6320104
 outer loop
  vertex 0.6525568 0.45014575 0.6095393
  vertex 0.62325394 0.38756815 0.6792239
  vertex 0.6815638 0.32894447 0.6536558
 endloop
endfacet
facet normal 0.6695098 0.3902814 0.63201034
 outer loop
  vertex 0.6525568 0.45014575 0.6095393
  vertex 0.6815638 0.32894447 0.6536558
  vertex 0.7136408 0.388733 0.58275473
 endloop
endfacet
facet normal 0.4380237 0.688022 -0.5785853
 outer loop
  vertex 0.38907585 0.6922967 -0.60773677
  vertex 0.44483146 0.72045195 -0.5320457
  vertex 0.48677555 0.67828214 -0.55043757
 endloop
endfacet
facet normal 0.43802312 0.6880235 -0.5785839
 outer loop
  vertex 0.38907585 0.6922967 -0.60773677
  vertex 0.48677555 0.67828214 -0.55043757
  vertex 0.42580843 0.6553665 -0.62384355
 endloop
endfacet
facet normal 0.6969252 0.44947666 0.5588077
 outer loop
  vertex 0.675575 0.5083882 0.5339844
  vertex 0.6525568 0.45014575 0.6095393
  vertex 0.7136408 0.388733 0.58275473
 endloop
endfacet
facet normal 0.69692487 0.44947672 0.5588081
 outer loop
  vertex 0.675575 0.5083882 0.5339844
  vertex 0.7136408 0.388733 0.58275473
  vertex 0.73884493 0.44477788 0.50624144
 endloop
endfacet
facet normal 0.3775486 0.6591711 -0.65034634
 outer loop
  vertex 0.3295734 0.6574742 -0.677575
  vertex 0.38907585 0.6922967 -0.60773677
  vertex 0.42580843 0.6553665 -0.62384355
 endloop
endfacet
facet normal 0.37754926 0.6591698 -0.6503475
 outer loop
  vertex 0.3295734 0.6574742 -0.677575
  vertex 0.42580843 0.6553665 -0.62384355
  vertex 0.36074066 0.6261392 -0.6912414
 endloop
endfacet
facet normal 0.7176374 0.5043434 0.48024392
 outer loop
  vertex 0.692087 0.56173444 0.45328704
  vertex 0.675575 0.5083882 0.5339844
  vertex 0.73884493 0.44477788 0.50624144
 endloop
endfacet
facet normal 0.71763724 0.5043435 0.4802442
 outer loop
  vertex 0.692087 0.56173444 0.45328704
  vertex 0.73884493 0.44477788 0.50624144
  vertex 0.75693345 0.49653912 0.42485276
 endloop
endfacet
facet normal 0.3134221 0.62395555 -0.7158534
 outer loop
  vertex 0.26689675 0.61631984 -0.7408879
  vertex 0.3295734 0.6574742 -0.677575
  vertex 0.36074066 0.6261392 -0.6912414
 endloop
endfacet
facet normal 0.3134225 0.62395465 -0.71585405
 outer loop
  vertex 0.26689675 0.61631984 -0.7408879
  vertex 0.36074066 0.6261392 -0.6912414
  vertex 0.29219857 0.5908818 -0.75198233
 endloop
endfacet
facet normal 0.7314507 0.5543557 0.3970766
 outer loop
  vertex 0.70193386 0.60967106 0.36822426
  vertex 0.692087 0.56173444 0.45328704
  vertex 0.75693345 0.49653912 0.42485276
 endloop
endfacet
facet normal 0.73145074 0.5543556 0.39707637
 outer loop
  vertex 0.70193386 0.60967106 0.36822426
  vertex 0.75693345 0.49653912 0.42485276
  vertex 0.7677324 0.54351854 0.3393725
 endloop
endfacet
facet normal 0.11166645 -0.30186412 0.9467886
 outer loop
  vertex 0.1406247 -0.26236475 0.95466805
  vertex 0.07223132 -0.3313496 0.9407401
  vertex 0.07871191 -0.33786505 0.93789846
 endloop
endfacet
facet normal 0.11166665 -0.3018643 0.9467885
 outer loop
  vertex 0.1406247 -0.26236475 0.95466805
  vertex 0.07871191 -0.33786505 0.93789846
  vertex 0.15352346 -0.2753329 0.9490121
 endloop
endfacet
facet normal 0.24626127 0.58271587 -0.77446604
 outer loop
  vertex 0.20164992 0.56923 -0.7970656
  vertex 0.26689675 0.61631984 -0.7408879
  vertex 0.29219857 0.5908818 -0.75198233
 endloop
endfacet
facet normal 0.24626152 0.58271533 -0.77446634
 outer loop
  vertex 0.20164992 0.56923 -0.7970656
  vertex 0.29219857 0.5908818 -0.75198233
  vertex 0.22084263 0.54993397 -0.8054813
 endloop
endfacet
facet normal 0.73823553 0.59903896 0.31009778
 outer loop
  vertex 0.7050208 0.6517361 0.27961522
  vertex 0.70193386 0.60967106 0.36822426
  vertex 0.7677324 0.54351854 0.3393725
 endloop
endfacet
facet normal 0.7382359 0.5990388 0.31009713
 outer loop
  vertex 0.7050208 0.6517361 0.27961522
  vertex 0.7677324 0.54351854 0.3393725
  vertex 0.7711376 0.5852635 0.25062385
 endloop
endfacet
facet normal 0.18280698 -0.23457852 0.95475364
 outer loop
  vertex 0.2076638 -0.19085327 0.9594021
  vertex 0.1406247 -0.26236475 0.95466805
  vertex 0.15352346 -0.2753329 0.9490121
 endloop
endfacet
facet normal 0.18280487 -0.23457727 0.95475435
 outer loop
  vertex 0.2076638 -0.19085327 0.9594021
  vertex 0.15352346 -0.2753329 0.9490121
  vertex 0.22685651 -0.21014927 0.9509864
 endloop
endfacet
facet normal 0.1767122 0.5358465 -0.82561576
 outer loop
  vertex 0.13446093 0.5166582 -0.84556705
  vertex 0.20164992 0.56923 -0.7970656
  vertex 0.22084263 0.54993397 -0.8054813
 endloop
endfacet
facet normal 0.17671092 0.53584856 -0.8256147
 outer loop
  vertex 0.13446093 0.5166582 -0.84556705
  vertex 0.22084263 0.54993397 -0.8054813
  vertex 0.14735968 0.50369 -0.851223
 endloop
endfacet
facet normal 0.73792785 0.6379653 0.22014238
 outer loop
  vertex 0.7013179 0.6875246 0.18831345
  vertex 0.7050208 0.6517361 0.27961522
  vertex 0.7711376 0.5852635 0.25062385
 endloop
endfacet
facet normal 0.7379278 0.6379653 0.22014256
 outer loop
  vertex 0.7013179 0.6875246 0.18831345
  vertex 0.7711376 0.5852635 0.25062385
  vertex 0.7671164 0.62137204 0.15946168
 endloop
endfacet
facet normal 0.25217536 -0.16503319 0.95350486
 outer loop
  vertex 0.27270287 -0.11750375 0.95489645
  vertex 0.2076638 -0.19085327 0.9594021
  vertex 0.22685651 -0.21014927 0.9509864
 endloop
endfacet
facet normal 0.25217694 -0.16503395 0.9535044
 outer loop
  vertex 0.27270287 -0.11750375 0.95489645
  vertex 0.22685651 -0.21014927 0.9509864
  vertex 0.2980047 -0.14294173 0.94380194
 endloop
endfacet
facet normal 0.10544886 0.48380324 -0.86880094
 outer loop
  vertex 0.06597702 0.45911056 -0.8859253
  vertex 0.13446093 0.5166582 -0.84556705
  vertex 0.14735968 0.50369 -0.851223
 endloop
endfacet
facet normal 0.10544924 0.4838026 -0.8688012
 outer loop
  vertex 0.06597702 0.45911056 -0.8859253
  vertex 0.14735968 0.50369 -0.851223
  vertex 0.07245761 0.45259508 -0.88876694
 endloop
endfacet
facet normal 0.7305298 0.6707643 0.12806813
 outer loop
  vertex 0.6908609 0.71669173 0.09519797
  vertex 0.7013179 0.6875246 0.18831345
  vertex 0.7671164 0.62137204 0.15946168
 endloop
endfacet
facet normal 0.73052955 0.6707645 0.1280687
 outer loop
  vertex 0.6908609 0.71669173 0.09519797
  vertex 0.7671164 0.62137204 0.15946168
  vertex 0.7557074 0.6514964 0.06676368
 endloop
endfacet
facet normal 0.3191013 -0.09391095 0.9430563
 outer loop
  vertex 0.3351158 -0.043022618 0.9411948
  vertex 0.27270287 -0.11750375 0.95489645
  vertex 0.2980047 -0.14294173 0.94380194
 endloop
endfacet
facet normal 0.31910056 -0.09391064 0.9430565
 outer loop
  vertex 0.3351158 -0.043022618 0.9411948
  vertex 0.2980047 -0.14294173 0.94380194
  vertex 0.36628306 -0.074357584 0.9275284
 endloop
endfacet
facet normal 0.7161119 0.69711936 0.03476064
 outer loop
  vertex 0.6737507 0.73895687 0.0011657432
  vertex 0.6908609 0.71669173 0.09519797
  vertex 0.7557074 0.6514964 0.06676368
 endloop
endfacet
facet normal 0.71611196 0.69711936 0.034760498
 outer loop
  vertex 0.6737507 0.73895687 0.0011657432
  vertex 0.7557074 0.6514964 0.06676368
  vertex 0.7370206 0.67534655 -0.026577238
 endloop
endfacet
facet normal 0.382937 -0.021893028 0.923515
 outer loop
  vertex 0.3943013 0.031872973 0.9184289
  vertex 0.3351158 -0.043022618 0.9411948
  vertex 0.36628306 -0.074357584 0.9275284
 endloop
endfacet
facet normal 0.3829374 -0.02189316 0.92351484
 outer loop
  vertex 0.3943013 0.031872973 0.9184289
  vertex 0.36628306 -0.074357584 0.9275284
  vertex 0.43103388 -0.005057232 0.9023222
 endloop
endfacet
facet normal 0.69481015 0.71677786 -0.058893654
 outer loop
  vertex 0.65015185 0.75410545 -0.092877574
  vertex 0.6737507 0.73895687 0.0011657432
  vertex 0.7370206 0.67534655 -0.026577238
 endloop
endfacet
facet normal 0.6948104 0.71677744 -0.058894347
 outer loop
  vertex 0.65015185 0.75410545 -0.092877574
  vertex 0.7370206 0.67534655 -0.026577238
  vertex 0.7112359 0.6926927 -0.11966211
 endloop
endfacet
facet normal 0.4430691 0.05032095 0.895074
 outer loop
  vertex 0.44968948 0.10646142 0.88681793
  vertex 0.3943013 0.031872973 0.9184289
  vertex 0.43103388 -0.005057232 0.9023222
 endloop
endfacet
facet normal 0.44306844 0.0503211 0.89507437
 outer loop
  vertex 0.44968948 0.10646142 0.88681793
  vertex 0.43103388 -0.005057232 0.9023222
  vertex 0.49163356 0.06429161 0.8684261
 endloop
endfacet
facet normal 0.6668254 0.7295482 -0.15199718
 outer loop
  vertex 0.6202916 0.76199144 -0.18602647
  vertex 0.65015185 0.75410545 -0.092877574
  vertex 0.7112359 0.6926927 -0.11966211
 endloop
endfacet
facet normal 0.66682565 0.72954816 -0.15199746
 outer loop
  vertex 0.6202916 0.76199144 -0.18602647
  vertex 0.7112359 0.6926927 -0.11966211
  vertex 0.67860144 0.70336777 -0.21159457
 endloop
endfacet
facet normal 0.49891633 0.122032814 0.8580155
 outer loop
  vertex 0.50074697 0.18002461 0.8466665
  vertex 0.44968948 0.10646142 0.88681793
  vertex 0.49163356 0.06429161 0.8684261
 endloop
endfacet
facet normal 0.4989171 0.12203266 0.858015
 outer loop
  vertex 0.50074697 0.18002461 0.8466665
  vertex 0.49163356 0.06429161 0.8684261
  vertex 0.5474987 0.13302137 0.8261665
 endloop
endfacet
facet normal 0.63242394 0.735305 -0.24365252
 outer loop
  vertex 0.5844577 0.76253915 -0.27738395
  vertex 0.6202916 0.76199144 -0.18602647
  vertex 0.67860144 0.70336777 -0.21159457
 endloop
endfacet
facet normal 0.63242394 0.735305 -0.24365264
 outer loop
  vertex 0.5844577 0.76253915 -0.27738395
  vertex 0.67860144 0.70336777 -0.21159457
  vertex 0.63943183 0.70726913 -0.30148938
 endloop
endfacet
facet normal 0.54994714 0.19255328 0.8127001
 outer loop
  vertex 0.5469819 0.25185406 0.7983612
  vertex 0.50074697 0.18002461 0.8466665
  vertex 0.5474987 0.13302137 0.8261665
 endloop
endfacet
facet normal 0.5499483 0.19255309 0.8126993
 outer loop
  vertex 0.5469819 0.25185406 0.7983612
  vertex 0.5474987 0.13302137 0.8261665
  vertex 0.59809077 0.20047008 0.77595055
 endloop
endfacet
facet normal 0.59192973 0.73398906 -0.33298546
 outer loop
  vertex 0.5429951 0.7557431 -0.36607006
  vertex 0.5844577 0.76253915 -0.27738395
  vertex 0.63943183 0.70726913 -0.30148938
 endloop
endfacet
facet normal 0.59192985 0.73398876 -0.3329858
 outer loop
  vertex 0.5429951 0.7557431 -0.36607006
  vertex 0.63943183 0.70726913 -0.30148938
  vertex 0.594104 0.70435905 -0.3884807
 endloop
endfacet
facet normal 0.5956705 0.26120117 0.75957274
 outer loop
  vertex 0.5879492 0.32125807 0.74236727
  vertex 0.5469819 0.25185406 0.7983612
  vertex 0.59809077 0.20047008 0.77595055
 endloop
endfacet
facet normal 0.5956698 0.26120126 0.75957316
 outer loop
  vertex 0.5879492 0.32125807 0.74236727
  vertex 0.59809077 0.20047008 0.77595055
  vertex 0.64292336 0.26598805 0.71826184
 endloop
endfacet
facet normal 0.5457294 0.725608 -0.41913292
 outer loop
  vertex 0.49630314 0.74166876 -0.45123067
  vertex 0.5429951 0.7557431 -0.36607006
  vertex 0.594104 0.70435905 -0.3884807
 endloop
endfacet
facet normal 0.5457291 0.72560894 -0.41913176
 outer loop
  vertex 0.49630314 0.74166876 -0.45123067
  vertex 0.594104 0.70435905 -0.3884807
  vertex 0.5430548 0.69466555 -0.47173068
 endloop
endfacet
facet normal 0.63565224 0.32732433 0.6991459
 outer loop
  vertex 0.62325394 0.38756815 0.6792239
  vertex 0.5879492 0.32125807 0.74236727
  vertex 0.64292336 0.26598805 0.71826184
 endloop
endfacet
facet normal 0.635652 0.3273244 0.69914615
 outer loop
  vertex 0.62325394 0.38756815 0.6792239
  vertex 0.64292336 0.26598805 0.71826184
  vertex 0.6815638 0.32894447 0.6536558
 endloop
endfacet
facet normal 0.4942632 0.7102392 -0.50126266
 outer loop
  vertex 0.44483146 0.72045195 -0.5320457
  vertex 0.49630314 0.74166876 -0.45123067
  vertex 0.5430548 0.69466555 -0.47173068
 endloop
endfacet
facet normal 0.4942636 0.71023804 -0.5012638
 outer loop
  vertex 0.44483146 0.72045195 -0.5320457
  vertex 0.5430548 0.69466555 -0.47173068
  vertex 0.48677555 0.67828214 -0.55043757
 endloop
endfacet
facet normal 0.77824825 0.43704313 0.4509135
 outer loop
  vertex 0.75693345 0.49653912 0.42485276
  vertex 0.73884493 0.44477788 0.50624144
  vertex 0.7950081 0.37577385 0.47618875
 endloop
endfacet
facet normal 0.7782485 0.43704307 0.45091304
 outer loop
  vertex 0.75693345 0.49653912 0.42485276
  vertex 0.7950081 0.37577385 0.47618875
  vertex 0.8144961 0.42581558 0.39405122
 endloop
endfacet
facet normal 0.3401607 0.5942655 -0.7287931
 outer loop
  vertex 0.29219857 0.5908818 -0.75198233
  vertex 0.36074066 0.6261392 -0.6912414
  vertex 0.3884071 0.59214723 -0.7060456
 endloop
endfacet
facet normal 0.34016058 0.5942658 -0.72879285
 outer loop
  vertex 0.29219857 0.5908818 -0.75198233
  vertex 0.3884071 0.59214723 -0.7060456
  vertex 0.31465837 0.5632869 -0.76400054
 endloop
endfacet
facet normal 0.7932553 0.48572996 0.36716807
 outer loop
  vertex 0.7677324 0.54351854 0.3393725
  vertex 0.75693345 0.49653912 0.42485276
  vertex 0.8144961 0.42581558 0.39405122
 endloop
endfacet
facet normal 0.7932548 0.4857302 0.36716896
 outer loop
  vertex 0.7677324 0.54351854 0.3393725
  vertex 0.8144961 0.42581558 0.39405122
  vertex 0.8261402 0.4717567 0.30811873
 endloop
endfacet
facet normal 0.120844245 -0.31205475 0.9423473
 outer loop
  vertex 0.15352346 -0.2753329 0.9490121
  vertex 0.07871191 -0.33786505 0.93789846
  vertex 0.08446458 -0.34493297 0.93482023
 endloop
endfacet
facet normal 0.120844945 -0.3120554 0.942347
 outer loop
  vertex 0.15352346 -0.2753329 0.9490121
  vertex 0.08446458 -0.34493297 0.93482023
  vertex 0.16497341 -0.28940067 0.9428853
 endloop
endfacet
facet normal 0.26733056 0.559321 -0.784662
 outer loop
  vertex 0.22084263 0.54993397 -0.8054813
  vertex 0.29219857 0.5908818 -0.75198233
  vertex 0.31465837 0.5632869 -0.76400054
 endloop
endfacet
facet normal 0.26733035 0.5593216 -0.7846617
 outer loop
  vertex 0.22084263 0.54993397 -0.8054813
  vertex 0.31465837 0.5632869 -0.76400054
  vertex 0.23787959 0.52900183 -0.8145977
 endloop
endfacet
facet normal 0.80063933 0.5297483 0.2798991
 outer loop
  vertex 0.7711376 0.5852635 0.25062385
  vertex 0.7677324 0.54351854 0.3393725
  vertex 0.8261402 0.4717567 0.30811873
 endloop
endfacet
facet normal 0.8006396 0.52974814 0.27989855
 outer loop
  vertex 0.7711376 0.5852635 0.25062385
  vertex 0.8261402 0.4717567 0.30811873
  vertex 0.829828 0.5131544 0.21921885
 endloop
endfacet
facet normal 0.19800451 -0.25145444 0.947399
 outer loop
  vertex 0.22685651 -0.21014927 0.9509864
  vertex 0.15352346 -0.2753329 0.9490121
  vertex 0.16497341 -0.28940067 0.9428853
 endloop
endfacet
facet normal 0.19800444 -0.25145438 0.9473991
 outer loop
  vertex 0.22685651 -0.21014927 0.9509864
  vertex 0.16497341 -0.28940067 0.9428853
  vertex 0.24389347 -0.23108144 0.94187
 endloop
endfacet
facet normal 0.19190855 0.51897365 -0.83296907
 outer loop
  vertex 0.14735968 0.50369 -0.851223
  vertex 0.22084263 0.54993397 -0.8054813
  vertex 0.23787959 0.52900183 -0.8145977
 endloop
endfacet
facet normal 0.191909 0.51897275 -0.8329695
 outer loop
  vertex 0.14735968 0.50369 -0.851223
  vertex 0.23787959 0.52900183 -0.8145977
  vertex 0.15880963 0.4896222 -0.8573498
 endloop
endfacet
facet normal 0.80033153 0.5686744 0.18994434
 outer loop
  vertex 0.7671164 0.62137204 0.15946168
  vertex 0.7711376 0.5852635 0.25062385
  vertex 0.829828 0.5131544 0.21921885
 endloop
endfacet
facet normal 0.8003313 0.5686745 0.18994491
 outer loop
  vertex 0.7671164 0.62137204 0.15946168
  vertex 0.829828 0.5131544 0.21921885
  vertex 0.8255243 0.5496102 0.12820792
 endloop
endfacet
facet normal 0.27324817 -0.18843071 0.9433077
 outer loop
  vertex 0.2980047 -0.14294173 0.94380194
  vertex 0.22685651 -0.21014927 0.9509864
  vertex 0.24389347 -0.23108144 0.94187
 endloop
endfacet
facet normal 0.27324757 -0.18843032 0.9433079
 outer loop
  vertex 0.2980047 -0.14294173 0.94380194
  vertex 0.24389347 -0.23108144 0.94187
  vertex 0.3204645 -0.17053667 0.9317838
 endloop
endfacet
facet normal 0.11462722 0.47361183 -0.8732425
 outer loop
  vertex 0.07245761 0.45259508 -0.88876694
  vertex 0.14735968 0.50369 -0.851223
  vertex 0.15880963 0.4896222 -0.8573498
 endloop
endfacet
facet normal 0.1146274 0.47361147 -0.8732426
 outer loop
  vertex 0.07245761 0.45259508 -0.88876694
  vertex 0.15880963 0.4896222 -0.8573498
  vertex 0.07821027 0.44552717 -0.89184517
 endloop
endfacet
facet normal 0.7923338 0.6021392 0.098160595
 outer loop
  vertex 0.7557074 0.6514964 0.06676368
  vertex 0.7671164 0.62137204 0.15946168
  vertex 0.8255243 0.5496102 0.12820792
 endloop
endfacet
facet normal 0.79233414 0.6021389 0.09815961
 outer loop
  vertex 0.7557074 0.6514964 0.06676368
  vertex 0.8255243 0.5496102 0.12820792
  vertex 0.81327003 0.5807729 0.035962146
 endloop
endfacet
facet normal 0.34584022 -0.123601414 0.9301168
 outer loop
  vertex 0.36628306 -0.074357584 0.9275284
  vertex 0.2980047 -0.14294173 0.94380194
  vertex 0.3204645 -0.17053667 0.9317838
 endloop
endfacet
facet normal 0.3458412 -0.12360189 0.93011636
 outer loop
  vertex 0.36628306 -0.074357584 0.9275284
  vertex 0.3204645 -0.17053667 0.9317838
  vertex 0.3939495 -0.10834956 0.91272414
 endloop
endfacet
facet normal 0.77672327 0.6298187 0.0054297345
 outer loop
  vertex 0.7370206 0.67534655 -0.026577238
  vertex 0.7557074 0.6514964 0.06676368
  vertex 0.81327003 0.5807729 0.035962146
 endloop
endfacet
facet normal 0.7767231 0.62981886 0.0054301503
 outer loop
  vertex 0.7370206 0.67534655 -0.026577238
  vertex 0.81327003 0.5807729 0.035962146
  vertex 0.7931838 0.6063425 -0.05662993
 endloop
endfacet
facet normal 0.4150871 -0.05759098 0.907957
 outer loop
  vertex 0.43103388 -0.005057232 0.9023222
  vertex 0.36628306 -0.074357584 0.9275284
  vertex 0.3939495 -0.10834956 0.91272414
 endloop
endfacet
facet normal 0.41508713 -0.057590995 0.907957
 outer loop
  vertex 0.43103388 -0.005057232 0.9023222
  vertex 0.3939495 -0.10834956 0.91272414
  vertex 0.46364048 -0.045118883 0.88487446
 endloop
endfacet
facet normal 0.7536449 0.65144956 -0.08736534
 outer loop
  vertex 0.7112359 0.6926927 -0.11966211
  vertex 0.7370206 0.67534655 -0.026577238
  vertex 0.7931838 0.6063425 -0.05662993
 endloop
endfacet
facet normal 0.75364506 0.65144926 -0.08736591
 outer loop
  vertex 0.7112359 0.6926927 -0.11966211
  vertex 0.7931838 0.6063425 -0.05662993
  vertex 0.76545864 0.62607265 -0.14867653
 endloop
endfacet
facet normal 0.48031715 0.008961457 0.87704915
 outer loop
  vertex 0.49163356 0.06429161 0.8684261
  vertex 0.43103388 -0.005057232 0.9023222
  vertex 0.46364048 -0.045118883 0.88487446
 endloop
endfacet
facet normal 0.48031637 0.008961722 0.87704957
 outer loop
  vertex 0.49163356 0.06429161 0.8684261
  vertex 0.46364048 -0.045118883 0.88487446
  vertex 0.5288664 0.018546147 0.84850293
 endloop
endfacet
facet normal 0.7233182 0.6668205 -0.1793352
 outer loop
  vertex 0.67860144 0.70336777 -0.21159457
  vertex 0.7112359 0.6926927 -0.11966211
  vertex 0.76545864 0.62607265 -0.14867653
 endloop
endfacet
facet normal 0.7233181 0.6668209 -0.17933467
 outer loop
  vertex 0.67860144 0.70336777 -0.21159457
  vertex 0.76545864 0.62607265 -0.14867653
  vertex 0.7303617 0.6397733 -0.23929128
 endloop
endfacet
facet normal 0.5409031 0.0754128 0.8376973
 outer loop
  vertex 0.5474987 0.13302137 0.8261665
  vertex 0.49163356 0.06429161 0.8684261
  vertex 0.5288664 0.018546147 0.84850293
 endloop
endfacet
facet normal 0.5409028 0.075412884 0.83769745
 outer loop
  vertex 0.5474987 0.13302137 0.8261665
  vertex 0.5288664 0.018546147 0.84850293
  vertex 0.5889991 0.082032576 0.80395985
 endloop
endfacet
facet normal 0.6860306 0.6757819 -0.26959378
 outer loop
  vertex 0.63943183 0.70726913 -0.30148938
  vertex 0.67860144 0.70336777 -0.21159457
  vertex 0.7303617 0.6397733 -0.23929128
 endloop
endfacet
facet normal 0.6860307 0.6757818 -0.2695939
 outer loop
  vertex 0.63943183 0.70726913 -0.30148938
  vertex 0.7303617 0.6397733 -0.23929128
  vertex 0.68823105 0.6473127 -0.32760164
 endloop
endfacet
facet normal 0.5962665 0.1411231 0.7902851
 outer loop
  vertex 0.59809077 0.20047008 0.77595055
  vertex 0.5474987 0.13302137 0.8261665
  vertex 0.5889991 0.082032576 0.80395985
 endloop
endfacet
facet normal 0.596267 0.14112297 0.7902847
 outer loop
  vertex 0.59809077 0.20047008 0.77595055
  vertex 0.5889991 0.082032576 0.80395985
  vertex 0.643459 0.144729 0.7516742
 endloop
endfacet
facet normal 0.6421343 0.6782434 -0.35728052
 outer loop
  vertex 0.594104 0.70435905 -0.3884807
  vertex 0.63943183 0.70726913 -0.30148938
  vertex 0.68823105 0.6473127 -0.32760164
 endloop
endfacet
facet normal 0.64213425 0.6782436 -0.35728034
 outer loop
  vertex 0.594104 0.70435905 -0.3884807
  vertex 0.68823105 0.6473127 -0.32760164
  vertex 0.63947225 0.64861804 -0.41275707
 endloop
endfacet
facet normal 0.64587456 0.2054555 0.73527825
 outer loop
  vertex 0.64292336 0.26598805 0.71826184
  vertex 0.59809077 0.20047008 0.77595055
  vertex 0.643459 0.144729 0.7516742
 endloop
endfacet
facet normal 0.64587486 0.20545542 0.735278
 outer loop
  vertex 0.64292336 0.26598805 0.71826184
  vertex 0.643459 0.144729 0.7516742
  vertex 0.6917226 0.20603162 0.6921495
 endloop
endfacet
facet normal 0.5920484 0.6741777 -0.4415463
 outer loop
  vertex 0.5430548 0.69466555 -0.47173068
  vertex 0.594104 0.70435905 -0.3884807
  vertex 0.63947225 0.64861804 -0.41275707
 endloop
endfacet
facet normal 0.5920483 0.6741777 -0.4415462
 outer loop
  vertex 0.5430548 0.69466555 -0.47173068
  vertex 0.63947225 0.64861804 -0.41275707
  vertex 0.5845552 0.64367676 -0.49393734
 endloop
endfacet
facet normal 0.68925923 0.2678008 0.6732045
 outer loop
  vertex 0.6815638 0.32894447 0.6536558
  vertex 0.64292336 0.26598805 0.71826184
  vertex 0.6917226 0.20603162 0.6921495
 endloop
endfacet
facet normal 0.6892585 0.26780093 0.6732052
 outer loop
  vertex 0.6815638 0.32894447 0.6536558
  vertex 0.6917226 0.20603162 0.6921495
  vertex 0.73332405 0.26535 0.62595916
 endloop
endfacet
facet normal 0.536249 0.6636188 -0.52158123
 outer loop
  vertex 0.48677555 0.67828214 -0.55043757
  vertex 0.5430548 0.69466555 -0.47173068
  vertex 0.5845552 0.64367676 -0.49393734
 endloop
endfacet
facet normal 0.5362487 0.66362 -0.52158004
 outer loop
  vertex 0.48677555 0.67828214 -0.55043757
  vertex 0.5845552 0.64367676 -0.49393734
  vertex 0.5240084 0.6325367 -0.5703607
 endloop
endfacet
facet normal 0.7260021 0.32755423 0.6046728
 outer loop
  vertex 0.7136408 0.388733 0.58275473
  vertex 0.6815638 0.32894447 0.6536558
  vertex 0.73332405 0.26535 0.62595916
 endloop
endfacet
facet normal 0.72600317 0.32755396 0.6046716
 outer loop
  vertex 0.7136408 0.388733 0.58275473
  vertex 0.73332405 0.26535 0.62595916
  vertex 0.7678636 0.32211292 0.55374026
 endloop
endfacet
facet normal 0.47527042 0.6466655 -0.5966086
 outer loop
  vertex 0.42580843 0.6553665 -0.62384355
  vertex 0.48677555 0.67828214 -0.55043757
  vertex 0.5240084 0.6325367 -0.5703607
 endloop
endfacet
facet normal 0.47527072 0.64666426 -0.5966096
 outer loop
  vertex 0.42580843 0.6553665 -0.62384355
  vertex 0.5240084 0.6325367 -0.5703607
  vertex 0.45841503 0.6153049 -0.6412912
 endloop
endfacet
facet normal 0.7557602 0.384148 0.5303366
 outer loop
  vertex 0.73884493 0.44477788 0.50624144
  vertex 0.7136408 0.388733 0.58275473
  vertex 0.7678636 0.32211292 0.55374026
 endloop
endfacet
facet normal 0.7557592 0.3841482 0.53033775
 outer loop
  vertex 0.73884493 0.44477788 0.50624144
  vertex 0.7678636 0.32211292 0.55374026
  vertex 0.7950081 0.37577385 0.47618875
 endloop
endfacet
facet normal 0.40969786 0.6234731 -0.66590464
 outer loop
  vertex 0.36074066 0.6261392 -0.6912414
  vertex 0.42580843 0.6553665 -0.62384355
  vertex 0.45841503 0.6153049 -0.6412912
 endloop
endfacet
facet normal 0.40969777 0.62347317 -0.6659045
 outer loop
  vertex 0.36074066 0.6261392 -0.6912414
  vertex 0.45841503 0.6153049 -0.6412912
  vertex 0.3884071 0.59214723 -0.7060456
 endloop
endfacet
facet normal 0.855334 0.45516825 0.24743807
 outer loop
  vertex 0.829828 0.5131544 0.21921885
  vertex 0.8261402 0.4717567 0.30811873
  vertex 0.87659484 0.3950767 0.27476394
 endloop
endfacet
facet normal 0.85533416 0.45516822 0.24743779
 outer loop
  vertex 0.829828 0.5131544 0.21921885
  vertex 0.87659484 0.3950767 0.27476394
  vertex 0.8805267 0.4361034 0.18570267
 endloop
endfacet
facet normal 0.21132506 -0.26961806 0.93949336
 outer loop
  vertex 0.24389347 -0.23108144 0.94187
  vertex 0.16497341 -0.28940067 0.9428853
  vertex 0.17486425 -0.30443257 0.9363466
 endloop
endfacet
facet normal 0.2113258 -0.26961872 0.93949306
 outer loop
  vertex 0.24389347 -0.23108144 0.94187
  vertex 0.17486425 -0.30443257 0.9363466
  vertex 0.2586105 -0.2534482 0.9321407
 endloop
endfacet
facet normal 0.20522976 0.5008088 -0.84087527
 outer loop
  vertex 0.15880963 0.4896222 -0.8573498
  vertex 0.23787959 0.52900183 -0.8145977
  vertex 0.25259662 0.50663507 -0.824327
 endloop
endfacet
facet normal 0.20522968 0.50080913 -0.84087515
 outer loop
  vertex 0.15880963 0.4896222 -0.8573498
  vertex 0.25259662 0.50663507 -0.824327
  vertex 0.16870047 0.4745903 -0.8638885
 endloop
endfacet
facet normal 0.8550261 0.49409425 0.15748419
 outer loop
  vertex 0.8255243 0.5496102 0.12820792
  vertex 0.829828 0.5131544 0.21921885
  vertex 0.8805267 0.4361034 0.18570267
 endloop
endfacet
facet normal 0.855026 0.49409425 0.15748446
 outer loop
  vertex 0.8255243 0.5496102 0.12820792
  vertex 0.8805267 0.4361034 0.18570267
  vertex 0.8759789 0.4729302 0.09485313
 endloop
endfacet
facet normal 0.2917166 -0.21361414 0.93234676
 outer loop
  vertex 0.3204645 -0.17053667 0.9317838
  vertex 0.24389347 -0.23108144 0.94187
  vertex 0.2586105 -0.2534482 0.9321407
 endloop
endfacet
facet normal 0.2917154 -0.21361324 0.9323473
 outer loop
  vertex 0.3204645 -0.17053667 0.9317838
  vertex 0.2586105 -0.2534482 0.9321407
  vertex 0.33986604 -0.20002283 0.9189577
 endloop
endfacet
facet normal 0.122671485 0.46264282 -0.8780167
 outer loop
  vertex 0.07821027 0.44552717 -0.89184517
  vertex 0.15880963 0.4896222 -0.8573498
  vertex 0.16870047 0.4745903 -0.8638885
 endloop
endfacet
facet normal 0.12267145 0.46264285 -0.87801665
 outer loop
  vertex 0.07821027 0.44552717 -0.89184517
  vertex 0.16870047 0.4745903 -0.8638885
  vertex 0.083179615 0.43797484 -0.89513034
 endloop
endfacet
facet normal 0.84650296 0.52827585 0.06601107
 outer loop
  vertex 0.81327003 0.5807729 0.035962146
  vertex 0.8255243 0.5496102 0.12820792
  vertex 0.8759789 0.4729302 0.09485313
 endloop
endfacet
facet normal 0.8465031 0.5282756 0.06601046
 outer loop
  vertex 0.81327003 0.5807729 0.035962146
  vertex 0.8759789 0.4729302 0.09485313
  vertex 0.8629945 0.5052025 0.0030899898
 endloop
endfacet
facet normal 0.36927682 -0.15555815 0.91620755
 outer loop
  vertex 0.3939495 -0.10834956 0.91272414
  vertex 0.3204645 -0.17053667 0.9317838
  vertex 0.33986604 -0.20002283 0.9189577
 endloop
endfacet
facet normal 0.36927685 -0.1555582 0.9162075
 outer loop
  vertex 0.3939495 -0.10834956 0.91272414
  vertex 0.33986604 -0.20002283 0.9189577
  vertex 0.41784868 -0.14467116 0.89692473
 endloop
endfacet
facet normal 0.82984626 0.5573815 -0.026097802
 outer loop
  vertex 0.7931838 0.6063425 -0.05662993
  vertex 0.81327003 0.5807729 0.035962146
  vertex 0.8629945 0.5052025 0.0030899898
 endloop
endfacet
facet normal 0.8298464 0.5573813 -0.02609833
 outer loop
  vertex 0.7931838 0.6063425 -0.05662993
  vertex 0.8629945 0.5052025 0.0030899898
  vertex 0.84169936 0.5326093 -0.088702925
 endloop
endfacet
facet normal 0.44326422 -0.0960124 0.8912342
 outer loop
  vertex 0.46364048 -0.045118883 0.88487446
  vertex 0.3939495 -0.10834956 0.91272414
  vertex 0.41784868 -0.14467116 0.89692473
 endloop
endfacet
facet normal 0.44326454 -0.09601256 0.8912341
 outer loop
  vertex 0.46364048 -0.045118883 0.88487446
  vertex 0.41784868 -0.14467116 0.89692473
  vertex 0.49180716 -0.08792612 0.86625385
 endloop
endfacet
facet normal 0.8052114 0.5811348 -0.11797003
 outer loop
  vertex 0.76545864 0.62607265 -0.14867653
  vertex 0.7931838 0.6063425 -0.05662993
  vertex 0.84169936 0.5326093 -0.088702925
 endloop
endfacet
facet normal 0.8052112 0.5811354 -0.1179687
 outer loop
  vertex 0.76545864 0.62607265 -0.14867653
  vertex 0.84169936 0.5326093 -0.088702925
  vertex 0.8122982 0.5548868 -0.17964143
 endloop
endfacet
facet normal 0.51296264 -0.03555388 0.8576743
 outer loop
  vertex 0.5288664 0.018546147 0.84850293
  vertex 0.46364048 -0.045118883 0.88487446
  vertex 0.49180716 -0.08792612 0.86625385
 endloop
endfacet
facet normal 0.5129632 -0.035554115 0.857674
 outer loop
  vertex 0.5288664 0.018546147 0.84850293
  vertex 0.49180716 -0.08792612 0.86625385
  vertex 0.56102926 -0.03033452 0.82724047
 endloop
endfacet
facet normal 0.7728315 0.5993056 -0.2087203
 outer loop
  vertex 0.7303617 0.6397733 -0.23929128
  vertex 0.76545864 0.62607265 -0.14867653
  vertex 0.8122982 0.5548868 -0.17964143
 endloop
endfacet
facet normal 0.7728316 0.59930533 -0.20872095
 outer loop
  vertex 0.7303617 0.6397733 -0.23929128
  vertex 0.8122982 0.5548868 -0.17964143
  vertex 0.775074 0.5718203 -0.2688499
 endloop
endfacet
facet normal 0.5777027 0.025233444 0.8158571
 outer loop
  vertex 0.5889991 0.082032576 0.80395985
  vertex 0.5288664 0.018546147 0.84850293
  vertex 0.56102926 -0.03033452 0.82724047
 endloop
endfacet
facet normal 0.5777023 0.025233619 0.81585735
 outer loop
  vertex 0.5889991 0.082032576 0.80395985
  vertex 0.56102926 -0.03033452 0.82724047
  vertex 0.6248484 0.02754928 0.7802603
 endloop
endfacet
facet normal 0.7330151 0.61171496 -0.29747862
 outer loop
  vertex 0.68823105 0.6473127 -0.32760164
  vertex 0.7303617 0.6397733 -0.23929128
  vertex 0.775074 0.5718203 -0.2688499
 endloop
endfacet
facet normal 0.73301506 0.61171544 -0.29747787
 outer loop
  vertex 0.68823105 0.6473127 -0.32760164
  vertex 0.775074 0.5718203 -0.2688499
  vertex 0.73038554 0.5832471 -0.35546935
 endloop
endfacet
facet normal 0.6368642 0.08576584 0.76619065
 outer loop
  vertex 0.643459 0.144729 0.7516742
  vertex 0.5889991 0.082032576 0.80395985
  vertex 0.6248484 0.02754928 0.7802603
 endloop
endfacet
facet normal 0.6368639 0.08576599 0.766191
 outer loop
  vertex 0.643459 0.144729 0.7516742
  vertex 0.6248484 0.02754928 0.7802603
  vertex 0.6826496 0.08516778 0.7257658
 endloop
endfacet
facet normal 0.6861368 0.618243 -0.38339528
 outer loop
  vertex 0.63947225 0.64861804 -0.41275707
  vertex 0.68823105 0.6473127 -0.32760164
  vertex 0.73038554 0.5832471 -0.35546935
 endloop
endfacet
facet normal 0.6861369 0.6182422 -0.38339645
 outer loop
  vertex 0.63947225 0.64861804 -0.41275707
  vertex 0.73038554 0.5832471 -0.35546935
  vertex 0.67866284 0.5890568 -0.43866542
 endloop
endfacet
facet normal 0.6898774 0.14545466 0.709163
 outer loop
  vertex 0.6917226 0.20603162 0.6921495
  vertex 0.643459 0.144729 0.7516742
  vertex 0.6826496 0.08516778 0.7257658
 endloop
endfacet
facet normal 0.6898766 0.14545491 0.7091637
 outer loop
  vertex 0.6917226 0.20603162 0.6921495
  vertex 0.6826496 0.08516778 0.7257658
  vertex 0.73387706 0.14196604 0.66428185
 endloop
endfacet
facet normal 0.6326456 0.6188205 -0.4656401
 outer loop
  vertex 0.5845552 0.64367676 -0.49393734
  vertex 0.63947225 0.64861804 -0.41275707
  vertex 0.67866284 0.5890568 -0.43866542
 endloop
endfacet
facet normal 0.6326456 0.61882055 -0.46563998
 outer loop
  vertex 0.5845552 0.64367676 -0.49393734
  vertex 0.67866284 0.5890568 -0.43866542
  vertex 0.62040454 0.58919346 -0.5176369
 endloop
endfacet
facet normal 0.73624295 0.20373447 0.64532053
 outer loop
  vertex 0.73332405 0.26535 0.62595916
  vertex 0.6917226 0.20603162 0.6921495
  vertex 0.73387706 0.14196604 0.66428185
 endloop
endfacet
facet normal 0.73624325 0.20373434 0.6453201
 outer loop
  vertex 0.73332405 0.26535 0.62595916
  vertex 0.73387706 0.14196604 0.66428185
  vertex 0.77803636 0.19739713 0.5964005
 endloop
endfacet
facet normal 0.57304895 0.6134403 -0.5434206
 outer loop
  vertex 0.5240084 0.6325367 -0.5703607
  vertex 0.5845552 0.64367676 -0.49393734
  vertex 0.62040454 0.58919346 -0.5176369
 endloop
endfacet
facet normal 0.57304895 0.61343974 -0.5434212
 outer loop
  vertex 0.5240084 0.6325367 -0.5703607
  vertex 0.62040454 0.58919346 -0.5176369
  vertex 0.55617124 0.583656 -0.5916232
 endloop
endfacet
facet normal 0.7755161 0.2600393 0.57528627
 outer loop
  vertex 0.7678636 0.32211292 0.55374026
  vertex 0.73332405 0.26535 0.62595916
  vertex 0.77803636 0.19739713 0.5964005
 endloop
endfacet
facet normal 0.7755156 0.26003942 0.5752868
 outer loop
  vertex 0.7678636 0.32211292 0.55374026
  vertex 0.77803636 0.19739713 0.5964005
  vertex 0.8147031 0.2509271 0.5227754
 endloop
endfacet
facet normal 0.5079172 0.60214823 -0.615985
 outer loop
  vertex 0.45841503 0.6153049 -0.6412912
  vertex 0.5240084 0.6325367 -0.5703607
  vertex 0.55617124 0.583656 -0.5916232
 endloop
endfacet
facet normal 0.5079172 0.6021488 -0.6159845
 outer loop
  vertex 0.45841503 0.6153049 -0.6412912
  vertex 0.55617124 0.583656 -0.5916232
  vertex 0.4865817 0.5724976 -0.6599118
 endloop
endfacet
facet normal 0.8073253 0.31383428 0.49973392
 outer loop
  vertex 0.7950081 0.37577385 0.47618875
  vertex 0.7678636 0.32211292 0.55374026
  vertex 0.8147031 0.2509271 0.5227754
 endloop
endfacet
facet normal 0.8073264 0.31383386 0.49973232
 outer loop
  vertex 0.7950081 0.37577385 0.47618875
  vertex 0.8147031 0.2509271 0.5227754
  vertex 0.8435237 0.30204064 0.44411576
 endloop
endfacet
facet normal 0.43787548 0.58505094 -0.6826276
 outer loop
  vertex 0.3884071 0.59214723 -0.7060456
  vertex 0.45841503 0.6153049 -0.6412912
  vertex 0.4865817 0.5724976 -0.6599118
 endloop
endfacet
facet normal 0.43787542 0.58505106 -0.68262756
 outer loop
  vertex 0.3884071 0.59214723 -0.7060456
  vertex 0.4865817 0.5724976 -0.6599118
  vertex 0.4123063 0.55582565 -0.72184503
 endloop
endfacet
facet normal 0.8313717 0.3646055 0.41938496
 outer loop
  vertex 0.8144961 0.42581558 0.39405122
  vertex 0.7950081 0.37577385 0.47618875
  vertex 0.8435237 0.30204064 0.44411576
 endloop
endfacet
facet normal 0.8313718 0.36460552 0.41938514
 outer loop
  vertex 0.8144961 0.42581558 0.39405122
  vertex 0.8435237 0.30204064 0.44411576
  vertex 0.86422056 0.35024512 0.36117905
 endloop
endfacet
facet normal 0.3635971 0.5623084 -0.74270207
 outer loop
  vertex 0.31465837 0.5632869 -0.76400054
  vertex 0.3884071 0.59214723 -0.7060456
  vertex 0.4123063 0.55582565 -0.72184503
 endloop
endfacet
facet normal 0.3635972 0.5623079 -0.7427024
 outer loop
  vertex 0.31465837 0.5632869 -0.76400054
  vertex 0.4123063 0.55582565 -0.72184503
  vertex 0.33405992 0.5338007 -0.7768266
 endloop
endfacet
facet normal 0.84742445 0.41186583 0.3350199
 outer loop
  vertex 0.8261402 0.4717567 0.30811873
  vertex 0.8144961 0.42581558 0.39405122
  vertex 0.86422056 0.35024512 0.36117905
 endloop
endfacet
facet normal 0.8474239 0.41186613 0.3350209
 outer loop
  vertex 0.8261402 0.4717567 0.30811873
  vertex 0.86422056 0.35024512 0.36117905
  vertex 0.87659484 0.3950767 0.27476394
 endloop
endfacet
facet normal 0.12888956 -0.32302484 0.93757266
 outer loop
  vertex 0.16497341 -0.28940067 0.9428853
  vertex 0.08446458 -0.34493297 0.93482023
  vertex 0.08943392 -0.3524853 0.93153507
 endloop
endfacet
facet normal 0.12888928 -0.3230245 0.9375727
 outer loop
  vertex 0.16497341 -0.28940067 0.9428853
  vertex 0.08943392 -0.3524853 0.93153507
  vertex 0.17486425 -0.30443257 0.9363466
 endloop
endfacet
facet normal 0.28579947 0.5341376 -0.7956228
 outer loop
  vertex 0.23787959 0.52900183 -0.8145977
  vertex 0.31465837 0.5632869 -0.76400054
  vertex 0.33405992 0.5338007 -0.7768266
 endloop
endfacet
facet normal 0.28579935 0.5341381 -0.7956226
 outer loop
  vertex 0.23787959 0.52900183 -0.8145977
  vertex 0.33405992 0.5338007 -0.7768266
  vertex 0.25259662 0.50663507 -0.824327
 endloop
endfacet
facet normal 0.8925158 0.44988444 0.03193023
 outer loop
  vertex 0.8629945 0.5052025 0.0030899898
  vertex 0.8759789 0.4729302 0.09485313
  vertex 0.91799426 0.39207047 0.059718523
 endloop
endfacet
facet normal 0.8925158 0.44988453 0.031930327
 outer loop
  vertex 0.8629945 0.5052025 0.0030899898
  vertex 0.91799426 0.39207047 0.059718523
  vertex 0.90440196 0.4255127 -0.03153624
 endloop
endfacet
facet normal 0.38918394 -0.18947352 0.9014631
 outer loop
  vertex 0.41784868 -0.14467116 0.89692473
  vertex 0.33986604 -0.20002283 0.9189577
  vertex 0.35602245 -0.2311162 0.90544724
 endloop
endfacet
facet normal 0.38918403 -0.18947358 0.901463
 outer loop
  vertex 0.41784868 -0.14467116 0.89692473
  vertex 0.35602245 -0.2311162 0.90544724
  vertex 0.43775043 -0.18297258 0.8802823
 endloop
endfacet
facet normal 0.8749704 0.48050407 -0.05952009
 outer loop
  vertex 0.84169936 0.5326093 -0.088702925
  vertex 0.8629945 0.5052025 0.0030899898
  vertex 0.90440196 0.4255127 -0.03153624
 endloop
endfacet
facet normal 0.8749702 0.48050442 -0.059519287
 outer loop
  vertex 0.84169936 0.5326093 -0.088702925
  vertex 0.90440196 0.4255127 -0.03153624
  vertex 0.88210016 0.454857 -0.122487314
 endloop
endfacet
facet normal 0.46719885 -0.13678907 0.87350667
 outer loop
  vertex 0.49180716 -0.08792612 0.86625385
  vertex 0.41784868 -0.14467116 0.89692473
  vertex 0.43775043 -0.18297258 0.8802823
 endloop
endfacet
facet normal 0.4671989 -0.13678908 0.8735067
 outer loop
  vertex 0.49180716 -0.08792612 0.86625385
  vertex 0.43775043 -0.18297258 0.8802823
  vertex 0.5152626 -0.13306673 0.8466397
 endloop
endfacet
facet normal 0.84901315 0.5065107 -0.15041135
 outer loop
  vertex 0.8122982 0.5548868 -0.17964143
  vertex 0.84169936 0.5326093 -0.088702925
  vertex 0.88210016 0.454857 -0.122487314
 endloop
endfacet
facet normal 0.8490132 0.50651044 -0.15041187
 outer loop
  vertex 0.8122982 0.5548868 -0.17964143
  vertex 0.88210016 0.454857 -0.122487314
  vertex 0.85130316 0.47982073 -0.21225862
 endloop
endfacet
facet normal 0.5406931 -0.082797125 0.8371354
 outer loop
  vertex 0.56102926 -0.03033452 0.82724047
  vertex 0.49180716 -0.08792612 0.86625385
  vertex 0.5152626 -0.13306673 0.8466397
 endloop
endfacet
facet normal 0.5406928 -0.08279699 0.83713555
 outer loop
  vertex 0.56102926 -0.03033452 0.82724047
  vertex 0.5152626 -0.13306673 0.8466397
  vertex 0.58781254 -0.081879586 0.8048435
 endloop
endfacet
facet normal 0.8148899 0.5276513 -0.23987204
 outer loop
  vertex 0.775074 0.5718203 -0.2688499
  vertex 0.8122982 0.5548868 -0.17964143
  vertex 0.85130316 0.47982073 -0.21225862
 endloop
endfacet
facet normal 0.8148899 0.52765137 -0.2398719
 outer loop
  vertex 0.775074 0.5718203 -0.2688499
  vertex 0.85130316 0.47982073 -0.21225862
  vertex 0.81230754 0.50016344 -0.2999858
 endloop
endfacet
facet normal 0.6089599 -0.028019572 0.79270595
 outer loop
  vertex 0.6248484 0.02754928 0.7802603
  vertex 0.56102926 -0.03033452 0.82724047
  vertex 0.58781254 -0.081879586 0.8048435
 endloop
endfacet
facet normal 0.6089603 -0.028019762 0.79270566
 outer loop
  vertex 0.6248484 0.02754928 0.7802603
  vertex 0.58781254 -0.081879586 0.8048435
  vertex 0.65470153 -0.029903816 0.75529623
 endloop
endfacet
facet normal 0.7729253 0.543721 -0.32703802
 outer loop
  vertex 0.73038554 0.5832471 -0.35546935
  vertex 0.775074 0.5718203 -0.2688499
  vertex 0.81230754 0.50016344 -0.2999858
 endloop
endfacet
facet normal 0.77292526 0.543721 -0.32703817
 outer loop
  vertex 0.73038554 0.5832471 -0.35546935
  vertex 0.81230754 0.50016344 -0.2999858
  vertex 0.7654891 0.51568943 -0.38482404
 endloop
endfacet
facet normal 0.67134786 0.027016258 0.74064976
 outer loop
  vertex 0.6826496 0.08516778 0.7257658
  vertex 0.6248484 0.02754928 0.7802603
  vertex 0.65470153 -0.029903816 0.75529623
 endloop
endfacet
facet normal 0.6713478 0.027016293 0.7406499
 outer loop
  vertex 0.6826496 0.08516778 0.7257658
  vertex 0.65470153 -0.029903816 0.75529623
  vertex 0.7152851 0.02235995 0.698475
 endloop
endfacet
facet normal 0.7235138 0.55456364 -0.4110802
 outer loop
  vertex 0.67866284 0.5890568 -0.43866542
  vertex 0.73038554 0.5832471 -0.35546935
  vertex 0.7654891 0.51568943 -0.38482404
 endloop
endfacet
facet normal 0.72351384 0.554564 -0.41107976
 outer loop
  vertex 0.67866284 0.5890568 -0.43866542
  vertex 0.7654891 0.51568943 -0.38482404
  vertex 0.71129835 0.526249 -0.46595624
 endloop
endfacet
facet normal 0.72725385 0.0817758 0.6814797
 outer loop
  vertex 0.73387706 0.14196604 0.66428185
  vertex 0.6826496 0.08516778 0.7257658
  vertex 0.7152851 0.02235995 0.698475
 endloop
endfacet
facet normal 0.72725403 0.081775755 0.68147963
 outer loop
  vertex 0.73387706 0.14196604 0.66428185
  vertex 0.7152851 0.02235995 0.698475
  vertex 0.7689806 0.07440835 0.63492715
 endloop
endfacet
facet normal 0.6671294 0.5600712 -0.49118084
 outer loop
  vertex 0.62040454 0.58919346 -0.5176369
  vertex 0.67866284 0.5890568 -0.43866542
  vertex 0.71129835 0.526249 -0.46595624
 endloop
endfacet
facet normal 0.66712946 0.5600706 -0.49118158
 outer loop
  vertex 0.62040454 0.58919346 -0.5176369
  vertex 0.71129835 0.526249 -0.46595624
  vertex 0.65025765 0.53174037 -0.542601
 endloop
endfacet
facet normal 0.77615345 0.13574032 0.61576
 outer loop
  vertex 0.77803636 0.19739713 0.5964005
  vertex 0.73387706 0.14196604 0.66428185
  vertex 0.7689806 0.07440835 0.63492715
 endloop
endfacet
facet normal 0.7761535 0.13574028 0.6157599
 outer loop
  vertex 0.77803636 0.19739713 0.5964005
  vertex 0.7689806 0.07440835 0.63492715
  vertex 0.8152699 0.12574024 0.56526464
 endloop
endfacet
facet normal 0.6043069 0.56018597 -0.5665729
 outer loop
  vertex 0.55617124 0.583656 -0.5916232
  vertex 0.62040454 0.58919346 -0.5176369
  vertex 0.65025765 0.53174037 -0.542601
 endloop
endfacet
facet normal 0.6043068 0.56018615 -0.56657267
 outer loop
  vertex 0.55617124 0.583656 -0.5916232
  vertex 0.65025765 0.53174037 -0.542601
  vertex 0.5829545 0.5321109 -0.61402017
 endloop
endfacet
facet normal 0.8175744 0.18838464 0.5441354
 outer loop
  vertex 0.8147031 0.2509271 0.5227754
  vertex 0.77803636 0.19739713 0.5964005
  vertex 0.8152699 0.12574024 0.56526464
 endloop
endfacet
facet normal 0.8175743 0.18838473 0.54413563
 outer loop
  vertex 0.8147031 0.2509271 0.5227754
  vertex 0.8152699 0.12574024 0.56526464
  vertex 0.8537081 0.17586102 0.49015823
 endloop
endfacet
facet normal 0.53564763 0.55490476 -0.6365236
 outer loop
  vertex 0.4865817 0.5724976 -0.6599118
  vertex 0.55617124 0.583656 -0.5916232
  vertex 0.5829545 0.5321109 -0.61402017
 endloop
endfacet
facet normal 0.5356477 0.55490524 -0.6365232
 outer loop
  vertex 0.4865817 0.5724976 -0.6599118
  vertex 0.5829545 0.5321109 -0.61402017
  vertex 0.5100372 0.52735704 -0.679526
 endloop
endfacet
facet normal 0.8511279 0.23920994 0.46728995
 outer loop
  vertex 0.8435237 0.30204064 0.44411576
  vertex 0.8147031 0.2509271 0.5227754
  vertex 0.8537081 0.17586102 0.49015823
 endloop
endfacet
facet normal 0.85112774 0.23921 0.4672902
 outer loop
  vertex 0.8435237 0.30204064 0.44411576
  vertex 0.8537081 0.17586102 0.49015823
  vertex 0.8839245 0.22428833 0.41033137
 endloop
endfacet
facet normal 0.46180996 0.5442742 -0.700355
 outer loop
  vertex 0.4123063 0.55582565 -0.72184503
  vertex 0.4865817 0.5724976 -0.6599118
  vertex 0.5100372 0.52735704 -0.679526
 endloop
endfacet
facet normal 0.46181 0.5442735 -0.70035547
 outer loop
  vertex 0.4123063 0.55582565 -0.72184503
  vertex 0.5100372 0.52735704 -0.679526
  vertex 0.4322081 0.5175242 -0.7384875
 endloop
endfacet
facet normal 0.8764954 0.28772885 0.3859635
 outer loop
  vertex 0.86422056 0.35024512 0.36117905
  vertex 0.8435237 0.30204064 0.44411576
  vertex 0.8839245 0.22428833 0.41033137
 endloop
endfacet
facet normal 0.87649566 0.2877287 0.38596305
 outer loop
  vertex 0.86422056 0.35024512 0.36117905
  vertex 0.8839245 0.22428833 0.41033137
  vertex 0.905628 0.27055538 0.32655284
 endloop
endfacet
facet normal 0.38350448 0.5283922 -0.75744694
 outer loop
  vertex 0.33405992 0.5338007 -0.7768266
  vertex 0.4123063 0.55582565 -0.72184503
  vertex 0.4322081 0.5175242 -0.7384875
 endloop
endfacet
facet normal 0.3835044 0.52839285 -0.7574466
 outer loop
  vertex 0.33405992 0.5338007 -0.7768266
  vertex 0.4322081 0.5175242 -0.7384875
  vertex 0.35021633 0.50270736 -0.7903371
 endloop
endfacet
facet normal 0.8934368 0.3334747 0.3009408
 outer loop
  vertex 0.87659484 0.3950767 0.27476394
  vertex 0.86422056 0.35024512 0.36117905
  vertex 0.905628 0.27055538 0.32655284
 endloop
endfacet
facet normal 0.8934369 0.33347458 0.30094042
 outer loop
  vertex 0.87659484 0.3950767 0.27476394
  vertex 0.905628 0.27055538 0.32655284
  vertex 0.9186102 0.31421697 0.23962933
 endloop
endfacet
facet normal 0.13572243 -0.33466598 0.93251175
 outer loop
  vertex 0.17486425 -0.30443257 0.9363466
  vertex 0.08943392 -0.3524853 0.93153507
  vertex 0.09357208 -0.3604493 0.9280746
 endloop
endfacet
facet normal 0.13572098 -0.33466408 0.93251264
 outer loop
  vertex 0.17486425 -0.30443257 0.9363466
  vertex 0.09357208 -0.3604493 0.9280746
  vertex 0.18310075 -0.3202839 0.92945904
 endloop
endfacet
facet normal 0.30148655 0.50741214 -0.8072415
 outer loop
  vertex 0.25259662 0.50663507 -0.824327
  vertex 0.33405992 0.5338007 -0.7768266
  vertex 0.35021633 0.50270736 -0.7903371
 endloop
endfacet
facet normal 0.30148658 0.50741166 -0.8072417
 outer loop
  vertex 0.25259662 0.50663507 -0.824327
  vertex 0.35021633 0.50270736 -0.7903371
  vertex 0.26485205 0.48304918 -0.83457536
 endloop
endfacet
facet normal 0.9017934 0.3760162 0.21302696
 outer loop
  vertex 0.8805267 0.4361034 0.18570267
  vertex 0.87659484 0.3950767 0.27476394
  vertex 0.9186102 0.31421697 0.23962933
 endloop
endfacet
facet normal 0.9017934 0.3760161 0.2130267
 outer loop
  vertex 0.8805267 0.4361034 0.18570267
  vertex 0.9186102 0.31421697 0.23962933
  vertex 0.92274535 0.35485247 0.15039809
 endloop
endfacet
facet normal 0.22263896 -0.2888928 0.9311138
 outer loop
  vertex 0.2586105 -0.2534482 0.9321407
  vertex 0.17486425 -0.30443257 0.9363466
  vertex 0.18310075 -0.3202839 0.92945904
 endloop
endfacet
facet normal 0.2226402 -0.28889415 0.93111306
 outer loop
  vertex 0.2586105 -0.2534482 0.9321407
  vertex 0.18310075 -0.3202839 0.92945904
  vertex 0.27086592 -0.2770341 0.92189234
 endloop
endfacet
facet normal 0.21654509 0.4815311 -0.84925616
 outer loop
  vertex 0.16870047 0.4745903 -0.8638885
  vertex 0.25259662 0.50663507 -0.824327
  vertex 0.26485205 0.48304918 -0.83457536
 endloop
endfacet
facet normal 0.21654531 0.48153034 -0.8492565
 outer loop
  vertex 0.16870047 0.4745903 -0.8638885
  vertex 0.26485205 0.48304918 -0.83457536
  vertex 0.17693697 0.458739 -0.87077606
 endloop
endfacet
facet normal 0.9014855 0.4149419 0.12307353
 outer loop
  vertex 0.8759789 0.4729302 0.09485313
  vertex 0.8805267 0.4361034 0.18570267
  vertex 0.92274535 0.35485247 0.15039809
 endloop
endfacet
facet normal 0.90148544 0.414942 0.123073794
 outer loop
  vertex 0.8759789 0.4729302 0.09485313
  vertex 0.92274535 0.35485247 0.15039809
  vertex 0.91799426 0.39207047 0.059718523
 endloop
endfacet
facet normal 0.3074024 -0.24033885 0.9207285
 outer loop
  vertex 0.33986604 -0.20002283 0.9189577
  vertex 0.2586105 -0.2534482 0.9321407
  vertex 0.27086592 -0.2770341 0.92189234
 endloop
endfacet
facet normal 0.30740252 -0.240339 0.9207284
 outer loop
  vertex 0.33986604 -0.20002283 0.9189577
  vertex 0.27086592 -0.2770341 0.92189234
  vertex 0.35602245 -0.2311162 0.90544724
 endloop
endfacet
facet normal 0.12950565 0.45099962 -0.8830785
 outer loop
  vertex 0.083179615 0.43797484 -0.89513034
  vertex 0.16870047 0.4745903 -0.8638885
  vertex 0.17693697 0.458739 -0.87077606
 endloop
endfacet
facet normal 0.12950493 0.45100185 -0.88307744
 outer loop
  vertex 0.083179615 0.43797484 -0.89513034
  vertex 0.17693697 0.458739 -0.87077606
  vertex 0.08731777 0.43001086 -0.8985908
 endloop
endfacet
facet normal 0.8846283 0.42829517 -0.18438025
 outer loop
  vertex 0.85130316 0.47982073 -0.21225862
  vertex 0.88210016 0.454857 -0.122487314
  vertex 0.913997 0.37383443 -0.15765774
 endloop
endfacet
facet normal 0.88462824 0.42829582 -0.18437889
 outer loop
  vertex 0.85130316 0.47982073 -0.21225862
  vertex 0.913997 0.37383443 -0.15765774
  vertex 0.88209814 0.40159732 -0.24621397
 endloop
endfacet
facet normal 0.5632403 -0.13231425 0.8156306
 outer loop
  vertex 0.58781254 -0.081879586 0.8048435
  vertex 0.5152626 -0.13306673 0.8466397
  vertex 0.533781 -0.18010597 0.8262208
 endloop
endfacet
facet normal 0.5632404 -0.1323143 0.81563056
 outer loop
  vertex 0.58781254 -0.081879586 0.8048435
  vertex 0.533781 -0.18010597 0.8262208
  vertex 0.60895824 -0.13559262 0.78152764
 endloop
endfacet
facet normal 0.849087 0.45255035 -0.2724877
 outer loop
  vertex 0.81230754 0.50016344 -0.2999858
  vertex 0.85130316 0.47982073 -0.21225862
  vertex 0.88209814 0.40159732 -0.24621397
 endloop
endfacet
facet normal 0.849087 0.45254996 -0.27248836
 outer loop
  vertex 0.81230754 0.50016344 -0.2999858
  vertex 0.88209814 0.40159732 -0.24621397
  vertex 0.8417039 0.42549258 -0.33239904
 endloop
endfacet
facet normal 0.63437605 -0.083836004 0.76846504
 outer loop
  vertex 0.65470153 -0.029903816 0.75529623
  vertex 0.58781254 -0.081879586 0.8048435
  vertex 0.60895824 -0.13559262 0.78152764
 endloop
endfacet
facet normal 0.6343765 -0.08383628 0.7684647
 outer loop
  vertex 0.65470153 -0.029903816 0.75529623
  vertex 0.60895824 -0.13559262 0.78152764
  vertex 0.67827094 -0.08977342 0.7293079
 endloop
endfacet
facet normal 0.8053757 0.4724557 -0.35798815
 outer loop
  vertex 0.7654891 0.51568943 -0.38482404
  vertex 0.81230754 0.50016344 -0.2999858
  vertex 0.8417039 0.42549258 -0.33239904
 endloop
endfacet
facet normal 0.80537575 0.4724557 -0.3579882
 outer loop
  vertex 0.7654891 0.51568943 -0.38482404
  vertex 0.8417039 0.42549258 -0.33239904
  vertex 0.7932038 0.44529027 -0.41538304
 endloop
endfacet
facet normal 0.6993868 -0.034560714 0.71390736
 outer loop
  vertex 0.7152851 0.02235995 0.698475
  vertex 0.65470153 -0.029903816 0.75529623
  vertex 0.67827094 -0.08977342 0.7293079
 endloop
endfacet
facet normal 0.69938624 -0.034560315 0.71390796
 outer loop
  vertex 0.7152851 0.02235995 0.698475
  vertex 0.67827094 -0.08977342 0.7293079
  vertex 0.74105126 -0.043089584 0.67006457
 endloop
endfacet
facet normal 0.753905 0.4878211 -0.44006577
 outer loop
  vertex 0.71129835 0.526249 -0.46595624
  vertex 0.7654891 0.51568943 -0.38482404
  vertex 0.7932038 0.44529027 -0.41538304
 endloop
endfacet
facet normal 0.75390494 0.4878212 -0.44006562
 outer loop
  vertex 0.71129835 0.526249 -0.46595624
  vertex 0.7932038 0.44529027 -0.41538304
  vertex 0.7370645 0.46079943 -0.4943667
 endloop
endfacet
facet normal 0.7576448 0.015033561 0.65249395
 outer loop
  vertex 0.7689806 0.07440835 0.63492715
  vertex 0.7152851 0.02235995 0.698475
  vertex 0.74105126 -0.043089584 0.67006457
 endloop
endfacet
facet normal 0.7576452 0.015033353 0.65249354
 outer loop
  vertex 0.7689806 0.07440835 0.63492715
  vertex 0.74105126 -0.043089584 0.67006457
  vertex 0.7966953 0.004009186 0.60436815
 endloop
endfacet
facet normal 0.69516796 0.49849436 -0.5179236
 outer loop
  vertex 0.65025765 0.53174037 -0.542601
  vertex 0.71129835 0.526249 -0.46595624
  vertex 0.7370645 0.46079943 -0.4943667
 endloop
endfacet
facet normal 0.695168 0.49849463 -0.51792336
 outer loop
  vertex 0.65025765 0.53174037 -0.542601
  vertex 0.7370645 0.46079943 -0.4943667
  vertex 0.67382705 0.47187078 -0.5685893
 endloop
endfacet
facet normal 0.8086041 0.064475074 0.5848098
 outer loop
  vertex 0.8152699 0.12574024 0.56526464
  vertex 0.7689806 0.07440835 0.63492715
  vertex 0.7966953 0.004009186 0.60436815
 endloop
endfacet
facet normal 0.8086038 0.06447518 0.58480996
 outer loop
  vertex 0.8152699 0.12574024 0.56526464
  vertex 0.7966953 0.004009186 0.60436815
  vertex 0.84466624 0.051069394 0.5328514
 endloop
endfacet
facet normal 0.62972254 0.5043702 -0.5908131
 outer loop
  vertex 0.5829545 0.5321109 -0.61402017
  vertex 0.65025765 0.53174037 -0.542601
  vertex 0.67382705 0.47187078 -0.5685893
 endloop
endfacet
facet normal 0.6297225 0.50437003 -0.59081334
 outer loop
  vertex 0.5829545 0.5321109 -0.61402017
  vertex 0.67382705 0.47187078 -0.5685893
  vertex 0.6041002 0.4783979 -0.637336
 endloop
endfacet
facet normal 0.85177135 0.113283314 0.5115197
 outer loop
  vertex 0.8537081 0.17586102 0.49015823
  vertex 0.8152699 0.12574024 0.56526464
  vertex 0.84466624 0.051069394 0.5328514
 endloop
endfacet
facet normal 0.8517715 0.11328327 0.51151955
 outer loop
  vertex 0.8537081 0.17586102 0.49015823
  vertex 0.84466624 0.051069394 0.5328514
  vertex 0.884503 0.09763764 0.45620286
 endloop
endfacet
facet normal 0.5581952 0.5053879 -0.6580282
 outer loop
  vertex 0.5100372 0.52735704 -0.679526
  vertex 0.5829545 0.5321109 -0.61402017
  vertex 0.6041002 0.4783979 -0.637336
 endloop
endfacet
facet normal 0.5581952 0.50538784 -0.6580283
 outer loop
  vertex 0.5100372 0.52735704 -0.679526
  vertex 0.6041002 0.4783979 -0.637336
  vertex 0.5285556 0.48031777 -0.69994485
 endloop
endfacet
facet normal 0.88674283 0.16099498 0.43332186
 outer loop
  vertex 0.8839245 0.22428833 0.41033137
  vertex 0.8537081 0.17586102 0.49015823
  vertex 0.884503 0.09763764 0.45620286
 endloop
endfacet
facet normal 0.8867432 0.1609947 0.43332112
 outer loop
  vertex 0.8839245 0.22428833 0.41033137
  vertex 0.884503 0.09763764 0.45620286
  vertex 0.9158213 0.14326577 0.37516093
 endloop
endfacet
facet normal 0.48127097 0.5015349 -0.71891654
 outer loop
  vertex 0.4322081 0.5175242 -0.7384875
  vertex 0.5100372 0.52735704 -0.679526
  vertex 0.5285556 0.48031777 -0.69994485
 endloop
endfacet
facet normal 0.48127103 0.5015354 -0.7189161
 outer loop
  vertex 0.4322081 0.5175242 -0.7384875
  vertex 0.5285556 0.48031777 -0.69994485
  vertex 0.44792077 0.47761178 -0.75581276
 endloop
endfacet
facet normal 0.91318595 0.20715214 0.35096925
 outer loop
  vertex 0.905628 0.27055538 0.32655284
  vertex 0.8839245 0.22428833 0.41033137
  vertex 0.9158213 0.14326577 0.37516093
 endloop
endfacet
facet normal 0.9131852 0.20715275 0.350971
 outer loop
  vertex 0.905628 0.27055538 0.32655284
  vertex 0.9158213 0.14326577 0.37516093
  vertex 0.9383198 0.18751395 0.29050604
 endloop
endfacet
facet normal 0.39969075 0.49284565 -0.7728845
 outer loop
  vertex 0.35021633 0.50270736 -0.7903371
  vertex 0.4322081 0.5175242 -0.7384875
  vertex 0.44792077 0.47761178 -0.75581276
 endloop
endfacet
facet normal 0.39969078 0.49284497 -0.77288496
 outer loop
  vertex 0.35021633 0.50270736 -0.7903371
  vertex 0.44792077 0.47761178 -0.75581276
  vertex 0.36297196 0.47030616 -0.8044019
 endloop
endfacet
facet normal 0.93084896 0.25131303 0.2652583
 outer loop
  vertex 0.9186102 0.31421697 0.23962933
  vertex 0.905628 0.27055538 0.32655284
  vertex 0.9383198 0.18751395 0.29050604
 endloop
endfacet
facet normal 0.93084943 0.25131255 0.26525703
 outer loop
  vertex 0.9186102 0.31421697 0.23962933
  vertex 0.9383198 0.18751395 0.29050604
  vertex 0.95178187 0.2299563 0.2030533
 endloop
endfacet
facet normal 0.14127898 -0.3468701 0.9272116
 outer loop
  vertex 0.18310075 -0.3202839 0.92945904
  vertex 0.09357208 -0.3604493 0.9280746
  vertex 0.09683921 -0.36874825 0.92447215
 endloop
endfacet
facet normal 0.14127883 -0.34686986 0.9272117
 outer loop
  vertex 0.18310075 -0.3202839 0.92945904
  vertex 0.09683921 -0.36874825 0.92447215
  vertex 0.18960355 -0.33680186 0.92228884
 endloop
endfacet
facet normal 0.31424165 0.47939998 -0.8194069
 outer loop
  vertex 0.26485205 0.48304918 -0.83457536
  vertex 0.35021633 0.50270736 -0.7903371
  vertex 0.36297196 0.47030616 -0.8044019
 endloop
endfacet
facet normal 0.3142417 0.4793994 -0.81940734
 outer loop
  vertex 0.26485205 0.48304918 -0.83457536
  vertex 0.36297196 0.47030616 -0.8044019
  vertex 0.27452788 0.45847124 -0.84524417
 endloop
endfacet
facet normal 0.9395687 0.29305682 0.17699797
 outer loop
  vertex 0.92274535 0.35485247 0.15039809
  vertex 0.9186102 0.31421697 0.23962933
  vertex 0.95178187 0.2299563 0.2030533
 endloop
endfacet
facet normal 0.9395687 0.29305685 0.17699812
 outer loop
  vertex 0.92274535 0.35485247 0.15039809
  vertex 0.95178187 0.2299563 0.2030533
  vertex 0.9560775 0.2701841 0.11364507
 endloop
endfacet
facet normal 0.2318414 -0.30910116 0.92233723
 outer loop
  vertex 0.27086592 -0.2770341 0.92189234
  vertex 0.18310075 -0.3202839 0.92945904
  vertex 0.18960355 -0.33680186 0.92228884
 endloop
endfacet
facet normal 0.23183993 -0.30909917 0.9223383
 outer loop
  vertex 0.27086592 -0.2770341 0.92189234
  vertex 0.18960355 -0.33680186 0.92228884
  vertex 0.28054175 -0.30161202 0.91122353
 endloop
endfacet
facet normal 0.22574526 0.46132606 -0.8580311
 outer loop
  vertex 0.17693697 0.458739 -0.87077606
  vertex 0.26485205 0.48304918 -0.83457536
  vertex 0.27452788 0.45847124 -0.84524417
 endloop
endfacet
facet normal 0.22574498 0.4613283 -0.85802996
 outer loop
  vertex 0.17693697 0.458739 -0.87077606
  vertex 0.27452788 0.45847124 -0.84524417
  vertex 0.18343976 0.44222102 -0.87794626
 endloop
endfacet
facet normal 0.9392607 0.33198258 0.087045185
 outer loop
  vertex 0.91799426 0.39207047 0.059718523
  vertex 0.92274535 0.35485247 0.15039809
  vertex 0.9560775 0.2701841 0.11364507
 endloop
endfacet
facet normal 0.9392608 0.33198255 0.08704504
 outer loop
  vertex 0.91799426 0.39207047 0.059718523
  vertex 0.9560775 0.2701841 0.11364507
  vertex 0.9511659 0.3078098 0.02314249
 endloop
endfacet
facet normal 0.32015762 -0.2683507 0.90856314
 outer loop
  vertex 0.35602245 -0.2311162 0.90544724
  vertex 0.27086592 -0.2770341 0.92189234
  vertex 0.28054175 -0.30161202 0.91122353
 endloop
endfacet
facet normal 0.32015854 -0.2683517 0.9085626
 outer loop
  vertex 0.35602245 -0.2311162 0.90544724
  vertex 0.28054175 -0.30161202 0.91122353
  vertex 0.36877808 -0.2635174 0.89138246
 endloop
endfacet
facet normal 0.13506068 0.43880066 -0.8883764
 outer loop
  vertex 0.08731777 0.43001086 -0.8985908
  vertex 0.17693697 0.458739 -0.87077606
  vertex 0.18343976 0.44222102 -0.87794626
 endloop
endfacet
facet normal 0.13506071 0.4388004 -0.88837653
 outer loop
  vertex 0.08731777 0.43001086 -0.8985908
  vertex 0.18343976 0.44222102 -0.87794626
  vertex 0.090584904 0.4217119 -0.90219325
 endloop
endfacet
facet normal 0.9299282 0.36772203 -0.0037523787
 outer loop
  vertex 0.90440196 0.4255127 -0.03153624
  vertex 0.91799426 0.39207047 0.059718523
  vertex 0.9511659 0.3078098 0.02314249
 endloop
endfacet
facet normal 0.929928 0.36772254 -0.003751107
 outer loop
  vertex 0.90440196 0.4255127 -0.03153624
  vertex 0.9511659 0.3078098 0.02314249
  vertex 0.93709373 0.34247124 -0.06758304
 endloop
endfacet
facet normal 0.40537095 -0.22502202 0.88602453
 outer loop
  vertex 0.43775043 -0.18297258 0.8802823
  vertex 0.35602245 -0.2311162 0.90544724
  vertex 0.36877808 -0.2635174 0.89138246
 endloop
endfacet
facet normal 0.40537012 -0.2250212 0.88602513
 outer loop
  vertex 0.43775043 -0.18297258 0.8802823
  vertex 0.36877808 -0.2635174 0.89138246
  vertex 0.4534631 -0.22288497 0.86295706
 endloop
endfacet
facet normal 0.91166025 0.3999288 -0.09451269
 outer loop
  vertex 0.88210016 0.454857 -0.122487314
  vertex 0.90440196 0.4255127 -0.03153624
  vertex 0.93709373 0.34247124 -0.06758304
 endloop
endfacet
facet normal 0.9116604 0.39992803 -0.094514504
 outer loop
  vertex 0.88210016 0.454857 -0.122487314
  vertex 0.93709373 0.34247124 -0.06758304
  vertex 0.913997 0.37383443 -0.15765774
 endloop
endfacet
facet normal 0.48666 -0.17952795 0.8549455
 outer loop
  vertex 0.5152626 -0.13306673 0.8466397
  vertex 0.43775043 -0.18297258 0.8802823
  vertex 0.4534631 -0.22288497 0.86295706
 endloop
endfacet
facet normal 0.4866602 -0.17952812 0.85494536
 outer loop
  vertex 0.5152626 -0.13306673 0.8466397
  vertex 0.4534631 -0.22288497 0.86295706
  vertex 0.533781 -0.18010597 0.8262208
 endloop
endfacet
facet normal 0.83005434 0.39860523 -0.3900303
 outer loop
  vertex 0.7932038 0.44529027 -0.41538304
  vertex 0.8417039 0.42549258 -0.33239904
  vertex 0.86297995 0.34852695 -0.36577752
 endloop
endfacet
facet normal 0.8300543 0.39860487 -0.39003098
 outer loop
  vertex 0.7932038 0.44529027 -0.41538304
  vertex 0.86297995 0.34852695 -0.36577752
  vertex 0.81326264 0.37272757 -0.44685206
 endloop
endfacet
facet normal 0.7207099 -0.09837126 0.6862217
 outer loop
  vertex 0.74105126 -0.043089584 0.67006457
  vertex 0.67827094 -0.08977342 0.7293079
  vertex 0.6953296 -0.15148291 0.7025457
 endloop
endfacet
facet normal 0.72071 -0.09837128 0.6862217
 outer loop
  vertex 0.74105126 -0.043089584 0.67006457
  vertex 0.6953296 -0.15148291 0.7025457
  vertex 0.7596998 -0.11055049 0.6408081
 endloop
endfacet
facet normal 0.77701765 0.41865695 -0.47007442
 outer loop
  vertex 0.7370645 0.46079943 -0.4943667
  vertex 0.7932038 0.44529027 -0.41538304
  vertex 0.81326264 0.37272757 -0.44685206
 endloop
endfacet
facet normal 0.77701765 0.41865715 -0.47007412
 outer loop
  vertex 0.7370645 0.46079943 -0.4943667
  vertex 0.81326264 0.37272757 -0.44685206
  vertex 0.75571305 0.3933385 -0.5236232
 endloop
endfacet
facet normal 0.7807576 -0.054130536 0.62248486
 outer loop
  vertex 0.7966953 0.004009186 0.60436815
  vertex 0.74105126 -0.043089584 0.67006457
  vertex 0.7596998 -0.11055049 0.6408081
 endloop
endfacet
facet normal 0.78075796 -0.054130733 0.6224845
 outer loop
  vertex 0.7966953 0.004009186 0.60436815
  vertex 0.7596998 -0.11055049 0.6408081
  vertex 0.81675416 -0.06855349 0.5728991
 endloop
endfacet
facet normal 0.7164917 0.43468386 -0.5456093
 outer loop
  vertex 0.67382705 0.47187078 -0.5685893
  vertex 0.7370645 0.46079943 -0.4943667
  vertex 0.75571305 0.3933385 -0.5236232
 endloop
endfacet
facet normal 0.71649164 0.43468344 -0.5456099
 outer loop
  vertex 0.67382705 0.47187078 -0.5685893
  vertex 0.75571305 0.3933385 -0.5236232
  vertex 0.6908857 0.41016126 -0.5953515
 endloop
endfacet
facet normal 0.8332828 -0.009376052 0.55276746
 outer loop
  vertex 0.84466624 0.051069394 0.5328514
  vertex 0.7966953 0.004009186 0.60436815
  vertex 0.81675416 -0.06855349 0.5728991
 endloop
endfacet
facet normal 0.8332822 -0.009375563 0.55276847
 outer loop
  vertex 0.84466624 0.051069394 0.5328514
  vertex 0.81675416 -0.06855349 0.5728991
  vertex 0.8659423 -0.025896223 0.49947295
 endloop
endfacet
facet normal 0.6490515 0.44652832 -0.6159097
 outer loop
  vertex 0.6041002 0.4783979 -0.637336
  vertex 0.67382705 0.47187078 -0.5685893
  vertex 0.6908857 0.41016126 -0.5953515
 endloop
endfacet
facet normal 0.64905137 0.44652808 -0.6159099
 outer loop
  vertex 0.6041002 0.4783979 -0.637336
  vertex 0.6908857 0.41016126 -0.5953515
  vertex 0.6194047 0.42303413 -0.6613462
 endloop
endfacet
facet normal 0.87777853 0.035457592 0.47775277
 outer loop
  vertex 0.884503 0.09763764 0.45620286
  vertex 0.84466624 0.051069394 0.5328514
  vertex 0.8659423 -0.025896223 0.49947295
 endloop
endfacet
facet normal 0.8777791 0.035457123 0.47775173
 outer loop
  vertex 0.884503 0.09763764 0.45620286
  vertex 0.8659423 -0.025896223 0.49947295
  vertex 0.9067912 0.017010314 0.42123637
 endloop
endfacet
facet normal 0.5753427 0.45407388 -0.6802923
 outer loop
  vertex 0.5285556 0.48031777 -0.69994485
  vertex 0.6041002 0.4783979 -0.637336
  vertex 0.6194047 0.42303413 -0.6613462
 endloop
endfacet
facet normal 0.5753429 0.45407444 -0.68029183
 outer loop
  vertex 0.5285556 0.48031777 -0.69994485
  vertex 0.6194047 0.42303413 -0.6613462
  vertex 0.5419585 0.43183294 -0.72097176
 endloop
endfacet
facet normal 0.91382855 0.07994236 0.39815417
 outer loop
  vertex 0.9158213 0.14326577 0.37516093
  vertex 0.884503 0.09763764 0.45620286
  vertex 0.9067912 0.017010314 0.42123637
 endloop
endfacet
facet normal 0.9138279 0.07994282 0.39815533
 outer loop
  vertex 0.9158213 0.14326577 0.37516093
  vertex 0.9067912 0.017010314 0.42123637
  vertex 0.9389072 0.059753202 0.33894315
 endloop
endfacet
facet normal 0.4960715 0.45724532 -0.73813266
 outer loop
  vertex 0.44792077 0.47761178 -0.75581276
  vertex 0.5285556 0.48031777 -0.69994485
  vertex 0.5419585 0.43183294 -0.72097176
 endloop
endfacet
facet normal 0.49607137 0.4572447 -0.7381331
 outer loop
  vertex 0.44792077 0.47761178 -0.75581276
  vertex 0.5419585 0.43183294 -0.72097176
  vertex 0.459293 0.43647277 -0.7736539
 endloop
endfacet
facet normal 0.9410883 0.123653136 0.31474245
 outer loop
  vertex 0.9383198 0.18751395 0.29050604
  vertex 0.9158213 0.14326577 0.37516093
  vertex 0.9389072 0.059753202 0.33894315
 endloop
endfacet
facet normal 0.9410885 0.12365282 0.3147416
 outer loop
  vertex 0.9383198 0.18751395 0.29050604
  vertex 0.9389072 0.059753202 0.33894315
  vertex 0.9619809 0.101920426 0.25338578
 endloop
endfacet
facet normal 0.41200075 0.45600736 -0.78886795
 outer loop
  vertex 0.36297196 0.47030616 -0.8044019
  vertex 0.44792077 0.47761178 -0.75581276
  vertex 0.459293 0.43647277 -0.7736539
 endloop
endfacet
facet normal 0.4120008 0.45600772 -0.7888678
 outer loop
  vertex 0.36297196 0.47030616 -0.8044019
  vertex 0.459293 0.43647277 -0.7736539
  vertex 0.37220407 0.43690923 -0.81888545
 endloop
endfacet
facet normal 0.95930177 0.16616906 0.2283152
 outer loop
  vertex 0.95178187 0.2299563 0.2030533
  vertex 0.9383198 0.18751395 0.29050604
  vertex 0.9619809 0.101920426 0.25338578
 endloop
endfacet
facet normal 0.9593019 0.16616903 0.2283151
 outer loop
  vertex 0.95178187 0.2299563 0.2030533
  vertex 0.9619809 0.101920426 0.25338578
  vertex 0.9757903 0.14310612 0.16538805
 endloop
endfacet
facet normal 0.14550266 -0.3595096 0.92172766
 outer loop
  vertex 0.18960355 -0.33680186 0.92228884
  vertex 0.09683921 -0.36874825 0.92447215
  vertex 0.09920384 -0.37730226 0.9207625
 endloop
endfacet
facet normal 0.14550325 -0.3595109 0.921727
 outer loop
  vertex 0.18960355 -0.33680186 0.92228884
  vertex 0.09920384 -0.37730226 0.9207625
  vertex 0.19431004 -0.35382748 0.9149052
 endloop
endfacet
facet normal 0.32394204 0.45037144 -0.83200186
 outer loop
  vertex 0.27452788 0.45847124 -0.84524417
  vertex 0.36297196 0.47030616 -0.8044019
  vertex 0.37220407 0.43690923 -0.81888545
 endloop
endfacet
facet normal 0.32394207 0.45037192 -0.83200157
 outer loop
  vertex 0.27452788 0.45847124 -0.84524417
  vertex 0.37220407 0.43690923 -0.81888545
  vertex 0.28153086 0.43313795 -0.85623074
 endloop
endfacet
facet normal 0.9682972 0.20708726 0.13969775
 outer loop
  vertex 0.9560775 0.2701841 0.11364507
  vertex 0.95178187 0.2299563 0.2030533
  vertex 0.9757903 0.14310612 0.16538805
 endloop
endfacet
facet normal 0.96829695 0.20708762 0.1396987
 outer loop
  vertex 0.9560775 0.2701841 0.11364507
  vertex 0.9757903 0.14310612 0.16538805
  vertex 0.9802022 0.18291372 0.07579761
 endloop
endfacet
facet normal 0.23883635 -0.3300359 0.9132544
 outer loop
  vertex 0.28054175 -0.30161202 0.91122353
  vertex 0.18960355 -0.33680186 0.92228884
  vertex 0.19431004 -0.35382748 0.9149052
 endloop
endfacet
facet normal 0.23883754 -0.33003792 0.91325337
 outer loop
  vertex 0.28054175 -0.30161202 0.91122353
  vertex 0.19431004 -0.35382748 0.9149052
  vertex 0.28754473 -0.3269453 0.90023696
 endloop
endfacet
facet normal 0.23274219 0.44038925 -0.86711496
 outer loop
  vertex 0.18343976 0.44222102 -0.87794626
  vertex 0.27452788 0.45847124 -0.84524417
  vertex 0.28153086 0.43313795 -0.85623074
 endloop
endfacet
facet normal 0.23274222 0.44038787 -0.8671156
 outer loop
  vertex 0.18343976 0.44222102 -0.87794626
  vertex 0.28153086 0.43313795 -0.85623074
  vertex 0.18814626 0.4251954 -0.8853299
 endloop
endfacet
facet normal 0.9679891 0.24601366 0.049745094
 outer loop
  vertex 0.9511659 0.3078098 0.02314249
  vertex 0.9560775 0.2701841 0.11364507
  vertex 0.9802022 0.18291372 0.07579761
 endloop
endfacet
facet normal 0.9679892 0.2460133 0.049744204
 outer loop
  vertex 0.9511659 0.3078098 0.02314249
  vertex 0.9802022 0.18291372 0.07579761
  vertex 0.97517437 0.22095963 -0.014522743
 endloop
endfacet
facet normal 0.32985893 -0.29738006 0.8959678
 outer loop
  vertex 0.36877808 -0.2635174 0.89138246
  vertex 0.28054175 -0.30161202 0.91122353
  vertex 0.28754473 -0.3269453 0.90023696
 endloop
endfacet
facet normal 0.32985803 -0.2973788 0.8959685
 outer loop
  vertex 0.36877808 -0.2635174 0.89138246
  vertex 0.28754473 -0.3269453 0.90023696
  vertex 0.37801018 -0.29691434 0.8768989
 endloop
endfacet
facet normal 0.13928698 0.42615345 -0.89386374
 outer loop
  vertex 0.090584904 0.4217119 -0.90219325
  vertex 0.18343976 0.44222102 -0.87794626
  vertex 0.18814626 0.4251954 -0.8853299
 endloop
endfacet
facet normal 0.13928716 0.42615184 -0.8938645
 outer loop
  vertex 0.090584904 0.4217119 -0.90219325
  vertex 0.18814626 0.4251954 -0.8853299
  vertex 0.09294953 0.41315788 -0.9059029
 endloop
endfacet
facet normal 0.95838064 0.2825782 -0.040693462
 outer loop
  vertex 0.93709373 0.34247124 -0.06758304
  vertex 0.9511659 0.3078098 0.02314249
  vertex 0.97517437 0.22095963 -0.014522743
 endloop
endfacet
facet normal 0.95838076 0.28257826 -0.040693402
 outer loop
  vertex 0.93709373 0.34247124 -0.06758304
  vertex 0.97517437 0.22095963 -0.014522743
  vertex 0.9607548 0.25687772 -0.10470328
 endloop
endfacet
facet normal 0.41767994 -0.2618581 0.87004244
 outer loop
  vertex 0.4534631 -0.22288497 0.86295706
  vertex 0.36877808 -0.2635174 0.89138246
  vertex 0.37801018 -0.29691434 0.8768989
 endloop
endfacet
facet normal 0.41768098 -0.26185945 0.8700415
 outer loop
  vertex 0.4534631 -0.22288497 0.86295706
  vertex 0.37801018 -0.29691434 0.8768989
  vertex 0.46483535 -0.26402396 0.84511584
 endloop
endfacet
facet normal 0.93956316 0.3164291 -0.1307428
 outer loop
  vertex 0.913997 0.37383443 -0.15765774
  vertex 0.93709373 0.34247124 -0.06758304
  vertex 0.9607548 0.25687772 -0.10470328
 endloop
endfacet
facet normal 0.93956316 0.3164294 -0.13074204
 outer loop
  vertex 0.913997 0.37383443 -0.15765774
  vertex 0.9607548 0.25687772 -0.10470328
  vertex 0.9370829 0.29032186 -0.1938755
 endloop
endfacet
facet normal 0.5014609 -0.22381887 0.83572847
 outer loop
  vertex 0.533781 -0.18010597 0.8262208
  vertex 0.4534631 -0.22288497 0.86295706
  vertex 0.46483535 -0.26402396 0.84511584
 endloop
endfacet
facet normal 0.50145984 -0.22381784 0.83572936
 outer loop
  vertex 0.533781 -0.18010597 0.8262208
  vertex 0.46483535 -0.26402396 0.84511584
  vertex 0.54718393 -0.2285908 0.8051939
 endloop
endfacet
facet normal 0.91171366 0.34724328 -0.21954578
 outer loop
  vertex 0.88209814 0.40159732 -0.24621397
  vertex 0.913997 0.37383443 -0.15765774
  vertex 0.9370829 0.29032186 -0.1938755
 endloop
endfacet
facet normal 0.9117136 0.34724268 -0.21954696
 outer loop
  vertex 0.88209814 0.40159732 -0.24621397
  vertex 0.9370829 0.29032186 -0.1938755
  vertex 0.90438634 0.32097 -0.28118047
 endloop
endfacet
facet normal 0.5803877 -0.18362753 0.79336685
 outer loop
  vertex 0.60895824 -0.13559262 0.78152764
  vertex 0.533781 -0.18010597 0.8262208
  vertex 0.54718393 -0.2285908 0.8051939
 endloop
endfacet
facet normal 0.58038837 -0.1836281 0.79336625
 outer loop
  vertex 0.60895824 -0.13559262 0.78152764
  vertex 0.54718393 -0.2285908 0.8051939
  vertex 0.6242627 -0.1909564 0.75751746
 endloop
endfacet
facet normal 0.8750942 0.3747236 -0.3062555
 outer loop
  vertex 0.8417039 0.42549258 -0.33239904
  vertex 0.88209814 0.40159732 -0.24621397
  vertex 0.90438634 0.32097 -0.28118047
 endloop
endfacet
facet normal 0.8750943 0.37472406 -0.3062547
 outer loop
  vertex 0.8417039 0.42549258 -0.33239904
  vertex 0.90438634 0.32097 -0.28118047
  vertex 0.86297995 0.34852695 -0.36577752
 endloop
endfacet
facet normal 0.65370536 -0.14167775 0.7433685
 outer loop
  vertex 0.67827094 -0.08977342 0.7293079
  vertex 0.60895824 -0.13559262 0.78152764
  vertex 0.6242627 -0.1909564 0.75751746
 endloop
endfacet
facet normal 0.653705 -0.14167742 0.7433689
 outer loop
  vertex 0.67827094 -0.08977342 0.7293079
  vertex 0.6242627 -0.1909564 0.75751746
  vertex 0.6953296 -0.15148291 0.7025457
 endloop
endfacet
facet normal 0.73089474 0.3692537 -0.5739727
 outer loop
  vertex 0.6908857 0.41016126 -0.5953515
  vertex 0.75571305 0.3933385 -0.5236232
  vertex 0.7670645 0.32451585 -0.55344397
 endloop
endfacet
facet normal 0.73089474 0.3692538 -0.5739726
 outer loop
  vertex 0.6908857 0.41016126 -0.5953515
  vertex 0.7670645 0.32451585 -0.55344397
  vertex 0.7012694 0.34720618 -0.6226299
 endloop
endfacet
facet normal 0.84995174 -0.08510119 0.51994216
 outer loop
  vertex 0.8659423 -0.025896223 0.49947295
  vertex 0.81675416 -0.06855349 0.5728991
  vertex 0.82896405 -0.14258085 0.54082316
 endloop
endfacet
facet normal 0.84995174 -0.08510122 0.5199421
 outer loop
  vertex 0.8659423 -0.025896223 0.49947295
  vertex 0.82896405 -0.14258085 0.54082316
  vertex 0.8788931 -0.10441538 0.46545067
 endloop
endfacet
facet normal 0.66210693 0.38721937 -0.6416195
 outer loop
  vertex 0.6194047 0.42303413 -0.6613462
  vertex 0.6908857 0.41016126 -0.5953515
  vertex 0.7012694 0.34720618 -0.6226299
 endloop
endfacet
facet normal 0.6621069 0.38721937 -0.6416195
 outer loop
  vertex 0.6194047 0.42303413 -0.6613462
  vertex 0.7012694 0.34720618 -0.6226299
  vertex 0.6287206 0.36655286 -0.68581945
 endloop
endfacet
facet normal 0.89534557 -0.044344004 0.44315898
 outer loop
  vertex 0.9067912 0.017010314 0.42123637
  vertex 0.8659423 -0.025896223 0.49947295
  vertex 0.8788931 -0.10441538 0.46545067
 endloop
endfacet
facet normal 0.89534533 -0.044343714 0.44315964
 outer loop
  vertex 0.9067912 0.017010314 0.42123637
  vertex 0.8788931 -0.10441538 0.46545067
  vertex 0.9203582 -0.06524449 0.38559547
 endloop
endfacet
facet normal 0.5869252 0.40145853 -0.70310014
 outer loop
  vertex 0.5419585 0.43183294 -0.72097176
  vertex 0.6194047 0.42303413 -0.6613462
  vertex 0.6287206 0.36655286 -0.68581945
 endloop
endfacet
facet normal 0.58692575 0.40145996 -0.70309895
 outer loop
  vertex 0.5419585 0.43183294 -0.72097176
  vertex 0.6287206 0.36655286 -0.68581945
  vertex 0.550117 0.38236943 -0.7424043
 endloop
endfacet
facet normal 0.9321228 -0.0031668597 0.3621282
 outer loop
  vertex 0.9389072 0.059753202 0.33894315
  vertex 0.9067912 0.017010314 0.42123637
  vertex 0.9203582 -0.06524449 0.38559547
 endloop
endfacet
facet normal 0.932123 -0.0031669582 0.36212793
 outer loop
  vertex 0.9389072 0.059753202 0.33894315
  vertex 0.9203582 -0.06524449 0.38559547
  vertex 0.95295966 -0.025445083 0.30202684
 endloop
endfacet
facet normal 0.5060678 0.41183317 -0.75781846
 outer loop
  vertex 0.459293 0.43647277 -0.7736539
  vertex 0.5419585 0.43183294 -0.72097176
  vertex 0.550117 0.38236943 -0.7424043
 endloop
endfacet
facet normal 0.5060675 0.41183227 -0.7578191
 outer loop
  vertex 0.459293 0.43647277 -0.7736539
  vertex 0.550117 0.38236943 -0.7424043
  vertex 0.46621534 0.39450338 -0.79183924
 endloop
endfacet
facet normal 0.9599357 0.03803452 0.2776272
 outer loop
  vertex 0.9619809 0.101920426 0.25338578
  vertex 0.9389072 0.059753202 0.33894315
  vertex 0.95295966 -0.025445083 0.30202684
 endloop
endfacet
facet normal 0.9599358 0.03803436 0.27762678
 outer loop
  vertex 0.9619809 0.101920426 0.25338578
  vertex 0.95295966 -0.025445083 0.30202684
  vertex 0.97638345 0.014599195 0.21554962
 endloop
endfacet
facet normal 0.42031536 0.4182365 -0.8052411
 outer loop
  vertex 0.37220407 0.43690923 -0.81888545
  vertex 0.459293 0.43647277 -0.7736539
  vertex 0.46621534 0.39450338 -0.79183924
 endloop
endfacet
facet normal 0.42031515 0.41823566 -0.80524164
 outer loop
  vertex 0.37220407 0.43690923 -0.81888545
  vertex 0.46621534 0.39450338 -0.79183924
  vertex 0.37782365 0.40283817 -0.8336484
 endloop
endfacet
facet normal 0.97852015 0.07886462 0.1904698
 outer loop
  vertex 0.9757903 0.14310612 0.16538805
  vertex 0.9619809 0.101920426 0.25338578
  vertex 0.97638345 0.014599195 0.21554962
 endloop
endfacet
facet normal 0.97852004 0.07886474 0.19047011
 outer loop
  vertex 0.9757903 0.14310612 0.16538805
  vertex 0.97638345 0.014599195 0.21554962
  vertex 0.99040437 0.054502867 0.12699638
 endloop
endfacet
facet normal 0.14835785 -0.37247866 0.9161056
 outer loop
  vertex 0.19431004 -0.35382748 0.9149052
  vertex 0.09920384 -0.37730226 0.9207625
  vertex 0.100643195 -0.38602892 0.9169812
 endloop
endfacet
facet normal 0.1483576 -0.37247792 0.91610605
 outer loop
  vertex 0.19431004 -0.35382748 0.9149052
  vertex 0.100643195 -0.38602892 0.9169812
  vertex 0.1971749 -0.37119678 0.9073791
 endloop
endfacet
facet normal 0.3304943 0.42060664 -0.8449045
 outer loop
  vertex 0.28153086 0.43313795 -0.85623074
  vertex 0.37220407 0.43690923 -0.81888545
  vertex 0.37782365 0.40283817 -0.8336484
 endloop
endfacet
facet normal 0.33049446 0.4206076 -0.84490395
 outer loop
  vertex 0.28153086 0.43313795 -0.85623074
  vertex 0.37782365 0.40283817 -0.8336484
  vertex 0.28579363 0.40729332 -0.8674292
 endloop
endfacet
facet normal 0.9877018 0.11893587 0.101485945
 outer loop
  vertex 0.9802022 0.18291372 0.07579761
  vertex 0.9757903 0.14310612 0.16538805
  vertex 0.99040437 0.054502867 0.12699638
 endloop
endfacet
facet normal 0.9877019 0.11893577 0.10148567
 outer loop
  vertex 0.9802022 0.18291372 0.07579761
  vertex 0.99040437 0.054502867 0.12699638
  vertex 0.99488693 0.093881756 0.037220173
 endloop
endfacet
facet normal 0.24356334 -0.35150632 0.90394706
 outer loop
  vertex 0.28754473 -0.3269453 0.90023696
  vertex 0.19431004 -0.35382748 0.9149052
  vertex 0.1971749 -0.37119678 0.9073791
 endloop
endfacet
facet normal 0.24356362 -0.35150692 0.9039467
 outer loop
  vertex 0.28754473 -0.3269453 0.90023696
  vertex 0.1971749 -0.37119678 0.9073791
  vertex 0.2918075 -0.3527899 0.8890385
 endloop
endfacet
facet normal 0.23746783 0.4189204 -0.8764215
 outer loop
  vertex 0.18814626 0.4251954 -0.8853299
  vertex 0.28153086 0.43313795 -0.85623074
  vertex 0.28579363 0.40729332 -0.8674292
 endloop
endfacet
facet normal 0.23746787 0.4189206 -0.87642145
 outer loop
  vertex 0.18814626 0.4251954 -0.8853299
  vertex 0.28579363 0.40729332 -0.8674292
  vertex 0.19101112 0.40782613 -0.892856
 endloop
endfacet
facet normal 0.98739386 0.1578619 0.0115317395
 outer loop
  vertex 0.97517437 0.22095963 -0.014522743
  vertex 0.9802022 0.18291372 0.07579761
  vertex 0.99488693 0.093881756 0.037220173
 endloop
endfacet
facet normal 0.9873938 0.157862 0.011532022
 outer loop
  vertex 0.97517437 0.22095963 -0.014522743
  vertex 0.99488693 0.093881756 0.037220173
  vertex 0.9897884 0.13235639 -0.05291441
 endloop
endfacet
facet normal 0.3364105 -0.3271449 0.8830653
 outer loop
  vertex 0.37801018 -0.29691434 0.8768989
  vertex 0.28754473 -0.3269453 0.90023696
  vertex 0.2918075 -0.3527899 0.8890385
 endloop
endfacet
facet normal 0.33641082 -0.32714558 0.88306487
 outer loop
  vertex 0.37801018 -0.29691434 0.8768989
  vertex 0.2918075 -0.3527899 0.8890385
  vertex 0.38362977 -0.3309854 0.8621359
 endloop
endfacet
facet normal 0.1421404 0.41319016 -0.8994832
 outer loop
  vertex 0.09294953 0.41315788 -0.9059029
  vertex 0.18814626 0.4251954 -0.8853299
  vertex 0.19101112 0.40782613 -0.892856
 endloop
endfacet
facet normal 0.14214042 0.41319022 -0.8994832
 outer loop
  vertex 0.09294953 0.41315788 -0.9059029
  vertex 0.19101112 0.40782613 -0.892856
  vertex 0.09438889 0.40443122 -0.9096842
 endloop
endfacet
facet normal 0.9775989 0.19527403 -0.07853883
 outer loop
  vertex 0.9607548 0.25687772 -0.10470328
  vertex 0.97517437 0.22095963 -0.014522743
  vertex 0.9897884 0.13235639 -0.05291441
 endloop
endfacet
facet normal 0.97759897 0.19527392 -0.0785391
 outer loop
  vertex 0.9607548 0.25687772 -0.10470328
  vertex 0.9897884 0.13235639 -0.05291441
  vertex 0.9751574 0.16955651 -0.14253944
 endloop
endfacet
facet normal 0.42599586 -0.2996318 0.85366756
 outer loop
  vertex 0.46483535 -0.26402396 0.84511584
  vertex 0.37801018 -0.29691434 0.8768989
  vertex 0.38362977 -0.3309854 0.8621359
 endloop
endfacet
facet normal 0.4259948 -0.2996304 0.8536686
 outer loop
  vertex 0.46483535 -0.26402396 0.84511584
  vertex 0.38362977 -0.3309854 0.8621359
  vertex 0.47175768 -0.30599335 0.8269306
 endloop
endfacet
facet normal 0.9584105 0.2308103 -0.16785689
 outer loop
  vertex 0.9370829 0.29032186 -0.1938755
  vertex 0.9607548 0.25687772 -0.10470328
  vertex 0.9751574 0.16955651 -0.14253944
 endloop
endfacet
facet normal 0.95841056 0.23081057 -0.16785632
 outer loop
  vertex 0.9370829 0.29032186 -0.1938755
  vertex 0.9751574 0.16955651 -0.14253944
  vertex 0.95113534 0.20512362 -0.2307918
 endloop
endfacet
facet normal 0.5114568 -0.26923147 0.8160431
 outer loop
  vertex 0.54718393 -0.2285908 0.8051939
  vertex 0.46483535 -0.26402396 0.84511584
  vertex 0.47175768 -0.30599335 0.8269306
 endloop
endfacet
facet normal 0.51145685 -0.26923144 0.8160431
 outer loop
  vertex 0.54718393 -0.2285908 0.8051939
  vertex 0.47175768 -0.30599335 0.8269306
  vertex 0.55534244 -0.27805433 0.7837614
 endloop
endfacet
facet normal 0.93000835 0.26413375 -0.25557366
 outer loop
  vertex 0.90438634 0.32097 -0.28118047
  vertex 0.9370829 0.29032186 -0.1938755
  vertex 0.95113534 0.20512362 -0.2307918
 endloop
endfacet
facet normal 0.93000823 0.26413372 -0.25557366
 outer loop
  vertex 0.90438634 0.32097 -0.28118047
  vertex 0.95113534 0.20512362 -0.2307918
  vertex 0.9179533 0.23871519 -0.31682137
 endloop
endfacet
facet normal 0.59197044 -0.23624302 0.77055836
 outer loop
  vertex 0.6242627 -0.1909564 0.75751746
  vertex 0.54718393 -0.2285908 0.8051939
  vertex 0.55534244 -0.27805433 0.7837614
 endloop
endfacet
facet normal 0.5919706 -0.23624323 0.7705582
 outer loop
  vertex 0.6242627 -0.1909564 0.75751746
  vertex 0.55534244 -0.27805433 0.7837614
  vertex 0.6335786 -0.24743767 0.7330442
 endloop
endfacet
facet normal 0.89266086 0.29492277 -0.34084752
 outer loop
  vertex 0.86297995 0.34852695 -0.36577752
  vertex 0.90438634 0.32097 -0.28118047
  vertex 0.9179533 0.23871519 -0.31682137
 endloop
endfacet
facet normal 0.89266074 0.29492214 -0.34084862
 outer loop
  vertex 0.86297995 0.34852695 -0.36577752
  vertex 0.9179533 0.23871519 -0.31682137
  vertex 0.87593067 0.2700078 -0.3997998
 endloop
endfacet
facet normal 0.6667606 -0.20098647 0.71765924
 outer loop
  vertex 0.6953296 -0.15148291 0.7025457
  vertex 0.6242627 -0.1909564 0.75751746
  vertex 0.6335786 -0.24743767 0.7330442
 endloop
endfacet
facet normal 0.66676086 -0.20098673 0.7176589
 outer loop
  vertex 0.6953296 -0.15148291 0.7025457
  vertex 0.6335786 -0.24743767 0.7330442
  vertex 0.7057133 -0.214438 0.67526734
 endloop
endfacet
facet normal 0.84672356 0.32287955 -0.42285696
 outer loop
  vertex 0.81326264 0.37272757 -0.44685206
  vertex 0.86297995 0.34852695 -0.36577752
  vertex 0.87593067 0.2700078 -0.3997998
 endloop
endfacet
facet normal 0.84672374 0.32287982 -0.42285657
 outer loop
  vertex 0.81326264 0.37272757 -0.44685206
  vertex 0.87593067 0.2700078 -0.3997998
  vertex 0.82547253 0.2987002 -0.47892803
 endloop
endfacet
facet normal 0.73511314 -0.16380142 0.6578585
 outer loop
  vertex 0.7596998 -0.11055049 0.6408081
  vertex 0.6953296 -0.15148291 0.7025457
  vertex 0.7057133 -0.214438 0.67526734
 endloop
endfacet
facet normal 0.73511285 -0.16380115 0.65785885
 outer loop
  vertex 0.7596998 -0.11055049 0.6408081
  vertex 0.7057133 -0.214438 0.67526734
  vertex 0.7710513 -0.17937313 0.61098737
 endloop
endfacet
facet normal 0.7926292 0.34773767 -0.5008168
 outer loop
  vertex 0.75571305 0.3933385 -0.5236232
  vertex 0.81326264 0.37272757 -0.44685206
  vertex 0.82547253 0.2987002 -0.47892803
 endloop
endfacet
facet normal 0.7926292 0.3477377 -0.5008168
 outer loop
  vertex 0.75571305 0.3933385 -0.5236232
  vertex 0.82547253 0.2987002 -0.47892803
  vertex 0.7670645 0.32451585 -0.55344397
 endloop
endfacet
facet normal 0.79636914 -0.12504943 0.59174216
 outer loop
  vertex 0.81675416 -0.06855349 0.5728991
  vertex 0.7596998 -0.11055049 0.6408081
  vertex 0.7710513 -0.17937313 0.61098737
 endloop
endfacet
facet normal 0.79636943 -0.12504964 0.5917419
 outer loop
  vertex 0.81675416 -0.06855349 0.5728991
  vertex 0.7710513 -0.17937313 0.61098737
  vertex 0.82896405 -0.14258085 0.54082316
 endloop
endfacet
facet normal 0.59283155 0.348047 -0.72623277
 outer loop
  vertex 0.550117 0.38236943 -0.7424043
  vertex 0.6287206 0.36655286 -0.68581945
  vertex 0.6319581 0.30949798 -0.71052015
 endloop
endfacet
facet normal 0.59283096 0.34804586 -0.7262338
 outer loop
  vertex 0.550117 0.38236943 -0.7424043
  vertex 0.6319581 0.30949798 -0.71052015
  vertex 0.55295223 0.3324036 -0.7640359
 endloop
endfacet
facet normal 0.9414513 -0.08753388 0.32558754
 outer loop
  vertex 0.95295966 -0.025445083 0.30202684
  vertex 0.9203582 -0.06524449 0.38559547
  vertex 0.9250731 -0.14833461 0.3496234
 endloop
endfacet
facet normal 0.94145125 -0.08753376 0.3255878
 outer loop
  vertex 0.95295966 -0.025445083 0.30202684
  vertex 0.9250731 -0.14833461 0.3496234
  vertex 0.9578433 -0.11150857 0.26476753
 endloop
endfacet
facet normal 0.51116496 0.36573046 -0.77778643
 outer loop
  vertex 0.46621534 0.39450338 -0.79183924
  vertex 0.550117 0.38236943 -0.7424043
  vertex 0.55295223 0.3324036 -0.7640359
 endloop
endfacet
facet normal 0.5111653 0.36573118 -0.7777858
 outer loop
  vertex 0.46621534 0.39450338 -0.79183924
  vertex 0.55295223 0.3324036 -0.7640359
  vertex 0.46862108 0.3521078 -0.8101935
 endloop
endfacet
facet normal 0.96954566 -0.048879057 0.23998351
 outer loop
  vertex 0.97638345 0.014599195 0.21554962
  vertex 0.95295966 -0.025445083 0.30202684
  vertex 0.9578433 -0.11150857 0.26476753
 endloop
endfacet
facet normal 0.9695454 -0.04887863 0.23998454
 outer loop
  vertex 0.97638345 0.014599195 0.21554962
  vertex 0.9578433 -0.11150857 0.26476753
  vertex 0.98138887 -0.07360881 0.17736188
 endloop
endfacet
facet normal 0.42455465 0.3798925 -0.82184845
 outer loop
  vertex 0.37782365 0.40283817 -0.8336484
  vertex 0.46621534 0.39450338 -0.79183924
  vertex 0.46862108 0.3521078 -0.8101935
 endloop
endfacet
facet normal 0.424555 0.3798934 -0.821848
 outer loop
  vertex 0.37782365 0.40283817 -0.8336484
  vertex 0.46862108 0.3521078 -0.8101935
  vertex 0.37977666 0.3684211 -0.84854853
 endloop
endfacet
facet normal 0.9883191 -0.009759513 0.15208595
 outer loop
  vertex 0.99040437 0.054502867 0.12699638
  vertex 0.97638345 0.014599195 0.21554962
  vertex 0.98138887 -0.07360881 0.17736188
 endloop
endfacet
facet normal 0.98831934 -0.009760126 0.15208444
 outer loop
  vertex 0.99040437 0.054502867 0.12699638
  vertex 0.98138887 -0.07360881 0.17736188
  vertex 0.99548316 -0.03500018 0.08824798
 endloop
endfacet
facet normal 0.14981261 -0.38563725 0.9104066
 outer loop
  vertex 0.1971749 -0.37119678 0.9073791
  vertex 0.100643195 -0.38602892 0.9169812
  vertex 0.10114343 -0.3948442 0.91316485
 endloop
endfacet
facet normal 0.14981306 -0.38563928 0.91040564
 outer loop
  vertex 0.1971749 -0.37119678 0.9073791
  vertex 0.10114343 -0.3948442 0.91316485
  vertex 0.19817053 -0.38874245 0.8997831
 endloop
endfacet
facet normal 0.3338353 0.39039257 -0.85799044
 outer loop
  vertex 0.28579363 0.40729332 -0.8674292
  vertex 0.37782365 0.40283817 -0.8336484
  vertex 0.37977666 0.3684211 -0.84854853
 endloop
endfacet
facet normal 0.33383492 0.3903911 -0.8579913
 outer loop
  vertex 0.28579363 0.40729332 -0.8674292
  vertex 0.37977666 0.3684211 -0.84854853
  vertex 0.28727505 0.38118625 -0.87873167
 endloop
endfacet
facet normal 0.997596 0.029450946 0.062728606
 outer loop
  vertex 0.99488693 0.093881756 0.037220173
  vertex 0.99040437 0.054502867 0.12699638
  vertex 0.99548316 -0.03500018 0.08824798
 endloop
endfacet
facet normal 0.997596 0.029451182 0.062729195
 outer loop
  vertex 0.99488693 0.093881756 0.037220173
  vertex 0.99548316 -0.03500018 0.08824798
  vertex 0.99999034 0.003945659 -0.0017157076
 endloop
endfacet
facet normal 0.24597324 -0.37330008 0.8945078
 outer loop
  vertex 0.2918075 -0.3527899 0.8890385
  vertex 0.1971749 -0.37119678 0.9073791
  vertex 0.19817053 -0.38874245 0.8997831
 endloop
endfacet
facet normal 0.24597299 -0.3732993 0.8945082
 outer loop
  vertex 0.2918075 -0.3527899 0.8890385
  vertex 0.19817053 -0.38874245 0.8997831
  vertex 0.29328892 -0.378897 0.87773603
 endloop
endfacet
facet normal 0.2398777 0.39712527 -0.8858612
 outer loop
  vertex 0.19101112 0.40782613 -0.892856
  vertex 0.28579363 0.40729332 -0.8674292
  vertex 0.28727505 0.38118625 -0.87873167
 endloop
endfacet
facet normal 0.23987769 0.3971254 -0.8858612
 outer loop
  vertex 0.19101112 0.40782613 -0.892856
  vertex 0.28727505 0.38118625 -0.87873167
  vertex 0.19200674 0.39028043 -0.900452
 endloop
endfacet
facet normal 0.997288 0.06837735 -0.027224855
 outer loop
  vertex 0.9897884 0.13235639 -0.05291441
  vertex 0.99488693 0.093881756 0.037220173
  vertex 0.99999034 0.003945659 -0.0017157076
 endloop
endfacet
facet normal 0.997288 0.06837712 -0.027225439
 outer loop
  vertex 0.9897884 0.13235639 -0.05291441
  vertex 0.99999034 0.003945659 -0.0017157076
  vertex 0.9948672 0.042853337 -0.09166282
 endloop
endfacet
facet normal 0.33975145 -0.35735878 0.8699792
 outer loop
  vertex 0.38362977 -0.3309854 0.8621359
  vertex 0.2918075 -0.3527899 0.8890385
  vertex 0.29328892 -0.378897 0.87773603
 endloop
endfacet
facet normal 0.33975136 -0.35735855 0.86997926
 outer loop
  vertex 0.38362977 -0.3309854 0.8621359
  vertex 0.29328892 -0.378897 0.87773603
  vertex 0.38558277 -0.36540246 0.8472358
 endloop
endfacet
facet normal 0.14359581 0.4000274 -0.90518415
 outer loop
  vertex 0.09438889 0.40443122 -0.9096842
  vertex 0.19101112 0.40782613 -0.892856
  vertex 0.19200674 0.39028043 -0.900452
 endloop
endfacet
facet normal 0.1435957 0.4000263 -0.9051846
 outer loop
  vertex 0.09438889 0.40443122 -0.9096842
  vertex 0.19200674 0.39028043 -0.900452
  vertex 0.09488912 0.39561594 -0.91350055
 endloop
endfacet
facet normal 0.987398 0.1066489 -0.116923824
 outer loop
  vertex 0.9751574 0.16955651 -0.14253944
  vertex 0.9897884 0.13235639 -0.05291441
  vertex 0.9948672 0.042853337 -0.09166282
 endloop
endfacet
facet normal 0.9873981 0.10664951 -0.116922334
 outer loop
  vertex 0.9751574 0.16955651 -0.14253944
  vertex 0.9948672 0.042853337 -0.09166282
  vertex 0.9801628 0.0813485 -0.18072718
 endloop
endfacet
facet normal 0.4302344 -0.33797318 0.8370618
 outer loop
  vertex 0.47175768 -0.30599335 0.8269306
  vertex 0.38362977 -0.3309854 0.8621359
  vertex 0.38558277 -0.36540246 0.8472358
 endloop
endfacet
facet normal 0.43023476 -0.3379739 0.8370613
 outer loop
  vertex 0.47175768 -0.30599335 0.8269306
  vertex 0.38558277 -0.36540246 0.8472358
  vertex 0.4741634 -0.3483889 0.80857635
 endloop
endfacet
facet normal 0.96802044 0.14389744 -0.20549944
 outer loop
  vertex 0.95113534 0.20512362 -0.2307918
  vertex 0.9751574 0.16955651 -0.14253944
  vertex 0.9801628 0.0813485 -0.18072718
 endloop
endfacet
facet normal 0.96802026 0.14389697 -0.20550048
 outer loop
  vertex 0.95113534 0.20512362 -0.2307918
  vertex 0.9801628 0.0813485 -0.18072718
  vertex 0.956019 0.11906013 -0.26805112
 endloop
endfacet
facet normal 0.5165541 -0.3153321 0.7960763
 outer loop
  vertex 0.55534244 -0.27805433 0.7837614
  vertex 0.47175768 -0.30599335 0.8269306
  vertex 0.4741634 -0.3483889 0.80857635
 endloop
endfacet
facet normal 0.5165544 -0.31533256 0.79607594
 outer loop
  vertex 0.55534244 -0.27805433 0.7837614
  vertex 0.4741634 -0.3483889 0.80857635
  vertex 0.55817765 -0.32802016 0.7621298
 endloop
endfacet
facet normal 0.9393366 0.17976677 -0.29211402
 outer loop
  vertex 0.9179533 0.23871519 -0.31682137
  vertex 0.95113534 0.20512362 -0.2307918
  vertex 0.956019 0.11906013 -0.26805112
 endloop
endfacet
facet normal 0.9393366 0.17976673 -0.29211417
 outer loop
  vertex 0.9179533 0.23871519 -0.31682137
  vertex 0.956019 0.11906013 -0.26805112
  vertex 0.9226682 0.15562506 -0.35279346
 endloop
endfacet
facet normal 0.5978763 -0.2896556 0.7474246
 outer loop
  vertex 0.6335786 -0.24743767 0.7330442
  vertex 0.55534244 -0.27805433 0.7837614
  vertex 0.55817765 -0.32802016 0.7621298
 endloop
endfacet
facet normal 0.59787625 -0.2896555 0.74742466
 outer loop
  vertex 0.6335786 -0.24743767 0.7330442
  vertex 0.55817765 -0.32802016 0.7621298
  vertex 0.63681614 -0.30449256 0.7083435
 endloop
endfacet
facet normal 0.90161747 0.21391438 -0.37593397
 outer loop
  vertex 0.87593067 0.2700078 -0.3997998
  vertex 0.9179533 0.23871519 -0.31682137
  vertex 0.9226682 0.15562506 -0.35279346
 endloop
endfacet
facet normal 0.90161765 0.21391456 -0.37593377
 outer loop
  vertex 0.87593067 0.2700078 -0.3997998
  vertex 0.9226682 0.15562506 -0.35279346
  vertex 0.8804315 0.19069125 -0.43413818
 endloop
endfacet
facet normal 0.67341775 -0.2611933 0.6915826
 outer loop
  vertex 0.7057133 -0.214438 0.67526734
  vertex 0.6335786 -0.24743767 0.7330442
  vertex 0.63681614 -0.30449256 0.7083435
 endloop
endfacet
facet normal 0.6734173 -0.26119283 0.6915833
 outer loop
  vertex 0.7057133 -0.214438 0.67526734
  vertex 0.63681614 -0.30449256 0.7083435
  vertex 0.709322 -0.27803245 0.6477355
 endloop
endfacet
facet normal 0.85522306 0.24600978 -0.45614994
 outer loop
  vertex 0.82547253 0.2987002 -0.47892803
  vertex 0.87593067 0.2700078 -0.3997998
  vertex 0.8804315 0.19069125 -0.43413818
 endloop
endfacet
facet normal 0.85522324 0.24601015 -0.45614946
 outer loop
  vertex 0.82547253 0.2987002 -0.47892803
  vertex 0.8804315 0.19069125 -0.43413818
  vertex 0.8297159 0.22392108 -0.51130205
 endloop
endfacet
facet normal 0.74245685 -0.23022072 0.6290917
 outer loop
  vertex 0.7710513 -0.17937313 0.61098737
  vertex 0.7057133 -0.214438 0.67526734
  vertex 0.709322 -0.27803245 0.6477355
 endloop
endfacet
facet normal 0.7424569 -0.23022084 0.62909144
 outer loop
  vertex 0.7710513 -0.17937313 0.61098737
  vertex 0.709322 -0.27803245 0.6477355
  vertex 0.7749963 -0.24889466 0.5808895
 endloop
endfacet
facet normal 0.80058914 0.2757465 -0.5319971
 outer loop
  vertex 0.7670645 0.32451585 -0.55344397
  vertex 0.82547253 0.2987002 -0.47892803
  vertex 0.8297159 0.22392108 -0.51130205
 endloop
endfacet
facet normal 0.80058897 0.2757462 -0.5319975
 outer loop
  vertex 0.7670645 0.32451585 -0.55344397
  vertex 0.8297159 0.22392108 -0.51130205
  vertex 0.7710095 0.25499433 -0.5835418
 endloop
endfacet
facet normal 0.80432934 -0.1970413 0.56056136
 outer loop
  vertex 0.82896405 -0.14258085 0.54082316
  vertex 0.7710513 -0.17937313 0.61098737
  vertex 0.7749963 -0.24889466 0.5808895
 endloop
endfacet
facet normal 0.80432916 -0.19704111 0.56056166
 outer loop
  vertex 0.82896405 -0.14258085 0.54082316
  vertex 0.7749963 -0.24889466 0.5808895
  vertex 0.8332074 -0.21736 0.50844914
 endloop
endfacet
facet normal 0.7382386 0.30283442 -0.6027396
 outer loop
  vertex 0.7012694 0.34720618 -0.6226299
  vertex 0.7670645 0.32451585 -0.55344397
  vertex 0.7710095 0.25499433 -0.5835418
 endloop
endfacet
facet normal 0.73823893 0.30283493 -0.60273904
 outer loop
  vertex 0.7012694 0.34720618 -0.6226299
  vertex 0.7710095 0.25499433 -0.5835418
  vertex 0.7048781 0.28361174 -0.65016174
 endloop
endfacet
facet normal 0.8584511 -0.16197094 0.48664883
 outer loop
  vertex 0.8788931 -0.10441538 0.46545067
  vertex 0.82896405 -0.14258085 0.54082316
  vertex 0.8332074 -0.21736 0.50844914
 endloop
endfacet
facet normal 0.85845137 -0.16197115 0.48664838
 outer loop
  vertex 0.8788931 -0.10441538 0.46545067
  vertex 0.8332074 -0.21736 0.50844914
  vertex 0.8833939 -0.18373194 0.4311123
 endloop
endfacet
facet normal 0.66876376 0.32701394 -0.6676952
 outer loop
  vertex 0.6287206 0.36655286 -0.68581945
  vertex 0.7012694 0.34720618 -0.6226299
  vertex 0.7048781 0.28361174 -0.65016174
 endloop
endfacet
facet normal 0.66876334 0.3270134 -0.6676959
 outer loop
  vertex 0.6287206 0.36655286 -0.68581945
  vertex 0.7048781 0.28361174 -0.65016174
  vertex 0.6319581 0.30949798 -0.71052015
 endloop
endfacet
facet normal 0.90430224 -0.12535225 0.4080739
 outer loop
  vertex 0.9203582 -0.06524449 0.38559547
  vertex 0.8788931 -0.10441538 0.46545067
  vertex 0.8833939 -0.18373194 0.4311123
 endloop
endfacet
facet normal 0.90430236 -0.12535241 0.4080736
 outer loop
  vertex 0.9203582 -0.06524449 0.38559547
  vertex 0.8833939 -0.18373194 0.4311123
  vertex 0.9250731 -0.14833461 0.3496234
 endloop
endfacet
facet normal 0.42467847 0.34134844 -0.8385281
 outer loop
  vertex 0.37977666 0.3684211 -0.84854853
  vertex 0.46862108 0.3521078 -0.8101935
  vertex 0.46648708 0.3096943 -0.82853997
 endloop
endfacet
facet normal 0.42467773 0.34134713 -0.838529
 outer loop
  vertex 0.37977666 0.3684211 -0.84854853
  vertex 0.46648708 0.3096943 -0.82853997
  vertex 0.37804422 0.3339895 -0.8634423
 endloop
endfacet
facet normal 0.98860466 -0.09885031 0.113531224
 outer loop
  vertex 0.99548316 -0.03500018 0.08824798
  vertex 0.98138887 -0.07360881 0.17736188
  vertex 0.97694886 -0.1618541 0.13919035
 endloop
endfacet
facet normal 0.9886047 -0.09885044 0.11353095
 outer loop
  vertex 0.99548316 -0.03500018 0.08824798
  vertex 0.97694886 -0.1618541 0.13919035
  vertex 0.99097794 -0.12454104 0.049516037
 endloop
endfacet
facet normal 0.14985543 -0.39887413 0.9046783
 outer loop
  vertex 0.19817053 -0.38874245 0.8997831
  vertex 0.10114343 -0.3948442 0.91316485
  vertex 0.1006997 -0.40366322 0.90935004
 endloop
endfacet
facet normal 0.14985499 -0.39887 0.90468013
 outer loop
  vertex 0.19817053 -0.38874245 0.8997831
  vertex 0.1006997 -0.40366322 0.90935004
  vertex 0.19728735 -0.40629554 0.8921903
 endloop
endfacet
facet normal 0.33393222 0.36001727 -0.87113535
 outer loop
  vertex 0.28727505 0.38118625 -0.87873167
  vertex 0.37977666 0.3684211 -0.84854853
  vertex 0.37804422 0.3339895 -0.8634423
 endloop
endfacet
facet normal 0.33393264 0.36001816 -0.8711348
 outer loop
  vertex 0.28727505 0.38118625 -0.87873167
  vertex 0.37804422 0.3339895 -0.8634423
  vertex 0.28596094 0.35506812 -0.8900294
 endloop
endfacet
facet normal 0.99788415 -0.060503826 0.023801548
 outer loop
  vertex 0.99999034 0.003945659 -0.0017157076
  vertex 0.99548316 -0.03500018 0.08824798
  vertex 0.99097794 -0.12454104 0.049516037
 endloop
endfacet
facet normal 0.9978842 -0.06050393 0.02380133
 outer loop
  vertex 0.99999034 0.003945659 -0.0017157076
  vertex 0.99097794 -0.12454104 0.049516037
  vertex 0.9954633 -0.08602845 -0.04063506
 endloop
endfacet
facet normal 0.2460432 -0.39520857 0.8850271
 outer loop
  vertex 0.29328892 -0.378897 0.87773603
  vertex 0.19817053 -0.38874245 0.8997831
  vertex 0.19728735 -0.40629554 0.8921903
 endloop
endfacet
facet normal 0.24604319 -0.39520866 0.88502705
 outer loop
  vertex 0.29328892 -0.378897 0.87773603
  vertex 0.19728735 -0.40629554 0.8921903
  vertex 0.2919748 -0.4050151 0.8664383
 endloop
endfacet
facet normal 0.23994787 0.37521777 -0.8953416
 outer loop
  vertex 0.19200674 0.39028043 -0.900452
  vertex 0.28727505 0.38118625 -0.87873167
  vertex 0.28596094 0.35506812 -0.8900294
 endloop
endfacet
facet normal 0.23994789 0.37521774 -0.89534163
 outer loop
  vertex 0.19200674 0.39028043 -0.900452
  vertex 0.28596094 0.35506812 -0.8900294
  vertex 0.19112356 0.37272733 -0.9080448
 endloop
endfacet
facet normal 0.9975762 -0.02157769 -0.066152856
 outer loop
  vertex 0.9948672 0.042853337 -0.09166282
  vertex 0.99999034 0.003945659 -0.0017157076
  vertex 0.9954633 -0.08602845 -0.04063506
 endloop
endfacet
facet normal 0.9975762 -0.021577606 -0.06615266
 outer loop
  vertex 0.9948672 0.042853337 -0.09166282
  vertex 0.9954633 -0.08602845 -0.04063506
  vertex 0.990362 -0.04668752 -0.13039476
 endloop
endfacet
facet normal 0.33984867 -0.38773346 0.85683465
 outer loop
  vertex 0.38558277 -0.36540246 0.8472358
  vertex 0.29328892 -0.378897 0.87773603
  vertex 0.2919748 -0.4050151 0.8664383
 endloop
endfacet
facet normal 0.33984864 -0.38773325 0.85683477
 outer loop
  vertex 0.38558277 -0.36540246 0.8472358
  vertex 0.2919748 -0.4050151 0.8664383
  vertex 0.38385034 -0.39983404 0.832342
 endloop
endfacet
facet normal 0.1436381 0.38679752 -0.91090935
 outer loop
  vertex 0.09488912 0.39561594 -0.91350055
  vertex 0.19200674 0.39028043 -0.900452
  vertex 0.19112356 0.37272733 -0.9080448
 endloop
endfacet
facet normal 0.14363916 0.3868026 -0.91090703
 outer loop
  vertex 0.09488912 0.39561594 -0.91350055
  vertex 0.19112356 0.37272733 -0.9080448
  vertex 0.09444539 0.38679695 -0.91731536
 endloop
endfacet
facet normal 0.9876835 0.017558124 -0.15547627
 outer loop
  vertex 0.9801628 0.0813485 -0.18072718
  vertex 0.9948672 0.042853337 -0.09166282
  vertex 0.990362 -0.04668752 -0.13039476
 endloop
endfacet
facet normal 0.9876836 0.017558241 -0.155476
 outer loop
  vertex 0.9801628 0.0813485 -0.18072718
  vertex 0.990362 -0.04668752 -0.13039476
  vertex 0.9757228 -0.006896788 -0.21889871
 endloop
endfacet
facet normal 0.43035826 -0.37651888 0.82038116
 outer loop
  vertex 0.4741634 -0.3483889 0.80857635
  vertex 0.38558277 -0.36540246 0.8472358
  vertex 0.38385034 -0.39983404 0.832342
 endloop
endfacet
facet normal 0.4303584 -0.37651908 0.820381
 outer loop
  vertex 0.4741634 -0.3483889 0.80857635
  vertex 0.38385034 -0.39983404 0.832342
  vertex 0.47202942 -0.3908024 0.79022986
 endloop
endfacet
facet normal 0.96830016 0.056526903 -0.24330945
 outer loop
  vertex 0.956019 0.11906013 -0.26805112
  vertex 0.9801628 0.0813485 -0.18072718
  vertex 0.9757228 -0.006896788 -0.21889871
 endloop
endfacet
facet normal 0.9683002 0.056526896 -0.24330941
 outer loop
  vertex 0.956019 0.11906013 -0.26805112
  vertex 0.9757228 -0.006896788 -0.21889871
  vertex 0.9516869 0.03296028 -0.30529463
 endloop
endfacet
facet normal 0.5167029 -0.3616751 0.7760214
 outer loop
  vertex 0.55817765 -0.32802016 0.7621298
  vertex 0.4741634 -0.3483889 0.80857635
  vertex 0.47202942 -0.3908024 0.79022986
 endloop
endfacet
facet normal 0.51670265 -0.36167467 0.7760218
 outer loop
  vertex 0.55817765 -0.32802016 0.7621298
  vertex 0.47202942 -0.3908024 0.79022986
  vertex 0.5556626 -0.3780071 0.74050736
 endloop
endfacet
facet normal 0.93960834 0.094957024 -0.3288151
 outer loop
  vertex 0.9226682 0.15562506 -0.35279346
  vertex 0.956019 0.11906013 -0.26805112
  vertex 0.9516869 0.03296028 -0.30529463
 endloop
endfacet
facet normal 0.9396083 0.09495701 -0.32881516
 outer loop
  vertex 0.9226682 0.15562506 -0.35279346
  vertex 0.9516869 0.03296028 -0.30529463
  vertex 0.9184858 0.07249981 -0.38875026
 endloop
endfacet
facet normal 0.5980482 -0.34334707 0.72418994
 outer loop
  vertex 0.63681614 -0.30449256 0.7083435
  vertex 0.55817765 -0.32802016 0.7621298
  vertex 0.5556626 -0.3780071 0.74050736
 endloop
endfacet
facet normal 0.5980481 -0.3433469 0.7241902
 outer loop
  vertex 0.63681614 -0.30449256 0.7083435
  vertex 0.5556626 -0.3780071 0.74050736
  vertex 0.6339443 -0.36157152 0.68365335
 endloop
endfacet
facet normal 0.90187854 0.13248056 -0.41117385
 outer loop
  vertex 0.8804315 0.19069125 -0.43413818
  vertex 0.9226682 0.15562506 -0.35279346
  vertex 0.9184858 0.07249981 -0.38875026
 endloop
endfacet
facet normal 0.90187865 0.13248068 -0.41117364
 outer loop
  vertex 0.8804315 0.19069125 -0.43413818
  vertex 0.9184858 0.07249981 -0.38875026
  vertex 0.87643903 0.11134118 -0.468462
 endloop
endfacet
facet normal 0.6736113 -0.32171518 0.6653925
 outer loop
  vertex 0.709322 -0.27803245 0.6477355
  vertex 0.63681614 -0.30449256 0.7083435
  vertex 0.6339443 -0.36157152 0.68365335
 endloop
endfacet
facet normal 0.6736117 -0.32171577 0.6653918
 outer loop
  vertex 0.709322 -0.27803245 0.6477355
  vertex 0.6339443 -0.36157152 0.68365335
  vertex 0.70612085 -0.34165376 0.62021536
 endloop
endfacet
facet normal 0.8554708 0.16873544 -0.4895896
 outer loop
  vertex 0.8297159 0.22392108 -0.51130205
  vertex 0.8804315 0.19069125 -0.43413818
  vertex 0.87643903 0.11134118 -0.468462
 endloop
endfacet
facet normal 0.8554708 0.16873544 -0.4895896
 outer loop
  vertex 0.8297159 0.22392108 -0.51130205
  vertex 0.87643903 0.11134118 -0.468462
  vertex 0.8259519 0.14911033 -0.5436623
 endloop
endfacet
facet normal 0.7426709 -0.2969899 0.6001974
 outer loop
  vertex 0.7749963 -0.24889466 0.5808895
  vertex 0.709322 -0.27803245 0.6477355
  vertex 0.70612085 -0.34165376 0.62021536
 endloop
endfacet
facet normal 0.7426707 -0.2969895 0.6001979
 outer loop
  vertex 0.7749963 -0.24889466 0.5808895
  vertex 0.70612085 -0.34165376 0.62021536
  vertex 0.7714969 -0.3184456 0.55080444
 endloop
endfacet
facet normal 0.8008209 0.203376 -0.5633153
 outer loop
  vertex 0.7710095 0.25499433 -0.5835418
  vertex 0.8297159 0.22392108 -0.51130205
  vertex 0.8259519 0.14911033 -0.5436623
 endloop
endfacet
facet normal 0.800821 0.20337614 -0.56331503
 outer loop
  vertex 0.7710095 0.25499433 -0.5835418
  vertex 0.8259519 0.14911033 -0.5436623
  vertex 0.7675101 0.18544342 -0.6136269
 endloop
endfacet
facet normal 0.804561 -0.26941144 0.52924377
 outer loop
  vertex 0.8332074 -0.21736 0.50844914
  vertex 0.7749963 -0.24889466 0.5808895
  vertex 0.7714969 -0.3184456 0.55080444
 endloop
endfacet
facet normal 0.8045608 -0.26941106 0.52924436
 outer loop
  vertex 0.8332074 -0.21736 0.50844914
  vertex 0.7714969 -0.3184456 0.55080444
  vertex 0.8294434 -0.29217076 0.47608894
 endloop
endfacet
facet normal 0.738453 0.23606586 -0.6316329
 outer loop
  vertex 0.7048781 0.28361174 -0.65016174
  vertex 0.7710095 0.25499433 -0.5835418
  vertex 0.7675101 0.18544342 -0.6136269
 endloop
endfacet
facet normal 0.7384523 0.23606503 -0.631634
 outer loop
  vertex 0.7048781 0.28361174 -0.65016174
  vertex 0.7675101 0.18544342 -0.6136269
  vertex 0.70167696 0.21999045 -0.67768186
 endloop
endfacet
facet normal 0.85869896 -0.23924485 0.4532085
 outer loop
  vertex 0.8833939 -0.18373194 0.4311123
  vertex 0.8332074 -0.21736 0.50844914
  vertex 0.8294434 -0.29217076 0.47608894
 endloop
endfacet
facet normal 0.8586992 -0.23924512 0.45320812
 outer loop
  vertex 0.8833939 -0.18373194 0.4311123
  vertex 0.8294434 -0.29217076 0.47608894
  vertex 0.87940145 -0.26308203 0.3967885
 endloop
endfacet
facet normal 0.66895723 0.26648995 -0.6938871
 outer loop
  vertex 0.6319581 0.30949798 -0.71052015
  vertex 0.7048781 0.28361174 -0.65016174
  vertex 0.70167696 0.21999045 -0.67768186
 endloop
endfacet
facet normal 0.66895765 0.26649052 -0.6938864
 outer loop
  vertex 0.6319581 0.30949798 -0.71052015
  vertex 0.70167696 0.21999045 -0.67768186
  vertex 0.62908626 0.25241902 -0.7352103
 endloop
endfacet
facet normal 0.9045632 -0.20678589 0.37283376
 outer loop
  vertex 0.9250731 -0.14833461 0.3496234
  vertex 0.8833939 -0.18373194 0.4311123
  vertex 0.87940145 -0.26308203 0.3967885
 endloop
endfacet
facet normal 0.90456325 -0.20678607 0.3728334
 outer loop
  vertex 0.9250731 -0.14833461 0.3496234
  vertex 0.87940145 -0.26308203 0.3967885
  vertex 0.9208907 -0.23145984 0.3136666
 endloop
endfacet
facet normal 0.5930029 0.2943547 -0.7494684
 outer loop
  vertex 0.55295223 0.3324036 -0.7640359
  vertex 0.6319581 0.30949798 -0.71052015
  vertex 0.62908626 0.25241902 -0.7352103
 endloop
endfacet
facet normal 0.5930026 0.29435438 -0.74946874
 outer loop
  vertex 0.55295223 0.3324036 -0.7640359
  vertex 0.62908626 0.25241902 -0.7352103
  vertex 0.55043715 0.28241664 -0.7856583
 endloop
endfacet
facet normal 0.9417229 -0.17234358 0.28888667
 outer loop
  vertex 0.9578433 -0.11150857 0.26476753
  vertex 0.9250731 -0.14833461 0.3496234
  vertex 0.9208907 -0.23145984 0.3136666
 endloop
endfacet
facet normal 0.941723 -0.1723436 0.2888867
 outer loop
  vertex 0.9578433 -0.11150857 0.26476753
  vertex 0.9208907 -0.23145984 0.3136666
  vertex 0.95351124 -0.19760843 0.22752403
 endloop
endfacet
facet normal 0.51131386 0.31938824 -0.7978404
 outer loop
  vertex 0.46862108 0.3521078 -0.8101935
  vertex 0.55295223 0.3324036 -0.7640359
  vertex 0.55043715 0.28241664 -0.7856583
 endloop
endfacet
facet normal 0.5113144 0.31938913 -0.79783964
 outer loop
  vertex 0.46862108 0.3521078 -0.8101935
  vertex 0.55043715 0.28241664 -0.7856583
  vertex 0.46648708 0.3096943 -0.82853997
 endloop
endfacet
facet normal 0.96982527 -0.1362495 0.20217527
 outer loop
  vertex 0.98138887 -0.07360881 0.17736188
  vertex 0.9578433 -0.11150857 0.26476753
  vertex 0.95351124 -0.19760843 0.22752403
 endloop
endfacet
facet normal 0.9698254 -0.13624948 0.20217533
 outer loop
  vertex 0.98138887 -0.07360881 0.17736188
  vertex 0.95351124 -0.19760843 0.22752403
  vertex 0.97694886 -0.1618541 0.13919035
 endloop
endfacet
facet normal 0.2437733 -0.41702 0.8755963
 outer loop
  vertex 0.2919748 -0.4050151 0.8664383
  vertex 0.19728735 -0.40629554 0.8921903
  vertex 0.19453388 -0.423687 0.88467383
 endloop
endfacet
facet normal 0.24377333 -0.41702053 0.875596
 outer loop
  vertex 0.2919748 -0.4050151 0.8664383
  vertex 0.19453388 -0.423687 0.88467383
  vertex 0.28787777 -0.43089274 0.85525423
 endloop
endfacet
facet normal 0.23767786 0.3534053 -0.9047728
 outer loop
  vertex 0.19112356 0.37272733 -0.9080448
  vertex 0.28596094 0.35506812 -0.8900294
  vertex 0.2818639 0.3291905 -0.90121347
 endloop
endfacet
facet normal 0.23767802 0.35340565 -0.9047727
 outer loop
  vertex 0.19112356 0.37272733 -0.9080448
  vertex 0.2818639 0.3291905 -0.90121347
  vertex 0.1883701 0.3553359 -0.91556126
 endloop
endfacet
facet normal 0.9882556 -0.11113797 -0.1048765
 outer loop
  vertex 0.990362 -0.04668752 -0.13039476
  vertex 0.9954633 -0.08602845 -0.04063506
  vertex 0.9813494 -0.17517404 -0.07916307
 endloop
endfacet
facet normal 0.9882556 -0.11113807 -0.10487667
 outer loop
  vertex 0.990362 -0.04668752 -0.13039476
  vertex 0.9813494 -0.17517404 -0.07916307
  vertex 0.97631603 -0.13540387 -0.16873723
 endloop
endfacet
facet normal 0.33670154 -0.4179738 0.8437595
 outer loop
  vertex 0.38385034 -0.39983404 0.832342
  vertex 0.2919748 -0.4050151 0.8664383
  vertex 0.28787777 -0.43089274 0.85525423
 endloop
endfacet
facet normal 0.3367016 -0.41797432 0.8437591
 outer loop
  vertex 0.38385034 -0.39983404 0.832342
  vertex 0.28787777 -0.43089274 0.85525423
  vertex 0.37844917 -0.43394858 0.817598
 endloop
endfacet
facet normal 0.1422678 0.373625 -0.9166047
 outer loop
  vertex 0.09444539 0.38679695 -0.91731536
  vertex 0.19112356 0.37272733 -0.9080448
  vertex 0.1883701 0.3553359 -0.91556126
 endloop
endfacet
facet normal 0.14226677 0.37362182 -0.9166062
 outer loop
  vertex 0.09444539 0.38679695 -0.91731536
  vertex 0.1883701 0.3553359 -0.91556126
  vertex 0.09306199 0.37805915 -0.92109174
 endloop
endfacet
facet normal 0.9784526 -0.07114193 -0.19382809
 outer loop
  vertex 0.9757228 -0.006896788 -0.21889871
  vertex 0.990362 -0.04668752 -0.13039476
  vertex 0.97631603 -0.13540387 -0.16873723
 endloop
endfacet
facet normal 0.9784525 -0.07114212 -0.19382858
 outer loop
  vertex 0.9757228 -0.006896788 -0.21889871
  vertex 0.97631603 -0.13540387 -0.16873723
  vertex 0.96188 -0.09432949 -0.25668642
 endloop
endfacet
facet normal 0.42636463 -0.414895 0.8037881
 outer loop
  vertex 0.47202942 -0.3908024 0.79022986
  vertex 0.38385034 -0.39983404 0.832342
  vertex 0.37844917 -0.43394858 0.817598
 endloop
endfacet
facet normal 0.42636436 -0.414894 0.80378884
 outer loop
  vertex 0.47202942 -0.3908024 0.79022986
  vertex 0.37844917 -0.43394858 0.817598
  vertex 0.46537617 -0.4328254 0.7720679
 endloop
endfacet
facet normal 0.9592474 -0.030460842 -0.28092098
 outer loop
  vertex 0.9516869 0.03296028 -0.30529463
  vertex 0.9757228 -0.006896788 -0.21889871
  vertex 0.96188 -0.09432949 -0.25668642
 endloop
endfacet
facet normal 0.95924777 -0.030460354 -0.28091982
 outer loop
  vertex 0.9516869 0.03296028 -0.30529463
  vertex 0.96188 -0.09432949 -0.25668642
  vertex 0.9381808 -0.05234675 -0.34216362
 endloop
endfacet
facet normal 0.511901 -0.4078139 0.7560722
 outer loop
  vertex 0.5556626 -0.3780071 0.74050736
  vertex 0.47202942 -0.3908024 0.79022986
  vertex 0.46537617 -0.4328254 0.7720679
 endloop
endfacet
facet normal 0.51190126 -0.40781453 0.75607175
 outer loop
  vertex 0.5556626 -0.3780071 0.74050736
  vertex 0.46537617 -0.4328254 0.7720679
  vertex 0.54782134 -0.42753375 0.7191023
 endloop
endfacet
facet normal 0.93082094 0.010519156 -0.36532414
 outer loop
  vertex 0.9184858 0.07249981 -0.38875026
  vertex 0.9516869 0.03296028 -0.30529463
  vertex 0.9381808 -0.05234675 -0.34216362
 endloop
endfacet
facet normal 0.9308211 0.01051935 -0.36532372
 outer loop
  vertex 0.9184858 0.07249981 -0.38875026
  vertex 0.9381808 -0.05234675 -0.34216362
  vertex 0.90544635 -0.009859996 -0.4243455
 endloop
endfacet
facet normal 0.59248483 -0.39680424 0.7010764
 outer loop
  vertex 0.6339443 -0.36157152 0.68365335
  vertex 0.5556626 -0.3780071 0.74050736
  vertex 0.54782134 -0.42753375 0.7191023
 endloop
endfacet
facet normal 0.59248483 -0.39680436 0.7010763
 outer loop
  vertex 0.6339443 -0.36157152 0.68365335
  vertex 0.54782134 -0.42753375 0.7191023
  vertex 0.62499046 -0.4181249 0.65921146
 endloop
endfacet
facet normal 0.8934411 0.051404223 -0.44622937
 outer loop
  vertex 0.87643903 0.11134118 -0.468462
  vertex 0.9184858 0.07249981 -0.38875026
  vertex 0.90544635 -0.009859996 -0.4243455
 endloop
endfacet
facet normal 0.8934408 0.051403873 -0.44623008
 outer loop
  vertex 0.87643903 0.11134118 -0.468462
  vertex 0.90544635 -0.009859996 -0.4243455
  vertex 0.8639917 0.032721773 -0.5024407
 endloop
endfacet
facet normal 0.6673407 -0.38197312 0.63933796
 outer loop
  vertex 0.70612085 -0.34165376 0.62021536
  vertex 0.6339443 -0.36157152 0.68365335
  vertex 0.62499046 -0.4181249 0.65921146
 endloop
endfacet
facet normal 0.6673406 -0.3819728 0.63933814
 outer loop
  vertex 0.70612085 -0.34165376 0.62021536
  vertex 0.62499046 -0.4181249 0.65921146
  vertex 0.6961408 -0.40468925 0.5929719
 endloop
endfacet
facet normal 0.8474641 0.09179976 -0.5228549
 outer loop
  vertex 0.8259519 0.14911033 -0.5436623
  vertex 0.87643903 0.11134118 -0.468462
  vertex 0.8639917 0.032721773 -0.5024407
 endloop
endfacet
facet normal 0.8474642 0.09179984 -0.52285486
 outer loop
  vertex 0.8259519 0.14911033 -0.5436623
  vertex 0.8639917 0.032721773 -0.5024407
  vertex 0.8142166 0.07498844 -0.5756972
 endloop
endfacet
facet normal 0.7357526 -0.36346555 0.57145506
 outer loop
  vertex 0.7714969 -0.3184456 0.55080444
  vertex 0.70612085 -0.34165376 0.62021536
  vertex 0.6961408 -0.40468925 0.5929719
 endloop
endfacet
facet normal 0.73575246 -0.36346525 0.5714554
 outer loop
  vertex 0.7714969 -0.3184456 0.55080444
  vertex 0.6961408 -0.40468925 0.5929719
  vertex 0.76058674 -0.38735607 0.5210219
 endloop
endfacet
facet normal 0.79332256 0.13132289 -0.59446925
 outer loop
  vertex 0.7675101 0.18544342 -0.6136269
  vertex 0.8259519 0.14911033 -0.5436623
  vertex 0.8142166 0.07498844 -0.5756972
 endloop
endfacet
facet normal 0.79332256 0.13132295 -0.59446913
 outer loop
  vertex 0.7675101 0.18544342 -0.6136269
  vertex 0.8142166 0.07498844 -0.5756972
  vertex 0.75659996 0.11653294 -0.64340943
 endloop
endfacet
facet normal 0.7970623 -0.3414642 0.49809027
 outer loop
  vertex 0.8294434 -0.29217076 0.47608894
  vertex 0.7714969 -0.3184456 0.55080444
  vertex 0.76058674 -0.38735607 0.5210219
 endloop
endfacet
facet normal 0.79706246 -0.3414645 0.49808985
 outer loop
  vertex 0.8294434 -0.29217076 0.47608894
  vertex 0.76058674 -0.38735607 0.5210219
  vertex 0.81770813 -0.36629266 0.44405404
 endloop
endfacet
facet normal 0.7315343 0.16958997 -0.6603762
 outer loop
  vertex 0.70167696 0.21999045 -0.67768186
  vertex 0.7675101 0.18544342 -0.6136269
  vertex 0.75659996 0.11653294 -0.64340943
 endloop
endfacet
facet normal 0.73153436 0.16959001 -0.66037625
 outer loop
  vertex 0.70167696 0.21999045 -0.67768186
  vertex 0.75659996 0.11653294 -0.64340943
  vertex 0.69169694 0.15695496 -0.7049253
 endloop
endfacet
facet normal 0.8506925 -0.31618086 0.41994268
 outer loop
  vertex 0.87940145 -0.26308203 0.3967885
  vertex 0.8294434 -0.29217076 0.47608894
  vertex 0.81770813 -0.36629266 0.44405404
 endloop
endfacet
facet normal 0.85069263 -0.31618103 0.41994244
 outer loop
  vertex 0.87940145 -0.26308203 0.3967885
  vertex 0.81770813 -0.36629266 0.44405404
  vertex 0.8669541 -0.34170145 0.3628098
 endloop
endfacet
facet normal 0.66268677 0.20623334 -0.71994036
 outer loop
  vertex 0.62908626 0.25241902 -0.7352103
  vertex 0.70167696 0.21999045 -0.67768186
  vertex 0.69169694 0.15695496 -0.7049253
 endloop
endfacet
facet normal 0.66268617 0.2062328 -0.719941
 outer loop
  vertex 0.62908626 0.25241902 -0.7352103
  vertex 0.69169694 0.15695496 -0.7049253
  vertex 0.62013245 0.19586566 -0.7596522
 endloop
endfacet
facet normal 0.8961257 -0.28786322 0.33777755
 outer loop
  vertex 0.9208907 -0.23145984 0.3136666
  vertex 0.87940145 -0.26308203 0.3967885
  vertex 0.8669541 -0.34170145 0.3628098
 endloop
endfacet
facet normal 0.8961253 -0.28786263 0.33777863
 outer loop
  vertex 0.9208907 -0.23145984 0.3136666
  vertex 0.8669541 -0.34170145 0.3628098
  vertex 0.9078512 -0.31381965 0.27807137
 endloop
endfacet
facet normal 0.58743936 0.24089739 -0.7725823
 outer loop
  vertex 0.55043715 0.28241664 -0.7856583
  vertex 0.62908626 0.25241902 -0.7352103
  vertex 0.62013245 0.19586566 -0.7596522
 endloop
endfacet
facet normal 0.5874402 0.24089834 -0.7725814
 outer loop
  vertex 0.55043715 0.28241664 -0.7856583
  vertex 0.62013245 0.19586566 -0.7596522
  vertex 0.5425959 0.23289001 -0.80706334
 endloop
endfacet
facet normal 0.9329357 -0.256781 0.25237778
 outer loop
  vertex 0.95351124 -0.19760843 0.22752403
  vertex 0.9208907 -0.23145984 0.3136666
  vertex 0.9078512 -0.31381965 0.27807137
 endloop
endfacet
facet normal 0.93293566 -0.25678107 0.25237754
 outer loop
  vertex 0.95351124 -0.19760843 0.22752403
  vertex 0.9078512 -0.31381965 0.27807137
  vertex 0.9400051 -0.2829155 0.19065502
 endloop
endfacet
facet normal 0.5065127 0.27324963 -0.8177894
 outer loop
  vertex 0.46648708 0.3096943 -0.82853997
  vertex 0.55043715 0.28241664 -0.7856583
  vertex 0.5425959 0.23289001 -0.80706334
 endloop
endfacet
facet normal 0.50651187 0.27324858 -0.8177902
 outer loop
  vertex 0.46648708 0.3096943 -0.82853997
  vertex 0.5425959 0.23289001 -0.80706334
  vertex 0.45983383 0.26767132 -0.8467019
 endloop
endfacet
facet normal 0.9607727 -0.2232362 0.16456427
 outer loop
  vertex 0.97694886 -0.1618541 0.13919035
  vertex 0.95351124 -0.19760843 0.22752403
  vertex 0.9400051 -0.2829155 0.19065502
 endloop
endfacet
facet normal 0.9607728 -0.22323687 0.16456275
 outer loop
  vertex 0.97694886 -0.1618541 0.13919035
  vertex 0.9400051 -0.2829155 0.19065502
  vertex 0.9631061 -0.2492868 0.10140262
 endloop
endfacet
facet normal 0.4206841 0.3029715 -0.85512173
 outer loop
  vertex 0.37804422 0.3339895 -0.8634423
  vertex 0.46648708 0.3096943 -0.82853997
  vertex 0.45983383 0.26767132 -0.8467019
 endloop
endfacet
facet normal 0.42068452 0.30297226 -0.85512125
 outer loop
  vertex 0.37804422 0.3339895 -0.8634423
  vertex 0.45983383 0.26767132 -0.8467019
  vertex 0.37264305 0.29987496 -0.87818635
 endloop
endfacet
facet normal 0.97937363 -0.18755084 0.07517894
 outer loop
  vertex 0.99097794 -0.12454104 0.049516037
  vertex 0.97694886 -0.1618541 0.13919035
  vertex 0.9631061 -0.2492868 0.10140262
 endloop
endfacet
facet normal 0.97937363 -0.1875506 0.07517951
 outer loop
  vertex 0.99097794 -0.12454104 0.049516037
  vertex 0.9631061 -0.2492868 0.10140262
  vertex 0.976932 -0.21325739 0.011173549
 endloop
endfacet
facet normal 0.14848447 -0.4120394 0.89898604
 outer loop
  vertex 0.19728735 -0.40629554 0.8921903
  vertex 0.1006997 -0.40366322 0.90935004
  vertex 0.0993163 -0.41240102 0.90557367
 endloop
endfacet
facet normal 0.14848445 -0.41204196 0.89898485
 outer loop
  vertex 0.19728735 -0.40629554 0.8921903
  vertex 0.0993163 -0.41240102 0.90557367
  vertex 0.19453388 -0.423687 0.88467383
 endloop
endfacet
facet normal 0.3307855 0.3297775 -0.8842102
 outer loop
  vertex 0.28596094 0.35506812 -0.8900294
  vertex 0.37804422 0.3339895 -0.8634423
  vertex 0.37264305 0.29987496 -0.87818635
 endloop
endfacet
facet normal 0.3307854 0.32977727 -0.88421035
 outer loop
  vertex 0.28596094 0.35506812 -0.8900294
  vertex 0.37264305 0.29987496 -0.87818635
  vertex 0.2818639 0.3291905 -0.90121347
 endloop
endfacet
facet normal 0.9885636 -0.1500642 -0.014922597
 outer loop
  vertex 0.9954633 -0.08602845 -0.04063506
  vertex 0.99097794 -0.12454104 0.049516037
  vertex 0.976932 -0.21325739 0.011173549
 endloop
endfacet
facet normal 0.98856366 -0.15006414 -0.014922463
 outer loop
  vertex 0.9954633 -0.08602845 -0.04063506
  vertex 0.976932 -0.21325739 0.011173549
  vertex 0.9813494 -0.17517404 -0.07916307
 endloop
endfacet
facet normal 0.41829178 -0.45273113 0.78744304
 outer loop
  vertex 0.46537617 -0.4328254 0.7720679
  vertex 0.37844917 -0.43394858 0.817598
  vertex 0.36943132 -0.46741754 0.8031457
 endloop
endfacet
facet normal 0.41829184 -0.4527315 0.78744274
 outer loop
  vertex 0.46537617 -0.4328254 0.7720679
  vertex 0.36943132 -0.46741754 0.8031457
  vertex 0.45426777 -0.47405308 0.7542653
 endloop
endfacet
facet normal 0.9409497 -0.1162254 -0.31797057
 outer loop
  vertex 0.9381808 -0.05234675 -0.34216362
  vertex 0.96188 -0.09432949 -0.25668642
  vertex 0.938768 -0.18010764 -0.2937264
 endloop
endfacet
facet normal 0.9409494 -0.11622575 -0.31797153
 outer loop
  vertex 0.9381808 -0.05234675 -0.34216362
  vertex 0.938768 -0.18010764 -0.2937264
  vertex 0.91563064 -0.13603942 -0.37830308
 endloop
endfacet
facet normal 0.5021956 -0.45330596 0.7364192
 outer loop
  vertex 0.54782134 -0.42753375 0.7191023
  vertex 0.46537617 -0.4328254 0.7720679
  vertex 0.45426777 -0.47405308 0.7542653
 endloop
endfacet
facet normal 0.50219536 -0.45330495 0.73642004
 outer loop
  vertex 0.54782134 -0.42753375 0.7191023
  vertex 0.45426777 -0.47405308 0.7542653
  vertex 0.5347295 -0.47612315 0.6981209
 endloop
endfacet
facet normal 0.91305906 -0.07273347 -0.40128922
 outer loop
  vertex 0.90544635 -0.009859996 -0.4243455
  vertex 0.9381808 -0.05234675 -0.34216362
  vertex 0.91563064 -0.13603942 -0.37830308
 endloop
endfacet
facet normal 0.9130595 -0.072733104 -0.40128827
 outer loop
  vertex 0.90544635 -0.009859996 -0.4243455
  vertex 0.91563064 -0.13603942 -0.37830308
  vertex 0.88367534 -0.09066123 -0.45923638
 endloop
endfacet
facet normal 0.5812401 -0.4495091 0.6783077
 outer loop
  vertex 0.62499046 -0.4181249 0.65921146
  vertex 0.54782134 -0.42753375 0.7191023
  vertex 0.5347295 -0.47612315 0.6981209
 endloop
endfacet
facet normal 0.58124036 -0.44950977 0.6783072
 outer loop
  vertex 0.62499046 -0.4181249 0.65921146
  vertex 0.5347295 -0.47612315 0.6981209
  vertex 0.61004114 -0.47360805 0.6352532
 endloop
endfacet
facet normal 0.87638605 -0.028533626 -0.48076335
 outer loop
  vertex 0.8639917 0.032721773 -0.5024407
  vertex 0.90544635 -0.009859996 -0.4243455
  vertex 0.88367534 -0.09066123 -0.45923638
 endloop
endfacet
facet normal 0.87638557 -0.02853402 -0.4807643
 outer loop
  vertex 0.8639917 0.032721773 -0.5024407
  vertex 0.88367534 -0.09066123 -0.45923638
  vertex 0.8432093 -0.044409826 -0.535747
 endloop
endfacet
facet normal 0.6546653 -0.44138342 0.6136727
 outer loop
  vertex 0.6961408 -0.40468925 0.5929719
  vertex 0.62499046 -0.4181249 0.65921146
  vertex 0.61004114 -0.47360805 0.6352532
 endloop
endfacet
facet normal 0.6546651 -0.441383 0.61367303
 outer loop
  vertex 0.6961408 -0.40468925 0.5929719
  vertex 0.61004114 -0.47360805 0.6352532
  vertex 0.67947805 -0.4665318 0.5662676
 endloop
endfacet
facet normal 0.8312804 0.01594466 -0.5556246
 outer loop
  vertex 0.8142166 0.07498844 -0.5756972
  vertex 0.8639917 0.032721773 -0.5024407
  vertex 0.8432093 -0.044409826 -0.535747
 endloop
endfacet
facet normal 0.83128077 0.015944954 -0.55562395
 outer loop
  vertex 0.8142166 0.07498844 -0.5756972
  vertex 0.8432093 -0.044409826 -0.535747
  vertex 0.7946232 0.0022692664 -0.60709816
 endloop
endfacet
facet normal 0.72176915 -0.42900696 0.5431412
 outer loop
  vertex 0.76058674 -0.38735607 0.5210219
  vertex 0.6961408 -0.40468925 0.5929719
  vertex 0.67947805 -0.4665318 0.5662676
 endloop
endfacet
facet normal 0.7217693 -0.42900726 0.54314077
 outer loop
  vertex 0.76058674 -0.38735607 0.5210219
  vertex 0.67947805 -0.4665318 0.5662676
  vertex 0.7423709 -0.4549625 0.4918287
 endloop
endfacet
facet normal 0.778166 0.060282245 -0.625159
 outer loop
  vertex 0.75659996 0.11653294 -0.64340943
  vertex 0.8142166 0.07498844 -0.5756972
  vertex 0.7946232 0.0022692664 -0.60709816
 endloop
endfacet
facet normal 0.77816594 0.06028221 -0.6251591
 outer loop
  vertex 0.75659996 0.11653294 -0.64340943
  vertex 0.7946232 0.0022692664 -0.60709816
  vertex 0.7383841 0.048926517 -0.67260265
 endloop
endfacet
facet normal 0.7819059 -0.4125048 0.46740016
 outer loop
  vertex 0.81770813 -0.36629266 0.44405404
  vertex 0.76058674 -0.38735607 0.5210219
  vertex 0.7423709 -0.4549625 0.4918287
 endloop
endfacet
facet normal 0.781906 -0.41250506 0.4673998
 outer loop
  vertex 0.81770813 -0.36629266 0.44405404
  vertex 0.7423709 -0.4549625 0.4918287
  vertex 0.7981147 -0.4390118 0.41265306
 endloop
endfacet
facet normal 0.717551 0.10404791 -0.68869054
 outer loop
  vertex 0.69169694 0.15695496 -0.7049253
  vertex 0.75659996 0.11653294 -0.64340943
  vertex 0.7383841 0.048926517 -0.67260265
 endloop
endfacet
facet normal 0.7175512 0.10404814 -0.68869025
 outer loop
  vertex 0.69169694 0.15695496 -0.7049253
  vertex 0.7383841 0.048926517 -0.67260265
  vertex 0.67503417 0.0951124 -0.7316296
 endloop
endfacet
facet normal 0.83450896 -0.39203548 0.38717288
 outer loop
  vertex 0.8669541 -0.34170145 0.3628098
  vertex 0.81770813 -0.36629266 0.44405404
  vertex 0.7981147 -0.4390118 0.41265306
 endloop
endfacet
facet normal 0.834509 -0.39203548 0.38717303
 outer loop
  vertex 0.8669541 -0.34170145 0.3628098
  vertex 0.7981147 -0.4390118 0.41265306
  vertex 0.8461718 -0.41883302 0.3295035
 endloop
endfacet
facet normal 0.65001094 0.14682308 -0.74560624
 outer loop
  vertex 0.62013245 0.19586566 -0.7596522
  vertex 0.69169694 0.15695496 -0.7049253
  vertex 0.67503417 0.0951124 -0.7316296
 endloop
endfacet
facet normal 0.650011 0.1468231 -0.7456062
 outer loop
  vertex 0.62013245 0.19586566 -0.7596522
  vertex 0.67503417 0.0951124 -0.7316296
  vertex 0.6051831 0.14038251 -0.78361046
 endloop
endfacet
facet normal 0.87907046 -0.36780098 0.30324498
 outer loop
  vertex 0.9078512 -0.31381965 0.27807137
  vertex 0.8669541 -0.34170145 0.3628098
  vertex 0.8461718 -0.41883302 0.3295035
 endloop
endfacet
facet normal 0.87907046 -0.36780077 0.30324548
 outer loop
  vertex 0.9078512 -0.31381965 0.27807137
  vertex 0.8461718 -0.41883302 0.3295035
  vertex 0.8860802 -0.3946209 0.24318048
 endloop
endfacet
facet normal 0.57619524 0.18819219 -0.7953506
 outer loop
  vertex 0.5425959 0.23289001 -0.80706334
  vertex 0.62013245 0.19586566 -0.7596522
  vertex 0.6051831 0.14038251 -0.78361046
 endloop
endfacet
facet normal 0.57619506 0.18819195 -0.7953509
 outer loop
  vertex 0.5425959 0.23289001 -0.80706334
  vertex 0.6051831 0.14038251 -0.78361046
  vertex 0.52950406 0.1843006 -0.8280448
 endloop
endfacet
facet normal 0.9151739 -0.34003296 0.21641247
 outer loop
  vertex 0.9400051 -0.2829155 0.19065502
  vertex 0.9078512 -0.31381965 0.27807137
  vertex 0.8860802 -0.3946209 0.24318048
 endloop
endfacet
facet normal 0.91517395 -0.34003353 0.21641135
 outer loop
  vertex 0.9400051 -0.2829155 0.19065502
  vertex 0.8860802 -0.3946209 0.24318048
  vertex 0.91745496 -0.36660817 0.15451556
 endloop
endfacet
facet normal 0.49680644 0.22775781 -0.83744234
 outer loop
  vertex 0.45983383 0.26767132 -0.8467019
  vertex 0.5425959 0.23289001 -0.80706334
  vertex 0.52950406 0.1843006 -0.8280448
 endloop
endfacet
facet normal 0.49680638 0.22775781 -0.8374424
 outer loop
  vertex 0.45983383 0.26767132 -0.8467019
  vertex 0.52950406 0.1843006 -0.8280448
  vertex 0.44872543 0.22644363 -0.8645045
 endloop
endfacet
facet normal 0.9424747 -0.3090017 0.12751204
 outer loop
  vertex 0.9631061 -0.2492868 0.10140262
  vertex 0.9400051 -0.2829155 0.19065502
  vertex 0.91745496 -0.36660817 0.15451556
 endloop
endfacet
facet normal 0.9424748 -0.30900127 0.12751304
 outer loop
  vertex 0.9631061 -0.2492868 0.10140262
  vertex 0.91745496 -0.36660817 0.15451556
  vertex 0.9399941 -0.33506495 0.064362645
 endloop
endfacet
facet normal 0.41261196 0.26513532 -0.8714669
 outer loop
  vertex 0.37264305 0.29987496 -0.87818635
  vertex 0.45983383 0.26767132 -0.8467019
  vertex 0.44872543 0.22644363 -0.8645045
 endloop
endfacet
facet normal 0.412612 0.2651354 -0.8714668
 outer loop
  vertex 0.37264305 0.29987496 -0.87818635
  vertex 0.44872543 0.22644363 -0.8645045
  vertex 0.3636252 0.266406 -0.8926386
 endloop
endfacet
facet normal 0.9607155 -0.27500397 0.037399463
 outer loop
  vertex 0.976932 -0.21325739 0.011173549
  vertex 0.9631061 -0.2492868 0.10140262
  vertex 0.9399941 -0.33506495 0.064362645
 endloop
endfacet
facet normal 0.9607154 -0.275004 0.037399285
 outer loop
  vertex 0.976932 -0.21325739 0.011173549
  vertex 0.9399941 -0.33506495 0.064362645
  vertex 0.95348066 -0.30029488 -0.026410226
 endloop
endfacet
facet normal 0.14571342 -0.42503014 0.8933739
 outer loop
  vertex 0.19453388 -0.423687 0.88467383
  vertex 0.0993163 -0.41240102 0.90557367
  vertex 0.09700654 -0.42097348 0.901872
 endloop
endfacet
facet normal 0.14571331 -0.42503095 0.89337355
 outer loop
  vertex 0.19453388 -0.423687 0.88467383
  vertex 0.09700654 -0.42097348 0.901872
  vertex 0.18993661 -0.44074935 0.8773061
 endloop
endfacet
facet normal 0.32442415 0.29996145 -0.8970909
 outer loop
  vertex 0.2818639 0.3291905 -0.90121347
  vertex 0.37264305 0.29987496 -0.87818635
  vertex 0.3636252 0.266406 -0.8926386
 endloop
endfacet
facet normal 0.3244241 0.2999613 -0.89709103
 outer loop
  vertex 0.2818639 0.3291905 -0.90121347
  vertex 0.3636252 0.266406 -0.8926386
  vertex 0.27502337 0.3038026 -0.91217625
 endloop
endfacet
facet normal 0.96972436 -0.23836604 -0.05306925
 outer loop
  vertex 0.9813494 -0.17517404 -0.07916307
  vertex 0.976932 -0.21325739 0.011173549
  vertex 0.95348066 -0.30029488 -0.026410226
 endloop
endfacet
facet normal 0.9697244 -0.2383658 -0.05306869
 outer loop
  vertex 0.9813494 -0.17517404 -0.07916307
  vertex 0.95348066 -0.30029488 -0.026410226
  vertex 0.95778465 -0.26263267 -0.1169287
 endloop
endfacet
facet normal 0.23918486 -0.43852732 0.86630505
 outer loop
  vertex 0.28787777 -0.43089274 0.85525423
  vertex 0.19453388 -0.423687 0.88467383
  vertex 0.18993661 -0.44074935 0.8773061
 endloop
endfacet
facet normal 0.23918484 -0.4385268 0.8663053
 outer loop
  vertex 0.28787777 -0.43089274 0.85525423
  vertex 0.18993661 -0.44074935 0.8773061
  vertex 0.28103724 -0.45628062 0.84429145
 endloop
endfacet
facet normal 0.23308963 0.33189946 -0.91406345
 outer loop
  vertex 0.1883701 0.3553359 -0.91556126
  vertex 0.2818639 0.3291905 -0.90121347
  vertex 0.27502337 0.3038026 -0.91217625
 endloop
endfacet
facet normal 0.23308976 0.3318997 -0.91406333
 outer loop
  vertex 0.1883701 0.3553359 -0.91556126
  vertex 0.27502337 0.3038026 -0.91217625
  vertex 0.18377282 0.33827353 -0.922929
 endloop
endfacet
facet normal 0.96941644 -0.19943948 -0.14302313
 outer loop
  vertex 0.97631603 -0.13540387 -0.16873723
  vertex 0.9813494 -0.17517404 -0.07916307
  vertex 0.95778465 -0.26263267 -0.1169287
 endloop
endfacet
facet normal 0.9694164 -0.19943972 -0.14302376
 outer loop
  vertex 0.97631603 -0.13540387 -0.16873723
  vertex 0.95778465 -0.26263267 -0.1169287
  vertex 0.9528647 -0.22244133 -0.20632102
 endloop
endfacet
facet normal 0.3303404 -0.4477902 0.83087856
 outer loop
  vertex 0.37844917 -0.43394858 0.817598
  vertex 0.28787777 -0.43089274 0.85525423
  vertex 0.28103724 -0.45628062 0.84429145
 endloop
endfacet
facet normal 0.3303404 -0.44778964 0.8308789
 outer loop
  vertex 0.37844917 -0.43394858 0.817598
  vertex 0.28103724 -0.45628062 0.84429145
  vertex 0.36943132 -0.46741754 0.8031457
 endloop
endfacet
facet normal 0.13949655 0.36063758 -0.9222154
 outer loop
  vertex 0.09306199 0.37805915 -0.92109174
  vertex 0.1883701 0.3553359 -0.91556126
  vertex 0.18377282 0.33827353 -0.922929
 endloop
endfacet
facet normal 0.13949646 0.36063737 -0.92221546
 outer loop
  vertex 0.09306199 0.37805915 -0.92109174
  vertex 0.18377282 0.33827353 -0.922929
  vertex 0.09075223 0.3694867 -0.9247934
 endloop
endfacet
facet normal 0.9597943 -0.15859516 -0.23160867
 outer loop
  vertex 0.96188 -0.09432949 -0.25668642
  vertex 0.97631603 -0.13540387 -0.16873723
  vertex 0.9528647 -0.22244133 -0.20632102
 endloop
endfacet
facet normal 0.95979434 -0.15859506 -0.2316084
 outer loop
  vertex 0.96188 -0.09432949 -0.25668642
  vertex 0.9528647 -0.22244133 -0.20632102
  vertex 0.938768 -0.18010764 -0.2937264
 endloop
endfacet
facet normal 0.5644221 -0.50095725 0.6561017
 outer loop
  vertex 0.61004114 -0.47360805 0.6352532
  vertex 0.5347295 -0.47612315 0.6981209
  vertex 0.51651305 -0.5233074 0.677765
 endloop
endfacet
facet normal 0.5644222 -0.500958 0.6561011
 outer loop
  vertex 0.61004114 -0.47360805 0.6352532
  vertex 0.51651305 -0.5233074 0.677765
  vertex 0.58924013 -0.5274866 0.6120093
 endloop
endfacet
facet normal 0.8508776 -0.10656368 -0.51444286
 outer loop
  vertex 0.8432093 -0.044409826 -0.535747
  vertex 0.88367534 -0.09066123 -0.45923638
  vertex 0.85338235 -0.1691257 -0.4930869
 endloop
endfacet
facet normal 0.8508781 -0.10656338 -0.51444215
 outer loop
  vertex 0.8432093 -0.044409826 -0.535747
  vertex 0.85338235 -0.1691257 -0.4930869
  vertex 0.8142922 -0.11931078 -0.56806016
 endloop
endfacet
facet normal 0.635707 -0.49937642 0.58864224
 outer loop
  vertex 0.67947805 -0.4665318 0.5662676
  vertex 0.61004114 -0.47360805 0.6352532
  vertex 0.58924013 -0.5274866 0.6120093
 endloop
endfacet
facet normal 0.6357071 -0.4993763 0.5886424
 outer loop
  vertex 0.67947805 -0.4665318 0.5662676
  vertex 0.58924013 -0.5274866 0.6120093
  vertex 0.6562928 -0.52658594 0.54035956
 endloop
endfacet
facet normal 0.80707586 -0.058098968 -0.58758247
 outer loop
  vertex 0.7946232 0.0022692664 -0.60709816
  vertex 0.8432093 -0.044409826 -0.535747
  vertex 0.8142922 -0.11931078 -0.56806016
 endloop
endfacet
facet normal 0.8070759 -0.05809893 -0.5875824
 outer loop
  vertex 0.7946232 0.0022692664 -0.60709816
  vertex 0.8142922 -0.11931078 -0.56806016
  vertex 0.76736027 -0.06834689 -0.6375629
 endloop
endfacet
facet normal 0.70085484 -0.49298525 0.51552695
 outer loop
  vertex 0.7423709 -0.4549625 0.4918287
  vertex 0.67947805 -0.4665318 0.5662676
  vertex 0.6562928 -0.52658594 0.54035956
 endloop
endfacet
facet normal 0.7008547 -0.4929847 0.5155276
 outer loop
  vertex 0.7423709 -0.4549625 0.4918287
  vertex 0.6562928 -0.52658594 0.54035956
  vertex 0.71702486 -0.52061373 0.46350595
 endloop
endfacet
facet normal 0.75549716 -0.009062508 -0.65508926
 outer loop
  vertex 0.7383841 0.048926517 -0.67260265
  vertex 0.7946232 0.0022692664 -0.60709816
  vertex 0.76736027 -0.06834689 -0.6375629
 endloop
endfacet
facet normal 0.7554975 -0.009062274 -0.65508884
 outer loop
  vertex 0.7383841 0.048926517 -0.67260265
  vertex 0.76736027 -0.06834689 -0.6375629
  vertex 0.7130381 -0.016724752 -0.7009254
 endloop
endfacet
facet normal 0.75923735 -0.48184943 0.43746984
 outer loop
  vertex 0.7981147 -0.4390118 0.41265306
  vertex 0.7423709 -0.4549625 0.4918287
  vertex 0.71702486 -0.52061373 0.46350595
 endloop
endfacet
facet normal 0.75923735 -0.48184964 0.4374694
 outer loop
  vertex 0.7981147 -0.4390118 0.41265306
  vertex 0.71702486 -0.52061373 0.46350595
  vertex 0.7708518 -0.509628 0.3821884
 endloop
endfacet
facet normal 0.69663715 0.04007086 -0.7163037
 outer loop
  vertex 0.67503417 0.0951124 -0.7316296
  vertex 0.7383841 0.048926517 -0.67260265
  vertex 0.7130381 -0.016724752 -0.7009254
 endloop
endfacet
facet normal 0.6966361 0.040070184 -0.7163048
 outer loop
  vertex 0.67503417 0.0951124 -0.7316296
  vertex 0.7130381 -0.016724752 -0.7009254
  vertex 0.6518489 0.03505829 -0.75753766
 endloop
endfacet
facet normal 0.8103041 -0.46607938 0.35521454
 outer loop
  vertex 0.8461718 -0.41883302 0.3295035
  vertex 0.7981147 -0.4390118 0.41265306
  vertex 0.7708518 -0.509628 0.3821884
 endloop
endfacet
facet normal 0.81030405 -0.46607932 0.35521466
 outer loop
  vertex 0.8461718 -0.41883302 0.3295035
  vertex 0.7708518 -0.509628 0.3821884
  vertex 0.81725466 -0.49373397 0.29719034
 endloop
endfacet
facet normal 0.63105285 0.08882964 -0.77063704
 outer loop
  vertex 0.6051831 0.14038251 -0.78361046
  vertex 0.67503417 0.0951124 -0.7316296
  vertex 0.6518489 0.03505829 -0.75753766
 endloop
endfacet
facet normal 0.63105375 0.08883019 -0.77063644
 outer loop
  vertex 0.6051831 0.14038251 -0.78361046
  vertex 0.6518489 0.03505829 -0.75753766
  vertex 0.5843821 0.08650392 -0.80685437
 endloop
endfacet
facet normal 0.8535625 -0.44583055 0.26956677
 outer loop
  vertex 0.8860802 -0.3946209 0.24318048
  vertex 0.8461718 -0.41883302 0.3295035
  vertex 0.81725466 -0.49373397 0.29719034
 endloop
endfacet
facet normal 0.85356253 -0.44583118 0.2695657
 outer loop
  vertex 0.8860802 -0.3946209 0.24318048
  vertex 0.81725466 -0.49373397 0.29719034
  vertex 0.8557872 -0.47308534 0.20932996
 endloop
endfacet
facet normal 0.55937684 0.13674454 -0.81755644
 outer loop
  vertex 0.52950406 0.1843006 -0.8280448
  vertex 0.6051831 0.14038251 -0.78361046
  vertex 0.5843821 0.08650392 -0.80685437
 endloop
endfacet
facet normal 0.55937755 0.13674507 -0.81755584
 outer loop
  vertex 0.52950406 0.1843006 -0.8280448
  vertex 0.5843821 0.08650392 -0.80685437
  vertex 0.5112876 0.1371164 -0.84840065
 endloop
endfacet
facet normal 0.8886085 -0.42129818 0.18133622
 outer loop
  vertex 0.91745496 -0.36660817 0.15451556
  vertex 0.8860802 -0.3946209 0.24318048
  vertex 0.8557872 -0.47308534 0.20932996
 endloop
endfacet
facet normal 0.8886086 -0.42129713 0.18133837
 outer loop
  vertex 0.91745496 -0.36660817 0.15451556
  vertex 0.8557872 -0.47308534 0.20932996
  vertex 0.8860781 -0.44788048 0.11945369
 endloop
endfacet
facet normal 0.48229074 0.1833536 -0.856608
 outer loop
  vertex 0.44872543 0.22644363 -0.8645045
  vertex 0.52950406 0.1843006 -0.8280448
  vertex 0.5112876 0.1371164 -0.84840065
 endloop
endfacet
facet normal 0.48228976 0.18335286 -0.85660857
 outer loop
  vertex 0.44872543 0.22644363 -0.8645045
  vertex 0.5112876 0.1371164 -0.84840065
  vertex 0.4332689 0.1864082 -0.8817763
 endloop
endfacet
facet normal 0.91510767 -0.39271834 0.09137959
 outer loop
  vertex 0.9399941 -0.33506495 0.064362645
  vertex 0.91745496 -0.36660817 0.15451556
  vertex 0.8860781 -0.44788048 0.11945369
 endloop
endfacet
facet normal 0.9151076 -0.3927189 0.09137826
 outer loop
  vertex 0.9399941 -0.33506495 0.064362645
  vertex 0.8860781 -0.44788048 0.11945369
  vertex 0.9078353 -0.41836238 0.028427135
 endloop
endfacet
facet normal 0.40053847 0.2282019 -0.88740796
 outer loop
  vertex 0.3636252 0.266406 -0.8926386
  vertex 0.44872543 0.22644363 -0.8645045
  vertex 0.4332689 0.1864082 -0.8817763
 endloop
endfacet
facet normal 0.40053838 0.22820182 -0.887408
 outer loop
  vertex 0.3636252 0.266406 -0.8926386
  vertex 0.4332689 0.1864082 -0.8817763
  vertex 0.35107744 0.233905 -0.90665996
 endloop
endfacet
facet normal 0.9328091 -0.3603703 0.0005539958
 outer loop
  vertex 0.95348066 -0.30029488 -0.026410226
  vertex 0.9399941 -0.33506495 0.064362645
  vertex 0.9078353 -0.41836238 0.028427135
 endloop
endfacet
facet normal 0.93280905 -0.3603706 0.00055329234
 outer loop
  vertex 0.95348066 -0.30029488 -0.026410226
  vertex 0.9078353 -0.41836238 0.028427135
  vertex 0.9208497 -0.38481522 -0.06287333
 endloop
endfacet
facet normal 0.14156948 -0.4377071 0.8879024
 outer loop
  vertex 0.18993661 -0.44074935 0.8773061
  vertex 0.09700654 -0.42097348 0.901872
  vertex 0.09379268 -0.429298 0.8982807
 endloop
endfacet
facet normal 0.14156947 -0.4377072 0.8879023
 outer loop
  vertex 0.18993661 -0.44074935 0.8773061
  vertex 0.09379268 -0.429298 0.8982807
  vertex 0.18353984 -0.45731828 0.8701581
 endloop
endfacet
facet normal 0.31490996 0.2708573 -0.90965277
 outer loop
  vertex 0.27502337 0.3038026 -0.91217625
  vertex 0.3636252 0.266406 -0.8926386
  vertex 0.35107744 0.233905 -0.90665996
 endloop
endfacet
facet normal 0.31491023 0.27085754 -0.90965253
 outer loop
  vertex 0.27502337 0.3038026 -0.91217625
  vertex 0.35107744 0.233905 -0.90665996
  vertex 0.26550528 0.2791489 -0.92281216
 endloop
endfacet
facet normal 0.9415472 -0.3245611 -0.09027191
 outer loop
  vertex 0.95778465 -0.26263267 -0.1169287
  vertex 0.95348066 -0.30029488 -0.026410226
  vertex 0.9208497 -0.38481522 -0.06287333
 endloop
endfacet
facet normal 0.9415474 -0.32456082 -0.09027116
 outer loop
  vertex 0.95778465 -0.26263267 -0.1169287
  vertex 0.9208497 -0.38481522 -0.06287333
  vertex 0.92499584 -0.347562 -0.15356824
 endloop
endfacet
facet normal 0.23232272 -0.4595183 0.8572451
 outer loop
  vertex 0.28103724 -0.45628062 0.84429145
  vertex 0.18993661 -0.44074935 0.8773061
  vertex 0.18353984 -0.45731828 0.8701581
 endloop
endfacet
facet normal 0.2323226 -0.4595191 0.8572447
 outer loop
  vertex 0.28103724 -0.45628062 0.84429145
  vertex 0.18353984 -0.45731828 0.8701581
  vertex 0.27151915 -0.48093432 0.83365554
 endloop
endfacet
facet normal 0.22622731 0.3109072 -0.923124
 outer loop
  vertex 0.18377282 0.33827353 -0.922929
  vertex 0.27502337 0.3038026 -0.91217625
  vertex 0.26550528 0.2791489 -0.92281216
 endloop
endfacet
facet normal 0.22622731 0.3109072 -0.923124
 outer loop
  vertex 0.18377282 0.33827353 -0.922929
  vertex 0.26550528 0.2791489 -0.92281216
  vertex 0.17737605 0.32170463 -0.930077
 endloop
endfacet
facet normal 0.9412393 -0.28563407 -0.18022646
 outer loop
  vertex 0.9528647 -0.22244133 -0.20632102
  vertex 0.95778465 -0.26263267 -0.1169287
  vertex 0.92499584 -0.347562 -0.15356824
 endloop
endfacet
facet normal 0.94123924 -0.2856343 -0.18022709
 outer loop
  vertex 0.9528647 -0.22244133 -0.20632102
  vertex 0.92499584 -0.347562 -0.15356824
  vertex 0.9202337 -0.30696172 -0.24278411
 endloop
endfacet
facet normal 0.32082617 -0.47689384 0.81831706
 outer loop
  vertex 0.36943132 -0.46741754 0.8031457
  vertex 0.28103724 -0.45628062 0.84429145
  vertex 0.27151915 -0.48093432 0.83365554
 endloop
endfacet
facet normal 0.32082623 -0.47689387 0.81831706
 outer loop
  vertex 0.36943132 -0.46741754 0.8031457
  vertex 0.27151915 -0.48093432 0.83365554
  vertex 0.35688356 -0.49991858 0.78912437
 endloop
endfacet
facet normal 0.13535225 0.3479601 -0.92768717
 outer loop
  vertex 0.09075223 0.3694867 -0.9247934
  vertex 0.18377282 0.33827353 -0.922929
  vertex 0.17737605 0.32170463 -0.930077
 endloop
endfacet
facet normal 0.13535191 0.34795952 -0.92768747
 outer loop
  vertex 0.09075223 0.3694867 -0.9247934
  vertex 0.17737605 0.32170463 -0.930077
  vertex 0.08753837 0.36116216 -0.9283847
 endloop
endfacet
facet normal 0.93188787 -0.24396184 -0.26845402
 outer loop
  vertex 0.938768 -0.18010764 -0.2937264
  vertex 0.9528647 -0.22244133 -0.20632102
  vertex 0.9202337 -0.30696172 -0.24278411
 endloop
endfacet
facet normal 0.93188804 -0.24396168 -0.2684535
 outer loop
  vertex 0.938768 -0.18010764 -0.2937264
  vertex 0.9202337 -0.30696172 -0.24278411
  vertex 0.90660924 -0.26340505 -0.32966194
 endloop
endfacet
facet normal 0.40621832 -0.48966482 0.7715018
 outer loop
  vertex 0.45426777 -0.47405308 0.7542653
  vertex 0.36943132 -0.46741754 0.8031457
  vertex 0.35688356 -0.49991858 0.78912437
 endloop
endfacet
facet normal 0.40621832 -0.48966494 0.7715017
 outer loop
  vertex 0.45426777 -0.47405308 0.7542653
  vertex 0.35688356 -0.49991858 0.78912437
  vertex 0.43881124 -0.51408845 0.73699355
 endloop
endfacet
facet normal 0.9135821 -0.19994304 -0.3541052
 outer loop
  vertex 0.91563064 -0.13603942 -0.37830308
  vertex 0.938768 -0.18010764 -0.2937264
  vertex 0.90660924 -0.26340505 -0.32966194
 endloop
endfacet
facet normal 0.9135827 -0.19994259 -0.35410386
 outer loop
  vertex 0.91563064 -0.13603942 -0.37830308
  vertex 0.90660924 -0.26340505 -0.32966194
  vertex 0.8842538 -0.21731173 -0.41336495
 endloop
endfacet
facet normal 0.487679 -0.49771127 0.71725357
 outer loop
  vertex 0.5347295 -0.47612315 0.6981209
  vertex 0.45426777 -0.47405308 0.7542653
  vertex 0.43881124 -0.51408845 0.73699355
 endloop
endfacet
facet normal 0.48767897 -0.49771085 0.71725386
 outer loop
  vertex 0.5347295 -0.47612315 0.6981209
  vertex 0.43881124 -0.51408845 0.73699355
  vertex 0.51651305 -0.5233074 0.677765
 endloop
endfacet
facet normal 0.88649434 -0.15399697 -0.43636295
 outer loop
  vertex 0.88367534 -0.09066123 -0.45923638
  vertex 0.91563064 -0.13603942 -0.37830308
  vertex 0.8842538 -0.21731173 -0.41336495
 endloop
endfacet
facet normal 0.8864933 -0.15399769 -0.43636495
 outer loop
  vertex 0.88367534 -0.09066123 -0.45923638
  vertex 0.8842538 -0.21731173 -0.41336495
  vertex 0.85338235 -0.1691257 -0.4930869
 endloop
endfacet
facet normal 0.67321116 -0.5547814 0.48888063
 outer loop
  vertex 0.71702486 -0.52061373 0.46350595
  vertex 0.6562928 -0.52658594 0.54035956
  vertex 0.6268086 -0.58427316 0.51549727
 endloop
endfacet
facet normal 0.6732113 -0.5547821 0.4888798
 outer loop
  vertex 0.71702486 -0.52061373 0.46350595
  vertex 0.6268086 -0.58427316 0.51549727
  vertex 0.6847926 -0.5836775 0.43632647
 endloop
endfacet
facet normal 0.7255348 -0.07604335 -0.6839712
 outer loop
  vertex 0.7130381 -0.016724752 -0.7009254
  vertex 0.76736027 -0.06834689 -0.6375629
  vertex 0.7326905 -0.13617995 -0.6667978
 endloop
endfacet
facet normal 0.72553384 -0.07604377 -0.6839722
 outer loop
  vertex 0.7130381 -0.016724752 -0.7009254
  vertex 0.7326905 -0.13617995 -0.6667978
  vertex 0.6808058 -0.07978852 -0.7281049
 endloop
endfacet
facet normal 0.7292743 -0.5488313 0.40858683
 outer loop
  vertex 0.7708518 -0.509628 0.3821884
  vertex 0.71702486 -0.52061373 0.46350595
  vertex 0.6847926 -0.5836775 0.43632647
 endloop
endfacet
facet normal 0.7292743 -0.54883075 0.40858757
 outer loop
  vertex 0.7708518 -0.509628 0.3821884
  vertex 0.6847926 -0.5836775 0.43632647
  vertex 0.736182 -0.577461 0.35295346
 endloop
endfacet
facet normal 0.6689927 -0.0217261 -0.7429514
 outer loop
  vertex 0.6518489 0.03505829 -0.75753766
  vertex 0.7130381 -0.016724752 -0.7009254
  vertex 0.6808058 -0.07978852 -0.7281049
 endloop
endfacet
facet normal 0.6689936 -0.02172568 -0.7429506
 outer loop
  vertex 0.6518489 0.03505829 -0.75753766
  vertex 0.6808058 -0.07978852 -0.7281049
  vertex 0.6223647 -0.02262898 -0.78239995
 endloop
endfacet
facet normal 0.77831095 -0.5375994 0.32437494
 outer loop
  vertex 0.81725466 -0.49373397 0.29719034
  vertex 0.7708518 -0.509628 0.3821884
  vertex 0.736182 -0.577461 0.35295346
 endloop
endfacet
facet normal 0.7783109 -0.5375992 0.3243751
 outer loop
  vertex 0.81725466 -0.49373397 0.29719034
  vertex 0.736182 -0.577461 0.35295346
  vertex 0.78048116 -0.56568295 0.2661815
 endloop
endfacet
facet normal 0.60599613 0.03281471 -0.79479045
 outer loop
  vertex 0.5843821 0.08650392 -0.80685437
  vertex 0.6518489 0.03505829 -0.75753766
  vertex 0.6223647 -0.02262898 -0.78239995
 endloop
endfacet
facet normal 0.6059956 0.032814417 -0.7947909
 outer loop
  vertex 0.5843821 0.08650392 -0.80685437
  vertex 0.6223647 -0.02262898 -0.78239995
  vertex 0.5579298 0.034748778 -0.82916
 endloop
endfacet
facet normal 0.81984746 -0.5212002 0.23706645
 outer loop
  vertex 0.8557872 -0.47308534 0.20932996
  vertex 0.81725466 -0.49373397 0.29719034
  vertex 0.78048116 -0.56568295 0.2661815
 endloop
endfacet
facet normal 0.8198475 -0.52120024 0.23706639
 outer loop
  vertex 0.8557872 -0.47308534 0.20932996
  vertex 0.78048116 -0.56568295 0.2661815
  vertex 0.8172642 -0.5484573 0.17684583
 endloop
endfacet
facet normal 0.5371473 0.087049894 -0.8389846
 outer loop
  vertex 0.5112876 0.1371164 -0.84840065
  vertex 0.5843821 0.08650392 -0.80685437
  vertex 0.5579298 0.034748778 -0.82916
 endloop
endfacet
facet normal 0.5371473 0.0870499 -0.83898455
 outer loop
  vertex 0.5112876 0.1371164 -0.84840065
  vertex 0.5579298 0.034748778 -0.82916
  vertex 0.488122 0.09179178 -0.8679348
 endloop
endfacet
facet normal 0.8534953 -0.49979225 0.14749104
 outer loop
  vertex 0.8860781 -0.44788048 0.11945369
  vertex 0.8557872 -0.47308534 0.20932996
  vertex 0.8172642 -0.5484573 0.17684583
 endloop
endfacet
facet normal 0.85349524 -0.4997923 0.14749093
 outer loop
  vertex 0.8860781 -0.44788048 0.11945369
  vertex 0.8172642 -0.5484573 0.17684583
  vertex 0.8461765 -0.5259497 0.08580711
 endloop
endfacet
facet normal 0.46310297 0.14046106 -0.87510365
 outer loop
  vertex 0.4332689 0.1864082 -0.8817763
  vertex 0.5112876 0.1371164 -0.84840065
  vertex 0.488122 0.09179178 -0.8679348
 endloop
endfacet
facet normal 0.46310273 0.14046092 -0.8751037
 outer loop
  vertex 0.4332689 0.1864082 -0.8817763
  vertex 0.488122 0.09179178 -0.8679348
  vertex 0.41361305 0.14795068 -0.89835083
 endloop
endfacet
facet normal 0.87893456 -0.47358295 0.056509584
 outer loop
  vertex 0.9078353 -0.41836238 0.028427135
  vertex 0.8860781 -0.44788048 0.11945369
  vertex 0.8461765 -0.5259497 0.08580711
 endloop
endfacet
facet normal 0.87893456 -0.47358257 0.056510378
 outer loop
  vertex 0.9078353 -0.41836238 0.028427135
  vertex 0.8461765 -0.5259497 0.08580711
  vertex 0.86693954 -0.49837685 -0.0060578333
 endloop
endfacet
facet normal 0.38458 0.19252715 -0.902791
 outer loop
  vertex 0.35107744 0.233905 -0.90665996
  vertex 0.4332689 0.1864082 -0.8817763
  vertex 0.41361305 0.14795068 -0.89835083
 endloop
endfacet
facet normal 0.3845807 0.19252771 -0.90279055
 outer loop
  vertex 0.35107744 0.233905 -0.90665996
  vertex 0.41361305 0.14795068 -0.89835083
  vertex 0.33512068 0.20268488 -0.92011535
 endloop
endfacet
facet normal 0.8959242 -0.44282582 -0.035001528
 outer loop
  vertex 0.9208497 -0.38481522 -0.06287333
  vertex 0.9078353 -0.41836238 0.028427135
  vertex 0.86693954 -0.49837685 -0.0060578333
 endloop
endfacet
facet normal 0.89592415 -0.44282582 -0.03500163
 outer loop
  vertex 0.9208497 -0.38481522 -0.06287333
  vertex 0.86693954 -0.49837685 -0.0060578333
  vertex 0.87935346 -0.4660045 -0.0978646
 endloop
endfacet
facet normal 0.13609134 -0.44995332 0.88262177
 outer loop
  vertex 0.18353984 -0.45731828 0.8701581
  vertex 0.09379268 -0.429298 0.8982807
  vertex 0.089705646 -0.43729445 0.89483434
 endloop
endfacet
facet normal 0.13609174 -0.44995213 0.88262224
 outer loop
  vertex 0.18353984 -0.45731828 0.8701581
  vertex 0.089705646 -0.43729445 0.89483434
  vertex 0.17540516 -0.47323418 0.8632986
 endloop
endfacet
facet normal 0.3023349 0.24274568 -0.92177445
 outer loop
  vertex 0.26550528 0.2791489 -0.92281216
  vertex 0.35107744 0.233905 -0.90665996
  vertex 0.33512068 0.20268488 -0.92011535
 endloop
endfacet
facet normal 0.3023343 0.24274509 -0.9217748
 outer loop
  vertex 0.26550528 0.2791489 -0.92281216
  vertex 0.33512068 0.20268488 -0.92011535
  vertex 0.25340125 0.25546685 -0.93301874
 endloop
endfacet
facet normal 0.90430444 -0.4078164 -0.12617125
 outer loop
  vertex 0.92499584 -0.347562 -0.15356824
  vertex 0.9208497 -0.38481522 -0.06287333
  vertex 0.87935346 -0.4660045 -0.0978646
 endloop
endfacet
facet normal 0.9043043 -0.4078166 -0.12617163
 outer loop
  vertex 0.92499584 -0.347562 -0.15356824
  vertex 0.87935346 -0.4660045 -0.0978646
  vertex 0.8832988 -0.42914408 -0.18872882
 endloop
endfacet
facet normal 0.22325253 -0.47979498 0.8485017
 outer loop
  vertex 0.27151915 -0.48093432 0.83365554
  vertex 0.18353984 -0.45731828 0.8701581
  vertex 0.17540516 -0.47323418 0.8632986
 endloop
endfacet
facet normal 0.22325216 -0.4797967 0.8485008
 outer loop
  vertex 0.27151915 -0.48093432 0.83365554
  vertex 0.17540516 -0.47323418 0.8632986
  vertex 0.25941512 -0.5046163 0.82344896
 endloop
endfacet
facet normal 0.21715654 0.29062977 -0.93186766
 outer loop
  vertex 0.17737605 0.32170463 -0.930077
  vertex 0.26550528 0.2791489 -0.92281216
  vertex 0.25340125 0.25546685 -0.93301874
 endloop
endfacet
facet normal 0.21715668 0.29062995 -0.93186766
 outer loop
  vertex 0.17737605 0.32170463 -0.930077
  vertex 0.25340125 0.25546685 -0.93301874
  vertex 0.16924137 0.30578876 -0.9369365
 endloop
endfacet
facet normal 0.9039964 -0.36888984 -0.21612702
 outer loop
  vertex 0.9202337 -0.30696172 -0.24278411
  vertex 0.92499584 -0.347562 -0.15356824
  vertex 0.8832988 -0.42914408 -0.18872882
 endloop
endfacet
facet normal 0.9039964 -0.36888972 -0.2161268
 outer loop
  vertex 0.9202337 -0.30696172 -0.24278411
  vertex 0.8832988 -0.42914408 -0.18872882
  vertex 0.8787375 -0.38815096 -0.27777538
 endloop
endfacet
facet normal 0.30825046 -0.5050066 0.8061947
 outer loop
  vertex 0.35688356 -0.49991858 0.78912437
  vertex 0.27151915 -0.48093432 0.83365554
  vertex 0.25941512 -0.5046163 0.82344896
 endloop
endfacet
facet normal 0.3082505 -0.5050065 0.80619484
 outer loop
  vertex 0.35688356 -0.49991858 0.78912437
  vertex 0.25941512 -0.5046163 0.82344896
  vertex 0.3409268 -0.53113866 0.775669
 endloop
endfacet
facet normal 0.12987432 0.33571446 -0.93296754
 outer loop
  vertex 0.08753837 0.36116216 -0.9283847
  vertex 0.17737605 0.32170463 -0.930077
  vertex 0.16924137 0.30578876 -0.9369365
 endloop
endfacet
facet normal 0.12987448 0.33571473 -0.9329674
 outer loop
  vertex 0.08753837 0.36116216 -0.9283847
  vertex 0.16924137 0.30578876 -0.9369365
  vertex 0.08345134 0.35316572 -0.93183106
 endloop
endfacet
facet normal 0.89500296 -0.32641745 -0.3040087
 outer loop
  vertex 0.90660924 -0.26340505 -0.32966194
  vertex 0.9202337 -0.30696172 -0.24278411
  vertex 0.8787375 -0.38815096 -0.27777538
 endloop
endfacet
facet normal 0.8950032 -0.3264174 -0.30400836
 outer loop
  vertex 0.90660924 -0.26340505 -0.32966194
  vertex 0.8787375 -0.38815096 -0.27777538
  vertex 0.8657135 -0.34341955 -0.3641469
 endloop
endfacet
facet normal 0.39025977 -0.5253399 0.7561186
 outer loop
  vertex 0.43881124 -0.51408845 0.73699355
  vertex 0.35688356 -0.49991858 0.78912437
  vertex 0.3409268 -0.53113866 0.775669
 endloop
endfacet
facet normal 0.39025983 -0.52533907 0.7561191
 outer loop
  vertex 0.43881124 -0.51408845 0.73699355
  vertex 0.3409268 -0.53113866 0.775669
  vertex 0.4191554 -0.55254596 0.720419
 endloop
endfacet
facet normal 0.8774096 -0.28080687 -0.38897282
 outer loop
  vertex 0.8842538 -0.21731173 -0.41336495
  vertex 0.90660924 -0.26340505 -0.32966194
  vertex 0.8657135 -0.34341955 -0.3641469
 endloop
endfacet
facet normal 0.87740916 -0.28080717 -0.38897374
 outer loop
  vertex 0.8842538 -0.21731173 -0.41336495
  vertex 0.8657135 -0.34341955 -0.3641469
  vertex 0.8443522 -0.29538098 -0.44701153
 endloop
endfacet
facet normal 0.46849215 -0.5406026 0.69875884
 outer loop
  vertex 0.51651305 -0.5233074 0.677765
  vertex 0.43881124 -0.51408845 0.73699355
  vertex 0.4191554 -0.55254596 0.720419
 endloop
endfacet
facet normal 0.46849215 -0.5406024 0.698759
 outer loop
  vertex 0.51651305 -0.5233074 0.677765
  vertex 0.4191554 -0.55254596 0.720419
  vertex 0.4933474 -0.568632 0.65823084
 endloop
endfacet
facet normal 0.8513805 -0.23249151 -0.47021163
 outer loop
  vertex 0.85338235 -0.1691257 -0.4930869
  vertex 0.8842538 -0.21731173 -0.41336495
  vertex 0.8443522 -0.29538098 -0.44701153
 endloop
endfacet
facet normal 0.85138094 -0.23249124 -0.47021082
 outer loop
  vertex 0.85338235 -0.1691257 -0.4930869
  vertex 0.8443522 -0.29538098 -0.44701153
  vertex 0.81485933 -0.24449775 -0.5255711
 endloop
endfacet
facet normal 0.54219276 -0.55065125 0.63467324
 outer loop
  vertex 0.58924013 -0.5274866 0.6120093
  vertex 0.51651305 -0.5233074 0.677765
  vertex 0.4933474 -0.568632 0.65823084
 endloop
endfacet
facet normal 0.54219276 -0.5506507 0.6346738
 outer loop
  vertex 0.58924013 -0.5274866 0.6120093
  vertex 0.4933474 -0.568632 0.65823084
  vertex 0.56278783 -0.5792418 0.5897037
 endloop
endfacet
facet normal 0.8171631 -0.18193255 -0.5469416
 outer loop
  vertex 0.8142922 -0.11931078 -0.56806016
  vertex 0.85338235 -0.1691257 -0.4930869
  vertex 0.81485933 -0.24449775 -0.5255711
 endloop
endfacet
facet normal 0.8171625 -0.1819328 -0.54694223
 outer loop
  vertex 0.8142922 -0.11931078 -0.56806016
  vertex 0.81485933 -0.24449775 -0.5255711
  vertex 0.7775187 -0.19125979 -0.599069
 endloop
endfacet
facet normal 0.61064994 -0.55539095 0.5644888
 outer loop
  vertex 0.6562928 -0.52658594 0.54035956
  vertex 0.58924013 -0.5274866 0.6120093
  vertex 0.56278783 -0.5792418 0.5897037
 endloop
endfacet
facet normal 0.6106499 -0.5553916 0.5644881
 outer loop
  vertex 0.6562928 -0.52658594 0.54035956
  vertex 0.56278783 -0.5792418 0.5897037
  vertex 0.6268086 -0.58427316 0.51549727
 endloop
endfacet
facet normal 0.77508265 -0.12961896 -0.618422
 outer loop
  vertex 0.76736027 -0.06834689 -0.6375629
  vertex 0.8142922 -0.11931078 -0.56806016
  vertex 0.7775187 -0.19125979 -0.599069
 endloop
endfacet
facet normal 0.77508324 -0.12961869 -0.61842126
 outer loop
  vertex 0.76736027 -0.06834689 -0.6375629
  vertex 0.7775187 -0.19125979 -0.599069
  vertex 0.7326905 -0.13617995 -0.6667978
 endloop
endfacet
facet normal 0.73883796 -0.60590595 0.29495153
 outer loop
  vertex 0.78048116 -0.56568295 0.2661815
  vertex 0.736182 -0.577461 0.35295346
  vertex 0.6944391 -0.64185774 0.32522973
 endloop
endfacet
facet normal 0.738838 -0.60590607 0.29495138
 outer loop
  vertex 0.78048116 -0.56568295 0.2661815
  vertex 0.6944391 -0.64185774 0.32522973
  vertex 0.7362055 -0.633987 0.23677556
 endloop
endfacet
facet normal 0.5750797 -0.020684535 -0.81783587
 outer loop
  vertex 0.5579298 0.034748778 -0.82916
  vertex 0.6223647 -0.02262898 -0.78239995
  vertex 0.5868653 -0.077393845 -0.80597705
 endloop
endfacet
facet normal 0.5750803 -0.020684289 -0.8178354
 outer loop
  vertex 0.5579298 0.034748778 -0.82916
  vertex 0.5868653 -0.077393845 -0.80597705
  vertex 0.52608097 -0.014384465 -0.8503126
 endloop
endfacet
facet normal 0.77824974 -0.5931839 0.20605911
 outer loop
  vertex 0.8172642 -0.5484573 0.17684583
  vertex 0.78048116 -0.56568295 0.2661815
  vertex 0.7362055 -0.633987 0.23677556
 endloop
endfacet
facet normal 0.77824974 -0.59318364 0.2060594
 outer loop
  vertex 0.8172642 -0.5484573 0.17684583
  vertex 0.7362055 -0.633987 0.23677556
  vertex 0.77088207 -0.6200111 0.1460409
 endloop
endfacet
facet normal 0.50972074 0.039589167 -0.8594286
 outer loop
  vertex 0.488122 0.09179178 -0.8679348
  vertex 0.5579298 0.034748778 -0.82916
  vertex 0.52608097 -0.014384465 -0.8503126
 endloop
endfacet
facet normal 0.5097204 0.039589036 -0.8594287
 outer loop
  vertex 0.488122 0.09179178 -0.8679348
  vertex 0.52608097 -0.014384465 -0.8503126
  vertex 0.46023032 0.04876329 -0.88645923
 endloop
endfacet
facet normal 0.81017315 -0.57475984 0.11519828
 outer loop
  vertex 0.8461765 -0.5259497 0.08580711
  vertex 0.8172642 -0.5484573 0.17684583
  vertex 0.77088207 -0.6200111 0.1460409
 endloop
endfacet
facet normal 0.81017315 -0.57475984 0.11519824
 outer loop
  vertex 0.8461765 -0.5259497 0.08580711
  vertex 0.77088207 -0.6200111 0.1460409
  vertex 0.7981346 -0.600064 0.053899836
 endloop
endfacet
facet normal 0.43943056 0.09949686 -0.8927492
 outer loop
  vertex 0.41361305 0.14795068 -0.89835083
  vertex 0.488122 0.09179178 -0.8679348
  vertex 0.46023032 0.04876329 -0.88645923
 endloop
endfacet
facet normal 0.43943158 0.09949741 -0.89274865
 outer loop
  vertex 0.41361305 0.14795068 -0.89835083
  vertex 0.46023032 0.04876329 -0.88645923
  vertex 0.3899472 0.11144136 -0.9140687
 endloop
endfacet
facet normal 0.83430445 -0.55081385 0.023242567
 outer loop
  vertex 0.86693954 -0.49837685 -0.0060578333
  vertex 0.8461765 -0.5259497 0.08580711
  vertex 0.7981346 -0.600064 0.053899836
 endloop
endfacet
facet normal 0.8343043 -0.55081403 0.0232421
 outer loop
  vertex 0.86693954 -0.49837685 -0.0060578333
  vertex 0.7981346 -0.600064 0.053899836
  vertex 0.8177005 -0.5743379 -0.03876019
 endloop
endfacet
facet normal 0.36489183 0.1584567 -0.9174669
 outer loop
  vertex 0.33512068 0.20268488 -0.92011535
  vertex 0.41361305 0.14795068 -0.89835083
  vertex 0.3899472 0.11144136 -0.9140687
 endloop
endfacet
facet normal 0.36489022 0.15845567 -0.9174677
 outer loop
  vertex 0.33512068 0.20268488 -0.92011535
  vertex 0.3899472 0.11144136 -0.9140687
  vertex 0.31590855 0.17304637 -0.93287516
 endloop
endfacet
facet normal 0.85041505 -0.5215782 -0.06892446
 outer loop
  vertex 0.87935346 -0.4660045 -0.0978646
  vertex 0.86693954 -0.49837685 -0.0060578333
  vertex 0.8177005 -0.5743379 -0.03876019
 endloop
endfacet
facet normal 0.85041505 -0.52157813 -0.06892441
 outer loop
  vertex 0.87935346 -0.4660045 -0.0978646
  vertex 0.8177005 -0.5743379 -0.03876019
  vertex 0.82939154 -0.54308075 -0.13104704
 endloop
endfacet
facet normal 0.12933351 -0.4616471 0.8775847
 outer loop
  vertex 0.17540516 -0.47323418 0.8632986
  vertex 0.089705646 -0.43729445 0.89483434
  vertex 0.084784836 -0.44488582 0.89156616
 endloop
endfacet
facet normal 0.12933202 -0.46165025 0.87758315
 outer loop
  vertex 0.17540516 -0.47323418 0.8632986
  vertex 0.084784836 -0.44488582 0.89156616
  vertex 0.1656109 -0.48834378 0.85679364
 endloop
endfacet
facet normal 0.2868188 0.21589606 -0.93334013
 outer loop
  vertex 0.25340125 0.25546685 -0.93301874
  vertex 0.33512068 0.20268488 -0.92011535
  vertex 0.31590855 0.17304637 -0.93287516
 endloop
endfacet
facet normal 0.28681934 0.21589641 -0.9333399
 outer loop
  vertex 0.25340125 0.25546685 -0.93301874
  vertex 0.31590855 0.17304637 -0.93287516
  vertex 0.23882794 0.23298453 -0.9426977
 endloop
endfacet
facet normal 0.85835385 -0.48733246 -0.16042359
 outer loop
  vertex 0.8832988 -0.42914408 -0.18872882
  vertex 0.87935346 -0.4660045 -0.0978646
  vertex 0.82939154 -0.54308075 -0.13104704
 endloop
endfacet
facet normal 0.85835403 -0.48733237 -0.16042328
 outer loop
  vertex 0.8832988 -0.42914408 -0.18872882
  vertex 0.82939154 -0.54308075 -0.13104704
  vertex 0.83309513 -0.50659335 -0.22207184
 endloop
endfacet
facet normal 0.21206024 -0.49916375 0.8401583
 outer loop
  vertex 0.25941512 -0.5046163 0.82344896
  vertex 0.17540516 -0.47323418 0.8632986
  vertex 0.1656109 -0.48834378 0.85679364
 endloop
endfacet
facet normal 0.21206154 -0.49916026 0.84016013
 outer loop
  vertex 0.25941512 -0.5046163 0.82344896
  vertex 0.1656109 -0.48834378 0.85679364
  vertex 0.2448418 -0.5270987 0.81377
 endloop
endfacet
facet normal 0.20596564 0.27126428 -0.9402095
 outer loop
  vertex 0.16924137 0.30578876 -0.9369365
  vertex 0.25340125 0.25546685 -0.93301874
  vertex 0.23882794 0.23298453 -0.9426977
 endloop
endfacet
facet normal 0.20596693 0.27126545 -0.9402089
 outer loop
  vertex 0.16924137 0.30578876 -0.9369365
  vertex 0.23882794 0.23298453 -0.9426977
  vertex 0.1594471 0.29067913 -0.94344145
 endloop
endfacet
facet normal 0.858046 -0.44840565 -0.25037867
 outer loop
  vertex 0.8787375 -0.38815096 -0.27777538
  vertex 0.8832988 -0.42914408 -0.18872882
  vertex 0.83309513 -0.50659335 -0.22207184
 endloop
endfacet
facet normal 0.8580459 -0.44840577 -0.25037894
 outer loop
  vertex 0.8787375 -0.38815096 -0.27777538
  vertex 0.83309513 -0.50659335 -0.22207184
  vertex 0.8287756 -0.46522722 -0.31095785
 endloop
endfacet
facet normal 0.29273632 -0.5318533 0.7946304
 outer loop
  vertex 0.3409268 -0.53113866 0.775669
  vertex 0.25941512 -0.5046163 0.82344896
  vertex 0.2448418 -0.5270987 0.81377
 endloop
endfacet
facet normal 0.2927359 -0.5318549 0.7946295
 outer loop
  vertex 0.3409268 -0.53113866 0.775669
  vertex 0.2448418 -0.5270987 0.81377
  vertex 0.32171467 -0.5607772 0.7629092
 endloop
endfacet
facet normal 0.12311692 0.32402095 -0.9380046
 outer loop
  vertex 0.08345134 0.35316572 -0.93183106
  vertex 0.16924137 0.30578876 -0.9369365
  vertex 0.1594471 0.29067913 -0.94344145
 endloop
endfacet
facet normal 0.123115115 0.32401896 -0.9380055
 outer loop
  vertex 0.08345134 0.35316572 -0.93183106
  vertex 0.1594471 0.29067913 -0.94344145
  vertex 0.07853053 0.34557435 -0.93509924
 endloop
endfacet
facet normal 0.8494939 -0.40516958 -0.33793136
 outer loop
  vertex 0.8657135 -0.34341955 -0.3641469
  vertex 0.8787375 -0.38815096 -0.27777538
  vertex 0.8287756 -0.46522722 -0.31095785
 endloop
endfacet
facet normal 0.84949386 -0.40516964 -0.33793145
 outer loop
  vertex 0.8657135 -0.34341955 -0.3641469
  vertex 0.8287756 -0.46522722 -0.31095785
  vertex 0.81647444 -0.4193806 -0.39684924
 endloop
endfacet
facet normal 0.37057057 -0.5594107 0.74144256
 outer loop
  vertex 0.4191554 -0.55254596 0.720419
  vertex 0.3409268 -0.53113866 0.775669
  vertex 0.32171467 -0.5607772 0.7629092
 endloop
endfacet
facet normal 0.3705706 -0.55941087 0.74144256
 outer loop
  vertex 0.4191554 -0.55254596 0.720419
  vertex 0.32171467 -0.5607772 0.7629092
  vertex 0.39548954 -0.5890553 0.7047012
 endloop
endfacet
facet normal 0.83277905 -0.35803813 -0.4222413
 outer loop
  vertex 0.8443522 -0.29538098 -0.44701153
  vertex 0.8657135 -0.34341955 -0.3641469
  vertex 0.81647444 -0.4193806 -0.39684924
 endloop
endfacet
facet normal 0.8327794 -0.358038 -0.42224076
 outer loop
  vertex 0.8443522 -0.29538098 -0.44701153
  vertex 0.81647444 -0.4193806 -0.39684924
  vertex 0.7963103 -0.36949527 -0.47891882
 endloop
endfacet
facet normal 0.44481948 -0.5815672 0.6811132
 outer loop
  vertex 0.4933474 -0.568632 0.65823084
  vertex 0.4191554 -0.55254596 0.720419
  vertex 0.39548954 -0.5890553 0.7047012
 endloop
endfacet
facet normal 0.44481945 -0.5815677 0.6811129
 outer loop
  vertex 0.4933474 -0.568632 0.65823084
  vertex 0.39548954 -0.5890553 0.7047012
  vertex 0.46545574 -0.6116605 0.63970643
 endloop
endfacet
facet normal 0.80805874 -0.30745926 -0.5025037
 outer loop
  vertex 0.81485933 -0.24449775 -0.5255711
  vertex 0.8443522 -0.29538098 -0.44701153
  vertex 0.7963103 -0.36949527 -0.47891882
 endloop
endfacet
facet normal 0.80805856 -0.30745932 -0.5025039
 outer loop
  vertex 0.81485933 -0.24449775 -0.5255711
  vertex 0.7963103 -0.36949527 -0.47891882
  vertex 0.7684772 -0.31605154 -0.55637604
 endloop
endfacet
facet normal 0.51476526 -0.59811306 0.6142292
 outer loop
  vertex 0.56278783 -0.5792418 0.5897037
  vertex 0.4933474 -0.568632 0.65823084
  vertex 0.46545574 -0.6116605 0.63970643
 endloop
endfacet
facet normal 0.5147652 -0.59811354 0.6142287
 outer loop
  vertex 0.56278783 -0.5792418 0.5897037
  vertex 0.46545574 -0.6116605 0.63970643
  vertex 0.530939 -0.628375 0.56855106
 endloop
endfacet
facet normal 0.775565 -0.2539161 -0.5779495
 outer loop
  vertex 0.7775187 -0.19125979 -0.599069
  vertex 0.81485933 -0.24449775 -0.5255711
  vertex 0.7684772 -0.31605154 -0.55637604
 endloop
endfacet
facet normal 0.77556527 -0.253916 -0.5779491
 outer loop
  vertex 0.7775187 -0.19125979 -0.599069
  vertex 0.7684772 -0.31605154 -0.55637604
  vertex 0.73324305 -0.2595639 -0.62847495
 endloop
endfacet
facet normal 0.57973355 -0.6088915 0.54144275
 outer loop
  vertex 0.6268086 -0.58427316 0.51549727
  vertex 0.56278783 -0.5792418 0.5897037
  vertex 0.530939 -0.628375 0.56855106
 endloop
endfacet
facet normal 0.5797336 -0.608891 0.5414432
 outer loop
  vertex 0.6268086 -0.58427316 0.51549727
  vertex 0.530939 -0.628375 0.56855106
  vertex 0.5913092 -0.639038 0.4919202
 endloop
endfacet
facet normal 0.73561025 -0.19792546 -0.6478449
 outer loop
  vertex 0.7326905 -0.13617995 -0.6667978
  vertex 0.7775187 -0.19125979 -0.599069
  vertex 0.73324305 -0.2595639 -0.62847495
 endloop
endfacet
facet normal 0.73561007 -0.1979255 -0.64784503
 outer loop
  vertex 0.7326905 -0.13617995 -0.6667978
  vertex 0.73324305 -0.2595639 -0.62847495
  vertex 0.6909477 -0.20057663 -0.69452155
 endloop
endfacet
facet normal 0.63910496 -0.613802 0.46345654
 outer loop
  vertex 0.6847926 -0.5836775 0.43632647
  vertex 0.6268086 -0.58427316 0.51549727
  vertex 0.5913092 -0.639038 0.4919202
 endloop
endfacet
facet normal 0.6391051 -0.61380124 0.4634575
 outer loop
  vertex 0.6847926 -0.5836775 0.43632647
  vertex 0.5913092 -0.639038 0.4919202
  vertex 0.64598465 -0.6435466 0.41055197
 endloop
endfacet
facet normal 0.68856645 -0.1400147 -0.711528
 outer loop
  vertex 0.6808058 -0.07978852 -0.7281049
  vertex 0.7326905 -0.13617995 -0.6667978
  vertex 0.6909477 -0.20057663 -0.69452155
 endloop
endfacet
facet normal 0.6885667 -0.14001462 -0.7115278
 outer loop
  vertex 0.6808058 -0.07978852 -0.7281049
  vertex 0.6909477 -0.20057663 -0.69452155
  vertex 0.6419979 -0.1396576 -0.7538794
 endloop
endfacet
facet normal 0.6923068 -0.6128018 0.38103175
 outer loop
  vertex 0.736182 -0.577461 0.35295346
  vertex 0.6847926 -0.5836775 0.43632647
  vertex 0.64598465 -0.6435466 0.41055197
 endloop
endfacet
facet normal 0.69230676 -0.61280227 0.38103116
 outer loop
  vertex 0.736182 -0.577461 0.35295346
  vertex 0.64598465 -0.6435466 0.41055197
  vertex 0.6944391 -0.64185774 0.32522973
 endloop
endfacet
facet normal 0.6348872 -0.080745816 -0.76837385
 outer loop
  vertex 0.6223647 -0.02262898 -0.78239995
  vertex 0.6808058 -0.07978852 -0.7281049
  vertex 0.6419979 -0.1396576 -0.7538794
 endloop
endfacet
facet normal 0.6348864 -0.080746084 -0.76837444
 outer loop
  vertex 0.6223647 -0.02262898 -0.78239995
  vertex 0.6419979 -0.1396576 -0.7538794
  vertex 0.5868653 -0.077393845 -0.80597705
 endloop
endfacet
facet normal 0.7590582 -0.6454803 0.08477012
 outer loop
  vertex 0.7981346 -0.600064 0.053899836
  vertex 0.77088207 -0.6200111 0.1460409
  vertex 0.71708745 -0.68705744 0.11721184
 endloop
endfacet
facet normal 0.7590583 -0.64548 0.08477067
 outer loop
  vertex 0.7981346 -0.600064 0.053899836
  vertex 0.71708745 -0.68705744 0.11721184
  vertex 0.742415 -0.6695096 0.024039116
 endloop
endfacet
facet normal 0.41150033 0.06085289 -0.90937585
 outer loop
  vertex 0.3899472 0.11144136 -0.9140687
  vertex 0.46023032 0.04876329 -0.88645923
  vertex 0.42788127 0.008445276 -0.9037954
 endloop
endfacet
facet normal 0.41149932 0.060852498 -0.9093763
 outer loop
  vertex 0.3899472 0.11144136 -0.9140687
  vertex 0.42788127 0.008445276 -0.9037954
  vertex 0.36249924 0.07723187 -0.9287783
 endloop
endfacet
facet normal 0.7816468 -0.6236688 -0.008104302
 outer loop
  vertex 0.8177005 -0.5743379 -0.03876019
  vertex 0.7981346 -0.600064 0.053899836
  vertex 0.742415 -0.6695096 0.024039116
 endloop
endfacet
facet normal 0.7816469 -0.62366855 -0.0081038205
 outer loop
  vertex 0.8177005 -0.5743379 -0.03876019
  vertex 0.742415 -0.6695096 0.024039116
  vertex 0.7605925 -0.64551395 -0.06936496
 endloop
endfacet
facet normal 0.34165916 0.12631425 -0.9312968
 outer loop
  vertex 0.31590855 0.17304637 -0.93287516
  vertex 0.3899472 0.11144136 -0.9140687
  vertex 0.36249924 0.07723187 -0.9287783
 endloop
endfacet
facet normal 0.34165975 0.12631455 -0.9312965
 outer loop
  vertex 0.31590855 0.17304637 -0.93287516
  vertex 0.36249924 0.07723187 -0.9287783
  vertex 0.2936261 0.14527488 -0.9448165
 endloop
endfacet
facet normal 0.7967208 -0.59586716 -0.100887835
 outer loop
  vertex 0.82939154 -0.54308075 -0.13104704
  vertex 0.8177005 -0.5743379 -0.03876019
  vertex 0.7605925 -0.64551395 -0.06936496
 endloop
endfacet
facet normal 0.7967205 -0.59586734 -0.10088844
 outer loop
  vertex 0.82939154 -0.54308075 -0.13104704
  vertex 0.7605925 -0.64551395 -0.06936496
  vertex 0.7714451 -0.6153017 -0.16210112
 endloop
endfacet
facet normal 0.12135691 -0.4726843 0.8728357
 outer loop
  vertex 0.1656109 -0.48834378 0.85679364
  vertex 0.084784836 -0.44488582 0.89156616
  vertex 0.0790776 -0.45199898 0.88850754
 endloop
endfacet
facet normal 0.12135882 -0.47268105 0.8728371
 outer loop
  vertex 0.1656109 -0.48834378 0.85679364
  vertex 0.0790776 -0.45199898 0.88850754
  vertex 0.15425141 -0.50250155 0.850706
 endloop
endfacet
facet normal 0.26851287 0.19056839 -0.94423753
 outer loop
  vertex 0.23882794 0.23298453 -0.9426977
  vertex 0.31590855 0.17304637 -0.93287516
  vertex 0.2936261 0.14527488 -0.9448165
 endloop
endfacet
facet normal 0.2685139 0.190569 -0.9442371
 outer loop
  vertex 0.23882794 0.23298453 -0.9426977
  vertex 0.2936261 0.14527488 -0.9448165
  vertex 0.22192557 0.21191843 -0.9517559
 endloop
endfacet
facet normal 0.8041384 -0.5623426 -0.19269711
 outer loop
  vertex 0.83309513 -0.50659335 -0.22207184
  vertex 0.82939154 -0.54308075 -0.13104704
  vertex 0.7714451 -0.6153017 -0.16210112
 endloop
endfacet
facet normal 0.8041387 -0.5623424 -0.19269663
 outer loop
  vertex 0.83309513 -0.50659335 -0.22207184
  vertex 0.7714451 -0.6153017 -0.16210112
  vertex 0.7748683 -0.57916385 -0.25327617
 endloop
endfacet
facet normal 0.19885631 -0.5174303 0.83229923
 outer loop
  vertex 0.2448418 -0.5270987 0.81377
  vertex 0.1656109 -0.48834378 0.85679364
  vertex 0.15425141 -0.50250155 0.850706
 endloop
endfacet
facet normal 0.19885586 -0.5174313 0.83229876
 outer loop
  vertex 0.2448418 -0.5270987 0.81377
  vertex 0.15425141 -0.50250155 0.850706
  vertex 0.22793944 -0.5481648 0.8047118
 endloop
endfacet
facet normal 0.1927623 0.25299612 -0.9480694
 outer loop
  vertex 0.1594471 0.29067913 -0.94344145
  vertex 0.23882794 0.23298453 -0.9426977
  vertex 0.22192557 0.21191843 -0.9517559
 endloop
endfacet
facet normal 0.1927613 0.25299537 -0.9480699
 outer loop
  vertex 0.1594471 0.29067913 -0.94344145
  vertex 0.22192557 0.21191843 -0.9517559
  vertex 0.14808762 0.27652133 -0.9495291
 endloop
endfacet
facet normal 0.8038307 -0.5234155 -0.28265256
 outer loop
  vertex 0.8287756 -0.46522722 -0.31095785
  vertex 0.83309513 -0.50659335 -0.22207184
  vertex 0.7748683 -0.57916385 -0.25327617
 endloop
endfacet
facet normal 0.80383056 -0.52341557 -0.28265283
 outer loop
  vertex 0.8287756 -0.46522722 -0.31095785
  vertex 0.7748683 -0.57916385 -0.25327617
  vertex 0.77082914 -0.5374482 -0.34201193
 endloop
endfacet
facet normal 0.2744288 -0.5571838 0.7837314
 outer loop
  vertex 0.32171467 -0.5607772 0.7629092
  vertex 0.2448418 -0.5270987 0.81377
  vertex 0.22793944 -0.5481648 0.8047118
 endloop
endfacet
facet normal 0.27442944 -0.5571822 0.7837324
 outer loop
  vertex 0.32171467 -0.5607772 0.7629092
  vertex 0.22793944 -0.5481648 0.8047118
  vertex 0.29943222 -0.5885487 0.7509678
 endloop
endfacet
facet normal 0.115141496 0.312987 -0.9427521
 outer loop
  vertex 0.07853053 0.34557435 -0.93509924
  vertex 0.1594471 0.29067913 -0.94344145
  vertex 0.14808762 0.27652133 -0.9495291
 endloop
endfacet
facet normal 0.11514158 0.31298715 -0.94275206
 outer loop
  vertex 0.07853053 0.34557435 -0.93509924
  vertex 0.14808762 0.27652133 -0.9495291
  vertex 0.07282329 0.33846122 -0.9381578
 endloop
endfacet
facet normal 0.7957995 -0.4794588 -0.36989513
 outer loop
  vertex 0.81647444 -0.4193806 -0.39684924
  vertex 0.8287756 -0.46522722 -0.31095785
  vertex 0.77082914 -0.5374482 -0.34201193
 endloop
endfacet
facet normal 0.7957998 -0.47945866 -0.36989465
 outer loop
  vertex 0.81647444 -0.4193806 -0.39684924
  vertex 0.77082914 -0.5374482 -0.34201193
  vertex 0.75936645 -0.49055666 -0.42745402
 endloop
endfacet
facet normal 0.34734002 -0.5915516 0.7276136
 outer loop
  vertex 0.39548954 -0.5890553 0.7047012
  vertex 0.32171467 -0.5607772 0.7629092
  vertex 0.29943222 -0.5885487 0.7509678
 endloop
endfacet
facet normal 0.34734 -0.5915516 0.7276136
 outer loop
  vertex 0.39548954 -0.5890553 0.7047012
  vertex 0.29943222 -0.5885487 0.7509678
  vertex 0.36804157 -0.6232648 0.6899916
 endloop
endfacet
facet normal 0.7801218 -0.4308928 -0.4535872
 outer loop
  vertex 0.7963103 -0.36949527 -0.47891882
  vertex 0.81647444 -0.4193806 -0.39684924
  vertex 0.75936645 -0.49055666 -0.42745402
 endloop
endfacet
facet normal 0.7801215 -0.43089294 -0.45358768
 outer loop
  vertex 0.7963103 -0.36949527 -0.47891882
  vertex 0.75936645 -0.49055666 -0.42745402
  vertex 0.7405907 -0.43894088 -0.5087795
 endloop
endfacet
facet normal 0.41688928 -0.6202106 0.66448635
 outer loop
  vertex 0.46545574 -0.6116605 0.63970643
  vertex 0.39548954 -0.5890553 0.7047012
  vertex 0.36804157 -0.6232648 0.6899916
 endloop
endfacet
facet normal 0.41688934 -0.6202102 0.66448665
 outer loop
  vertex 0.46545574 -0.6116605 0.63970643
  vertex 0.36804157 -0.6232648 0.6899916
  vertex 0.4331067 -0.6519785 0.62237024
 endloop
endfacet
facet normal 0.7569439 -0.37817943 -0.5329318
 outer loop
  vertex 0.7684772 -0.31605154 -0.55637604
  vertex 0.7963103 -0.36949527 -0.47891882
  vertex 0.7405907 -0.43894088 -0.5087795
 endloop
endfacet
facet normal 0.7569438 -0.3781794 -0.5329318
 outer loop
  vertex 0.7684772 -0.31605154 -0.55637604
  vertex 0.7405907 -0.43894088 -0.5087795
  vertex 0.7146826 -0.38309795 -0.58520514
 endloop
endfacet
facet normal 0.48240605 -0.64288425 0.59496576
 outer loop
  vertex 0.530939 -0.628375 0.56855106
  vertex 0.46545574 -0.6116605 0.63970643
  vertex 0.4331067 -0.6519785 0.62237024
 endloop
endfacet
facet normal 0.48240602 -0.6428843 0.59496576
 outer loop
  vertex 0.530939 -0.628375 0.56855106
  vertex 0.4331067 -0.6519785 0.62237024
  vertex 0.49400032 -0.67441326 0.5487552
 endloop
endfacet
facet normal 0.72648513 -0.3218211 -0.60716605
 outer loop
  vertex 0.73324305 -0.2595639 -0.62847495
  vertex 0.7684772 -0.31605154 -0.55637604
  vertex 0.7146826 -0.38309795 -0.58520514
 endloop
endfacet
facet normal 0.72648495 -0.32182115 -0.6071662
 outer loop
  vertex 0.73324305 -0.2595639 -0.62847495
  vertex 0.7146826 -0.38309795 -0.58520514
  vertex 0.68189156 -0.32356533 -0.6559947
 endloop
endfacet
facet normal 0.54325753 -0.65935767 0.5197295
 outer loop
  vertex 0.5913092 -0.639038 0.4919202
  vertex 0.530939 -0.628375 0.56855106
  vertex 0.49400032 -0.67441326 0.5487552
 endloop
endfacet
facet normal 0.54325736 -0.65935826 0.5197289
 outer loop
  vertex 0.5913092 -0.639038 0.4919202
  vertex 0.49400032 -0.67441326 0.5487552
  vertex 0.5501366 -0.6903531 0.4698554
 endloop
endfacet
facet normal 0.6890369 -0.26236215 -0.67556965
 outer loop
  vertex 0.6909477 -0.20057663 -0.69452155
  vertex 0.73324305 -0.2595639 -0.62847495
  vertex 0.68189156 -0.32356533 -0.6559947
 endloop
endfacet
facet normal 0.68903714 -0.2623621 -0.6755693
 outer loop
  vertex 0.6909477 -0.20057663 -0.69452155
  vertex 0.68189156 -0.32356533 -0.6559947
  vertex 0.6425339 -0.26091683 -0.720467
 endloop
endfacet
facet normal 0.59886366 -0.6694775 0.43950227
 outer loop
  vertex 0.64598465 -0.6435466 0.41055197
  vertex 0.5913092 -0.639038 0.4919202
  vertex 0.5501366 -0.6903531 0.4698554
 endloop
endfacet
facet normal 0.59886354 -0.6694781 0.43950152
 outer loop
  vertex 0.64598465 -0.6435466 0.41055197
  vertex 0.5501366 -0.6903531 0.4698554
  vertex 0.6009747 -0.69964427 0.38643068
 endloop
endfacet
facet normal 0.64494914 -0.20036198 -0.7374929
 outer loop
  vertex 0.6419979 -0.1396576 -0.7538794
  vertex 0.6909477 -0.20057663 -0.69452155
  vertex 0.6425339 -0.26091683 -0.720467
 endloop
endfacet
facet normal 0.6449489 -0.20036204 -0.73749304
 outer loop
  vertex 0.6419979 -0.1396576 -0.7538794
  vertex 0.6425339 -0.26091683 -0.720467
  vertex 0.5969879 -0.19575532 -0.7780007
 endloop
endfacet
facet normal 0.64868915 -0.6731496 0.35506624
 outer loop
  vertex 0.6944391 -0.64185774 0.32522973
  vertex 0.64598465 -0.6435466 0.41055197
  vertex 0.6009747 -0.69964427 0.38643068
 endloop
endfacet
facet normal 0.6486892 -0.6731493 0.3550667
 outer loop
  vertex 0.6944391 -0.64185774 0.32522973
  vertex 0.6009747 -0.69964427 0.38643068
  vertex 0.6460253 -0.70219785 0.29928425
 endloop
endfacet
facet normal 0.5946454 -0.1364221 -0.79232943
 outer loop
  vertex 0.5868653 -0.077393845 -0.80597705
  vertex 0.6419979 -0.1396576 -0.7538794
  vertex 0.5969879 -0.19575532 -0.7780007
 endloop
endfacet
facet normal 0.59464574 -0.13642196 -0.79232913
 outer loop
  vertex 0.5868653 -0.077393845 -0.80597705
  vertex 0.5969879 -0.19575532 -0.7780007
  vertex 0.54569274 -0.12870891 -0.82804185
 endloop
endfacet
facet normal 0.69226515 -0.6703423 0.26722696
 outer loop
  vertex 0.7362055 -0.633987 0.23677556
  vertex 0.6944391 -0.64185774 0.32522973
  vertex 0.6460253 -0.70219785 0.29928425
 endloop
endfacet
facet normal 0.69226515 -0.67034227 0.26722708
 outer loop
  vertex 0.7362055 -0.633987 0.23677556
  vertex 0.6460253 -0.70219785 0.29928425
  vertex 0.68485403 -0.69798845 0.2092558
 endloop
endfacet
facet normal 0.5386033 -0.07115213 -0.8395498
 outer loop
  vertex 0.52608097 -0.014384465 -0.8503126
  vertex 0.5868653 -0.077393845 -0.80597705
  vertex 0.54569274 -0.12870891 -0.82804185
 endloop
endfacet
facet normal 0.53860366 -0.07115203 -0.8395496
 outer loop
  vertex 0.52608097 -0.014384465 -0.8503126
  vertex 0.54569274 -0.12870891 -0.82804185
  vertex 0.4891423 -0.060422704 -0.8701084
 endloop
endfacet
facet normal 0.7291697 -0.6610885 0.17684281
 outer loop
  vertex 0.77088207 -0.6200111 0.1460409
  vertex 0.7362055 -0.633987 0.23677556
  vertex 0.68485403 -0.69798845 0.2092558
 endloop
endfacet
facet normal 0.72916955 -0.66108894 0.17684215
 outer loop
  vertex 0.77088207 -0.6200111 0.1460409
  vertex 0.68485403 -0.69798845 0.2092558
  vertex 0.71708745 -0.68705744 0.11721184
 endloop
endfacet
facet normal 0.47736043 -0.0051828534 -0.8786923
 outer loop
  vertex 0.46023032 0.04876329 -0.88645923
  vertex 0.52608097 -0.014384465 -0.8503126
  vertex 0.4891423 -0.060422704 -0.8701084
 endloop
endfacet
facet normal 0.4773601 -0.0051829424 -0.87869245
 outer loop
  vertex 0.46023032 0.04876329 -0.88645923
  vertex 0.4891423 -0.060422704 -0.8701084
  vertex 0.42788127 0.008445276 -0.9037954
 endloop
endfacet
facet normal 0.7353574 -0.664979 -0.13058524
 outer loop
  vertex 0.7714451 -0.6153017 -0.16210112
  vertex 0.7605925 -0.64551395 -0.06936496
  vertex 0.69616544 -0.7112195 -0.09757737
 endloop
endfacet
facet normal 0.7353577 -0.66497886 -0.13058466
 outer loop
  vertex 0.7714451 -0.6153017 -0.16210112
  vertex 0.69616544 -0.7112195 -0.09757737
  vertex 0.70607215 -0.68197197 -0.19072774
 endloop
endfacet
facet normal 0.11224575 -0.48294476 0.8684269
 outer loop
  vertex 0.15425141 -0.50250155 0.850706
  vertex 0.0790776 -0.45199898 0.88850754
  vertex 0.07263892 -0.4585654 0.88568807
 endloop
endfacet
facet normal 0.11224739 -0.4829428 0.8684278
 outer loop
  vertex 0.15425141 -0.50250155 0.850706
  vertex 0.07263892 -0.4585654 0.88568807
  vertex 0.14143609 -0.51557124 0.8450942
 endloop
endfacet
facet normal 0.24759294 0.16700631 -0.95436186
 outer loop
  vertex 0.22192557 0.21191843 -0.9517559
  vertex 0.2936261 0.14527488 -0.9448165
  vertex 0.26848793 0.11963783 -0.9558245
 endloop
endfacet
facet normal 0.24759224 0.16700596 -0.9543621
 outer loop
  vertex 0.22192557 0.21191843 -0.9517559
  vertex 0.26848793 0.11963783 -0.9558245
  vertex 0.202857 0.19247143 -0.96010596
 endloop
endfacet
facet normal 0.7421803 -0.63212454 -0.22268152
 outer loop
  vertex 0.7748683 -0.57916385 -0.25327617
  vertex 0.7714451 -0.6153017 -0.16210112
  vertex 0.70607215 -0.68197197 -0.19072774
 endloop
endfacet
facet normal 0.7421803 -0.63212454 -0.22268154
 outer loop
  vertex 0.7748683 -0.57916385 -0.25327617
  vertex 0.70607215 -0.68197197 -0.19072774
  vertex 0.7091791 -0.6461566 -0.2820413
 endloop
endfacet
facet normal 0.18376844 -0.53442377 0.8249972
 outer loop
  vertex 0.22793944 -0.5481648 0.8047118
  vertex 0.15425141 -0.50250155 0.850706
  vertex 0.14143609 -0.51557124 0.8450942
 endloop
endfacet
facet normal 0.18376733 -0.5344256 0.8249963
 outer loop
  vertex 0.22793944 -0.5481648 0.8047118
  vertex 0.14143609 -0.51557124 0.8450942
  vertex 0.20887087 -0.56761175 0.79636174
 endloop
endfacet
facet normal 0.1776714 0.23600006 -0.95537263
 outer loop
  vertex 0.14808762 0.27652133 -0.9495291
  vertex 0.22192557 0.21191843 -0.9517559
  vertex 0.202857 0.19247143 -0.96010596
 endloop
endfacet
facet normal 0.17767057 0.23599957 -0.9553729
 outer loop
  vertex 0.14808762 0.27652133 -0.9495291
  vertex 0.202857 0.19247143 -0.96010596
  vertex 0.1352723 0.26345167 -0.9551409
 endloop
endfacet
facet normal 0.74187225 -0.5931974 -0.31263772
 outer loop
  vertex 0.77082914 -0.5374482 -0.34201193
  vertex 0.7748683 -0.57916385 -0.25327617
  vertex 0.7091791 -0.6461566 -0.2820413
 endloop
endfacet
facet normal 0.741872 -0.5931975 -0.31263816
 outer loop
  vertex 0.77082914 -0.5374482 -0.34201193
  vertex 0.7091791 -0.6461566 -0.2820413
  vertex 0.7054562 -0.6041184 -0.37063855
 endloop
endfacet
facet normal 0.2535085 -0.5807448 0.7736077
 outer loop
  vertex 0.29943222 -0.5885487 0.7509678
  vertex 0.22793944 -0.5481648 0.8047118
  vertex 0.20887087 -0.56761175 0.79636174
 endloop
endfacet
facet normal 0.25350836 -0.58074504 0.77360755
 outer loop
  vertex 0.29943222 -0.5885487 0.7509678
  vertex 0.20887087 -0.56761175 0.79636174
  vertex 0.27429405 -0.61418575 0.73995984
 endloop
endfacet
facet normal 0.10602801 0.30272266 -0.9471626
 outer loop
  vertex 0.07282329 0.33846122 -0.9381578
  vertex 0.14808762 0.27652133 -0.9495291
  vertex 0.1352723 0.26345167 -0.9551409
 endloop
endfacet
facet normal 0.10602861 0.3027231 -0.94716245
 outer loop
  vertex 0.07282329 0.33846122 -0.9381578
  vertex 0.1352723 0.26345167 -0.9551409
  vertex 0.06638462 0.33189476 -0.9409773
 endloop
endfacet
facet normal 0.7344363 -0.54857063 -0.39959168
 outer loop
  vertex 0.75936645 -0.49055666 -0.42745402
  vertex 0.77082914 -0.5374482 -0.34201193
  vertex 0.7054562 -0.6041184 -0.37063855
 endloop
endfacet
facet normal 0.7344363 -0.5485707 -0.39959192
 outer loop
  vertex 0.75936645 -0.49055666 -0.42745402
  vertex 0.7054562 -0.6041184 -0.37063855
  vertex 0.6949394 -0.5562622 -0.45566642
 endloop
endfacet
facet normal 0.32079104 -0.621453 0.71476525
 outer loop
  vertex 0.36804157 -0.6232648 0.6899916
  vertex 0.29943222 -0.5885487 0.7509678
  vertex 0.27429405 -0.61418575 0.73995984
 endloop
endfacet
facet normal 0.32079083 -0.6214534 0.7147649
 outer loop
  vertex 0.36804157 -0.6232648 0.6899916
  vertex 0.27429405 -0.61418575 0.73995984
  vertex 0.3370759 -0.65484494 0.6764318
 endloop
endfacet
facet normal 0.7199431 -0.49867013 -0.4827111
 outer loop
  vertex 0.7405907 -0.43894088 -0.5087795
  vertex 0.75936645 -0.49055666 -0.42745402
  vertex 0.6949394 -0.5562622 -0.45566642
 endloop
endfacet
facet normal 0.7199439 -0.49867 -0.48271018
 outer loop
  vertex 0.7405907 -0.43894088 -0.5087795
  vertex 0.6949394 -0.5562622 -0.45566642
  vertex 0.67773 -0.503049 -0.5363061
 endloop
endfacet
facet normal 0.38496897 -0.65616137 0.6490387
 outer loop
  vertex 0.4331067 -0.6519785 0.62237024
  vertex 0.36804157 -0.6232648 0.6899916
  vertex 0.3370759 -0.65484494 0.6764318
 endloop
endfacet
facet normal 0.38496917 -0.65616083 0.64903915
 outer loop
  vertex 0.4331067 -0.6519785 0.62237024
  vertex 0.3370759 -0.65484494 0.6764318
  vertex 0.3966117 -0.6891977 0.60638916
 endloop
endfacet
facet normal 0.69852954 -0.44397002 -0.5612016
 outer loop
  vertex 0.7146826 -0.38309795 -0.58520514
  vertex 0.7405907 -0.43894088 -0.5087795
  vertex 0.67773 -0.503049 -0.5363061
 endloop
endfacet
facet normal 0.69852847 -0.44397014 -0.56120276
 outer loop
  vertex 0.7146826 -0.38309795 -0.58520514
  vertex 0.67773 -0.503049 -0.5363061
  vertex 0.65399355 -0.44499123 -0.61178064
 endloop
endfacet
facet normal 0.44542375 -0.6845363 0.57706815
 outer loop
  vertex 0.49400032 -0.67441326 0.5487552
  vertex 0.4331067 -0.6519785 0.62237024
  vertex 0.3966117 -0.6891977 0.60638916
 endloop
endfacet
facet normal 0.44542378 -0.6845362 0.57706827
 outer loop
  vertex 0.49400032 -0.67441326 0.5487552
  vertex 0.3966117 -0.6891977 0.60638916
  vertex 0.45232746 -0.71691304 0.53050685
 endloop
endfacet
facet normal 0.6703952 -0.38499337 -0.6343109
 outer loop
  vertex 0.68189156 -0.32356533 -0.6559947
  vertex 0.7146826 -0.38309795 -0.58520514
  vertex 0.65399355 -0.44499123 -0.61178064
 endloop
endfacet
facet normal 0.6703963 -0.38499323 -0.6343098
 outer loop
  vertex 0.68189156 -0.32356533 -0.6559947
  vertex 0.65399355 -0.44499123 -0.61178064
  vertex 0.6239588 -0.38264772 -0.68136334
 endloop
endfacet
facet normal 0.50157094 -0.7063085 0.4995547
 outer loop
  vertex 0.5501366 -0.6903531 0.4698554
  vertex 0.49400032 -0.67441326 0.5487552
  vertex 0.45232746 -0.71691304 0.53050685
 endloop
endfacet
facet normal 0.5015713 -0.7063077 0.49955553
 outer loop
  vertex 0.5501366 -0.6903531 0.4698554
  vertex 0.45232746 -0.71691304 0.53050685
  vertex 0.5036873 -0.73772424 0.44951537
 endloop
endfacet
facet normal 0.63581294 -0.322307 -0.7013274
 outer loop
  vertex 0.6425339 -0.26091683 -0.720467
  vertex 0.68189156 -0.32356533 -0.6559947
  vertex 0.6239588 -0.38264772 -0.68136334
 endloop
endfacet
facet normal 0.63581306 -0.322307 -0.7013273
 outer loop
  vertex 0.6425339 -0.26091683 -0.720467
  vertex 0.6239588 -0.38264772 -0.68136334
  vertex 0.5879153 -0.31661934 -0.74438435
 endloop
endfacet
facet normal 0.5528762 -0.7212724 0.4172458
 outer loop
  vertex 0.6009747 -0.69964427 0.38643068
  vertex 0.5501366 -0.6903531 0.4698554
  vertex 0.5036873 -0.73772424 0.44951537
 endloop
endfacet
facet normal 0.5528759 -0.7212732 0.41724488
 outer loop
  vertex 0.6009747 -0.69964427 0.38643068
  vertex 0.5036873 -0.73772424 0.44951537
  vertex 0.55019623 -0.7514304 0.3641949
 endloop
endfacet
facet normal 0.59510285 -0.2565023 -0.76161623
 outer loop
  vertex 0.5969879 -0.19575532 -0.7780007
  vertex 0.6425339 -0.26091683 -0.720467
  vertex 0.5879153 -0.31661934 -0.74438435
 endloop
endfacet
facet normal 0.5951023 -0.25650236 -0.7616165
 outer loop
  vertex 0.5969879 -0.19575532 -0.7780007
  vertex 0.5879153 -0.31661934 -0.74438435
  vertex 0.54620945 -0.24754141 -0.80023646
 endloop
endfacet
facet normal 0.5988428 -0.7292899 0.33094347
 outer loop
  vertex 0.6460253 -0.70219785 0.29928425
  vertex 0.6009747 -0.69964427 0.38643068
  vertex 0.55019623 -0.7514304 0.3641949
 endloop
endfacet
facet normal 0.598843 -0.7292896 0.33094385
 outer loop
  vertex 0.6460253 -0.70219785 0.29928425
  vertex 0.55019623 -0.7514304 0.3641949
  vertex 0.5914067 -0.75790036 0.2753669
 endloop
endfacet
facet normal 0.54865736 -0.18821757 -0.81458527
 outer loop
  vertex 0.54569274 -0.12870891 -0.82804185
  vertex 0.5969879 -0.19575532 -0.7780007
  vertex 0.54620945 -0.24754141 -0.80023646
 endloop
endfacet
facet normal 0.5486577 -0.1882175 -0.8145851
 outer loop
  vertex 0.54569274 -0.12870891 -0.82804185
  vertex 0.54620945 -0.24754141 -0.80023646
  vertex 0.49924347 -0.17608 -0.8483819
 endloop
endfacet
facet normal 0.639041 -0.73028713 0.24146901
 outer loop
  vertex 0.68485403 -0.69798845 0.2092558
  vertex 0.6460253 -0.70219785 0.29928425
  vertex 0.5914067 -0.75790036 0.2753669
 endloop
endfacet
facet normal 0.63904107 -0.73028696 0.24146925
 outer loop
  vertex 0.68485403 -0.69798845 0.2092558
  vertex 0.5914067 -0.75790036 0.2753669
  vertex 0.62692136 -0.75707084 0.1838872
 endloop
endfacet
facet normal 0.49691713 -0.118102275 -0.85972387
 outer loop
  vertex 0.4891423 -0.060422704 -0.8701084
  vertex 0.54569274 -0.12870891 -0.82804185
  vertex 0.49924347 -0.17608 -0.8483819
 endloop
endfacet
facet normal 0.49691603 -0.11810248 -0.8597245
 outer loop
  vertex 0.4891423 -0.060422704 -0.8701084
  vertex 0.49924347 -0.17608 -0.8483819
  vertex 0.44746944 -0.102922484 -0.8883568
 endloop
endfacet
facet normal 0.6730809 -0.72426 0.14969806
 outer loop
  vertex 0.71708745 -0.68705744 0.11721184
  vertex 0.68485403 -0.69798845 0.2092558
  vertex 0.62692136 -0.75707084 0.1838872
 endloop
endfacet
facet normal 0.67308056 -0.72426045 0.14969718
 outer loop
  vertex 0.71708745 -0.68705744 0.11721184
  vertex 0.62692136 -0.75707084 0.1838872
  vertex 0.6563984 -0.7489508 0.090636276
 endloop
endfacet
facet normal 0.44037774 -0.04683507 -0.8965902
 outer loop
  vertex 0.42788127 0.008445276 -0.9037954
  vertex 0.4891423 -0.060422704 -0.8701084
  vertex 0.44746944 -0.102922484 -0.8883568
 endloop
endfacet
facet normal 0.4403788 -0.046834808 -0.8965897
 outer loop
  vertex 0.42788127 0.008445276 -0.9037954
  vertex 0.44746944 -0.102922484 -0.8883568
  vertex 0.39138627 -0.02877395 -0.9197765
 endloop
endfacet
facet normal 0.7006437 -0.7112708 0.056500744
 outer loop
  vertex 0.742415 -0.6695096 0.024039116
  vertex 0.71708745 -0.68705744 0.11721184
  vertex 0.6563984 -0.7489508 0.090636276
 endloop
endfacet
facet normal 0.7006439 -0.7112705 0.05650127
 outer loop
  vertex 0.742415 -0.6695096 0.024039116
  vertex 0.6563984 -0.7489508 0.090636276
  vertex 0.67955434 -0.7336177 -0.0034874126
 endloop
endfacet
facet normal 0.37958062 0.024903255 -0.9248234
 outer loop
  vertex 0.36249924 0.07723187 -0.9287783
  vertex 0.42788127 0.008445276 -0.9037954
  vertex 0.39138627 -0.02877395 -0.9197765
 endloop
endfacet
facet normal 0.3795807 0.024903268 -0.9248234
 outer loop
  vertex 0.36249924 0.07723187 -0.9287783
  vertex 0.39138627 -0.02877395 -0.9197765
  vertex 0.33153352 0.04565166 -0.9423381
 endloop
endfacet
facet normal 0.72146887 -0.69144547 -0.037227158
 outer loop
  vertex 0.7605925 -0.64551395 -0.06936496
  vertex 0.742415 -0.6695096 0.024039116
  vertex 0.67955434 -0.7336177 -0.0034874126
 endloop
endfacet
facet normal 0.7214685 -0.69144577 -0.03722798
 outer loop
  vertex 0.7605925 -0.64551395 -0.06936496
  vertex 0.67955434 -0.7336177 -0.0034874126
  vertex 0.69616544 -0.7112195 -0.09757737
 endloop
endfacet
facet normal 0.31511152 0.096414044 -0.9441446
 outer loop
  vertex 0.2936261 0.14527488 -0.9448165
  vertex 0.36249924 0.07723187 -0.9287783
  vertex 0.33153352 0.04565166 -0.9423381
 endloop
endfacet
facet normal 0.31511188 0.09641417 -0.9441445
 outer loop
  vertex 0.2936261 0.14527488 -0.9448165
  vertex 0.33153352 0.04565166 -0.9423381
  vertex 0.26848793 0.11963783 -0.9558245
 endloop
endfacet
facet normal 0.67276746 -0.6570792 -0.34004536
 outer loop
  vertex 0.7054562 -0.6041184 -0.37063855
  vertex 0.7091791 -0.6461566 -0.2820413
  vertex 0.63666004 -0.7069265 -0.30809024
 endloop
endfacet
facet normal 0.67276746 -0.6570792 -0.34004533
 outer loop
  vertex 0.7054562 -0.6041184 -0.37063855
  vertex 0.63666004 -0.7069265 -0.30809024
  vertex 0.63328636 -0.66459566 -0.39656207
 endloop
endfacet
facet normal 0.23017462 -0.60231525 0.76435333
 outer loop
  vertex 0.27429405 -0.61418575 0.73995984
  vertex 0.20887087 -0.56761175 0.79636174
  vertex 0.1878197 -0.58525234 0.7888001
 endloop
endfacet
facet normal 0.23017478 -0.602315 0.76435345
 outer loop
  vertex 0.27429405 -0.61418575 0.73995984
  vertex 0.1878197 -0.58525234 0.7888001
  vertex 0.24654225 -0.63744134 0.7299914
 endloop
endfacet
facet normal 0.095864706 0.29332742 -0.9511935
 outer loop
  vertex 0.06638462 0.33189476 -0.9409773
  vertex 0.1352723 0.26345167 -0.9551409
  vertex 0.12112452 0.251596 -0.9602228
 endloop
endfacet
facet normal 0.09586863 0.29332986 -0.9511923
 outer loop
  vertex 0.06638462 0.33189476 -0.9409773
  vertex 0.12112452 0.251596 -0.9602228
  vertex 0.059276506 0.32593825 -0.94353056
 endloop
endfacet
facet normal 0.66599566 -0.61183846 -0.42673567
 outer loop
  vertex 0.6949394 -0.5562622 -0.45566642
  vertex 0.7054562 -0.6041184 -0.37063855
  vertex 0.63328636 -0.66459566 -0.39656207
 endloop
endfacet
facet normal 0.6659967 -0.61183834 -0.42673448
 outer loop
  vertex 0.6949394 -0.5562622 -0.45566642
  vertex 0.63328636 -0.66459566 -0.39656207
  vertex 0.6238138 -0.6158645 -0.48121488
 endloop
endfacet
facet normal 0.29118055 -0.6488258 0.70302135
 outer loop
  vertex 0.3370759 -0.65484494 0.6764318
  vertex 0.27429405 -0.61418575 0.73995984
  vertex 0.24654225 -0.63744134 0.7299914
 endloop
endfacet
facet normal 0.2911811 -0.6488249 0.70302194
 outer loop
  vertex 0.3370759 -0.65484494 0.6764318
  vertex 0.24654225 -0.63744134 0.7299914
  vertex 0.30289066 -0.68349177 0.6641524
 endloop
endfacet
facet normal 0.65282524 -0.56071603 -0.50932974
 outer loop
  vertex 0.67773 -0.503049 -0.5363061
  vertex 0.6949394 -0.5562622 -0.45566642
  vertex 0.6238138 -0.6158645 -0.48121488
 endloop
endfacet
facet normal 0.6528251 -0.560716 -0.5093299
 outer loop
  vertex 0.67773 -0.503049 -0.5363061
  vertex 0.6238138 -0.6158645 -0.48121488
  vertex 0.60833365 -0.5612023 -0.5612334
 endloop
endfacet
facet normal 0.34936884 -0.68907046 0.63491976
 outer loop
  vertex 0.3966117 -0.6891977 0.60638916
  vertex 0.3370759 -0.65484494 0.6764318
  vertex 0.30289066 -0.68349177 0.6641524
 endloop
endfacet
facet normal 0.3493684 -0.68907124 0.63491917
 outer loop
  vertex 0.3966117 -0.6891977 0.60638916
  vertex 0.30289066 -0.68349177 0.6641524
  vertex 0.35632226 -0.7229597 0.59191716
 endloop
endfacet
facet normal 0.63337743 -0.50419724 -0.5870418
 outer loop
  vertex 0.65399355 -0.44499123 -0.61178064
  vertex 0.67773 -0.503049 -0.5363061
  vertex 0.60833365 -0.5612023 -0.5612334
 endloop
endfacet
facet normal 0.6333774 -0.5041973 -0.587042
 outer loop
  vertex 0.65399355 -0.44499123 -0.61178064
  vertex 0.60833365 -0.5612023 -0.5612334
  vertex 0.5869947 -0.5011354 -0.63584673
 endloop
endfacet
facet normal 0.40417656 -0.7226661 0.5607095
 outer loop
  vertex 0.45232746 -0.71691304 0.53050685
  vertex 0.3966117 -0.6891977 0.60638916
  vertex 0.35632226 -0.7229597 0.59191716
 endloop
endfacet
facet normal 0.40417635 -0.7226664 0.5607091
 outer loop
  vertex 0.45232746 -0.71691304 0.53050685
  vertex 0.35632226 -0.7229597 0.59191716
  vertex 0.40632188 -0.7554651 0.5139815
 endloop
endfacet
facet normal 0.60783786 -0.4428236 -0.659121
 outer loop
  vertex 0.6239588 -0.38264772 -0.68136334
  vertex 0.65399355 -0.44499123 -0.61178064
  vertex 0.5869947 -0.5011354 -0.63584673
 endloop
endfacet
facet normal 0.60783684 -0.4428236 -0.6591218
 outer loop
  vertex 0.6239588 -0.38264772 -0.68136334
  vertex 0.5869947 -0.5011354 -0.63584673
  vertex 0.56000274 -0.436242 -0.7043364
 endloop
endfacet
facet normal 0.455076 -0.7492889 0.4811153
 outer loop
  vertex 0.5036873 -0.73772424 0.44951537
  vertex 0.45232746 -0.71691304 0.53050685
  vertex 0.40632188 -0.7554651 0.5139815
 endloop
endfacet
facet normal 0.4550759 -0.7492891 0.48111513
 outer loop
  vertex 0.5036873 -0.73772424 0.44951537
  vertex 0.40632188 -0.7554651 0.5139815
  vertex 0.45240855 -0.7806951 0.431096
 endloop
endfacet
facet normal 0.5764491 -0.37718412 -0.72487134
 outer loop
  vertex 0.5879153 -0.31661934 -0.74438435
  vertex 0.6239588 -0.38264772 -0.68136334
  vertex 0.56000274 -0.436242 -0.7043364
 endloop
endfacet
facet normal 0.57644963 -0.37718412 -0.724871
 outer loop
  vertex 0.5879153 -0.31661934 -0.74438435
  vertex 0.56000274 -0.436242 -0.7043364
  vertex 0.52761793 -0.36714768 -0.76604325
 endloop
endfacet
facet normal 0.5015828 -0.7686896 0.39690173
 outer loop
  vertex 0.55019623 -0.7514304 0.3641949
  vertex 0.5036873 -0.73772424 0.44951537
  vertex 0.45240855 -0.7806951 0.431096
 endloop
endfacet
facet normal 0.5015834 -0.76868856 0.396903
 outer loop
  vertex 0.55019623 -0.7514304 0.3641949
  vertex 0.45240855 -0.7806951 0.431096
  vertex 0.4941383 -0.79840624 0.3440588
 endloop
endfacet
facet normal 0.53950655 -0.30789617 -0.78366613
 outer loop
  vertex 0.54620945 -0.24754141 -0.80023646
  vertex 0.5879153 -0.31661934 -0.74438435
  vertex 0.52761793 -0.36714768 -0.76604325
 endloop
endfacet
facet normal 0.539507 -0.3078962 -0.7836659
 outer loop
  vertex 0.54620945 -0.24754141 -0.80023646
  vertex 0.52761793 -0.36714768 -0.76604325
  vertex 0.49015146 -0.29451728 -0.8203726
 endloop
endfacet
facet normal 0.5432475 -0.7806832 0.30889452
 outer loop
  vertex 0.5914067 -0.75790036 0.2753669
  vertex 0.55019623 -0.7514304 0.3641949
  vertex 0.4941383 -0.79840624 0.3440588
 endloop
endfacet
facet normal 0.5432474 -0.7806834 0.30889422
 outer loop
  vertex 0.5914067 -0.75790036 0.2753669
  vertex 0.4941383 -0.79840624 0.3440588
  vertex 0.53110933 -0.80842876 0.25370803
 endloop
endfacet
facet normal 0.49736524 -0.2356335 -0.834928
 outer loop
  vertex 0.49924347 -0.17608 -0.8483819
  vertex 0.54620945 -0.24754141 -0.80023646
  vertex 0.49015146 -0.29451728 -0.8203726
 endloop
endfacet
facet normal 0.49736482 -0.23563352 -0.83492815
 outer loop
  vertex 0.49924347 -0.17608 -0.8483819
  vertex 0.49015146 -0.29451728 -0.8203726
  vertex 0.44796473 -0.21905087 -0.86680126
 endloop
endfacet
facet normal 0.57967794 -0.7851637 0.21792541
 outer loop
  vertex 0.62692136 -0.75707084 0.1838872
  vertex 0.5914067 -0.75790036 0.2753669
  vertex 0.53110933 -0.80842876 0.25370803
 endloop
endfacet
facet normal 0.57967794 -0.78516376 0.21792535
 outer loop
  vertex 0.62692136 -0.75707084 0.1838872
  vertex 0.53110933 -0.80842876 0.25370803
  vertex 0.5629653 -0.8106652 0.16091412
 endloop
endfacet
facet normal 0.45042226 -0.16108224 -0.8781642
 outer loop
  vertex 0.44746944 -0.102922484 -0.8883568
  vertex 0.49924347 -0.17608 -0.8483819
  vertex 0.44796473 -0.21905087 -0.86680126
 endloop
endfacet
facet normal 0.45042348 -0.16108209 -0.87816364
 outer loop
  vertex 0.44746944 -0.102922484 -0.8883568
  vertex 0.44796473 -0.21905087 -0.86680126
  vertex 0.40146387 -0.14147456 -0.90488213
 endloop
endfacet
facet normal 0.6105224 -0.78209066 0.12488648
 outer loop
  vertex 0.6563984 -0.7489508 0.090636276
  vertex 0.62692136 -0.75707084 0.1838872
  vertex 0.5629653 -0.8106652 0.16091412
 endloop
endfacet
facet normal 0.6105222 -0.7820908 0.12488626
 outer loop
  vertex 0.6563984 -0.7489508 0.090636276
  vertex 0.5629653 -0.8106652 0.16091412
  vertex 0.5893996 -0.8050949 0.066570245
 endloop
endfacet
facet normal 0.39913225 -0.08496399 -0.91294825
 outer loop
  vertex 0.39138627 -0.02877395 -0.9197765
  vertex 0.44746944 -0.102922484 -0.8883568
  vertex 0.40146387 -0.14147456 -0.90488213
 endloop
endfacet
facet normal 0.39913103 -0.084964156 -0.9129488
 outer loop
  vertex 0.39138627 -0.02877395 -0.9197765
  vertex 0.40146387 -0.14147456 -0.90488213
  vertex 0.35109684 -0.06253596 -0.9342485
 endloop
endfacet
facet normal 0.6354918 -0.7714986 0.030661456
 outer loop
  vertex 0.67955434 -0.7336177 -0.0034874126
  vertex 0.6563984 -0.7489508 0.090636276
  vertex 0.5893996 -0.8050949 0.066570245
 endloop
endfacet
facet normal 0.63549197 -0.7714984 0.030661914
 outer loop
  vertex 0.67955434 -0.7336177 -0.0034874126
  vertex 0.5893996 -0.8050949 0.066570245
  vertex 0.61015797 -0.791771 -0.0284147
 endloop
endfacet
facet normal 0.3439794 -0.008007367 -0.938943
 outer loop
  vertex 0.33153352 0.04565166 -0.9423381
  vertex 0.39138627 -0.02877395 -0.9197765
  vertex 0.35109684 -0.06253596 -0.9342485
 endloop
endfacet
facet normal 0.34397984 -0.008007273 -0.93894285
 outer loop
  vertex 0.33153352 0.04565166 -0.9423381
  vertex 0.35109684 -0.06253596 -0.9342485
  vertex 0.2973483 0.01700489 -0.9546175
 endloop
endfacet
facet normal 0.6543503 -0.75349146 -0.06384741
 outer loop
  vertex 0.69616544 -0.7112195 -0.09757737
  vertex 0.67955434 -0.7336177 -0.0034874126
  vertex 0.61015797 -0.791771 -0.0284147
 endloop
endfacet
facet normal 0.6543503 -0.7534914 -0.063847296
 outer loop
  vertex 0.69616544 -0.7112195 -0.09757737
  vertex 0.61015797 -0.791771 -0.0284147
  vertex 0.6250399 -0.7708218 -0.12312583
 endloop
endfacet
facet normal 0.285501 0.06904128 -0.9558884
 outer loop
  vertex 0.26848793 0.11963783 -0.9558245
  vertex 0.33153352 0.04565166 -0.9423381
  vertex 0.2973483 0.01700489 -0.9546175
 endloop
endfacet
facet normal 0.28550008 0.06904103 -0.95588857
 outer loop
  vertex 0.26848793 0.11963783 -0.9558245
  vertex 0.2973483 0.01700489 -0.9546175
  vertex 0.24073613 0.096382186 -0.96579295
 endloop
endfacet
facet normal 0.6669175 -0.7282464 -0.15772824
 outer loop
  vertex 0.70607215 -0.68197197 -0.19072774
  vertex 0.69616544 -0.7112195 -0.09757737
  vertex 0.6250399 -0.7708218 -0.12312583
 endloop
endfacet
facet normal 0.6669168 -0.7282468 -0.1577297
 outer loop
  vertex 0.70607215 -0.68197197 -0.19072774
  vertex 0.6250399 -0.7708218 -0.12312583
  vertex 0.6339023 -0.7424492 -0.21665126
 endloop
endfacet
facet normal 0.10208306 -0.49233878 0.8643967
 outer loop
  vertex 0.14143609 -0.51557124 0.8450942
  vertex 0.07263892 -0.4585654 0.88568807
  vertex 0.065530814 -0.4645219 0.88313484
 endloop
endfacet
facet normal 0.10208247 -0.4923393 0.86439645
 outer loop
  vertex 0.14143609 -0.51557124 0.8450942
  vertex 0.065530814 -0.4645219 0.88313484
  vertex 0.12728831 -0.5274269 0.8400123
 endloop
endfacet
facet normal 0.22425835 0.14543559 -0.96361643
 outer loop
  vertex 0.202857 0.19247143 -0.96010596
  vertex 0.26848793 0.11963783 -0.9558245
  vertex 0.24073613 0.096382186 -0.96579295
 endloop
endfacet
facet normal 0.22425933 0.14543596 -0.96361613
 outer loop
  vertex 0.202857 0.19247143 -0.96010596
  vertex 0.24073613 0.096382186 -0.96579295
  vertex 0.18180582 0.17483082 -0.9676676
 endloop
endfacet
facet normal 0.67307544 -0.69600654 -0.2500889
 outer loop
  vertex 0.7091791 -0.6461566 -0.2820413
  vertex 0.70607215 -0.68197197 -0.19072774
  vertex 0.6339023 -0.7424492 -0.21665126
 endloop
endfacet
facet normal 0.6730755 -0.6960065 -0.25008884
 outer loop
  vertex 0.7091791 -0.6461566 -0.2820413
  vertex 0.6339023 -0.7424492 -0.21665126
  vertex 0.63666004 -0.7069265 -0.30809024
 endloop
endfacet
facet normal 0.16693759 -0.5499834 0.8183215
 outer loop
  vertex 0.20887087 -0.56761175 0.79636174
  vertex 0.14143609 -0.51557124 0.8450942
  vertex 0.12728831 -0.5274269 0.8400123
 endloop
endfacet
facet normal 0.16693683 -0.5499844 0.81832105
 outer loop
  vertex 0.20887087 -0.56761175 0.79636174
  vertex 0.12728831 -0.5274269 0.8400123
  vertex 0.1878197 -0.58525234 0.7888001
 endloop
endfacet
facet normal 0.16084148 0.22044241 -0.9620474
 outer loop
  vertex 0.1352723 0.26345167 -0.9551409
  vertex 0.202857 0.19247143 -0.96010596
  vertex 0.18180582 0.17483082 -0.9676676
 endloop
endfacet
facet normal 0.16084059 0.22044195 -0.9620476
 outer loop
  vertex 0.1352723 0.26345167 -0.9551409
  vertex 0.18180582 0.17483082 -0.9676676
  vertex 0.12112452 0.251596 -0.9602228
 endloop
endfacet
facet normal 0.579412 -0.61643386 -0.5331896
 outer loop
  vertex 0.60833365 -0.5612023 -0.5612334
  vertex 0.6238138 -0.6158645 -0.48121488
  vertex 0.5466747 -0.66878957 -0.5038532
 endloop
endfacet
facet normal 0.5794114 -0.6164338 -0.53319013
 outer loop
  vertex 0.60833365 -0.5612023 -0.5612334
  vertex 0.5466747 -0.66878957 -0.5038532
  vertex 0.5330699 -0.6128406 -0.58332133
 endloop
endfacet
facet normal 0.31042913 -0.71862483 0.6222637
 outer loop
  vertex 0.35632226 -0.7229597 0.59191716
  vertex 0.30289066 -0.68349177 0.6641524
  vertex 0.2658151 -0.70892924 0.6532717
 endloop
endfacet
facet normal 0.3104293 -0.7186246 0.6222639
 outer loop
  vertex 0.35632226 -0.7229597 0.59191716
  vertex 0.2658151 -0.70892924 0.6532717
  vertex 0.31262645 -0.75293934 0.5790936
 endloop
endfacet
facet normal 0.56211513 -0.55828273 -0.6102025
 outer loop
  vertex 0.5869947 -0.5011354 -0.63584673
  vertex 0.60833365 -0.5612023 -0.5612334
  vertex 0.5330699 -0.6128406 -0.58332133
 endloop
endfacet
facet normal 0.5621155 -0.55828273 -0.61020213
 outer loop
  vertex 0.5869947 -0.5011354 -0.63584673
  vertex 0.5330699 -0.6128406 -0.58332133
  vertex 0.5143313 -0.5509896 -0.6571716
 endloop
endfacet
facet normal 0.3590621 -0.75690633 0.54604685
 outer loop
  vertex 0.40632188 -0.7554651 0.5139815
  vertex 0.35632226 -0.7229597 0.59191716
  vertex 0.31262645 -0.75293934 0.5790936
 endloop
endfacet
facet normal 0.35906222 -0.75690615 0.54604703
 outer loop
  vertex 0.40632188 -0.7554651 0.5139815
  vertex 0.31262645 -0.75293934 0.5790936
  vertex 0.3564266 -0.7896982 0.4993386
 endloop
endfacet
facet normal 0.5394123 -0.49475506 -0.6813602
 outer loop
  vertex 0.56000274 -0.436242 -0.7043364
  vertex 0.5869947 -0.5011354 -0.63584673
  vertex 0.5143313 -0.5509896 -0.6571716
 endloop
endfacet
facet normal 0.53941256 -0.4947551 -0.68136
 outer loop
  vertex 0.56000274 -0.436242 -0.7043364
  vertex 0.5143313 -0.5509896 -0.6571716
  vertex 0.4906393 -0.48383215 -0.7246928
 endloop
endfacet
facet normal 0.4042227 -0.7878847 0.46458772
 outer loop
  vertex 0.45240855 -0.7806951 0.431096
  vertex 0.40632188 -0.7554651 0.5139815
  vertex 0.3564266 -0.7896982 0.4993386
 endloop
endfacet
facet normal 0.4042226 -0.78788483 0.46458754
 outer loop
  vertex 0.45240855 -0.7806951 0.431096
  vertex 0.3564266 -0.7896982 0.4993386
  vertex 0.39679435 -0.81885195 0.41477463
 endloop
endfacet
facet normal 0.51152 -0.42646322 -0.7459735
 outer loop
  vertex 0.52761793 -0.36714768 -0.76604325
  vertex 0.56000274 -0.436242 -0.7043364
  vertex 0.4906393 -0.48383215 -0.7246928
 endloop
endfacet
facet normal 0.5115197 -0.42646316 -0.7459737
 outer loop
  vertex 0.52761793 -0.36714768 -0.76604325
  vertex 0.4906393 -0.48383215 -0.7246928
  vertex 0.46222252 -0.41201538 -0.7852351
 endloop
endfacet
facet normal 0.44548085 -0.8112684 0.37866935
 outer loop
  vertex 0.4941383 -0.79840624 0.3440588
  vertex 0.45240855 -0.7806951 0.431096
  vertex 0.39679435 -0.81885195 0.41477463
 endloop
endfacet
facet normal 0.44548044 -0.8112689 0.37866858
 outer loop
  vertex 0.4941383 -0.79840624 0.3440588
  vertex 0.39679435 -0.81885195 0.41477463
  vertex 0.43334073 -0.8401193 0.32621634
 endloop
endfacet
facet normal 0.47869766 -0.35404822 -0.8034292
 outer loop
  vertex 0.49015146 -0.29451728 -0.8203726
  vertex 0.52761793 -0.36714768 -0.76604325
  vertex 0.46222252 -0.41201538 -0.7852351
 endloop
endfacet
facet normal 0.4786961 -0.35404813 -0.8034301
 outer loop
  vertex 0.49015146 -0.29451728 -0.8203726
  vertex 0.46222252 -0.41201538 -0.7852351
  vertex 0.4293539 -0.33623034 -0.838215
 endloop
endfacet
facet normal 0.48243767 -0.8268357 0.28913084
 outer loop
  vertex 0.53110933 -0.80842876 0.25370803
  vertex 0.4941383 -0.79840624 0.3440588
  vertex 0.43334073 -0.8401193 0.32621634
 endloop
endfacet
facet normal 0.48243785 -0.82683545 0.28913125
 outer loop
  vertex 0.53110933 -0.80842876 0.25370803
  vertex 0.43334073 -0.8401193 0.32621634
  vertex 0.46571392 -0.85329646 0.23451614
 endloop
endfacet
facet normal 0.44126138 -0.27821392 -0.853162
 outer loop
  vertex 0.44796473 -0.21905087 -0.86680126
  vertex 0.49015146 -0.29451728 -0.8203726
  vertex 0.4293539 -0.33623034 -0.838215
 endloop
endfacet
facet normal 0.44126365 -0.27821404 -0.85316086
 outer loop
  vertex 0.44796473 -0.21905087 -0.86680126
  vertex 0.4293539 -0.33623034 -0.838215
  vertex 0.39235052 -0.25720775 -0.8831226
 endloop
endfacet
facet normal 0.5147478 -0.83444333 0.19682269
 outer loop
  vertex 0.5629653 -0.8106652 0.16091412
  vertex 0.53110933 -0.80842876 0.25370803
  vertex 0.46571392 -0.85329646 0.23451614
 endloop
endfacet
facet normal 0.5147478 -0.83444315 0.19682284
 outer loop
  vertex 0.5629653 -0.8106652 0.16091412
  vertex 0.46571392 -0.85329646 0.23451614
  vertex 0.4936019 -0.8582553 0.1405577
 endloop
endfacet
facet normal 0.39956886 -0.19967875 -0.89469165
 outer loop
  vertex 0.40146387 -0.14147456 -0.90488213
  vertex 0.44796473 -0.21905087 -0.86680126
  vertex 0.39235052 -0.25720775 -0.8831226
 endloop
endfacet
facet normal 0.39956793 -0.19967875 -0.89469206
 outer loop
  vertex 0.40146387 -0.14147456 -0.90488213
  vertex 0.39235052 -0.25720775 -0.8831226
  vertex 0.35156858 -0.17570765 -0.9195251
 endloop
endfacet
facet normal 0.54209733 -0.83402264 0.10264804
 outer loop
  vertex 0.5893996 -0.8050949 0.066570245
  vertex 0.5629653 -0.8106652 0.16091412
  vertex 0.4936019 -0.8582553 0.1405577
 endloop
endfacet
facet normal 0.54209673 -0.8340233 0.10264679
 outer loop
  vertex 0.5893996 -0.8050949 0.066570245
  vertex 0.4936019 -0.8582553 0.1405577
  vertex 0.51673615 -0.85494906 0.045245405
 endloop
endfacet
facet normal 0.35401583 -0.11920479 -0.9276115
 outer loop
  vertex 0.35109684 -0.06253596 -0.9342485
  vertex 0.40146387 -0.14147456 -0.90488213
  vertex 0.35156858 -0.17570765 -0.9195251
 endloop
endfacet
facet normal 0.35401598 -0.1192048 -0.9276114
 outer loop
  vertex 0.35109684 -0.06253596 -0.9342485
  vertex 0.35156858 -0.17570765 -0.9195251
  vertex 0.30740103 -0.09251557 -0.9470721
 endloop
endfacet
facet normal 0.56422937 -0.825584 0.0075010927
 outer loop
  vertex 0.61015797 -0.791771 -0.0284147
  vertex 0.5893996 -0.8050949 0.066570245
  vertex 0.51673615 -0.85494906 0.045245405
 endloop
endfacet
facet normal 0.5642298 -0.8255837 0.007501898
 outer loop
  vertex 0.61015797 -0.791771 -0.0284147
  vertex 0.51673615 -0.85494906 0.045245405
  vertex 0.5348942 -0.8434093 -0.05050266
 endloop
endfacet
facet normal 0.30504003 -0.037561145 -0.95159847
 outer loop
  vertex 0.2973483 0.01700489 -0.9546175
  vertex 0.35109684 -0.06253596 -0.9342485
  vertex 0.30740103 -0.09251557 -0.9470721
 endloop
endfacet
facet normal 0.30504 -0.037561152 -0.9515985
 outer loop
  vertex 0.2973483 0.01700489 -0.9546175
  vertex 0.30740103 -0.09251557 -0.9470721
  vertex 0.26027274 -0.008432554 -0.9654982
 endloop
endfacet
facet normal 0.5809368 -0.80920947 -0.08770702
 outer loop
  vertex 0.6250399 -0.7708218 -0.12312583
  vertex 0.61015797 -0.791771 -0.0284147
  vertex 0.5348942 -0.8434093 -0.05050266
 endloop
endfacet
facet normal 0.5809372 -0.8092092 -0.08770626
 outer loop
  vertex 0.6250399 -0.7708218 -0.12312583
  vertex 0.5348942 -0.8434093 -0.05050266
  vertex 0.5479008 -0.82374686 -0.14576414
 endloop
endfacet
facet normal 0.25311315 0.04446063 -0.9664145
 outer loop
  vertex 0.24073613 0.096382186 -0.96579295
  vertex 0.2973483 0.01700489 -0.9546175
  vertex 0.26027274 -0.008432554 -0.9654982
 endloop
endfacet
facet normal 0.25311363 0.04446071 -0.9664144
 outer loop
  vertex 0.24073613 0.096382186 -0.96579295
  vertex 0.26027274 -0.008432554 -0.9654982
  vertex 0.21063794 0.07573192 -0.974626
 endloop
endfacet
facet normal 0.5920591 -0.7850609 -0.18205872
 outer loop
  vertex 0.6339023 -0.7424492 -0.21665126
  vertex 0.6250399 -0.7708218 -0.12312583
  vertex 0.5479008 -0.82374686 -0.14576414
 endloop
endfacet
facet normal 0.5920589 -0.78506094 -0.182059
 outer loop
  vertex 0.6339023 -0.7424492 -0.21665126
  vertex 0.5479008 -0.82374686 -0.14576414
  vertex 0.5556307 -0.7961513 -0.23962197
 endloop
endfacet
facet normal 0.09096532 -0.5007768 0.8607832
 outer loop
  vertex 0.12728831 -0.5274269 0.8400123
  vertex 0.065530814 -0.4645219 0.88313484
  vertex 0.057821725 -0.4698111 0.8808724
 endloop
endfacet
facet normal 0.090963826 -0.50077826 0.8607826
 outer loop
  vertex 0.12728831 -0.5274269 0.8400123
  vertex 0.057821725 -0.4698111 0.8808724
  vertex 0.11194436 -0.53795433 0.83550924
 endloop
endfacet
facet normal 0.19873765 0.12606594 -0.9719109
 outer loop
  vertex 0.18180582 0.17483082 -0.9676676
  vertex 0.24073613 0.096382186 -0.96579295
  vertex 0.21063794 0.07573192 -0.974626
 endloop
endfacet
facet normal 0.19873798 0.12606604 -0.9719107
 outer loop
  vertex 0.18180582 0.17483082 -0.9676676
  vertex 0.21063794 0.07573192 -0.974626
  vertex 0.15897481 0.15916649 -0.9743679
 endloop
endfacet
facet normal 0.5974913 -0.7533719 -0.27465406
 outer loop
  vertex 0.63666004 -0.7069265 -0.30809024
  vertex 0.6339023 -0.7424492 -0.21665126
  vertex 0.5556307 -0.7961513 -0.23962197
 endloop
endfacet
facet normal 0.59749126 -0.75337195 -0.27465415
 outer loop
  vertex 0.63666004 -0.7069265 -0.30809024
  vertex 0.5556307 -0.7961513 -0.23962197
  vertex 0.5580096 -0.76088846 -0.3311721
 endloop
endfacet
facet normal 0.14852743 -0.5639564 0.8123379
 outer loop
  vertex 0.1878197 -0.58525234 0.7888001
  vertex 0.12728831 -0.5274269 0.8400123
  vertex 0.11194436 -0.53795433 0.83550924
 endloop
endfacet
facet normal 0.14852946 -0.5639543 0.8123389
 outer loop
  vertex 0.1878197 -0.58525234 0.7888001
  vertex 0.11194436 -0.53795433 0.83550924
  vertex 0.16498871 -0.6009167 0.78209984
 endloop
endfacet
facet normal 0.14243306 0.2064714 -0.96803015
 outer loop
  vertex 0.12112452 0.251596 -0.9602228
  vertex 0.18180582 0.17483082 -0.9676676
  vertex 0.15897481 0.15916649 -0.9743679
 endloop
endfacet
facet normal 0.14243355 0.20647158 -0.96803004
 outer loop
  vertex 0.12112452 0.251596 -0.9602228
  vertex 0.15897481 0.15916649 -0.9743679
  vertex 0.10578057 0.24106857 -0.96472585
 endloop
endfacet
facet normal 0.5971832 -0.71444476 -0.3646106
 outer loop
  vertex 0.63328636 -0.66459566 -0.39656207
  vertex 0.63666004 -0.7069265 -0.30809024
  vertex 0.5580096 -0.76088846 -0.3311721
 endloop
endfacet
facet normal 0.59718364 -0.71444464 -0.36461002
 outer loop
  vertex 0.63328636 -0.66459566 -0.39656207
  vertex 0.5580096 -0.76088846 -0.3311721
  vertex 0.5550147 -0.7182978 -0.41953278
 endloop
endfacet
facet normal 0.20465441 -0.6216841 0.7560592
 outer loop
  vertex 0.24654225 -0.63744134 0.7299914
  vertex 0.1878197 -0.58525234 0.7888001
  vertex 0.16498871 -0.6009167 0.78209984
 endloop
endfacet
facet normal 0.20465292 -0.6216859 0.7560581
 outer loop
  vertex 0.24654225 -0.63744134 0.7299914
  vertex 0.16498871 -0.6009167 0.78209984
  vertex 0.21644406 -0.6580916 0.7211583
 endloop
endfacet
facet normal 0.08474949 0.2848908 -0.95480615
 outer loop
  vertex 0.059276506 0.32593825 -0.94353056
  vertex 0.12112452 0.251596 -0.9602228
  vertex 0.10578057 0.24106857 -0.96472585
 endloop
endfacet
facet normal 0.08474846 0.2848903 -0.9548063
 outer loop
  vertex 0.059276506 0.32593825 -0.94353056
  vertex 0.10578057 0.24106857 -0.96472585
  vertex 0.051567417 0.3206491 -0.945793
 endloop
endfacet
facet normal 0.5911381 -0.66865313 -0.45106384
 outer loop
  vertex 0.6238138 -0.6158645 -0.48121488
  vertex 0.63328636 -0.66459566 -0.39656207
  vertex 0.5550147 -0.7182978 -0.41953278
 endloop
endfacet
facet normal 0.591138 -0.6686532 -0.45106408
 outer loop
  vertex 0.6238138 -0.6158645 -0.48121488
  vertex 0.5550147 -0.7182978 -0.41953278
  vertex 0.5466747 -0.66878957 -0.5038532
 endloop
endfacet
facet normal 0.25879234 -0.6734066 0.6924954
 outer loop
  vertex 0.30289066 -0.68349177 0.6641524
  vertex 0.24654225 -0.63744134 0.7299914
  vertex 0.21644406 -0.6580916 0.7211583
 endloop
endfacet
facet normal 0.25879303 -0.67340577 0.6924961
 outer loop
  vertex 0.30289066 -0.68349177 0.6641524
  vertex 0.21644406 -0.6580916 0.7211583
  vertex 0.2658151 -0.70892924 0.6532717
 endloop
endfacet
facet normal 0.30546734 -0.14922658 -0.94043666
 outer loop
  vertex 0.30740103 -0.09251557 -0.9470721
  vertex 0.35156858 -0.17570765 -0.9195251
  vertex 0.2982641 -0.20529203 -0.93214476
 endloop
endfacet
facet normal 0.30546796 -0.1492266 -0.9404365
 outer loop
  vertex 0.30740103 -0.09251557 -0.9470721
  vertex 0.2982641 -0.20529203 -0.93214476
  vertex 0.2607196 -0.11842413 -0.9581238
 endloop
endfacet
facet normal 0.48754382 -0.8730053 -0.012756504
 outer loop
  vertex 0.5348942 -0.8434093 -0.05050266
  vertex 0.51673615 -0.85494906 0.045245405
  vertex 0.43910778 -0.8980333 0.026867177
 endloop
endfacet
facet normal 0.4875442 -0.87300515 -0.012755935
 outer loop
  vertex 0.5348942 -0.8434093 -0.05050266
  vertex 0.43910778 -0.8980333 0.026867177
  vertex 0.45448798 -0.88803536 -0.06953857
 endloop
endfacet
facet normal 0.26313743 -0.06347323 -0.96266806
 outer loop
  vertex 0.26027274 -0.008432554 -0.9654982
  vertex 0.30740103 -0.09251557 -0.9470721
  vertex 0.2607196 -0.11842413 -0.9581238
 endloop
endfacet
facet normal 0.26313677 -0.06347325 -0.9626683
 outer loop
  vertex 0.26027274 -0.008432554 -0.9654982
  vertex 0.2607196 -0.11842413 -0.9581238
  vertex 0.220664 -0.03041576 -0.97487545
 endloop
endfacet
facet normal 0.501936 -0.8580625 -0.10857628
 outer loop
  vertex 0.5479008 -0.82374686 -0.14576414
  vertex 0.5348942 -0.8434093 -0.05050266
  vertex 0.45448798 -0.88803536 -0.06953857
 endloop
endfacet
facet normal 0.501936 -0.8580626 -0.10857646
 outer loop
  vertex 0.5479008 -0.82374686 -0.14576414
  vertex 0.45448798 -0.88803536 -0.06953857
  vertex 0.46549097 -0.8694849 -0.16527441
 endloop
endfacet
facet normal 0.21826093 0.022908268 -0.9756215
 outer loop
  vertex 0.21063794 0.07573192 -0.974626
  vertex 0.26027274 -0.008432554 -0.9654982
  vertex 0.220664 -0.03041576 -0.97487545
 endloop
endfacet
facet normal 0.21826115 0.022908293 -0.9756215
 outer loop
  vertex 0.21063794 0.07573192 -0.974626
  vertex 0.220664 -0.03041576 -0.97487545
  vertex 0.17848325 0.05788581 -0.98223853
 endloop
endfacet
facet normal 0.5115023 -0.8348762 -0.20333987
 outer loop
  vertex 0.5556307 -0.7961513 -0.23962197
  vertex 0.5479008 -0.82374686 -0.14576414
  vertex 0.46549097 -0.8694849 -0.16527441
 endloop
endfacet
facet normal 0.51150316 -0.83487606 -0.2033386
 outer loop
  vertex 0.5556307 -0.7961513 -0.23962197
  vertex 0.46549097 -0.8694849 -0.16527441
  vertex 0.47201097 -0.84256095 -0.25941867
 endloop
endfacet
facet normal 0.079003766 -0.50817424 0.85762304
 outer loop
  vertex 0.11194436 -0.53795433 0.83550924
  vertex 0.057821725 -0.4698111 0.8808724
  vertex 0.04958589 -0.47438207 0.87892264
 endloop
endfacet
facet normal 0.079001024 -0.5081762 0.8576222
 outer loop
  vertex 0.11194436 -0.53795433 0.83550924
  vertex 0.04958589 -0.47438207 0.87892264
  vertex 0.09555201 -0.5470522 0.8316284
 endloop
endfacet
facet normal 0.1712732 0.10908215 -0.97916627
 outer loop
  vertex 0.15897481 0.15916649 -0.9743679
  vertex 0.21063794 0.07573192 -0.974626
  vertex 0.17848325 0.05788581 -0.98223853
 endloop
endfacet
facet normal 0.17127132 0.1090818 -0.97916657
 outer loop
  vertex 0.15897481 0.15916649 -0.9743679
  vertex 0.17848325 0.05788581 -0.98223853
  vertex 0.13458382 0.14562932 -0.98014235
 endloop
endfacet
facet normal 0.51615417 -0.8036698 -0.2961412
 outer loop
  vertex 0.5580096 -0.76088846 -0.3311721
  vertex 0.5556307 -0.7961513 -0.23962197
  vertex 0.47201097 -0.84256095 -0.25941867
 endloop
endfacet
facet normal 0.5161536 -0.8036699 -0.29614216
 outer loop
  vertex 0.5580096 -0.76088846 -0.3311721
  vertex 0.47201097 -0.84256095 -0.25941867
  vertex 0.47398528 -0.8075226 -0.3510646
 endloop
endfacet
facet normal 0.12871763 -0.57620555 0.80710524
 outer loop
  vertex 0.16498871 -0.6009167 0.78209984
  vertex 0.11194436 -0.53795433 0.83550924
  vertex 0.09555201 -0.5470522 0.8316284
 endloop
endfacet
facet normal 0.12871796 -0.5762053 0.80710536
 outer loop
  vertex 0.16498871 -0.6009167 0.78209984
  vertex 0.09555201 -0.5470522 0.8316284
  vertex 0.14059772 -0.61445385 0.77632535
 endloop
endfacet
facet normal 0.12262156 0.19422013 -0.97326386
 outer loop
  vertex 0.10578057 0.24106857 -0.96472585
  vertex 0.15897481 0.15916649 -0.9743679
  vertex 0.13458382 0.14562932 -0.98014235
 endloop
endfacet
facet normal 0.122624144 0.19422081 -0.9732634
 outer loop
  vertex 0.10578057 0.24106857 -0.96472585
  vertex 0.13458382 0.14562932 -0.98014235
  vertex 0.08938822 0.23197068 -0.9686067
 endloop
endfacet
facet normal 0.51584554 -0.7647432 -0.38609752
 outer loop
  vertex 0.5550147 -0.7182978 -0.41953278
  vertex 0.5580096 -0.76088846 -0.3311721
  vertex 0.47398528 -0.8075226 -0.3510646
 endloop
endfacet
facet normal 0.51584554 -0.76474315 -0.38609746
 outer loop
  vertex 0.5550147 -0.7182978 -0.41953278
  vertex 0.47398528 -0.8075226 -0.3510646
  vertex 0.47139496 -0.7647074 -0.43932948
 endloop
endfacet
facet normal 0.17718889 -0.63866925 0.74880284
 outer loop
  vertex 0.21644406 -0.6580916 0.7211583
  vertex 0.16498871 -0.6009167 0.78209984
  vertex 0.14059772 -0.61445385 0.77632535
 endloop
endfacet
facet normal 0.17718934 -0.63866884 0.7488031
 outer loop
  vertex 0.21644406 -0.6580916 0.7211583
  vertex 0.14059772 -0.61445385 0.77632535
  vertex 0.18428937 -0.6759377 0.7135458
 endloop
endfacet
facet normal 0.072785996 0.27749285 -0.95796657
 outer loop
  vertex 0.051567417 0.3206491 -0.945793
  vertex 0.10578057 0.24106857 -0.96472585
  vertex 0.08938822 0.23197068 -0.9686067
 endloop
endfacet
facet normal 0.072783 0.27749163 -0.9579671
 outer loop
  vertex 0.051567417 0.3206491 -0.945793
  vertex 0.08938822 0.23197068 -0.9686067
  vertex 0.043331586 0.31607813 -0.94774276
 endloop
endfacet
facet normal 0.51058143 -0.71846837 -0.47234502
 outer loop
  vertex 0.5466747 -0.66878957 -0.5038532
  vertex 0.5550147 -0.7182978 -0.41953278
  vertex 0.47139496 -0.7647074 -0.43932948
 endloop
endfacet
facet normal 0.51058125 -0.71846837 -0.4723452
 outer loop
  vertex 0.5466747 -0.66878957 -0.5038532
  vertex 0.47139496 -0.7647074 -0.43932948
  vertex 0.4642649 -0.7145276 -0.5233635
 endloop
endfacet
facet normal 0.22394057 -0.6949581 0.68328905
 outer loop
  vertex 0.2658151 -0.70892924 0.6532717
  vertex 0.21644406 -0.6580916 0.7211583
  vertex 0.18428937 -0.6759377 0.7135458
 endloop
endfacet
facet normal 0.22394048 -0.69495815 0.68328893
 outer loop
  vertex 0.2658151 -0.70892924 0.6532717
  vertex 0.18428937 -0.6759377 0.7135458
  vertex 0.22620636 -0.7309124 0.64389443
 endloop
endfacet
facet normal 0.50041085 -0.6652868 -0.5540599
 outer loop
  vertex 0.5330699 -0.6128406 -0.58332133
  vertex 0.5466747 -0.66878957 -0.5038532
  vertex 0.4642649 -0.7145276 -0.5233635
 endloop
endfacet
facet normal 0.5004107 -0.6652867 -0.55406016
 outer loop
  vertex 0.5330699 -0.6128406 -0.58332133
  vertex 0.4642649 -0.7145276 -0.5233635
  vertex 0.4526636 -0.65746665 -0.60235727
 endloop
endfacet
facet normal 0.2685256 -0.7445374 0.611194
 outer loop
  vertex 0.31262645 -0.75293934 0.5790936
  vertex 0.2658151 -0.70892924 0.6532717
  vertex 0.22620636 -0.7309124 0.64389443
 endloop
endfacet
facet normal 0.2685252 -0.74453783 0.61119366
 outer loop
  vertex 0.31262645 -0.75293934 0.5790936
  vertex 0.22620636 -0.7309124 0.64389443
  vertex 0.26594502 -0.7788479 0.56804186
 endloop
endfacet
facet normal 0.48542958 -0.60570437 -0.63046044
 outer loop
  vertex 0.5143313 -0.5509896 -0.6571716
  vertex 0.5330699 -0.6128406 -0.58332133
  vertex 0.4526636 -0.65746665 -0.60235727
 endloop
endfacet
facet normal 0.48542994 -0.60570437 -0.63046014
 outer loop
  vertex 0.5143313 -0.5509896 -0.6571716
  vertex 0.4526636 -0.65746665 -0.60235727
  vertex 0.43670294 -0.59407395 -0.67554986
 endloop
endfacet
facet normal 0.3105122 -0.7869288 0.53322154
 outer loop
  vertex 0.3564266 -0.7896982 0.4993386
  vertex 0.31262645 -0.75293934 0.5790936
  vertex 0.26594502 -0.7788479 0.56804186
 endloop
endfacet
facet normal 0.31051266 -0.7869283 0.53322196
 outer loop
  vertex 0.3564266 -0.7896982 0.4993386
  vertex 0.26594502 -0.7788479 0.56804186
  vertex 0.3031221 -0.8192826 0.48671892
 endloop
endfacet
facet normal 0.46577942 -0.5402889 -0.700812
 outer loop
  vertex 0.4906393 -0.48383215 -0.7246928
  vertex 0.5143313 -0.5509896 -0.6571716
  vertex 0.43670294 -0.59407395 -0.67554986
 endloop
endfacet
facet normal 0.4657787 -0.54028875 -0.70081246
 outer loop
  vertex 0.4906393 -0.48383215 -0.7246928
  vertex 0.43670294 -0.59407395 -0.67554986
  vertex 0.41653648 -0.52495974 -0.7422364
 endloop
endfacet
facet normal 0.3494974 -0.8217262 0.45013067
 outer loop
  vertex 0.39679435 -0.81885195 0.41477463
  vertex 0.3564266 -0.7896982 0.4993386
  vertex 0.3031221 -0.8192826 0.48671892
 endloop
endfacet
facet normal 0.34949678 -0.8217269 0.4501299
 outer loop
  vertex 0.39679435 -0.81885195 0.41477463
  vertex 0.3031221 -0.8192826 0.48671892
  vertex 0.3373801 -0.8518272 0.40070853
 endloop
endfacet
facet normal 0.4416473 -0.4696713 -0.76443225
 outer loop
  vertex 0.46222252 -0.41201538 -0.7852351
  vertex 0.4906393 -0.48383215 -0.7246928
  vertex 0.41653648 -0.52495974 -0.7422364
 endloop
endfacet
facet normal 0.44164783 -0.46967137 -0.7644318
 outer loop
  vertex 0.46222252 -0.41201538 -0.7852351
  vertex 0.41653648 -0.52495974 -0.7422364
  vertex 0.39235887 -0.45079023 -0.8017751
 endloop
endfacet
facet normal 0.38510725 -0.848603 0.36271948
 outer loop
  vertex 0.43334073 -0.8401193 0.32621634
  vertex 0.39679435 -0.81885195 0.41477463
  vertex 0.3373801 -0.8518272 0.40070853
 endloop
endfacet
facet normal 0.38510752 -0.8486026 0.36271992
 outer loop
  vertex 0.43334073 -0.8401193 0.32621634
  vertex 0.3373801 -0.8518272 0.40070853
  vertex 0.368389 -0.87616795 0.31083924
 endloop
endfacet
facet normal 0.41325977 -0.39451316 -0.8207166
 outer loop
  vertex 0.4293539 -0.33623034 -0.838215
  vertex 0.46222252 -0.41201538 -0.7852351
  vertex 0.39235887 -0.45079023 -0.8017751
 endloop
endfacet
facet normal 0.4132602 -0.39451322 -0.8207164
 outer loop
  vertex 0.4293539 -0.33623034 -0.838215
  vertex 0.39235887 -0.45079023 -0.8017751
  vertex 0.36440217 -0.372279 -0.85359216
 endloop
endfacet
facet normal 0.41699997 -0.86730134 0.2718444
 outer loop
  vertex 0.46571392 -0.85329646 0.23451614
  vertex 0.43334073 -0.8401193 0.32621634
  vertex 0.368389 -0.87616795 0.31083924
 endloop
endfacet
facet normal 0.41700006 -0.8673012 0.27184457
 outer loop
  vertex 0.46571392 -0.85329646 0.23451614
  vertex 0.368389 -0.87616795 0.31083924
  vertex 0.39585024 -0.8920713 0.21797612
 endloop
endfacet
facet normal 0.3808909 -0.31554788 -0.86910975
 outer loop
  vertex 0.39235052 -0.25720775 -0.8831226
  vertex 0.4293539 -0.33623034 -0.838215
  vertex 0.36440217 -0.372279 -0.85359216
 endloop
endfacet
facet normal 0.38088948 -0.31554773 -0.86911035
 outer loop
  vertex 0.39235052 -0.25720775 -0.8831226
  vertex 0.36440217 -0.372279 -0.85359216
  vertex 0.3329363 -0.290183 -0.8971887
 endloop
endfacet
facet normal 0.44487563 -0.87765133 0.17836434
 outer loop
  vertex 0.4936019 -0.8582553 0.1405577
  vertex 0.46571392 -0.85329646 0.23451614
  vertex 0.39585024 -0.8920713 0.21797612
 endloop
endfacet
facet normal 0.44487542 -0.8776515 0.17836402
 outer loop
  vertex 0.4936019 -0.8582553 0.1405577
  vertex 0.39585024 -0.8920713 0.21797612
  vertex 0.41949907 -0.8993829 0.123014115
 endloop
endfacet
facet normal 0.3448427 -0.23352008 -0.90914893
 outer loop
  vertex 0.35156858 -0.17570765 -0.9195251
  vertex 0.39235052 -0.25720775 -0.8831226
  vertex 0.3329363 -0.290183 -0.8971887
 endloop
endfacet
facet normal 0.34484348 -0.23352012 -0.90914863
 outer loop
  vertex 0.35156858 -0.17570765 -0.9195251
  vertex 0.3329363 -0.290183 -0.8971887
  vertex 0.2982641 -0.20529203 -0.93214476
 endloop
endfacet
facet normal 0.46846378 -0.8795569 0.08319506
 outer loop
  vertex 0.51673615 -0.85494906 0.045245405
  vertex 0.4936019 -0.8582553 0.1405577
  vertex 0.41949907 -0.8993829 0.123014115
 endloop
endfacet
facet normal 0.46846378 -0.87955683 0.083195016
 outer loop
  vertex 0.51673615 -0.85494906 0.045245405
  vertex 0.41949907 -0.8993829 0.123014115
  vertex 0.43910778 -0.8980333 0.026867177
 endloop
endfacet
facet normal 0.18127899 0.004591941 -0.98342097
 outer loop
  vertex 0.17848325 0.05788581 -0.98223853
  vertex 0.220664 -0.03041576 -0.97487545
  vertex 0.1789034 -0.04873295 -0.9826589
 endloop
endfacet
facet normal 0.18127923 0.0045919395 -0.9834209
 outer loop
  vertex 0.17848325 0.05788581 -0.98223853
  vertex 0.1789034 -0.04873295 -0.9826589
  vertex 0.14458169 0.043015793 -0.9885572
 endloop
endfacet
facet normal 0.426024 -0.87721187 -0.22136597
 outer loop
  vertex 0.47201097 -0.84256095 -0.25941867
  vertex 0.46549097 -0.8694849 -0.16527441
  vertex 0.3786041 -0.90759546 -0.18146867
 endloop
endfacet
facet normal 0.42602432 -0.87721187 -0.22136562
 outer loop
  vertex 0.47201097 -0.84256095 -0.25941867
  vertex 0.3786041 -0.90759546 -0.18146867
  vertex 0.38384846 -0.88123107 -0.27585068
 endloop
endfacet
facet normal 0.06630544 -0.514464 0.85494465
 outer loop
  vertex 0.09555201 -0.5470522 0.8316284
  vertex 0.04958589 -0.47438207 0.87892264
  vertex 0.04090264 -0.47819075 0.8773042
 endloop
endfacet
facet normal 0.06631062 -0.514461 0.854946
 outer loop
  vertex 0.09555201 -0.5470522 0.8316284
  vertex 0.04090264 -0.47819075 0.8773042
  vertex 0.07826912 -0.55463296 0.82840717
 endloop
endfacet
facet normal 0.14213058 0.09464906 -0.98531234
 outer loop
  vertex 0.13458382 0.14562932 -0.98014235
  vertex 0.17848325 0.05788581 -0.98223853
  vertex 0.14458169 0.043015793 -0.9885572
 endloop
endfacet
facet normal 0.14213063 0.09464907 -0.98531234
 outer loop
  vertex 0.13458382 0.14562932 -0.98014235
  vertex 0.14458169 0.043015793 -0.9885572
  vertex 0.10886775 0.13434966 -0.9849354
 endloop
endfacet
facet normal 0.42984623 -0.846416 -0.31434426
 outer loop
  vertex 0.47398528 -0.8075226 -0.3510646
  vertex 0.47201097 -0.84256095 -0.25941867
  vertex 0.38384846 -0.88123107 -0.27585068
 endloop
endfacet
facet normal 0.4298463 -0.8464159 -0.31434405
 outer loop
  vertex 0.47398528 -0.8075226 -0.3510646
  vertex 0.38384846 -0.88123107 -0.27585068
  vertex 0.38539624 -0.8463798 -0.36757612
 endloop
endfacet
facet normal 0.10770174 -0.5866142 0.8026731
 outer loop
  vertex 0.14059772 -0.61445385 0.77632535
  vertex 0.09555201 -0.5470522 0.8316284
  vertex 0.07826912 -0.55463296 0.82840717
 endloop
endfacet
facet normal 0.10769939 -0.58661586 0.80267227
 outer loop
  vertex 0.14059772 -0.61445385 0.77632535
  vertex 0.07826912 -0.55463296 0.82840717
  vertex 0.11488166 -0.62573355 0.7715323
 endloop
endfacet
facet normal 0.10160327 0.1838097 -0.97769666
 outer loop
  vertex 0.08938822 0.23197068 -0.9686067
  vertex 0.13458382 0.14562932 -0.98014235
  vertex 0.10886775 0.13434966 -0.9849354
 endloop
endfacet
facet normal 0.10160157 0.18380943 -0.9776969
 outer loop
  vertex 0.08938822 0.23197068 -0.9686067
  vertex 0.10886775 0.13434966 -0.9849354
  vertex 0.072105326 0.22439 -0.9718279
 endloop
endfacet
facet normal 0.4295383 -0.8074891 -0.40429962
 outer loop
  vertex 0.47139496 -0.7647074 -0.43932948
  vertex 0.47398528 -0.8075226 -0.3510646
  vertex 0.38539624 -0.8463798 -0.36757612
 endloop
endfacet
facet normal 0.4295386 -0.8074891 -0.4042993
 outer loop
  vertex 0.47139496 -0.7647074 -0.43932948
  vertex 0.38539624 -0.8463798 -0.36757612
  vertex 0.38323244 -0.80337757 -0.4557615
 endloop
endfacet
facet normal 0.14804775 -0.653102 0.7426572
 outer loop
  vertex 0.18428937 -0.6759377 0.7135458
  vertex 0.14059772 -0.61445385 0.77632535
  vertex 0.11488166 -0.62573355 0.7715323
 endloop
endfacet
facet normal 0.1480475 -0.65310216 0.7426571
 outer loop
  vertex 0.18428937 -0.6759377 0.7135458
  vertex 0.11488166 -0.62573355 0.7715323
  vertex 0.15038781 -0.69080776 0.7072271
 endloop
endfacet
facet normal 0.06008955 0.27120495 -0.96064407
 outer loop
  vertex 0.043331586 0.31607813 -0.94774276
  vertex 0.08938822 0.23197068 -0.9686067
  vertex 0.072105326 0.22439 -0.9718279
 endloop
endfacet
facet normal 0.060094066 0.27120617 -0.9606435
 outer loop
  vertex 0.043331586 0.31607813 -0.94774276
  vertex 0.072105326 0.22439 -0.9718279
  vertex 0.034648336 0.31226945 -0.9493612
 endloop
endfacet
facet normal 0.4251037 -0.76080334 -0.49037245
 outer loop
  vertex 0.4642649 -0.7145276 -0.5233635
  vertex 0.47139496 -0.7647074 -0.43932948
  vertex 0.38323244 -0.80337757 -0.4557615
 endloop
endfacet
facet normal 0.42510313 -0.7608032 -0.49037305
 outer loop
  vertex 0.4642649 -0.7145276 -0.5233635
  vertex 0.38323244 -0.80337757 -0.4557615
  vertex 0.37737805 -0.75263816 -0.53955775
 endloop
endfacet
facet normal 0.18695925 -0.713274 0.67548966
 outer loop
  vertex 0.22620636 -0.7309124 0.64389443
  vertex 0.18428937 -0.6759377 0.7135458
  vertex 0.15038781 -0.69080776 0.7072271
 endloop
endfacet
facet normal 0.18695818 -0.71327496 0.67548895
 outer loop
  vertex 0.22620636 -0.7309124 0.64389443
  vertex 0.15038781 -0.69080776 0.7072271
  vertex 0.18444578 -0.7492295 0.63611096
 endloop
endfacet
facet normal 0.4165834 -0.7068045 -0.5717392
 outer loop
  vertex 0.4526636 -0.65746665 -0.60235727
  vertex 0.4642649 -0.7145276 -0.5233635
  vertex 0.37737805 -0.75263816 -0.53955775
 endloop
endfacet
facet normal 0.41658303 -0.70680445 -0.57173955
 outer loop
  vertex 0.4526636 -0.65746665 -0.60235727
  vertex 0.37737805 -0.75263816 -0.53955775
  vertex 0.3678891 -0.6946507 -0.61815774
 endloop
endfacet
facet normal 0.22406137 -0.7665597 0.60181624
 outer loop
  vertex 0.26594502 -0.7788479 0.56804186
  vertex 0.22620636 -0.7309124 0.64389443
  vertex 0.18444578 -0.7492295 0.63611096
 endloop
endfacet
facet normal 0.22406246 -0.7665587 0.60181713
 outer loop
  vertex 0.26594502 -0.7788479 0.56804186
  vertex 0.18444578 -0.7492295 0.63611096
  vertex 0.2167276 -0.80043584 0.5588685
 endloop
endfacet
facet normal 0.40405837 -0.6460058 -0.64762133
 outer loop
  vertex 0.43670294 -0.59407395 -0.67554986
  vertex 0.4526636 -0.65746665 -0.60235727
  vertex 0.3678891 -0.6946507 -0.61815774
 endloop
endfacet
facet normal 0.40405947 -0.646006 -0.6476204
 outer loop
  vertex 0.43670294 -0.59407395 -0.67554986
  vertex 0.3678891 -0.6946507 -0.61815774
  vertex 0.3548573 -0.6299734 -0.69080454
 endloop
endfacet
facet normal 0.25899804 -0.81244224 0.52235776
 outer loop
  vertex 0.3031221 -0.8192826 0.48671892
  vertex 0.26594502 -0.7788479 0.56804186
  vertex 0.2167276 -0.80043584 0.5588685
 endloop
endfacet
facet normal 0.2589976 -0.8124427 0.5223573
 outer loop
  vertex 0.3031221 -0.8192826 0.48671892
  vertex 0.2167276 -0.80043584 0.5588685
  vertex 0.24692182 -0.84393334 0.47624412
 endloop
endfacet
facet normal 0.38764784 -0.57898515 -0.7172902
 outer loop
  vertex 0.41653648 -0.52495974 -0.7422364
  vertex 0.43670294 -0.59407395 -0.67554986
  vertex 0.3548573 -0.6299734 -0.69080454
 endloop
endfacet
facet normal 0.3876473 -0.5789851 -0.7172907
 outer loop
  vertex 0.41653648 -0.52495974 -0.7422364
  vertex 0.3548573 -0.6299734 -0.69080454
  vertex 0.3384079 -0.5592287 -0.75679827
 endloop
endfacet
facet normal 0.29142895 -0.8504864 0.43788344
 outer loop
  vertex 0.3373801 -0.8518272 0.40070853
  vertex 0.3031221 -0.8192826 0.48671892
  vertex 0.24692182 -0.84393334 0.47624412
 endloop
endfacet
facet normal 0.29142928 -0.8504862 0.4378838
 outer loop
  vertex 0.3373801 -0.8518272 0.40070853
  vertex 0.24692182 -0.84393334 0.47624412
  vertex 0.27473816 -0.87930346 0.3890331
 endloop
endfacet
facet normal 0.3675069 -0.50639164 -0.78006816
 outer loop
  vertex 0.39235887 -0.45079023 -0.8017751
  vertex 0.41653648 -0.52495974 -0.7422364
  vertex 0.3384079 -0.5592287 -0.75679827
 endloop
endfacet
facet normal 0.36750755 -0.5063917 -0.7800676
 outer loop
  vertex 0.39235887 -0.45079023 -0.8017751
  vertex 0.3384079 -0.5592287 -0.75679827
  vertex 0.31869972 -0.48309892 -0.81550395
 endloop
endfacet
facet normal 0.321047 -0.8803303 0.34920952
 outer loop
  vertex 0.368389 -0.87616795 0.31083924
  vertex 0.3373801 -0.8518272 0.40070853
  vertex 0.27473816 -0.87930346 0.3890331
 endloop
endfacet
facet normal 0.3210467 -0.8803306 0.34920916
 outer loop
  vertex 0.368389 -0.87616795 0.31083924
  vertex 0.27473816 -0.87930346 0.3890331
  vertex 0.29990873 -0.906205 0.29807565
 endloop
endfacet
facet normal 0.34382474 -0.42890304 -0.8353603
 outer loop
  vertex 0.36440217 -0.372279 -0.85359216
  vertex 0.39235887 -0.45079023 -0.8017751
  vertex 0.31869972 -0.48309892 -0.81550395
 endloop
endfacet
facet normal 0.3438238 -0.42890278 -0.83536077
 outer loop
  vertex 0.36440217 -0.372279 -0.85359216
  vertex 0.31869972 -0.48309892 -0.81550395
  vertex 0.2959219 -0.40231603 -0.8663557
 endloop
endfacet
facet normal 0.34756467 -0.9016909 0.25720078
 outer loop
  vertex 0.39585024 -0.8920713 0.21797612
  vertex 0.368389 -0.87616795 0.31083924
  vertex 0.29990873 -0.906205 0.29807565
 endloop
endfacet
facet normal 0.34756494 -0.9016907 0.2572011
 outer loop
  vertex 0.39585024 -0.8920713 0.21797612
  vertex 0.29990873 -0.906205 0.29807565
  vertex 0.3221911 -0.92437994 0.20424733
 endloop
endfacet
facet normal 0.31682867 -0.34727564 -0.8826207
 outer loop
  vertex 0.3329363 -0.290183 -0.8971887
  vertex 0.36440217 -0.372279 -0.85359216
  vertex 0.2959219 -0.40231603 -0.8663557
 endloop
endfacet
facet normal 0.3168292 -0.34727576 -0.8826204
 outer loop
  vertex 0.3329363 -0.290183 -0.8971887
  vertex 0.2959219 -0.40231603 -0.8663557
  vertex 0.27029434 -0.31765926 -0.90886414
 endloop
endfacet
facet normal 0.37073517 -0.91437143 0.16272776
 outer loop
  vertex 0.41949907 -0.8993829 0.123014115
  vertex 0.39585024 -0.8920713 0.21797612
  vertex 0.3221911 -0.92437994 0.20424733
 endloop
endfacet
facet normal 0.37073556 -0.9143712 0.16272832
 outer loop
  vertex 0.41949907 -0.8993829 0.123014115
  vertex 0.3221911 -0.92437994 0.20424733
  vertex 0.3413705 -0.933652 0.10845225
 endloop
endfacet
facet normal 0.28677505 -0.26228005 -0.9213953
 outer loop
  vertex 0.2982641 -0.20529203 -0.93214476
  vertex 0.3329363 -0.290183 -0.8971887
  vertex 0.27029434 -0.31765926 -0.90886414
 endloop
endfacet
facet normal 0.28677493 -0.26228002 -0.9213953
 outer loop
  vertex 0.2982641 -0.20529203 -0.93214476
  vertex 0.27029434 -0.31765926 -0.90886414
  vertex 0.2420638 -0.22994278 -0.94261956
 endloop
endfacet
facet normal 0.39033315 -0.9182531 0.06671748
 outer loop
  vertex 0.43910778 -0.8980333 0.026867177
  vertex 0.41949907 -0.8993829 0.123014115
  vertex 0.3413705 -0.933652 0.10845225
 endloop
endfacet
facet normal 0.39033258 -0.9182535 0.06671666
 outer loop
  vertex 0.43910778 -0.8980333 0.026867177
  vertex 0.3413705 -0.933652 0.10845225
  vertex 0.35726216 -0.9339327 0.0116125
 endloop
endfacet
facet normal 0.25395223 -0.17474103 -0.9513011
 outer loop
  vertex 0.2607196 -0.11842413 -0.9581238
  vertex 0.2982641 -0.20529203 -0.93214476
  vertex 0.2420638 -0.22994278 -0.94261956
 endloop
endfacet
facet normal 0.2539518 -0.17474096 -0.9513013
 outer loop
  vertex 0.2607196 -0.11842413 -0.9581238
  vertex 0.2420638 -0.22994278 -0.94261956
  vertex 0.21150221 -0.14001207 -0.9672971
 endloop
endfacet
facet normal 0.40617347 -0.91330606 -0.029916998
 outer loop
  vertex 0.45448798 -0.88803536 -0.06953857
  vertex 0.43910778 -0.8980333 0.026867177
  vertex 0.35726216 -0.9339327 0.0116125
 endloop
endfacet
facet normal 0.40617335 -0.91330624 -0.029917207
 outer loop
  vertex 0.45448798 -0.88803536 -0.06953857
  vertex 0.35726216 -0.9339327 0.0116125
  vertex 0.3697135 -0.9252194 -0.08533911
 endloop
endfacet
facet normal 0.21867284 -0.08549519 -0.97204566
 outer loop
  vertex 0.220664 -0.03041576 -0.97487545
  vertex 0.2607196 -0.11842413 -0.9581238
  vertex 0.21150221 -0.14001207 -0.9672971
 endloop
endfacet
facet normal 0.21867317 -0.08549521 -0.97204554
 outer loop
  vertex 0.220664 -0.03041576 -0.97487545
  vertex 0.21150221 -0.14001207 -0.9672971
  vertex 0.1789034 -0.04873295 -0.9826589
 endloop
endfacet
facet normal 0.41810867 -0.8995803 -0.12625554
 outer loop
  vertex 0.46549097 -0.8694849 -0.16527441
  vertex 0.45448798 -0.88803536 -0.06953857
  vertex 0.3697135 -0.9252194 -0.08533911
 endloop
endfacet
facet normal 0.4181084 -0.8995803 -0.12625588
 outer loop
  vertex 0.46549097 -0.8694849 -0.16527441
  vertex 0.3697135 -0.9252194 -0.08533911
  vertex 0.3786041 -0.90759546 -0.18146867
 endloop
endfacet
facet normal 0.07957558 0.17533906 -0.9812869
 outer loop
  vertex 0.072105326 0.22439 -0.9718279
  vertex 0.10886775 0.13434966 -0.9849354
  vertex 0.08207426 0.12543611 -0.98870087
 endloop
endfacet
facet normal 0.0795755 0.17533904 -0.98128694
 outer loop
  vertex 0.072105326 0.22439 -0.9718279
  vertex 0.08207426 0.12543611 -0.98870087
  vertex 0.054098345 0.21839952 -0.97435856
 endloop
endfacet
facet normal 0.33909276 -0.8422712 -0.41904098
 outer loop
  vertex 0.38323244 -0.80337757 -0.4557615
  vertex 0.38539624 -0.8463798 -0.36757612
  vertex 0.29309556 -0.8770859 -0.3805477
 endloop
endfacet
facet normal 0.3390927 -0.8422712 -0.41904098
 outer loop
  vertex 0.38323244 -0.80337757 -0.4557615
  vertex 0.29309556 -0.8770859 -0.3805477
  vertex 0.29137626 -0.8339358 -0.4686706
 endloop
endfacet
facet normal 0.117506936 -0.66484696 0.73767924
 outer loop
  vertex 0.15038781 -0.69080776 0.7072271
  vertex 0.11488166 -0.62573355 0.7715323
  vertex 0.08808818 -0.6346471 0.76776683
 endloop
endfacet
facet normal 0.11750725 -0.6648467 0.73767936
 outer loop
  vertex 0.15038781 -0.69080776 0.7072271
  vertex 0.08808818 -0.6346471 0.76776683
  vertex 0.11506592 -0.70255846 0.7022631
 endloop
endfacet
facet normal 0.0467887 0.26608944 -0.9628121
 outer loop
  vertex 0.034648336 0.31226945 -0.9493612
  vertex 0.072105326 0.22439 -0.9718279
  vertex 0.054098345 0.21839952 -0.97435856
 endloop
endfacet
facet normal 0.04678727 0.26608917 -0.9628123
 outer loop
  vertex 0.034648336 0.31226945 -0.9493612
  vertex 0.054098345 0.21839952 -0.97435856
  vertex 0.025601288 0.3092597 -0.95063263
 endloop
endfacet
facet normal 0.3355268 -0.7952508 -0.5049732
 outer loop
  vertex 0.37737805 -0.75263816 -0.53955775
  vertex 0.38323244 -0.80337757 -0.4557615
  vertex 0.29137626 -0.8339358 -0.4686706
 endloop
endfacet
facet normal 0.3355282 -0.79525113 -0.5049718
 outer loop
  vertex 0.37737805 -0.75263816 -0.53955775
  vertex 0.29137626 -0.8339358 -0.4686706
  vertex 0.28685093 -0.7827544 -0.55228007
 endloop
endfacet
facet normal 0.14820376 -0.7281785 0.6691724
 outer loop
  vertex 0.18444578 -0.7492295 0.63611096
  vertex 0.15038781 -0.69080776 0.7072271
  vertex 0.11506592 -0.70255846 0.7022631
 endloop
endfacet
facet normal 0.14820413 -0.7281782 0.66917264
 outer loop
  vertex 0.18444578 -0.7492295 0.63611096
  vertex 0.11506592 -0.70255846 0.7022631
  vertex 0.14093557 -0.7637043 0.6299962
 endloop
endfacet
facet normal 0.3287379 -0.7405864 -0.58605725
 outer loop
  vertex 0.3678891 -0.6946507 -0.61815774
  vertex 0.37737805 -0.75263816 -0.53955775
  vertex 0.28685093 -0.7827544 -0.55228007
 endloop
endfacet
facet normal 0.3287371 -0.7405862 -0.58605796
 outer loop
  vertex 0.3678891 -0.6946507 -0.61815774
  vertex 0.28685093 -0.7827544 -0.55228007
  vertex 0.2795629 -0.72403467 -0.63057077
 endloop
endfacet
facet normal 0.17746693 -0.78447765 0.5942225
 outer loop
  vertex 0.2167276 -0.80043584 0.5588685
  vertex 0.18444578 -0.7492295 0.63611096
  vertex 0.14093557 -0.7637043 0.6299962
 endloop
endfacet
facet normal 0.17746694 -0.78447753 0.5942224
 outer loop
  vertex 0.2167276 -0.80043584 0.5588685
  vertex 0.14093557 -0.7637043 0.6299962
  vertex 0.1654481 -0.8174953 0.5516619
 endloop
endfacet
facet normal 0.31878692 -0.6787986 -0.66151893
 outer loop
  vertex 0.3548573 -0.6299734 -0.69080454
  vertex 0.3678891 -0.6946507 -0.61815774
  vertex 0.2795629 -0.72403467 -0.63057077
 endloop
endfacet
facet normal 0.3187871 -0.6787987 -0.6615188
 outer loop
  vertex 0.3548573 -0.6299734 -0.69080454
  vertex 0.2795629 -0.72403467 -0.63057077
  vertex 0.26958257 -0.65834224 -0.7027887
 endloop
endfacet
facet normal 0.20501298 -0.83320314 0.51355845
 outer loop
  vertex 0.24692182 -0.84393334 0.47624412
  vertex 0.2167276 -0.80043584 0.5588685
  vertex 0.1654481 -0.8174953 0.5516619
 endloop
endfacet
facet normal 0.20501313 -0.83320296 0.51355857
 outer loop
  vertex 0.24692182 -0.84393334 0.47624412
  vertex 0.1654481 -0.8174953 0.5516619
  vertex 0.18836692 -0.86341316 0.46801504
 endloop
endfacet
facet normal 0.30576986 -0.61047196 -0.7306358
 outer loop
  vertex 0.3384079 -0.5592287 -0.75679827
  vertex 0.3548573 -0.6299734 -0.69080454
  vertex 0.26958257 -0.65834224 -0.7027887
 endloop
endfacet
facet normal 0.30577075 -0.61047226 -0.7306352
 outer loop
  vertex 0.3384079 -0.5592287 -0.75679827
  vertex 0.26958257 -0.65834224 -0.7027887
  vertex 0.257006 -0.58630925 -0.7682382
 endloop
endfacet
facet normal 0.23057687 -0.8738878 0.42796558
 outer loop
  vertex 0.27473816 -0.87930346 0.3890331
  vertex 0.24692182 -0.84393334 0.47624412
  vertex 0.18836692 -0.86341316 0.46801504
 endloop
endfacet
facet normal 0.23057605 -0.8738883 0.42796484
 outer loop
  vertex 0.27473816 -0.87930346 0.3890331
  vertex 0.18836692 -0.86341316 0.46801504
  vertex 0.20947178 -0.90101594 0.37986082
 endloop
endfacet
facet normal 0.28981227 -0.53627044 -0.7927312
 outer loop
  vertex 0.31869972 -0.48309892 -0.81550395
  vertex 0.3384079 -0.5592287 -0.75679827
  vertex 0.257006 -0.58630925 -0.7682382
 endloop
endfacet
facet normal 0.28981248 -0.5362705 -0.7927311
 outer loop
  vertex 0.31869972 -0.48309892 -0.81550395
  vertex 0.257006 -0.58630925 -0.7682382
  vertex 0.2419546 -0.5086302 -0.8262895
 endloop
endfacet
facet normal 0.25391367 -0.9061475 0.33826712
 outer loop
  vertex 0.29990873 -0.906205 0.29807565
  vertex 0.27473816 -0.87930346 0.3890331
  vertex 0.20947178 -0.90101594 0.37986082
 endloop
endfacet
facet normal 0.2539141 -0.9061472 0.33826756
 outer loop
  vertex 0.29990873 -0.906205 0.29807565
  vertex 0.20947178 -0.90101594 0.37986082
  vertex 0.22855937 -0.9299412 0.28804848
 endloop
endfacet
facet normal 0.27106056 -0.4568849 -0.8472204
 outer loop
  vertex 0.2959219 -0.40231603 -0.8663557
  vertex 0.31869972 -0.48309892 -0.81550395
  vertex 0.2419546 -0.5086302 -0.8262895
 endloop
endfacet
facet normal 0.27105963 -0.4568846 -0.8472208
 outer loop
  vertex 0.2959219 -0.40231603 -0.8663557
  vertex 0.2419546 -0.5086302 -0.8262895
  vertex 0.22457257 -0.4260522 -0.8763829
 endloop
endfacet
facet normal 0.27480018 -0.9296734 0.2453413
 outer loop
  vertex 0.3221911 -0.92437994 0.20424733
  vertex 0.29990873 -0.906205 0.29807565
  vertex 0.22855937 -0.9299412 0.28804848
 endloop
endfacet
facet normal 0.27480018 -0.9296734 0.24534126
 outer loop
  vertex 0.3221911 -0.92437994 0.20424733
  vertex 0.22855937 -0.9299412 0.28804848
  vertex 0.24544594 -0.9499112 0.19346184
 endloop
endfacet
facet normal 0.24969672 -0.3730925 -0.8935623
 outer loop
  vertex 0.27029434 -0.31765926 -0.90886414
  vertex 0.2959219 -0.40231603 -0.8663557
  vertex 0.22457257 -0.4260522 -0.8763829
 endloop
endfacet
facet normal 0.24969666 -0.37309247 -0.8935623
 outer loop
  vertex 0.27029434 -0.31765926 -0.90886414
  vertex 0.22457257 -0.4260522 -0.8763829
  vertex 0.20502792 -0.33937174 -0.91803646
 endloop
endfacet
facet normal 0.29303938 -0.9442502 0.15006456
 outer loop
  vertex 0.3413705 -0.933652 0.10845225
  vertex 0.3221911 -0.92437994 0.20424733
  vertex 0.24544594 -0.9499112 0.19346184
 endloop
endfacet
facet normal 0.29303938 -0.9442503 0.15006457
 outer loop
  vertex 0.3413705 -0.933652 0.10845225
  vertex 0.24544594 -0.9499112 0.19346184
  vertex 0.2599686 -0.9607324 0.097012304
 endloop
endfacet
facet normal 0.22592261 -0.28568143 -0.9313136
 outer loop
  vertex 0.2420638 -0.22994278 -0.94261956
  vertex 0.27029434 -0.31765926 -0.90886414
  vertex 0.20502792 -0.33937174 -0.91803646
 endloop
endfacet
facet normal 0.22592254 -0.28568143 -0.9313137
 outer loop
  vertex 0.2420638 -0.22994278 -0.94261956
  vertex 0.20502792 -0.33937174 -0.91803646
  vertex 0.1835089 -0.2494226 -0.95084864
 endloop
endfacet
facet normal 0.3084548 -0.9497406 0.05337158
 outer loop
  vertex 0.35726216 -0.9339327 0.0116125
  vertex 0.3413705 -0.933652 0.10845225
  vertex 0.2599686 -0.9607324 0.097012304
 endloop
endfacet
facet normal 0.30845505 -0.94974047 0.053371888
 outer loop
  vertex 0.35726216 -0.9339327 0.0116125
  vertex 0.2599686 -0.9607324 0.097012304
  vertex 0.27198747 -0.96230155 -0.0003716394
 endloop
endfacet
facet normal 0.1999673 -0.19550124 -0.9601002
 outer loop
  vertex 0.21150221 -0.14001207 -0.9672971
  vertex 0.2420638 -0.22994278 -0.94261956
  vertex 0.1835089 -0.2494226 -0.95084864
 endloop
endfacet
facet normal 0.19996849 -0.19550152 -0.96009994
 outer loop
  vertex 0.21150221 -0.14001207 -0.9672971
  vertex 0.1835089 -0.2494226 -0.95084864
  vertex 0.16022271 -0.15707155 -0.97450376
 endloop
endfacet
facet normal 0.32090178 -0.94609845 -0.043815617
 outer loop
  vertex 0.3697135 -0.9252194 -0.08533911
  vertex 0.35726216 -0.9339327 0.0116125
  vertex 0.27198747 -0.96230155 -0.0003716394
 endloop
endfacet
facet normal 0.32090145 -0.94609857 -0.043816023
 outer loop
  vertex 0.3697135 -0.9252194 -0.08533911
  vertex 0.27198747 -0.96230155 -0.0003716394
  vertex 0.28138727 -0.9546034 -0.09775213
 endloop
endfacet
facet normal 0.17207913 -0.1034136 -0.9796399
 outer loop
  vertex 0.1789034 -0.04873295 -0.9826589
  vertex 0.21150221 -0.14001207 -0.9672971
  vertex 0.16022271 -0.15707155 -0.97450376
 endloop
endfacet
facet normal 0.17207834 -0.103413485 -0.9796401
 outer loop
  vertex 0.1789034 -0.04873295 -0.9826589
  vertex 0.16022271 -0.15707155 -0.97450376
  vertex 0.13539314 -0.06320773 -0.9887737
 endloop
endfacet
facet normal 0.33026248 -0.9333626 -0.14057387
 outer loop
  vertex 0.3786041 -0.90759546 -0.18146867
  vertex 0.3697135 -0.9252194 -0.08533911
  vertex 0.28138727 -0.9546034 -0.09775213
 endloop
endfacet
facet normal 0.3302634 -0.93336236 -0.14057267
 outer loop
  vertex 0.3786041 -0.90759546 -0.18146867
  vertex 0.28138727 -0.9546034 -0.09775213
  vertex 0.288077 -0.9377117 -0.19419098
 endloop
endfacet
facet normal 0.14252467 -0.010311578 -0.98973745
 outer loop
  vertex 0.14458169 0.043015793 -0.9885572
  vertex 0.1789034 -0.04873295 -0.9826589
  vertex 0.13539314 -0.06320773 -0.9887737
 endloop
endfacet
facet normal 0.14252402 -0.010311522 -0.98973763
 outer loop
  vertex 0.14458169 0.043015793 -0.9885572
  vertex 0.13539314 -0.06320773 -0.9887737
  vertex 0.109259784 0.031265065 -0.9935212
 endloop
endfacet
facet normal 0.3364493 -0.91165906 -0.23596527
 outer loop
  vertex 0.38384846 -0.88123107 -0.27585068
  vertex 0.3786041 -0.90759546 -0.18146867
  vertex 0.288077 -0.9377117 -0.19419098
 endloop
endfacet
facet normal 0.33644834 -0.9116591 -0.2359664
 outer loop
  vertex 0.38384846 -0.88123107 -0.27585068
  vertex 0.288077 -0.9377117 -0.19419098
  vertex 0.29199228 -0.91178936 -0.2887598
 endloop
endfacet
facet normal 0.053004384 -0.519578 0.8527774
 outer loop
  vertex 0.07826912 -0.55463296 0.82840717
  vertex 0.04090264 -0.47819075 0.8773042
  vertex 0.031855587 -0.48120046 0.87603277
 endloop
endfacet
facet normal 0.05300371 -0.5195782 0.8527772
 outer loop
  vertex 0.07826912 -0.55463296 0.82840717
  vertex 0.031855587 -0.48120046 0.87603277
  vertex 0.060262144 -0.5606234 0.82587653
 endloop
endfacet
facet normal 0.11159091 0.08290463 -0.99029
 outer loop
  vertex 0.10886775 0.13434966 -0.9849354
  vertex 0.14458169 0.043015793 -0.9885572
  vertex 0.109259784 0.031265065 -0.9935212
 endloop
endfacet
facet normal 0.11159154 0.08290462 -0.99028987
 outer loop
  vertex 0.10886775 0.13434966 -0.9849354
  vertex 0.109259784 0.031265065 -0.9935212
  vertex 0.08207426 0.12543611 -0.98870087
 endloop
endfacet
facet normal 0.33940122 -0.88119775 -0.32908565
 outer loop
  vertex 0.38539624 -0.8463798 -0.36757612
  vertex 0.38384846 -0.88123107 -0.27585068
  vertex 0.29199228 -0.91178936 -0.2887598
 endloop
endfacet
facet normal 0.3394007 -0.8811977 -0.32908615
 outer loop
  vertex 0.38539624 -0.8463798 -0.36757612
  vertex 0.29199228 -0.91178936 -0.2887598
  vertex 0.29309556 -0.8770859 -0.3805477
 endloop
endfacet
facet normal 0.08566991 -0.59508747 0.7990817
 outer loop
  vertex 0.11488166 -0.62573355 0.7715323
  vertex 0.07826912 -0.55463296 0.82840717
  vertex 0.060262144 -0.5606234 0.82587653
 endloop
endfacet
facet normal 0.085670255 -0.59508723 0.7990818
 outer loop
  vertex 0.11488166 -0.62573355 0.7715323
  vertex 0.060262144 -0.5606234 0.82587653
  vertex 0.08808818 -0.6346471 0.76776683
 endloop
endfacet
facet normal 0.23771745 -0.7663081 -0.59687704
 outer loop
  vertex 0.2795629 -0.72403467 -0.63057077
  vertex 0.28685093 -0.7827544 -0.55228007
  vertex 0.19355544 -0.80458605 -0.5614079
 endloop
endfacet
facet normal 0.23771824 -0.7663085 -0.5968764
 outer loop
  vertex 0.2795629 -0.72403467 -0.63057077
  vertex 0.19355544 -0.80458605 -0.5614079
  vertex 0.18853559 -0.7453356 -0.6394768
 endloop
endfacet
facet normal 0.12918834 -0.79812104 0.58848375
 outer loop
  vertex 0.1654481 -0.8174953 0.5516619
  vertex 0.14093557 -0.7637043 0.6299962
  vertex 0.09609478 -0.7741973 0.62560904
 endloop
endfacet
facet normal 0.1291885 -0.7981209 0.58848387
 outer loop
  vertex 0.1654481 -0.8174953 0.5516619
  vertex 0.09609478 -0.7741973 0.62560904
  vertex 0.112600416 -0.82986194 0.5464914
 endloop
endfacet
facet normal 0.23043521 -0.70376676 -0.67202085
 outer loop
  vertex 0.26958257 -0.65834224 -0.7027887
  vertex 0.2795629 -0.72403467 -0.63057077
  vertex 0.18853559 -0.7453356 -0.6394768
 endloop
endfacet
facet normal 0.23043363 -0.7037661 -0.672022
 outer loop
  vertex 0.26958257 -0.65834224 -0.7027887
  vertex 0.18853559 -0.7453356 -0.6394768
  vertex 0.18170013 -0.67890716 -0.7113869
 endloop
endfacet
facet normal 0.14907792 -0.84901005 0.50690985
 outer loop
  vertex 0.18836692 -0.86341316 0.46801504
  vertex 0.1654481 -0.8174953 0.5516619
  vertex 0.112600416 -0.82986194 0.5464914
 endloop
endfacet
facet normal 0.14907755 -0.84901035 0.50690967
 outer loop
  vertex 0.18836692 -0.86341316 0.46801504
  vertex 0.112600416 -0.82986194 0.5464914
  vertex 0.12802133 -0.87753433 0.46211094
 endloop
endfacet
facet normal 0.22093385 -0.634447 -0.7407195
 outer loop
  vertex 0.257006 -0.58630925 -0.7682382
  vertex 0.26958257 -0.65834224 -0.7027887
  vertex 0.18170013 -0.67890716 -0.7113869
 endloop
endfacet
facet normal 0.22093524 -0.6344475 -0.74071866
 outer loop
  vertex 0.257006 -0.58630925 -0.7682382
  vertex 0.18170013 -0.67890716 -0.7113869
  vertex 0.17311476 -0.6059403 -0.776446
 endloop
endfacet
facet normal 0.16752568 -0.8917061 0.42047033
 outer loop
  vertex 0.20947178 -0.90101594 0.37986082
  vertex 0.18836692 -0.86341316 0.46801504
  vertex 0.12802133 -0.87753433 0.46211094
 endloop
endfacet
facet normal 0.16752592 -0.891706 0.42047054
 outer loop
  vertex 0.20947178 -0.90101594 0.37986082
  vertex 0.12802133 -0.87753433 0.46211094
  vertex 0.14220943 -0.9167557 0.37328002
 endloop
endfacet
facet normal 0.20930986 -0.5590203 -0.8023002
 outer loop
  vertex 0.2419546 -0.5086302 -0.8262895
  vertex 0.257006 -0.58630925 -0.7682382
  vertex 0.17311476 -0.6059403 -0.776446
 endloop
endfacet
facet normal 0.2093084 -0.5590196 -0.80230105
 outer loop
  vertex 0.2419546 -0.5086302 -0.8262895
  vertex 0.17311476 -0.6059403 -0.776446
  vertex 0.16286242 -0.5271382 -0.83402765
 endloop
endfacet
facet normal 0.18435651 -0.9258039 0.32999945
 outer loop
  vertex 0.22855937 -0.9299412 0.28804848
  vertex 0.20947178 -0.90101594 0.37986082
  vertex 0.14220943 -0.9167557 0.37328002
 endloop
endfacet
facet normal 0.18435682 -0.9258038 0.32999974
 outer loop
  vertex 0.22855937 -0.9299412 0.28804848
  vertex 0.14220943 -0.9167557 0.37328002
  vertex 0.15502809 -0.9471479 0.28085434
 endloop
endfacet
facet normal 0.19566567 -0.4781908 -0.8561826
 outer loop
  vertex 0.22457257 -0.4260522 -0.8763829
  vertex 0.2419546 -0.5086302 -0.8262895
  vertex 0.16286242 -0.5271382 -0.83402765
 endloop
endfacet
facet normal 0.19566587 -0.47819087 -0.85618246
 outer loop
  vertex 0.22457257 -0.4260522 -0.8763829
  vertex 0.16286242 -0.5271382 -0.83402765
  vertex 0.15104128 -0.44325894 -0.883577
 endloop
endfacet
facet normal 0.19940753 -0.9509792 0.23637971
 outer loop
  vertex 0.24544594 -0.9499112 0.19346184
  vertex 0.22855937 -0.9299412 0.28804848
  vertex 0.15502809 -0.9471479 0.28085434
 endloop
endfacet
facet normal 0.19940704 -0.95097935 0.23637918
 outer loop
  vertex 0.24544594 -0.9499112 0.19346184
  vertex 0.15502809 -0.9471479 0.28085434
  vertex 0.16635376 -0.96841913 0.18572363
 endloop
endfacet
facet normal 0.18013823 -0.3927496 -0.9018304
 outer loop
  vertex 0.20502792 -0.33937174 -0.91803646
  vertex 0.22457257 -0.4260522 -0.8763829
  vertex 0.15104128 -0.44325894 -0.883577
 endloop
endfacet
facet normal 0.18013811 -0.39274958 -0.9018304
 outer loop
  vertex 0.20502792 -0.33937174 -0.91803646
  vertex 0.15104128 -0.44325894 -0.883577
  vertex 0.13776557 -0.35511148 -0.92461723
 endloop
endfacet
facet normal 0.21253698 -0.967 0.14049552
 outer loop
  vertex 0.2599686 -0.9607324 0.097012304
  vertex 0.24544594 -0.9499112 0.19346184
  vertex 0.16635376 -0.96841913 0.18572363
 endloop
endfacet
facet normal 0.21253756 -0.96699977 0.14049615
 outer loop
  vertex 0.2599686 -0.9607324 0.097012304
  vertex 0.16635376 -0.96841913 0.18572363
  vertex 0.17607737 -0.9803634 0.088804536
 endloop
endfacet
facet normal 0.16287099 -0.30349952 -0.9388083
 outer loop
  vertex 0.1835089 -0.2494226 -0.95084864
  vertex 0.20502792 -0.33937174 -0.91803646
  vertex 0.13776557 -0.35511148 -0.92461723
 endloop
endfacet
facet normal 0.16287242 -0.30350006 -0.9388079
 outer loop
  vertex 0.1835089 -0.2494226 -0.95084864
  vertex 0.13776557 -0.35511148 -0.92461723
  vertex 0.12316331 -0.26354378 -0.9567528
 endloop
endfacet
facet normal 0.2236196 -0.9737148 0.04328803
 outer loop
  vertex 0.27198747 -0.96230155 -0.0003716394
  vertex 0.2599686 -0.9607324 0.097012304
  vertex 0.17607737 -0.9803634 0.088804536
 endloop
endfacet
facet normal 0.2236189 -0.97371495 0.043287262
 outer loop
  vertex 0.27198747 -0.96230155 -0.0003716394
  vertex 0.17607737 -0.9803634 0.088804536
  vertex 0.18410505 -0.98286647 -0.008969908
 endloop
endfacet
facet normal 0.14403287 -0.2113087 -0.9667488
 outer loop
  vertex 0.16022271 -0.15707155 -0.97450376
  vertex 0.1835089 -0.2494226 -0.95084864
  vertex 0.12316331 -0.26354378 -0.9567528
 endloop
endfacet
facet normal 0.14403234 -0.21130851 -0.9667489
 outer loop
  vertex 0.16022271 -0.15707155 -0.97450376
  vertex 0.12316331 -0.26354378 -0.9567528
  vertex 0.10737501 -0.1694382 -0.9796743
 endloop
endfacet
facet normal 0.23254874 -0.9710667 -0.054318193
 outer loop
  vertex 0.28138727 -0.9546034 -0.09775213
  vertex 0.27198747 -0.96230155 -0.0003716394
  vertex 0.18410505 -0.98286647 -0.008969908
 endloop
endfacet
facet normal 0.23254949 -0.97106665 -0.054317355
 outer loop
  vertex 0.28138727 -0.9546034 -0.09775213
  vertex 0.18410505 -0.98286647 -0.008969908
  vertex 0.19035996 -0.9759043 -0.10665811
 endloop
endfacet
facet normal 0.12379967 -0.11705695 -0.9853788
 outer loop
  vertex 0.13539314 -0.06320773 -0.9887737
  vertex 0.16022271 -0.15707155 -0.97450376
  vertex 0.10737501 -0.1694382 -0.9796743
 endloop
endfacet
facet normal 0.1237995 -0.11705692 -0.9853788
 outer loop
  vertex 0.13539314 -0.06320773 -0.9887737
  vertex 0.10737501 -0.1694382 -0.9796743
  vertex 0.09055232 -0.07370071 -0.99316084
 endloop
endfacet
facet normal 0.23924324 -0.9590845 -0.15139186
 outer loop
  vertex 0.288077 -0.9377117 -0.19419098
  vertex 0.28138727 -0.9546034 -0.09775213
  vertex 0.19035996 -0.9759043 -0.10665811
 endloop
endfacet
facet normal 0.23924279 -0.9590846 -0.1513924
 outer loop
  vertex 0.288077 -0.9377117 -0.19419098
  vertex 0.19035996 -0.9759043 -0.10665811
  vertex 0.1947815 -0.95954335 -0.20331886
 endloop
endfacet
facet normal 0.10236937 -0.021659082 -0.99451065
 outer loop
  vertex 0.109259784 0.031265065 -0.9935212
  vertex 0.13539314 -0.06320773 -0.9887737
  vertex 0.09055232 -0.07370071 -0.99316084
 endloop
endfacet
facet normal 0.10236889 -0.021658998 -0.99451065
 outer loop
  vertex 0.109259784 0.031265065 -0.9935212
  vertex 0.09055232 -0.07370071 -0.99316084
  vertex 0.07285768 0.022746814 -0.9970827
 endloop
endfacet
facet normal 0.24363646 -0.9378875 -0.24699843
 outer loop
  vertex 0.29199228 -0.91178936 -0.2887598
  vertex 0.288077 -0.9377117 -0.19419098
  vertex 0.1947815 -0.95954335 -0.20331886
 endloop
endfacet
facet normal 0.24363664 -0.9378875 -0.24699832
 outer loop
  vertex 0.29199228 -0.91178936 -0.2887598
  vertex 0.1947815 -0.95954335 -0.20331886
  vertex 0.197327 -0.93394154 -0.29802167
 endloop
endfacet
facet normal 0.03922527 -0.5234721 0.8511394
 outer loop
  vertex 0.060262144 -0.5606234 0.82587653
  vertex 0.031855587 -0.48120046 0.87603277
  vertex 0.022531865 -0.48338228 0.8751206
 endloop
endfacet
facet normal 0.03922102 -0.5234736 0.85113865
 outer loop
  vertex 0.060262144 -0.5606234 0.82587653
  vertex 0.022531865 -0.48338228 0.8751206
  vertex 0.041704483 -0.564966 0.82406086
 endloop
endfacet
facet normal 0.07994816 0.073962264 -0.9940513
 outer loop
  vertex 0.08207426 0.12543611 -0.98870087
  vertex 0.109259784 0.031265065 -0.9935212
  vertex 0.07285768 0.022746814 -0.9970827
 endloop
endfacet
facet normal 0.07995025 0.073962055 -0.99405104
 outer loop
  vertex 0.08207426 0.12543611 -0.98870087
  vertex 0.07285768 0.022746814 -0.9970827
  vertex 0.0544614 0.11897452 -0.9914025
 endloop
endfacet
facet normal 0.24568915 -0.9076804 -0.34022528
 outer loop
  vertex 0.29309556 -0.8770859 -0.3805477
  vertex 0.29199228 -0.91178936 -0.2887598
  vertex 0.197327 -0.93394154 -0.29802167
 endloop
endfacet
facet normal 0.24568945 -0.9076804 -0.34022483
 outer loop
  vertex 0.29309556 -0.8770859 -0.3805477
  vertex 0.197327 -0.93394154 -0.29802167
  vertex 0.19797225 -0.89934534 -0.38985437
 endloop
endfacet
facet normal 0.06284711 -0.6015369 0.7963689
 outer loop
  vertex 0.08808818 -0.6346471 0.76776683
  vertex 0.060262144 -0.5606234 0.82587653
  vertex 0.041704483 -0.564966 0.82406086
 endloop
endfacet
facet normal 0.062849075 -0.6015361 0.7963694
 outer loop
  vertex 0.08808818 -0.6346471 0.76776683
  vertex 0.041704483 -0.564966 0.82406086
  vertex 0.060475323 -0.6411087 0.76506525
 endloop
endfacet
facet normal 0.05675319 0.16888955 -0.9839997
 outer loop
  vertex 0.054098345 0.21839952 -0.97435856
  vertex 0.08207426 0.12543611 -0.98870087
  vertex 0.0544614 0.11897452 -0.9914025
 endloop
endfacet
facet normal 0.05675314 0.16888955 -0.98399967
 outer loop
  vertex 0.054098345 0.21839952 -0.97435856
  vertex 0.0544614 0.11897452 -0.9914025
  vertex 0.035540685 0.21405692 -0.97617424
 endloop
endfacet
facet normal 0.24538144 -0.8687538 -0.43018007
 outer loop
  vertex 0.29137626 -0.8339358 -0.4686706
  vertex 0.29309556 -0.8770859 -0.3805477
  vertex 0.19797225 -0.89934534 -0.38985437
 endloop
endfacet
facet normal 0.24538118 -0.86875373 -0.43018028
 outer loop
  vertex 0.29137626 -0.8339358 -0.4686706
  vertex 0.19797225 -0.89934534 -0.38985437
  vertex 0.19671102 -0.856088 -0.47793248
 endloop
endfacet
facet normal 0.08586669 -0.67378825 0.7339184
 outer loop
  vertex 0.11506592 -0.70255846 0.7022631
  vertex 0.08808818 -0.6346471 0.76776683
  vertex 0.060475323 -0.6411087 0.76506525
 endloop
endfacet
facet normal 0.08586533 -0.6737891 0.73391795
 outer loop
  vertex 0.11506592 -0.70255846 0.7022631
  vertex 0.060475323 -0.6411087 0.76506525
  vertex 0.07866381 -0.71107674 0.6987016
 endloop
endfacet
facet normal 0.033006467 0.26219475 -0.96445036
 outer loop
  vertex 0.025601288 0.3092597 -0.95063263
  vertex 0.054098345 0.21839952 -0.97435856
  vertex 0.035540685 0.21405692 -0.97617424
 endloop
endfacet
facet normal 0.033002358 0.26219445 -0.9644506
 outer loop
  vertex 0.025601288 0.3092597 -0.95063263
  vertex 0.035540685 0.21405692 -0.97617424
  vertex 0.01627757 0.3070779 -0.9515448
 endloop
endfacet
facet normal 0.24271566 -0.8214796 -0.5160042
 outer loop
  vertex 0.28685093 -0.7827544 -0.55228007
  vertex 0.29137626 -0.8339358 -0.4686706
  vertex 0.19671102 -0.856088 -0.47793248
 endloop
endfacet
facet normal 0.24271539 -0.82147956 -0.5160043
 outer loop
  vertex 0.28685093 -0.7827544 -0.55228007
  vertex 0.19671102 -0.856088 -0.47793248
  vertex 0.19355544 -0.80458605 -0.5614079
 endloop
endfacet
facet normal 0.108049504 -0.7395258 0.6643997
 outer loop
  vertex 0.14093557 -0.7637043 0.6299962
  vertex 0.11506592 -0.70255846 0.7022631
  vertex 0.07866381 -0.71107674 0.6987016
 endloop
endfacet
facet normal 0.10804925 -0.73952585 0.66439956
 outer loop
  vertex 0.14093557 -0.7637043 0.6299962
  vertex 0.07866381 -0.71107674 0.6987016
  vertex 0.09609478 -0.7741973 0.62560904
 endloop
endfacet
facet normal 0.13395856 -0.65067816 -0.7474444
 outer loop
  vertex 0.17311476 -0.6059403 -0.776446
  vertex 0.18170013 -0.67890716 -0.7113869
  vertex 0.09205618 -0.6914702 -0.7165165
 endloop
endfacet
facet normal 0.1339574 -0.6506775 -0.74744505
 outer loop
  vertex 0.17311476 -0.6059403 -0.776446
  vertex 0.09205618 -0.6914702 -0.7165165
  vertex 0.087542035 -0.61793274 -0.7813425
 endloop
endfacet
facet normal 0.10288422 -0.90376866 0.41547197
 outer loop
  vertex 0.14220943 -0.9167557 0.37328002
  vertex 0.12802133 -0.87753433 0.46211094
  vertex 0.066466205 -0.8861609 0.45858872
 endloop
endfacet
facet normal 0.10288393 -0.9037689 0.4154718
 outer loop
  vertex 0.14220943 -0.9167557 0.37328002
  vertex 0.066466205 -0.8861609 0.45858872
  vertex 0.07359891 -0.92637104 0.369354
 endloop
endfacet
facet normal 0.12677465 -0.57442105 -0.8086833
 outer loop
  vertex 0.16286242 -0.5271382 -0.83402765
  vertex 0.17311476 -0.6059403 -0.776446
  vertex 0.087542035 -0.61793274 -0.7813425
 endloop
endfacet
facet normal 0.12677646 -0.574422 -0.8086823
 outer loop
  vertex 0.16286242 -0.5271382 -0.83402765
  vertex 0.087542035 -0.61793274 -0.7813425
  vertex 0.08218499 -0.5384447 -0.83864415
 endloop
endfacet
facet normal 0.11304339 -0.9391116 0.32448515
 outer loop
  vertex 0.15502809 -0.9471479 0.28085434
  vertex 0.14220943 -0.9167557 0.37328002
  vertex 0.07359891 -0.92637104 0.369354
 endloop
endfacet
facet normal 0.113043286 -0.9391116 0.3244851
 outer loop
  vertex 0.15502809 -0.9471479 0.28085434
  vertex 0.07359891 -0.92637104 0.369354
  vertex 0.08002299 -0.9576594 0.27656242
 endloop
endfacet
facet normal 0.11837162 -0.49261475 -0.86215943
 outer loop
  vertex 0.15104128 -0.44325894 -0.883577
  vertex 0.16286242 -0.5271382 -0.83402765
  vertex 0.08218499 -0.5384447 -0.83864415
 endloop
endfacet
facet normal 0.11837163 -0.4926147 -0.86215943
 outer loop
  vertex 0.15104128 -0.44325894 -0.883577
  vertex 0.08218499 -0.5384447 -0.83864415
  vertex 0.076036185 -0.45377046 -0.88786894
 endloop
endfacet
facet normal 0.12211152 -0.9654034 0.23040207
 outer loop
  vertex 0.16635376 -0.96841913 0.18572363
  vertex 0.15502809 -0.9471479 0.28085434
  vertex 0.08002299 -0.9576594 0.27656242
 endloop
endfacet
facet normal 0.122111686 -0.9654033 0.23040222
 outer loop
  vertex 0.16635376 -0.96841913 0.18572363
  vertex 0.08002299 -0.9576594 0.27656242
  vertex 0.085676365 -0.9797256 0.18110716
 endloop
endfacet
facet normal 0.10882667 -0.40605697 -0.9073447
 outer loop
  vertex 0.13776557 -0.35511148 -0.92461723
  vertex 0.15104128 -0.44325894 -0.883577
  vertex 0.076036185 -0.45377046 -0.88786894
 endloop
endfacet
facet normal 0.10882588 -0.40605664 -0.907345
 outer loop
  vertex 0.13776557 -0.35511148 -0.92461723
  vertex 0.076036185 -0.45377046 -0.88786894
  vertex 0.06915507 -0.36472684 -0.9285432
 endloop
endfacet
facet normal 0.13000363 -0.98240143 0.13411388
 outer loop
  vertex 0.17607737 -0.9803634 0.088804536
  vertex 0.16635376 -0.96841913 0.18572363
  vertex 0.085676365 -0.9797256 0.18110716
 endloop
endfacet
facet normal 0.13000306 -0.98240155 0.13411333
 outer loop
  vertex 0.17607737 -0.9803634 0.088804536
  vertex 0.085676365 -0.9797256 0.18110716
  vertex 0.09050467 -0.9923559 0.083907984
 endloop
endfacet
facet normal 0.098230086 -0.3155628 -0.94380665
 outer loop
  vertex 0.12316331 -0.26354378 -0.9567528
  vertex 0.13776557 -0.35511148 -0.92461723
  vertex 0.06915507 -0.36472684 -0.9285432
 endloop
endfacet
facet normal 0.09822834 -0.315562 -0.9438071
 outer loop
  vertex 0.12316331 -0.26354378 -0.9567528
  vertex 0.06915507 -0.36472684 -0.9285432
  vertex 0.061608188 -0.27217036 -0.96027493
 endloop
endfacet
facet normal 0.13664232 -0.9899456 0.036561623
 outer loop
  vertex 0.18410505 -0.98286647 -0.008969908
  vertex 0.17607737 -0.9803634 0.088804536
  vertex 0.09050467 -0.9923559 0.083907984
 endloop
endfacet
facet normal 0.13664334 -0.9899453 0.036562677
 outer loop
  vertex 0.18410505 -0.98286647 -0.008969908
  vertex 0.09050467 -0.9923559 0.083907984
  vertex 0.09446114 -0.9954296 -0.014099424
 endloop
endfacet
facet normal 0.086684085 -0.2220101 -0.9711835
 outer loop
  vertex 0.10737501 -0.1694382 -0.9796743
  vertex 0.12316331 -0.26354378 -0.9567528
  vertex 0.061608188 -0.27217036 -0.96027493
 endloop
endfacet
facet normal 0.08668651 -0.22201112 -0.97118306
 outer loop
  vertex 0.10737501 -0.1694382 -0.9796743
  vertex 0.061608188 -0.27217036 -0.96027493
  vertex 0.05346807 -0.17699294 -0.98275894
 endloop
endfacet
facet normal 0.14196758 -0.9879701 -0.06132195
 outer loop
  vertex 0.19035996 -0.9759043 -0.10665811
  vertex 0.18410505 -0.98286647 -0.008969908
  vertex 0.09446114 -0.9954296 -0.014099424
 endloop
endfacet
facet normal 0.14196664 -0.9879701 -0.061322916
 outer loop
  vertex 0.19035996 -0.9759043 -0.10665811
  vertex 0.09446114 -0.9954296 -0.014099424
  vertex 0.09750813 -0.9889169 -0.11197121
 endloop
endfacet
facet normal 0.07430356 -0.12629335 -0.9892062
 outer loop
  vertex 0.09055232 -0.07370071 -0.99316084
  vertex 0.10737501 -0.1694382 -0.9796743
  vertex 0.05346807 -0.17699294 -0.98275894
 endloop
endfacet
facet normal 0.07430194 -0.12629277 -0.98920643
 outer loop
  vertex 0.09055232 -0.07370071 -0.99316084
  vertex 0.05346807 -0.17699294 -0.98275894
  vertex 0.04481274 -0.0801108 -0.9957781
 endloop
endfacet
facet normal 0.14592576 -0.9764984 -0.15860847
 outer loop
  vertex 0.1947815 -0.95954335 -0.20331886
  vertex 0.19035996 -0.9759043 -0.10665811
  vertex 0.09750813 -0.9889169 -0.11197121
 endloop
endfacet
facet normal 0.1459269 -0.97649837 -0.15860724
 outer loop
  vertex 0.1947815 -0.95954335 -0.20331886
  vertex 0.09750813 -0.9889169 -0.11197121
  vertex 0.099615976 -0.9728803 -0.20876434
 endloop
endfacet
facet normal 0.06120051 -0.029341364 -0.99769413
 outer loop
  vertex 0.07285768 0.022746814 -0.9970827
  vertex 0.09055232 -0.07370071 -0.99316084
  vertex 0.04481274 -0.0801108 -0.9957781
 endloop
endfacet
facet normal 0.06120148 -0.029341627 -0.997694
 outer loop
  vertex 0.07285768 0.022746814 -0.9970827
  vertex 0.04481274 -0.0801108 -0.9957781
  vertex 0.03572597 0.017543001 -0.99920744
 endloop
endfacet
facet normal 0.14848314 -0.95564413 -0.2543562
 outer loop
  vertex 0.197327 -0.93394154 -0.29802167
  vertex 0.1947815 -0.95954335 -0.20331886
  vertex 0.099615976 -0.9728803 -0.20876434
 endloop
endfacet
facet normal 0.14848204 -0.95564395 -0.2543574
 outer loop
  vertex 0.197327 -0.93394154 -0.29802167
  vertex 0.099615976 -0.9728803 -0.20876434
  vertex 0.10076434 -0.9474742 -0.3035471
 endloop
endfacet
facet normal 0.025086705 -0.5261112 0.8500457
 outer loop
  vertex 0.041704483 -0.564966 0.82406086
  vertex 0.022531865 -0.48338228 0.8751206
  vertex 0.013021267 -0.48471513 0.87457633
 endloop
endfacet
facet normal 0.025088323 -0.52611077 0.8500459
 outer loop
  vertex 0.041704483 -0.564966 0.82406086
  vertex 0.013021267 -0.48471513 0.87457633
  vertex 0.022774868 -0.56761885 0.82297766
 endloop
endfacet
facet normal 0.04750756 0.06790793 -0.9965598
 outer loop
  vertex 0.0544614 0.11897452 -0.9914025
  vertex 0.07285768 0.022746814 -0.9970827
  vertex 0.03572597 0.017543001 -0.99920744
 endloop
endfacet
facet normal 0.047507394 0.06790797 -0.9965598
 outer loop
  vertex 0.0544614 0.11897452 -0.9914025
  vertex 0.03572597 0.017543001 -0.99920744
  vertex 0.026295085 0.115027174 -0.9930142
 endloop
endfacet
facet normal 0.14961149 -0.92560947 -0.3476544
 outer loop
  vertex 0.19797225 -0.89934534 -0.38985437
  vertex 0.197327 -0.93394154 -0.29802167
  vertex 0.10076434 -0.9474742 -0.3035471
 endloop
endfacet
facet normal 0.1496117 -0.9256095 -0.3476541
 outer loop
  vertex 0.19797225 -0.89934534 -0.38985437
  vertex 0.10076434 -0.9474742 -0.3035471
  vertex 0.10094237 -0.9129435 -0.39540654
 endloop
endfacet
facet normal 0.039445687 -0.6059034 0.7945597
 outer loop
  vertex 0.060475323 -0.6411087 0.76506525
  vertex 0.041704483 -0.564966 0.82406086
  vertex 0.022774868 -0.56761885 0.82297766
 endloop
endfacet
facet normal 0.03944737 -0.6059028 0.79456013
 outer loop
  vertex 0.060475323 -0.6411087 0.76506525
  vertex 0.022774868 -0.56761885 0.82297766
  vertex 0.03230901 -0.645056 0.76345354
 endloop
endfacet
facet normal 0.033352237 0.16452275 -0.9858092
 outer loop
  vertex 0.035540685 0.21405692 -0.97617424
  vertex 0.0544614 0.11897452 -0.9914025
  vertex 0.026295085 0.115027174 -0.9930142
 endloop
endfacet
facet normal 0.033350237 0.16452295 -0.98580927
 outer loop
  vertex 0.035540685 0.21405692 -0.97617424
  vertex 0.026295085 0.115027174 -0.9930142
  vertex 0.01661107 0.21140406 -0.9772574
 endloop
endfacet
facet normal 0.14930373 -0.8866826 -0.43760988
 outer loop
  vertex 0.19671102 -0.856088 -0.47793248
  vertex 0.19797225 -0.89934534 -0.38985437
  vertex 0.10094237 -0.9129435 -0.39540654
 endloop
endfacet
facet normal 0.14930348 -0.8866825 -0.43761012
 outer loop
  vertex 0.19671102 -0.856088 -0.47793248
  vertex 0.10094237 -0.9129435 -0.39540654
  vertex 0.10014834 -0.8696206 -0.48345792
 endloop
endfacet
facet normal 0.05342328 -0.679843 0.73140925
 outer loop
  vertex 0.07866381 -0.71107674 0.6987016
  vertex 0.060475323 -0.6411087 0.76506525
  vertex 0.03230901 -0.645056 0.76345354
 endloop
endfacet
facet normal 0.05342349 -0.6798429 0.7314093
 outer loop
  vertex 0.07866381 -0.71107674 0.6987016
  vertex 0.03230901 -0.645056 0.76345354
  vertex 0.041532096 -0.7162805 0.6965769
 endloop
endfacet
facet normal 0.018872129 0.25955755 -0.9655432
 outer loop
  vertex 0.01627757 0.3070779 -0.9515448
  vertex 0.035540685 0.21405692 -0.97617424
  vertex 0.01661107 0.21140406 -0.9772574
 endloop
endfacet
facet normal 0.018878631 0.25955752 -0.9655431
 outer loop
  vertex 0.01627757 0.3070779 -0.9515448
  vertex 0.01661107 0.21140406 -0.9772574
  vertex 0.0067669745 0.30574507 -0.9520891
 endloop
endfacet
facet normal 0.14756104 -0.83923614 -0.52336264
 outer loop
  vertex 0.19355544 -0.80458605 -0.5614079
  vertex 0.19671102 -0.856088 -0.47793248
  vertex 0.10014834 -0.8696206 -0.48345792
 endloop
endfacet
facet normal 0.14756201 -0.8392365 -0.52336174
 outer loop
  vertex 0.19355544 -0.80458605 -0.5614079
  vertex 0.10014834 -0.8696206 -0.48345792
  vertex 0.09838992 -0.817923 -0.5668534
 endloop
endfacet
facet normal 0.066881 -0.74720824 0.66121614
 outer loop
  vertex 0.09609478 -0.7741973 0.62560904
  vertex 0.07866381 -0.71107674 0.6987016
  vertex 0.041532096 -0.7162805 0.6965769
 endloop
endfacet
facet normal 0.066881485 -0.74720794 0.6612163
 outer loop
  vertex 0.09609478 -0.7741973 0.62560904
  vertex 0.041532096 -0.7162805 0.6965769
  vertex 0.050355203 -0.7806074 0.6229918
 endloop
endfacet
facet normal 0.1444015 -0.78372234 -0.60409236
 outer loop
  vertex 0.18853559 -0.7453356 -0.6394768
  vertex 0.19355544 -0.80458605 -0.5614079
  vertex 0.09838992 -0.817923 -0.5668534
 endloop
endfacet
facet normal 0.14440057 -0.7837219 -0.604093
 outer loop
  vertex 0.18853559 -0.7453356 -0.6394768
  vertex 0.09838992 -0.817923 -0.5668534
  vertex 0.09568377 -0.75834817 -0.6447899
 endloop
endfacet
facet normal 0.0796919 -0.8073575 0.5846564
 outer loop
  vertex 0.112600416 -0.82986194 0.5464914
  vertex 0.09609478 -0.7741973 0.62560904
  vertex 0.050355203 -0.7806074 0.6229918
 endloop
endfacet
facet normal 0.07969173 -0.80735755 0.5846563
 outer loop
  vertex 0.112600416 -0.82986194 0.5464914
  vertex 0.050355203 -0.7806074 0.6229918
  vertex 0.058693476 -0.8374167 0.5434067
 endloop
endfacet
facet normal 0.13985197 -0.72066945 -0.6790265
 outer loop
  vertex 0.18170013 -0.67890716 -0.7113869
  vertex 0.18853559 -0.7453356 -0.6394768
  vertex 0.09568377 -0.75834817 -0.6447899
 endloop
endfacet
facet normal 0.1398524 -0.7206697 -0.6790261
 outer loop
  vertex 0.18170013 -0.67890716 -0.7113869
  vertex 0.09568377 -0.75834817 -0.6447899
  vertex 0.09205618 -0.6914702 -0.7165165
 endloop
endfacet
facet normal 0.09173137 -0.8597115 0.50247526
 outer loop
  vertex 0.12802133 -0.87753433 0.46211094
  vertex 0.112600416 -0.82986194 0.5464914
  vertex 0.058693476 -0.8374167 0.5434067
 endloop
endfacet
facet normal 0.091731496 -0.85971147 0.5024754
 outer loop
  vertex 0.12802133 -0.87753433 0.46211094
  vertex 0.058693476 -0.8374167 0.5434067
  vertex 0.066466205 -0.8861609 0.45858872
 endloop
endfacet
facet normal 0.039918113 -0.5000181 -0.86509454
 outer loop
  vertex 0.076036185 -0.45377046 -0.88786894
  vertex 0.08218499 -0.5384447 -0.83864415
  vertex 0.0006992661 -0.5424408 -0.84009445
 endloop
endfacet
facet normal 0.039918263 -0.5000181 -0.8650944
 outer loop
  vertex 0.076036185 -0.45377046 -0.88786894
  vertex 0.0006992661 -0.5424408 -0.84009445
  vertex 0.0002796017 -0.45748562 -0.88921726
 endloop
endfacet
facet normal 0.04365876 -0.9728065 0.22746718
 outer loop
  vertex 0.085676365 -0.9797256 0.18110716
  vertex 0.08002299 -0.9576594 0.27656242
  vertex 0.0042664106 -0.9613746 0.27521414
 endloop
endfacet
facet normal 0.043658275 -0.97280663 0.22746679
 outer loop
  vertex 0.085676365 -0.9797256 0.18110716
  vertex 0.0042664106 -0.9613746 0.27521414
  vertex 0.0041906484 -0.9837217 0.17965692
 endloop
endfacet
facet normal 0.03644541 -0.41288698 -0.9100528
 outer loop
  vertex 0.06915507 -0.36472684 -0.9285432
  vertex 0.076036185 -0.45377046 -0.88786894
  vertex 0.0002796017 -0.45748562 -0.88921726
 endloop
endfacet
facet normal 0.036445066 -0.41288674 -0.91005296
 outer loop
  vertex 0.06915507 -0.36472684 -0.9285432
  vertex 0.0002796017 -0.45748562 -0.88921726
  vertex -0.00014284252 -0.36812526 -0.92977655
 endloop
endfacet
facet normal 0.0462337 -0.9903065 0.1309793
 outer loop
  vertex 0.09050467 -0.9923559 0.083907984
  vertex 0.085676365 -0.9797256 0.18110716
  vertex 0.0041906484 -0.9837217 0.17965692
 endloop
endfacet
facet normal 0.04623436 -0.9903063 0.13097991
 outer loop
  vertex 0.09050467 -0.9923559 0.083907984
  vertex 0.0041906484 -0.9837217 0.17965692
  vertex 0.004074616 -0.9965945 0.08236974
 endloop
endfacet
facet normal 0.03262022 -0.32175308 -0.94626147
 outer loop
  vertex 0.061608188 -0.27217036 -0.96027493
  vertex 0.06915507 -0.36472684 -0.9285432
  vertex -0.00014284252 -0.36812526 -0.92977655
 endloop
endfacet
facet normal 0.032619752 -0.3217528 -0.94626164
 outer loop
  vertex 0.061608188 -0.27217036 -0.96027493
  vertex -0.00014284252 -0.36812526 -0.92977655
  vertex -0.0005636383 -0.27521926 -0.96138144
 endloop
endfacet
facet normal 0.04836437 -0.9982759 0.033260193
 outer loop
  vertex 0.09446114 -0.9954296 -0.014099424
  vertex 0.09050467 -0.9923559 0.083907984
  vertex 0.004074616 -0.9965945 0.08236974
 endloop
endfacet
facet normal 0.04836358 -0.998276 0.03325945
 outer loop
  vertex 0.09446114 -0.9954296 -0.014099424
  vertex 0.004074616 -0.9965945 0.08236974
  vertex 0.0039190976 -0.99986976 -0.015710864
 endloop
endfacet
facet normal 0.028480092 -0.22750366 -0.97336066
 outer loop
  vertex 0.05346807 -0.17699294 -0.98275894
  vertex 0.061608188 -0.27217036 -0.96027493
  vertex -0.0005636383 -0.27521926 -0.96138144
 endloop
endfacet
facet normal 0.028480025 -0.22750361 -0.9733607
 outer loop
  vertex 0.05346807 -0.17699294 -0.98275894
  vertex -0.0005636383 -0.27521926 -0.96138144
  vertex -0.0009789603 -0.1796631 -0.98372793
 endloop
endfacet
facet normal 0.05002821 -0.9966458 -0.06476251
 outer loop
  vertex 0.09750813 -0.9889169 -0.11197121
  vertex 0.09446114 -0.9954296 -0.014099424
  vertex 0.0039190976 -0.99986976 -0.015710864
 endloop
endfacet
facet normal 0.050028335 -0.99664587 -0.06476238
 outer loop
  vertex 0.09750813 -0.9889169 -0.11197121
  vertex 0.0039190976 -0.99986976 -0.015710864
  vertex 0.0037260382 -0.99351597 -0.113640286
 endloop
endfacet
facet normal 0.024064422 -0.13103348 -0.9910858
 outer loop
  vertex 0.04481274 -0.0801108 -0.9957781
  vertex 0.05346807 -0.17699294 -0.98275894
  vertex -0.0009789603 -0.1796631 -0.98372793
 endloop
endfacet
facet normal 0.024064386 -0.13103348 -0.9910858
 outer loop
  vertex 0.04481274 -0.0801108 -0.9957781
  vertex -0.0009789603 -0.1796631 -0.98372793
  vertex -0.0013851043 -0.082376376 -0.9966003
 endloop
endfacet
facet normal 0.051211867 -0.9854362 -0.16215064
 outer loop
  vertex 0.099615976 -0.9728803 -0.20876434
  vertex 0.09750813 -0.9889169 -0.11197121
  vertex 0.0037260382 -0.99351597 -0.113640286
 endloop
endfacet
facet normal 0.05121154 -0.9854362 -0.16215098
 outer loop
  vertex 0.099615976 -0.9728803 -0.20876434
  vertex 0.0037260382 -0.99351597 -0.113640286
  vertex 0.0034970278 -0.97759396 -0.21047506
 endloop
endfacet
facet normal 0.019416159 -0.033284683 -0.99925727
 outer loop
  vertex 0.03572597 0.017543001 -0.99920744
  vertex 0.04481274 -0.0801108 -0.9957781
  vertex -0.0013851043 -0.082376376 -0.9966003
 endloop
endfacet
facet normal 0.019416038 -0.03328464 -0.9992573
 outer loop
  vertex 0.03572597 0.017543001 -0.99920744
  vertex -0.0013851043 -0.082376376 -0.9966003
  vertex -0.0017777641 0.01570381 -0.9998749
 endloop
endfacet
facet normal 0.051902857 -0.96475774 -0.2579704
 outer loop
  vertex 0.10076434 -0.9474742 -0.3035471
  vertex 0.099615976 -0.9728803 -0.20876434
  vertex 0.0034970278 -0.97759396 -0.21047506
 endloop
endfacet
facet normal 0.051902696 -0.9647577 -0.25797054
 outer loop
  vertex 0.10076434 -0.9474742 -0.3035471
  vertex 0.0034970278 -0.97759396 -0.21047506
  vertex 0.0032342193 -0.95225704 -0.3052829
 endloop
endfacet
facet normal 0.01074967 -0.52746385 0.8495095
 outer loop
  vertex 0.022774868 -0.56761885 0.82297766
  vertex 0.013021267 -0.48471513 0.87457633
  vertex 0.0034153815 -0.48518622 0.8744054
 endloop
endfacet
facet normal 0.010750858 -0.5274637 0.8495096
 outer loop
  vertex 0.022774868 -0.56761885 0.82297766
  vertex 0.0034153815 -0.48518622 0.8744054
  vertex 0.003655598 -0.5685565 0.82263744
 endloop
endfacet
facet normal 0.01457983 0.064800724 -0.9977917
 outer loop
  vertex 0.026295085 0.115027174 -0.9930142
  vertex 0.03572597 0.017543001 -0.99920744
  vertex -0.0017777641 0.01570381 -0.9998749
 endloop
endfacet
facet normal 0.014579301 0.064800866 -0.99779165
 outer loop
  vertex 0.026295085 0.115027174 -0.9930142
  vertex -0.0017777641 0.01570381 -0.9998749
  vertex -0.0021534292 0.11363207 -0.9935205
 endloop
endfacet
facet normal 0.052095205 -0.9348117 -0.35130227
 outer loop
  vertex 0.10094237 -0.9129435 -0.39540654
  vertex 0.10076434 -0.9474742 -0.3035471
  vertex 0.0032342193 -0.95225704 -0.3052829
 endloop
endfacet
facet normal 0.052095093 -0.9348116 -0.3513024
 outer loop
  vertex 0.10094237 -0.9129435 -0.39540654
  vertex 0.0032342193 -0.95225704 -0.3052829
  vertex 0.0029403449 -0.91774946 -0.39715073
 endloop
endfacet
facet normal 0.01570115 -0.60814357 0.7936718
 outer loop
  vertex 0.03230901 -0.645056 0.76345354
  vertex 0.022774868 -0.56761885 0.82297766
  vertex 0.003655598 -0.5685565 0.82263744
 endloop
endfacet
facet normal 0.015697135 -0.60814464 0.7936711
 outer loop
  vertex 0.03230901 -0.645056 0.76345354
  vertex 0.003655598 -0.5685565 0.82263744
  vertex 0.0038605058 -0.6464511 0.7629472
 endloop
endfacet
facet normal 0.0096014375 0.1622819 -0.98669773
 outer loop
  vertex 0.01661107 0.21140406 -0.9772574
  vertex 0.026295085 0.115027174 -0.9930142
  vertex -0.0021534292 0.11363207 -0.9935205
 endloop
endfacet
facet normal 0.009602856 0.16228163 -0.98669773
 outer loop
  vertex 0.01661107 0.21140406 -0.9772574
  vertex -0.0021534292 0.11363207 -0.9935205
  vertex -0.0025081972 0.21046644 -0.97759765
 endloop
endfacet
facet normal 0.051787086 -0.8958846 -0.4412583
 outer loop
  vertex 0.10014834 -0.8696206 -0.48345792
  vertex 0.10094237 -0.9129435 -0.39540654
  vertex 0.0029403449 -0.91774946 -0.39715073
 endloop
endfacet
facet normal 0.051787756 -0.8958849 -0.44125775
 outer loop
  vertex 0.10014834 -0.8696206 -0.48345792
  vertex 0.0029403449 -0.91774946 -0.39715073
  vertex 0.0026182272 -0.87440354 -0.4851937
 endloop
endfacet
facet normal 0.020495588 -0.6829501 0.73017734
 outer loop
  vertex 0.041532096 -0.7162805 0.6965769
  vertex 0.03230901 -0.645056 0.76345354
  vertex 0.0038605058 -0.6464511 0.7629472
 endloop
endfacet
facet normal 0.020497577 -0.68294954 0.7301779
 outer loop
  vertex 0.041532096 -0.7162805 0.6965769
  vertex 0.0038605058 -0.6464511 0.7629472
  vertex 0.0040283655 -0.71811974 0.69590944
 endloop
endfacet
facet normal 0.0045318617 0.25820372 -0.96607983
 outer loop
  vertex 0.0067669745 0.30574507 -0.9520891
  vertex 0.01661107 0.21140406 -0.9772574
  vertex -0.0025081972 0.21046644 -0.97759765
 endloop
endfacet
facet normal 0.004529696 0.25820392 -0.96607983
 outer loop
  vertex 0.0067669745 0.30574507 -0.9520891
  vertex -0.0025081972 0.21046644 -0.97759765
  vertex -0.0028389085 0.30527398 -0.95226
 endloop
endfacet
facet normal 0.050982185 -0.84835035 -0.526975
 outer loop
  vertex 0.09838992 -0.817923 -0.5668534
  vertex 0.10014834 -0.8696206 -0.48345792
  vertex 0.0026182272 -0.87440354 -0.4851937
 endloop
endfacet
facet normal 0.050982274 -0.84835035 -0.52697486
 outer loop
  vertex 0.09838992 -0.817923 -0.5668534
  vertex 0.0026182272 -0.87440354 -0.4851937
  vertex 0.0022709752 -0.82263666 -0.5685642
 endloop
endfacet
facet normal 0.025097368 -0.751151 0.6596531
 outer loop
  vertex 0.050355203 -0.7806074 0.6229918
  vertex 0.041532096 -0.7162805 0.6965769
  vertex 0.0040283655 -0.71811974 0.69590944
 endloop
endfacet
facet normal 0.025097106 -0.7511511 0.659653
 outer loop
  vertex 0.050355203 -0.7806074 0.6229918
  vertex 0.0040283655 -0.71811974 0.69590944
  vertex 0.004157378 -0.782873 0.6221696
 endloop
endfacet
facet normal 0.049686886 -0.79265964 -0.60763633
 outer loop
  vertex 0.09568377 -0.75834817 -0.6447899
  vertex 0.09838992 -0.817923 -0.5668534
  vertex 0.0022709752 -0.82263666 -0.5685642
 endloop
endfacet
facet normal 0.049686737 -0.7926596 -0.60763645
 outer loop
  vertex 0.09568377 -0.75834817 -0.6447899
  vertex 0.0022709752 -0.82263666 -0.5685642
  vertex 0.0019016736 -0.76294726 -0.646459
 endloop
endfacet
facet normal 0.029454125 -0.81209826 0.5827768
 outer loop
  vertex 0.058693476 -0.8374167 0.5434067
  vertex 0.050355203 -0.7806074 0.6229918
  vertex 0.004157378 -0.782873 0.6221696
 endloop
endfacet
facet normal 0.02945491 -0.812098 0.58277714
 outer loop
  vertex 0.058693476 -0.8374167 0.5434067
  vertex 0.004157378 -0.782873 0.6221696
  vertex 0.0042464416 -0.8400869 0.54243773
 endloop
endfacet
facet normal 0.047913607 -0.72934556 -0.6824657
 outer loop
  vertex 0.09205618 -0.6914702 -0.7165165
  vertex 0.09568377 -0.75834817 -0.6447899
  vertex 0.0019016736 -0.76294726 -0.646459
 endloop
endfacet
facet normal 0.047912754 -0.729345 -0.6824662
 outer loop
  vertex 0.09205618 -0.6914702 -0.7165165
  vertex 0.0019016736 -0.76294726 -0.646459
  vertex 0.0015140953 -0.6959104 -0.71812785
 endloop
endfacet
facet normal 0.033527184 -0.865204 0.50029796
 outer loop
  vertex 0.066466205 -0.8861609 0.45858872
  vertex 0.058693476 -0.8374167 0.5434067
  vertex 0.0042464416 -0.8400869 0.54243773
 endloop
endfacet
facet normal 0.03352548 -0.8652046 0.500297
 outer loop
  vertex 0.066466205 -0.8861609 0.45858872
  vertex 0.0042464416 -0.8400869 0.54243773
  vertex 0.0042943754 -0.8892098 0.45748222
 endloop
endfacet
facet normal 0.04567863 -0.65900797 -0.7507477
 outer loop
  vertex 0.087542035 -0.61793274 -0.7813425
  vertex 0.09205618 -0.6914702 -0.7165165
  vertex 0.0015140953 -0.6959104 -0.71812785
 endloop
endfacet
facet normal 0.045679174 -0.65900826 -0.75074726
 outer loop
  vertex 0.087542035 -0.61793274 -0.7813425
  vertex 0.0015140953 -0.6959104 -0.71812785
  vertex 0.0011119788 -0.6221712 -0.7828808
 endloop
endfacet
facet normal 0.037273645 -0.90996015 0.41301727
 outer loop
  vertex 0.07359891 -0.92637104 0.369354
  vertex 0.066466205 -0.8861609 0.45858872
  vertex 0.0042943754 -0.8892098 0.45748222
 endloop
endfacet
facet normal 0.037274513 -0.90995985 0.41301784
 outer loop
  vertex 0.07359891 -0.92637104 0.369354
  vertex 0.0042943754 -0.8892098 0.45748222
  vertex 0.0043009967 -0.92976946 0.3681207
 endloop
endfacet
facet normal 0.04300568 -0.58232695 -0.81181645
 outer loop
  vertex 0.08218499 -0.5384447 -0.83864415
  vertex 0.087542035 -0.61793274 -0.7813425
  vertex 0.0011119788 -0.6221712 -0.7828808
 endloop
endfacet
facet normal 0.043006342 -0.58232737 -0.8118161
 outer loop
  vertex 0.08218499 -0.5384447 -0.83864415
  vertex 0.0011119788 -0.6221712 -0.7828808
  vertex 0.0006992661 -0.5424408 -0.84009445
 endloop
endfacet
facet normal 0.040662915 -0.9459418 0.3217772
 outer loop
  vertex 0.08002299 -0.9576594 0.27656242
  vertex 0.07359891 -0.92637104 0.369354
  vertex 0.0043009967 -0.92976946 0.3681207
 endloop
endfacet
facet normal 0.040662803 -0.9459419 0.32177714
 outer loop
  vertex 0.08002299 -0.9576594 0.27656242
  vertex 0.0043009967 -0.92976946 0.3681207
  vertex 0.0042664106 -0.9613746 0.27521414
 endloop
endfacet
facet normal -0.03332637 -0.32201302 -0.94614846
 outer loop
  vertex -0.0005636383 -0.27521926 -0.96138144
  vertex -0.00014284252 -0.36812526 -0.92977655
  vertex -0.06946077 -0.3652739 -0.9283054
 endloop
endfacet
facet normal -0.033326566 -0.32201287 -0.9461485
 outer loop
  vertex -0.0005636383 -0.27521926 -0.96138144
  vertex -0.06946077 -0.3652739 -0.9283054
  vertex -0.06275343 -0.2726611 -0.96006155
 endloop
endfacet
facet normal -0.040368475 -0.99862605 0.03341184
 outer loop
  vertex 0.0039190976 -0.99986976 -0.015710864
  vertex 0.004074616 -0.9965945 0.08236974
  vertex -0.08238041 -0.99303824 0.08420467
 endloop
endfacet
facet normal -0.04036809 -0.99862605 0.033412166
 outer loop
  vertex 0.0039190976 -0.99986976 -0.015710864
  vertex -0.08238041 -0.99303824 0.08420467
  vertex -0.086649105 -0.99614435 -0.013788645
 endloop
endfacet
facet normal -0.030023832 -0.22773446 -0.9732603
 outer loop
  vertex -0.0009789603 -0.1796631 -0.98372793
  vertex -0.0005636383 -0.27521926 -0.96138144
  vertex -0.06275343 -0.2726611 -0.96006155
 endloop
endfacet
facet normal -0.030024135 -0.22773424 -0.9732603
 outer loop
  vertex -0.0009789603 -0.1796631 -0.98372793
  vertex -0.06275343 -0.2726611 -0.96006155
  vertex -0.05544173 -0.1774228 -0.982572
 endloop
endfacet
facet normal -0.042381935 -0.9970105 -0.064603865
 outer loop
  vertex 0.0037260382 -0.99351597 -0.113640286
  vertex 0.0039190976 -0.99986976 -0.015710864
  vertex -0.086649105 -0.99614435 -0.013788645
 endloop
endfacet
facet normal -0.042381525 -0.99701065 -0.0646035
 outer loop
  vertex 0.0037260382 -0.99351597 -0.113640286
  vertex -0.086649105 -0.99614435 -0.013788645
  vertex -0.09008315 -0.9896573 -0.11164928
 endloop
endfacet
facet normal -0.026431076 -0.13123281 -0.99099916
 outer loop
  vertex -0.0013851043 -0.082376376 -0.9966003
  vertex -0.0009789603 -0.1796631 -0.98372793
  vertex -0.05544173 -0.1774228 -0.982572
 endloop
endfacet
facet normal -0.026430022 -0.1312334 -0.99099904
 outer loop
  vertex -0.0013851043 -0.082376376 -0.9966003
  vertex -0.05544173 -0.1774228 -0.982572
  vertex -0.0475963 -0.080475524 -0.99561954
 endloop
endfacet
facet normal -0.04398776 -0.9858118 -0.1619876
 outer loop
  vertex 0.0034970278 -0.97759396 -0.21047506
  vertex 0.0037260382 -0.99351597 -0.113640286
  vertex -0.09008315 -0.9896573 -0.11164928
 endloop
endfacet
facet normal -0.0439883 -0.98581177 -0.16198811
 outer loop
  vertex 0.0034970278 -0.97759396 -0.21047506
  vertex -0.09008315 -0.9896573 -0.11164928
  vertex -0.0926497 -0.9736391 -0.20843443
 endloop
endfacet
facet normal -0.02258154 -0.033450373 -0.99918526
 outer loop
  vertex -0.0017777641 0.01570381 -0.9998749
  vertex -0.0013851043 -0.082376376 -0.9966003
  vertex -0.0475963 -0.080475524 -0.99561954
 endloop
endfacet
facet normal -0.022582402 -0.033449963 -0.99918526
 outer loop
  vertex -0.0017777641 0.01570381 -0.9998749
  vertex -0.0475963 -0.080475524 -0.99561954
  vertex -0.039292336 0.017246975 -0.9990787
 endloop
endfacet
facet normal -0.045171622 -0.96514076 -0.25780386
 outer loop
  vertex 0.0032342193 -0.95225704 -0.3052829
  vertex 0.0034970278 -0.97759396 -0.21047506
  vertex -0.0926497 -0.9736391 -0.20843443
 endloop
endfacet
facet normal -0.045171607 -0.9651407 -0.2578038
 outer loop
  vertex 0.0032342193 -0.95225704 -0.3052829
  vertex -0.0926497 -0.9736391 -0.20843443
  vertex -0.09432407 -0.9482441 -0.30321229
 endloop
endfacet
facet normal -0.0036653723 -0.52752054 0.8495344
 outer loop
  vertex 0.003655598 -0.5685565 0.82263744
  vertex 0.0034153815 -0.48518622 0.8744054
  vertex -0.0061932798 -0.48479098 0.87460935
 endloop
endfacet
facet normal -0.0036679865 -0.5275208 0.8495342
 outer loop
  vertex 0.003655598 -0.5685565 0.82263744
  vertex -0.0061932798 -0.48479098 0.87460935
  vertex -0.015469194 -0.5677698 0.82304335
 endloop
endfacet
facet normal -0.018515434 0.064670235 -0.99773496
 outer loop
  vertex -0.0021534292 0.11363207 -0.9935205
  vertex -0.0017777641 0.01570381 -0.9998749
  vertex -0.039292336 0.017246975 -0.9990787
 endloop
endfacet
facet normal -0.018516047 0.064670466 -0.9977349
 outer loop
  vertex -0.0021534292 0.11363207 -0.9935205
  vertex -0.039292336 0.017246975 -0.9990787
  vertex -0.030610159 0.114802614 -0.9929165
 endloop
endfacet
facet normal -0.045920834 -0.9351985 -0.35113415
 outer loop
  vertex 0.0029403449 -0.91774946 -0.39715073
  vertex 0.0032342193 -0.95225704 -0.3052829
  vertex -0.09432407 -0.9482441 -0.30321229
 endloop
endfacet
facet normal -0.045920826 -0.9351985 -0.35113412
 outer loop
  vertex 0.0029403449 -0.91774946 -0.39715073
  vertex -0.09432407 -0.9482441 -0.30321229
  vertex -0.095089994 -0.9137171 -0.39507014
 endloop
endfacet
facet normal -0.00817288 -0.60823876 0.793712
 outer loop
  vertex 0.0038605058 -0.6464511 0.7629472
  vertex 0.003655598 -0.5685565 0.82263744
  vertex -0.015469194 -0.5677698 0.82304335
 endloop
endfacet
facet normal -0.00817283 -0.60823876 0.793712
 outer loop
  vertex 0.0038605058 -0.6464511 0.7629472
  vertex -0.015469194 -0.5677698 0.82304335
  vertex -0.024596214 -0.6452806 0.7635512
 endloop
endfacet
facet normal -0.014269634 0.16218746 -0.9866568
 outer loop
  vertex -0.0025081972 0.21046644 -0.97759765
  vertex -0.0021534292 0.11363207 -0.9935205
  vertex -0.030610159 0.114802614 -0.9929165
 endloop
endfacet
facet normal -0.014269648 0.16218746 -0.9866567
 outer loop
  vertex -0.0025081972 0.21046644 -0.97759765
  vertex -0.030610159 0.114802614 -0.9929165
  vertex -0.021632988 0.2112531 -0.97719175
 endloop
endfacet
facet normal -0.046228833 -0.89627165 -0.44108957
 outer loop
  vertex 0.0026182272 -0.87440354 -0.4851937
  vertex 0.0029403449 -0.91774946 -0.39715073
  vertex -0.095089994 -0.9137171 -0.39507014
 endloop
endfacet
facet normal -0.046228852 -0.8962717 -0.44108957
 outer loop
  vertex 0.0026182272 -0.87440354 -0.4851937
  vertex -0.095089994 -0.9137171 -0.39507014
  vertex -0.09494007 -0.8703906 -0.4831231
 endloop
endfacet
facet normal -0.012598556 -0.6830802 0.73023474
 outer loop
  vertex 0.0040283655 -0.71811974 0.69590944
  vertex 0.0038605058 -0.6464511 0.7629472
  vertex -0.024596214 -0.6452806 0.7635512
 endloop
endfacet
facet normal -0.012600371 -0.68308055 0.7302343
 outer loop
  vertex 0.0040283655 -0.71811974 0.69590944
  vertex -0.024596214 -0.6452806 0.7635512
  vertex -0.033486206 -0.7165766 0.69670564
 endloop
endfacet
facet normal -0.009885319 0.25814703 -0.96605504
 outer loop
  vertex -0.0028389085 0.30527398 -0.95226
  vertex -0.0025081972 0.21046644 -0.97759765
  vertex -0.021632988 0.2112531 -0.97719175
 endloop
endfacet
facet normal -0.00988838 0.25814754 -0.9660549
 outer loop
  vertex -0.0028389085 0.30527398 -0.95226
  vertex -0.021632988 0.2112531 -0.97719175
  vertex -0.012447567 0.30566922 -0.95205605
 endloop
endfacet
facet normal -0.046092756 -0.84873337 -0.5268084
 outer loop
  vertex 0.0022709752 -0.82263666 -0.5685642
  vertex 0.0026182272 -0.87440354 -0.4851937
  vertex -0.09494007 -0.8703906 -0.4831231
 endloop
endfacet
facet normal -0.046092734 -0.8487334 -0.5268084
 outer loop
  vertex 0.0022709752 -0.82263666 -0.5685642
  vertex -0.09494007 -0.8703906 -0.4831231
  vertex -0.09387575 -0.8186818 -0.56652355
 endloop
endfacet
facet normal -0.016903643 -0.75131685 0.6597251
 outer loop
  vertex 0.004157378 -0.782873 0.6221696
  vertex 0.0040283655 -0.71811974 0.69590944
  vertex -0.033486206 -0.7165766 0.69670564
 endloop
endfacet
facet normal -0.016903408 -0.75131685 0.6597252
 outer loop
  vertex 0.004157378 -0.782873 0.6221696
  vertex -0.033486206 -0.7165766 0.69670564
  vertex -0.042053804 -0.7809721 0.62315035
 endloop
endfacet
facet normal -0.045513663 -0.79303527 -0.6074731
 outer loop
  vertex 0.0019016736 -0.76294726 -0.646459
  vertex 0.0022709752 -0.82263666 -0.5685642
  vertex -0.09387575 -0.8186818 -0.56652355
 endloop
endfacet
facet normal -0.04551339 -0.7930355 -0.60747284
 outer loop
  vertex 0.0019016736 -0.76294726 -0.646459
  vertex -0.09387575 -0.8186818 -0.56652355
  vertex -0.091907516 -0.7590886 -0.64446795
 endloop
endfacet
facet normal -0.021043003 -0.81229734 0.58286375
 outer loop
  vertex 0.0042464416 -0.8400869 0.54243773
  vertex 0.004157378 -0.782873 0.6221696
  vertex -0.042053804 -0.7809721 0.62315035
 endloop
endfacet
facet normal -0.021042792 -0.8122973 0.58286387
 outer loop
  vertex 0.0042464416 -0.8400869 0.54243773
  vertex -0.042053804 -0.7809721 0.62315035
  vertex -0.050216325 -0.8378466 0.54359365
 endloop
endfacet
facet normal -0.044496894 -0.7297097 -0.6823076
 outer loop
  vertex 0.0015140953 -0.6959104 -0.71812785
  vertex 0.0019016736 -0.76294726 -0.646459
  vertex -0.091907516 -0.7590886 -0.64446795
 endloop
endfacet
facet normal -0.0444963 -0.7297102 -0.68230724
 outer loop
  vertex 0.0015140953 -0.6959104 -0.71812785
  vertex -0.091907516 -0.7590886 -0.64446795
  vertex -0.08905414 -0.692185 -0.7162057
 endloop
endfacet
facet normal -0.024978885 -0.86543536 0.5003975
 outer loop
  vertex 0.0042943754 -0.8892098 0.45748222
  vertex 0.0042464416 -0.8400869 0.54243773
  vertex -0.050216325 -0.8378466 0.54359365
 endloop
endfacet
facet normal -0.024979442 -0.86543554 0.5003972
 outer loop
  vertex 0.0042943754 -0.8892098 0.45748222
  vertex -0.050216325 -0.8378466 0.54359365
  vertex -0.057895415 -0.88665164 0.4588021
 endloop
endfacet
facet normal -0.04305176 -0.65935844 -0.75059503
 outer loop
  vertex 0.0011119788 -0.6221712 -0.7828808
  vertex 0.0015140953 -0.6959104 -0.71812785
  vertex -0.08905414 -0.692185 -0.7162057
 endloop
endfacet
facet normal -0.04305328 -0.65935737 -0.750596
 outer loop
  vertex 0.0011119788 -0.6221712 -0.7828808
  vertex -0.08905414 -0.692185 -0.7162057
  vertex -0.08534305 -0.618615 -0.7810458
 endloop
endfacet
facet normal -0.028673738 -0.91022 0.41313103
 outer loop
  vertex 0.0043009967 -0.92976946 0.3681207
  vertex 0.0042943754 -0.8892098 0.45748222
  vertex -0.057895415 -0.88665164 0.4588021
 endloop
endfacet
facet normal -0.028673334 -0.91021997 0.41313124
 outer loop
  vertex 0.0043009967 -0.92976946 0.3681207
  vertex -0.057895415 -0.88665164 0.4588021
  vertex -0.06501693 -0.9269181 0.3695919
 endloop
endfacet
facet normal -0.041194733 -0.5826595 -0.81167156
 outer loop
  vertex 0.0006992661 -0.5424408 -0.84009445
  vertex 0.0011119788 -0.6221712 -0.7828808
  vertex -0.08534305 -0.618615 -0.7810458
 endloop
endfacet
facet normal -0.041194323 -0.58265984 -0.8116714
 outer loop
  vertex 0.0006992661 -0.5424408 -0.84009445
  vertex -0.08534305 -0.618615 -0.7810458
  vertex -0.08081002 -0.53908795 -0.8383645
 endloop
endfacet
facet normal -0.03209079 -0.94622904 0.3219019
 outer loop
  vertex 0.0042664106 -0.9613746 0.27521414
  vertex 0.0043009967 -0.92976946 0.3681207
  vertex -0.06501693 -0.9269181 0.3695919
 endloop
endfacet
facet normal -0.03209022 -0.9462289 0.32190225
 outer loop
  vertex 0.0042664106 -0.9613746 0.27521414
  vertex -0.06501693 -0.9269181 0.3695919
  vertex -0.07151205 -0.9582575 0.27682248
 endloop
endfacet
facet normal -0.038938686 -0.50032943 -0.8649591
 outer loop
  vertex 0.0002796017 -0.45748562 -0.88921726
  vertex 0.0006992661 -0.5424408 -0.84009445
  vertex -0.08081002 -0.53908795 -0.8383645
 endloop
endfacet
facet normal -0.038939066 -0.50032914 -0.86495924
 outer loop
  vertex 0.0002796017 -0.45748562 -0.88921726
  vertex -0.08081002 -0.53908795 -0.8383645
  vertex -0.07549886 -0.45436853 -0.8876089
 endloop
endfacet
facet normal -0.035197712 -0.9731179 0.2276021
 outer loop
  vertex 0.0041906484 -0.9837217 0.17965692
  vertex 0.0042664106 -0.9613746 0.27521414
  vertex -0.07151205 -0.9582575 0.27682248
 endloop
endfacet
facet normal -0.035197787 -0.97311795 0.22760206
 outer loop
  vertex 0.0041906484 -0.9837217 0.17965692
  vertex -0.07151205 -0.9582575 0.27682248
  vertex -0.077318616 -0.98036885 0.18138689
 endloop
endfacet
facet normal -0.03630848 -0.41317394 -0.90992796
 outer loop
  vertex -0.00014284252 -0.36812526 -0.92977655
  vertex 0.0002796017 -0.45748562 -0.88921726
  vertex -0.07549886 -0.45436853 -0.8876089
 endloop
endfacet
facet normal -0.036307525 -0.4131747 -0.9099277
 outer loop
  vertex -0.00014284252 -0.36812526 -0.92977655
  vertex -0.07549886 -0.45436853 -0.8876089
  vertex -0.06946077 -0.3652739 -0.9283054
 endloop
endfacet
facet normal -0.037966155 -0.9906387 0.13112429
 outer loop
  vertex 0.004074616 -0.9965945 0.08236974
  vertex 0.0041906484 -0.9837217 0.17965692
  vertex -0.077318616 -0.98036885 0.18138689
 endloop
endfacet
facet normal -0.03796605 -0.9906387 0.13112438
 outer loop
  vertex 0.004074616 -0.9965945 0.08236974
  vertex -0.077318616 -0.98036885 0.18138689
  vertex -0.08238041 -0.99303824 0.08420467
 endloop
endfacet
facet normal -0.07669847 -0.12688929 -0.98894715
 outer loop
  vertex -0.0475963 -0.080475524 -0.99561954
  vertex -0.05544173 -0.1774228 -0.982572
  vertex -0.10939571 -0.1702938 -0.9793023
 endloop
endfacet
facet normal -0.07669899 -0.12688892 -0.9889471
 outer loop
  vertex -0.0475963 -0.080475524 -0.99561954
  vertex -0.10939571 -0.1702938 -0.9793023
  vertex -0.093375795 -0.07442655 -0.9928452
 endloop
endfacet
facet normal -0.13875802 -0.97762185 -0.15811957
 outer loop
  vertex -0.0926497 -0.9736391 -0.20843443
  vertex -0.09008315 -0.9896573 -0.11164928
  vertex -0.183016 -0.97737783 -0.10601736
 endloop
endfacet
facet normal -0.13875829 -0.9776217 -0.1581198
 outer loop
  vertex -0.0926497 -0.9736391 -0.20843443
  vertex -0.183016 -0.97737783 -0.10601736
  vertex -0.18789823 -0.9610536 -0.2026622
 endloop
endfacet
facet normal -0.06439224 -0.02983676 -0.99747854
 outer loop
  vertex -0.039292336 0.017246975 -0.9990787
  vertex -0.0475963 -0.080475524 -0.99561954
  vertex -0.093375795 -0.07442655 -0.9928452
 endloop
endfacet
facet normal -0.06439162 -0.029837122 -0.9974786
 outer loop
  vertex -0.039292336 0.017246975 -0.9990787
  vertex -0.093375795 -0.07442655 -0.9928452
  vertex -0.07645646 0.022157503 -0.99682647
 endloop
endfacet
facet normal -0.14180765 -0.95678955 -0.25385898
 outer loop
  vertex -0.09432407 -0.9482441 -0.30321229
  vertex -0.0926497 -0.9736391 -0.20843443
  vertex -0.18789823 -0.9610536 -0.2026622
 endloop
endfacet
facet normal -0.14180768 -0.95678943 -0.25385898
 outer loop
  vertex -0.09432407 -0.9482441 -0.30321229
  vertex -0.18789823 -0.9610536 -0.2026622
  vertex -0.190971 -0.93547386 -0.2973553
 endloop
endfacet
facet normal -0.018021874 -0.5262803 0.8501201
 outer loop
  vertex -0.015469194 -0.5677698 0.82304335
  vertex -0.0061932798 -0.48479098 0.87460935
  vertex -0.015712177 -0.4835332 0.8751862
 endloop
endfacet
facet normal -0.018019829 -0.5262803 0.8501202
 outer loop
  vertex -0.015469194 -0.5677698 0.82304335
  vertex -0.015712177 -0.4835332 0.8751862
  vertex -0.03441533 -0.56526643 0.8241915
 endloop
endfacet
facet normal -0.051462088 0.067517616 -0.99639
 outer loop
  vertex -0.030610159 0.114802614 -0.9929165
  vertex -0.039292336 0.017246975 -0.9990787
  vertex -0.07645646 0.022157503 -0.99682647
 endloop
endfacet
facet normal -0.051462654 0.06751791 -0.9963899
 outer loop
  vertex -0.030610159 0.114802614 -0.9929165
  vertex -0.07645646 0.022157503 -0.99682647
  vertex -0.05880106 0.11852758 -0.9912081
 endloop
endfacet
facet normal -0.1434943 -0.92676616 -0.3471511
 outer loop
  vertex -0.095089994 -0.9137171 -0.39507014
  vertex -0.09432407 -0.9482441 -0.30321229
  vertex -0.190971 -0.93547386 -0.2973553
 endloop
endfacet
facet normal -0.14349395 -0.92676634 -0.34715077
 outer loop
  vertex -0.095089994 -0.9137171 -0.39507014
  vertex -0.190971 -0.93547386 -0.2973553
  vertex -0.19220455 -0.9008851 -0.3891848
 endloop
endfacet
facet normal -0.031937636 -0.606185 0.7946821
 outer loop
  vertex -0.024596214 -0.6452806 0.7635512
  vertex -0.015469194 -0.5677698 0.82304335
  vertex -0.03441533 -0.56526643 0.8241915
 endloop
endfacet
facet normal -0.0319379 -0.606185 0.7946821
 outer loop
  vertex -0.024596214 -0.6452806 0.7635512
  vertex -0.03441533 -0.56526643 0.8241915
  vertex -0.052787106 -0.6415556 0.7652596
 endloop
endfacet
facet normal -0.03803364 0.16424115 -0.9856867
 outer loop
  vertex -0.021632988 0.2112531 -0.97719175
  vertex -0.030610159 0.114802614 -0.9929165
  vertex -0.05880106 0.11852758 -0.9912081
 endloop
endfacet
facet normal -0.03803254 0.16424072 -0.9856868
 outer loop
  vertex -0.021632988 0.2112531 -0.97719175
  vertex -0.05880106 0.11852758 -0.9912081
  vertex -0.040579125 0.21375652 -0.9760436
 endloop
endfacet
facet normal -0.14380193 -0.88783944 -0.43710658
 outer loop
  vertex -0.09494007 -0.8703906 -0.4831231
  vertex -0.095089994 -0.9137171 -0.39507014
  vertex -0.19220455 -0.9008851 -0.3891848
 endloop
endfacet
facet normal -0.14380279 -0.88783896 -0.43710738
 outer loop
  vertex -0.09494007 -0.8703906 -0.4831231
  vertex -0.19220455 -0.9008851 -0.3891848
  vertex -0.19158699 -0.8576203 -0.4772661
 endloop
endfacet
facet normal -0.04554658 -0.6802333 0.73157924
 outer loop
  vertex -0.033486206 -0.7165766 0.69670564
  vertex -0.024596214 -0.6452806 0.7635512
  vertex -0.052787106 -0.6415556 0.7652596
 endloop
endfacet
facet normal -0.045544613 -0.68023306 0.7315795
 outer loop
  vertex -0.033486206 -0.7165766 0.69670564
  vertex -0.052787106 -0.6415556 0.7652596
  vertex -0.070650324 -0.71166605 0.69895786
 endloop
endfacet
facet normal -0.02423524 0.25938743 -0.9654692
 outer loop
  vertex -0.012447567 0.30566922 -0.95205605
  vertex -0.021632988 0.2112531 -0.97719175
  vertex -0.040579125 0.21375652 -0.9760436
 endloop
endfacet
facet normal -0.02423511 0.25938737 -0.96546924
 outer loop
  vertex -0.012447567 0.30566922 -0.95205605
  vertex -0.040579125 0.21375652 -0.9760436
  vertex -0.021966461 0.30692697 -0.9514792
 endloop
endfacet
facet normal -0.14272916 -0.8403821 -0.5228637
 outer loop
  vertex -0.09387575 -0.8186818 -0.56652355
  vertex -0.09494007 -0.8703906 -0.4831231
  vertex -0.19158699 -0.8576203 -0.4772661
 endloop
endfacet
facet normal -0.1427286 -0.84038246 -0.5228632
 outer loop
  vertex -0.09387575 -0.8186818 -0.56652355
  vertex -0.19158699 -0.8576203 -0.4772661
  vertex -0.18912429 -0.8060963 -0.5607513
 endloop
endfacet
facet normal -0.058710676 -0.7477039 0.6614318
 outer loop
  vertex -0.042053804 -0.7809721 0.62315035
  vertex -0.033486206 -0.7165766 0.69670564
  vertex -0.070650324 -0.71166605 0.69895786
 endloop
endfacet
facet normal -0.058711857 -0.747704 0.66143155
 outer loop
  vertex -0.042053804 -0.7809721 0.62315035
  vertex -0.070650324 -0.71166605 0.69895786
  vertex -0.08783328 -0.77492315 0.6259247
 endloop
endfacet
facet normal -0.14028338 -0.7848455 -0.60360426
 outer loop
  vertex -0.091907516 -0.7590886 -0.64446795
  vertex -0.09387575 -0.8186818 -0.56652355
  vertex -0.18912429 -0.8060963 -0.5607513
 endloop
endfacet
facet normal -0.14028327 -0.78484565 -0.60360414
 outer loop
  vertex -0.091907516 -0.7590886 -0.64446795
  vertex -0.18912429 -0.8060963 -0.5607513
  vertex -0.18484038 -0.7468091 -0.638836
 endloop
endfacet
facet normal -0.071309805 -0.8079533 0.5849158
 outer loop
  vertex -0.050216325 -0.8378466 0.54359365
  vertex -0.042053804 -0.7809721 0.62315035
  vertex -0.08783328 -0.77492315 0.6259247
 endloop
endfacet
facet normal -0.07130937 -0.8079532 0.58491594
 outer loop
  vertex -0.050216325 -0.8378466 0.54359365
  vertex -0.08783328 -0.77492315 0.6259247
  vertex -0.10417031 -0.83071756 0.5468633
 endloop
endfacet
facet normal -0.13648961 -0.72176015 -0.678552
 outer loop
  vertex -0.08905414 -0.692185 -0.7162057
  vertex -0.091907516 -0.7590886 -0.64446795
  vertex -0.18484038 -0.7468091 -0.638836
 endloop
endfacet
facet normal -0.13648951 -0.7217602 -0.678552
 outer loop
  vertex -0.08905414 -0.692185 -0.7162057
  vertex -0.18484038 -0.7468091 -0.638836
  vertex -0.17877632 -0.6803298 -0.71076834
 endloop
endfacet
facet normal -0.083217464 -0.8604025 0.5027746
 outer loop
  vertex -0.057895415 -0.88665164 0.4588021
  vertex -0.050216325 -0.8378466 0.54359365
  vertex -0.10417031 -0.83071756 0.5468633
 endloop
endfacet
facet normal -0.0832173 -0.8604025 0.50277466
 outer loop
  vertex -0.057895415 -0.88665164 0.4588021
  vertex -0.10417031 -0.83071756 0.5468633
  vertex -0.11950425 -0.87851113 0.46253577
 endloop
endfacet
facet normal -0.13138303 -0.65172386 -0.74699026
 outer loop
  vertex -0.08534305 -0.618615 -0.7810458
  vertex -0.08905414 -0.692185 -0.7162057
  vertex -0.17877632 -0.6803298 -0.71076834
 endloop
endfacet
facet normal -0.13138255 -0.6517243 -0.7469901
 outer loop
  vertex -0.08534305 -0.618615 -0.7810458
  vertex -0.17877632 -0.6803298 -0.71076834
  vertex -0.17099044 -0.6072982 -0.7758554
 endloop
endfacet
facet normal -0.094320364 -0.9045468 0.4158111
 outer loop
  vertex -0.06501693 -0.9269181 0.3695919
  vertex -0.057895415 -0.88665164 0.4588021
  vertex -0.11950425 -0.87851113 0.46253577
 endloop
endfacet
facet normal -0.094320595 -0.9045468 0.41581094
 outer loop
  vertex -0.06501693 -0.9269181 0.3695919
  vertex -0.11950425 -0.87851113 0.46253577
  vertex -0.1336873 -0.91784453 0.37375346
 endloop
endfacet
facet normal -0.1250123 -0.5754163 -0.80825
 outer loop
  vertex -0.08081002 -0.53908795 -0.8383645
  vertex -0.08534305 -0.618615 -0.7810458
  vertex -0.17099044 -0.6072982 -0.7758554
 endloop
endfacet
facet normal -0.12501276 -0.5754159 -0.8082502
 outer loop
  vertex -0.08081002 -0.53908795 -0.8383645
  vertex -0.17099044 -0.6072982 -0.7758554
  vertex -0.16155784 -0.52841854 -0.833471
 endloop
endfacet
facet normal -0.10451308 -0.9399702 0.32485852
 outer loop
  vertex -0.07151205 -0.9582575 0.27682248
  vertex -0.06501693 -0.9269181 0.3695919
  vertex -0.1336873 -0.91784453 0.37375346
 endloop
endfacet
facet normal -0.104513966 -0.9399703 0.324858
 outer loop
  vertex -0.07151205 -0.9582575 0.27682248
  vertex -0.1336873 -0.91784453 0.37375346
  vertex -0.1465826 -0.9483382 0.2813719
 endloop
endfacet
facet normal -0.11743747 -0.49354535 -0.86175483
 outer loop
  vertex -0.07549886 -0.45436853 -0.8876089
  vertex -0.08081002 -0.53908795 -0.8383645
  vertex -0.16155784 -0.52841854 -0.833471
 endloop
endfacet
facet normal -0.11743682 -0.49354598 -0.86175466
 outer loop
  vertex -0.07549886 -0.45436853 -0.8876089
  vertex -0.16155784 -0.52841854 -0.833471
  vertex -0.15056941 -0.4444493 -0.8830595
 endloop
endfacet
facet normal -0.11369717 -0.966334 0.2308064
 outer loop
  vertex -0.077318616 -0.98036885 0.18138689
  vertex -0.07151205 -0.9582575 0.27682248
  vertex -0.1465826 -0.9483382 0.2813719
 endloop
endfacet
facet normal -0.11369686 -0.966334 0.23080663
 outer loop
  vertex -0.077318616 -0.98036885 0.18138689
  vertex -0.1465826 -0.9483382 0.2813719
  vertex -0.15806644 -0.96969944 0.18628034
 endloop
endfacet
facet normal -0.10873042 -0.40691602 -0.90697134
 outer loop
  vertex -0.06946077 -0.3652739 -0.9283054
  vertex -0.07549886 -0.45436853 -0.8876089
  vertex -0.15056941 -0.4444493 -0.8830595
 endloop
endfacet
facet normal -0.10873126 -0.4069153 -0.90697163
 outer loop
  vertex -0.06946077 -0.3652739 -0.9283054
  vertex -0.15056941 -0.4444493 -0.8830595
  vertex -0.13813116 -0.35620034 -0.9241438
 endloop
endfacet
facet normal -0.12178474 -0.983395 0.13454579
 outer loop
  vertex -0.08238041 -0.99303824 0.08420467
  vertex -0.077318616 -0.98036885 0.18138689
  vertex -0.15806644 -0.96969944 0.18628034
 endloop
endfacet
facet normal -0.121785805 -0.98339504 0.134545
 outer loop
  vertex -0.08238041 -0.99303824 0.08420467
  vertex -0.15806644 -0.96969944 0.18628034
  vertex -0.1680278 -0.98172134 0.08939507
 endloop
endfacet
facet normal -0.09897513 -0.3163395 -0.94346875
 outer loop
  vertex -0.06275343 -0.2726611 -0.96006155
  vertex -0.06946077 -0.3652739 -0.9283054
  vertex -0.13813116 -0.35620034 -0.9241438
 endloop
endfacet
facet normal -0.09897496 -0.3163396 -0.9434687
 outer loop
  vertex -0.06275343 -0.2726611 -0.96006155
  vertex -0.13813116 -0.35620034 -0.9241438
  vertex -0.12436227 -0.2645206 -0.9563279
 endloop
endfacet
facet normal -0.12869999 -0.9909925 0.037018042
 outer loop
  vertex -0.086649105 -0.99614435 -0.013788645
  vertex -0.08238041 -0.99303824 0.08420467
  vertex -0.1680278 -0.98172134 0.08939507
 endloop
endfacet
facet normal -0.12869929 -0.9909925 0.037018612
 outer loop
  vertex -0.086649105 -0.99614435 -0.013788645
  vertex -0.1680278 -0.98172134 0.08939507
  vertex -0.17637126 -0.9842891 -0.008351331
 endloop
endfacet
facet normal -0.088263676 -0.2227011 -0.97088295
 outer loop
  vertex -0.05544173 -0.1774228 -0.982572
  vertex -0.06275343 -0.2726611 -0.96006155
  vertex -0.12436227 -0.2645206 -0.9563279
 endloop
endfacet
facet normal -0.08826348 -0.22270127 -0.97088295
 outer loop
  vertex -0.05544173 -0.1774228 -0.982572
  vertex -0.12436227 -0.2645206 -0.9563279
  vertex -0.10939571 -0.1702938 -0.9793023
 endloop
endfacet
facet normal -0.1343749 -0.9890605 -0.060848333
 outer loop
  vertex -0.09008315 -0.9896573 -0.11164928
  vertex -0.086649105 -0.99614435 -0.013788645
  vertex -0.17637126 -0.9842891 -0.008351331
 endloop
endfacet
facet normal -0.13437457 -0.98906064 -0.060848065
 outer loop
  vertex -0.09008315 -0.9896573 -0.11164928
  vertex -0.17637126 -0.9842891 -0.008351331
  vertex -0.183016 -0.97737783 -0.10601736
 endloop
endfacet
facet normal -0.032171167 -0.5237543 0.8512617
 outer loop
  vertex -0.03441533 -0.56526643 0.8241915
  vertex -0.015712177 -0.4835332 0.8751862
  vertex -0.025049644 -0.48142505 0.8761304
 endloop
endfacet
facet normal -0.032167953 -0.5237546 0.8512617
 outer loop
  vertex -0.03441533 -0.56526643 0.8241915
  vertex -0.025049644 -0.48142505 0.8761304
  vertex -0.053000346 -0.5610704 0.8260709
 endloop
endfacet
facet normal -0.083941124 0.073315345 -0.99377
 outer loop
  vertex -0.05880106 0.11852758 -0.9912081
  vertex -0.07645646 0.022157503 -0.99682647
  vertex -0.11291222 0.030388279 -0.9931399
 endloop
endfacet
facet normal -0.083940424 0.073314905 -0.99377006
 outer loop
  vertex -0.05880106 0.11852758 -0.9912081
  vertex -0.11291222 0.030388279 -0.9931399
  vertex -0.08645463 0.124771014 -0.98841166
 endloop
endfacet
facet normal -0.23968294 -0.9095964 -0.3393914
 outer loop
  vertex -0.19220455 -0.9008851 -0.3891848
  vertex -0.190971 -0.93547386 -0.2973553
  vertex -0.28577584 -0.9140695 -0.28776827
 endloop
endfacet
facet normal -0.23968342 -0.9095961 -0.3393918
 outer loop
  vertex -0.19220455 -0.9008851 -0.3891848
  vertex -0.28577584 -0.9140695 -0.28776827
  vertex -0.28746808 -0.8793771 -0.37955135
 endloop
endfacet
facet normal -0.055365127 -0.6020033 0.7965719
 outer loop
  vertex -0.052787106 -0.6415556 0.7652596
  vertex -0.03441533 -0.56526643 0.8241915
  vertex -0.053000346 -0.5610704 0.8260709
 endloop
endfacet
facet normal -0.05536263 -0.60200334 0.7965721
 outer loop
  vertex -0.052787106 -0.6415556 0.7652596
  vertex -0.053000346 -0.5610704 0.8260709
  vertex -0.08044067 -0.63531226 0.76805604
 endloop
endfacet
facet normal -0.0614592 0.16842245 -0.9837971
 outer loop
  vertex -0.040579125 0.21375652 -0.9760436
  vertex -0.05880106 0.11852758 -0.9912081
  vertex -0.08645463 0.124771014 -0.98841166
 endloop
endfacet
facet normal -0.061460137 0.16842294 -0.98379695
 outer loop
  vertex -0.040579125 0.21375652 -0.9760436
  vertex -0.08645463 0.124771014 -0.98841166
  vertex -0.059164144 0.21795252 -0.9741642
 endloop
endfacet
facet normal -0.23999144 -0.8706689 -0.429348
 outer loop
  vertex -0.19158699 -0.8576203 -0.4772661
  vertex -0.19220455 -0.9008851 -0.3891848
  vertex -0.28746808 -0.8793771 -0.37955135
 endloop
endfacet
facet normal -0.2399909 -0.8706693 -0.42934754
 outer loop
  vertex -0.19158699 -0.8576203 -0.4772661
  vertex -0.28746808 -0.8793771 -0.37955135
  vertex -0.28639185 -0.8362159 -0.46767908
 endloop
endfacet
facet normal -0.07802294 -0.6744357 0.7341995
 outer loop
  vertex -0.070650324 -0.71166605 0.69895786
  vertex -0.052787106 -0.6415556 0.7652596
  vertex -0.08044067 -0.63531226 0.76805604
 endloop
endfacet
facet normal -0.07802574 -0.67443573 0.73419917
 outer loop
  vertex -0.070650324 -0.71166605 0.69895786
  vertex -0.08044067 -0.63531226 0.76805604
  vertex -0.107106075 -0.70343524 0.7026444
 endloop
endfacet
facet normal -0.038383845 0.26191294 -0.9643279
 outer loop
  vertex -0.021966461 0.30692697 -0.9514792
  vertex -0.040579125 0.21375652 -0.9760436
  vertex -0.059164144 0.21795252 -0.9741642
 endloop
endfacet
facet normal -0.038384985 0.26191333 -0.9643277
 outer loop
  vertex -0.021966461 0.30692697 -0.9514792
  vertex -0.059164144 0.21795252 -0.9741642
  vertex -0.031303924 0.30903512 -0.95053494
 endloop
endfacet
facet normal -0.2379932 -0.82337743 -0.5151785
 outer loop
  vertex -0.18912429 -0.8060963 -0.5607513
  vertex -0.19158699 -0.8576203 -0.4772661
  vertex -0.28639185 -0.8362159 -0.46767908
 endloop
endfacet
facet normal -0.23799334 -0.82337725 -0.5151787
 outer loop
  vertex -0.18912429 -0.8060963 -0.5607513
  vertex -0.28639185 -0.8362159 -0.46767908
  vertex -0.28255743 -0.78500164 -0.55130297
 endloop
endfacet
facet normal -0.099929176 -0.7403466 0.6647564
 outer loop
  vertex -0.08783328 -0.77492315 0.6259247
  vertex -0.070650324 -0.71166605 0.69895786
  vertex -0.107106075 -0.70343524 0.7026444
 endloop
endfacet
facet normal -0.0999272 -0.74034655 0.6647568
 outer loop
  vertex -0.08783328 -0.77492315 0.6259247
  vertex -0.107106075 -0.70343524 0.7026444
  vertex -0.13274018 -0.7647844 0.63046587
 endloop
endfacet
facet normal -0.23370865 -0.768169 -0.59606767
 outer loop
  vertex -0.18484038 -0.7468091 -0.638836
  vertex -0.18912429 -0.8060963 -0.5607513
  vertex -0.28255743 -0.78500164 -0.55130297
 endloop
endfacet
facet normal -0.23370846 -0.7681691 -0.59606755
 outer loop
  vertex -0.18484038 -0.7468091 -0.638836
  vertex -0.28255743 -0.78500164 -0.55130297
  vertex -0.27600193 -0.7262273 -0.62961745
 endloop
endfacet
facet normal -0.12086347 -0.79910773 0.58891326
 outer loop
  vertex -0.10417031 -0.83071756 0.5468633
  vertex -0.08783328 -0.77492315 0.6259247
  vertex -0.13274018 -0.7647844 0.63046587
 endloop
endfacet
facet normal -0.12086407 -0.79910785 0.5889131
 outer loop
  vertex -0.10417031 -0.83071756 0.5468633
  vertex -0.13274018 -0.7647844 0.63046587
  vertex -0.15709592 -0.8187684 0.55221534
 endloop
endfacet
facet normal -0.22717713 -0.7055723 -0.67123634
 outer loop
  vertex -0.17877632 -0.6803298 -0.71076834
  vertex -0.18484038 -0.7468091 -0.638836
  vertex -0.27600193 -0.7262273 -0.62961745
 endloop
endfacet
facet normal -0.22717759 -0.7055719 -0.67123663
 outer loop
  vertex -0.17877632 -0.6803298 -0.71076834
  vertex -0.27600193 -0.7262273 -0.62961745
  vertex -0.2667884 -0.660459 -0.70186824
 endloop
endfacet
facet normal -0.14063123 -0.8501539 0.50740623
 outer loop
  vertex -0.11950425 -0.87851113 0.46253577
  vertex -0.10417031 -0.83071756 0.5468633
  vertex -0.15709592 -0.8187684 0.55221534
 endloop
endfacet
facet normal -0.14063248 -0.85015404 0.50740576
 outer loop
  vertex -0.11950425 -0.87851113 0.46253577
  vertex -0.15709592 -0.8187684 0.55221534
  vertex -0.17993878 -0.86486655 0.46864712
 endloop
endfacet
facet normal -0.21846095 -0.6361806 -0.73996556
 outer loop
  vertex -0.17099044 -0.6072982 -0.7758554
  vertex -0.17877632 -0.6803298 -0.71076834
  vertex -0.2667884 -0.660459 -0.70186824
 endloop
endfacet
facet normal -0.21846095 -0.6361806 -0.73996556
 outer loop
  vertex -0.17099044 -0.6072982 -0.7758554
  vertex -0.2667884 -0.660459 -0.70186824
  vertex -0.2550054 -0.58832985 -0.7673595
 endloop
endfacet
facet normal -0.15903912 -0.8929943 0.42103168
 outer loop
  vertex -0.1336873 -0.91784453 0.37375346
  vertex -0.11950425 -0.87851113 0.46253577
  vertex -0.17993878 -0.86486655 0.46864712
 endloop
endfacet
facet normal -0.15903798 -0.8929943 0.42103222
 outer loop
  vertex -0.1336873 -0.91784453 0.37375346
  vertex -0.17993878 -0.86486655 0.46864712
  vertex -0.2010488 -0.9026361 0.3805653
 endloop
endfacet
facet normal -0.20764294 -0.56066614 -0.8015846
 outer loop
  vertex -0.16155784 -0.52841854 -0.833471
  vertex -0.17099044 -0.6072982 -0.7758554
  vertex -0.2550054 -0.58832985 -0.7673595
 endloop
endfacet
facet normal -0.20764269 -0.5606664 -0.8015845
 outer loop
  vertex -0.16155784 -0.52841854 -0.833471
  vertex -0.2550054 -0.58832985 -0.7673595
  vertex -0.2407666 -0.51053536 -0.8254611
 endloop
endfacet
facet normal -0.17590965 -0.927226 0.33061725
 outer loop
  vertex -0.1465826 -0.9483382 0.2813719
  vertex -0.1336873 -0.91784453 0.37375346
  vertex -0.2010488 -0.9026361 0.3805653
 endloop
endfacet
facet normal -0.17590882 -0.927226 0.33061764
 outer loop
  vertex -0.1465826 -0.9483382 0.2813719
  vertex -0.2010488 -0.9026361 0.3805653
  vertex -0.2202223 -0.9317124 0.28881863
 endloop
endfacet
facet normal -0.19482332 -0.47973228 -0.85551196
 outer loop
  vertex -0.15056941 -0.4444493 -0.8830595
  vertex -0.16155784 -0.52841854 -0.833471
  vertex -0.2407666 -0.51053536 -0.8254611
 endloop
endfacet
facet normal -0.19482344 -0.4797322 -0.855512
 outer loop
  vertex -0.15056941 -0.4444493 -0.8830595
  vertex -0.2407666 -0.51053536 -0.8254611
  vertex -0.2242091 -0.42782348 -0.87561274
 endloop
endfacet
facet normal -0.19108167 -0.9525206 0.23704906
 outer loop
  vertex -0.15806644 -0.96969944 0.18628034
  vertex -0.1465826 -0.9483382 0.2813719
  vertex -0.2202223 -0.9317124 0.28881863
 endloop
endfacet
facet normal -0.191082 -0.9525206 0.23704886
 outer loop
  vertex -0.15806644 -0.96969944 0.18628034
  vertex -0.2202223 -0.9317124 0.28881863
  vertex -0.23727518 -0.95181626 0.19429022
 endloop
endfacet
facet normal -0.1801275 -0.39417106 -0.9012121
 outer loop
  vertex -0.13813116 -0.35620034 -0.9241438
  vertex -0.15056941 -0.4444493 -0.8830595
  vertex -0.2242091 -0.42782348 -0.87561274
 endloop
endfacet
facet normal -0.1801274 -0.3941712 -0.9012121
 outer loop
  vertex -0.13813116 -0.35620034 -0.9241438
  vertex -0.2242091 -0.42782348 -0.87561274
  vertex -0.20549266 -0.3409919 -0.91733193
 endloop
endfacet
facet normal -0.20441416 -0.9686457 0.14121038
 outer loop
  vertex -0.1680278 -0.98172134 0.08939507
  vertex -0.15806644 -0.96969944 0.18628034
  vertex -0.23727518 -0.95181626 0.19429022
 endloop
endfacet
facet normal -0.20441347 -0.9686458 0.14121087
 outer loop
  vertex -0.1680278 -0.98172134 0.08939507
  vertex -0.23727518 -0.95181626 0.19429022
  vertex -0.2520427 -0.9627531 0.097890966
 endloop
endfacet
facet normal -0.16369212 -0.30478743 -0.9382481
 outer loop
  vertex -0.12436227 -0.2645206 -0.9563279
  vertex -0.13813116 -0.35620034 -0.9241438
  vertex -0.20549266 -0.3409919 -0.91733193
 endloop
endfacet
facet normal -0.16369258 -0.30478698 -0.93824816
 outer loop
  vertex -0.12436227 -0.2645206 -0.9563279
  vertex -0.20549266 -0.3409919 -0.91733193
  vertex -0.1847968 -0.250876 -0.95021653
 endloop
endfacet
facet normal -0.21577546 -0.97544914 0.04404296
 outer loop
  vertex -0.17637126 -0.9842891 -0.008351331
  vertex -0.1680278 -0.98172134 0.08939507
  vertex -0.2520427 -0.9627531 0.097890966
 endloop
endfacet
facet normal -0.21577658 -0.975449 0.04404214
 outer loop
  vertex -0.17637126 -0.9842891 -0.008351331
  vertex -0.2520427 -0.9627531 0.097890966
  vertex -0.2643833 -0.96441835 0.00054877554
 endloop
endfacet
facet normal -0.14567763 -0.21245259 -0.9662515
 outer loop
  vertex -0.10939571 -0.1702938 -0.9793023
  vertex -0.12436227 -0.2645206 -0.9563279
  vertex -0.1847968 -0.250876 -0.95021653
 endloop
endfacet
facet normal -0.14567602 -0.21245408 -0.9662514
 outer loop
  vertex -0.10939571 -0.1702938 -0.9793023
  vertex -0.1847968 -0.250876 -0.95021653
  vertex -0.16232131 -0.15834461 -0.9739503
 endloop
endfacet
facet normal -0.22506206 -0.97287273 -0.053532586
 outer loop
  vertex -0.183016 -0.97737783 -0.10601736
  vertex -0.17637126 -0.9842891 -0.008351331
  vertex -0.2643833 -0.96441835 0.00054877554
 endloop
endfacet
facet normal -0.22506209 -0.97287273 -0.05353263
 outer loop
  vertex -0.183016 -0.97737783 -0.10601736
  vertex -0.2643833 -0.96441835 0.00054877554
  vertex -0.27417755 -0.956796 -0.096798755
 endloop
endfacet
facet normal -0.12625155 -0.11804374 -0.9849499
 outer loop
  vertex -0.093375795 -0.07442655 -0.9928452
  vertex -0.10939571 -0.1702938 -0.9793023
  vertex -0.16232131 -0.15834461 -0.9739503
 endloop
endfacet
facet normal -0.12625274 -0.11804277 -0.98494977
 outer loop
  vertex -0.093375795 -0.07442655 -0.9928452
  vertex -0.16232131 -0.15834461 -0.9739503
  vertex -0.1382827 -0.0642878 -0.988304
 endloop
endfacet
facet normal -0.23218329 -0.9609451 -0.1505834
 outer loop
  vertex -0.18789823 -0.9610536 -0.2026622
  vertex -0.183016 -0.97737783 -0.10601736
  vertex -0.27417755 -0.956796 -0.096798755
 endloop
endfacet
facet normal -0.23218305 -0.96094525 -0.15058322
 outer loop
  vertex -0.18789823 -0.9610536 -0.2026622
  vertex -0.27417755 -0.956796 -0.096798755
  vertex -0.28133136 -0.93995893 -0.19321388
 endloop
endfacet
facet normal -0.10560799 -0.022479897 -0.99415374
 outer loop
  vertex -0.07645646 0.022157503 -0.99682647
  vertex -0.093375795 -0.07442655 -0.9928452
  vertex -0.1382827 -0.0642878 -0.988304
 endloop
endfacet
facet normal -0.105608016 -0.022479862 -0.9941537
 outer loop
  vertex -0.07645646 0.022157503 -0.99682647
  vertex -0.1382827 -0.0642878 -0.988304
  vertex -0.11291222 0.030388279 -0.9931399
 endloop
endfacet
facet normal -0.2370721 -0.93978465 -0.24617411
 outer loop
  vertex -0.190971 -0.93547386 -0.2973553
  vertex -0.18789823 -0.9610536 -0.2026622
  vertex -0.28133136 -0.93995893 -0.19321388
 endloop
endfacet
facet normal -0.23707218 -0.9397846 -0.24617417
 outer loop
  vertex -0.190971 -0.93547386 -0.2973553
  vertex -0.28133136 -0.93995893 -0.19321388
  vertex -0.28577584 -0.9140695 -0.28776827
 endloop
endfacet
facet normal -0.10972363 -0.66574395 0.73806894
 outer loop
  vertex -0.107106075 -0.70343524 0.7026444
  vertex -0.08044067 -0.63531226 0.76805604
  vertex -0.107290596 -0.6266104 0.7719136
 endloop
endfacet
facet normal -0.10972423 -0.66574395 0.7380689
 outer loop
  vertex -0.107106075 -0.70343524 0.7026444
  vertex -0.107290596 -0.6266104 0.7719136
  vertex -0.14250238 -0.6919636 0.70772976
 endloop
endfacet
facet normal -0.052191332 0.2656992 -0.9626422
 outer loop
  vertex -0.031303924 0.30903512 -0.95053494
  vertex -0.059164144 0.21795252 -0.9741642
  vertex -0.077209055 0.22380073 -0.9715717
 endloop
endfacet
facet normal -0.052187055 0.2656971 -0.96264297
 outer loop
  vertex -0.031303924 0.30903512 -0.95053494
  vertex -0.077209055 0.22380073 -0.9715717
  vertex -0.04037003 0.3119734 -0.94923246
 endloop
endfacet
facet normal -0.3309711 -0.79788196 -0.50382775
 outer loop
  vertex -0.28255743 -0.78500164 -0.55130297
  vertex -0.28639185 -0.8362159 -0.46767908
  vertex -0.37844148 -0.80638343 -0.4544544
 endloop
endfacet
facet normal -0.33097157 -0.7978816 -0.5038281
 outer loop
  vertex -0.28255743 -0.78500164 -0.55130297
  vertex -0.37844148 -0.80638343 -0.4544544
  vertex -0.37327522 -0.75560075 -0.5382696
 endloop
endfacet
facet normal -0.14015438 -0.72931594 0.66966784
 outer loop
  vertex -0.13274018 -0.7647844 0.63046587
  vertex -0.107106075 -0.70343524 0.7026444
  vertex -0.14250238 -0.6919636 0.70772976
 endloop
endfacet
facet normal -0.14015631 -0.7293158 0.6696675
 outer loop
  vertex -0.13274018 -0.7647844 0.63046587
  vertex -0.14250238 -0.6919636 0.70772976
  vertex -0.17634206 -0.7506533 0.6367301
 endloop
endfacet
facet normal -0.32489148 -0.74316615 -0.58493567
 outer loop
  vertex -0.27600193 -0.7262273 -0.62961745
  vertex -0.28255743 -0.78500164 -0.55130297
  vertex -0.37327522 -0.75560075 -0.5382696
 endloop
endfacet
facet normal -0.32489148 -0.743166 -0.58493567
 outer loop
  vertex -0.27600193 -0.7262273 -0.62961745
  vertex -0.37327522 -0.75560075 -0.5382696
  vertex -0.36451423 -0.6975412 -0.6169009
 endloop
endfacet
facet normal -0.16923061 -0.7858453 0.5948177
 outer loop
  vertex -0.15709592 -0.8187684 0.55221534
  vertex -0.13274018 -0.7647844 0.63046587
  vertex -0.17634206 -0.7506533 0.6367301
 endloop
endfacet
facet normal -0.1692276 -0.7858454 0.59481853
 outer loop
  vertex -0.15709592 -0.8187684 0.55221534
  vertex -0.17634206 -0.7506533 0.6367301
  vertex -0.20848344 -0.8021142 0.55959815
 endloop
endfacet
facet normal -0.31568813 -0.68130165 -0.660431
 outer loop
  vertex -0.2667884 -0.660459 -0.70186824
  vertex -0.27600193 -0.7262273 -0.62961745
  vertex -0.36451423 -0.6975412 -0.6169009
 endloop
endfacet
facet normal -0.31568787 -0.6813019 -0.6604308
 outer loop
  vertex -0.2667884 -0.660459 -0.70186824
  vertex -0.36451423 -0.6975412 -0.6169009
  vertex -0.3522427 -0.632764 -0.68959105
 endloop
endfacet
facet normal -0.19666563 -0.8347893 0.5142465
 outer loop
  vertex -0.17993878 -0.86486655 0.46864712
  vertex -0.15709592 -0.8187684 0.55221534
  vertex -0.20848344 -0.8021142 0.55959815
 endloop
endfacet
facet normal -0.19666536 -0.8347893 0.5142466
 outer loop
  vertex -0.17993878 -0.86486655 0.46864712
  vertex -0.20848344 -0.8021142 0.55959815
  vertex -0.23861703 -0.8458495 0.4770774
 endloop
endfacet
facet normal -0.30344784 -0.6128765 -0.7295902
 outer loop
  vertex -0.2550054 -0.58832985 -0.7673595
  vertex -0.2667884 -0.660459 -0.70186824
  vertex -0.3522427 -0.632764 -0.68959105
 endloop
endfacet
facet normal -0.30344737 -0.6128772 -0.7295899
 outer loop
  vertex -0.2550054 -0.58832985 -0.7673595
  vertex -0.3522427 -0.632764 -0.68959105
  vertex -0.33657876 -0.5618927 -0.7556399
 endloop
endfacet
facet normal -0.22220019 -0.8756747 0.42874333
 outer loop
  vertex -0.2010488 -0.9026361 0.3805653
  vertex -0.17993878 -0.86486655 0.46864712
  vertex -0.23861703 -0.8458495 0.4770774
 endloop
endfacet
facet normal -0.22220124 -0.87567466 0.42874286
 outer loop
  vertex -0.2010488 -0.9026361 0.3805653
  vertex -0.23861703 -0.8458495 0.4770774
  vertex -0.26645273 -0.88143927 0.38996184
 endloop
endfacet
facet normal -0.2882884 -0.53855264 -0.7917391
 outer loop
  vertex -0.2407666 -0.51053536 -0.8254611
  vertex -0.2550054 -0.58832985 -0.7673595
  vertex -0.33657876 -0.5618927 -0.7556399
 endloop
endfacet
facet normal -0.28828835 -0.5385527 -0.79173917
 outer loop
  vertex -0.2407666 -0.51053536 -0.8254611
  vertex -0.33657876 -0.5618927 -0.7556399
  vertex -0.31767347 -0.48561049 -0.814412
 endloop
endfacet
facet normal -0.24559145 -0.9081186 0.33912462
 outer loop
  vertex -0.2202223 -0.9317124 0.28881863
  vertex -0.2010488 -0.9026361 0.3805653
  vertex -0.26645273 -0.88143927 0.38996184
 endloop
endfacet
facet normal -0.24559206 -0.90811855 0.33912432
 outer loop
  vertex -0.2202223 -0.9317124 0.28881863
  vertex -0.26645273 -0.88143927 0.38996184
  vertex -0.29172194 -0.90853995 0.2990909
 endloop
endfacet
facet normal -0.2703506 -0.4590221 -0.8462915
 outer loop
  vertex -0.2242091 -0.42782348 -0.87561274
  vertex -0.2407666 -0.51053536 -0.8254611
  vertex -0.31767347 -0.48561049 -0.814412
 endloop
endfacet
facet normal -0.27035072 -0.45902202 -0.8462915
 outer loop
  vertex -0.2242091 -0.42782348 -0.87561274
  vertex -0.31767347 -0.48561049 -0.814412
  vertex -0.29570878 -0.40465105 -0.8653405
 endloop
endfacet
facet normal -0.26661065 -0.9318101 0.24626958
 outer loop
  vertex -0.23727518 -0.95181626 0.19429022
  vertex -0.2202223 -0.9317124 0.28881863
  vertex -0.29172194 -0.90853995 0.2990909
 endloop
endfacet
facet normal -0.2666105 -0.9318101 0.24626964
 outer loop
  vertex -0.23727518 -0.95181626 0.19429022
  vertex -0.29172194 -0.90853995 0.2990909
  vertex -0.31418204 -0.9268914 0.20533937
 endloop
endfacet
facet normal -0.24980888 -0.37506416 -0.89270514
 outer loop
  vertex -0.20549266 -0.3409919 -0.91733193
  vertex -0.2242091 -0.42782348 -0.87561274
  vertex -0.29570878 -0.40465105 -0.8653405
 endloop
endfacet
facet normal -0.2498095 -0.37506342 -0.89270526
 outer loop
  vertex -0.20549266 -0.3409919 -0.91733193
  vertex -0.29570878 -0.40465105 -0.8653405
  vertex -0.27089655 -0.31979507 -0.9079354
 endloop
endfacet
facet normal -0.28506088 -0.94653165 0.15105641
 outer loop
  vertex -0.2520427 -0.9627531 0.097890966
  vertex -0.23727518 -0.95181626 0.19429022
  vertex -0.31418204 -0.9268914 0.20533937
 endloop
endfacet
facet normal -0.28506127 -0.94653153 0.15105617
 outer loop
  vertex -0.2520427 -0.9627531 0.097890966
  vertex -0.31418204 -0.9268914 0.20533937
  vertex -0.33361608 -0.93631583 0.10961055
 endloop
endfacet
facet normal -0.22685556 -0.28746718 -0.93053705
 outer loop
  vertex -0.1847968 -0.250876 -0.95021653
  vertex -0.20549266 -0.3409919 -0.91733193
  vertex -0.27089655 -0.31979507 -0.9079354
 endloop
endfacet
facet normal -0.22685486 -0.28746802 -0.930537
 outer loop
  vertex -0.1847968 -0.250876 -0.95021653
  vertex -0.27089655 -0.31979507 -0.9079354
  vertex -0.24347505 -0.23185895 -0.9417863
 endloop
endfacet
facet normal -0.30076438 -0.9521446 0.054417815
 outer loop
  vertex -0.2643833 -0.96441835 0.00054877554
  vertex -0.2520427 -0.9627531 0.097890966
  vertex -0.33361608 -0.93631583 0.10961055
 endloop
endfacet
facet normal -0.300763 -0.952145 0.054418758
 outer loop
  vertex -0.2643833 -0.96441835 0.00054877554
  vertex -0.33361608 -0.93631583 0.10961055
  vertex -0.34983757 -0.9367234 0.012825961
 endloop
endfacet
facet normal -0.20171197 -0.19708852 -0.9594104
 outer loop
  vertex -0.16232131 -0.15834461 -0.9739503
  vertex -0.1847968 -0.250876 -0.95021653
  vertex -0.24347505 -0.23185895 -0.9417863
 endloop
endfacet
facet normal -0.20171231 -0.19708815 -0.9594105
 outer loop
  vertex -0.16232131 -0.15834461 -0.9739503
  vertex -0.24347505 -0.23185895 -0.9417863
  vertex -0.21370883 -0.14169039 -0.9665675
 endloop
endfacet
facet normal -0.31357193 -0.9486026 -0.04272718
 outer loop
  vertex -0.27417755 -0.956796 -0.096798755
  vertex -0.2643833 -0.96441835 0.00054877554
  vertex -0.34983757 -0.9367234 0.012825961
 endloop
endfacet
facet normal -0.31357285 -0.9486023 -0.04272789
 outer loop
  vertex -0.27417755 -0.956796 -0.096798755
  vertex -0.34983757 -0.9367234 0.012825961
  vertex -0.36268985 -0.9281099 -0.08408228
 endloop
endfacet
facet normal -0.17461732 -0.104780905 -0.97904533
 outer loop
  vertex -0.1382827 -0.0642878 -0.988304
  vertex -0.16232131 -0.15834461 -0.9739503
  vertex -0.21370883 -0.14169039 -0.9665675
 endloop
endfacet
facet normal -0.17461662 -0.10478156 -0.9790454
 outer loop
  vertex -0.1382827 -0.0642878 -0.988304
  vertex -0.21370883 -0.14169039 -0.9665675
  vertex -0.18188459 -0.050156787 -0.9820398
 endloop
endfacet
facet normal -0.32336593 -0.9359422 -0.13945131
 outer loop
  vertex -0.28133136 -0.93995893 -0.19321388
  vertex -0.27417755 -0.956796 -0.096798755
  vertex -0.36268985 -0.9281099 -0.08408228
 endloop
endfacet
facet normal -0.323366 -0.9359421 -0.13945135
 outer loop
  vertex -0.28133136 -0.93995893 -0.19321388
  vertex -0.36268985 -0.9281099 -0.08408228
  vertex -0.37204915 -0.91055804 -0.18018049
 endloop
endfacet
facet normal -0.14583363 -0.011449717 -0.98924285
 outer loop
  vertex -0.11291222 0.030388279 -0.9931399
  vertex -0.1382827 -0.0642878 -0.988304
  vertex -0.18188459 -0.050156787 -0.9820398
 endloop
endfacet
facet normal -0.14583413 -0.011449279 -0.9892428
 outer loop
  vertex -0.11291222 0.030388279 -0.9931399
  vertex -0.18188459 -0.050156787 -0.9820398
  vertex -0.14830852 0.04185994 -0.9880546
 endloop
endfacet
facet normal -0.3300505 -0.9142892 -0.23482303
 outer loop
  vertex -0.28577584 -0.9140695 -0.28776827
  vertex -0.28133136 -0.93995893 -0.19321388
  vertex -0.37204915 -0.91055804 -0.18018049
 endloop
endfacet
facet normal -0.3300506 -0.91428924 -0.23482311
 outer loop
  vertex -0.28577584 -0.9140695 -0.28776827
  vertex -0.37204915 -0.91055804 -0.18018049
  vertex -0.37782547 -0.88423693 -0.27454358
 endloop
endfacet
facet normal -0.04597307 -0.51996917 0.85294694
 outer loop
  vertex -0.053000346 -0.5610704 0.8260709
  vertex -0.025049644 -0.48142505 0.8761304
  vertex -0.03411575 -0.4784868 0.87743294
 endloop
endfacet
facet normal -0.045976654 -0.51996845 0.85294724
 outer loop
  vertex -0.053000346 -0.5610704 0.8260709
  vertex -0.03411575 -0.4784868 0.87743294
  vertex -0.071045265 -0.5552222 0.82866335
 endloop
endfacet
facet normal -0.115640044 0.08200716 -0.98990005
 outer loop
  vertex -0.08645463 0.124771014 -0.98841166
  vertex -0.11291222 0.030388279 -0.9931399
  vertex -0.14830852 0.04185994 -0.9880546
 endloop
endfacet
facet normal -0.115639895 0.08200704 -0.9899002
 outer loop
  vertex -0.08645463 0.124771014 -0.98841166
  vertex -0.14830852 0.04185994 -0.9880546
  vertex -0.11330456 0.13347283 -0.9845542
 endloop
endfacet
facet normal -0.33356333 -0.88385355 -0.32793066
 outer loop
  vertex -0.28746808 -0.8793771 -0.37955135
  vertex -0.28577584 -0.9140695 -0.28776827
  vertex -0.37782547 -0.88423693 -0.27454358
 endloop
endfacet
facet normal -0.33356223 -0.8838543 -0.32792974
 outer loop
  vertex -0.28746808 -0.8793771 -0.37955135
  vertex -0.37782547 -0.88423693 -0.27454358
  vertex -0.37996316 -0.84940034 -0.36626267
 endloop
endfacet
facet normal -0.07822933 -0.59573305 0.7993637
 outer loop
  vertex -0.08044067 -0.63531226 0.76805604
  vertex -0.053000346 -0.5610704 0.8260709
  vertex -0.071045265 -0.5552222 0.82866335
 endloop
endfacet
facet normal -0.07822748 -0.5957333 0.7993637
 outer loop
  vertex -0.08044067 -0.63531226 0.76805604
  vertex -0.071045265 -0.5552222 0.82866335
  vertex -0.107290596 -0.6266104 0.7719136
 endloop
endfacet
facet normal -0.0843236 0.17469226 -0.98100567
 outer loop
  vertex -0.059164144 0.21795252 -0.9741642
  vertex -0.08645463 0.124771014 -0.98841166
  vertex -0.11330456 0.13347283 -0.9845542
 endloop
endfacet
facet normal -0.084324114 0.17469256 -0.98100555
 outer loop
  vertex -0.059164144 0.21795252 -0.9741642
  vertex -0.11330456 0.13347283 -0.9845542
  vertex -0.077209055 0.22380073 -0.9715717
 endloop
endfacet
facet normal -0.33387017 -0.8449269 -0.41788644
 outer loop
  vertex -0.28639185 -0.8362159 -0.46767908
  vertex -0.28746808 -0.8793771 -0.37955135
  vertex -0.37996316 -0.84940034 -0.36626267
 endloop
endfacet
facet normal -0.33387077 -0.8449265 -0.41788703
 outer loop
  vertex -0.28639185 -0.8362159 -0.46767908
  vertex -0.37996316 -0.84940034 -0.36626267
  vertex -0.37844148 -0.80638343 -0.4544544
 endloop
endfacet
facet normal -0.21593636 -0.768295 0.602573
 outer loop
  vertex -0.20848344 -0.8021142 0.55959815
  vertex -0.17634206 -0.7506533 0.6367301
  vertex -0.21821895 -0.73266625 0.64465714
 endloop
endfacet
facet normal -0.21593831 -0.76829475 0.60257256
 outer loop
  vertex -0.20848344 -0.8021142 0.55959815
  vertex -0.21821895 -0.73266625 0.64465714
  vertex -0.257838 -0.7809152 0.56894064
 endloop
endfacet
facet normal -0.40116793 -0.6491834 -0.6462394
 outer loop
  vertex -0.3522427 -0.632764 -0.68959105
  vertex -0.36451423 -0.6975412 -0.6169009
  vertex -0.44952482 -0.66102713 -0.60080904
 endloop
endfacet
facet normal -0.40116775 -0.64918363 -0.6462392
 outer loop
  vertex -0.3522427 -0.632764 -0.68959105
  vertex -0.44952482 -0.66102713 -0.60080904
  vertex -0.43431634 -0.5975115 -0.6740551
 endloop
endfacet
facet normal -0.25078383 -0.8144546 0.52323145
 outer loop
  vertex -0.23861703 -0.8458495 0.4770774
  vertex -0.20848344 -0.8021142 0.55959815
  vertex -0.257838 -0.7809152 0.56894064
 endloop
endfacet
facet normal -0.25078353 -0.8144547 0.52323157
 outer loop
  vertex -0.23861703 -0.8458495 0.4770774
  vertex -0.257838 -0.7809152 0.56894064
  vertex -0.29497388 -0.82164294 0.4877453
 endloop
endfacet
facet normal -0.38552502 -0.582037 -0.7159633
 outer loop
  vertex -0.33657876 -0.5618927 -0.7556399
  vertex -0.3522427 -0.632764 -0.68959105
  vertex -0.43431634 -0.5975115 -0.6740551
 endloop
endfacet
facet normal -0.38552544 -0.5820364 -0.71596354
 outer loop
  vertex -0.33657876 -0.5618927 -0.7556399
  vertex -0.43431634 -0.5975115 -0.6740551
  vertex -0.41492492 -0.5282411 -0.74080956
 endloop
endfacet
facet normal -0.28320277 -0.8527537 0.43887043
 outer loop
  vertex -0.26645273 -0.88143927 0.38996184
  vertex -0.23861703 -0.8458495 0.4770774
  vertex -0.29497388 -0.82164294 0.4877453
 endloop
endfacet
facet normal -0.2832024 -0.85275376 0.43887058
 outer loop
  vertex -0.26645273 -0.88143927 0.38996184
  vertex -0.29497388 -0.82164294 0.4877453
  vertex -0.32926917 -0.85445815 0.40185255
 endloop
endfacet
facet normal -0.36617416 -0.50928754 -0.77880853
 outer loop
  vertex -0.31767347 -0.48561049 -0.814412
  vertex -0.33657876 -0.5618927 -0.7556399
  vertex -0.41492492 -0.5282411 -0.74080956
 endloop
endfacet
facet normal -0.36617428 -0.50928736 -0.7788086
 outer loop
  vertex -0.31767347 -0.48561049 -0.814412
  vertex -0.41492492 -0.5282411 -0.74080956
  vertex -0.3915378 -0.45388407 -0.80042994
 endloop
endfacet
facet normal -0.31288826 -0.8828324 0.35029674
 outer loop
  vertex -0.29172194 -0.90853995 0.2990909
  vertex -0.26645273 -0.88143927 0.38996184
  vertex -0.32926917 -0.85445815 0.40185255
 endloop
endfacet
facet normal -0.31288788 -0.8828325 0.35029694
 outer loop
  vertex -0.29172194 -0.90853995 0.2990909
  vertex -0.32926917 -0.85445815 0.40185255
  vertex -0.36039293 -0.8790442 0.3120899
 endloop
endfacet
facet normal -0.3432936 -0.4316142 -0.8341814
 outer loop
  vertex -0.29570878 -0.40465105 -0.8653405
  vertex -0.31767347 -0.48561049 -0.814412
  vertex -0.3915378 -0.45388407 -0.80042994
 endloop
endfacet
facet normal -0.34329322 -0.43161482 -0.8341813
 outer loop
  vertex -0.29570878 -0.40465105 -0.8653405
  vertex -0.3915378 -0.45388407 -0.80042994
  vertex -0.36437976 -0.37515527 -0.85234153
 endloop
endfacet
facet normal -0.33955222 -0.90440273 0.25837946
 outer loop
  vertex -0.31418204 -0.9268914 0.20533937
  vertex -0.29172194 -0.90853995 0.2990909
  vertex -0.36039293 -0.8790442 0.3120899
 endloop
endfacet
facet normal -0.33955237 -0.9044028 0.2583794
 outer loop
  vertex -0.31418204 -0.9268914 0.20533937
  vertex -0.36039293 -0.8790442 0.3120899
  vertex -0.38804635 -0.89516497 0.21932137
 endloop
endfacet
facet normal -0.31710547 -0.3497775 -0.8815326
 outer loop
  vertex -0.27089655 -0.31979507 -0.9079354
  vertex -0.29570878 -0.40465105 -0.8653405
  vertex -0.36437976 -0.37515527 -0.85234153
 endloop
endfacet
facet normal -0.3171049 -0.3497783 -0.88153255
 outer loop
  vertex -0.27089655 -0.31979507 -0.9079354
  vertex -0.36437976 -0.37515527 -0.85234153
  vertex -0.333713 -0.29281396 -0.89604473
 endloop
endfacet
facet normal -0.36294577 -0.917267 0.1639865
 outer loop
  vertex -0.33361608 -0.93631583 0.10961055
  vertex -0.31418204 -0.9268914 0.20533937
  vertex -0.38804635 -0.89516497 0.21932137
 endloop
endfacet
facet normal -0.36294565 -0.9172671 0.16398662
 outer loop
  vertex -0.33361608 -0.93631583 0.10961055
  vertex -0.38804635 -0.89516497 0.21932137
  vertex -0.41196224 -0.90266436 0.12444096
 endloop
endfacet
facet normal -0.28785542 -0.26454744 -0.9204096
 outer loop
  vertex -0.24347505 -0.23185895 -0.9417863
  vertex -0.27089655 -0.31979507 -0.9079354
  vertex -0.333713 -0.29281396 -0.89604473
 endloop
endfacet
facet normal -0.28785565 -0.2645471 -0.9204096
 outer loop
  vertex -0.24347505 -0.23185895 -0.9417863
  vertex -0.333713 -0.29281396 -0.89604473
  vertex -0.2998319 -0.20765238 -0.93111837
 endloop
endfacet
facet normal -0.38284096 -0.92130476 0.06804549
 outer loop
  vertex -0.34983757 -0.9367234 0.012825961
  vertex -0.33361608 -0.93631583 0.10961055
  vertex -0.41196224 -0.90266436 0.12444096
 endloop
endfacet
facet normal -0.38284054 -0.921305 0.06804574
 outer loop
  vertex -0.34983757 -0.9367234 0.012825961
  vertex -0.41196224 -0.90266436 0.12444096
  vertex -0.43191117 -0.90147096 0.028361913
 endloop
endfacet
facet normal -0.25582847 -0.17675425 -0.95042604
 outer loop
  vertex -0.21370883 -0.14169039 -0.9665675
  vertex -0.24347505 -0.23185895 -0.9417863
  vertex -0.2998319 -0.20765238 -0.93111837
 endloop
endfacet
facet normal -0.25582898 -0.17675364 -0.95042604
 outer loop
  vertex -0.21370883 -0.14169039 -0.9665675
  vertex -0.2998319 -0.20765238 -0.93111837
  vertex -0.26306343 -0.12049146 -0.957225
 endloop
endfacet
facet normal -0.3990522 -0.91648406 -0.028536566
 outer loop
  vertex -0.36268985 -0.9281099 -0.08408228
  vertex -0.34983757 -0.9367234 0.012825961
  vertex -0.43191117 -0.90147096 0.028361913
 endloop
endfacet
facet normal -0.39905316 -0.9164836 -0.028537223
 outer loop
  vertex -0.36268985 -0.9281099 -0.08408228
  vertex -0.43191117 -0.90147096 0.028361913
  vertex -0.44770044 -0.89159584 -0.06799037
 endloop
endfacet
facet normal -0.22132638 -0.087230794 -0.97129065
 outer loop
  vertex -0.18188459 -0.050156787 -0.9820398
  vertex -0.21370883 -0.14169039 -0.9665675
  vertex -0.26306343 -0.12049146 -0.957225
 endloop
endfacet
facet normal -0.22132707 -0.0872299 -0.97129047
 outer loop
  vertex -0.18188459 -0.050156787 -0.9820398
  vertex -0.26306343 -0.12049146 -0.957225
  vertex -0.22376148 -0.032169685 -0.97411275
 endloop
endfacet
facet normal -0.4114267 -0.9028539 -0.124831475
 outer loop
  vertex -0.37204915 -0.91055804 -0.18018049
  vertex -0.36268985 -0.9281099 -0.08408228
  vertex -0.44770044 -0.89159584 -0.06799037
 endloop
endfacet
facet normal -0.41142648 -0.902854 -0.12483132
 outer loop
  vertex -0.37204915 -0.91055804 -0.18018049
  vertex -0.44770044 -0.89159584 -0.06799037
  vertex -0.45917797 -0.8731342 -0.16368759
 endloop
endfacet
facet normal -0.18468474 0.0031485716 -0.98279274
 outer loop
  vertex -0.14830852 0.04185994 -0.9880546
  vertex -0.18188459 -0.050156787 -0.9820398
  vertex -0.22376148 -0.032169685 -0.97411275
 endloop
endfacet
facet normal -0.18468416 0.0031479597 -0.98279285
 outer loop
  vertex -0.14830852 0.04185994 -0.9880546
  vertex -0.22376148 -0.032169685 -0.97411275
  vertex -0.18230449 0.056461975 -0.98161936
 endloop
endfacet
facet normal -0.41984496 -0.8805495 -0.21991529
 outer loop
  vertex -0.37782547 -0.88423693 -0.27454358
  vertex -0.37204915 -0.91055804 -0.18018049
  vertex -0.45917797 -0.8731342 -0.16368759
 endloop
endfacet
facet normal -0.41984412 -0.8805501 -0.21991462
 outer loop
  vertex -0.37782547 -0.88423693 -0.27454358
  vertex -0.45917797 -0.8731342 -0.16368759
  vertex -0.46623352 -0.8462637 -0.25780857
 endloop
endfacet
facet normal -0.059311178 -0.51495814 0.85516095
 outer loop
  vertex -0.071045265 -0.5552222 0.82866335
  vertex -0.03411575 -0.4784868 0.87743294
  vertex -0.04282319 -0.47474676 0.8790812
 endloop
endfacet
facet normal -0.059310853 -0.51495826 0.85516095
 outer loop
  vertex -0.071045265 -0.5552222 0.82866335
  vertex -0.04282319 -0.47474676 0.8790812
  vertex -0.08837629 -0.5477781 0.831944
 endloop
endfacet
facet normal -0.14625472 0.09351032 -0.98481745
 outer loop
  vertex -0.11330456 0.13347283 -0.9845542
  vertex -0.14830852 0.04185994 -0.9880546
  vertex -0.18230449 0.056461975 -0.98161936
 endloop
endfacet
facet normal -0.14625473 0.09351032 -0.9848174
 outer loop
  vertex -0.11330456 0.13347283 -0.9845542
  vertex -0.18230449 0.056461975 -0.98161936
  vertex -0.13909224 0.14454925 -0.97967273
 endloop
endfacet
facet normal -0.42422798 -0.8497873 -0.31287733
 outer loop
  vertex -0.37996316 -0.84940034 -0.36626267
  vertex -0.37782547 -0.88423693 -0.27454358
  vertex -0.46623352 -0.8462637 -0.25780857
 endloop
endfacet
facet normal -0.4242293 -0.84978616 -0.31287837
 outer loop
  vertex -0.37996316 -0.84940034 -0.36626267
  vertex -0.46623352 -0.8462637 -0.25780857
  vertex -0.46879894 -0.81124324 -0.34944668
 endloop
endfacet
facet normal -0.10030976 -0.587436 0.80302984
 outer loop
  vertex -0.107290596 -0.6266104 0.7719136
  vertex -0.071045265 -0.5552222 0.82866335
  vertex -0.08837629 -0.5477781 0.831944
 endloop
endfacet
facet normal -0.10031009 -0.58743596 0.80302984
 outer loop
  vertex -0.107290596 -0.6266104 0.7719136
  vertex -0.08837629 -0.5477781 0.831944
  vertex -0.13307826 -0.61553395 0.776795
 endloop
endfacet
facet normal -0.10640573 0.18298961 -0.97733957
 outer loop
  vertex -0.077209055 0.22380073 -0.9715717
  vertex -0.11330456 0.13347283 -0.9845542
  vertex -0.13909224 0.14454925 -0.97967273
 endloop
endfacet
facet normal -0.10640536 0.18298936 -0.9773397
 outer loop
  vertex -0.077209055 0.22380073 -0.9715717
  vertex -0.13909224 0.14454925 -0.97967273
  vertex -0.09454008 0.2312448 -0.96829104
 endloop
endfacet
facet normal -0.42453727 -0.81085914 -0.40283448
 outer loop
  vertex -0.37844148 -0.80638343 -0.4544544
  vertex -0.37996316 -0.84940034 -0.36626267
  vertex -0.46879894 -0.81124324 -0.34944668
 endloop
endfacet
facet normal -0.42453647 -0.8108598 -0.4028338
 outer loop
  vertex -0.37844148 -0.80638343 -0.4544544
  vertex -0.46879894 -0.81124324 -0.34944668
  vertex -0.46684954 -0.76841015 -0.43771937
 endloop
endfacet
facet normal -0.14033891 -0.6542406 0.7431515
 outer loop
  vertex -0.14250238 -0.6919636 0.70772976
  vertex -0.107290596 -0.6266104 0.7719136
  vertex -0.13307826 -0.61553395 0.776795
 endloop
endfacet
facet normal -0.14033791 -0.6542408 0.74315155
 outer loop
  vertex -0.14250238 -0.6919636 0.70772976
  vertex -0.13307826 -0.61553395 0.776795
  vertex -0.17649835 -0.67736155 0.714165
 endloop
endfacet
facet normal -0.06552646 0.27070928 -0.9604284
 outer loop
  vertex -0.04037003 0.3119734 -0.94923246
  vertex -0.077209055 0.22380073 -0.9715717
  vertex -0.09454008 0.2312448 -0.96829104
 endloop
endfacet
facet normal -0.06552649 0.27070928 -0.9604284
 outer loop
  vertex -0.04037003 0.3119734 -0.94923246
  vertex -0.09454008 0.2312448 -0.96829104
  vertex -0.049077466 0.3157134 -0.9475842
 endloop
endfacet
facet normal -0.42076564 -0.764142 -0.48892048
 outer loop
  vertex -0.37327522 -0.75560075 -0.5382696
  vertex -0.37844148 -0.80638343 -0.4544544
  vertex -0.46684954 -0.76841015 -0.43771937
 endloop
endfacet
facet normal -0.42076606 -0.7641416 -0.48892075
 outer loop
  vertex -0.37327522 -0.75560075 -0.5382696
  vertex -0.46684954 -0.76841015 -0.43771937
  vertex -0.46040404 -0.7181769 -0.5217767
 endloop
endfacet
facet normal -0.17900401 -0.71471906 0.676117
 outer loop
  vertex -0.17634206 -0.7506533 0.6367301
  vertex -0.14250238 -0.6919636 0.70772976
  vertex -0.17649835 -0.67736155 0.714165
 endloop
endfacet
facet normal -0.17900291 -0.7147191 0.6761172
 outer loop
  vertex -0.17634206 -0.7506533 0.6367301
  vertex -0.17649835 -0.67736155 0.714165
  vertex -0.21821895 -0.73266625 0.64465714
 endloop
endfacet
facet normal -0.41295192 -0.71007794 -0.5703157
 outer loop
  vertex -0.36451423 -0.6975412 -0.6169009
  vertex -0.37327522 -0.75560075 -0.5382696
  vertex -0.46040404 -0.7181769 -0.5217767
 endloop
endfacet
facet normal -0.41295183 -0.7100781 -0.57031566
 outer loop
  vertex -0.36451423 -0.6975412 -0.6169009
  vertex -0.46040404 -0.7181769 -0.5217767
  vertex -0.44952482 -0.66102713 -0.60080904
 endloop
endfacet
facet normal -0.34145322 -0.8244531 0.4513168
 outer loop
  vertex -0.32926917 -0.85445815 0.40185255
  vertex -0.29497388 -0.82164294 0.4877453
  vertex -0.34846658 -0.79248005 0.50054824
 endloop
endfacet
facet normal -0.3414534 -0.82445306 0.45131668
 outer loop
  vertex -0.32926917 -0.85445815 0.40185255
  vertex -0.34846658 -0.79248005 0.50054824
  vertex -0.38889313 -0.82195264 0.41612294
 endloop
endfacet
facet normal -0.4405484 -0.47315317 -0.7629175
 outer loop
  vertex -0.3915378 -0.45388407 -0.80042994
  vertex -0.41492492 -0.5282411 -0.74080956
  vertex -0.4892894 -0.48769942 -0.72301114
 endloop
endfacet
facet normal -0.4405475 -0.47315478 -0.7629171
 outer loop
  vertex -0.3915378 -0.45388407 -0.80042994
  vertex -0.4892894 -0.48769942 -0.72301114
  vertex -0.46164817 -0.4156617 -0.7836498
 endloop
endfacet
facet normal -0.37715092 -0.85161084 0.3640275
 outer loop
  vertex -0.36039293 -0.8790442 0.3120899
  vertex -0.32926917 -0.85445815 0.40185255
  vertex -0.38889313 -0.82195264 0.41612294
 endloop
endfacet
facet normal -0.37715116 -0.85161084 0.36402747
 outer loop
  vertex -0.36039293 -0.8790442 0.3120899
  vertex -0.38889313 -0.82195264 0.41612294
  vertex -0.42557397 -0.8435091 0.32769027
 endloop
endfacet
facet normal -0.41294643 -0.3977745 -0.8192989
 outer loop
  vertex -0.36437976 -0.37515527 -0.85234153
  vertex -0.3915378 -0.45388407 -0.80042994
  vertex -0.46164817 -0.4156617 -0.7836498
 endloop
endfacet
facet normal -0.41294727 -0.397773 -0.8192992
 outer loop
  vertex -0.36437976 -0.37515527 -0.85234153
  vertex -0.46164817 -0.4156617 -0.7836498
  vertex -0.4295608 -0.33962017 -0.8367411
 endloop
endfacet
facet normal -0.40920648 -0.87056184 0.27326196
 outer loop
  vertex -0.38804635 -0.89516497 0.21932137
  vertex -0.36039293 -0.8790442 0.3120899
  vertex -0.42557397 -0.8435091 0.32769027
 endloop
endfacet
facet normal -0.40920547 -0.87056214 0.27326244
 outer loop
  vertex -0.38804635 -0.89516497 0.21932137
  vertex -0.42557397 -0.8435091 0.32769027
  vertex -0.45815673 -0.8569426 0.23610157
 endloop
endfacet
facet normal -0.38136888 -0.31855646 -0.8678016
 outer loop
  vertex -0.333713 -0.29281396 -0.89604473
  vertex -0.36437976 -0.37515527 -0.85234153
  vertex -0.4295608 -0.33962017 -0.8367411
 endloop
endfacet
facet normal -0.381369 -0.3185562 -0.8678016
 outer loop
  vertex -0.333713 -0.29281396 -0.89604473
  vertex -0.4295608 -0.33962017 -0.8367411
  vertex -0.39333695 -0.26030844 -0.8817743
 endloop
endfacet
facet normal -0.43731934 -0.88113326 0.17987746
 outer loop
  vertex -0.41196224 -0.90266436 0.12444096
  vertex -0.38804635 -0.89516497 0.21932137
  vertex -0.45815673 -0.8569426 0.23610157
 endloop
endfacet
facet normal -0.43732113 -0.8811326 0.17987645
 outer loop
  vertex -0.41196224 -0.90266436 0.12444096
  vertex -0.45815673 -0.8569426 0.23610157
  vertex -0.48632672 -0.8621226 0.14223936
 endloop
endfacet
facet normal -0.34610778 -0.23624581 -0.90796334
 outer loop
  vertex -0.2998319 -0.20765238 -0.93111837
  vertex -0.333713 -0.29281396 -0.89604473
  vertex -0.39333695 -0.26030844 -0.8817743
 endloop
endfacet
facet normal -0.34610766 -0.23624586 -0.90796334
 outer loop
  vertex -0.2998319 -0.20765238 -0.93111837
  vertex -0.39333695 -0.26030844 -0.8817743
  vertex -0.3533246 -0.17848946 -0.9183154
 endloop
endfacet
facet normal -0.46121946 -0.8832253 0.08479257
 outer loop
  vertex -0.43191117 -0.90147096 0.028361913
  vertex -0.41196224 -0.90266436 0.12444096
  vertex -0.48632672 -0.8621226 0.14223936
 endloop
endfacet
facet normal -0.46121973 -0.88322514 0.08479235
 outer loop
  vertex -0.43191117 -0.90147096 0.028361913
  vertex -0.48632672 -0.8621226 0.14223936
  vertex -0.50981355 -0.8590004 0.04700705
 endloop
endfacet
facet normal -0.3075065 -0.15164645 -0.9393844
 outer loop
  vertex -0.26306343 -0.12049146 -0.957225
  vertex -0.2998319 -0.20765238 -0.93111837
  vertex -0.3533246 -0.17848946 -0.9183154
 endloop
endfacet
facet normal -0.3075061 -0.1516471 -0.93938446
 outer loop
  vertex -0.26306343 -0.12049146 -0.957225
  vertex -0.3533246 -0.17848946 -0.9183154
  vertex -0.3099097 -0.09495206 -0.94601285
 endloop
endfacet
facet normal -0.4806808 -0.87682545 -0.011096333
 outer loop
  vertex -0.44770044 -0.89159584 -0.06799037
  vertex -0.43191117 -0.90147096 0.028361913
  vertex -0.50981355 -0.8590004 0.04700705
 endloop
endfacet
facet normal -0.48067906 -0.8768264 -0.0110951355
 outer loop
  vertex -0.44770044 -0.89159584 -0.06799037
  vertex -0.50981355 -0.8590004 0.04700705
  vertex -0.52839065 -0.8476056 -0.048677985
 endloop
endfacet
facet normal -0.2659293 -0.06556038 -0.9617606
 outer loop
  vertex -0.22376148 -0.032169685 -0.97411275
  vertex -0.26306343 -0.12049146 -0.957225
  vertex -0.3099097 -0.09495206 -0.94601285
 endloop
endfacet
facet normal -0.26592854 -0.06556145 -0.96176076
 outer loop
  vertex -0.22376148 -0.032169685 -0.97411275
  vertex -0.3099097 -0.09495206 -0.94601285
  vertex -0.26351017 -0.010499703 -0.9645994
 endloop
endfacet
facet normal -0.49551705 -0.86199933 -0.10686428
 outer loop
  vertex -0.45917797 -0.8731342 -0.16368759
  vertex -0.44770044 -0.89159584 -0.06799037
  vertex -0.52839065 -0.8476056 -0.048677985
 endloop
endfacet
facet normal -0.49551734 -0.86199915 -0.106864475
 outer loop
  vertex -0.45917797 -0.8731342 -0.16368759
  vertex -0.52839065 -0.8476056 -0.048677985
  vertex -0.5418788 -0.82804775 -0.14389402
 endloop
endfacet
facet normal -0.22178088 0.021171072 -0.97486675
 outer loop
  vertex -0.18230449 0.056461975 -0.98161936
  vertex -0.22376148 -0.032169685 -0.97411275
  vertex -0.26351017 -0.010499703 -0.9645994
 endloop
endfacet
facet normal -0.22178216 0.021172682 -0.97486633
 outer loop
  vertex -0.18230449 0.056461975 -0.98161936
  vertex -0.26351017 -0.010499703 -0.9645994
  vertex -0.21457271 0.07405381 -0.97389627
 endloop
endfacet
facet normal -0.50559145 -0.8388905 -0.20159344
 outer loop
  vertex -0.46623352 -0.8462637 -0.25780857
  vertex -0.45917797 -0.8731342 -0.16368759
  vertex -0.5418788 -0.82804775 -0.14389402
 endloop
endfacet
facet normal -0.5055916 -0.8388905 -0.20159352
 outer loop
  vertex -0.46623352 -0.8462637 -0.25780857
  vertex -0.5418788 -0.82804775 -0.14389402
  vertex -0.5501486 -0.8005153 -0.23772433
 endloop
endfacet
facet normal -0.07204106 -0.5087734 0.85788095
 outer loop
  vertex -0.08837629 -0.5477781 0.831944
  vertex -0.04282319 -0.47474676 0.8790812
  vertex -0.051088102 -0.47024095 0.88105935
 endloop
endfacet
facet normal -0.072041966 -0.50877297 0.8578811
 outer loop
  vertex -0.08837629 -0.5477781 0.831944
  vertex -0.051088102 -0.47024095 0.88105935
  vertex -0.10482653 -0.5388099 0.83588123
 endloop
endfacet
facet normal -0.17548898 0.10771348 -0.9785711
 outer loop
  vertex -0.13909224 0.14454925 -0.97967273
  vertex -0.18230449 0.056461975 -0.98161936
  vertex -0.21457271 0.07405381 -0.97389627
 endloop
endfacet
facet normal -0.1754888 0.1077133 -0.9785711
 outer loop
  vertex -0.13909224 0.14454925 -0.97967273
  vertex -0.21457271 0.07405381 -0.97389627
  vertex -0.16356936 0.15789358 -0.97381437
 endloop
endfacet
facet normal -0.5108073 -0.80772305 -0.29437977
 outer loop
  vertex -0.46879894 -0.81124324 -0.34944668
  vertex -0.46623352 -0.8462637 -0.25780857
  vertex -0.5501486 -0.8005153 -0.23772433
 endloop
endfacet
facet normal -0.5108078 -0.8077225 -0.29438025
 outer loop
  vertex -0.46879894 -0.81124324 -0.34944668
  vertex -0.5501486 -0.8005153 -0.23772433
  vertex -0.55311996 -0.76527345 -0.32926527
 endloop
endfacet
facet normal -0.121392846 -0.5771931 0.8075345
 outer loop
  vertex -0.13307826 -0.61553395 0.776795
  vertex -0.08837629 -0.5477781 0.831944
  vertex -0.10482653 -0.5388099 0.83588123
 endloop
endfacet
facet normal -0.12139629 -0.577192 0.80753475
 outer loop
  vertex -0.13307826 -0.61553395 0.776795
  vertex -0.10482653 -0.5388099 0.83588123
  vertex -0.15755539 -0.60218966 0.78265333
 endloop
endfacet
facet normal -0.1274919 0.19323406 -0.9728343
 outer loop
  vertex -0.09454008 0.2312448 -0.96829104
  vertex -0.13909224 0.14454925 -0.97967273
  vertex -0.16356936 0.15789358 -0.97381437
 endloop
endfacet
facet normal -0.12749124 0.19323345 -0.9728344
 outer loop
  vertex -0.09454008 0.2312448 -0.96829104
  vertex -0.16356936 0.15789358 -0.97381437
  vertex -0.110990316 0.24021307 -0.96435386
 endloop
endfacet
facet normal -0.51111585 -0.76879597 -0.3843349
 outer loop
  vertex -0.46684954 -0.76841015 -0.43771937
  vertex -0.46879894 -0.81124324 -0.34944668
  vertex -0.55311996 -0.76527345 -0.32926527
 endloop
endfacet
facet normal -0.5111152 -0.76879674 -0.3843344
 outer loop
  vertex -0.46684954 -0.76841015 -0.43771937
  vertex -0.55311996 -0.76527345 -0.32926527
  vertex -0.55076456 -0.7226618 -0.41763514
 endloop
endfacet
facet normal -0.16957243 -0.6400375 0.7493978
 outer loop
  vertex -0.17649835 -0.67736155 0.714165
  vertex -0.13307826 -0.61553395 0.776795
  vertex -0.15755539 -0.60218966 0.78265333
 endloop
endfacet
facet normal -0.1695713 -0.6400378 0.74939793
 outer loop
  vertex -0.17649835 -0.67736155 0.714165
  vertex -0.15755539 -0.60218966 0.78265333
  vertex -0.2087666 -0.6597697 0.72188807
 endloop
endfacet
facet normal -0.07826013 0.2768958 -0.9577077
 outer loop
  vertex -0.049077466 0.3157134 -0.9475842
  vertex -0.09454008 0.2312448 -0.96829104
  vertex -0.110990316 0.24021307 -0.96435386
 endloop
endfacet
facet normal -0.07826299 0.27689806 -0.9577068
 outer loop
  vertex -0.049077466 0.3157134 -0.9475842
  vertex -0.110990316 0.24021307 -0.96435386
  vertex -0.057342377 0.32021925 -0.94560605
 endloop
endfacet
facet normal -0.5065126 -0.7224824 -0.4705999
 outer loop
  vertex -0.46040404 -0.7181769 -0.5217767
  vertex -0.46684954 -0.76841015 -0.43771937
  vertex -0.55076456 -0.7226618 -0.41763514
 endloop
endfacet
facet normal -0.50651246 -0.7224824 -0.47059986
 outer loop
  vertex -0.46040404 -0.7181769 -0.5217767
  vertex -0.55076456 -0.7226618 -0.41763514
  vertex -0.5431049 -0.67309046 -0.5019831
 endloop
endfacet
facet normal -0.21610142 -0.6966952 0.6840438
 outer loop
  vertex -0.21821895 -0.73266625 0.64465714
  vertex -0.17649835 -0.67736155 0.714165
  vertex -0.2087666 -0.6597697 0.72188807
 endloop
endfacet
facet normal -0.21610284 -0.69669485 0.68404365
 outer loop
  vertex -0.21821895 -0.73266625 0.64465714
  vertex -0.2087666 -0.6597697 0.72188807
  vertex -0.25796762 -0.71099627 0.6541705
 endloop
endfacet
facet normal -0.4970426 -0.6692233 -0.5523483
 outer loop
  vertex -0.44952482 -0.66102713 -0.60080904
  vertex -0.46040404 -0.7181769 -0.5217767
  vertex -0.5431049 -0.67309046 -0.5019831
 endloop
endfacet
facet normal -0.49704286 -0.66922307 -0.5523485
 outer loop
  vertex -0.44952482 -0.66102713 -0.60080904
  vertex -0.5431049 -0.67309046 -0.5019831
  vertex -0.53021497 -0.6170369 -0.58149666
 endloop
endfacet
facet normal -0.2605416 -0.7466247 0.6121027
 outer loop
  vertex -0.257838 -0.7809152 0.56894064
  vertex -0.21821895 -0.73266625 0.64465714
  vertex -0.25796762 -0.71099627 0.6541705
 endloop
endfacet
facet normal -0.26054046 -0.7466249 0.6121028
 outer loop
  vertex -0.257838 -0.7809152 0.56894064
  vertex -0.25796762 -0.71099627 0.6541705
  vertex -0.30468428 -0.7553758 0.5801528
 endloop
endfacet
facet normal -0.48279485 -0.60952574 -0.6287984
 outer loop
  vertex -0.43431634 -0.5975115 -0.6740551
  vertex -0.44952482 -0.66102713 -0.60080904
  vertex -0.53021497 -0.6170369 -0.58149666
 endloop
endfacet
facet normal -0.4827949 -0.60952574 -0.6287985
 outer loop
  vertex -0.43431634 -0.5975115 -0.6740551
  vertex -0.53021497 -0.6170369 -0.58149666
  vertex -0.51221883 -0.55504096 -0.65540993
 endloop
endfacet
facet normal -0.30245984 -0.78934807 0.53427297
 outer loop
  vertex -0.29497388 -0.82164294 0.4877453
  vertex -0.257838 -0.7809152 0.56894064
  vertex -0.30468428 -0.7553758 0.5801528
 endloop
endfacet
facet normal -0.3024601 -0.789348 0.53427297
 outer loop
  vertex -0.29497388 -0.82164294 0.4877453
  vertex -0.30468428 -0.7553758 0.5801528
  vertex -0.34846658 -0.79248005 0.50054824
 endloop
endfacet
facet normal -0.46390265 -0.5439574 -0.69921714
 outer loop
  vertex -0.41492492 -0.5282411 -0.74080956
  vertex -0.43431634 -0.5975115 -0.6740551
  vertex -0.51221883 -0.55504096 -0.65540993
 endloop
endfacet
facet normal -0.4639029 -0.5439571 -0.6992174
 outer loop
  vertex -0.41492492 -0.5282411 -0.74080956
  vertex -0.51221883 -0.55504096 -0.65540993
  vertex -0.4892894 -0.48769942 -0.72301114
 endloop
endfacet
facet normal -0.47490185 -0.8306132 0.2907746
 outer loop
  vertex -0.45815673 -0.8569426 0.23610157
  vertex -0.42557397 -0.8435091 0.32769027
  vertex -0.48663726 -0.80227685 0.34574193
 endloop
endfacet
facet normal -0.47490036 -0.8306139 0.29077533
 outer loop
  vertex -0.45815673 -0.8569426 0.23610157
  vertex -0.48663726 -0.80227685 0.34574193
  vertex -0.52383804 -0.81259227 0.25551835
 endloop
endfacet
facet normal -0.44197902 -0.28170025 -0.8516452
 outer loop
  vertex -0.39333695 -0.26030844 -0.8817743
  vertex -0.4295608 -0.33962017 -0.8367411
  vertex -0.49062413 -0.29838794 -0.81868947
 endloop
endfacet
facet normal -0.44197923 -0.2816999 -0.8516452
 outer loop
  vertex -0.39333695 -0.26030844 -0.8817743
  vertex -0.49062413 -0.29838794 -0.81868947
  vertex -0.44919428 -0.22259144 -0.8652617
 endloop
endfacet
facet normal -0.5074669 -0.838478 0.19857466
 outer loop
  vertex -0.48632672 -0.8621226 0.14223936
  vertex -0.45815673 -0.8569426 0.23610157
  vertex -0.52383804 -0.81259227 0.25551835
 endloop
endfacet
facet normal -0.50746745 -0.8384778 0.1985744
 outer loop
  vertex -0.48632672 -0.8621226 0.14223936
  vertex -0.52383804 -0.81259227 0.25551835
  vertex -0.5559934 -0.8150812 0.16283429
 endloop
endfacet
facet normal -0.4010479 -0.20283762 -0.8933183
 outer loop
  vertex -0.3533246 -0.17848946 -0.9183154
  vertex -0.39333695 -0.26030844 -0.8817743
  vertex -0.44919428 -0.22259144 -0.8652617
 endloop
endfacet
facet normal -0.40104783 -0.20283768 -0.89331824
 outer loop
  vertex -0.3533246 -0.17848946 -0.9183154
  vertex -0.44919428 -0.22259144 -0.8652617
  vertex -0.40343797 -0.1446511 -0.9035008
 endloop
endfacet
facet normal -0.53514135 -0.8382744 0.10449711
 outer loop
  vertex -0.50981355 -0.8590004 0.04700705
  vertex -0.48632672 -0.8621226 0.14223936
  vertex -0.5559934 -0.8150812 0.16283429
 endloop
endfacet
facet normal -0.53514236 -0.83827394 0.104496494
 outer loop
  vertex -0.50981355 -0.8590004 0.04700705
  vertex -0.5559934 -0.8150812 0.16283429
  vertex -0.58279467 -0.8097208 0.06858184
 endloop
endfacet
facet normal -0.3562465 -0.1220087 -0.9263921
 outer loop
  vertex -0.3099097 -0.09495206 -0.94601285
  vertex -0.3533246 -0.17848946 -0.9183154
  vertex -0.40343797 -0.1446511 -0.9035008
 endloop
endfacet
facet normal -0.35624632 -0.12200908 -0.92639214
 outer loop
  vertex -0.3099097 -0.09495206 -0.94601285
  vertex -0.40343797 -0.1446511 -0.9035008
  vertex -0.35379657 -0.06531809 -0.93303895
 endloop
endfacet
facet normal -0.55766743 -0.8300109 0.009427134
 outer loop
  vertex -0.52839065 -0.8476056 -0.048677985
  vertex -0.50981355 -0.8590004 0.04700705
  vertex -0.58279467 -0.8097208 0.06858184
 endloop
endfacet
facet normal -0.5576668 -0.8300113 0.009427559
 outer loop
  vertex -0.52839065 -0.8476056 -0.048677985
  vertex -0.58279467 -0.8097208 0.06858184
  vertex -0.6039834 -0.7965626 -0.02633113
 endloop
endfacet
facet normal -0.3079979 -0.03997986 -0.9505467
 outer loop
  vertex -0.26351017 -0.010499703 -0.9645994
  vertex -0.3099097 -0.09495206 -0.94601285
  vertex -0.35379657 -0.06531809 -0.93303895
 endloop
endfacet
facet normal -0.30799815 -0.039979436 -0.95054656
 outer loop
  vertex -0.26351017 -0.010499703 -0.9645994
  vertex -0.35379657 -0.06531809 -0.93303895
  vertex -0.30074778 0.014644457 -0.9535911
 endloop
endfacet
facet normal -0.57482916 -0.81377083 -0.085722946
 outer loop
  vertex -0.5418788 -0.82804775 -0.14389402
  vertex -0.52839065 -0.8476056 -0.048677985
  vertex -0.6039834 -0.7965626 -0.02633113
 endloop
endfacet
facet normal -0.5748291 -0.81377095 -0.08572291
 outer loop
  vertex -0.5418788 -0.82804775 -0.14389402
  vertex -0.6039834 -0.7965626 -0.02633113
  vertex -0.61935514 -0.77573293 -0.12099034
 endloop
endfacet
facet normal -0.25677162 0.042449225 -0.96553946
 outer loop
  vertex -0.21457271 0.07405381 -0.97389627
  vertex -0.26351017 -0.010499703 -0.9645994
  vertex -0.30074778 0.014644457 -0.9535911
 endloop
endfacet
facet normal -0.25677073 0.042447835 -0.96553975
 outer loop
  vertex -0.21457271 0.07405381 -0.97389627
  vertex -0.30074778 0.014644457 -0.9535911
  vertex -0.24480246 0.094466045 -0.96495974
 endloop
endfacet
facet normal -0.58646494 -0.78971267 -0.18003552
 outer loop
  vertex -0.5501486 -0.8005153 -0.23772433
  vertex -0.5418788 -0.82804775 -0.14389402
  vertex -0.61935514 -0.77573293 -0.12099034
 endloop
endfacet
facet normal -0.5864652 -0.7897124 -0.1800357
 outer loop
  vertex -0.5501486 -0.8005153 -0.23772433
  vertex -0.61935514 -0.77573293 -0.12099034
  vertex -0.62876236 -0.7474324 -0.2144844
 endloop
endfacet
facet normal -0.084055014 -0.50146806 0.8610833
 outer loop
  vertex -0.10482653 -0.5388099 0.83588123
  vertex -0.051088102 -0.47024095 0.88105935
  vertex -0.05883089 -0.46501273 0.8833483
 endloop
endfacet
facet normal -0.084054984 -0.5014681 0.86108327
 outer loop
  vertex -0.10482653 -0.5388099 0.83588123
  vertex -0.05883089 -0.46501273 0.8833483
  vertex -0.12023755 -0.5284038 0.84043705
 endloop
endfacet
facet normal -0.20306005 0.12447891 -0.97122175
 outer loop
  vertex -0.16356936 0.15789358 -0.97381437
  vertex -0.21457271 0.07405381 -0.97389627
  vertex -0.24480246 0.094466045 -0.96495974
 endloop
endfacet
facet normal -0.20306061 0.12447965 -0.9712215
 outer loop
  vertex -0.16356936 0.15789358 -0.97381437
  vertex -0.24480246 0.094466045 -0.96495974
  vertex -0.18650018 0.17337729 -0.96703553
 endloop
endfacet
facet normal -0.59246546 -0.75806767 -0.27261335
 outer loop
  vertex -0.55311996 -0.76527345 -0.32926527
  vertex -0.5501486 -0.8005153 -0.23772433
  vertex -0.62876236 -0.7474324 -0.2144844
 endloop
endfacet
facet normal -0.5924652 -0.75806797 -0.27261317
 outer loop
  vertex -0.55311996 -0.76527345 -0.32926527
  vertex -0.62876236 -0.7474324 -0.2144844
  vertex -0.6321141 -0.71193373 -0.3059129
 endloop
endfacet
facet normal -0.14128368 -0.56509876 0.81283593
 outer loop
  vertex -0.15755539 -0.60218966 0.78265333
  vertex -0.10482653 -0.5388099 0.83588123
  vertex -0.12023755 -0.5284038 0.84043705
 endloop
endfacet
facet normal -0.14128391 -0.56509864 0.81283605
 outer loop
  vertex -0.15755539 -0.60218966 0.78265333
  vertex -0.12023755 -0.5284038 0.84043705
  vertex -0.1804862 -0.5867059 0.78943217
 endloop
endfacet
facet normal -0.14737916 0.20532699 -0.967533
 outer loop
  vertex -0.110990316 0.24021307 -0.96435386
  vertex -0.16356936 0.15789358 -0.97381437
  vertex -0.18650018 0.17337729 -0.96703553
 endloop
endfacet
facet normal -0.14737926 0.20532706 -0.967533
 outer loop
  vertex -0.110990316 0.24021307 -0.96435386
  vertex -0.18650018 0.17337729 -0.96703553
  vertex -0.12640134 0.2506191 -0.95979804
 endloop
endfacet
facet normal -0.5927732 -0.7191418 -0.36256742
 outer loop
  vertex -0.55076456 -0.7226618 -0.41763514
  vertex -0.55311996 -0.76527345 -0.32926527
  vertex -0.6321141 -0.71193373 -0.3059129
 endloop
endfacet
facet normal -0.5927738 -0.719141 -0.36256787
 outer loop
  vertex -0.55076456 -0.7226618 -0.41763514
  vertex -0.6321141 -0.71193373 -0.3059129
  vertex -0.6293783 -0.66957885 -0.3943952
 endloop
endfacet
facet normal -0.19714478 -0.62327075 0.7567479
 outer loop
  vertex -0.2087666 -0.6597697 0.72188807
  vertex -0.15755539 -0.60218966 0.78265333
  vertex -0.1804862 -0.5867059 0.78943217
 endloop
endfacet
facet normal -0.19714476 -0.62327075 0.75674796
 outer loop
  vertex -0.2087666 -0.6597697 0.72188807
  vertex -0.1804862 -0.5867059 0.78943217
  vertex -0.23899634 -0.6393575 0.7308246
 endloop
endfacet
facet normal -0.090270706 0.28419968 -0.954506
 outer loop
  vertex -0.057342377 0.32021925 -0.94560605
  vertex -0.110990316 0.24021307 -0.96435386
  vertex -0.12640134 0.2506191 -0.95979804
 endloop
endfacet
facet normal -0.09027131 0.28420025 -0.9545058
 outer loop
  vertex -0.057342377 0.32021925 -0.94560605
  vertex -0.12640134 0.2506191 -0.95979804
  vertex -0.06508516 0.32544744 -0.9433171
 endloop
endfacet
facet normal -0.5873866 -0.6733041 -0.44904193
 outer loop
  vertex -0.5431049 -0.67309046 -0.5019831
  vertex -0.55076456 -0.7226618 -0.41763514
  vertex -0.6293783 -0.66957885 -0.3943952
 endloop
endfacet
facet normal -0.58738625 -0.6733046 -0.4490416
 outer loop
  vertex -0.5431049 -0.67309046 -0.5019831
  vertex -0.6293783 -0.66957885 -0.3943952
  vertex -0.6205812 -0.62077564 -0.4790794
 endloop
endfacet
facet normal -0.25109228 -0.6754184 0.6933705
 outer loop
  vertex -0.25796762 -0.71099627 0.6541705
  vertex -0.2087666 -0.6597697 0.72188807
  vertex -0.23899634 -0.6393575 0.7308246
 endloop
endfacet
facet normal -0.2510911 -0.6754188 0.6933706
 outer loop
  vertex -0.25796762 -0.71099627 0.6541705
  vertex -0.23899634 -0.6393575 0.7308246
  vertex -0.29520524 -0.6858521 0.6651788
 endloop
endfacet
facet normal -0.5763546 -0.62099475 -0.53120685
 outer loop
  vertex -0.53021497 -0.6170369 -0.58149666
  vertex -0.5431049 -0.67309046 -0.5019831
  vertex -0.6205812 -0.62077564 -0.4790794
 endloop
endfacet
facet normal -0.5763546 -0.620995 -0.53120685
 outer loop
  vertex -0.53021497 -0.6170369 -0.58149666
  vertex -0.6205812 -0.62077564 -0.4790794
  vertex -0.6058077 -0.5659939 -0.5591498
 endloop
endfacet
facet normal -0.30260843 -0.72104406 0.6233165
 outer loop
  vertex -0.30468428 -0.7553758 0.5801528
  vertex -0.25796762 -0.71099627 0.6541705
  vertex -0.29520524 -0.6858521 0.6651788
 endloop
endfacet
facet normal -0.30260903 -0.721044 0.62331647
 outer loop
  vertex -0.30468428 -0.7553758 0.5801528
  vertex -0.29520524 -0.6858521 0.6651788
  vertex -0.34857115 -0.72574186 0.59312665
 endloop
endfacet
facet normal -0.55978245 -0.5627108 -0.6082763
 outer loop
  vertex -0.51221883 -0.55504096 -0.65540993
  vertex -0.53021497 -0.6170369 -0.58149666
  vertex -0.6058077 -0.5659939 -0.5591498
 endloop
endfacet
facet normal -0.55978274 -0.56271034 -0.60827655
 outer loop
  vertex -0.51221883 -0.55504096 -0.65540993
  vertex -0.6058077 -0.5659939 -0.5591498
  vertex -0.5852 -0.5057614 -0.6338351
 endloop
endfacet
facet normal -0.35119995 -0.75971 0.5472653
 outer loop
  vertex -0.34846658 -0.79248005 0.50054824
  vertex -0.30468428 -0.7553758 0.5801528
  vertex -0.34857115 -0.72574186 0.59312665
 endloop
endfacet
facet normal -0.35120046 -0.7597099 0.5472651
 outer loop
  vertex -0.34846658 -0.79248005 0.50054824
  vertex -0.34857115 -0.72574186 0.59312665
  vertex -0.39857996 -0.75864166 0.51536286
 endloop
endfacet
facet normal -0.5378258 -0.49900565 -0.6795122
 outer loop
  vertex -0.4892894 -0.48769942 -0.72301114
  vertex -0.51221883 -0.55504096 -0.65540993
  vertex -0.5852 -0.5057614 -0.6338351
 endloop
endfacet
facet normal -0.53782564 -0.49900588 -0.6795121
 outer loop
  vertex -0.4892894 -0.48769942 -0.72301114
  vertex -0.5852 -0.5057614 -0.6338351
  vertex -0.55895597 -0.440658 -0.7024162
 endloop
endfacet
facet normal -0.3963938 -0.79104465 0.4659618
 outer loop
  vertex -0.38889313 -0.82195264 0.41612294
  vertex -0.34846658 -0.79248005 0.50054824
  vertex -0.39857996 -0.75864166 0.51536286
 endloop
endfacet
facet normal -0.3963948 -0.7910443 0.46596152
 outer loop
  vertex -0.38889313 -0.82195264 0.41612294
  vertex -0.39857996 -0.75864166 0.51536286
  vertex -0.44475046 -0.78423566 0.43263558
 endloop
endfacet
facet normal -0.5106957 -0.43049872 -0.74421835
 outer loop
  vertex -0.46164817 -0.4156617 -0.7836498
  vertex -0.4892894 -0.48769942 -0.72301114
  vertex -0.55895597 -0.440658 -0.7024162
 endloop
endfacet
facet normal -0.51069516 -0.4304997 -0.74421805
 outer loop
  vertex -0.46164817 -0.4156617 -0.7836498
  vertex -0.55895597 -0.440658 -0.7024162
  vertex -0.5273295 -0.37131137 -0.764233
 endloop
endfacet
facet normal -0.43776226 -0.8147541 0.380184
 outer loop
  vertex -0.42557397 -0.8435091 0.32769027
  vertex -0.38889313 -0.82195264 0.41612294
  vertex -0.44475046 -0.78423566 0.43263558
 endloop
endfacet
facet normal -0.43776193 -0.8147543 0.38018417
 outer loop
  vertex -0.42557397 -0.8435091 0.32769027
  vertex -0.44475046 -0.78423566 0.43263558
  vertex -0.48663726 -0.80227685 0.34574193
 endloop
endfacet
facet normal -0.47864163 -0.35782534 -0.80178744
 outer loop
  vertex -0.4295608 -0.33962017 -0.8367411
  vertex -0.46164817 -0.4156617 -0.7836498
  vertex -0.5273295 -0.37131137 -0.764233
 endloop
endfacet
facet normal -0.47864208 -0.35782456 -0.8017876
 outer loop
  vertex -0.4295608 -0.33962017 -0.8367411
  vertex -0.5273295 -0.37131137 -0.764233
  vertex -0.49062413 -0.29838794 -0.81868947
 endloop
endfacet
facet normal -0.60389745 -0.786884 0.12697011
 outer loop
  vertex -0.58279467 -0.8097208 0.06858184
  vertex -0.5559934 -0.8150812 0.16283429
  vertex -0.62029123 -0.7619931 0.18602748
 endloop
endfacet
facet normal -0.6038972 -0.7868841 0.12697025
 outer loop
  vertex -0.58279467 -0.8097208 0.06858184
  vertex -0.62029123 -0.7619931 0.18602748
  vertex -0.65015155 -0.75410706 0.09287848
 endloop
endfacet
facet normal -0.4015797 -0.088125244 -0.91157424
 outer loop
  vertex -0.35379657 -0.06531809 -0.93303895
  vertex -0.40343797 -0.1446511 -0.9035008
  vertex -0.44968942 -0.10646315 -0.8868172
 endloop
endfacet
facet normal -0.40157974 -0.08812529 -0.91157424
 outer loop
  vertex -0.35379657 -0.06531809 -0.93303895
  vertex -0.44968942 -0.10646315 -0.8868172
  vertex -0.3943013 -0.03187497 -0.9184283
 endloop
endfacet
facet normal -0.62927264 -0.7764908 0.0328329
 outer loop
  vertex -0.6039834 -0.7965626 -0.02633113
  vertex -0.58279467 -0.8097208 0.06858184
  vertex -0.65015155 -0.75410706 0.09287848
 endloop
endfacet
facet normal -0.62927413 -0.7764896 0.032831892
 outer loop
  vertex -0.6039834 -0.7965626 -0.02633113
  vertex -0.65015155 -0.75410706 0.09287848
  vertex -0.67375064 -0.73895854 -0.0011650368
 endloop
endfacet
facet normal -0.34712562 -0.010734267 -0.93775725
 outer loop
  vertex -0.30074778 0.014644457 -0.9535911
  vertex -0.35379657 -0.06531809 -0.93303895
  vertex -0.3943013 -0.03187497 -0.9184283
 endloop
endfacet
facet normal -0.347126 -0.010733493 -0.93775713
 outer loop
  vertex -0.30074778 0.014644457 -0.9535911
  vertex -0.3943013 -0.03187497 -0.9184283
  vertex -0.3351157 0.04302068 -0.94119406
 endloop
endfacet
facet normal -0.6485979 -0.75863355 -0.06161063
 outer loop
  vertex -0.61935514 -0.77573293 -0.12099034
  vertex -0.6039834 -0.7965626 -0.02633113
  vertex -0.67375064 -0.73895854 -0.0011650368
 endloop
endfacet
facet normal -0.648597 -0.7586344 -0.061609983
 outer loop
  vertex -0.61935514 -0.77573293 -0.12099034
  vertex -0.67375064 -0.73895854 -0.0011650368
  vertex -0.69086087 -0.7166936 -0.09519718
 endloop
endfacet
facet normal -0.28931606 0.06677333 -0.9549019
 outer loop
  vertex -0.24480246 0.094466045 -0.96495974
  vertex -0.30074778 0.014644457 -0.9535911
  vertex -0.3351157 0.04302068 -0.94119406
 endloop
endfacet
facet normal -0.289316 0.06677317 -0.95490193
 outer loop
  vertex -0.24480246 0.094466045 -0.96495974
  vertex -0.3351157 0.04302068 -0.94119406
  vertex -0.27270257 0.11750208 -0.95489573
 endloop
endfacet
facet normal -0.6616855 -0.7334902 -0.15544875
 outer loop
  vertex -0.62876236 -0.7474324 -0.2144844
  vertex -0.61935514 -0.77573293 -0.12099034
  vertex -0.69086087 -0.7166936 -0.09519718
 endloop
endfacet
facet normal -0.66168606 -0.73348975 -0.15544917
 outer loop
  vertex -0.62876236 -0.7474324 -0.2144844
  vertex -0.69086087 -0.7166936 -0.09519718
  vertex -0.7013178 -0.6875263 -0.18831259
 endloop
endfacet
facet normal -0.09522813 -0.49311692 0.8647354
 outer loop
  vertex -0.12023755 -0.5284038 0.84043705
  vertex -0.05883089 -0.46501273 0.8833483
  vertex -0.065976985 -0.4591125 0.88592595
 endloop
endfacet
facet normal -0.09522518 -0.49311882 0.8647347
 outer loop
  vertex -0.12023755 -0.5284038 0.84043705
  vertex -0.065976985 -0.4591125 0.88592595
  vertex -0.13446093 -0.51666015 0.84556764
 endloop
endfacet
facet normal -0.22870636 0.1436481 -0.9628389
 outer loop
  vertex -0.18650018 0.17337729 -0.96703553
  vertex -0.24480246 0.094466045 -0.96495974
  vertex -0.27270257 0.11750208 -0.95489573
 endloop
endfacet
facet normal -0.22870597 0.14364746 -0.96283907
 outer loop
  vertex -0.18650018 0.17337729 -0.96703553
  vertex -0.27270257 0.11750208 -0.95489573
  vertex -0.20766385 0.1908513 -0.9594015
 endloop
endfacet
facet normal -0.66841596 -0.7012998 -0.24778762
 outer loop
  vertex -0.6321141 -0.71193373 -0.3059129
  vertex -0.62876236 -0.7474324 -0.2144844
  vertex -0.7013178 -0.6875263 -0.18831259
 endloop
endfacet
facet normal -0.6684164 -0.7012993 -0.24778794
 outer loop
  vertex -0.6321141 -0.71193373 -0.3059129
  vertex -0.7013178 -0.6875263 -0.18831259
  vertex -0.70502067 -0.65173763 -0.27961442
 endloop
endfacet
facet normal -0.15978089 -0.55127335 0.818882
 outer loop
  vertex -0.1804862 -0.5867059 0.78943217
  vertex -0.12023755 -0.5284038 0.84043705
  vertex -0.13446093 -0.51666015 0.84556764
 endloop
endfacet
facet normal -0.15978147 -0.5512731 0.81888205
 outer loop
  vertex -0.1804862 -0.5867059 0.78943217
  vertex -0.13446093 -0.51666015 0.84556764
  vertex -0.20164987 -0.5692319 0.7970662
 endloop
endfacet
facet normal -0.16587661 0.21915263 -0.96148694
 outer loop
  vertex -0.12640134 0.2506191 -0.95979804
  vertex -0.18650018 0.17337729 -0.96703553
  vertex -0.20766385 0.1908513 -0.9594015
 endloop
endfacet
facet normal -0.165877 0.21915315 -0.96148676
 outer loop
  vertex -0.12640134 0.2506191 -0.95979804
  vertex -0.20766385 0.1908513 -0.9594015
  vertex -0.14062472 0.26236278 -0.95466745
 endloop
endfacet
facet normal -0.6687243 -0.66237295 -0.3377424
 outer loop
  vertex -0.6293783 -0.66957885 -0.3943952
  vertex -0.6321141 -0.71193373 -0.3059129
  vertex -0.70502067 -0.65173763 -0.27961442
 endloop
endfacet
facet normal -0.66872394 -0.66237354 -0.3377421
 outer loop
  vertex -0.6293783 -0.66957885 -0.3943952
  vertex -0.70502067 -0.65173763 -0.27961442
  vertex -0.70193374 -0.6096727 -0.3682234
 endloop
endfacet
facet normal -0.22278987 -0.6041028 0.76513034
 outer loop
  vertex -0.23899634 -0.6393575 0.7308246
  vertex -0.1804862 -0.5867059 0.78943217
  vertex -0.20164987 -0.5692319 0.7970662
 endloop
endfacet
facet normal -0.22278927 -0.6041031 0.76513034
 outer loop
  vertex -0.23899634 -0.6393575 0.7308246
  vertex -0.20164987 -0.5692319 0.7970662
  vertex -0.26689646 -0.6163215 0.7408886
 endloop
endfacet
facet normal -0.10144165 0.2925493 -0.9508546
 outer loop
  vertex -0.06508516 0.32544744 -0.9433171
  vertex -0.12640134 0.2506191 -0.95979804
  vertex -0.14062472 0.26236278 -0.95466745
 endloop
endfacet
facet normal -0.10143854 0.29254588 -0.950856
 outer loop
  vertex -0.06508516 0.32544744 -0.9433171
  vertex -0.14062472 0.26236278 -0.95466745
  vertex -0.07223125 0.3313477 -0.94073945
 endloop
endfacet
facet normal -0.662607 -0.61708194 -0.42445472
 outer loop
  vertex -0.6205812 -0.62077564 -0.4790794
  vertex -0.6293783 -0.66957885 -0.3943952
  vertex -0.70193374 -0.6096727 -0.3682234
 endloop
endfacet
facet normal -0.6626067 -0.6170825 -0.42445445
 outer loop
  vertex -0.6205812 -0.62077564 -0.4790794
  vertex -0.70193374 -0.6096727 -0.3682234
  vertex -0.69208694 -0.5617363 -0.45328623
 endloop
endfacet
facet normal -0.28363544 -0.65109396 0.7040082
 outer loop
  vertex -0.29520524 -0.6858521 0.6651788
  vertex -0.23899634 -0.6393575 0.7308246
  vertex -0.26689646 -0.6163215 0.7408886
 endloop
endfacet
facet normal -0.28363544 -0.651094 0.7040081
 outer loop
  vertex -0.29520524 -0.6858521 0.6651788
  vertex -0.26689646 -0.6163215 0.7408886
  vertex -0.32957315 -0.6574759 0.6775758
 endloop
endfacet
facet normal -0.6501226 -0.56585836 -0.5070947
 outer loop
  vertex -0.6058077 -0.5659939 -0.5591498
  vertex -0.6205812 -0.62077564 -0.4790794
  vertex -0.69208694 -0.5617363 -0.45328623
 endloop
endfacet
facet normal -0.65012306 -0.56585735 -0.50709516
 outer loop
  vertex -0.6058077 -0.5659939 -0.5591498
  vertex -0.69208694 -0.5617363 -0.45328623
  vertex -0.67557496 -0.50838983 -0.5339837
 endloop
endfacet
facet normal -0.341737 -0.6917985 0.6361059
 outer loop
  vertex -0.34857115 -0.72574186 0.59312665
  vertex -0.29520524 -0.6858521 0.6651788
  vertex -0.32957315 -0.6574759 0.6775758
 endloop
endfacet
facet normal -0.34173703 -0.69179845 0.6361059
 outer loop
  vertex -0.34857115 -0.72574186 0.59312665
  vertex -0.32957315 -0.6574759 0.6775758
  vertex -0.38907588 -0.6922987 0.60773736
 endloop
endfacet
facet normal -0.6313893 -0.50918925 -0.5848708
 outer loop
  vertex -0.5852 -0.5057614 -0.6338351
  vertex -0.6058077 -0.5659939 -0.5591498
  vertex -0.67557496 -0.50838983 -0.5339837
 endloop
endfacet
facet normal -0.63138914 -0.50918967 -0.5848707
 outer loop
  vertex -0.5852 -0.5057614 -0.6338351
  vertex -0.67557496 -0.50838983 -0.5339837
  vertex -0.6525569 -0.4501475 -0.60953844
 endloop
endfacet
facet normal -0.39653367 -0.7258262 0.562083
 outer loop
  vertex -0.39857996 -0.75864166 0.51536286
  vertex -0.34857115 -0.72574186 0.59312665
  vertex -0.38907588 -0.6922987 0.60773736
 endloop
endfacet
facet normal -0.3965341 -0.725826 0.56208295
 outer loop
  vertex -0.39857996 -0.75864166 0.51536286
  vertex -0.38907588 -0.6922987 0.60773736
  vertex -0.4448314 -0.7204537 0.53204644
 endloop
endfacet
facet normal -0.60658157 -0.4476152 -0.65703833
 outer loop
  vertex -0.55895597 -0.440658 -0.7024162
  vertex -0.5852 -0.5057614 -0.6338351
  vertex -0.6525569 -0.4501475 -0.60953844
 endloop
endfacet
facet normal -0.6065814 -0.44761556 -0.6570382
 outer loop
  vertex -0.55895597 -0.440658 -0.7024162
  vertex -0.6525569 -0.4501475 -0.60953844
  vertex -0.6232538 -0.38756987 -0.679223
 endloop
endfacet
facet normal -0.4474946 -0.7528504 0.48266423
 outer loop
  vertex -0.44475046 -0.78423566 0.43263558
  vertex -0.39857996 -0.75864166 0.51536286
  vertex -0.4448314 -0.7204537 0.53204644
 endloop
endfacet
facet normal -0.44749358 -0.7528509 0.48266453
 outer loop
  vertex -0.44475046 -0.78423566 0.43263558
  vertex -0.4448314 -0.7204537 0.53204644
  vertex -0.4963032 -0.74167067 0.45123145
 endloop
endfacet
facet normal -0.5759397 -0.3817336 -0.722892
 outer loop
  vertex -0.5273295 -0.37131137 -0.764233
  vertex -0.55895597 -0.440658 -0.7024162
  vertex -0.6232538 -0.38756987 -0.679223
 endloop
endfacet
facet normal -0.57594025 -0.3817322 -0.7228924
 outer loop
  vertex -0.5273295 -0.37131137 -0.764233
  vertex -0.6232538 -0.38756987 -0.679223
  vertex -0.5879491 -0.3212601 -0.74236655
 endloop
endfacet
facet normal -0.49413502 -0.7726191 0.39861035
 outer loop
  vertex -0.48663726 -0.80227685 0.34574193
  vertex -0.44475046 -0.78423566 0.43263558
  vertex -0.4963032 -0.74167067 0.45123145
 endloop
endfacet
facet normal -0.49413466 -0.7726193 0.39861044
 outer loop
  vertex -0.48663726 -0.80227685 0.34574193
  vertex -0.4963032 -0.74167067 0.45123145
  vertex -0.54299486 -0.75574476 0.36607093
 endloop
endfacet
facet normal -0.53974605 -0.31215346 -0.7818149
 outer loop
  vertex -0.49062413 -0.29838794 -0.81868947
  vertex -0.5273295 -0.37131137 -0.764233
  vertex -0.5879491 -0.3212601 -0.74236655
 endloop
endfacet
facet normal -0.5397455 -0.31215483 -0.78181463
 outer loop
  vertex -0.49062413 -0.29838794 -0.81868947
  vertex -0.5879491 -0.3212601 -0.74236655
  vertex -0.5469817 -0.2518558 -0.79836047
 endloop
endfacet
facet normal -0.5360036 -0.78494334 0.31074768
 outer loop
  vertex -0.52383804 -0.81259227 0.25551835
  vertex -0.48663726 -0.80227685 0.34574193
  vertex -0.54299486 -0.75574476 0.36607093
 endloop
endfacet
facet normal -0.536005 -0.78494257 0.31074706
 outer loop
  vertex -0.52383804 -0.81259227 0.25551835
  vertex -0.54299486 -0.75574476 0.36607093
  vertex -0.58445764 -0.76254106 0.27738476
 endloop
endfacet
facet normal -0.49835286 -0.23956448 -0.83321863
 outer loop
  vertex -0.44919428 -0.22259144 -0.8652617
  vertex -0.49062413 -0.29838794 -0.81868947
  vertex -0.5469817 -0.2518558 -0.79836047
 endloop
endfacet
facet normal -0.4983531 -0.23956378 -0.83321863
 outer loop
  vertex -0.44919428 -0.22259144 -0.8652617
  vertex -0.5469817 -0.2518558 -0.79836047
  vertex -0.500747 -0.18002643 -0.8466658
 endloop
endfacet
facet normal -0.57271224 -0.78971153 0.21990058
 outer loop
  vertex -0.5559934 -0.8150812 0.16283429
  vertex -0.52383804 -0.81259227 0.25551835
  vertex -0.58445764 -0.76254106 0.27738476
 endloop
endfacet
facet normal -0.572711 -0.7897123 0.21990123
 outer loop
  vertex -0.5559934 -0.8150812 0.16283429
  vertex -0.58445764 -0.76254106 0.27738476
  vertex -0.62029123 -0.7619931 0.18602748
 endloop
endfacet
facet normal -0.45214826 -0.16464345 -0.8766154
 outer loop
  vertex -0.40343797 -0.1446511 -0.9035008
  vertex -0.44919428 -0.22259144 -0.8652617
  vertex -0.500747 -0.18002643 -0.8466658
 endloop
endfacet
facet normal -0.45214805 -0.16464405 -0.8766154
 outer loop
  vertex -0.40343797 -0.1446511 -0.9035008
  vertex -0.500747 -0.18002643 -0.8466658
  vertex -0.44968942 -0.10646315 -0.8868172
 endloop
endfacet
facet normal -0.7161117 -0.69711953 -0.03475942
 outer loop
  vertex -0.69086087 -0.7166936 -0.09519718
  vertex -0.67375064 -0.73895854 -0.0011650368
  vertex -0.73702055 -0.6753482 0.026577946
 endloop
endfacet
facet normal -0.71611166 -0.6971198 -0.034759343
 outer loop
  vertex -0.69086087 -0.7166936 -0.09519718
  vertex -0.73702055 -0.6753482 0.026577946
  vertex -0.7557073 -0.65149826 -0.06676292
 endloop
endfacet
facet normal -0.31910047 0.093910724 -0.9430566
 outer loop
  vertex -0.27270257 0.11750208 -0.95489573
  vertex -0.3351157 0.04302068 -0.94119406
  vertex -0.36628297 0.07435565 -0.92752767
 endloop
endfacet
facet normal -0.31910083 0.0939116 -0.94305634
 outer loop
  vertex -0.27270257 0.11750208 -0.95489573
  vertex -0.36628297 0.07435565 -0.92752767
  vertex -0.2980044 0.14294003 -0.9438012
 endloop
endfacet
facet normal -0.73052967 -0.67076415 -0.12806994
 outer loop
  vertex -0.7013178 -0.6875263 -0.18831259
  vertex -0.69086087 -0.7166936 -0.09519718
  vertex -0.7557073 -0.65149826 -0.06676292
 endloop
endfacet
facet normal -0.73052996 -0.6707637 -0.12807027
 outer loop
  vertex -0.7013178 -0.6875263 -0.18831259
  vertex -0.7557073 -0.65149826 -0.06676292
  vertex -0.7671163 -0.6213737 -0.15946081
 endloop
endfacet
facet normal -0.105449624 -0.483803 0.86880094
 outer loop
  vertex -0.13446093 -0.51666015 0.84556764
  vertex -0.065976985 -0.4591125 0.88592595
  vertex -0.072457574 -0.45259702 0.8887676
 endloop
endfacet
facet normal -0.10545114 -0.48380184 0.8688014
 outer loop
  vertex -0.13446093 -0.51666015 0.84556764
  vertex -0.072457574 -0.45259702 0.8887676
  vertex -0.14735968 -0.503692 0.8512235
 endloop
endfacet
facet normal -0.25217772 0.1650333 -0.95350426
 outer loop
  vertex -0.20766385 0.1908513 -0.9594015
  vertex -0.27270257 0.11750208 -0.95489573
  vertex -0.2980044 0.14294003 -0.9438012
 endloop
endfacet
facet normal -0.25217786 0.16503358 -0.9535042
 outer loop
  vertex -0.20766385 0.1908513 -0.9594015
  vertex -0.2980044 0.14294003 -0.9438012
  vertex -0.22685654 0.2101473 -0.9509857
 endloop
endfacet
facet normal -0.7379278 -0.6379652 -0.220143
 outer loop
  vertex -0.70502067 -0.65173763 -0.27961442
  vertex -0.7013178 -0.6875263 -0.18831259
  vertex -0.7671163 -0.6213737 -0.15946081
 endloop
endfacet
facet normal -0.73792785 -0.63796496 -0.22014311
 outer loop
  vertex -0.70502067 -0.65173763 -0.27961442
  vertex -0.7671163 -0.6213737 -0.15946081
  vertex -0.7711375 -0.58526504 -0.25062305
 endloop
endfacet
facet normal -0.17671248 -0.5358467 0.8256156
 outer loop
  vertex -0.20164987 -0.5692319 0.7970662
  vertex -0.13446093 -0.51666015 0.84556764
  vertex -0.14735968 -0.503692 0.8512235
 endloop
endfacet
facet normal -0.17671016 -0.5358482 0.82561505
 outer loop
  vertex -0.20164987 -0.5692319 0.7970662
  vertex -0.14735968 -0.503692 0.8512235
  vertex -0.22084257 -0.54993594 0.805482
 endloop
endfacet
facet normal -0.18280666 0.23457831 -0.9547538
 outer loop
  vertex -0.14062472 0.26236278 -0.95466745
  vertex -0.20766385 0.1908513 -0.9594015
  vertex -0.22685654 0.2101473 -0.9509857
 endloop
endfacet
facet normal -0.18280676 0.23457848 -0.95475376
 outer loop
  vertex -0.14062472 0.26236278 -0.95466745
  vertex -0.22685654 0.2101473 -0.9509857
  vertex -0.15352346 0.27533096 -0.9490115
 endloop
endfacet
facet normal -0.7382359 -0.5990388 -0.31009713
 outer loop
  vertex -0.70193374 -0.6096727 -0.3682234
  vertex -0.70502067 -0.65173763 -0.27961442
  vertex -0.7711375 -0.58526504 -0.25062305
 endloop
endfacet
facet normal -0.73823583 -0.5990391 -0.310097
 outer loop
  vertex -0.70193374 -0.6096727 -0.3682234
  vertex -0.7711375 -0.58526504 -0.25062305
  vertex -0.76773226 -0.54352015 -0.33937162
 endloop
endfacet
facet normal -0.24626061 -0.58271766 0.7744649
 outer loop
  vertex -0.26689646 -0.6163215 0.7408886
  vertex -0.20164987 -0.5692319 0.7970662
  vertex -0.22084257 -0.54993594 0.805482
 endloop
endfacet
facet normal -0.24626136 -0.58271724 0.77446496
 outer loop
  vertex -0.26689646 -0.6163215 0.7408886
  vertex -0.22084257 -0.54993594 0.805482
  vertex -0.29219827 -0.5908835 0.7519831
 endloop
endfacet
facet normal -0.111666 0.3018644 -0.9467886
 outer loop
  vertex -0.07223125 0.3313477 -0.94073945
  vertex -0.14062472 0.26236278 -0.95466745
  vertex -0.15352346 0.27533096 -0.9490115
 endloop
endfacet
facet normal -0.11166556 0.30186376 -0.9467888
 outer loop
  vertex -0.07223125 0.3313477 -0.94073945
  vertex -0.15352346 0.27533096 -0.9490115
  vertex -0.07871184 0.33786318 -0.9378978
 endloop
endfacet
facet normal -0.73145115 -0.5543561 -0.3970749
 outer loop
  vertex -0.69208694 -0.5617363 -0.45328623
  vertex -0.70193374 -0.6096727 -0.3682234
  vertex -0.76773226 -0.54352015 -0.33937162
 endloop
endfacet
facet normal -0.7314508 -0.5543569 -0.39707458
 outer loop
  vertex -0.69208694 -0.5617363 -0.45328623
  vertex -0.76773226 -0.54352015 -0.33937162
  vertex -0.7569334 -0.49654096 -0.42485198
 endloop
endfacet
facet normal -0.3134213 -0.6239552 0.71585405
 outer loop
  vertex -0.32957315 -0.6574759 0.6775758
  vertex -0.26689646 -0.6163215 0.7408886
  vertex -0.29219827 -0.5908835 0.7519831
 endloop
endfacet
facet normal -0.31342137 -0.6239552 0.7158541
 outer loop
  vertex -0.32957315 -0.6574759 0.6775758
  vertex -0.29219827 -0.5908835 0.7519831
  vertex -0.36074042 -0.6261409 0.6912422
 endloop
endfacet
facet normal -0.71763706 -0.5043433 -0.48024467
 outer loop
  vertex -0.67557496 -0.50838983 -0.5339837
  vertex -0.69208694 -0.5617363 -0.45328623
  vertex -0.7569334 -0.49654096 -0.42485198
 endloop
endfacet
facet normal -0.7176372 -0.50434303 -0.4802448
 outer loop
  vertex -0.67557496 -0.50838983 -0.5339837
  vertex -0.7569334 -0.49654096 -0.42485198
  vertex -0.7388449 -0.44477952 -0.5062407
 endloop
endfacet
facet normal -0.37754866 -0.65916944 0.65034807
 outer loop
  vertex -0.38907588 -0.6922987 0.60773736
  vertex -0.32957315 -0.6574759 0.6775758
  vertex -0.36074042 -0.6261409 0.6912422
 endloop
endfacet
facet normal -0.37754747 -0.65917003 0.6503482
 outer loop
  vertex -0.38907588 -0.6922987 0.60773736
  vertex -0.36074042 -0.6261409 0.6912422
  vertex -0.4258085 -0.6553685 0.6238441
 endloop
endfacet
facet normal -0.6969251 -0.4494778 -0.5588068
 outer loop
  vertex -0.6525569 -0.4501475 -0.60953844
  vertex -0.67557496 -0.50838983 -0.5339837
  vertex -0.7388449 -0.44477952 -0.5062407
 endloop
endfacet
facet normal -0.6969252 -0.44947752 -0.5588069
 outer loop
  vertex -0.6525569 -0.4501475 -0.60953844
  vertex -0.7388449 -0.44477952 -0.5062407
  vertex -0.7136409 -0.38873476 -0.58275396
 endloop
endfacet
facet normal -0.4380238 -0.6880234 0.5785836
 outer loop
  vertex -0.4448314 -0.7204537 0.53204644
  vertex -0.38907588 -0.6922987 0.60773736
  vertex -0.4258085 -0.6553685 0.6238441
 endloop
endfacet
facet normal -0.43802458 -0.68802303 0.5785834
 outer loop
  vertex -0.4448314 -0.7204537 0.53204644
  vertex -0.4258085 -0.6553685 0.6238441
  vertex -0.4867755 -0.67828393 0.5504383
 endloop
endfacet
facet normal -0.6695088 -0.3902803 -0.63201207
 outer loop
  vertex -0.6232538 -0.38756987 -0.679223
  vertex -0.6525569 -0.4501475 -0.60953844
  vertex -0.7136409 -0.38873476 -0.58275396
 endloop
endfacet
facet normal -0.66950893 -0.39027986 -0.6320121
 outer loop
  vertex -0.6232538 -0.38756987 -0.679223
  vertex -0.7136409 -0.38873476 -0.58275396
  vertex -0.6815637 -0.3289462 -0.65365493
 endloop
endfacet
facet normal -0.49426243 -0.7102383 0.50126463
 outer loop
  vertex -0.4963032 -0.74167067 0.45123145
  vertex -0.4448314 -0.7204537 0.53204644
  vertex -0.4867755 -0.67828393 0.5504383
 endloop
endfacet
facet normal -0.49426258 -0.7102382 0.50126463
 outer loop
  vertex -0.4963032 -0.74167067 0.45123145
  vertex -0.4867755 -0.67828393 0.5504383
  vertex -0.5430549 -0.6946674 0.47173142
 endloop
endfacet
facet normal -0.63565284 -0.327326 -0.6991445
 outer loop
  vertex -0.5879491 -0.3212601 -0.74236655
  vertex -0.6232538 -0.38756987 -0.679223
  vertex -0.6815637 -0.3289462 -0.65365493
 endloop
endfacet
facet normal -0.635653 -0.32732567 -0.6991446
 outer loop
  vertex -0.5879491 -0.3212601 -0.74236655
  vertex -0.6815637 -0.3289462 -0.65365493
  vertex -0.64292324 -0.26599008 -0.7182611
 endloop
endfacet
facet normal -0.5457306 -0.7256087 0.41913018
 outer loop
  vertex -0.54299486 -0.75574476 0.36607093
  vertex -0.4963032 -0.74167067 0.45123145
  vertex -0.5430549 -0.6946674 0.47173142
 endloop
endfacet
facet normal -0.5457313 -0.7256083 0.41912997
 outer loop
  vertex -0.54299486 -0.75574476 0.36607093
  vertex -0.5430549 -0.6946674 0.47173142
  vertex -0.59410375 -0.7043607 0.38848153
 endloop
endfacet
facet normal -0.59566957 -0.26120082 -0.7595735
 outer loop
  vertex -0.5469817 -0.2518558 -0.79836047
  vertex -0.5879491 -0.3212601 -0.74236655
  vertex -0.64292324 -0.26599008 -0.7182611
 endloop
endfacet
facet normal -0.59566975 -0.26120004 -0.75957364
 outer loop
  vertex -0.5469817 -0.2518558 -0.79836047
  vertex -0.64292324 -0.26599008 -0.7182611
  vertex -0.5980906 -0.2004718 -0.77594984
 endloop
endfacet
facet normal -0.5919289 -0.7339886 0.3329879
 outer loop
  vertex -0.58445764 -0.76254106 0.27738476
  vertex -0.54299486 -0.75574476 0.36607093
  vertex -0.59410375 -0.7043607 0.38848153
 endloop
endfacet
facet normal -0.5919284 -0.7339889 0.33298814
 outer loop
  vertex -0.58445764 -0.76254106 0.27738476
  vertex -0.59410375 -0.7043607 0.38848153
  vertex -0.6394318 -0.70727104 0.3014902
 endloop
endfacet
facet normal -0.5499487 -0.19255361 -0.81269896
 outer loop
  vertex -0.500747 -0.18002643 -0.8466658
  vertex -0.5469817 -0.2518558 -0.79836047
  vertex -0.5980906 -0.2004718 -0.77594984
 endloop
endfacet
facet normal -0.54994833 -0.1925549 -0.8126989
 outer loop
  vertex -0.500747 -0.18002643 -0.8466658
  vertex -0.5980906 -0.2004718 -0.77594984
  vertex -0.54749876 -0.13302316 -0.8261658
 endloop
endfacet
facet normal -0.6324252 -0.73530483 0.24364962
 outer loop
  vertex -0.62029123 -0.7619931 0.18602748
  vertex -0.58445764 -0.76254106 0.27738476
  vertex -0.6394318 -0.70727104 0.3014902
 endloop
endfacet
facet normal -0.6324251 -0.73530483 0.24364962
 outer loop
  vertex -0.62029123 -0.7619931 0.18602748
  vertex -0.6394318 -0.70727104 0.3014902
  vertex -0.6786011 -0.70336944 0.21159557
 endloop
endfacet
facet normal -0.4989165 -0.12203176 -0.85801554
 outer loop
  vertex -0.44968942 -0.10646315 -0.8868172
  vertex -0.500747 -0.18002643 -0.8466658
  vertex -0.54749876 -0.13302316 -0.8261658
 endloop
endfacet
facet normal -0.4989162 -0.1220328 -0.8580155
 outer loop
  vertex -0.44968942 -0.10646315 -0.8868172
  vertex -0.54749876 -0.13302316 -0.8261658
  vertex -0.4916335 -0.06429337 -0.86842537
 endloop
endfacet
facet normal -0.6668257 -0.72954804 0.15199706
 outer loop
  vertex -0.65015155 -0.75410706 0.09287848
  vertex -0.62029123 -0.7619931 0.18602748
  vertex -0.6786011 -0.70336944 0.21159557
 endloop
endfacet
facet normal -0.66682553 -0.72954816 0.15199718
 outer loop
  vertex -0.65015155 -0.75410706 0.09287848
  vertex -0.6786011 -0.70336944 0.21159557
  vertex -0.7112355 -0.69269437 0.11966298
 endloop
endfacet
facet normal -0.44306952 -0.05032247 -0.8950737
 outer loop
  vertex -0.3943013 -0.03187497 -0.9184283
  vertex -0.44968942 -0.10646315 -0.8868172
  vertex -0.4916335 -0.06429337 -0.86842537
 endloop
endfacet
facet normal -0.44306967 -0.050321974 -0.8950737
 outer loop
  vertex -0.3943013 -0.03187497 -0.9184283
  vertex -0.4916335 -0.06429337 -0.86842537
  vertex -0.4310339 0.0050552622 -0.9023216
 endloop
endfacet
facet normal -0.6948101 -0.71677774 0.058895733
 outer loop
  vertex -0.67375064 -0.73895854 -0.0011650368
  vertex -0.65015155 -0.75410706 0.09287848
  vertex -0.7112355 -0.69269437 0.11966298
 endloop
endfacet
facet normal -0.6948095 -0.7167782 0.0588961
 outer loop
  vertex -0.67375064 -0.73895854 -0.0011650368
  vertex -0.7112355 -0.69269437 0.11966298
  vertex -0.73702055 -0.6753482 0.026577946
 endloop
endfacet
facet normal -0.3829362 0.021894233 -0.9235153
 outer loop
  vertex -0.3351157 0.04302068 -0.94119406
  vertex -0.3943013 -0.03187497 -0.9184283
  vertex -0.4310339 0.0050552622 -0.9023216
 endloop
endfacet
facet normal -0.38293615 0.021894021 -0.9235153
 outer loop
  vertex -0.3351157 0.04302068 -0.94119406
  vertex -0.4310339 0.0050552622 -0.9023216
  vertex -0.36628297 0.07435565 -0.92752767
 endloop
endfacet
facet normal -0.8003314 -0.5686744 -0.189945
 outer loop
  vertex -0.7711375 -0.58526504 -0.25062305
  vertex -0.7671163 -0.6213737 -0.15946081
  vertex -0.8255241 -0.5496119 -0.12820709
 endloop
endfacet
facet normal -0.8003313 -0.56867445 -0.18994497
 outer loop
  vertex -0.7711375 -0.58526504 -0.25062305
  vertex -0.8255241 -0.5496119 -0.12820709
  vertex -0.8298279 -0.513156 -0.21921808
 endloop
endfacet
facet normal -0.19190803 -0.518973 0.83296955
 outer loop
  vertex -0.22084257 -0.54993594 0.805482
  vertex -0.14735968 -0.503692 0.8512235
  vertex -0.15880963 -0.4896242 0.85735035
 endloop
endfacet
facet normal -0.19190873 -0.5189724 0.8329698
 outer loop
  vertex -0.22084257 -0.54993594 0.805482
  vertex -0.15880963 -0.4896242 0.85735035
  vertex -0.23787951 -0.52900374 0.8145984
 endloop
endfacet
facet normal -0.19800499 0.25145406 -0.947399
 outer loop
  vertex -0.15352346 0.27533096 -0.9490115
  vertex -0.22685654 0.2101473 -0.9509857
  vertex -0.24389349 0.23107947 -0.9418693
 endloop
endfacet
facet normal -0.1980049 0.25145388 -0.9473991
 outer loop
  vertex -0.15352346 0.27533096 -0.9490115
  vertex -0.24389349 0.23107947 -0.9418693
  vertex -0.1649734 0.28939876 -0.9428847
 endloop
endfacet
facet normal -0.8006393 -0.5297484 -0.27989894
 outer loop
  vertex -0.76773226 -0.54352015 -0.33937162
  vertex -0.7711375 -0.58526504 -0.25062305
  vertex -0.8298279 -0.513156 -0.21921808
 endloop
endfacet
facet normal -0.8006393 -0.5297484 -0.2798989
 outer loop
  vertex -0.76773226 -0.54352015 -0.33937162
  vertex -0.8298279 -0.513156 -0.21921808
  vertex -0.82614005 -0.4717584 -0.30811787
 endloop
endfacet
facet normal -0.26733205 -0.559321 0.7846614
 outer loop
  vertex -0.29219827 -0.5908835 0.7519831
  vertex -0.22084257 -0.54993594 0.805482
  vertex -0.23787951 -0.52900374 0.8145984
 endloop
endfacet
facet normal -0.26733172 -0.5593213 0.78466135
 outer loop
  vertex -0.29219827 -0.5908835 0.7519831
  vertex -0.23787951 -0.52900374 0.8145984
  vertex -0.31465808 -0.5632886 0.76400125
 endloop
endfacet
facet normal -0.12084424 0.31205544 -0.9423471
 outer loop
  vertex -0.07871184 0.33786318 -0.9378978
  vertex -0.15352346 0.27533096 -0.9490115
  vertex -0.1649734 0.28939876 -0.9428847
 endloop
endfacet
facet normal -0.12084401 0.31205505 -0.9423473
 outer loop
  vertex -0.07871184 0.33786318 -0.9378978
  vertex -0.1649734 0.28939876 -0.9428847
  vertex -0.0844645 0.3449311 -0.9348196
 endloop
endfacet
facet normal -0.79325515 -0.48573142 -0.36716655
 outer loop
  vertex -0.7569334 -0.49654096 -0.42485198
  vertex -0.76773226 -0.54352015 -0.33937162
  vertex -0.82614005 -0.4717584 -0.30811787
 endloop
endfacet
facet normal -0.7932553 -0.48573107 -0.36716673
 outer loop
  vertex -0.7569334 -0.49654096 -0.42485198
  vertex -0.82614005 -0.4717584 -0.30811787
  vertex -0.8144961 -0.42581743 -0.39405042
 endloop
endfacet
facet normal -0.3401601 -0.59426546 0.7287934
 outer loop
  vertex -0.36074042 -0.6261409 0.6912422
  vertex -0.29219827 -0.5908835 0.7519831
  vertex -0.31465808 -0.5632886 0.76400125
 endloop
endfacet
facet normal -0.3401604 -0.59426516 0.7287934
 outer loop
  vertex -0.36074042 -0.6261409 0.6912422
  vertex -0.31465808 -0.5632886 0.76400125
  vertex -0.38840687 -0.59214896 0.7060464
 endloop
endfacet
facet normal -0.77824813 -0.4370428 -0.45091406
 outer loop
  vertex -0.7388449 -0.44477952 -0.5062407
  vertex -0.7569334 -0.49654096 -0.42485198
  vertex -0.8144961 -0.42581743 -0.39405042
 endloop
endfacet
facet normal -0.7782482 -0.43704253 -0.45091417
 outer loop
  vertex -0.7388449 -0.44477952 -0.5062407
  vertex -0.8144961 -0.42581743 -0.39405042
  vertex -0.79500806 -0.37577546 -0.476188
 endloop
endfacet
facet normal -0.4096968 -0.62347275 0.6659057
 outer loop
  vertex -0.4258085 -0.6553685 0.6238441
  vertex -0.36074042 -0.6261409 0.6912422
  vertex -0.38840687 -0.59214896 0.7060464
 endloop
endfacet
facet normal -0.4096966 -0.6234728 0.6659056
 outer loop
  vertex -0.4258085 -0.6553685 0.6238441
  vertex -0.38840687 -0.59214896 0.7060464
  vertex -0.45841512 -0.6153069 0.64129174
 endloop
endfacet
facet normal -0.7557601 -0.3841494 -0.5303356
 outer loop
  vertex -0.7136409 -0.38873476 -0.58275396
  vertex -0.7388449 -0.44477952 -0.5062407
  vertex -0.79500806 -0.37577546 -0.476188
 endloop
endfacet
facet normal -0.75576043 -0.38414803 -0.5303361
 outer loop
  vertex -0.7136409 -0.38873476 -0.58275396
  vertex -0.79500806 -0.37577546 -0.476188
  vertex -0.76786363 -0.32211465 -0.55373955
 endloop
endfacet
facet normal -0.47527188 -0.64666486 0.5966081
 outer loop
  vertex -0.4867755 -0.67828393 0.5504383
  vertex -0.4258085 -0.6553685 0.6238441
  vertex -0.45841512 -0.6153069 0.64129174
 endloop
endfacet
facet normal -0.47527072 -0.6466655 0.5966083
 outer loop
  vertex -0.4867755 -0.67828393 0.5504383
  vertex -0.45841512 -0.6153069 0.64129174
  vertex -0.52400833 -0.6325385 0.57036144
 endloop
endfacet
facet normal -0.72600204 -0.32755166 -0.6046742
 outer loop
  vertex -0.6815637 -0.3289462 -0.65365493
  vertex -0.7136409 -0.38873476 -0.58275396
  vertex -0.76786363 -0.32211465 -0.55373955
 endloop
endfacet
facet normal -0.72600174 -0.3275529 -0.6046739
 outer loop
  vertex -0.6815637 -0.3289462 -0.65365493
  vertex -0.76786363 -0.32211465 -0.55373955
  vertex -0.73332393 -0.26535174 -0.6259582
 endloop
endfacet
facet normal -0.5362474 -0.6636197 0.5215818
 outer loop
  vertex -0.5430549 -0.6946674 0.47173142
  vertex -0.4867755 -0.67828393 0.5504383
  vertex -0.52400833 -0.6325385 0.57036144
 endloop
endfacet
facet normal -0.5362486 -0.6636189 0.52158165
 outer loop
  vertex -0.5430549 -0.6946674 0.47173142
  vertex -0.52400833 -0.6325385 0.57036144
  vertex -0.58455527 -0.6436786 0.49393812
 endloop
endfacet
facet normal -0.68925995 -0.26780227 -0.6732033
 outer loop
  vertex -0.64292324 -0.26599008 -0.7182611
  vertex -0.6815637 -0.3289462 -0.65365493
  vertex -0.73332393 -0.26535174 -0.6259582
 endloop
endfacet
facet normal -0.6892598 -0.26780257 -0.67320323
 outer loop
  vertex -0.64292324 -0.26599008 -0.7182611
  vertex -0.73332393 -0.26535174 -0.6259582
  vertex -0.69172245 -0.20603365 -0.69214886
 endloop
endfacet
facet normal -0.59204966 -0.67417806 0.44154403
 outer loop
  vertex -0.59410375 -0.7043607 0.38848153
  vertex -0.5430549 -0.6946674 0.47173142
  vertex -0.58455527 -0.6436786 0.49393812
 endloop
endfacet
facet normal -0.5920499 -0.6741779 0.44154397
 outer loop
  vertex -0.59410375 -0.7043607 0.38848153
  vertex -0.58455527 -0.6436786 0.49393812
  vertex -0.639472 -0.6486197 0.4127579
 endloop
endfacet
facet normal -0.6458739 -0.20545499 -0.73527896
 outer loop
  vertex -0.5980906 -0.2004718 -0.77594984
  vertex -0.64292324 -0.26599008 -0.7182611
  vertex -0.69172245 -0.20603365 -0.69214886
 endloop
endfacet
facet normal -0.64587396 -0.20545483 -0.73527896
 outer loop
  vertex -0.5980906 -0.2004718 -0.77594984
  vertex -0.69172245 -0.20603365 -0.69214886
  vertex -0.64345884 -0.14473076 -0.75167346
 endloop
endfacet
facet normal -0.6421329 -0.6782435 0.35728288
 outer loop
  vertex -0.6394318 -0.70727104 0.3014902
  vertex -0.59410375 -0.7043607 0.38848153
  vertex -0.639472 -0.6486197 0.4127579
 endloop
endfacet
facet normal -0.6421334 -0.6782431 0.35728264
 outer loop
  vertex -0.6394318 -0.70727104 0.3014902
  vertex -0.639472 -0.6486197 0.4127579
  vertex -0.688231 -0.64731455 0.32760248
 endloop
endfacet
facet normal -0.59626764 -0.14112377 -0.7902841
 outer loop
  vertex -0.54749876 -0.13302316 -0.8261658
  vertex -0.5980906 -0.2004718 -0.77594984
  vertex -0.64345884 -0.14473076 -0.75167346
 endloop
endfacet
facet normal -0.5962675 -0.14112449 -0.7902841
 outer loop
  vertex -0.54749876 -0.13302316 -0.8261658
  vertex -0.64345884 -0.14473076 -0.75167346
  vertex -0.58899915 -0.082034394 -0.80395913
 endloop
endfacet
facet normal -0.6860323 -0.6757813 0.269591
 outer loop
  vertex -0.6786011 -0.70336944 0.21159557
  vertex -0.6394318 -0.70727104 0.3014902
  vertex -0.688231 -0.64731455 0.32760248
 endloop
endfacet
facet normal -0.6860319 -0.67578167 0.2695912
 outer loop
  vertex -0.6786011 -0.70336944 0.21159557
  vertex -0.688231 -0.64731455 0.32760248
  vertex -0.73036134 -0.639775 0.23929226
 endloop
endfacet
facet normal -0.5409025 -0.075412564 -0.8376977
 outer loop
  vertex -0.4916335 -0.06429337 -0.86842537
  vertex -0.54749876 -0.13302316 -0.8261658
  vertex -0.58899915 -0.082034394 -0.80395913
 endloop
endfacet
facet normal -0.5409025 -0.0754122 -0.8376977
 outer loop
  vertex -0.4916335 -0.06429337 -0.86842537
  vertex -0.58899915 -0.082034394 -0.80395913
  vertex -0.52886635 -0.01854791 -0.8485022
 endloop
endfacet
facet normal -0.72331804 -0.6668209 0.17933485
 outer loop
  vertex -0.7112355 -0.69269437 0.11966298
  vertex -0.6786011 -0.70336944 0.21159557
  vertex -0.73036134 -0.639775 0.23929226
 endloop
endfacet
facet normal -0.723319 -0.66682005 0.17933437
 outer loop
  vertex -0.7112355 -0.69269437 0.11966298
  vertex -0.73036134 -0.639775 0.23929226
  vertex -0.7654582 -0.6260743 0.14867738
 endloop
endfacet
facet normal -0.48031765 -0.008963041 -0.8770488
 outer loop
  vertex -0.4310339 0.0050552622 -0.9023216
  vertex -0.4916335 -0.06429337 -0.86842537
  vertex -0.52886635 -0.01854791 -0.8485022
 endloop
endfacet
facet normal -0.48031756 -0.008963602 -0.8770489
 outer loop
  vertex -0.4310339 0.0050552622 -0.9023216
  vertex -0.52886635 -0.01854791 -0.8485022
  vertex -0.46364054 0.045116886 -0.8848739
 endloop
endfacet
facet normal -0.75364494 -0.65144926 0.08736767
 outer loop
  vertex -0.73702055 -0.6753482 0.026577946
  vertex -0.7112355 -0.69269437 0.11966298
  vertex -0.7654582 -0.6260743 0.14867738
 endloop
endfacet
facet normal -0.7536441 -0.6514502 0.08736825
 outer loop
  vertex -0.73702055 -0.6753482 0.026577946
  vertex -0.7654582 -0.6260743 0.14867738
  vertex -0.79318374 -0.60634416 0.056630637
 endloop
endfacet
facet normal -0.4150853 0.05759125 -0.90795785
 outer loop
  vertex -0.36628297 0.07435565 -0.92752767
  vertex -0.4310339 0.0050552622 -0.9023216
  vertex -0.46364054 0.045116886 -0.8848739
 endloop
endfacet
facet normal -0.4150855 0.057592183 -0.9079577
 outer loop
  vertex -0.36628297 0.07435565 -0.92752767
  vertex -0.46364054 0.045116886 -0.8848739
  vertex -0.39394945 0.10834764 -0.9127234
 endloop
endfacet
facet normal -0.7767227 -0.6298192 -0.005428754
 outer loop
  vertex -0.7557073 -0.65149826 -0.06676292
  vertex -0.73702055 -0.6753482 0.026577946
  vertex -0.79318374 -0.60634416 0.056630637
 endloop
endfacet
facet normal -0.7767227 -0.6298194 -0.005428677
 outer loop
  vertex -0.7557073 -0.65149826 -0.06676292
  vertex -0.79318374 -0.60634416 0.056630637
  vertex -0.81327003 -0.5807747 -0.035961363
 endloop
endfacet
facet normal -0.3458404 0.12360226 -0.9301166
 outer loop
  vertex -0.2980044 0.14294003 -0.9438012
  vertex -0.36628297 0.07435565 -0.92752767
  vertex -0.39394945 0.10834764 -0.9127234
 endloop
endfacet
facet normal -0.34584013 0.12360132 -0.93011683
 outer loop
  vertex -0.2980044 0.14294003 -0.9438012
  vertex -0.39394945 0.10834764 -0.9127234
  vertex -0.32046422 0.17053494 -0.9317831
 endloop
endfacet
facet normal -0.7923342 -0.60213846 -0.09816208
 outer loop
  vertex -0.7671163 -0.6213737 -0.15946081
  vertex -0.7557073 -0.65149826 -0.06676292
  vertex -0.81327003 -0.5807747 -0.035961363
 endloop
endfacet
facet normal -0.792334 -0.6021387 -0.09816192
 outer loop
  vertex -0.7671163 -0.6213737 -0.15946081
  vertex -0.81327003 -0.5807747 -0.035961363
  vertex -0.8255241 -0.5496119 -0.12820709
 endloop
endfacet
facet normal -0.11462812 -0.473612 0.8732423
 outer loop
  vertex -0.14735968 -0.503692 0.8512235
  vertex -0.072457574 -0.45259702 0.8887676
  vertex -0.07821024 -0.4455291 0.8918458
 endloop
endfacet
facet normal -0.1146274 -0.47361267 0.873242
 outer loop
  vertex -0.14735968 -0.503692 0.8512235
  vertex -0.07821024 -0.4455291 0.8918458
  vertex -0.15880963 -0.4896242 0.85735035
 endloop
endfacet
facet normal -0.2732484 0.18842952 -0.9433078
 outer loop
  vertex -0.22685654 0.2101473 -0.9509857
  vertex -0.2980044 0.14294003 -0.9438012
  vertex -0.32046422 0.17053494 -0.9317831
 endloop
endfacet
facet normal -0.2732487 0.18843037 -0.9433075
 outer loop
  vertex -0.22685654 0.2101473 -0.9509857
  vertex -0.32046422 0.17053494 -0.9317831
  vertex -0.24389349 0.23107947 -0.9418693
 endloop
endfacet
facet normal -0.8474244 -0.4118675 -0.33501804
 outer loop
  vertex -0.8144961 -0.42581743 -0.39405042
  vertex -0.82614005 -0.4717584 -0.30811787
  vertex -0.87659466 -0.39507836 -0.27476308
 endloop
endfacet
facet normal -0.8474246 -0.41186658 -0.33501843
 outer loop
  vertex -0.8144961 -0.42581743 -0.39405042
  vertex -0.87659466 -0.39507836 -0.27476308
  vertex -0.86422056 -0.35024697 -0.36117825
 endloop
endfacet
facet normal -0.36359698 -0.5623076 0.7427027
 outer loop
  vertex -0.38840687 -0.59214896 0.7060464
  vertex -0.31465808 -0.5632886 0.76400125
  vertex -0.3340596 -0.53380245 0.77682734
 endloop
endfacet
facet normal -0.36359653 -0.562308 0.74270266
 outer loop
  vertex -0.38840687 -0.59214896 0.7060464
  vertex -0.3340596 -0.53380245 0.77682734
  vertex -0.41230604 -0.5558274 0.7218458
 endloop
endfacet
facet normal -0.8313715 -0.36460504 -0.41938597
 outer loop
  vertex -0.79500806 -0.37577546 -0.476188
  vertex -0.8144961 -0.42581743 -0.39405042
  vertex -0.86422056 -0.35024697 -0.36117825
 endloop
endfacet
facet normal -0.8313714 -0.364605 -0.419386
 outer loop
  vertex -0.79500806 -0.37577546 -0.476188
  vertex -0.86422056 -0.35024697 -0.36117825
  vertex -0.8435236 -0.30204228 -0.444115
 endloop
endfacet
facet normal -0.43787438 -0.58505046 0.6826287
 outer loop
  vertex -0.45841512 -0.6153069 0.64129174
  vertex -0.38840687 -0.59214896 0.7060464
  vertex -0.41230604 -0.5558274 0.7218458
 endloop
endfacet
facet normal -0.437874 -0.58505076 0.6826287
 outer loop
  vertex -0.45841512 -0.6153069 0.64129174
  vertex -0.41230604 -0.5558274 0.7218458
  vertex -0.48658183 -0.57249963 0.65991235
 endloop
endfacet
facet normal -0.8073263 -0.31383404 -0.49973223
 outer loop
  vertex -0.76786363 -0.32211465 -0.55373955
  vertex -0.79500806 -0.37577546 -0.476188
  vertex -0.8435236 -0.30204228 -0.444115
 endloop
endfacet
facet normal -0.8073263 -0.3138347 -0.49973205
 outer loop
  vertex -0.76786363 -0.32211465 -0.55373955
  vertex -0.8435236 -0.30204228 -0.444115
  vertex -0.8147031 -0.25092882 -0.52277464
 endloop
endfacet
facet normal -0.5079176 -0.60214907 0.61598396
 outer loop
  vertex -0.52400833 -0.6325385 0.57036144
  vertex -0.45841512 -0.6153069 0.64129174
  vertex -0.48658183 -0.57249963 0.65991235
 endloop
endfacet
facet normal -0.50791836 -0.6021485 0.61598384
 outer loop
  vertex -0.52400833 -0.6325385 0.57036144
  vertex -0.48658183 -0.57249963 0.65991235
  vertex -0.5561712 -0.5836578 0.5916239
 endloop
endfacet
facet normal -0.7755153 -0.26003742 -0.57528824
 outer loop
  vertex -0.73332393 -0.26535174 -0.6259582
  vertex -0.76786363 -0.32211465 -0.55373955
  vertex -0.8147031 -0.25092882 -0.52277464
 endloop
endfacet
facet normal -0.77551514 -0.2600383 -0.57528806
 outer loop
  vertex -0.73332393 -0.26535174 -0.6259582
  vertex -0.8147031 -0.25092882 -0.52277464
  vertex -0.77803624 -0.19739883 -0.5963996
 endloop
endfacet
facet normal -0.57304835 -0.6134396 0.5434219
 outer loop
  vertex -0.58455527 -0.6436786 0.49393812
  vertex -0.52400833 -0.6325385 0.57036144
  vertex -0.5561712 -0.5836578 0.5916239
 endloop
endfacet
facet normal -0.5730487 -0.61343944 0.54342186
 outer loop
  vertex -0.58455527 -0.6436786 0.49393812
  vertex -0.5561712 -0.5836578 0.5916239
  vertex -0.6204046 -0.58919525 0.5176376
 endloop
endfacet
facet normal -0.7362441 -0.20373596 -0.6453187
 outer loop
  vertex -0.69172245 -0.20603365 -0.69214886
  vertex -0.73332393 -0.26535174 -0.6259582
  vertex -0.77803624 -0.19739883 -0.5963996
 endloop
endfacet
facet normal -0.7362441 -0.203736 -0.6453187
 outer loop
  vertex -0.69172245 -0.20603365 -0.69214886
  vertex -0.77803624 -0.19739883 -0.5963996
  vertex -0.73387694 -0.14196807 -0.6642812
 endloop
endfacet
facet normal -0.6326477 -0.6188199 0.46563813
 outer loop
  vertex -0.639472 -0.6486197 0.4127579
  vertex -0.58455527 -0.6436786 0.49393812
  vertex -0.6204046 -0.58919525 0.5176376
 endloop
endfacet
facet normal -0.6326469 -0.61882055 0.46563837
 outer loop
  vertex -0.639472 -0.6486197 0.4127579
  vertex -0.6204046 -0.58919525 0.5176376
  vertex -0.6786626 -0.58905846 0.43866625
 endloop
endfacet
facet normal -0.6898764 -0.14545459 -0.7091641
 outer loop
  vertex -0.64345884 -0.14473076 -0.75167346
  vertex -0.69172245 -0.20603365 -0.69214886
  vertex -0.73387694 -0.14196807 -0.6642812
 endloop
endfacet
facet normal -0.68987644 -0.14545345 -0.7091642
 outer loop
  vertex -0.64345884 -0.14473076 -0.75167346
  vertex -0.73387694 -0.14196807 -0.6642812
  vertex -0.68264943 -0.08516954 -0.7257651
 endloop
endfacet
facet normal -0.6861361 -0.61824226 0.3833977
 outer loop
  vertex -0.688231 -0.64731455 0.32760248
  vertex -0.639472 -0.6486197 0.4127579
  vertex -0.6786626 -0.58905846 0.43866625
 endloop
endfacet
facet normal -0.6861353 -0.618243 0.383398
 outer loop
  vertex -0.688231 -0.64731455 0.32760248
  vertex -0.6786626 -0.58905846 0.43866625
  vertex -0.7303855 -0.583249 0.35547015
 endloop
endfacet
facet normal -0.63686496 -0.08576714 -0.7661899
 outer loop
  vertex -0.58899915 -0.082034394 -0.80395913
  vertex -0.64345884 -0.14473076 -0.75167346
  vertex -0.68264943 -0.08516954 -0.7257651
 endloop
endfacet
facet normal -0.63686496 -0.085766554 -0.76619
 outer loop
  vertex -0.58899915 -0.082034394 -0.80395913
  vertex -0.68264943 -0.08516954 -0.7257651
  vertex -0.6248485 -0.027551042 -0.7802596
 endloop
endfacet
facet normal -0.73301613 -0.6117152 0.29747593
 outer loop
  vertex -0.73036134 -0.639775 0.23929226
  vertex -0.688231 -0.64731455 0.32760248
  vertex -0.7303855 -0.583249 0.35547015
 endloop
endfacet
facet normal -0.73301595 -0.6117153 0.29747596
 outer loop
  vertex -0.73036134 -0.639775 0.23929226
  vertex -0.7303855 -0.583249 0.35547015
  vertex -0.77507365 -0.5718221 0.2688509
 endloop
endfacet
facet normal -0.57770205 -0.025233338 -0.8158576
 outer loop
  vertex -0.52886635 -0.01854791 -0.8485022
  vertex -0.58899915 -0.082034394 -0.80395913
  vertex -0.6248485 -0.027551042 -0.7802596
 endloop
endfacet
facet normal -0.57770205 -0.025232792 -0.8158576
 outer loop
  vertex -0.52886635 -0.01854791 -0.8485022
  vertex -0.6248485 -0.027551042 -0.7802596
  vertex -0.5610292 0.030332757 -0.82723975
 endloop
endfacet
facet normal -0.77283156 -0.59930575 0.2087195
 outer loop
  vertex -0.7654582 -0.6260743 0.14867738
  vertex -0.73036134 -0.639775 0.23929226
  vertex -0.77507365 -0.5718221 0.2688509
 endloop
endfacet
facet normal -0.772832 -0.5993054 0.20871931
 outer loop
  vertex -0.7654582 -0.6260743 0.14867738
  vertex -0.77507365 -0.5718221 0.2688509
  vertex -0.8122977 -0.55488855 0.17964226
 endloop
endfacet
facet normal -0.51296437 0.035553023 -0.8576733
 outer loop
  vertex -0.46364054 0.045116886 -0.8848739
  vertex -0.52886635 -0.01854791 -0.8485022
  vertex -0.5610292 0.030332757 -0.82723975
 endloop
endfacet
facet normal -0.5129643 0.035552066 -0.85767335
 outer loop
  vertex -0.46364054 0.045116886 -0.8848739
  vertex -0.5610292 0.030332757 -0.82723975
  vertex -0.49180725 0.08792415 -0.8662533
 endloop
endfacet
facet normal -0.8052101 -0.58113605 0.117972285
 outer loop
  vertex -0.79318374 -0.60634416 0.056630637
  vertex -0.7654582 -0.6260743 0.14867738
  vertex -0.8122977 -0.55488855 0.17964226
 endloop
endfacet
facet normal -0.8052106 -0.5811355 0.117971994
 outer loop
  vertex -0.79318374 -0.60634416 0.056630637
  vertex -0.8122977 -0.55488855 0.17964226
  vertex -0.8416993 -0.532611 0.08870361
 endloop
endfacet
facet normal -0.4432627 0.09601372 -0.8912349
 outer loop
  vertex -0.39394945 0.10834764 -0.9127234
  vertex -0.46364054 0.045116886 -0.8848739
  vertex -0.49180725 0.08792415 -0.8662533
 endloop
endfacet
facet normal -0.44326267 0.09601335 -0.89123493
 outer loop
  vertex -0.39394945 0.10834764 -0.9127234
  vertex -0.49180725 0.08792415 -0.8662533
  vertex -0.41784865 0.14466922 -0.896924
 endloop
endfacet
facet normal -0.8298459 -0.5573818 0.026099272
 outer loop
  vertex -0.81327003 -0.5807747 -0.035961363
  vertex -0.79318374 -0.60634416 0.056630637
  vertex -0.8416993 -0.532611 0.08870361
 endloop
endfacet
facet normal -0.8298461 -0.5573815 0.026099123
 outer loop
  vertex -0.81327003 -0.5807747 -0.035961363
  vertex -0.8416993 -0.532611 0.08870361
  vertex -0.8629945 -0.50520426 -0.0030892089
 endloop
endfacet
facet normal -0.36927643 0.15555835 -0.91620773
 outer loop
  vertex -0.32046422 0.17053494 -0.9317831
  vertex -0.39394945 0.10834764 -0.9127234
  vertex -0.41784865 0.14466922 -0.896924
 endloop
endfacet
facet normal -0.36927646 0.15555885 -0.91620755
 outer loop
  vertex -0.32046422 0.17053494 -0.9317831
  vertex -0.41784865 0.14466922 -0.896924
  vertex -0.33986574 0.20002107 -0.918957
 endloop
endfacet
facet normal -0.8465036 -0.52827454 -0.06601289
 outer loop
  vertex -0.8255241 -0.5496119 -0.12820709
  vertex -0.81327003 -0.5807747 -0.035961363
  vertex -0.8629945 -0.50520426 -0.0030892089
 endloop
endfacet
facet normal -0.8465033 -0.5282751 -0.066012606
 outer loop
  vertex -0.8255241 -0.5496119 -0.12820709
  vertex -0.8629945 -0.50520426 -0.0030892089
  vertex -0.8759787 -0.47293186 -0.0948523
 endloop
endfacet
facet normal -0.122672044 -0.4626432 0.8780164
 outer loop
  vertex -0.15880963 -0.4896242 0.85735035
  vertex -0.07821024 -0.4455291 0.8918458
  vertex -0.083179586 -0.43797678 0.895131
 endloop
endfacet
facet normal -0.12267266 -0.46264255 0.87801665
 outer loop
  vertex -0.15880963 -0.4896242 0.85735035
  vertex -0.083179586 -0.43797678 0.895131
  vertex -0.16870046 -0.47459227 0.86388904
 endloop
endfacet
facet normal -0.29171664 0.21361277 -0.93234706
 outer loop
  vertex -0.24389349 0.23107947 -0.9418693
  vertex -0.32046422 0.17053494 -0.9317831
  vertex -0.33986574 0.20002107 -0.918957
 endloop
endfacet
facet normal -0.29171643 0.21361172 -0.93234736
 outer loop
  vertex -0.24389349 0.23107947 -0.9418693
  vertex -0.33986574 0.20002107 -0.918957
  vertex -0.25861055 0.2534462 -0.9321401
 endloop
endfacet
facet normal -0.8550262 -0.4940941 -0.15748414
 outer loop
  vertex -0.8298279 -0.513156 -0.21921808
  vertex -0.8255241 -0.5496119 -0.12820709
  vertex -0.8759787 -0.47293186 -0.0948523
 endloop
endfacet
facet normal -0.8550264 -0.4940937 -0.15748434
 outer loop
  vertex -0.8298279 -0.513156 -0.21921808
  vertex -0.8759787 -0.47293186 -0.0948523
  vertex -0.8805266 -0.43610492 -0.18570189
 endloop
endfacet
facet normal -0.20522977 -0.50080824 0.8408757
 outer loop
  vertex -0.23787951 -0.52900374 0.8145984
  vertex -0.15880963 -0.4896242 0.85735035
  vertex -0.16870046 -0.47459227 0.86388904
 endloop
endfacet
facet normal -0.20522957 -0.5008083 0.8408757
 outer loop
  vertex -0.23787951 -0.52900374 0.8145984
  vertex -0.16870046 -0.47459227 0.86388904
  vertex -0.2525966 -0.50663704 0.8243276
 endloop
endfacet
facet normal -0.21132505 0.2696169 -0.9394937
 outer loop
  vertex -0.1649734 0.28939876 -0.9428847
  vertex -0.24389349 0.23107947 -0.9418693
  vertex -0.25861055 0.2534462 -0.9321401
 endloop
endfacet
facet normal -0.21132542 0.26961797 -0.9394933
 outer loop
  vertex -0.1649734 0.28939876 -0.9428847
  vertex -0.25861055 0.2534462 -0.9321401
  vertex -0.17486422 0.30443066 -0.936346
 endloop
endfacet
facet normal -0.85533434 -0.4551676 -0.24743815
 outer loop
  vertex -0.82614005 -0.4717584 -0.30811787
  vertex -0.8298279 -0.513156 -0.21921808
  vertex -0.8805266 -0.43610492 -0.18570189
 endloop
endfacet
facet normal -0.8553341 -0.45516825 -0.24743788
 outer loop
  vertex -0.82614005 -0.4717584 -0.30811787
  vertex -0.8805266 -0.43610492 -0.18570189
  vertex -0.87659466 -0.39507836 -0.27476308
 endloop
endfacet
facet normal -0.28580016 -0.5341383 0.79562217
 outer loop
  vertex -0.31465808 -0.5632886 0.76400125
  vertex -0.23787951 -0.52900374 0.8145984
  vertex -0.2525966 -0.50663704 0.8243276
 endloop
endfacet
facet normal -0.2858006 -0.53413785 0.7956222
 outer loop
  vertex -0.31465808 -0.5632886 0.76400125
  vertex -0.2525966 -0.50663704 0.8243276
  vertex -0.3340596 -0.53380245 0.77682734
 endloop
endfacet
facet normal -0.12888892 0.32302487 -0.9375727
 outer loop
  vertex -0.0844645 0.3449311 -0.9348196
  vertex -0.1649734 0.28939876 -0.9428847
  vertex -0.17486422 0.30443066 -0.936346
 endloop
endfacet
facet normal -0.12888905 0.3230252 -0.9375726
 outer loop
  vertex -0.0844645 0.3449311 -0.9348196
  vertex -0.17486422 0.30443066 -0.936346
  vertex -0.08943384 0.35248342 -0.9315344
 endloop
endfacet
facet normal -0.8511281 -0.23921037 -0.4672895
 outer loop
  vertex -0.8147031 -0.25092882 -0.52277464
  vertex -0.8435236 -0.30204228 -0.444115
  vertex -0.8839244 -0.22428994 -0.41033062
 endloop
endfacet
facet normal -0.8511282 -0.23920892 -0.46728992
 outer loop
  vertex -0.8147031 -0.25092882 -0.52277464
  vertex -0.8839244 -0.22428994 -0.41033062
  vertex -0.853708 -0.17586273 -0.4901574
 endloop
endfacet
facet normal -0.5356482 -0.5549054 0.6365226
 outer loop
  vertex -0.5561712 -0.5836578 0.5916239
  vertex -0.48658183 -0.57249963 0.65991235
  vertex -0.5100373 -0.527359 0.67952657
 endloop
endfacet
facet normal -0.53564835 -0.5549053 0.6365226
 outer loop
  vertex -0.5561712 -0.5836578 0.5916239
  vertex -0.5100373 -0.527359 0.67952657
  vertex -0.58295447 -0.5321128 0.6140209
 endloop
endfacet
facet normal -0.817574 -0.1883831 -0.54413646
 outer loop
  vertex -0.77803624 -0.19739883 -0.5963996
  vertex -0.8147031 -0.25092882 -0.52277464
  vertex -0.853708 -0.17586273 -0.4901574
 endloop
endfacet
facet normal -0.817574 -0.18838416 -0.5441362
 outer loop
  vertex -0.77803624 -0.19739883 -0.5963996
  vertex -0.853708 -0.17586273 -0.4901574
  vertex -0.81526977 -0.12574194 -0.56526375
 endloop
endfacet
facet normal -0.60430604 -0.5601866 0.56657314
 outer loop
  vertex -0.6204046 -0.58919525 0.5176376
  vertex -0.5561712 -0.5836578 0.5916239
  vertex -0.58295447 -0.5321128 0.6140209
 endloop
endfacet
facet normal -0.60430676 -0.56018597 0.5665731
 outer loop
  vertex -0.6204046 -0.58919525 0.5176376
  vertex -0.58295447 -0.5321128 0.6140209
  vertex -0.6502577 -0.53174216 0.5426017
 endloop
endfacet
facet normal -0.7761544 -0.13574128 -0.6157586
 outer loop
  vertex -0.73387694 -0.14196807 -0.6642812
  vertex -0.77803624 -0.19739883 -0.5963996
  vertex -0.81526977 -0.12574194 -0.56526375
 endloop
endfacet
facet normal -0.7761544 -0.13574213 -0.6157584
 outer loop
  vertex -0.73387694 -0.14196807 -0.6642812
  vertex -0.81526977 -0.12574194 -0.56526375
  vertex -0.76898056 -0.07441038 -0.6349265
 endloop
endfacet
facet normal -0.66713107 -0.56007046 0.49117947
 outer loop
  vertex -0.6786626 -0.58905846 0.43866625
  vertex -0.6204046 -0.58919525 0.5176376
  vertex -0.6502577 -0.53174216 0.5426017
 endloop
endfacet
facet normal -0.66713035 -0.5600711 0.4911796
 outer loop
  vertex -0.6786626 -0.58905846 0.43866625
  vertex -0.6502577 -0.53174216 0.5426017
  vertex -0.7112981 -0.52625066 0.46595708
 endloop
endfacet
facet normal -0.7272531 -0.08177551 -0.6814805
 outer loop
  vertex -0.68264943 -0.08516954 -0.7257651
  vertex -0.73387694 -0.14196807 -0.6642812
  vertex -0.76898056 -0.07441038 -0.6349265
 endloop
endfacet
facet normal -0.72725314 -0.08177577 -0.68148047
 outer loop
  vertex -0.68264943 -0.08516954 -0.7257651
  vertex -0.76898056 -0.07441038 -0.6349265
  vertex -0.71528494 -0.022361742 -0.69847435
 endloop
endfacet
facet normal -0.72351235 -0.55456424 0.4110819
 outer loop
  vertex -0.7303855 -0.583249 0.35547015
  vertex -0.6786626 -0.58905846 0.43866625
  vertex -0.7112981 -0.52625066 0.46595708
 endloop
endfacet
facet normal -0.72351193 -0.5545646 0.41108203
 outer loop
  vertex -0.7303855 -0.583249 0.35547015
  vertex -0.7112981 -0.52625066 0.46595708
  vertex -0.7654891 -0.51569134 0.38482484
 endloop
endfacet
facet normal -0.6713486 -0.027017722 -0.74064916
 outer loop
  vertex -0.6248485 -0.027551042 -0.7802596
  vertex -0.68264943 -0.08516954 -0.7257651
  vertex -0.71528494 -0.022361742 -0.69847435
 endloop
endfacet
facet normal -0.6713486 -0.027016891 -0.7406492
 outer loop
  vertex -0.6248485 -0.027551042 -0.7802596
  vertex -0.71528494 -0.022361742 -0.69847435
  vertex -0.6547016 0.029902054 -0.7552955
 endloop
endfacet
facet normal -0.7729259 -0.5437215 0.32703593
 outer loop
  vertex -0.77507365 -0.5718221 0.2688509
  vertex -0.7303855 -0.583249 0.35547015
  vertex -0.7654891 -0.51569134 0.38482484
 endloop
endfacet
facet normal -0.77292675 -0.5437206 0.32703555
 outer loop
  vertex -0.77507365 -0.5718221 0.2688509
  vertex -0.7654891 -0.51569134 0.38482484
  vertex -0.8123072 -0.5001652 0.29998675
 endloop
endfacet
facet normal -0.6089596 0.028020332 -0.79270613
 outer loop
  vertex -0.5610292 0.030332757 -0.82723975
  vertex -0.6248485 -0.027551042 -0.7802596
  vertex -0.6547016 0.029902054 -0.7552955
 endloop
endfacet
facet normal -0.6089597 0.028019818 -0.7927062
 outer loop
  vertex -0.5610292 0.030332757 -0.82723975
  vertex -0.6547016 0.029902054 -0.7552955
  vertex -0.5878125 0.08187781 -0.80484277
 endloop
endfacet
facet normal -0.81489056 -0.527651 0.23987052
 outer loop
  vertex -0.8122977 -0.55488855 0.17964226
  vertex -0.77507365 -0.5718221 0.2688509
  vertex -0.8123072 -0.5001652 0.29998675
 endloop
endfacet
facet normal -0.81489056 -0.5276509 0.23987047
 outer loop
  vertex -0.8122977 -0.55488855 0.17964226
  vertex -0.8123072 -0.5001652 0.29998675
  vertex -0.8513027 -0.47982246 0.21225946
 endloop
endfacet
facet normal -0.54069453 0.082795724 -0.8371346
 outer loop
  vertex -0.49180725 0.08792415 -0.8662533
  vertex -0.5610292 0.030332757 -0.82723975
  vertex -0.5878125 0.08187781 -0.80484277
 endloop
endfacet
facet normal -0.54069453 0.08279569 -0.8371346
 outer loop
  vertex -0.49180725 0.08792415 -0.8662533
  vertex -0.5878125 0.08187781 -0.80484277
  vertex -0.5152627 0.13306476 -0.84663916
 endloop
endfacet
facet normal -0.84901226 -0.50651115 0.1504146
 outer loop
  vertex -0.8416993 -0.532611 0.08870361
  vertex -0.8122977 -0.55488855 0.17964226
  vertex -0.8513027 -0.47982246 0.21225946
 endloop
endfacet
facet normal -0.8490121 -0.50651145 0.15041475
 outer loop
  vertex -0.8416993 -0.532611 0.08870361
  vertex -0.8513027 -0.47982246 0.21225946
  vertex -0.8821001 -0.4548587 0.122488
 endloop
endfacet
facet normal -0.46719715 0.13679007 -0.87350744
 outer loop
  vertex -0.41784865 0.14466922 -0.896924
  vertex -0.49180725 0.08792415 -0.8662533
  vertex -0.5152627 0.13306476 -0.84663916
 endloop
endfacet
facet normal -0.4671971 0.1367899 -0.8735075
 outer loop
  vertex -0.41784865 0.14466922 -0.896924
  vertex -0.5152627 0.13306476 -0.84663916
  vertex -0.43775043 0.18297066 -0.88028157
 endloop
endfacet
facet normal -0.87497 -0.4805048 0.059520748
 outer loop
  vertex -0.8629945 -0.50520426 -0.0030892089
  vertex -0.8416993 -0.532611 0.08870361
  vertex -0.8821001 -0.4548587 0.122488
 endloop
endfacet
facet normal -0.87496966 -0.48050532 0.059521005
 outer loop
  vertex -0.8629945 -0.50520426 -0.0030892089
  vertex -0.8821001 -0.4548587 0.122488
  vertex -0.904402 -0.42551458 0.031537008
 endloop
endfacet
facet normal -0.38918328 0.18947376 -0.90146327
 outer loop
  vertex -0.33986574 0.20002107 -0.918957
  vertex -0.41784865 0.14466922 -0.896924
  vertex -0.43775043 0.18297066 -0.88028157
 endloop
endfacet
facet normal -0.38918328 0.18947414 -0.9014632
 outer loop
  vertex -0.33986574 0.20002107 -0.918957
  vertex -0.43775043 0.18297066 -0.88028157
  vertex -0.35602215 0.23111442 -0.9054465
 endloop
endfacet
facet normal -0.8925156 -0.44988453 -0.031932637
 outer loop
  vertex -0.8759787 -0.47293186 -0.0948523
  vertex -0.8629945 -0.50520426 -0.0030892089
  vertex -0.904402 -0.42551458 0.031537008
 endloop
endfacet
facet normal -0.8925161 -0.4498837 -0.03193308
 outer loop
  vertex -0.8759787 -0.47293186 -0.0948523
  vertex -0.904402 -0.42551458 0.031537008
  vertex -0.9179941 -0.3920722 -0.059717696
 endloop
endfacet
facet normal -0.12950525 -0.45100194 0.8830773
 outer loop
  vertex -0.16870046 -0.47459227 0.86388904
  vertex -0.083179586 -0.43797678 0.895131
  vertex -0.08731774 -0.4300128 0.89859146
 endloop
endfacet
facet normal -0.12950523 -0.45100194 0.8830774
 outer loop
  vertex -0.16870046 -0.47459227 0.86388904
  vertex -0.08731774 -0.4300128 0.89859146
  vertex -0.17693694 -0.45874098 0.87077665
 endloop
endfacet
facet normal -0.30740395 0.24033831 -0.9207281
 outer loop
  vertex -0.25861055 0.2534462 -0.9321401
  vertex -0.33986574 0.20002107 -0.918957
  vertex -0.35602215 0.23111442 -0.9054465
 endloop
endfacet
facet normal -0.3074042 0.24033986 -0.9207276
 outer loop
  vertex -0.25861055 0.2534462 -0.9321401
  vertex -0.35602215 0.23111442 -0.9054465
  vertex -0.27086598 0.2770321 -0.9218917
 endloop
endfacet
facet normal -0.90148526 -0.41494232 -0.1230737
 outer loop
  vertex -0.8805266 -0.43610492 -0.18570189
  vertex -0.8759787 -0.47293186 -0.0948523
  vertex -0.9179941 -0.3920722 -0.059717696
 endloop
endfacet
facet normal -0.9014855 -0.41494173 -0.123073995
 outer loop
  vertex -0.8805266 -0.43610492 -0.18570189
  vertex -0.9179941 -0.3920722 -0.059717696
  vertex -0.9227452 -0.354854 -0.1503973
 endloop
endfacet
facet normal -0.21654399 -0.48153228 0.8492558
 outer loop
  vertex -0.2525966 -0.50663704 0.8243276
  vertex -0.16870046 -0.47459227 0.86388904
  vertex -0.17693694 -0.45874098 0.87077665
 endloop
endfacet
facet normal -0.21654417 -0.48153213 0.84925586
 outer loop
  vertex -0.2525966 -0.50663704 0.8243276
  vertex -0.17693694 -0.45874098 0.87077665
  vertex -0.26485202 -0.48305112 0.834576
 endloop
endfacet
facet normal -0.22264084 0.28889588 -0.93111235
 outer loop
  vertex -0.17486422 0.30443066 -0.936346
  vertex -0.25861055 0.2534462 -0.9321401
  vertex -0.27086598 0.2770321 -0.9218917
 endloop
endfacet
facet normal -0.2226401 0.28889284 -0.9311135
 outer loop
  vertex -0.17486422 0.30443066 -0.936346
  vertex -0.27086598 0.2770321 -0.9218917
  vertex -0.1831007 0.32028195 -0.92945844
 endloop
endfacet
facet normal -0.9017935 -0.37601596 -0.21302703
 outer loop
  vertex -0.87659466 -0.39507836 -0.27476308
  vertex -0.8805266 -0.43610492 -0.18570189
  vertex -0.9227452 -0.354854 -0.1503973
 endloop
endfacet
facet normal -0.90179336 -0.37601647 -0.2130268
 outer loop
  vertex -0.87659466 -0.39507836 -0.27476308
  vertex -0.9227452 -0.354854 -0.1503973
  vertex -0.91861004 -0.31421867 -0.2396285
 endloop
endfacet
facet normal -0.3014872 -0.50741297 0.8072407
 outer loop
  vertex -0.3340596 -0.53380245 0.77682734
  vertex -0.2525966 -0.50663704 0.8243276
  vertex -0.26485202 -0.48305112 0.834576
 endloop
endfacet
facet normal -0.3014877 -0.50741243 0.80724084
 outer loop
  vertex -0.3340596 -0.53380245 0.77682734
  vertex -0.26485202 -0.48305112 0.834576
  vertex -0.350216 -0.5027091 0.7903378
 endloop
endfacet
facet normal -0.13572103 0.33466467 -0.93251234
 outer loop
  vertex -0.08943384 0.35248342 -0.9315344
  vertex -0.17486422 0.30443066 -0.936346
  vertex -0.1831007 0.32028195 -0.92945844
 endloop
endfacet
facet normal -0.13572195 0.33466738 -0.9325112
 outer loop
  vertex -0.08943384 0.35248342 -0.9315344
  vertex -0.1831007 0.32028195 -0.92945844
  vertex -0.093572 0.3604474 -0.92807394
 endloop
endfacet
facet normal -0.8934372 -0.3334757 -0.30093867
 outer loop
  vertex -0.86422056 -0.35024697 -0.36117825
  vertex -0.87659466 -0.39507836 -0.27476308
  vertex -0.91861004 -0.31421867 -0.2396285
 endloop
endfacet
facet normal -0.89343685 -0.33347675 -0.3009382
 outer loop
  vertex -0.86422056 -0.35024697 -0.36117825
  vertex -0.91861004 -0.31421867 -0.2396285
  vertex -0.9056281 -0.27055725 -0.32655206
 endloop
endfacet
facet normal -0.38350356 -0.5283927 0.7574472
 outer loop
  vertex -0.41230604 -0.5558274 0.7218458
  vertex -0.3340596 -0.53380245 0.77682734
  vertex -0.350216 -0.5027091 0.7903378
 endloop
endfacet
facet normal -0.38350302 -0.5283932 0.757447
 outer loop
  vertex -0.41230604 -0.5558274 0.7218458
  vertex -0.350216 -0.5027091 0.7903378
  vertex -0.4322078 -0.517526 0.7384883
 endloop
endfacet
facet normal -0.8764951 -0.28772873 -0.3859644
 outer loop
  vertex -0.8435236 -0.30204228 -0.444115
  vertex -0.86422056 -0.35024697 -0.36117825
  vertex -0.9056281 -0.27055725 -0.32655206
 endloop
endfacet
facet normal -0.8764952 -0.2877281 -0.3859646
 outer loop
  vertex -0.8435236 -0.30204228 -0.444115
  vertex -0.9056281 -0.27055725 -0.32655206
  vertex -0.8839244 -0.22428994 -0.41033062
 endloop
endfacet
facet normal -0.46180835 -0.5442744 0.70035595
 outer loop
  vertex -0.48658183 -0.57249963 0.65991235
  vertex -0.41230604 -0.5558274 0.7218458
  vertex -0.4322078 -0.517526 0.7384883
 endloop
endfacet
facet normal -0.46180868 -0.54427415 0.70035595
 outer loop
  vertex -0.48658183 -0.57249963 0.65991235
  vertex -0.4322078 -0.517526 0.7384883
  vertex -0.5100373 -0.527359 0.67952657
 endloop
endfacet
facet normal -0.80860496 -0.06447638 -0.58480835
 outer loop
  vertex -0.76898056 -0.07441038 -0.6349265
  vertex -0.81526977 -0.12574194 -0.56526375
  vertex -0.8446661 -0.051071122 -0.5328505
 endloop
endfacet
facet normal -0.808605 -0.06447681 -0.58480823
 outer loop
  vertex -0.76898056 -0.07441038 -0.6349265
  vertex -0.8446661 -0.051071122 -0.5328505
  vertex -0.7966953 -0.00401123 -0.6043675
 endloop
endfacet
facet normal -0.6951692 -0.49849442 0.51792186
 outer loop
  vertex -0.7112981 -0.52625066 0.46595708
  vertex -0.6502577 -0.53174216 0.5426017
  vertex -0.6738271 -0.47187257 0.56859004
 endloop
endfacet
facet normal -0.6951694 -0.49849424 0.5179218
 outer loop
  vertex -0.7112981 -0.52625066 0.46595708
  vertex -0.6738271 -0.47187257 0.56859004
  vertex -0.73706424 -0.46080112 0.4943675
 endloop
endfacet
facet normal -0.75764424 -0.015033132 -0.6524946
 outer loop
  vertex -0.71528494 -0.022361742 -0.69847435
  vertex -0.76898056 -0.07441038 -0.6349265
  vertex -0.7966953 -0.00401123 -0.6043675
 endloop
endfacet
facet normal -0.7576442 -0.015032421 -0.6524947
 outer loop
  vertex -0.71528494 -0.022361742 -0.69847435
  vertex -0.7966953 -0.00401123 -0.6043675
  vertex -0.7410511 0.04308778 -0.67006385
 endloop
endfacet
facet normal -0.75390327 -0.4878216 0.44006804
 outer loop
  vertex -0.7654891 -0.51569134 0.38482484
  vertex -0.7112981 -0.52625066 0.46595708
  vertex -0.73706424 -0.46080112 0.4943675
 endloop
endfacet
facet normal -0.75390303 -0.48782203 0.44006816
 outer loop
  vertex -0.7654891 -0.51569134 0.38482484
  vertex -0.73706424 -0.46080112 0.4943675
  vertex -0.79320383 -0.44529217 0.41538385
 endloop
endfacet
facet normal -0.6993875 0.034559894 -0.71390665
 outer loop
  vertex -0.6547016 0.029902054 -0.7552955
  vertex -0.71528494 -0.022361742 -0.69847435
  vertex -0.7410511 0.04308778 -0.67006385
 endloop
endfacet
facet normal -0.69938755 0.0345601 -0.71390665
 outer loop
  vertex -0.6547016 0.029902054 -0.7552955
  vertex -0.7410511 0.04308778 -0.67006385
  vertex -0.678271 0.08977166 -0.7293072
 endloop
endfacet
facet normal -0.80537695 -0.47245562 0.35798544
 outer loop
  vertex -0.8123072 -0.5001652 0.29998675
  vertex -0.7654891 -0.51569134 0.38482484
  vertex -0.79320383 -0.44529217 0.41538385
 endloop
endfacet
facet normal -0.80537724 -0.47245523 0.3579853
 outer loop
  vertex -0.8123072 -0.5001652 0.29998675
  vertex -0.79320383 -0.44529217 0.41538385
  vertex -0.84170353 -0.4254944 0.3324
 endloop
endfacet
facet normal -0.6343757 0.08383683 -0.7684652
 outer loop
  vertex -0.5878125 0.08187781 -0.80484277
  vertex -0.6547016 0.029902054 -0.7552955
  vertex -0.678271 0.08977166 -0.7293072
 endloop
endfacet
facet normal -0.6343758 0.08383621 -0.7684653
 outer loop
  vertex -0.5878125 0.08187781 -0.80484277
  vertex -0.678271 0.08977166 -0.7293072
  vertex -0.6089582 0.13559085 -0.7815269
 endloop
endfacet
facet normal -0.8490877 -0.4525496 0.2724864
 outer loop
  vertex -0.8513027 -0.47982246 0.21225946
  vertex -0.8123072 -0.5001652 0.29998675
  vertex -0.84170353 -0.4254944 0.3324
 endloop
endfacet
facet normal -0.8490877 -0.45254973 0.27248642
 outer loop
  vertex -0.8513027 -0.47982246 0.21225946
  vertex -0.84170353 -0.4254944 0.3324
  vertex -0.8820976 -0.4015991 0.24621479
 endloop
endfacet
facet normal -0.5632421 0.13231322 -0.81562954
 outer loop
  vertex -0.5152627 0.13306476 -0.84663916
  vertex -0.5878125 0.08187781 -0.80484277
  vertex -0.6089582 0.13559085 -0.7815269
 endloop
endfacet
facet normal -0.56324214 0.13231339 -0.81562954
 outer loop
  vertex -0.5152627 0.13306476 -0.84663916
  vertex -0.6089582 0.13559085 -0.7815269
  vertex -0.5337812 0.18010402 -0.8262202
 endloop
endfacet
facet normal -0.884627 -0.4282967 0.184383
 outer loop
  vertex -0.8821001 -0.4548587 0.122488
  vertex -0.8513027 -0.47982246 0.21225946
  vertex -0.8820976 -0.4015991 0.24621479
 endloop
endfacet
facet normal -0.88462746 -0.42829594 0.18438268
 outer loop
  vertex -0.8821001 -0.4548587 0.122488
  vertex -0.8820976 -0.4015991 0.24621479
  vertex -0.91399693 -0.37383613 0.15765846
 endloop
endfacet
facet normal -0.48665857 0.17952943 -0.8549459
 outer loop
  vertex -0.43775043 0.18297066 -0.88028157
  vertex -0.5152627 0.13306476 -0.84663916
  vertex -0.5337812 0.18010402 -0.8262202
 endloop
endfacet
facet normal -0.48665848 0.17953 -0.8549459
 outer loop
  vertex -0.43775043 0.18297066 -0.88028157
  vertex -0.5337812 0.18010402 -0.8262202
  vertex -0.4534631 0.22288305 -0.8629563
 endloop
endfacet
facet normal -0.91166025 -0.39992818 0.09451495
 outer loop
  vertex -0.904402 -0.42551458 0.031537008
  vertex -0.8821001 -0.4548587 0.122488
  vertex -0.91399693 -0.37383613 0.15765846
 endloop
endfacet
facet normal -0.91165954 -0.39992967 0.09451562
 outer loop
  vertex -0.904402 -0.42551458 0.031537008
  vertex -0.91399693 -0.37383613 0.15765846
  vertex -0.9370938 -0.3424731 0.067583814
 endloop
endfacet
facet normal -0.40537012 0.22502236 -0.88602483
 outer loop
  vertex -0.35602215 0.23111442 -0.9054465
  vertex -0.43775043 0.18297066 -0.88028157
  vertex -0.4534631 0.22288305 -0.8629563
 endloop
endfacet
facet normal -0.40537012 0.22502282 -0.88602465
 outer loop
  vertex -0.35602215 0.23111442 -0.9054465
  vertex -0.4534631 0.22288305 -0.8629563
  vertex -0.36877778 0.26351556 -0.89138174
 endloop
endfacet
facet normal -0.9299283 -0.3677218 0.003749443
 outer loop
  vertex -0.9179941 -0.3920722 -0.059717696
  vertex -0.904402 -0.42551458 0.031537008
  vertex -0.9370938 -0.3424731 0.067583814
 endloop
endfacet
facet normal -0.9299287 -0.3677209 0.0037490358
 outer loop
  vertex -0.9179941 -0.3920722 -0.059717696
  vertex -0.9370938 -0.3424731 0.067583814
  vertex -0.95116574 -0.30781156 -0.023141671
 endloop
endfacet
facet normal -0.13506114 -0.43880057 0.88837636
 outer loop
  vertex -0.17693694 -0.45874098 0.87077665
  vertex -0.08731774 -0.4300128 0.89859146
  vertex -0.090584874 -0.42171383 0.9021939
 endloop
endfacet
facet normal -0.13506234 -0.43879852 0.88837725
 outer loop
  vertex -0.17693694 -0.45874098 0.87077665
  vertex -0.090584874 -0.42171383 0.9021939
  vertex -0.18343973 -0.44222298 0.8779468
 endloop
endfacet
facet normal -0.32015932 0.26835167 -0.90856224
 outer loop
  vertex -0.27086598 0.2770321 -0.9218917
  vertex -0.35602215 0.23111442 -0.9054465
  vertex -0.36877778 0.26351556 -0.89138174
 endloop
endfacet
facet normal -0.32015923 0.26834926 -0.90856296
 outer loop
  vertex -0.27086598 0.2770321 -0.9218917
  vertex -0.36877778 0.26351556 -0.89138174
  vertex -0.28054184 0.30161005 -0.9112229
 endloop
endfacet
facet normal -0.9392607 -0.33198252 -0.08704529
 outer loop
  vertex -0.9227452 -0.354854 -0.1503973
  vertex -0.9179941 -0.3920722 -0.059717696
  vertex -0.95116574 -0.30781156 -0.023141671
 endloop
endfacet
facet normal -0.93926066 -0.33198255 -0.08704527
 outer loop
  vertex -0.9227452 -0.354854 -0.1503973
  vertex -0.95116574 -0.30781156 -0.023141671
  vertex -0.9560774 -0.27018562 -0.113644294
 endloop
endfacet
facet normal -0.22574498 -0.46132576 0.8580313
 outer loop
  vertex -0.26485202 -0.48305112 0.834576
  vertex -0.17693694 -0.45874098 0.87077665
  vertex -0.18343973 -0.44222298 0.8779468
 endloop
endfacet
facet normal -0.22574475 -0.46132615 0.85803115
 outer loop
  vertex -0.26485202 -0.48305112 0.834576
  vertex -0.18343973 -0.44222298 0.8779468
  vertex -0.27452788 -0.45847318 0.8452448
 endloop
endfacet
facet normal -0.2318406 0.30909824 -0.9223385
 outer loop
  vertex -0.1831007 0.32028195 -0.92945844
  vertex -0.27086598 0.2770321 -0.9218917
  vertex -0.28054184 0.30161005 -0.9112229
 endloop
endfacet
facet normal -0.23184063 0.30909833 -0.9223384
 outer loop
  vertex -0.1831007 0.32028195 -0.92945844
  vertex -0.28054184 0.30161005 -0.9112229
  vertex -0.1896035 0.33679995 -0.9222883
 endloop
endfacet
facet normal -0.9395687 -0.29305688 -0.17699815
 outer loop
  vertex -0.91861004 -0.31421867 -0.2396285
  vertex -0.9227452 -0.354854 -0.1503973
  vertex -0.9560774 -0.27018562 -0.113644294
 endloop
endfacet
facet normal -0.9395687 -0.2930568 -0.17699823
 outer loop
  vertex -0.91861004 -0.31421867 -0.2396285
  vertex -0.9560774 -0.27018562 -0.113644294
  vertex -0.9517817 -0.22995801 -0.20305246
 endloop
endfacet
facet normal -0.31424308 -0.4794 0.8194064
 outer loop
  vertex -0.350216 -0.5027091 0.7903378
  vertex -0.26485202 -0.48305112 0.834576
  vertex -0.27452788 -0.45847318 0.8452448
 endloop
endfacet
facet normal -0.3142424 -0.47940087 0.81940615
 outer loop
  vertex -0.350216 -0.5027091 0.7903378
  vertex -0.27452788 -0.45847318 0.8452448
  vertex -0.36297163 -0.47030795 0.8044026
 endloop
endfacet
facet normal -0.1412771 0.34686726 -0.927213
 outer loop
  vertex -0.093572 0.3604474 -0.92807394
  vertex -0.1831007 0.32028195 -0.92945844
  vertex -0.1896035 0.33679995 -0.9222883
 endloop
endfacet
facet normal -0.14127785 0.34687057 -0.9272116
 outer loop
  vertex -0.093572 0.3604474 -0.92807394
  vertex -0.1896035 0.33679995 -0.9222883
  vertex -0.09683913 0.36874634 -0.9244715
 endloop
endfacet
facet normal -0.9308497 -0.2513134 -0.26525536
 outer loop
  vertex -0.9056281 -0.27055725 -0.32655206
  vertex -0.91861004 -0.31421867 -0.2396285
  vertex -0.9517817 -0.22995801 -0.20305246
 endloop
endfacet
facet normal -0.9308495 -0.25131434 -0.265255
 outer loop
  vertex -0.9056281 -0.27055725 -0.32655206
  vertex -0.9517817 -0.22995801 -0.20305246
  vertex -0.93831986 -0.18751575 -0.29050523
 endloop
endfacet
facet normal -0.39968956 -0.4928456 0.7728852
 outer loop
  vertex -0.4322078 -0.517526 0.7384883
  vertex -0.350216 -0.5027091 0.7903378
  vertex -0.36297163 -0.47030795 0.8044026
 endloop
endfacet
facet normal -0.3996901 -0.49284497 0.7728853
 outer loop
  vertex -0.4322078 -0.517526 0.7384883
  vertex -0.36297163 -0.47030795 0.8044026
  vertex -0.44792047 -0.4776136 0.75581354
 endloop
endfacet
facet normal -0.9131852 -0.20715244 -0.350971
 outer loop
  vertex -0.8839244 -0.22428994 -0.41033062
  vertex -0.9056281 -0.27055725 -0.32655206
  vertex -0.93831986 -0.18751575 -0.29050523
 endloop
endfacet
facet normal -0.91318536 -0.20715085 -0.3509716
 outer loop
  vertex -0.8839244 -0.22428994 -0.41033062
  vertex -0.93831986 -0.18751575 -0.29050523
  vertex -0.91582125 -0.14326738 -0.3751602
 endloop
endfacet
facet normal -0.48127005 -0.5015348 0.7189173
 outer loop
  vertex -0.5100373 -0.527359 0.67952657
  vertex -0.4322078 -0.517526 0.7384883
  vertex -0.44792047 -0.4776136 0.75581354
 endloop
endfacet
facet normal -0.48126957 -0.50153524 0.71891725
 outer loop
  vertex -0.5100373 -0.527359 0.67952657
  vertex -0.44792047 -0.4776136 0.75581354
  vertex -0.52855575 -0.48031974 0.69994545
 endloop
endfacet
facet normal -0.88674283 -0.1609943 -0.4333218
 outer loop
  vertex -0.853708 -0.17586273 -0.4901574
  vertex -0.8839244 -0.22428994 -0.41033062
  vertex -0.91582125 -0.14326738 -0.3751602
 endloop
endfacet
facet normal -0.88674283 -0.1609954 -0.43332145
 outer loop
  vertex -0.853708 -0.17586273 -0.4901574
  vertex -0.91582125 -0.14326738 -0.3751602
  vertex -0.88450295 -0.09763938 -0.45620206
 endloop
endfacet
facet normal -0.55819565 -0.50538844 0.65802747
 outer loop
  vertex -0.58295447 -0.5321128 0.6140209
  vertex -0.5100373 -0.527359 0.67952657
  vertex -0.52855575 -0.48031974 0.69994545
 endloop
endfacet
facet normal -0.5581964 -0.5053876 0.65802747
 outer loop
  vertex -0.58295447 -0.5321128 0.6140209
  vertex -0.52855575 -0.48031974 0.69994545
  vertex -0.60410017 -0.4783997 0.63733673
 endloop
endfacet
facet normal -0.851771 -0.11328297 -0.5115204
 outer loop
  vertex -0.81526977 -0.12574194 -0.56526375
  vertex -0.853708 -0.17586273 -0.4901574
  vertex -0.88450295 -0.09763938 -0.45620206
 endloop
endfacet
facet normal -0.85177106 -0.1132829 -0.5115203
 outer loop
  vertex -0.81526977 -0.12574194 -0.56526375
  vertex -0.88450295 -0.09763938 -0.45620206
  vertex -0.8446661 -0.051071122 -0.5328505
 endloop
endfacet
facet normal -0.6297225 -0.5043696 0.59081376
 outer loop
  vertex -0.6502577 -0.53174216 0.5426017
  vertex -0.58295447 -0.5321128 0.6140209
  vertex -0.60410017 -0.4783997 0.63733673
 endloop
endfacet
facet normal -0.6297219 -0.5043703 0.5908139
 outer loop
  vertex -0.6502577 -0.53174216 0.5426017
  vertex -0.60410017 -0.4783997 0.63733673
  vertex -0.6738271 -0.47187257 0.56859004
 endloop
endfacet
facet normal -0.7207111 0.098370455 -0.68622065
 outer loop
  vertex -0.678271 0.08977166 -0.7293072
  vertex -0.7410511 0.04308778 -0.67006385
  vertex -0.75969964 0.11054869 -0.6408074
 endloop
endfacet
facet normal -0.72071105 0.09837044 -0.6862206
 outer loop
  vertex -0.678271 0.08977166 -0.7293072
  vertex -0.75969964 0.11054869 -0.6408074
  vertex -0.69532967 0.15148115 -0.702545
 endloop
endfacet
facet normal -0.8300562 -0.39860398 0.39002776
 outer loop
  vertex -0.84170353 -0.4254944 0.3324
  vertex -0.79320383 -0.44529217 0.41538385
  vertex -0.8132627 -0.37272948 0.44685286
 endloop
endfacet
facet normal -0.8300556 -0.39860475 0.390028
 outer loop
  vertex -0.84170353 -0.4254944 0.3324
  vertex -0.8132627 -0.37272948 0.44685286
  vertex -0.8629796 -0.3485288 0.36577848
 endloop
endfacet
facet normal -0.65370464 0.1416776 -0.74336916
 outer loop
  vertex -0.6089582 0.13559085 -0.7815269
  vertex -0.678271 0.08977166 -0.7293072
  vertex -0.69532967 0.15148115 -0.702545
 endloop
endfacet
facet normal -0.65370446 0.14167832 -0.74336916
 outer loop
  vertex -0.6089582 0.13559085 -0.7815269
  vertex -0.69532967 0.15148115 -0.702545
  vertex -0.62426263 0.19095461 -0.75751674
 endloop
endfacet
facet normal -0.87509483 -0.37472376 0.30625334
 outer loop
  vertex -0.8820976 -0.4015991 0.24621479
  vertex -0.84170353 -0.4254944 0.3324
  vertex -0.8629796 -0.3485288 0.36577848
 endloop
endfacet
facet normal -0.8750953 -0.3747229 0.30625305
 outer loop
  vertex -0.8820976 -0.4015991 0.24621479
  vertex -0.8629796 -0.3485288 0.36577848
  vertex -0.9043858 -0.32097182 0.28118128
 endloop
endfacet
facet normal -0.5803896 0.1836275 -0.7933656
 outer loop
  vertex -0.5337812 0.18010402 -0.8262202
  vertex -0.6089582 0.13559085 -0.7815269
  vertex -0.62426263 0.19095461 -0.75751674
 endloop
endfacet
facet normal -0.58038986 0.18362638 -0.79336566
 outer loop
  vertex -0.5337812 0.18010402 -0.8262202
  vertex -0.62426263 0.19095461 -0.75751674
  vertex -0.5471841 0.22858886 -0.8051933
 endloop
endfacet
facet normal -0.91171265 -0.3472436 0.21954961
 outer loop
  vertex -0.91399693 -0.37383613 0.15765846
  vertex -0.8820976 -0.4015991 0.24621479
  vertex -0.9043858 -0.32097182 0.28118128
 endloop
endfacet
facet normal -0.91171205 -0.34724462 0.21954997
 outer loop
  vertex -0.91399693 -0.37383613 0.15765846
  vertex -0.9043858 -0.32097182 0.28118128
  vertex -0.9370828 -0.29032356 0.1938762
 endloop
endfacet
facet normal -0.50145847 0.22381845 -0.83573
 outer loop
  vertex -0.4534631 0.22288305 -0.8629563
  vertex -0.5337812 0.18010402 -0.8262202
  vertex -0.5471841 0.22858886 -0.8051933
 endloop
endfacet
facet normal -0.50145835 0.22381906 -0.83572996
 outer loop
  vertex -0.4534631 0.22288305 -0.8629563
  vertex -0.5471841 0.22858886 -0.8051933
  vertex -0.46483535 0.26402202 -0.8451151
 endloop
endfacet
facet normal -0.9395626 -0.3164302 0.13074417
 outer loop
  vertex -0.9370938 -0.3424731 0.067583814
  vertex -0.91399693 -0.37383613 0.15765846
  vertex -0.9370828 -0.29032356 0.1938762
 endloop
endfacet
facet normal -0.9395629 -0.31642947 0.13074386
 outer loop
  vertex -0.9370938 -0.3424731 0.067583814
  vertex -0.9370828 -0.29032356 0.1938762
  vertex -0.9607549 -0.25687957 0.10470405
 endloop
endfacet
facet normal -0.41767967 0.261859 -0.8700423
 outer loop
  vertex -0.36877778 0.26351556 -0.89138174
  vertex -0.4534631 0.22288305 -0.8629563
  vertex -0.46483535 0.26402202 -0.8451151
 endloop
endfacet
facet normal -0.41767973 0.2618584 -0.87004244
 outer loop
  vertex -0.36877778 0.26351556 -0.89138174
  vertex -0.46483535 0.26402202 -0.8451151
  vertex -0.3780099 0.29691246 -0.87689817
 endloop
endfacet
facet normal -0.95838106 -0.28257737 0.040691085
 outer loop
  vertex -0.95116574 -0.30781156 -0.023141671
  vertex -0.9370938 -0.3424731 0.067583814
  vertex -0.9607549 -0.25687957 0.10470405
 endloop
endfacet
facet normal -0.9583811 -0.2825772 0.040691014
 outer loop
  vertex -0.95116574 -0.30781156 -0.023141671
  vertex -0.9607549 -0.25687957 0.10470405
  vertex -0.9751742 -0.22096136 0.014523546
 endloop
endfacet
facet normal -0.13928801 -0.42615324 0.8938637
 outer loop
  vertex -0.18343973 -0.44222298 0.8779468
  vertex -0.090584874 -0.42171383 0.9021939
  vertex -0.0929495 -0.41315985 0.9059036
 endloop
endfacet
facet normal -0.13928682 -0.42615587 0.8938626
 outer loop
  vertex -0.18343973 -0.44222298 0.8779468
  vertex -0.0929495 -0.41315985 0.9059036
  vertex -0.18814622 -0.42519736 0.8853305
 endloop
endfacet
facet normal -0.32985985 0.2973783 -0.8959679
 outer loop
  vertex -0.28054184 0.30161005 -0.9112229
  vertex -0.36877778 0.26351556 -0.89138174
  vertex -0.3780099 0.29691246 -0.87689817
 endloop
endfacet
facet normal -0.3298598 0.29737943 -0.8959676
 outer loop
  vertex -0.28054184 0.30161005 -0.9112229
  vertex -0.3780099 0.29691246 -0.87689817
  vertex -0.28754485 0.32694334 -0.9002363
 endloop
endfacet
facet normal -0.9679892 -0.24601299 -0.049744792
 outer loop
  vertex -0.9560774 -0.27018562 -0.113644294
  vertex -0.95116574 -0.30781156 -0.023141671
  vertex -0.9751742 -0.22096136 0.014523546
 endloop
endfacet
facet normal -0.9679891 -0.24601315 -0.049744707
 outer loop
  vertex -0.9560774 -0.27018562 -0.113644294
  vertex -0.9751742 -0.22096136 0.014523546
  vertex -0.980202 -0.18291524 -0.075796835
 endloop
endfacet
facet normal -0.23274095 -0.44039 0.8671149
 outer loop
  vertex -0.27452788 -0.45847318 0.8452448
  vertex -0.18343973 -0.44222298 0.8779468
  vertex -0.18814622 -0.42519736 0.8853305
 endloop
endfacet
facet normal -0.23274112 -0.4403897 0.867115
 outer loop
  vertex -0.27452788 -0.45847318 0.8452448
  vertex -0.18814622 -0.42519736 0.8853305
  vertex -0.2815309 -0.43313992 0.8562314
 endloop
endfacet
facet normal -0.23883788 0.33003753 -0.91325337
 outer loop
  vertex -0.1896035 0.33679995 -0.9222883
  vertex -0.28054184 0.30161005 -0.9112229
  vertex -0.28754485 0.32694334 -0.9002363
 endloop
endfacet
facet normal -0.23883787 0.3300383 -0.91325307
 outer loop
  vertex -0.1896035 0.33679995 -0.9222883
  vertex -0.28754485 0.32694334 -0.9002363
  vertex -0.19430996 0.35382557 -0.9149046
 endloop
endfacet
facet normal -0.9682972 -0.20708726 -0.13969804
 outer loop
  vertex -0.9517817 -0.22995801 -0.20305246
  vertex -0.9560774 -0.27018562 -0.113644294
  vertex -0.980202 -0.18291524 -0.075796835
 endloop
endfacet
facet normal -0.9682971 -0.20708717 -0.13969807
 outer loop
  vertex -0.9517817 -0.22995801 -0.20305246
  vertex -0.980202 -0.18291524 -0.075796835
  vertex -0.97579014 -0.14310785 -0.16538724
 endloop
endfacet
facet normal -0.3239428 -0.45037273 0.83200085
 outer loop
  vertex -0.36297163 -0.47030795 0.8044026
  vertex -0.27452788 -0.45847318 0.8452448
  vertex -0.2815309 -0.43313992 0.8562314
 endloop
endfacet
facet normal -0.32394332 -0.45037195 0.8320011
 outer loop
  vertex -0.36297163 -0.47030795 0.8044026
  vertex -0.2815309 -0.43313992 0.8562314
  vertex -0.37220374 -0.43691105 0.81888616
 endloop
endfacet
facet normal -0.14550287 0.35951385 -0.9217259
 outer loop
  vertex -0.09683913 0.36874634 -0.9244715
  vertex -0.1896035 0.33679995 -0.9222883
  vertex -0.19430996 0.35382557 -0.9149046
 endloop
endfacet
facet normal -0.1455024 0.35950974 -0.9217276
 outer loop
  vertex -0.09683913 0.36874634 -0.9244715
  vertex -0.19430996 0.35382557 -0.9149046
  vertex -0.09920376 0.37730035 -0.9207618
 endloop
endfacet
facet normal -0.95930225 -0.16617016 -0.22831294
 outer loop
  vertex -0.93831986 -0.18751575 -0.29050523
  vertex -0.9517817 -0.22995801 -0.20305246
  vertex -0.97579014 -0.14310785 -0.16538724
 endloop
endfacet
facet normal -0.9593022 -0.16617028 -0.22831288
 outer loop
  vertex -0.93831986 -0.18751575 -0.29050523
  vertex -0.97579014 -0.14310785 -0.16538724
  vertex -0.96198094 -0.101922244 -0.253385
 endloop
endfacet
facet normal -0.41199988 -0.456008 0.78886807
 outer loop
  vertex -0.44792047 -0.4776136 0.75581354
  vertex -0.36297163 -0.47030795 0.8044026
  vertex -0.37220374 -0.43691105 0.81888616
 endloop
endfacet
facet normal -0.412 -0.45600787 0.78886807
 outer loop
  vertex -0.44792047 -0.4776136 0.75581354
  vertex -0.37220374 -0.43691105 0.81888616
  vertex -0.4592927 -0.43647465 0.7736547
 endloop
endfacet
facet normal -0.94108814 -0.12365211 -0.31474325
 outer loop
  vertex -0.91582125 -0.14326738 -0.3751602
  vertex -0.93831986 -0.18751575 -0.29050523
  vertex -0.96198094 -0.101922244 -0.253385
 endloop
endfacet
facet normal -0.941088 -0.12365295 -0.31474298
 outer loop
  vertex -0.91582125 -0.14326738 -0.3751602
  vertex -0.96198094 -0.101922244 -0.253385
  vertex -0.93890715 -0.059754804 -0.33894244
 endloop
endfacet
facet normal -0.4960701 -0.45724523 0.73813367
 outer loop
  vertex -0.52855575 -0.48031974 0.69994545
  vertex -0.44792047 -0.4776136 0.75581354
  vertex -0.4592927 -0.43647465 0.7736547
 endloop
endfacet
facet normal -0.49606994 -0.45724535 0.7381336
 outer loop
  vertex -0.52855575 -0.48031974 0.69994545
  vertex -0.4592927 -0.43647465 0.7736547
  vertex -0.5419587 -0.4318349 0.72097236
 endloop
endfacet
facet normal -0.91382813 -0.07994329 -0.3981547
 outer loop
  vertex -0.88450295 -0.09763938 -0.45620206
  vertex -0.91582125 -0.14326738 -0.3751602
  vertex -0.93890715 -0.059754804 -0.33894244
 endloop
endfacet
facet normal -0.91382813 -0.079941854 -0.39815515
 outer loop
  vertex -0.88450295 -0.09763938 -0.45620206
  vertex -0.93890715 -0.059754804 -0.33894244
  vertex -0.90679115 -0.017012076 -0.42123556
 endloop
endfacet
facet normal -0.5753437 -0.45407432 0.6802912
 outer loop
  vertex -0.60410017 -0.4783997 0.63733673
  vertex -0.52855575 -0.48031974 0.69994545
  vertex -0.5419587 -0.4318349 0.72097236
 endloop
endfacet
facet normal -0.57534397 -0.45407403 0.68029124
 outer loop
  vertex -0.60410017 -0.4783997 0.63733673
  vertex -0.5419587 -0.4318349 0.72097236
  vertex -0.6194046 -0.42303595 0.6613469
 endloop
endfacet
facet normal -0.87777823 -0.03545629 -0.47775313
 outer loop
  vertex -0.8446661 -0.051071122 -0.5328505
  vertex -0.88450295 -0.09763938 -0.45620206
  vertex -0.90679115 -0.017012076 -0.42123556
 endloop
endfacet
facet normal -0.8777784 -0.035457153 -0.47775298
 outer loop
  vertex -0.8446661 -0.051071122 -0.5328505
  vertex -0.90679115 -0.017012076 -0.42123556
  vertex -0.8659422 0.025894461 -0.499472
 endloop
endfacet
facet normal -0.6490509 -0.44652835 0.6159102
 outer loop
  vertex -0.6738271 -0.47187257 0.56859004
  vertex -0.60410017 -0.4783997 0.63733673
  vertex -0.6194046 -0.42303595 0.6613469
 endloop
endfacet
facet normal -0.6490509 -0.44652838 0.61591023
 outer loop
  vertex -0.6738271 -0.47187257 0.56859004
  vertex -0.6194046 -0.42303595 0.6613469
  vertex -0.6908858 -0.41016304 0.59535223
 endloop
endfacet
facet normal -0.83328384 0.009374454 -0.55276597
 outer loop
  vertex -0.7966953 -0.00401123 -0.6043675
  vertex -0.8446661 -0.051071122 -0.5328505
  vertex -0.8659422 0.025894461 -0.499472
 endloop
endfacet
facet normal -0.83328384 0.009374423 -0.55276597
 outer loop
  vertex -0.7966953 -0.00401123 -0.6043675
  vertex -0.8659422 0.025894461 -0.499472
  vertex -0.8167542 0.06855145 -0.57289845
 endloop
endfacet
facet normal -0.71649325 -0.43468305 0.5456079
 outer loop
  vertex -0.73706424 -0.46080112 0.4943675
  vertex -0.6738271 -0.47187257 0.56859004
  vertex -0.6908858 -0.41016304 0.59535223
 endloop
endfacet
facet normal -0.71649325 -0.43468317 0.545608
 outer loop
  vertex -0.73706424 -0.46080112 0.4943675
  vertex -0.6908858 -0.41016304 0.59535223
  vertex -0.7557128 -0.39334023 0.52362394
 endloop
endfacet
facet normal -0.7807567 0.05413114 -0.6224861
 outer loop
  vertex -0.7410511 0.04308778 -0.67006385
  vertex -0.7966953 -0.00401123 -0.6043675
  vertex -0.8167542 0.06855145 -0.57289845
 endloop
endfacet
facet normal -0.7807566 0.054131318 -0.62248605
 outer loop
  vertex -0.7410511 0.04308778 -0.67006385
  vertex -0.8167542 0.06855145 -0.57289845
  vertex -0.75969964 0.11054869 -0.6408074
 endloop
endfacet
facet normal -0.77701575 -0.41865742 0.470077
 outer loop
  vertex -0.79320383 -0.44529217 0.41538385
  vertex -0.73706424 -0.46080112 0.4943675
  vertex -0.7557128 -0.39334023 0.52362394
 endloop
endfacet
facet normal -0.77701575 -0.41865754 0.47007707
 outer loop
  vertex -0.79320383 -0.44529217 0.41538385
  vertex -0.7557128 -0.39334023 0.52362394
  vertex -0.8132627 -0.37272948 0.44685286
 endloop
endfacet
facet normal -0.59197205 0.23624258 -0.77055717
 outer loop
  vertex -0.5471841 0.22858886 -0.8051933
  vertex -0.62426263 0.19095461 -0.75751674
  vertex -0.63357854 0.24743588 -0.7330435
 endloop
endfacet
facet normal -0.5919725 0.2362414 -0.7705574
 outer loop
  vertex -0.5471841 0.22858886 -0.8051933
  vertex -0.63357854 0.24743588 -0.7330435
  vertex -0.5553426 0.2780524 -0.78376085
 endloop
endfacet
facet normal -0.930007 -0.264135 0.25557712
 outer loop
  vertex -0.9370828 -0.29032356 0.1938762
  vertex -0.9043858 -0.32097182 0.28118128
  vertex -0.9179528 -0.23871703 0.31682214
 endloop
endfacet
facet normal -0.930007 -0.264135 0.25557715
 outer loop
  vertex -0.9370828 -0.29032356 0.1938762
  vertex -0.9179528 -0.23871703 0.31682214
  vertex -0.9511353 -0.20512529 0.23079252
 endloop
endfacet
facet normal -0.511455 0.26923126 -0.8160443
 outer loop
  vertex -0.46483535 0.26402202 -0.8451151
  vertex -0.5471841 0.22858886 -0.8051933
  vertex -0.5553426 0.2780524 -0.78376085
 endloop
endfacet
facet normal -0.5114549 0.2692319 -0.8160442
 outer loop
  vertex -0.46483535 0.26402202 -0.8451151
  vertex -0.5553426 0.2780524 -0.78376085
  vertex -0.4717577 0.3059914 -0.82692987
 endloop
endfacet
facet normal -0.9584101 -0.23081121 0.1678582
 outer loop
  vertex -0.9607549 -0.25687957 0.10470405
  vertex -0.9370828 -0.29032356 0.1938762
  vertex -0.9511353 -0.20512529 0.23079252
 endloop
endfacet
facet normal -0.95841026 -0.23081063 0.16785799
 outer loop
  vertex -0.9607549 -0.25687957 0.10470405
  vertex -0.9511353 -0.20512529 0.23079252
  vertex -0.97515744 -0.1695583 0.14254025
 endloop
endfacet
facet normal -0.4259945 0.29963028 -0.8536688
 outer loop
  vertex -0.3780099 0.29691246 -0.87689817
  vertex -0.46483535 0.26402202 -0.8451151
  vertex -0.4717577 0.3059914 -0.82692987
 endloop
endfacet
facet normal -0.42599422 0.2996313 -0.8536685
 outer loop
  vertex -0.3780099 0.29691246 -0.87689817
  vertex -0.4717577 0.3059914 -0.82692987
  vertex -0.38362947 0.3309835 -0.86213523
 endloop
endfacet
facet normal -0.9775994 -0.19527279 0.07853657
 outer loop
  vertex -0.9751742 -0.22096136 0.014523546
  vertex -0.9607549 -0.25687957 0.10470405
  vertex -0.97515744 -0.1695583 0.14254025
 endloop
endfacet
facet normal -0.9775993 -0.19527319 0.078536734
 outer loop
  vertex -0.9751742 -0.22096136 0.014523546
  vertex -0.97515744 -0.1695583 0.14254025
  vertex -0.98978823 -0.13235812 0.05291522
 endloop
endfacet
facet normal -0.1421412 -0.41318914 0.8994835
 outer loop
  vertex -0.18814622 -0.42519736 0.8853305
  vertex -0.0929495 -0.41315985 0.9059036
  vertex -0.09438886 -0.40443316 0.90968484
 endloop
endfacet
facet normal -0.14214087 -0.41319022 0.89948314
 outer loop
  vertex -0.18814622 -0.42519736 0.8853305
  vertex -0.09438886 -0.40443316 0.90968484
  vertex -0.19101107 -0.4078281 0.8928566
 endloop
endfacet
facet normal -0.33641195 0.32714415 -0.883065
 outer loop
  vertex -0.28754485 0.32694334 -0.9002363
  vertex -0.3780099 0.29691246 -0.87689817
  vertex -0.38362947 0.3309835 -0.86213523
 endloop
endfacet
facet normal -0.33641198 0.3271438 -0.8830651
 outer loop
  vertex -0.28754485 0.32694334 -0.9002363
  vertex -0.38362947 0.3309835 -0.86213523
  vertex -0.29180765 0.35278797 -0.88903785
 endloop
endfacet
facet normal -0.9873938 -0.15786195 -0.011532131
 outer loop
  vertex -0.980202 -0.18291524 -0.075796835
  vertex -0.9751742 -0.22096136 0.014523546
  vertex -0.98978823 -0.13235812 0.05291522
 endloop
endfacet
facet normal -0.9873939 -0.1578617 -0.011532228
 outer loop
  vertex -0.980202 -0.18291524 -0.075796835
  vertex -0.98978823 -0.13235812 0.05291522
  vertex -0.99488676 -0.09388329 -0.037219405
 endloop
endfacet
facet normal -0.23746711 -0.4189206 0.87642163
 outer loop
  vertex -0.2815309 -0.43313992 0.8562314
  vertex -0.18814622 -0.42519736 0.8853305
  vertex -0.19101107 -0.4078281 0.8928566
 endloop
endfacet
facet normal -0.23746708 -0.41892058 0.87642163
 outer loop
  vertex -0.2815309 -0.43313992 0.8562314
  vertex -0.19101107 -0.4078281 0.8928566
  vertex -0.2857937 -0.4072953 0.86742985
 endloop
endfacet
facet normal -0.24356362 0.35150623 -0.9039469
 outer loop
  vertex -0.19430996 0.35382557 -0.9149046
  vertex -0.28754485 0.32694334 -0.9002363
  vertex -0.29180765 0.35278797 -0.88903785
 endloop
endfacet
facet normal -0.2435636 0.35150644 -0.9039469
 outer loop
  vertex -0.19430996 0.35382557 -0.9149046
  vertex -0.29180765 0.35278797 -0.88903785
  vertex -0.19717482 0.37119487 -0.9073785
 endloop
endfacet
facet normal -0.9877018 -0.11893577 -0.10148565
 outer loop
  vertex -0.97579014 -0.14310785 -0.16538724
  vertex -0.980202 -0.18291524 -0.075796835
  vertex -0.99488676 -0.09388329 -0.037219405
 endloop
endfacet
facet normal -0.98770183 -0.11893603 -0.10148558
 outer loop
  vertex -0.97579014 -0.14310785 -0.16538724
  vertex -0.99488676 -0.09388329 -0.037219405
  vertex -0.9904042 -0.054504603 -0.12699556
 endloop
endfacet
facet normal -0.3304953 -0.42060784 0.84490347
 outer loop
  vertex -0.37220374 -0.43691105 0.81888616
  vertex -0.2815309 -0.43313992 0.8562314
  vertex -0.2857937 -0.4072953 0.86742985
 endloop
endfacet
facet normal -0.33049574 -0.42060694 0.8449037
 outer loop
  vertex -0.37220374 -0.43691105 0.81888616
  vertex -0.2857937 -0.4072953 0.86742985
  vertex -0.37782332 -0.40284002 0.8336491
 endloop
endfacet
facet normal -0.14835714 0.3724781 -0.91610605
 outer loop
  vertex -0.09920376 0.37730035 -0.9207618
  vertex -0.19430996 0.35382557 -0.9149046
  vertex -0.19717482 0.37119487 -0.9073785
 endloop
endfacet
facet normal -0.14835714 0.37247875 -0.9161057
 outer loop
  vertex -0.09920376 0.37730035 -0.9207618
  vertex -0.19717482 0.37119487 -0.9073785
  vertex -0.10064311 0.386027 -0.91698056
 endloop
endfacet
facet normal -0.97852045 -0.078865856 -0.19046764
 outer loop
  vertex -0.96198094 -0.101922244 -0.253385
  vertex -0.97579014 -0.14310785 -0.16538724
  vertex -0.9904042 -0.054504603 -0.12699556
 endloop
endfacet
facet normal -0.9785204 -0.07886549 -0.19046777
 outer loop
  vertex -0.96198094 -0.101922244 -0.253385
  vertex -0.9904042 -0.054504603 -0.12699556
  vertex -0.9763835 -0.0146010015 -0.21554881
 endloop
endfacet
facet normal -0.42031473 -0.41823596 0.80524176
 outer loop
  vertex -0.4592927 -0.43647465 0.7736547
  vertex -0.37220374 -0.43691105 0.81888616
  vertex -0.37782332 -0.40284002 0.8336491
 endloop
endfacet
facet normal -0.42031497 -0.4182355 0.8052418
 outer loop
  vertex -0.4592927 -0.43647465 0.7736547
  vertex -0.37782332 -0.40284002 0.8336491
  vertex -0.46621504 -0.39450526 0.79183996
 endloop
endfacet
facet normal -0.9599355 -0.038033705 -0.27762797
 outer loop
  vertex -0.93890715 -0.059754804 -0.33894244
  vertex -0.96198094 -0.101922244 -0.253385
  vertex -0.9763835 -0.0146010015 -0.21554881
 endloop
endfacet
facet normal -0.95993555 -0.038034257 -0.2776278
 outer loop
  vertex -0.93890715 -0.059754804 -0.33894244
  vertex -0.9763835 -0.0146010015 -0.21554881
  vertex -0.9529596 0.025443448 -0.30202612
 endloop
endfacet
facet normal -0.506067 -0.4118315 0.75781995
 outer loop
  vertex -0.5419587 -0.4318349 0.72097236
  vertex -0.4592927 -0.43647465 0.7736547
  vertex -0.46621504 -0.39450526 0.79183996
 endloop
endfacet
facet normal -0.50606644 -0.4118324 0.75781983
 outer loop
  vertex -0.5419587 -0.4318349 0.72097236
  vertex -0.46621504 -0.39450526 0.79183996
  vertex -0.5501172 -0.38237137 0.7424048
 endloop
endfacet
facet normal -0.9321228 0.0031671666 -0.36212844
 outer loop
  vertex -0.90679115 -0.017012076 -0.42123556
  vertex -0.93890715 -0.059754804 -0.33894244
  vertex -0.9529596 0.025443448 -0.30202612
 endloop
endfacet
facet normal -0.9321229 0.0031669163 -0.36212835
 outer loop
  vertex -0.90679115 -0.017012076 -0.42123556
  vertex -0.9529596 0.025443448 -0.30202612
  vertex -0.9203581 0.06524272 -0.38559467
 endloop
endfacet
facet normal -0.58692604 -0.40145904 0.70309925
 outer loop
  vertex -0.6194046 -0.42303595 0.6613469
  vertex -0.5419587 -0.4318349 0.72097236
  vertex -0.5501172 -0.38237137 0.7424048
 endloop
endfacet
facet normal -0.58692646 -0.40145832 0.70309925
 outer loop
  vertex -0.6194046 -0.42303595 0.6613469
  vertex -0.5501172 -0.38237137 0.7424048
  vertex -0.6287205 -0.36655468 0.68582016
 endloop
endfacet
facet normal -0.89534503 0.044344004 -0.44316024
 outer loop
  vertex -0.8659422 0.025894461 -0.499472
  vertex -0.90679115 -0.017012076 -0.42123556
  vertex -0.9203581 0.06524272 -0.38559467
 endloop
endfacet
facet normal -0.89534473 0.044345524 -0.44316065
 outer loop
  vertex -0.8659422 0.025894461 -0.499472
  vertex -0.9203581 0.06524272 -0.38559467
  vertex -0.8788929 0.10441362 -0.46544972
 endloop
endfacet
facet normal -0.66210645 -0.38721946 0.6416199
 outer loop
  vertex -0.6908858 -0.41016304 0.59535223
  vertex -0.6194046 -0.42303595 0.6613469
  vertex -0.6287205 -0.36655468 0.68582016
 endloop
endfacet
facet normal -0.6621064 -0.3872195 0.6416199
 outer loop
  vertex -0.6908858 -0.41016304 0.59535223
  vertex -0.6287205 -0.36655468 0.68582016
  vertex -0.70126945 -0.34720796 0.6226306
 endloop
endfacet
facet normal -0.84995323 0.08510057 -0.5199397
 outer loop
  vertex -0.8167542 0.06855145 -0.57289845
  vertex -0.8659422 0.025894461 -0.499472
  vertex -0.8788929 0.10441362 -0.46544972
 endloop
endfacet
facet normal -0.84995353 0.08509974 -0.51993954
 outer loop
  vertex -0.8167542 0.06855145 -0.57289845
  vertex -0.8788929 0.10441362 -0.46544972
  vertex -0.8289641 0.14257883 -0.5408225
 endloop
endfacet
facet normal -0.7308963 -0.36925328 0.5739709
 outer loop
  vertex -0.7557128 -0.39334023 0.52362394
  vertex -0.6908858 -0.41016304 0.59535223
  vertex -0.70126945 -0.34720796 0.6226306
 endloop
endfacet
facet normal -0.7308962 -0.3692535 0.5739709
 outer loop
  vertex -0.7557128 -0.39334023 0.52362394
  vertex -0.70126945 -0.34720796 0.6226306
  vertex -0.7670643 -0.32451764 0.5534447
 endloop
endfacet
facet normal -0.79636806 0.12505049 -0.5917434
 outer loop
  vertex -0.75969964 0.11054869 -0.6408074
  vertex -0.8167542 0.06855145 -0.57289845
  vertex -0.8289641 0.14257883 -0.5408225
 endloop
endfacet
facet normal -0.7963682 0.12505016 -0.59174335
 outer loop
  vertex -0.75969964 0.11054869 -0.6408074
  vertex -0.8289641 0.14257883 -0.5408225
  vertex -0.7710511 0.1793713 -0.61098665
 endloop
endfacet
facet normal -0.79262704 -0.3477388 0.5008194
 outer loop
  vertex -0.8132627 -0.37272948 0.44685286
  vertex -0.7557128 -0.39334023 0.52362394
  vertex -0.7670643 -0.32451764 0.5534447
 endloop
endfacet
facet normal -0.79262733 -0.34773827 0.50081927
 outer loop
  vertex -0.8132627 -0.37272948 0.44685286
  vertex -0.7670643 -0.32451764 0.5534447
  vertex -0.8254726 -0.2987021 0.47892883
 endloop
endfacet
facet normal -0.7351143 0.16380039 -0.6578574
 outer loop
  vertex -0.69532967 0.15148115 -0.702545
  vertex -0.75969964 0.11054869 -0.6408074
  vertex -0.7710511 0.1793713 -0.61098665
 endloop
endfacet
facet normal -0.73511416 0.16380085 -0.6578575
 outer loop
  vertex -0.69532967 0.15148115 -0.702545
  vertex -0.7710511 0.1793713 -0.61098665
  vertex -0.70571333 0.21443625 -0.6752666
 endloop
endfacet
facet normal -0.8467251 -0.3228789 0.42285424
 outer loop
  vertex -0.8629796 -0.3485288 0.36577848
  vertex -0.8132627 -0.37272948 0.44685286
  vertex -0.8254726 -0.2987021 0.47892883
 endloop
endfacet
facet normal -0.84672534 -0.3228786 0.42285416
 outer loop
  vertex -0.8629796 -0.3485288 0.36577848
  vertex -0.8254726 -0.2987021 0.47892883
  vertex -0.8759303 -0.27000967 0.39980072
 endloop
endfacet
facet normal -0.66676 0.20098712 -0.71765953
 outer loop
  vertex -0.62426263 0.19095461 -0.75751674
  vertex -0.69532967 0.15148115 -0.702545
  vertex -0.70571333 0.21443625 -0.6752666
 endloop
endfacet
facet normal -0.6667602 0.20098668 -0.71765953
 outer loop
  vertex -0.62426263 0.19095461 -0.75751674
  vertex -0.70571333 0.21443625 -0.6752666
  vertex -0.63357854 0.24743588 -0.7330435
 endloop
endfacet
facet normal -0.89266205 -0.29492125 0.34084597
 outer loop
  vertex -0.9043858 -0.32097182 0.28118128
  vertex -0.8629796 -0.3485288 0.36577848
  vertex -0.8759303 -0.27000967 0.39980072
 endloop
endfacet
facet normal -0.8926616 -0.29492232 0.34084633
 outer loop
  vertex -0.9043858 -0.32097182 0.28118128
  vertex -0.8759303 -0.27000967 0.39980072
  vertex -0.9179528 -0.23871703 0.31682214
 endloop
endfacet
facet normal -0.43023372 0.33797413 -0.83706176
 outer loop
  vertex -0.38362947 0.3309835 -0.86213523
  vertex -0.4717577 0.3059914 -0.82692987
  vertex -0.47416344 0.34838697 -0.80857563
 endloop
endfacet
facet normal -0.43023401 0.33797327 -0.837062
 outer loop
  vertex -0.38362947 0.3309835 -0.86213523
  vertex -0.47416344 0.34838697 -0.80857563
  vertex -0.3855825 0.36540052 -0.84723514
 endloop
endfacet
facet normal -0.9873984 -0.106649004 0.116921134
 outer loop
  vertex -0.98978823 -0.13235812 0.05291522
  vertex -0.97515744 -0.1695583 0.14254025
  vertex -0.98016286 -0.0813503 0.18072799
 endloop
endfacet
facet normal -0.9873985 -0.1066475 0.11692053
 outer loop
  vertex -0.98978823 -0.13235812 0.05291522
  vertex -0.98016286 -0.0813503 0.18072799
  vertex -0.994867 -0.042855095 0.09166361
 endloop
endfacet
facet normal -0.14359626 -0.40002745 0.90518403
 outer loop
  vertex -0.19101107 -0.4078281 0.8928566
  vertex -0.09438886 -0.40443316 0.90968484
  vertex -0.09488909 -0.3956179 0.9135012
 endloop
endfacet
facet normal -0.14359628 -0.40002725 0.9051841
 outer loop
  vertex -0.19101107 -0.4078281 0.8928566
  vertex -0.09488909 -0.3956179 0.9135012
  vertex -0.19200668 -0.3902824 0.9004526
 endloop
endfacet
facet normal -0.3397528 0.3573583 -0.86997885
 outer loop
  vertex -0.29180765 0.35278797 -0.88903785
  vertex -0.38362947 0.3309835 -0.86213523
  vertex -0.3855825 0.36540052 -0.84723514
 endloop
endfacet
facet normal -0.3397526 0.3573589 -0.8699786
 outer loop
  vertex -0.29180765 0.35278797 -0.88903785
  vertex -0.3855825 0.36540052 -0.84723514
  vertex -0.29328907 0.37889504 -0.8777354
 endloop
endfacet
facet normal -0.9972881 -0.068376906 0.027224889
 outer loop
  vertex -0.99488676 -0.09388329 -0.037219405
  vertex -0.98978823 -0.13235812 0.05291522
  vertex -0.994867 -0.042855095 0.09166361
 endloop
endfacet
facet normal -0.9972881 -0.06837668 0.027224801
 outer loop
  vertex -0.99488676 -0.09388329 -0.037219405
  vertex -0.994867 -0.042855095 0.09166361
  vertex -0.9999901 -0.0039472077 0.0017164695
 endloop
endfacet
facet normal -0.23987696 -0.3971253 0.88586146
 outer loop
  vertex -0.2857937 -0.4072953 0.86742985
  vertex -0.19101107 -0.4078281 0.8928566
  vertex -0.19200668 -0.3902824 0.9004526
 endloop
endfacet
facet normal -0.23987703 -0.39712495 0.88586164
 outer loop
  vertex -0.2857937 -0.4072953 0.86742985
  vertex -0.19200668 -0.3902824 0.9004526
  vertex -0.2872751 -0.38118818 0.8787323
 endloop
endfacet
facet normal -0.24597323 0.3732997 -0.89450794
 outer loop
  vertex -0.19717482 0.37119487 -0.9073785
  vertex -0.29180765 0.35278797 -0.88903785
  vertex -0.29328907 0.37889504 -0.8777354
 endloop
endfacet
facet normal -0.24597314 0.37330025 -0.8945078
 outer loop
  vertex -0.19717482 0.37119487 -0.9073785
  vertex -0.29328907 0.37889504 -0.8777354
  vertex -0.19817042 0.38874054 -0.8997825
 endloop
endfacet
facet normal -0.997596 -0.02945082 -0.062728524
 outer loop
  vertex -0.9904042 -0.054504603 -0.12699556
  vertex -0.99488676 -0.09388329 -0.037219405
  vertex -0.9999901 -0.0039472077 0.0017164695
 endloop
endfacet
facet normal -0.997596 -0.029451057 -0.062728435
 outer loop
  vertex -0.9904042 -0.054504603 -0.12699556
  vertex -0.9999901 -0.0039472077 0.0017164695
  vertex -0.995483 0.03499842 -0.08824719
 endloop
endfacet
facet normal -0.33383676 -0.39039057 0.85799086
 outer loop
  vertex -0.37782332 -0.40284002 0.8336491
  vertex -0.2857937 -0.4072953 0.86742985
  vertex -0.2872751 -0.38118818 0.8787323
 endloop
endfacet
facet normal -0.33383626 -0.3903918 0.8579904
 outer loop
  vertex -0.37782332 -0.40284002 0.8336491
  vertex -0.2872751 -0.38118818 0.8787323
  vertex -0.37977636 -0.36842299 0.8485492
 endloop
endfacet
facet normal -0.1498123 0.38563943 -0.9104057
 outer loop
  vertex -0.10064311 0.386027 -0.91698056
  vertex -0.19717482 0.37119487 -0.9073785
  vertex -0.19817042 0.38874054 -0.8997825
 endloop
endfacet
facet normal -0.14981252 0.3856372 -0.9104066
 outer loop
  vertex -0.10064311 0.386027 -0.91698056
  vertex -0.19817042 0.38874054 -0.8997825
  vertex -0.101143345 0.3948423 -0.9131642
 endloop
endfacet
facet normal -0.9883195 0.009759574 -0.15208331
 outer loop
  vertex -0.9763835 -0.0146010015 -0.21554881
  vertex -0.9904042 -0.054504603 -0.12699556
  vertex -0.995483 0.03499842 -0.08824719
 endloop
endfacet
facet normal -0.9883196 0.00975811 -0.15208274
 outer loop
  vertex -0.9763835 -0.0146010015 -0.21554881
  vertex -0.995483 0.03499842 -0.08824719
  vertex -0.9813889 0.07360701 -0.17736107
 endloop
endfacet
facet normal -0.4245544 -0.37989286 0.82184845
 outer loop
  vertex -0.46621504 -0.39450526 0.79183996
  vertex -0.37782332 -0.40284002 0.8336491
  vertex -0.37977636 -0.36842299 0.8485492
 endloop
endfacet
facet normal -0.42455447 -0.3798928 0.8218485
 outer loop
  vertex -0.46621504 -0.39450526 0.79183996
  vertex -0.37977636 -0.36842299 0.8485492
  vertex -0.46862078 -0.3521097 0.8101942
 endloop
endfacet
facet normal -0.96954536 0.048878666 -0.23998463
 outer loop
  vertex -0.9529596 0.025443448 -0.30202612
  vertex -0.9763835 -0.0146010015 -0.21554881
  vertex -0.9813889 0.07360701 -0.17736107
 endloop
endfacet
facet normal -0.9695453 0.04887971 -0.23998503
 outer loop
  vertex -0.9529596 0.025443448 -0.30202612
  vertex -0.9813889 0.07360701 -0.17736107
  vertex -0.95784324 0.11150693 -0.2647668
 endloop
endfacet
facet normal -0.5111637 -0.36573172 0.77778655
 outer loop
  vertex -0.5501172 -0.38237137 0.7424048
  vertex -0.46621504 -0.39450526 0.79183996
  vertex -0.46862078 -0.3521097 0.8101942
 endloop
endfacet
facet normal -0.51116365 -0.36573195 0.7777865
 outer loop
  vertex -0.5501172 -0.38237137 0.7424048
  vertex -0.46862078 -0.3521097 0.8101942
  vertex -0.55295247 -0.33240554 0.7640365
 endloop
endfacet
facet normal -0.94145113 0.08753386 -0.325588
 outer loop
  vertex -0.9203581 0.06524272 -0.38559467
  vertex -0.9529596 0.025443448 -0.30202612
  vertex -0.95784324 0.11150693 -0.2647668
 endloop
endfacet
facet normal -0.9414511 0.0875341 -0.32558805
 outer loop
  vertex -0.9203581 0.06524272 -0.38559467
  vertex -0.95784324 0.11150693 -0.2647668
  vertex -0.925073 0.14833283 -0.3496226
 endloop
endfacet
facet normal -0.59283197 -0.34804693 0.72623247
 outer loop
  vertex -0.6287205 -0.36655468 0.68582016
  vertex -0.5501172 -0.38237137 0.7424048
  vertex -0.55295247 -0.33240554 0.7640365
 endloop
endfacet
facet normal -0.5928322 -0.34804636 0.72623247
 outer loop
  vertex -0.6287205 -0.36655468 0.68582016
  vertex -0.55295247 -0.33240554 0.7640365
  vertex -0.63195807 -0.30949983 0.7105208
 endloop
endfacet
facet normal -0.9043015 0.12535317 -0.4080752
 outer loop
  vertex -0.8788929 0.10441362 -0.46544972
  vertex -0.9203581 0.06524272 -0.38559467
  vertex -0.925073 0.14833283 -0.3496226
 endloop
endfacet
facet normal -0.9043016 0.1253527 -0.40807506
 outer loop
  vertex -0.8788929 0.10441362 -0.46544972
  vertex -0.925073 0.14833283 -0.3496226
  vertex -0.8833937 0.18373016 -0.43111137
 endloop
endfacet
facet normal -0.6687633 -0.32701302 0.6676961
 outer loop
  vertex -0.70126945 -0.34720796 0.6226306
  vertex -0.6287205 -0.36655468 0.68582016
  vertex -0.63195807 -0.30949983 0.7105208
 endloop
endfacet
facet normal -0.6687626 -0.3270143 0.6676962
 outer loop
  vertex -0.70126945 -0.34720796 0.6226306
  vertex -0.63195807 -0.30949983 0.7105208
  vertex -0.70487815 -0.28361353 0.65016246
 endloop
endfacet
facet normal -0.85845274 0.16197003 -0.48664623
 outer loop
  vertex -0.8289641 0.14257883 -0.5408225
  vertex -0.8788929 0.10441362 -0.46544972
  vertex -0.8833937 0.18373016 -0.43111137
 endloop
endfacet
facet normal -0.8584531 0.16196893 -0.486646
 outer loop
  vertex -0.8289641 0.14257883 -0.5408225
  vertex -0.8833937 0.18373016 -0.43111137
  vertex -0.83320755 0.21735798 -0.5084485
 endloop
endfacet
facet normal -0.7382401 -0.30283445 0.6027378
 outer loop
  vertex -0.7670643 -0.32451764 0.5534447
  vertex -0.70126945 -0.34720796 0.6226306
  vertex -0.70487815 -0.28361353 0.65016246
 endloop
endfacet
facet normal -0.7382404 -0.3028337 0.6027377
 outer loop
  vertex -0.7670643 -0.32451764 0.5534447
  vertex -0.70487815 -0.28361353 0.65016246
  vertex -0.77100927 -0.25499612 0.5835425
 endloop
endfacet
facet normal -0.80432814 0.19704115 -0.5605631
 outer loop
  vertex -0.7710511 0.1793713 -0.61098665
  vertex -0.8289641 0.14257883 -0.5408225
  vertex -0.83320755 0.21735798 -0.5084485
 endloop
endfacet
facet normal -0.804328 0.1970415 -0.56056315
 outer loop
  vertex -0.7710511 0.1793713 -0.61098665
  vertex -0.83320755 0.21735798 -0.5084485
  vertex -0.77499616 0.24889281 -0.5808888
 endloop
endfacet
facet normal -0.8005873 -0.275747 0.5319996
 outer loop
  vertex -0.8254726 -0.2987021 0.47892883
  vertex -0.7670643 -0.32451764 0.5534447
  vertex -0.77100927 -0.25499612 0.5835425
 endloop
endfacet
facet normal -0.80058724 -0.27574724 0.5319996
 outer loop
  vertex -0.8254726 -0.2987021 0.47892883
  vertex -0.77100927 -0.25499612 0.5835425
  vertex -0.82971597 -0.22392294 0.5113028
 endloop
endfacet
facet normal -0.7424581 0.23021978 -0.6290905
 outer loop
  vertex -0.70571333 0.21443625 -0.6752666
  vertex -0.7710511 0.1793713 -0.61098665
  vertex -0.77499616 0.24889281 -0.5808888
 endloop
endfacet
facet normal -0.7424579 0.23022023 -0.6290905
 outer loop
  vertex -0.70571333 0.21443625 -0.6752666
  vertex -0.77499616 0.24889281 -0.5808888
  vertex -0.70932204 0.27803066 -0.64773476
 endloop
endfacet
facet normal -0.8552246 -0.2460091 0.45614737
 outer loop
  vertex -0.8759303 -0.27000967 0.39980072
  vertex -0.8254726 -0.2987021 0.47892883
  vertex -0.82971597 -0.22392294 0.5113028
 endloop
endfacet
facet normal -0.8552248 -0.24600856 0.45614725
 outer loop
  vertex -0.8759303 -0.27000967 0.39980072
  vertex -0.82971597 -0.22392294 0.5113028
  vertex -0.8804311 -0.19069313 0.43413907
 endloop
endfacet
facet normal -0.67341703 0.261193 -0.69158345
 outer loop
  vertex -0.63357854 0.24743588 -0.7330435
  vertex -0.70571333 0.21443625 -0.6752666
  vertex -0.70932204 0.27803066 -0.64773476
 endloop
endfacet
facet normal -0.673417 0.2611932 -0.69158345
 outer loop
  vertex -0.63357854 0.24743588 -0.7330435
  vertex -0.70932204 0.27803066 -0.64773476
  vertex -0.6368161 0.30449072 -0.70834285
 endloop
endfacet
facet normal -0.9016185 -0.21391375 0.3759321
 outer loop
  vertex -0.9179528 -0.23871703 0.31682214
  vertex -0.8759303 -0.27000967 0.39980072
  vertex -0.8804311 -0.19069313 0.43413907
 endloop
endfacet
facet normal -0.9016186 -0.21391359 0.37593204
 outer loop
  vertex -0.9179528 -0.23871703 0.31682214
  vertex -0.8804311 -0.19069313 0.43413907
  vertex -0.9226677 -0.15562695 0.3527942
 endloop
endfacet
facet normal -0.5978782 0.28965443 -0.7474236
 outer loop
  vertex -0.5553426 0.2780524 -0.78376085
  vertex -0.63357854 0.24743588 -0.7330435
  vertex -0.6368161 0.30449072 -0.70834285
 endloop
endfacet
facet normal -0.59787786 0.28965524 -0.74742347
 outer loop
  vertex -0.5553426 0.2780524 -0.78376085
  vertex -0.6368161 0.30449072 -0.70834285
  vertex -0.5581779 0.32801822 -0.7621292
 endloop
endfacet
facet normal -0.9393353 -0.17976815 0.29211763
 outer loop
  vertex -0.9511353 -0.20512529 0.23079252
  vertex -0.9179528 -0.23871703 0.31682214
  vertex -0.9226677 -0.15562695 0.3527942
 endloop
endfacet
facet normal -0.93933517 -0.17976826 0.29211766
 outer loop
  vertex -0.9511353 -0.20512529 0.23079252
  vertex -0.9226677 -0.15562695 0.3527942
  vertex -0.9560189 -0.119061805 0.26805183
 endloop
endfacet
facet normal -0.51655227 0.31533346 -0.79607695
 outer loop
  vertex -0.4717577 0.3059914 -0.82692987
  vertex -0.5553426 0.2780524 -0.78376085
  vertex -0.5581779 0.32801822 -0.7621292
 endloop
endfacet
facet normal -0.5165526 0.31533256 -0.79607713
 outer loop
  vertex -0.4717577 0.3059914 -0.82692987
  vertex -0.5581779 0.32801822 -0.7621292
  vertex -0.47416344 0.34838697 -0.80857563
 endloop
endfacet
facet normal -0.9680201 -0.14389725 0.20550114
 outer loop
  vertex -0.97515744 -0.1695583 0.14254025
  vertex -0.9511353 -0.20512529 0.23079252
  vertex -0.9560189 -0.119061805 0.26805183
 endloop
endfacet
facet normal -0.9680198 -0.14389832 0.20550153
 outer loop
  vertex -0.97515744 -0.1695583 0.14254025
  vertex -0.9560189 -0.119061805 0.26805183
  vertex -0.98016286 -0.0813503 0.18072799
 endloop
endfacet
facet normal -0.2399472 -0.37521783 0.89534175
 outer loop
  vertex -0.2872751 -0.38118818 0.8787323
  vertex -0.19200668 -0.3902824 0.9004526
  vertex -0.1911235 -0.3727293 0.9080454
 endloop
endfacet
facet normal -0.2399472 -0.37521785 0.89534175
 outer loop
  vertex -0.2872751 -0.38118818 0.8787323
  vertex -0.1911235 -0.3727293 0.9080454
  vertex -0.285961 -0.35507005 0.89003
 endloop
endfacet
facet normal -0.24604331 0.39520827 -0.88502717
 outer loop
  vertex -0.19817042 0.38874054 -0.8997825
  vertex -0.29328907 0.37889504 -0.8777354
  vertex -0.29197496 0.40501317 -0.8664377
 endloop
endfacet
facet normal -0.24604324 0.39520857 -0.8850271
 outer loop
  vertex -0.19817042 0.38874054 -0.8997825
  vertex -0.29197496 0.40501317 -0.8664377
  vertex -0.19728725 0.40629363 -0.8921897
 endloop
endfacet
facet normal -0.99788415 0.060503814 -0.023801045
 outer loop
  vertex -0.995483 0.03499842 -0.08824719
  vertex -0.9999901 -0.0039472077 0.0017164695
  vertex -0.9954631 0.08602688 0.040635813
 endloop
endfacet
facet normal -0.99788415 0.06050358 -0.023800954
 outer loop
  vertex -0.995483 0.03499842 -0.08824719
  vertex -0.9954631 0.08602688 0.040635813
  vertex -0.99097776 0.12453927 -0.04951524
 endloop
endfacet
facet normal -0.33393356 -0.36001796 0.8711346
 outer loop
  vertex -0.37977636 -0.36842299 0.8485492
  vertex -0.2872751 -0.38118818 0.8787323
  vertex -0.285961 -0.35507005 0.89003
 endloop
endfacet
facet normal -0.33393374 -0.36001727 0.87113476
 outer loop
  vertex -0.37977636 -0.36842299 0.8485492
  vertex -0.285961 -0.35507005 0.89003
  vertex -0.37804392 -0.3339914 0.86344296
 endloop
endfacet
facet normal -0.14985491 0.39887002 -0.9046802
 outer loop
  vertex -0.101143345 0.3948423 -0.9131642
  vertex -0.19817042 0.38874054 -0.8997825
  vertex -0.19728725 0.40629363 -0.8921897
 endloop
endfacet
facet normal -0.14985381 0.39887518 -0.9046781
 outer loop
  vertex -0.101143345 0.3948423 -0.9131642
  vertex -0.19728725 0.40629363 -0.8921897
  vertex -0.10069962 0.40366128 -0.9093494
 endloop
endfacet
facet normal -0.988605 0.09884962 -0.11352898
 outer loop
  vertex -0.9813889 0.07360701 -0.17736107
  vertex -0.995483 0.03499842 -0.08824719
  vertex -0.99097776 0.12453927 -0.04951524
 endloop
endfacet
facet normal -0.988605 0.09884928 -0.113528855
 outer loop
  vertex -0.9813889 0.07360701 -0.17736107
  vertex -0.99097776 0.12453927 -0.04951524
  vertex -0.9769489 0.16185232 -0.13918954
 endloop
endfacet
facet normal -0.42467797 -0.3413474 0.8385289
 outer loop
  vertex -0.46862078 -0.3521097 0.8101942
  vertex -0.37977636 -0.36842299 0.8485492
  vertex -0.37804392 -0.3339914 0.86344296
 endloop
endfacet
facet normal -0.42467743 -0.3413489 0.8385285
 outer loop
  vertex -0.46862078 -0.3521097 0.8101942
  vertex -0.37804392 -0.3339914 0.86344296
  vertex -0.46648678 -0.30969623 0.8285407
 endloop
endfacet
facet normal -0.9698252 0.13624975 -0.20217597
 outer loop
  vertex -0.95784324 0.11150693 -0.2647668
  vertex -0.9813889 0.07360701 -0.17736107
  vertex -0.9769489 0.16185232 -0.13918954
 endloop
endfacet
facet normal -0.96982515 0.13624981 -0.202176
 outer loop
  vertex -0.95784324 0.11150693 -0.2647668
  vertex -0.9769489 0.16185232 -0.13918954
  vertex -0.9535112 0.19760679 -0.22752331
 endloop
endfacet
facet normal -0.5113122 -0.31938997 0.7978407
 outer loop
  vertex -0.55295247 -0.33240554 0.7640365
  vertex -0.46862078 -0.3521097 0.8101942
  vertex -0.46648678 -0.30969623 0.8285407
 endloop
endfacet
facet normal -0.5113128 -0.3193883 0.797841
 outer loop
  vertex -0.55295247 -0.33240554 0.7640365
  vertex -0.46648678 -0.30969623 0.8285407
  vertex -0.5504374 -0.28241855 0.7856589
 endloop
endfacet
facet normal -0.9417228 0.17234376 -0.2888871
 outer loop
  vertex -0.925073 0.14833283 -0.3496226
  vertex -0.95784324 0.11150693 -0.2647668
  vertex -0.9535112 0.19760679 -0.22752331
 endloop
endfacet
facet normal -0.94172287 0.17234382 -0.28888714
 outer loop
  vertex -0.925073 0.14833283 -0.3496226
  vertex -0.9535112 0.19760679 -0.22752331
  vertex -0.9208906 0.23145807 -0.3136658
 endloop
endfacet
facet normal -0.59300417 -0.2943537 0.74946773
 outer loop
  vertex -0.63195807 -0.30949983 0.7105208
  vertex -0.55295247 -0.33240554 0.7640365
  vertex -0.5504374 -0.28241855 0.7856589
 endloop
endfacet
facet normal -0.5930036 -0.2943551 0.7494676
 outer loop
  vertex -0.63195807 -0.30949983 0.7105208
  vertex -0.5504374 -0.28241855 0.7856589
  vertex -0.6290862 -0.25242087 0.735211
 endloop
endfacet
facet normal -0.9045626 0.20678669 -0.37283495
 outer loop
  vertex -0.8833937 0.18373016 -0.43111137
  vertex -0.925073 0.14833283 -0.3496226
  vertex -0.9208906 0.23145807 -0.3136658
 endloop
endfacet
facet normal -0.90456253 0.20678656 -0.37283492
 outer loop
  vertex -0.8833937 0.18373016 -0.43111137
  vertex -0.9208906 0.23145807 -0.3136658
  vertex -0.87940127 0.2630802 -0.39678755
 endloop
endfacet
facet normal -0.66895646 -0.26649162 0.6938872
 outer loop
  vertex -0.70487815 -0.28361353 0.65016246
  vertex -0.63195807 -0.30949983 0.7105208
  vertex -0.6290862 -0.25242087 0.735211
 endloop
endfacet
facet normal -0.66895723 -0.2664899 0.6938872
 outer loop
  vertex -0.70487815 -0.28361353 0.65016246
  vertex -0.6290862 -0.25242087 0.735211
  vertex -0.701677 -0.21999219 0.6776826
 endloop
endfacet
facet normal -0.85870063 0.23924437 -0.45320567
 outer loop
  vertex -0.83320755 0.21735798 -0.5084485
  vertex -0.8833937 0.18373016 -0.43111137
  vertex -0.87940127 0.2630802 -0.39678755
 endloop
endfacet
facet normal -0.85870075 0.23924421 -0.4532056
 outer loop
  vertex -0.83320755 0.21735798 -0.5084485
  vertex -0.87940127 0.2630802 -0.39678755
  vertex -0.8294435 0.29216874 -0.4760882
 endloop
endfacet
facet normal -0.73845446 -0.23606387 0.631632
 outer loop
  vertex -0.77100927 -0.25499612 0.5835425
  vertex -0.70487815 -0.28361353 0.65016246
  vertex -0.701677 -0.21999219 0.6776826
 endloop
endfacet
facet normal -0.73845387 -0.2360654 0.6316321
 outer loop
  vertex -0.77100927 -0.25499612 0.5835425
  vertex -0.701677 -0.21999219 0.6776826
  vertex -0.7675099 -0.18544519 0.6136276
 endloop
endfacet
facet normal -0.80455995 0.26941195 -0.52924514
 outer loop
  vertex -0.77499616 0.24889281 -0.5808888
  vertex -0.83320755 0.21735798 -0.5084485
  vertex -0.8294435 0.29216874 -0.4760882
 endloop
endfacet
facet normal -0.8045601 0.26941165 -0.52924514
 outer loop
  vertex -0.77499616 0.24889281 -0.5808888
  vertex -0.8294435 0.29216874 -0.4760882
  vertex -0.7714968 0.31844372 -0.5508038
 endloop
endfacet
facet normal -0.8008191 -0.2033772 0.56331736
 outer loop
  vertex -0.82971597 -0.22392294 0.5113028
  vertex -0.77100927 -0.25499612 0.5835425
  vertex -0.7675099 -0.18544519 0.6136276
 endloop
endfacet
facet normal -0.8008192 -0.20337689 0.56331724
 outer loop
  vertex -0.82971597 -0.22392294 0.5113028
  vertex -0.7675099 -0.18544519 0.6136276
  vertex -0.82595193 -0.14911218 0.5436631
 endloop
endfacet
facet normal -0.7426719 0.2969887 -0.6001967
 outer loop
  vertex -0.70932204 0.27803066 -0.64773476
  vertex -0.77499616 0.24889281 -0.5808888
  vertex -0.7714968 0.31844372 -0.5508038
 endloop
endfacet
facet normal -0.7426715 0.29698968 -0.60019684
 outer loop
  vertex -0.70932204 0.27803066 -0.64773476
  vertex -0.7714968 0.31844372 -0.5508038
  vertex -0.7061209 0.34165198 -0.62021464
 endloop
endfacet
facet normal -0.8554723 -0.16873434 0.48958725
 outer loop
  vertex -0.8804311 -0.19069313 0.43413907
  vertex -0.82971597 -0.22392294 0.5113028
  vertex -0.82595193 -0.14911218 0.5436631
 endloop
endfacet
facet normal -0.8554724 -0.16873421 0.4895873
 outer loop
  vertex -0.8804311 -0.19069313 0.43413907
  vertex -0.82595193 -0.14911218 0.5436631
  vertex -0.8764387 -0.11134308 0.46846285
 endloop
endfacet
facet normal -0.6736108 0.32171607 -0.6653925
 outer loop
  vertex -0.6368161 0.30449072 -0.70834285
  vertex -0.70932204 0.27803066 -0.64773476
  vertex -0.7061209 0.34165198 -0.62021464
 endloop
endfacet
facet normal -0.673611 0.3217159 -0.6653925
 outer loop
  vertex -0.6368161 0.30449072 -0.70834285
  vertex -0.7061209 0.34165198 -0.62021464
  vertex -0.6339442 0.36156967 -0.68365264
 endloop
endfacet
facet normal -0.90187955 -0.13247983 0.411172
 outer loop
  vertex -0.9226677 -0.15562695 0.3527942
  vertex -0.8804311 -0.19069313 0.43413907
  vertex -0.8764387 -0.11134308 0.46846285
 endloop
endfacet
facet normal -0.90187955 -0.13247982 0.411172
 outer loop
  vertex -0.9226677 -0.15562695 0.3527942
  vertex -0.8764387 -0.11134308 0.46846285
  vertex -0.9184853 -0.07250175 0.388751
 endloop
endfacet
facet normal -0.59804976 0.34334707 -0.7241887
 outer loop
  vertex -0.5581779 0.32801822 -0.7621292
  vertex -0.6368161 0.30449072 -0.70834285
  vertex -0.6339442 0.36156967 -0.68365264
 endloop
endfacet
facet normal -0.5980501 0.34334642 -0.72418875
 outer loop
  vertex -0.5581779 0.32801822 -0.7621292
  vertex -0.6339442 0.36156967 -0.68365264
  vertex -0.5556628 0.3780052 -0.74050677
 endloop
endfacet
facet normal -0.93960685 -0.094958685 0.32881877
 outer loop
  vertex -0.9560189 -0.119061805 0.26805183
  vertex -0.9226677 -0.15562695 0.3527942
  vertex -0.9184853 -0.07250175 0.388751
 endloop
endfacet
facet normal -0.93960696 -0.09495851 0.3288187
 outer loop
  vertex -0.9560189 -0.119061805 0.26805183
  vertex -0.9184853 -0.07250175 0.388751
  vertex -0.95168686 -0.03296195 0.30529532
 endloop
endfacet
facet normal -0.51670116 0.36167476 -0.7760228
 outer loop
  vertex -0.47416344 0.34838697 -0.80857563
  vertex -0.5581779 0.32801822 -0.7621292
  vertex -0.5556628 0.3780052 -0.74050677
 endloop
endfacet
facet normal -0.51670074 0.3616756 -0.77602255
 outer loop
  vertex -0.47416344 0.34838697 -0.80857563
  vertex -0.5556628 0.3780052 -0.74050677
  vertex -0.47202945 0.39080048 -0.79022914
 endloop
endfacet
facet normal -0.96829987 -0.056527432 0.2433108
 outer loop
  vertex -0.98016286 -0.0813503 0.18072799
  vertex -0.9560189 -0.119061805 0.26805183
  vertex -0.95168686 -0.03296195 0.30529532
 endloop
endfacet
facet normal -0.96829975 -0.056527484 0.24331078
 outer loop
  vertex -0.98016286 -0.0813503 0.18072799
  vertex -0.95168686 -0.03296195 0.30529532
  vertex -0.97572285 0.006894997 0.21889952
 endloop
endfacet
facet normal -0.43035755 0.37651923 -0.8203814
 outer loop
  vertex -0.3855825 0.36540052 -0.84723514
  vertex -0.47416344 0.34838697 -0.80857563
  vertex -0.47202945 0.39080048 -0.79022914
 endloop
endfacet
facet normal -0.43035766 0.376519 -0.82038146
 outer loop
  vertex -0.3855825 0.36540052 -0.84723514
  vertex -0.47202945 0.39080048 -0.79022914
  vertex -0.38385007 0.3998321 -0.8323414
 endloop
endfacet
facet normal -0.9876839 -0.017557358 0.155474
 outer loop
  vertex -0.994867 -0.042855095 0.09166361
  vertex -0.98016286 -0.0813503 0.18072799
  vertex -0.97572285 0.006894997 0.21889952
 endloop
endfacet
facet normal -0.987684 -0.017557113 0.1554739
 outer loop
  vertex -0.994867 -0.042855095 0.09166361
  vertex -0.97572285 0.006894997 0.21889952
  vertex -0.9903618 0.046685755 0.13039556
 endloop
endfacet
facet normal -0.14363869 -0.3868016 0.9109075
 outer loop
  vertex -0.19200668 -0.3902824 0.9004526
  vertex -0.09488909 -0.3956179 0.9135012
  vertex -0.09444536 -0.3867989 0.917316
 endloop
endfacet
facet normal -0.14363912 -0.38679743 0.91090924
 outer loop
  vertex -0.19200668 -0.3902824 0.9004526
  vertex -0.09444536 -0.3867989 0.917316
  vertex -0.1911235 -0.3727293 0.9080454
 endloop
endfacet
facet normal -0.33984995 0.38773313 -0.8568343
 outer loop
  vertex -0.29328907 0.37889504 -0.8777354
  vertex -0.3855825 0.36540052 -0.84723514
  vertex -0.38385007 0.3998321 -0.8323414
 endloop
endfacet
facet normal -0.33985004 0.38773295 -0.8568344
 outer loop
  vertex -0.29328907 0.37889504 -0.8777354
  vertex -0.38385007 0.3998321 -0.8323414
  vertex -0.29197496 0.40501317 -0.8664377
 endloop
endfacet
facet normal -0.99757624 0.021577759 0.06615226
 outer loop
  vertex -0.9999901 -0.0039472077 0.0017164695
  vertex -0.994867 -0.042855095 0.09166361
  vertex -0.9903618 0.046685755 0.13039556
 endloop
endfacet
facet normal -0.9975762 0.021578 0.06615216
 outer loop
  vertex -0.9999901 -0.0039472077 0.0017164695
  vertex -0.9903618 0.046685755 0.13039556
  vertex -0.9954631 0.08602688 0.040635813
 endloop
endfacet
facet normal -0.4206837 -0.30297306 0.8551214
 outer loop
  vertex -0.46648678 -0.30969623 0.8285407
  vertex -0.37804392 -0.3339914 0.86344296
  vertex -0.3726428 -0.2998769 0.878187
 endloop
endfacet
facet normal -0.42068395 -0.30297175 0.8551217
 outer loop
  vertex -0.46648678 -0.30969623 0.8285407
  vertex -0.3726428 -0.2998769 0.878187
  vertex -0.45983353 -0.26767328 0.84670264
 endloop
endfacet
facet normal -0.96077234 0.22323745 -0.16456439
 outer loop
  vertex -0.9535112 0.19760679 -0.22752331
  vertex -0.9769489 0.16185232 -0.13918954
  vertex -0.96310616 0.24928501 -0.101401836
 endloop
endfacet
facet normal -0.96077275 0.2232362 -0.16456391
 outer loop
  vertex -0.9535112 0.19760679 -0.22752331
  vertex -0.96310616 0.24928501 -0.101401836
  vertex -0.94000506 0.2829138 -0.19065431
 endloop
endfacet
facet normal -0.50651115 -0.27324903 0.81779057
 outer loop
  vertex -0.5504374 -0.28241855 0.7856589
  vertex -0.46648678 -0.30969623 0.8285407
  vertex -0.45983353 -0.26767328 0.84670264
 endloop
endfacet
facet normal -0.50651085 -0.27325013 0.8177904
 outer loop
  vertex -0.5504374 -0.28241855 0.7856589
  vertex -0.45983353 -0.26767328 0.84670264
  vertex -0.54259616 -0.23289187 0.80706394
 endloop
endfacet
facet normal -0.9329355 0.25678152 -0.25237817
 outer loop
  vertex -0.9208906 0.23145807 -0.3136658
  vertex -0.9535112 0.19760679 -0.22752331
  vertex -0.94000506 0.2829138 -0.19065431
 endloop
endfacet
facet normal -0.9329356 0.25678113 -0.25237802
 outer loop
  vertex -0.9208906 0.23145807 -0.3136658
  vertex -0.94000506 0.2829138 -0.19065431
  vertex -0.90785116 0.31381786 -0.27807057
 endloop
endfacet
facet normal -0.58744025 -0.24089807 0.7725814
 outer loop
  vertex -0.6290862 -0.25242087 0.735211
  vertex -0.5504374 -0.28241855 0.7856589
  vertex -0.54259616 -0.23289187 0.80706394
 endloop
endfacet
facet normal -0.5874408 -0.24089664 0.7725815
 outer loop
  vertex -0.6290862 -0.25242087 0.735211
  vertex -0.54259616 -0.23289187 0.80706394
  vertex -0.6201324 -0.19586746 0.7596529
 endloop
endfacet
facet normal -0.89612496 0.28786296 -0.33777937
 outer loop
  vertex -0.87940127 0.2630802 -0.39678755
  vertex -0.9208906 0.23145807 -0.3136658
  vertex -0.90785116 0.31381786 -0.27807057
 endloop
endfacet
facet normal -0.89612466 0.28786382 -0.33777964
 outer loop
  vertex -0.87940127 0.2630802 -0.39678755
  vertex -0.90785116 0.31381786 -0.27807057
  vertex -0.8669539 0.3416996 -0.3628089
 endloop
endfacet
facet normal -0.6626861 -0.20623267 0.719941
 outer loop
  vertex -0.701677 -0.21999219 0.6776826
  vertex -0.6290862 -0.25242087 0.735211
  vertex -0.6201324 -0.19586746 0.7596529
 endloop
endfacet
facet normal -0.6626858 -0.20623389 0.719941
 outer loop
  vertex -0.701677 -0.21999219 0.6776826
  vertex -0.6201324 -0.19586746 0.7596529
  vertex -0.691697 -0.15695672 0.704926
 endloop
endfacet
facet normal -0.85069394 0.31618017 -0.41994032
 outer loop
  vertex -0.8294435 0.29216874 -0.4760882
  vertex -0.87940127 0.2630802 -0.39678755
  vertex -0.8669539 0.3416996 -0.3628089
 endloop
endfacet
facet normal -0.85069406 0.31617984 -0.41994026
 outer loop
  vertex -0.8294435 0.29216874 -0.4760882
  vertex -0.8669539 0.3416996 -0.3628089
  vertex -0.81770825 0.36629063 -0.44405332
 endloop
endfacet
facet normal -0.73153573 -0.1695892 0.6603749
 outer loop
  vertex -0.7675099 -0.18544519 0.6136276
  vertex -0.701677 -0.21999219 0.6776826
  vertex -0.691697 -0.15695672 0.704926
 endloop
endfacet
facet normal -0.7315356 -0.16958985 0.6603749
 outer loop
  vertex -0.7675099 -0.18544519 0.6136276
  vertex -0.691697 -0.15695672 0.704926
  vertex -0.7565998 -0.11653471 0.64341015
 endloop
endfacet
facet normal -0.7970617 0.34146464 -0.4980909
 outer loop
  vertex -0.7714968 0.31844372 -0.5508038
  vertex -0.8294435 0.29216874 -0.4760882
  vertex -0.81770825 0.36629063 -0.44405332
 endloop
endfacet
facet normal -0.7970619 0.34146425 -0.4980908
 outer loop
  vertex -0.7714968 0.31844372 -0.5508038
  vertex -0.81770825 0.36629063 -0.44405332
  vertex -0.7605867 0.38735417 -0.5210212
 endloop
endfacet
facet normal -0.79332095 -0.1313247 0.59447104
 outer loop
  vertex -0.82595193 -0.14911218 0.5436631
  vertex -0.7675099 -0.18544519 0.6136276
  vertex -0.7565998 -0.11653471 0.64341015
 endloop
endfacet
facet normal -0.79332113 -0.13132377 0.5944708
 outer loop
  vertex -0.82595193 -0.14911218 0.5436631
  vertex -0.7565998 -0.11653471 0.64341015
  vertex -0.8142167 -0.07499029 0.57569796
 endloop
endfacet
facet normal -0.7357535 0.36346495 -0.5714543
 outer loop
  vertex -0.7061209 0.34165198 -0.62021464
  vertex -0.7714968 0.31844372 -0.5508038
  vertex -0.7605867 0.38735417 -0.5210212
 endloop
endfacet
facet normal -0.7357533 0.36346534 -0.57145435
 outer loop
  vertex -0.7061209 0.34165198 -0.62021464
  vertex -0.7605867 0.38735417 -0.5210212
  vertex -0.6961409 0.40468746 -0.5929712
 endloop
endfacet
facet normal -0.84746575 -0.091798596 0.5228526
 outer loop
  vertex -0.8764387 -0.11134308 0.46846285
  vertex -0.82595193 -0.14911218 0.5436631
  vertex -0.8142167 -0.07499029 0.57569796
 endloop
endfacet
facet normal -0.8474658 -0.09179831 0.52285254
 outer loop
  vertex -0.8764387 -0.11134308 0.46846285
  vertex -0.8142167 -0.07499029 0.57569796
  vertex -0.8639913 -0.032723695 0.5024415
 endloop
endfacet
facet normal -0.66734 0.38197297 -0.6393388
 outer loop
  vertex -0.6339442 0.36156967 -0.68365264
  vertex -0.7061209 0.34165198 -0.62021464
  vertex -0.6961409 0.40468746 -0.5929712
 endloop
endfacet
facet normal -0.66733974 0.3819733 -0.63933873
 outer loop
  vertex -0.6339442 0.36156967 -0.68365264
  vertex -0.6961409 0.40468746 -0.5929712
  vertex -0.6249904 0.41812307 -0.65921074
 endloop
endfacet
facet normal -0.89344186 -0.0514026 0.4462279
 outer loop
  vertex -0.9184853 -0.07250175 0.388751
  vertex -0.8764387 -0.11134308 0.46846285
  vertex -0.8639913 -0.032723695 0.5024415
 endloop
endfacet
facet normal -0.89344174 -0.05140345 0.44622812
 outer loop
  vertex -0.9184853 -0.07250175 0.388751
  vertex -0.8639913 -0.032723695 0.5024415
  vertex -0.9054458 0.009858025 0.4243462
 endloop
endfacet
facet normal -0.5924867 0.396804 -0.7010749
 outer loop
  vertex -0.5556628 0.3780052 -0.74050677
  vertex -0.6339442 0.36156967 -0.68365264
  vertex -0.6249904 0.41812307 -0.65921074
 endloop
endfacet
facet normal -0.5924869 0.3968038 -0.70107496
 outer loop
  vertex -0.5556628 0.3780052 -0.74050677
  vertex -0.6249904 0.41812307 -0.65921074
  vertex -0.5478216 0.42753187 -0.7191017
 endloop
endfacet
facet normal -0.9308196 -0.010521178 0.36532772
 outer loop
  vertex -0.95168686 -0.03296195 0.30529532
  vertex -0.9184853 -0.07250175 0.388751
  vertex -0.9054458 0.009858025 0.4243462
 endloop
endfacet
facet normal -0.9308195 -0.010520993 0.3653276
 outer loop
  vertex -0.95168686 -0.03296195 0.30529532
  vertex -0.9054458 0.009858025 0.4243462
  vertex -0.93818074 0.05234509 0.34216434
 endloop
endfacet
facet normal -0.5118991 0.40781456 -0.7560731
 outer loop
  vertex -0.47202945 0.39080048 -0.79022914
  vertex -0.5556628 0.3780052 -0.74050677
  vertex -0.5478216 0.42753187 -0.7191017
 endloop
endfacet
facet normal -0.5118995 0.40781412 -0.7560732
 outer loop
  vertex -0.47202945 0.39080048 -0.79022914
  vertex -0.5478216 0.42753187 -0.7191017
  vertex -0.4653762 0.43282345 -0.7720672
 endloop
endfacet
facet normal -0.9592472 0.030459246 0.28092185
 outer loop
  vertex -0.97572285 0.006894997 0.21889952
  vertex -0.95168686 -0.03296195 0.30529532
  vertex -0.93818074 0.05234509 0.34216434
 endloop
endfacet
facet normal -0.95924723 0.030460631 0.28092137
 outer loop
  vertex -0.97572285 0.006894997 0.21889952
  vertex -0.93818074 0.05234509 0.34216434
  vertex -0.9618801 0.0943277 0.25668722
 endloop
endfacet
facet normal -0.42636397 0.41489407 -0.80378896
 outer loop
  vertex -0.38385007 0.3998321 -0.8323414
  vertex -0.47202945 0.39080048 -0.79022914
  vertex -0.4653762 0.43282345 -0.7720672
 endloop
endfacet
facet normal -0.42636344 0.41489506 -0.8037887
 outer loop
  vertex -0.38385007 0.3998321 -0.8323414
  vertex -0.4653762 0.43282345 -0.7720672
  vertex -0.37844893 0.4339466 -0.8175973
 endloop
endfacet
facet normal -0.97845286 0.07114324 0.1938261
 outer loop
  vertex -0.9903618 0.046685755 0.13039556
  vertex -0.97572285 0.006894997 0.21889952
  vertex -0.9618801 0.0943277 0.25668722
 endloop
endfacet
facet normal -0.9784529 0.07114276 0.1938263
 outer loop
  vertex -0.9903618 0.046685755 0.13039556
  vertex -0.9618801 0.0943277 0.25668722
  vertex -0.97631586 0.1354021 0.16873804
 endloop
endfacet
facet normal -0.14226791 -0.37362158 0.91660607
 outer loop
  vertex -0.1911235 -0.3727293 0.9080454
  vertex -0.09444536 -0.3867989 0.917316
  vertex -0.09306196 -0.3780611 0.9210924
 endloop
endfacet
facet normal -0.14226791 -0.3736249 0.91660476
 outer loop
  vertex -0.1911235 -0.3727293 0.9080454
  vertex -0.09306196 -0.3780611 0.9210924
  vertex -0.18837002 -0.35533786 0.91556185
 endloop
endfacet
facet normal -0.33670282 0.41797438 -0.8437587
 outer loop
  vertex -0.29197496 0.40501317 -0.8664377
  vertex -0.38385007 0.3998321 -0.8323414
  vertex -0.37844893 0.4339466 -0.8175973
 endloop
endfacet
facet normal -0.3367031 0.41797373 -0.8437589
 outer loop
  vertex -0.29197496 0.40501317 -0.8664377
  vertex -0.37844893 0.4339466 -0.8175973
  vertex -0.28787792 0.4308908 -0.8552536
 endloop
endfacet
facet normal -0.9882557 0.11113827 0.10487614
 outer loop
  vertex -0.9954631 0.08602688 0.040635813
  vertex -0.9903618 0.046685755 0.13039556
  vertex -0.97631586 0.1354021 0.16873804
 endloop
endfacet
facet normal -0.98825574 0.11113812 0.10487621
 outer loop
  vertex -0.9954631 0.08602688 0.040635813
  vertex -0.97631586 0.1354021 0.16873804
  vertex -0.9813492 0.17517246 0.07916381
 endloop
endfacet
facet normal -0.23767719 -0.3534057 0.9047729
 outer loop
  vertex -0.285961 -0.35507005 0.89003
  vertex -0.1911235 -0.3727293 0.9080454
  vertex -0.18837002 -0.35533786 0.91556185
 endloop
endfacet
facet normal -0.23767719 -0.35340548 0.90477294
 outer loop
  vertex -0.285961 -0.35507005 0.89003
  vertex -0.18837002 -0.35533786 0.91556185
  vertex -0.28186396 -0.32919243 0.9012141
 endloop
endfacet
facet normal -0.24377328 0.4170205 -0.87559605
 outer loop
  vertex -0.19728725 0.40629363 -0.8921897
  vertex -0.29197496 0.40501317 -0.8664377
  vertex -0.28787792 0.4308908 -0.8552536
 endloop
endfacet
facet normal -0.2437731 0.417021 -0.8755959
 outer loop
  vertex -0.19728725 0.40629363 -0.8921897
  vertex -0.28787792 0.4308908 -0.8552536
  vertex -0.19453375 0.42368507 -0.88467324
 endloop
endfacet
facet normal -0.9885636 0.150064 0.014922849
 outer loop
  vertex -0.99097776 0.12453927 -0.04951524
  vertex -0.9954631 0.08602688 0.040635813
  vertex -0.9813492 0.17517246 0.07916381
 endloop
endfacet
facet normal -0.98856366 0.15006416 0.014922795
 outer loop
  vertex -0.99097776 0.12453927 -0.04951524
  vertex -0.9813492 0.17517246 0.07916381
  vertex -0.9769318 0.21325561 -0.011172754
 endloop
endfacet
facet normal -0.33078668 -0.32977685 0.88421
 outer loop
  vertex -0.37804392 -0.3339914 0.86344296
  vertex -0.285961 -0.35507005 0.89003
  vertex -0.28186396 -0.32919243 0.9012141
 endloop
endfacet
facet normal -0.33078653 -0.3297777 0.88420975
 outer loop
  vertex -0.37804392 -0.3339914 0.86344296
  vertex -0.28186396 -0.32919243 0.9012141
  vertex -0.3726428 -0.2998769 0.878187
 endloop
endfacet
facet normal -0.14848348 0.41204268 -0.8989847
 outer loop
  vertex -0.10069962 0.40366128 -0.9093494
  vertex -0.19728725 0.40629363 -0.8921897
  vertex -0.19453375 0.42368507 -0.88467324
 endloop
endfacet
facet normal -0.14848451 0.4120394 -0.89898604
 outer loop
  vertex -0.10069962 0.40366128 -0.9093494
  vertex -0.19453375 0.42368507 -0.88467324
  vertex -0.09931622 0.41239908 -0.905573
 endloop
endfacet
facet normal -0.97937405 0.18754959 -0.07517698
 outer loop
  vertex -0.9769489 0.16185232 -0.13918954
  vertex -0.99097776 0.12453927 -0.04951524
  vertex -0.9769318 0.21325561 -0.011172754
 endloop
endfacet
facet normal -0.979374 0.18755016 -0.07517719
 outer loop
  vertex -0.9769489 0.16185232 -0.13918954
  vertex -0.9769318 0.21325561 -0.011172754
  vertex -0.96310616 0.24928501 -0.101401836
 endloop
endfacet
facet normal -0.5761961 -0.18819217 0.7953501
 outer loop
  vertex -0.6201324 -0.19586746 0.7596529
  vertex -0.54259616 -0.23289187 0.80706394
  vertex -0.5295043 -0.18430245 0.8280454
 endloop
endfacet
facet normal -0.57619613 -0.18819182 0.79535013
 outer loop
  vertex -0.6201324 -0.19586746 0.7596529
  vertex -0.5295043 -0.18430245 0.8280454
  vertex -0.60518306 -0.14038435 0.7836112
 endloop
endfacet
facet normal -0.87907 0.3678008 -0.30324668
 outer loop
  vertex -0.8669539 0.3416996 -0.3628089
  vertex -0.90785116 0.31381786 -0.27807057
  vertex -0.8860802 0.39461905 -0.24317968
 endloop
endfacet
facet normal -0.8790694 0.3678017 -0.30324697
 outer loop
  vertex -0.8669539 0.3416996 -0.3628089
  vertex -0.8860802 0.39461905 -0.24317968
  vertex -0.8461716 0.41883114 -0.3295026
 endloop
endfacet
facet normal -0.6500104 -0.1468235 0.7456066
 outer loop
  vertex -0.691697 -0.15695672 0.704926
  vertex -0.6201324 -0.19586746 0.7596529
  vertex -0.60518306 -0.14038435 0.7836112
 endloop
endfacet
facet normal -0.6500105 -0.14682329 0.7456066
 outer loop
  vertex -0.691697 -0.15695672 0.704926
  vertex -0.60518306 -0.14038435 0.7836112
  vertex -0.6750342 -0.09511413 0.7316303
 endloop
endfacet
facet normal -0.8345103 0.392035 -0.3871708
 outer loop
  vertex -0.81770825 0.36629063 -0.44405332
  vertex -0.8669539 0.3416996 -0.3628089
  vertex -0.8461716 0.41883114 -0.3295026
 endloop
endfacet
facet normal -0.8345107 0.39203432 -0.38717058
 outer loop
  vertex -0.81770825 0.36629063 -0.44405332
  vertex -0.8461716 0.41883114 -0.3295026
  vertex -0.7981149 0.4390098 -0.41265234
 endloop
endfacet
facet normal -0.7175521 -0.104047455 0.68868935
 outer loop
  vertex -0.7565998 -0.11653471 0.64341015
  vertex -0.691697 -0.15695672 0.704926
  vertex -0.6750342 -0.09511413 0.7316303
 endloop
endfacet
facet normal -0.71755224 -0.10404712 0.6886894
 outer loop
  vertex -0.7565998 -0.11653471 0.64341015
  vertex -0.6750342 -0.09511413 0.7316303
  vertex -0.73838395 -0.048928335 0.67260337
 endloop
endfacet
facet normal -0.78190535 0.4125048 -0.467401
 outer loop
  vertex -0.7605867 0.38735417 -0.5210212
  vertex -0.81770825 0.36629063 -0.44405332
  vertex -0.7981149 0.4390098 -0.41265234
 endloop
endfacet
facet normal -0.78190506 0.4125054 -0.46740115
 outer loop
  vertex -0.7605867 0.38735417 -0.5210212
  vertex -0.7981149 0.4390098 -0.41265234
  vertex -0.74237084 0.45496055 -0.49182796
 endloop
endfacet
facet normal -0.7781646 -0.060283277 0.6251606
 outer loop
  vertex -0.8142167 -0.07499029 0.57569796
  vertex -0.7565998 -0.11653471 0.64341015
  vertex -0.73838395 -0.048928335 0.67260337
 endloop
endfacet
facet normal -0.7781646 -0.06028326 0.6251606
 outer loop
  vertex -0.8142167 -0.07499029 0.57569796
  vertex -0.73838395 -0.048928335 0.67260337
  vertex -0.79462326 -0.0022711025 0.60709894
 endloop
endfacet
facet normal -0.7217699 0.4290074 -0.54313976
 outer loop
  vertex -0.6961409 0.40468746 -0.5929712
  vertex -0.7605867 0.38735417 -0.5210212
  vertex -0.74237084 0.45496055 -0.49182796
 endloop
endfacet
facet normal -0.7217706 0.42900643 -0.54313964
 outer loop
  vertex -0.6961409 0.40468746 -0.5929712
  vertex -0.74237084 0.45496055 -0.49182796
  vertex -0.6794781 0.46653005 -0.5662669
 endloop
endfacet
facet normal -0.83128214 -0.015943762 0.55562204
 outer loop
  vertex -0.8639913 -0.032723695 0.5024415
  vertex -0.8142167 -0.07499029 0.57569796
  vertex -0.79462326 -0.0022711025 0.60709894
 endloop
endfacet
facet normal -0.8312822 -0.015943257 0.555622
 outer loop
  vertex -0.8639913 -0.032723695 0.5024415
  vertex -0.79462326 -0.0022711025 0.60709894
  vertex -0.843209 0.044407874 0.53574777
 endloop
endfacet
facet normal -0.6546646 0.4413829 -0.61367357
 outer loop
  vertex -0.6249904 0.41812307 -0.65921074
  vertex -0.6961409 0.40468746 -0.5929712
  vertex -0.6794781 0.46653005 -0.5662669
 endloop
endfacet
facet normal -0.654664 0.44138375 -0.6136737
 outer loop
  vertex -0.6249904 0.41812307 -0.65921074
  vertex -0.6794781 0.46653005 -0.5662669
  vertex -0.6100411 0.47360617 -0.6352525
 endloop
endfacet
facet normal -0.87638676 0.028535103 0.4807618
 outer loop
  vertex -0.9054458 0.009858025 0.4243462
  vertex -0.8639913 -0.032723695 0.5024415
  vertex -0.843209 0.044407874 0.53574777
 endloop
endfacet
facet normal -0.87638664 0.02853386 0.4807621
 outer loop
  vertex -0.9054458 0.009858025 0.4243462
  vertex -0.843209 0.044407874 0.53574777
  vertex -0.88367486 0.0906592 0.45923707
 endloop
endfacet
facet normal -0.5812419 0.4495099 -0.67830575
 outer loop
  vertex -0.5478216 0.42753187 -0.7191017
  vertex -0.6249904 0.41812307 -0.65921074
  vertex -0.6100411 0.47360617 -0.6352525
 endloop
endfacet
facet normal -0.5812422 0.44950947 -0.6783058
 outer loop
  vertex -0.5478216 0.42753187 -0.7191017
  vertex -0.6100411 0.47360617 -0.6352525
  vertex -0.5347297 0.4761213 -0.69812024
 endloop
endfacet
facet normal -0.9130578 0.0727303 0.40129265
 outer loop
  vertex -0.93818074 0.05234509 0.34216434
  vertex -0.9054458 0.009858025 0.4243462
  vertex -0.88367486 0.0906592 0.45923707
 endloop
endfacet
facet normal -0.91305786 0.0727319 0.40129218
 outer loop
  vertex -0.93818074 0.05234509 0.34216434
  vertex -0.88367486 0.0906592 0.45923707
  vertex -0.9156306 0.13603775 0.3783038
 endloop
endfacet
facet normal -0.50219387 0.45330545 -0.73642075
 outer loop
  vertex -0.4653762 0.43282345 -0.7720672
  vertex -0.5478216 0.42753187 -0.7191017
  vertex -0.5347297 0.4761213 -0.69812024
 endloop
endfacet
facet normal -0.50219345 0.453306 -0.7364207
 outer loop
  vertex -0.4653762 0.43282345 -0.7720672
  vertex -0.5347297 0.4761213 -0.69812024
  vertex -0.45426783 0.47405112 -0.7542646
 endloop
endfacet
facet normal -0.94094926 0.11622555 0.31797203
 outer loop
  vertex -0.9618801 0.0943277 0.25668722
  vertex -0.93818074 0.05234509 0.34216434
  vertex -0.9156306 0.13603775 0.3783038
 endloop
endfacet
facet normal -0.9409492 0.11622466 0.31797233
 outer loop
  vertex -0.9618801 0.0943277 0.25668722
  vertex -0.9156306 0.13603775 0.3783038
  vertex -0.9387681 0.18010584 0.2937272
 endloop
endfacet
facet normal -0.418291 0.45273155 -0.7874433
 outer loop
  vertex -0.37844893 0.4339466 -0.8175973
  vertex -0.4653762 0.43282345 -0.7720672
  vertex -0.45426783 0.47405112 -0.7542646
 endloop
endfacet
facet normal -0.41829124 0.45273104 -0.78744334
 outer loop
  vertex -0.37844893 0.4339466 -0.8175973
  vertex -0.45426783 0.47405112 -0.7542646
  vertex -0.3694311 0.46741554 -0.80314505
 endloop
endfacet
facet normal -0.9597946 0.15859607 0.23160657
 outer loop
  vertex -0.97631586 0.1354021 0.16873804
  vertex -0.9618801 0.0943277 0.25668722
  vertex -0.9387681 0.18010584 0.2937272
 endloop
endfacet
facet normal -0.9597945 0.15859628 0.23160645
 outer loop
  vertex -0.97631586 0.1354021 0.16873804
  vertex -0.9387681 0.18010584 0.2937272
  vertex -0.9528645 0.22243953 0.2063218
 endloop
endfacet
facet normal -0.13949701 -0.36063725 0.92221546
 outer loop
  vertex -0.18837002 -0.35533786 0.91556185
  vertex -0.09306196 -0.3780611 0.9210924
  vertex -0.0907522 -0.36948863 0.9247941
 endloop
endfacet
facet normal -0.13949701 -0.36063743 0.9222154
 outer loop
  vertex -0.18837002 -0.35533786 0.91556185
  vertex -0.0907522 -0.36948863 0.9247941
  vertex -0.18377274 -0.3382755 0.9229296
 endloop
endfacet
facet normal -0.3303418 0.44778982 -0.83087814
 outer loop
  vertex -0.28787792 0.4308908 -0.8552536
  vertex -0.37844893 0.4339466 -0.8175973
  vertex -0.3694311 0.46741554 -0.80314505
 endloop
endfacet
facet normal -0.33034205 0.4477894 -0.83087826
 outer loop
  vertex -0.28787792 0.4308908 -0.8552536
  vertex -0.3694311 0.46741554 -0.80314505
  vertex -0.2810374 0.45627874 -0.8442908
 endloop
endfacet
facet normal -0.9694164 0.19944012 0.14302309
 outer loop
  vertex -0.9813492 0.17517246 0.07916381
  vertex -0.97631586 0.1354021 0.16873804
  vertex -0.9528645 0.22243953 0.2063218
 endloop
endfacet
facet normal -0.96941644 0.19943959 0.14302333
 outer loop
  vertex -0.9813492 0.17517246 0.07916381
  vertex -0.9528645 0.22243953 0.2063218
  vertex -0.9577844 0.26263103 0.11692943
 endloop
endfacet
facet normal -0.23308896 -0.33189997 0.91406345
 outer loop
  vertex -0.28186396 -0.32919243 0.9012141
  vertex -0.18837002 -0.35533786 0.91556185
  vertex -0.18377274 -0.3382755 0.9229296
 endloop
endfacet
facet normal -0.23308894 -0.33189937 0.9140637
 outer loop
  vertex -0.28186396 -0.32919243 0.9012141
  vertex -0.18377274 -0.3382755 0.9229296
  vertex -0.27502343 -0.30380452 0.9121769
 endloop
endfacet
facet normal -0.23918495 0.438526 -0.8663056
 outer loop
  vertex -0.19453375 0.42368507 -0.88467324
  vertex -0.28787792 0.4308908 -0.8552536
  vertex -0.2810374 0.45627874 -0.8442908
 endloop
endfacet
facet normal -0.23918425 0.4385273 -0.8663052
 outer loop
  vertex -0.19453375 0.42368507 -0.88467324
  vertex -0.2810374 0.45627874 -0.8442908
  vertex -0.18993647 0.4407474 -0.8773055
 endloop
endfacet
facet normal -0.96972436 0.23836571 0.053069275
 outer loop
  vertex -0.9769318 0.21325561 -0.011172754
  vertex -0.9813492 0.17517246 0.07916381
  vertex -0.9577844 0.26263103 0.11692943
 endloop
endfacet
facet normal -0.9697243 0.2383663 0.053069033
 outer loop
  vertex -0.9769318 0.21325561 -0.011172754
  vertex -0.9577844 0.26263103 0.11692943
  vertex -0.9534805 0.30029303 0.026411008
 endloop
endfacet
facet normal -0.324425 -0.2999606 0.89709085
 outer loop
  vertex -0.3726428 -0.2998769 0.878187
  vertex -0.28186396 -0.32919243 0.9012141
  vertex -0.27502343 -0.30380452 0.9121769
 endloop
endfacet
facet normal -0.32442498 -0.2999616 0.89709055
 outer loop
  vertex -0.3726428 -0.2998769 0.878187
  vertex -0.27502343 -0.30380452 0.9121769
  vertex -0.36362496 -0.26640797 0.8926393
 endloop
endfacet
facet normal -0.14571282 0.4250308 -0.89337367
 outer loop
  vertex -0.09931622 0.41239908 -0.905573
  vertex -0.19453375 0.42368507 -0.88467324
  vertex -0.18993647 0.4407474 -0.8773055
 endloop
endfacet
facet normal -0.1457131 0.42503014 -0.89337397
 outer loop
  vertex -0.09931622 0.41239908 -0.905573
  vertex -0.18993647 0.4407474 -0.8773055
  vertex -0.097006455 0.42097154 -0.9018713
 endloop
endfacet
facet normal -0.96071565 0.27500337 -0.037397202
 outer loop
  vertex -0.96310616 0.24928501 -0.101401836
  vertex -0.9769318 0.21325561 -0.011172754
  vertex -0.9534805 0.30029303 0.026411008
 endloop
endfacet
facet normal -0.9607157 0.2750031 -0.03739707
 outer loop
  vertex -0.96310616 0.24928501 -0.101401836
  vertex -0.9534805 0.30029303 0.026411008
  vertex -0.93999416 0.33506313 -0.06436187
 endloop
endfacet
facet normal -0.41261166 -0.26513606 0.8714668
 outer loop
  vertex -0.45983353 -0.26767328 0.84670264
  vertex -0.3726428 -0.2998769 0.878187
  vertex -0.36362496 -0.26640797 0.8926393
 endloop
endfacet
facet normal -0.41261175 -0.2651356 0.8714669
 outer loop
  vertex -0.45983353 -0.26767328 0.84670264
  vertex -0.36362496 -0.26640797 0.8926393
  vertex -0.44872516 -0.22644559 0.86450523
 endloop
endfacet
facet normal -0.9424747 0.30900136 -0.12751302
 outer loop
  vertex -0.94000506 0.2829138 -0.19065431
  vertex -0.96310616 0.24928501 -0.101401836
  vertex -0.93999416 0.33506313 -0.06436187
 endloop
endfacet
facet normal -0.9424744 0.3090022 -0.1275134
 outer loop
  vertex -0.94000506 0.2829138 -0.19065431
  vertex -0.93999416 0.33506313 -0.06436187
  vertex -0.9174549 0.36660647 -0.15451485
 endloop
endfacet
facet normal -0.49680528 -0.22775856 0.8374428
 outer loop
  vertex -0.54259616 -0.23289187 0.80706394
  vertex -0.45983353 -0.26767328 0.84670264
  vertex -0.44872516 -0.22644559 0.86450523
 endloop
endfacet
facet normal -0.49680516 -0.22775933 0.83744276
 outer loop
  vertex -0.54259616 -0.23289187 0.80706394
  vertex -0.44872516 -0.22644559 0.86450523
  vertex -0.5295043 -0.18430245 0.8280454
 endloop
endfacet
facet normal -0.9151736 0.34003392 -0.21641253
 outer loop
  vertex -0.90785116 0.31381786 -0.27807057
  vertex -0.94000506 0.2829138 -0.19065431
  vertex -0.9174549 0.36660647 -0.15451485
 endloop
endfacet
facet normal -0.91517425 0.34003243 -0.21641195
 outer loop
  vertex -0.90785116 0.31381786 -0.27807057
  vertex -0.9174549 0.36660647 -0.15451485
  vertex -0.8860802 0.39461905 -0.24317968
 endloop
endfacet
facet normal -0.888609 0.42129672 -0.18133718
 outer loop
  vertex -0.8860802 0.39461905 -0.24317968
  vertex -0.9174549 0.36660647 -0.15451485
  vertex -0.88607806 0.44787878 -0.119453005
 endloop
endfacet
facet normal -0.88860804 0.42129844 -0.1813379
 outer loop
  vertex -0.8860802 0.39461905 -0.24317968
  vertex -0.88607806 0.44787878 -0.119453005
  vertex -0.8557872 0.47308356 -0.20932916
 endloop
endfacet
facet normal -0.55937773 -0.13674386 0.81755596
 outer loop
  vertex -0.60518306 -0.14038435 0.7836112
  vertex -0.5295043 -0.18430245 0.8280454
  vertex -0.51128787 -0.1371182 0.84840125
 endloop
endfacet
facet normal -0.55937785 -0.13674308 0.81755596
 outer loop
  vertex -0.60518306 -0.14038435 0.7836112
  vertex -0.51128787 -0.1371182 0.84840125
  vertex -0.58438206 -0.08650577 0.806855
 endloop
endfacet
facet normal -0.8535615 0.44583154 -0.26956823
 outer loop
  vertex -0.8461716 0.41883114 -0.3295026
  vertex -0.8860802 0.39461905 -0.24317968
  vertex -0.8557872 0.47308356 -0.20932916
 endloop
endfacet
facet normal -0.8535619 0.44583088 -0.26956794
 outer loop
  vertex -0.8461716 0.41883114 -0.3295026
  vertex -0.8557872 0.47308356 -0.20932916
  vertex -0.8172545 0.4937321 -0.29718944
 endloop
endfacet
facet normal -0.63105255 -0.088830225 0.77063733
 outer loop
  vertex -0.6750342 -0.09511413 0.7316303
  vertex -0.60518306 -0.14038435 0.7836112
  vertex -0.58438206 -0.08650577 0.806855
 endloop
endfacet
facet normal -0.63105243 -0.088830695 0.7706373
 outer loop
  vertex -0.6750342 -0.09511413 0.7316303
  vertex -0.58438206 -0.08650577 0.806855
  vertex -0.651849 -0.035060033 0.75753844
 endloop
endfacet
facet normal -0.81030554 0.4660787 -0.3552121
 outer loop
  vertex -0.7981149 0.4390098 -0.41265234
  vertex -0.8461716 0.41883114 -0.3295026
  vertex -0.8172545 0.4937321 -0.29718944
 endloop
endfacet
facet normal -0.81030536 0.466079 -0.35521218
 outer loop
  vertex -0.7981149 0.4390098 -0.41265234
  vertex -0.8172545 0.4937321 -0.29718944
  vertex -0.77085197 0.509626 -0.38218766
 endloop
endfacet
facet normal -0.696638 -0.040069394 0.716303
 outer loop
  vertex -0.73838395 -0.048928335 0.67260337
  vertex -0.6750342 -0.09511413 0.7316303
  vertex -0.651849 -0.035060033 0.75753844
 endloop
endfacet
facet normal -0.6966379 -0.04006957 0.71630305
 outer loop
  vertex -0.73838395 -0.048928335 0.67260337
  vertex -0.651849 -0.035060033 0.75753844
  vertex -0.7130379 0.0167229 0.70092607
 endloop
endfacet
facet normal -0.75923634 0.48185006 -0.43747088
 outer loop
  vertex -0.74237084 0.45496055 -0.49182796
  vertex -0.7981149 0.4390098 -0.41265234
  vertex -0.77085197 0.509626 -0.38218766
 endloop
endfacet
facet normal -0.75923693 0.48184922 -0.43747064
 outer loop
  vertex -0.74237084 0.45496055 -0.49182796
  vertex -0.77085197 0.509626 -0.38218766
  vertex -0.7170248 0.5206118 -0.46350524
 endloop
endfacet
facet normal -0.75549585 0.009061419 0.65509075
 outer loop
  vertex -0.79462326 -0.0022711025 0.60709894
  vertex -0.73838395 -0.048928335 0.67260337
  vertex -0.7130379 0.0167229 0.70092607
 endloop
endfacet
facet normal -0.75549597 0.009061953 0.6550907
 outer loop
  vertex -0.79462326 -0.0022711025 0.60709894
  vertex -0.7130379 0.0167229 0.70092607
  vertex -0.7673603 0.06834507 0.6375636
 endloop
endfacet
facet normal -0.7008564 0.49298415 -0.5155259
 outer loop
  vertex -0.6794781 0.46653005 -0.5662669
  vertex -0.74237084 0.45496055 -0.49182796
  vertex -0.7170248 0.5206118 -0.46350524
 endloop
endfacet
facet normal -0.7008551 0.49298579 -0.5155263
 outer loop
  vertex -0.6794781 0.46653005 -0.5662669
  vertex -0.7170248 0.5206118 -0.46350524
  vertex -0.65629286 0.52658415 -0.5403588
 endloop
endfacet
facet normal -0.80707717 0.058100764 0.58758044
 outer loop
  vertex -0.843209 0.044407874 0.53574777
  vertex -0.79462326 -0.0022711025 0.60709894
  vertex -0.7673603 0.06834507 0.6375636
 endloop
endfacet
facet normal -0.8070771 0.05810036 0.5875805
 outer loop
  vertex -0.843209 0.044407874 0.53574777
  vertex -0.7673603 0.06834507 0.6375636
  vertex -0.8142919 0.119308785 0.56806093
 endloop
endfacet
facet normal -0.63570595 0.49937698 -0.588643
 outer loop
  vertex -0.6100411 0.47360617 -0.6352525
  vertex -0.6794781 0.46653005 -0.5662669
  vertex -0.65629286 0.52658415 -0.5403588
 endloop
endfacet
facet normal -0.635707 0.4993758 -0.58864284
 outer loop
  vertex -0.6100411 0.47360617 -0.6352525
  vertex -0.65629286 0.52658415 -0.5403588
  vertex -0.5892401 0.5274848 -0.61200863
 endloop
endfacet
facet normal -0.85087866 0.10656416 0.5144411
 outer loop
  vertex -0.88367486 0.0906592 0.45923707
  vertex -0.843209 0.044407874 0.53574777
  vertex -0.8142919 0.119308785 0.56806093
 endloop
endfacet
facet normal -0.85087866 0.106565036 0.5144408
 outer loop
  vertex -0.88367486 0.0906592 0.45923707
  vertex -0.8142919 0.119308785 0.56806093
  vertex -0.8533819 0.16912363 0.4930876
 endloop
endfacet
facet normal -0.56442386 0.50095725 -0.6561003
 outer loop
  vertex -0.5347297 0.4761213 -0.69812024
  vertex -0.6100411 0.47360617 -0.6352525
  vertex -0.5892401 0.5274848 -0.61200863
 endloop
endfacet
facet normal -0.56442434 0.5009568 -0.6561003
 outer loop
  vertex -0.5347297 0.4761213 -0.69812024
  vertex -0.5892401 0.5274848 -0.61200863
  vertex -0.5165133 0.52330554 -0.6777644
 endloop
endfacet
facet normal -0.8864924 0.15399641 0.4363673
 outer loop
  vertex -0.9156306 0.13603775 0.3783038
  vertex -0.88367486 0.0906592 0.45923707
  vertex -0.8533819 0.16912363 0.4930876
 endloop
endfacet
facet normal -0.88649243 0.15399423 0.436368
 outer loop
  vertex -0.9156306 0.13603775 0.3783038
  vertex -0.8533819 0.16912363 0.4930876
  vertex -0.88425374 0.21731006 0.41336563
 endloop
endfacet
facet normal -0.48767778 0.4977101 -0.7172552
 outer loop
  vertex -0.45426783 0.47405112 -0.7542646
  vertex -0.5347297 0.4761213 -0.69812024
  vertex -0.5165133 0.52330554 -0.6777644
 endloop
endfacet
facet normal -0.48767734 0.49771056 -0.7172552
 outer loop
  vertex -0.45426783 0.47405112 -0.7542646
  vertex -0.5165133 0.52330554 -0.6777644
  vertex -0.4388113 0.51408654 -0.73699284
 endloop
endfacet
facet normal -0.91358215 0.1999417 0.35410577
 outer loop
  vertex -0.9387681 0.18010584 0.2937272
  vertex -0.9156306 0.13603775 0.3783038
  vertex -0.88425374 0.21731006 0.41336563
 endloop
endfacet
facet normal -0.9135821 0.19994307 0.35410532
 outer loop
  vertex -0.9387681 0.18010584 0.2937272
  vertex -0.88425374 0.21731006 0.41336563
  vertex -0.9066093 0.26340324 0.3296627
 endloop
endfacet
facet normal -0.40621778 0.48966432 -0.7715024
 outer loop
  vertex -0.3694311 0.46741554 -0.80314505
  vertex -0.45426783 0.47405112 -0.7542646
  vertex -0.4388113 0.51408654 -0.73699284
 endloop
endfacet
facet normal -0.4062174 0.48966485 -0.7715023
 outer loop
  vertex -0.3694311 0.46741554 -0.80314505
  vertex -0.4388113 0.51408654 -0.73699284
  vertex -0.35688338 0.49991655 -0.7891237
 endloop
endfacet
facet normal -0.9318883 0.24396251 0.2684519
 outer loop
  vertex -0.9528645 0.22243953 0.2063218
  vertex -0.9387681 0.18010584 0.2937272
  vertex -0.9066093 0.26340324 0.3296627
 endloop
endfacet
facet normal -0.9318884 0.24396244 0.26845193
 outer loop
  vertex -0.9528645 0.22243953 0.2063218
  vertex -0.9066093 0.26340324 0.3296627
  vertex -0.9202336 0.30695987 0.24278489
 endloop
endfacet
facet normal -0.13535254 -0.3479593 0.92768747
 outer loop
  vertex -0.18377274 -0.3382755 0.9229296
  vertex -0.0907522 -0.36948863 0.9247941
  vertex -0.08753834 -0.3611641 0.9283854
 endloop
endfacet
facet normal -0.13535209 -0.34795716 0.9276883
 outer loop
  vertex -0.18377274 -0.3382755 0.9229296
  vertex -0.08753834 -0.3611641 0.9283854
  vertex -0.17737596 -0.3217066 0.93007755
 endloop
endfacet
facet normal -0.32082766 0.4768943 -0.8183162
 outer loop
  vertex -0.2810374 0.45627874 -0.8442908
  vertex -0.3694311 0.46741554 -0.80314505
  vertex -0.35688338 0.49991655 -0.7891237
 endloop
endfacet
facet normal -0.32082748 0.4768946 -0.81831616
 outer loop
  vertex -0.2810374 0.45627874 -0.8442908
  vertex -0.35688338 0.49991655 -0.7891237
  vertex -0.2715193 0.4809324 -0.8336549
 endloop
endfacet
facet normal -0.94123936 0.28563422 0.18022631
 outer loop
  vertex -0.9577844 0.26263103 0.11692943
  vertex -0.9528645 0.22243953 0.2063218
  vertex -0.9202336 0.30695987 0.24278489
 endloop
endfacet
facet normal -0.94123936 0.28563413 0.18022631
 outer loop
  vertex -0.9577844 0.26263103 0.11692943
  vertex -0.9202336 0.30695987 0.24278489
  vertex -0.9249956 0.34756035 0.15356895
 endloop
endfacet
facet normal -0.22622581 -0.31090486 0.92312515
 outer loop
  vertex -0.27502343 -0.30380452 0.9121769
  vertex -0.18377274 -0.3382755 0.9229296
  vertex -0.17737596 -0.3217066 0.93007755
 endloop
endfacet
facet normal -0.2262262 -0.31090805 0.92312396
 outer loop
  vertex -0.27502343 -0.30380452 0.9121769
  vertex -0.17737596 -0.3217066 0.93007755
  vertex -0.26550534 -0.27915084 0.9228128
 endloop
endfacet
facet normal -0.23232193 0.4595194 -0.85724473
 outer loop
  vertex -0.18993647 0.4407474 -0.8773055
  vertex -0.2810374 0.45627874 -0.8442908
  vertex -0.2715193 0.4809324 -0.8336549
 endloop
endfacet
facet normal -0.23232219 0.45951906 -0.8572448
 outer loop
  vertex -0.18993647 0.4407474 -0.8773055
  vertex -0.2715193 0.4809324 -0.8336549
  vertex -0.18353969 0.4573163 -0.8701575
 endloop
endfacet
facet normal -0.9415474 0.3245606 0.09027164
 outer loop
  vertex -0.9534805 0.30029303 0.026411008
  vertex -0.9577844 0.26263103 0.11692943
  vertex -0.9249956 0.34756035 0.15356895
 endloop
endfacet
facet normal -0.94154745 0.32456064 0.09027163
 outer loop
  vertex -0.9534805 0.30029303 0.026411008
  vertex -0.9249956 0.34756035 0.15356895
  vertex -0.92084956 0.38481337 0.06287409
 endloop
endfacet
facet normal -0.3149109 -0.27085754 0.90965235
 outer loop
  vertex -0.36362496 -0.26640797 0.8926393
  vertex -0.27502343 -0.30380452 0.9121769
  vertex -0.26550534 -0.27915084 0.9228128
 endloop
endfacet
facet normal -0.31491086 -0.270857 0.9096525
 outer loop
  vertex -0.36362496 -0.26640797 0.8926393
  vertex -0.26550534 -0.27915084 0.9228128
  vertex -0.35107723 -0.23390695 0.9066606
 endloop
endfacet
facet normal -0.14156881 0.43770766 -0.88790214
 outer loop
  vertex -0.097006455 0.42097154 -0.9018713
  vertex -0.18993647 0.4407474 -0.8773055
  vertex -0.18353969 0.4573163 -0.8701575
 endloop
endfacet
facet normal -0.14156918 0.4377069 -0.8879025
 outer loop
  vertex -0.097006455 0.42097154 -0.9018713
  vertex -0.18353969 0.4573163 -0.8701575
  vertex -0.093792595 0.42929608 -0.89828
 endloop
endfacet
facet normal -0.9328095 0.36036953 -0.0005518108
 outer loop
  vertex -0.93999416 0.33506313 -0.06436187
  vertex -0.9534805 0.30029303 0.026411008
  vertex -0.92084956 0.38481337 0.06287409
 endloop
endfacet
facet normal -0.9328095 0.36036953 -0.00055181445
 outer loop
  vertex -0.93999416 0.33506313 -0.06436187
  vertex -0.92084956 0.38481337 0.06287409
  vertex -0.90783536 0.41836056 -0.028426338
 endloop
endfacet
facet normal -0.4005382 -0.22820215 0.88740796
 outer loop
  vertex -0.44872516 -0.22644559 0.86450523
  vertex -0.36362496 -0.26640797 0.8926393
  vertex -0.35107723 -0.23390695 0.9066606
 endloop
endfacet
facet normal -0.4005382 -0.22820233 0.887408
 outer loop
  vertex -0.44872516 -0.22644559 0.86450523
  vertex -0.35107723 -0.23390695 0.9066606
  vertex -0.43326864 -0.1864102 0.881777
 endloop
endfacet
facet normal -0.9151072 0.39271942 -0.0913797
 outer loop
  vertex -0.9174549 0.36660647 -0.15451485
  vertex -0.93999416 0.33506313 -0.06436187
  vertex -0.90783536 0.41836056 -0.028426338
 endloop
endfacet
facet normal -0.9151078 0.39271817 -0.091379136
 outer loop
  vertex -0.9174549 0.36660647 -0.15451485
  vertex -0.90783536 0.41836056 -0.028426338
  vertex -0.88607806 0.44787878 -0.119453005
 endloop
endfacet
facet normal -0.48228896 -0.18335351 0.85660887
 outer loop
  vertex -0.5295043 -0.18430245 0.8280454
  vertex -0.44872516 -0.22644559 0.86450523
  vertex -0.43326864 -0.1864102 0.881777
 endloop
endfacet
facet normal -0.48228896 -0.1833535 0.856609
 outer loop
  vertex -0.5295043 -0.18430245 0.8280454
  vertex -0.43326864 -0.1864102 0.881777
  vertex -0.51128787 -0.1371182 0.84840125
 endloop
endfacet
facet normal -0.778312 0.5375991 -0.32437265
 outer loop
  vertex -0.77085197 0.509626 -0.38218766
  vertex -0.8172545 0.4937321 -0.29718944
  vertex -0.780481 0.56568104 -0.26618057
 endloop
endfacet
facet normal -0.7783128 0.5375982 -0.32437226
 outer loop
  vertex -0.77085197 0.509626 -0.38218766
  vertex -0.780481 0.56568104 -0.26618057
  vertex -0.7361822 0.57745904 -0.3529527
 endloop
endfacet
facet normal -0.66899467 0.021726664 0.7429496
 outer loop
  vertex -0.7130379 0.0167229 0.70092607
  vertex -0.651849 -0.035060033 0.75753844
  vertex -0.62236476 0.022627247 0.7824007
 endloop
endfacet
facet normal -0.66899467 0.021727215 0.7429496
 outer loop
  vertex -0.7130379 0.0167229 0.70092607
  vertex -0.62236476 0.022627247 0.7824007
  vertex -0.6808056 0.0797867 0.7281056
 endloop
endfacet
facet normal -0.7292744 0.5488301 -0.40858826
 outer loop
  vertex -0.7170248 0.5206118 -0.46350524
  vertex -0.77085197 0.509626 -0.38218766
  vertex -0.7361822 0.57745904 -0.3529527
 endloop
endfacet
facet normal -0.7292733 0.54883134 -0.40858865
 outer loop
  vertex -0.7170248 0.5206118 -0.46350524
  vertex -0.7361822 0.57745904 -0.3529527
  vertex -0.6847925 0.5836756 -0.43632573
 endloop
endfacet
facet normal -0.72553337 0.07604257 0.68397284
 outer loop
  vertex -0.7673603 0.06834507 0.6375636
  vertex -0.7130379 0.0167229 0.70092607
  vertex -0.6808056 0.0797867 0.7281056
 endloop
endfacet
facet normal -0.7255333 0.07604129 0.68397295
 outer loop
  vertex -0.7673603 0.06834507 0.6375636
  vertex -0.6808056 0.0797867 0.7281056
  vertex -0.7326906 0.13617814 0.6667986
 endloop
endfacet
facet normal -0.6732117 0.5547819 -0.48887944
 outer loop
  vertex -0.65629286 0.52658415 -0.5403588
  vertex -0.7170248 0.5206118 -0.46350524
  vertex -0.6847925 0.5836756 -0.43632573
 endloop
endfacet
facet normal -0.6732127 0.5547809 -0.48887917
 outer loop
  vertex -0.65629286 0.52658415 -0.5403588
  vertex -0.6847925 0.5836756 -0.43632573
  vertex -0.62680864 0.58427143 -0.5154965
 endloop
endfacet
facet normal -0.7750844 0.12961942 0.6184197
 outer loop
  vertex -0.8142919 0.119308785 0.56806093
  vertex -0.7673603 0.06834507 0.6375636
  vertex -0.7326906 0.13617814 0.6667986
 endloop
endfacet
facet normal -0.7750844 0.12962042 0.6184196
 outer loop
  vertex -0.8142919 0.119308785 0.56806093
  vertex -0.7326906 0.13617814 0.6667986
  vertex -0.7775184 0.19125776 0.59906983
 endloop
endfacet
facet normal -0.6106495 0.5553912 -0.56448895
 outer loop
  vertex -0.5892401 0.5274848 -0.61200863
  vertex -0.65629286 0.52658415 -0.5403588
  vertex -0.62680864 0.58427143 -0.5154965
 endloop
endfacet
facet normal -0.61064893 0.5553918 -0.56448907
 outer loop
  vertex -0.5892401 0.5274848 -0.61200863
  vertex -0.62680864 0.58427143 -0.5154965
  vertex -0.5627878 0.5792399 -0.58970296
 endloop
endfacet
facet normal -0.8171637 0.18193397 0.54694
 outer loop
  vertex -0.8533819 0.16912363 0.4930876
  vertex -0.8142919 0.119308785 0.56806093
  vertex -0.7775184 0.19125776 0.59906983
 endloop
endfacet
facet normal -0.81716377 0.18193366 0.54694015
 outer loop
  vertex -0.8533819 0.16912363 0.4930876
  vertex -0.7775184 0.19125776 0.59906983
  vertex -0.8148589 0.24449562 0.5255717
 endloop
endfacet
facet normal -0.54219407 0.55065185 -0.63467175
 outer loop
  vertex -0.5165133 0.52330554 -0.6777644
  vertex -0.5892401 0.5274848 -0.61200863
  vertex -0.5627878 0.5792399 -0.58970296
 endloop
endfacet
facet normal -0.5421939 0.55065197 -0.63467175
 outer loop
  vertex -0.5165133 0.52330554 -0.6777644
  vertex -0.5627878 0.5792399 -0.58970296
  vertex -0.49334764 0.56863016 -0.6582302
 endloop
endfacet
facet normal -0.85137933 0.23248863 0.47021505
 outer loop
  vertex -0.88425374 0.21731006 0.41336563
  vertex -0.8533819 0.16912363 0.4930876
  vertex -0.8148589 0.24449562 0.5255717
 endloop
endfacet
facet normal -0.8513793 0.23248944 0.47021484
 outer loop
  vertex -0.88425374 0.21731006 0.41336563
  vertex -0.8148589 0.24449562 0.5255717
  vertex -0.8443521 0.29537928 0.44701225
 endloop
endfacet
facet normal -0.46849036 0.5406028 -0.6987599
 outer loop
  vertex -0.4388113 0.51408654 -0.73699284
  vertex -0.5165133 0.52330554 -0.6777644
  vertex -0.49334764 0.56863016 -0.6582302
 endloop
endfacet
facet normal -0.46849057 0.54060256 -0.6987599
 outer loop
  vertex -0.4388113 0.51408654 -0.73699284
  vertex -0.49334764 0.56863016 -0.6582302
  vertex -0.41915545 0.5525441 -0.7204182
 endloop
endfacet
facet normal -0.8774091 0.280807 0.38897398
 outer loop
  vertex -0.9066093 0.26340324 0.3296627
  vertex -0.88425374 0.21731006 0.41336563
  vertex -0.8443521 0.29537928 0.44701225
 endloop
endfacet
facet normal -0.8774093 0.28080583 0.38897437
 outer loop
  vertex -0.9066093 0.26340324 0.3296627
  vertex -0.8443521 0.29537928 0.44701225
  vertex -0.86571354 0.34341776 0.3641477
 endloop
endfacet
facet normal -0.3902591 0.5253392 -0.75611943
 outer loop
  vertex -0.35688338 0.49991655 -0.7891237
  vertex -0.4388113 0.51408654 -0.73699284
  vertex -0.41915545 0.5525441 -0.7204182
 endloop
endfacet
facet normal -0.39026046 0.5253379 -0.7561196
 outer loop
  vertex -0.35688338 0.49991655 -0.7891237
  vertex -0.41915545 0.5525441 -0.7204182
  vertex -0.34092665 0.5311367 -0.7756684
 endloop
endfacet
facet normal -0.89500344 0.32641783 0.304007
 outer loop
  vertex -0.9202336 0.30695987 0.24278489
  vertex -0.9066093 0.26340324 0.3296627
  vertex -0.86571354 0.34341776 0.3641477
 endloop
endfacet
facet normal -0.8950034 0.32641825 0.30400684
 outer loop
  vertex -0.9202336 0.30695987 0.24278489
  vertex -0.86571354 0.34341776 0.3641477
  vertex -0.8787374 0.38814914 0.27777618
 endloop
endfacet
facet normal -0.12987542 -0.33571425 0.9329675
 outer loop
  vertex -0.17737596 -0.3217066 0.93007755
  vertex -0.08753834 -0.3611641 0.9283854
  vertex -0.08345131 -0.35316765 0.9318317
 endloop
endfacet
facet normal -0.12987618 -0.33571652 0.93296653
 outer loop
  vertex -0.17737596 -0.3217066 0.93007755
  vertex -0.08345131 -0.35316765 0.9318317
  vertex -0.16924128 -0.30579072 0.9369371
 endloop
endfacet
facet normal -0.30825278 0.505005 -0.8061949
 outer loop
  vertex -0.2715193 0.4809324 -0.8336549
  vertex -0.35688338 0.49991655 -0.7891237
  vertex -0.34092665 0.5311367 -0.7756684
 endloop
endfacet
facet normal -0.3082519 0.50500596 -0.80619454
 outer loop
  vertex -0.2715193 0.4809324 -0.8336549
  vertex -0.34092665 0.5311367 -0.7756684
  vertex -0.25941527 0.5046145 -0.8234483
 endloop
endfacet
facet normal -0.9039965 0.36888972 0.21612646
 outer loop
  vertex -0.9249956 0.34756035 0.15356895
  vertex -0.9202336 0.30695987 0.24278489
  vertex -0.8787374 0.38814914 0.27777618
 endloop
endfacet
facet normal -0.9039963 0.36889035 0.21612622
 outer loop
  vertex -0.9249956 0.34756035 0.15356895
  vertex -0.8787374 0.38814914 0.27777618
  vertex -0.8832986 0.42914242 0.18872952
 endloop
endfacet
facet normal -0.21715651 -0.29063308 0.93186665
 outer loop
  vertex -0.26550534 -0.27915084 0.9228128
  vertex -0.17737596 -0.3217066 0.93007755
  vertex -0.16924128 -0.30579072 0.9369371
 endloop
endfacet
facet normal -0.21715586 -0.29063016 0.9318677
 outer loop
  vertex -0.26550534 -0.27915084 0.9228128
  vertex -0.16924128 -0.30579072 0.9369371
  vertex -0.2534013 -0.2554688 0.9330194
 endloop
endfacet
facet normal -0.22325182 0.47979558 -0.8485015
 outer loop
  vertex -0.18353969 0.4573163 -0.8701575
  vertex -0.2715193 0.4809324 -0.8336549
  vertex -0.25941527 0.5046145 -0.8234483
 endloop
endfacet
facet normal -0.2232523 0.47979486 -0.84850174
 outer loop
  vertex -0.18353969 0.4573163 -0.8701575
  vertex -0.25941527 0.5046145 -0.8234483
  vertex -0.17540501 0.4732322 -0.863298
 endloop
endfacet
facet normal -0.90430427 0.40781668 0.12617168
 outer loop
  vertex -0.92084956 0.38481337 0.06287409
  vertex -0.9249956 0.34756035 0.15356895
  vertex -0.8832986 0.42914242 0.18872952
 endloop
endfacet
facet normal -0.9043045 0.40781614 0.12617193
 outer loop
  vertex -0.92084956 0.38481337 0.06287409
  vertex -0.8832986 0.42914242 0.18872952
  vertex -0.87935334 0.46600264 0.09786537
 endloop
endfacet
facet normal -0.3023353 -0.24274455 0.9217747
 outer loop
  vertex -0.35107723 -0.23390695 0.9066606
  vertex -0.26550534 -0.27915084 0.9228128
  vertex -0.2534013 -0.2554688 0.9330194
 endloop
endfacet
facet normal -0.3023352 -0.24274428 0.9217747
 outer loop
  vertex -0.35107723 -0.23390695 0.9066606
  vertex -0.2534013 -0.2554688 0.9330194
  vertex -0.3351205 -0.20268685 0.92011595
 endloop
endfacet
facet normal -0.13609158 0.44995213 -0.8826223
 outer loop
  vertex -0.093792595 0.42929608 -0.89828
  vertex -0.18353969 0.4573163 -0.8701575
  vertex -0.17540501 0.4732322 -0.863298
 endloop
endfacet
facet normal -0.1360908 0.44995317 -0.88262194
 outer loop
  vertex -0.093792595 0.42929608 -0.89828
  vertex -0.17540501 0.4732322 -0.863298
  vertex -0.089705564 0.43729252 -0.8948337
 endloop
endfacet
facet normal -0.8959244 0.44282532 0.03500322
 outer loop
  vertex -0.90783536 0.41836056 -0.028426338
  vertex -0.92084956 0.38481337 0.06287409
  vertex -0.87935334 0.46600264 0.09786537
 endloop
endfacet
facet normal -0.8959245 0.44282502 0.035003338
 outer loop
  vertex -0.90783536 0.41836056 -0.028426338
  vertex -0.87935334 0.46600264 0.09786537
  vertex -0.8669396 0.49837506 0.0060586436
 endloop
endfacet
facet normal -0.38457954 -0.19252723 0.90279114
 outer loop
  vertex -0.43326864 -0.1864102 0.881777
  vertex -0.35107723 -0.23390695 0.9066606
  vertex -0.3351205 -0.20268685 0.92011595
 endloop
endfacet
facet normal -0.38457963 -0.19252743 0.9027911
 outer loop
  vertex -0.43326864 -0.1864102 0.881777
  vertex -0.3351205 -0.20268685 0.92011595
  vertex -0.41361278 -0.14795268 0.89835155
 endloop
endfacet
facet normal -0.87893474 0.4735824 -0.056510266
 outer loop
  vertex -0.88607806 0.44787878 -0.119453005
  vertex -0.90783536 0.41836056 -0.028426338
  vertex -0.8669396 0.49837506 0.0060586436
 endloop
endfacet
facet normal -0.87893414 0.47358346 -0.056510776
 outer loop
  vertex -0.88607806 0.44787878 -0.119453005
  vertex -0.8669396 0.49837506 0.0060586436
  vertex -0.84617645 0.525948 -0.08580641
 endloop
endfacet
facet normal -0.46310207 -0.1404614 0.87510407
 outer loop
  vertex -0.51128787 -0.1371182 0.84840125
  vertex -0.43326864 -0.1864102 0.881777
  vertex -0.41361278 -0.14795268 0.89835155
 endloop
endfacet
facet normal -0.46310207 -0.14046173 0.87510395
 outer loop
  vertex -0.51128787 -0.1371182 0.84840125
  vertex -0.41361278 -0.14795268 0.89835155
  vertex -0.48812222 -0.0917936 0.8679354
 endloop
endfacet
facet normal -0.8534951 0.49979252 -0.14749105
 outer loop
  vertex -0.8557872 0.47308356 -0.20932916
  vertex -0.88607806 0.44787878 -0.119453005
  vertex -0.84617645 0.525948 -0.08580641
 endloop
endfacet
facet normal -0.8534953 0.4997922 -0.1474909
 outer loop
  vertex -0.8557872 0.47308356 -0.20932916
  vertex -0.84617645 0.525948 -0.08580641
  vertex -0.8172642 0.54845554 -0.17684503
 endloop
endfacet
facet normal -0.537148 -0.08704936 0.8389841
 outer loop
  vertex -0.58438206 -0.08650577 0.806855
  vertex -0.51128787 -0.1371182 0.84840125
  vertex -0.48812222 -0.0917936 0.8679354
 endloop
endfacet
facet normal -0.53714806 -0.087050155 0.8389841
 outer loop
  vertex -0.58438206 -0.08650577 0.806855
  vertex -0.48812222 -0.0917936 0.8679354
  vertex -0.55792975 -0.034750625 0.8291607
 endloop
endfacet
facet normal -0.8198466 0.5212007 -0.23706841
 outer loop
  vertex -0.8172545 0.4937321 -0.29718944
  vertex -0.8557872 0.47308356 -0.20932916
  vertex -0.8172642 0.54845554 -0.17684503
 endloop
endfacet
facet normal -0.8198464 0.5212008 -0.23706847
 outer loop
  vertex -0.8172545 0.4937321 -0.29718944
  vertex -0.8172642 0.54845554 -0.17684503
  vertex -0.780481 0.56568104 -0.26618057
 endloop
endfacet
facet normal -0.6059951 -0.03281573 0.79479116
 outer loop
  vertex -0.651849 -0.035060033 0.75753844
  vertex -0.58438206 -0.08650577 0.806855
  vertex -0.55792975 -0.034750625 0.8291607
 endloop
endfacet
facet normal -0.60599506 -0.032815624 0.7947912
 outer loop
  vertex -0.651849 -0.035060033 0.75753844
  vertex -0.55792975 -0.034750625 0.8291607
  vertex -0.62236476 0.022627247 0.7824007
 endloop
endfacet
facet normal -0.63910604 0.6138016 -0.4634556
 outer loop
  vertex -0.62680864 0.58427143 -0.5154965
  vertex -0.6847925 0.5836756 -0.43632573
  vertex -0.6459846 0.6435447 -0.41055122
 endloop
endfacet
facet normal -0.6391055 0.61380196 -0.46345577
 outer loop
  vertex -0.62680864 0.58427143 -0.5154965
  vertex -0.6459846 0.6435447 -0.41055122
  vertex -0.59130925 0.6390363 -0.49191943
 endloop
endfacet
facet normal -0.7356112 0.19792758 0.6478433
 outer loop
  vertex -0.7775184 0.19125776 0.59906983
  vertex -0.7326906 0.13617814 0.6667986
  vertex -0.6909478 0.20057482 0.69452226
 endloop
endfacet
facet normal -0.7356112 0.19792746 0.64784324
 outer loop
  vertex -0.7775184 0.19125776 0.59906983
  vertex -0.6909478 0.20057482 0.69452226
  vertex -0.73324275 0.2595618 0.6284757
 endloop
endfacet
facet normal -0.5797329 0.60889083 -0.54144406
 outer loop
  vertex -0.5627878 0.5792399 -0.58970296
  vertex -0.62680864 0.58427143 -0.5154965
  vertex -0.59130925 0.6390363 -0.49191943
 endloop
endfacet
facet normal -0.5797333 0.6088905 -0.54144394
 outer loop
  vertex -0.5627878 0.5792399 -0.58970296
  vertex -0.59130925 0.6390363 -0.49191943
  vertex -0.5309389 0.62837315 -0.5685504
 endloop
endfacet
facet normal -0.77556586 0.25391775 0.5779476
 outer loop
  vertex -0.8148589 0.24449562 0.5255717
  vertex -0.7775184 0.19125776 0.59906983
  vertex -0.73324275 0.2595618 0.6284757
 endloop
endfacet
facet normal -0.77556586 0.25391763 0.5779476
 outer loop
  vertex -0.8148589 0.24449562 0.5255717
  vertex -0.73324275 0.2595618 0.6284757
  vertex -0.76847684 0.3160493 0.5563766
 endloop
endfacet
facet normal -0.5147671 0.59811294 -0.6142278
 outer loop
  vertex -0.49334764 0.56863016 -0.6582302
  vertex -0.5627878 0.5792399 -0.58970296
  vertex -0.5309389 0.62837315 -0.5685504
 endloop
endfacet
facet normal -0.51476747 0.5981127 -0.6142277
 outer loop
  vertex -0.49334764 0.56863016 -0.6582302
  vertex -0.5309389 0.62837315 -0.5685504
  vertex -0.465456 0.61165863 -0.63970584
 endloop
endfacet
facet normal -0.8080571 0.30745685 0.5025077
 outer loop
  vertex -0.8443521 0.29537928 0.44701225
  vertex -0.8148589 0.24449562 0.5255717
  vertex -0.76847684 0.3160493 0.5563766
 endloop
endfacet
facet normal -0.8080571 0.30745652 0.5025078
 outer loop
  vertex -0.8443521 0.29537928 0.44701225
  vertex -0.76847684 0.3160493 0.5563766
  vertex -0.79631025 0.36949357 0.47891954
 endloop
endfacet
facet normal -0.44481853 0.58156645 -0.6811145
 outer loop
  vertex -0.41915545 0.5525441 -0.7204182
  vertex -0.49334764 0.56863016 -0.6582302
  vertex -0.465456 0.61165863 -0.63970584
 endloop
endfacet
facet normal -0.44481844 0.5815666 -0.68111444
 outer loop
  vertex -0.41915545 0.5525441 -0.7204182
  vertex -0.465456 0.61165863 -0.63970584
  vertex -0.39548963 0.5890534 -0.70470047
 endloop
endfacet
facet normal -0.8327791 0.35803723 0.42224205
 outer loop
  vertex -0.86571354 0.34341776 0.3641477
  vertex -0.8443521 0.29537928 0.44701225
  vertex -0.79631025 0.36949357 0.47891954
 endloop
endfacet
facet normal -0.8327788 0.35803854 0.4222416
 outer loop
  vertex -0.86571354 0.34341776 0.3641477
  vertex -0.79631025 0.36949357 0.47891954
  vertex -0.81647444 0.41937882 0.39685005
 endloop
endfacet
facet normal -0.37057072 0.55941033 -0.74144274
 outer loop
  vertex -0.34092665 0.5311367 -0.7756684
  vertex -0.41915545 0.5525441 -0.7204182
  vertex -0.39548963 0.5890534 -0.70470047
 endloop
endfacet
facet normal -0.37056983 0.55941117 -0.7414427
 outer loop
  vertex -0.34092665 0.5311367 -0.7756684
  vertex -0.39548963 0.5890534 -0.70470047
  vertex -0.32171455 0.56077516 -0.7629086
 endloop
endfacet
facet normal -0.84949386 0.40517083 0.3379301
 outer loop
  vertex -0.8787374 0.38814914 0.27777618
  vertex -0.86571354 0.34341776 0.3641477
  vertex -0.81647444 0.41937882 0.39685005
 endloop
endfacet
facet normal -0.849494 0.4051705 0.3379302
 outer loop
  vertex -0.8787374 0.38814914 0.27777618
  vertex -0.81647444 0.41937882 0.39685005
  vertex -0.82877547 0.46522534 0.31095862
 endloop
endfacet
facet normal -0.12311608 -0.3240184 0.93800557
 outer loop
  vertex -0.16924128 -0.30579072 0.9369371
  vertex -0.08345131 -0.35316765 0.9318317
  vertex -0.0785305 -0.3455763 0.9350999
 endloop
endfacet
facet normal -0.123116225 -0.32401872 0.93800545
 outer loop
  vertex -0.16924128 -0.30579072 0.9369371
  vertex -0.0785305 -0.3455763 0.9350999
  vertex -0.15944701 -0.29068112 0.943442
 endloop
endfacet
facet normal -0.29273605 0.5318556 -0.794629
 outer loop
  vertex -0.25941527 0.5046145 -0.8234483
  vertex -0.34092665 0.5311367 -0.7756684
  vertex -0.32171455 0.56077516 -0.7629086
 endloop
endfacet
facet normal -0.29273668 0.53185505 -0.79462916
 outer loop
  vertex -0.25941527 0.5046145 -0.8234483
  vertex -0.32171455 0.56077516 -0.7629086
  vertex -0.2448419 0.5270968 -0.81376934
 endloop
endfacet
facet normal -0.8580457 0.44840634 0.25037828
 outer loop
  vertex -0.8832986 0.42914242 0.18872952
  vertex -0.8787374 0.38814914 0.27777618
  vertex -0.82877547 0.46522534 0.31095862
 endloop
endfacet
facet normal -0.8580457 0.4484064 0.25037822
 outer loop
  vertex -0.8832986 0.42914242 0.18872952
  vertex -0.82877547 0.46522534 0.31095862
  vertex -0.8330949 0.50659156 0.22207253
 endloop
endfacet
facet normal -0.20596464 -0.2712641 0.94020975
 outer loop
  vertex -0.2534013 -0.2554688 0.9330194
  vertex -0.16924128 -0.30579072 0.9369371
  vertex -0.15944701 -0.29068112 0.943442
 endloop
endfacet
facet normal -0.20596454 -0.2712638 0.9402098
 outer loop
  vertex -0.2534013 -0.2554688 0.9330194
  vertex -0.15944701 -0.29068112 0.943442
  vertex -0.23882794 -0.2329864 0.94269836
 endloop
endfacet
facet normal -0.21206093 0.49916133 -0.84015965
 outer loop
  vertex -0.17540501 0.4732322 -0.863298
  vertex -0.25941527 0.5046145 -0.8234483
  vertex -0.2448419 0.5270968 -0.81376934
 endloop
endfacet
facet normal -0.21206038 0.499162 -0.84015936
 outer loop
  vertex -0.17540501 0.4732322 -0.863298
  vertex -0.2448419 0.5270968 -0.81376934
  vertex -0.16561075 0.48834178 -0.8567931
 endloop
endfacet
facet normal -0.8583537 0.4873327 0.16042398
 outer loop
  vertex -0.87935334 0.46600264 0.09786537
  vertex -0.8832986 0.42914242 0.18872952
  vertex -0.8330949 0.50659156 0.22207253
 endloop
endfacet
facet normal -0.8583537 0.48733258 0.16042402
 outer loop
  vertex -0.87935334 0.46600264 0.09786537
  vertex -0.8330949 0.50659156 0.22207253
  vertex -0.8293914 0.54307884 0.13104782
 endloop
endfacet
facet normal -0.2868196 -0.21589504 0.93334013
 outer loop
  vertex -0.3351205 -0.20268685 0.92011595
  vertex -0.2534013 -0.2554688 0.9330194
  vertex -0.23882794 -0.2329864 0.94269836
 endloop
endfacet
facet normal -0.28681973 -0.21589543 0.93334
 outer loop
  vertex -0.3351205 -0.20268685 0.92011595
  vertex -0.23882794 -0.2329864 0.94269836
  vertex -0.31590837 -0.17304833 0.93287575
 endloop
endfacet
facet normal -0.12933242 0.46164834 -0.87758416
 outer loop
  vertex -0.089705564 0.43729252 -0.8948337
  vertex -0.17540501 0.4732322 -0.863298
  vertex -0.16561075 0.48834178 -0.8567931
 endloop
endfacet
facet normal -0.12933348 0.46164703 -0.87758464
 outer loop
  vertex -0.089705564 0.43729252 -0.8948337
  vertex -0.16561075 0.48834178 -0.8567931
  vertex -0.08478475 0.44488388 -0.8915655
 endloop
endfacet
facet normal -0.85041505 0.5215778 0.06892632
 outer loop
  vertex -0.8669396 0.49837506 0.0060586436
  vertex -0.87935334 0.46600264 0.09786537
  vertex -0.8293914 0.54307884 0.13104782
 endloop
endfacet
facet normal -0.850415 0.521578 0.06892618
 outer loop
  vertex -0.8669396 0.49837506 0.0060586436
  vertex -0.8293914 0.54307884 0.13104782
  vertex -0.8177005 0.5743361 0.038760986
 endloop
endfacet
facet normal -0.36489028 -0.15845564 0.9174677
 outer loop
  vertex -0.41361278 -0.14795268 0.89835155
  vertex -0.3351205 -0.20268685 0.92011595
  vertex -0.31590837 -0.17304833 0.93287575
 endloop
endfacet
facet normal -0.36489046 -0.15845677 0.9174674
 outer loop
  vertex -0.41361278 -0.14795268 0.89835155
  vertex -0.31590837 -0.17304833 0.93287575
  vertex -0.38994697 -0.111443385 0.91406935
 endloop
endfacet
facet normal -0.83430386 0.55081475 -0.023242874
 outer loop
  vertex -0.84617645 0.525948 -0.08580641
  vertex -0.8669396 0.49837506 0.0060586436
  vertex -0.8177005 0.5743361 0.038760986
 endloop
endfacet
facet normal -0.8343047 0.5508134 -0.02324216
 outer loop
  vertex -0.84617645 0.525948 -0.08580641
  vertex -0.8177005 0.5743361 0.038760986
  vertex -0.79813457 0.6000623 -0.053899128
 endloop
endfacet
facet normal -0.43942997 -0.099497736 0.8927495
 outer loop
  vertex -0.48812222 -0.0917936 0.8679354
  vertex -0.41361278 -0.14795268 0.89835155
  vertex -0.38994697 -0.111443385 0.91406935
 endloop
endfacet
facet normal -0.43942997 -0.0994976 0.8927494
 outer loop
  vertex -0.48812222 -0.0917936 0.8679354
  vertex -0.38994697 -0.111443385 0.91406935
  vertex -0.4602306 -0.04876508 0.8864598
 endloop
endfacet
facet normal -0.8101733 0.57475954 -0.11519839
 outer loop
  vertex -0.8172642 0.54845554 -0.17684503
  vertex -0.84617645 0.525948 -0.08580641
  vertex -0.79813457 0.6000623 -0.053899128
 endloop
endfacet
facet normal -0.8101731 0.5747599 -0.11519855
 outer loop
  vertex -0.8172642 0.54845554 -0.17684503
  vertex -0.79813457 0.6000623 -0.053899128
  vertex -0.77088207 0.6200093 -0.1460401
 endloop
endfacet
facet normal -0.50972104 -0.039588813 0.85942835
 outer loop
  vertex -0.55792975 -0.034750625 0.8291607
  vertex -0.48812222 -0.0917936 0.8679354
  vertex -0.4602306 -0.04876508 0.8864598
 endloop
endfacet
facet normal -0.509721 -0.039587907 0.8594285
 outer loop
  vertex -0.55792975 -0.034750625 0.8291607
  vertex -0.4602306 -0.04876508 0.8864598
  vertex -0.5260809 0.014382614 0.85031325
 endloop
endfacet
facet normal -0.7782489 0.593184 -0.2060614
 outer loop
  vertex -0.780481 0.56568104 -0.26618057
  vertex -0.8172642 0.54845554 -0.17684503
  vertex -0.77088207 0.6200093 -0.1460401
 endloop
endfacet
facet normal -0.77824914 0.5931838 -0.20606129
 outer loop
  vertex -0.780481 0.56568104 -0.26618057
  vertex -0.77088207 0.6200093 -0.1460401
  vertex -0.73620534 0.63398516 -0.23677467
 endloop
endfacet
facet normal -0.57507885 0.020683866 0.8178365
 outer loop
  vertex -0.62236476 0.022627247 0.7824007
  vertex -0.55792975 -0.034750625 0.8291607
  vertex -0.5260809 0.014382614 0.85031325
 endloop
endfacet
facet normal -0.5750788 0.020684537 0.81783646
 outer loop
  vertex -0.62236476 0.022627247 0.7824007
  vertex -0.5260809 0.014382614 0.85031325
  vertex -0.58686537 0.077392116 0.80597776
 endloop
endfacet
facet normal -0.73883957 0.60590535 -0.29494882
 outer loop
  vertex -0.7361822 0.57745904 -0.3529527
  vertex -0.780481 0.56568104 -0.26618057
  vertex -0.73620534 0.63398516 -0.23677467
 endloop
endfacet
facet normal -0.7388398 0.60590523 -0.29494876
 outer loop
  vertex -0.7361822 0.57745904 -0.3529527
  vertex -0.73620534 0.63398516 -0.23677467
  vertex -0.6944394 0.6418558 -0.32522896
 endloop
endfacet
facet normal -0.6348877 0.08074827 0.7683732
 outer loop
  vertex -0.6808056 0.0797867 0.7281056
  vertex -0.62236476 0.022627247 0.7824007
  vertex -0.58686537 0.077392116 0.80597776
 endloop
endfacet
facet normal -0.63488775 0.080747284 0.7683732
 outer loop
  vertex -0.6808056 0.0797867 0.7281056
  vertex -0.58686537 0.077392116 0.80597776
  vertex -0.6419977 0.13965575 0.7538801
 endloop
endfacet
facet normal -0.69230616 0.61280197 -0.38103285
 outer loop
  vertex -0.6847925 0.5836756 -0.43632573
  vertex -0.7361822 0.57745904 -0.3529527
  vertex -0.6944394 0.6418558 -0.32522896
 endloop
endfacet
facet normal -0.69230574 0.61280227 -0.38103294
 outer loop
  vertex -0.6847925 0.5836756 -0.43632573
  vertex -0.6944394 0.6418558 -0.32522896
  vertex -0.6459846 0.6435447 -0.41055122
 endloop
endfacet
facet normal -0.6885652 0.14001371 0.71152943
 outer loop
  vertex -0.7326906 0.13617814 0.6667986
  vertex -0.6808056 0.0797867 0.7281056
  vertex -0.6419977 0.13965575 0.7538801
 endloop
endfacet
facet normal -0.6885652 0.14001395 0.7115294
 outer loop
  vertex -0.7326906 0.13617814 0.6667986
  vertex -0.6419977 0.13965575 0.7538801
  vertex -0.6909478 0.20057482 0.69452226
 endloop
endfacet
facet normal -0.48240694 0.64288515 -0.5949641
 outer loop
  vertex -0.465456 0.61165863 -0.63970584
  vertex -0.5309389 0.62837315 -0.5685504
  vertex -0.49400026 0.67441136 -0.5487546
 endloop
endfacet
facet normal -0.48240665 0.64288527 -0.5949641
 outer loop
  vertex -0.465456 0.61165863 -0.63970584
  vertex -0.49400026 0.67441136 -0.5487546
  vertex -0.43310693 0.65197664 -0.6223696
 endloop
endfacet
facet normal -0.75694263 0.3781762 0.5329359
 outer loop
  vertex -0.79631025 0.36949357 0.47891954
  vertex -0.76847684 0.3160493 0.5563766
  vertex -0.7146823 0.38309565 0.5852057
 endloop
endfacet
facet normal -0.7569424 0.37817705 0.5329357
 outer loop
  vertex -0.79631025 0.36949357 0.47891954
  vertex -0.7146823 0.38309565 0.5852057
  vertex -0.74059063 0.43893918 0.5087802
 endloop
endfacet
facet normal -0.41688764 0.62021047 -0.66448754
 outer loop
  vertex -0.39548963 0.5890534 -0.70470047
  vertex -0.465456 0.61165863 -0.63970584
  vertex -0.43310693 0.65197664 -0.6223696
 endloop
endfacet
facet normal -0.41688833 0.62020993 -0.66448754
 outer loop
  vertex -0.39548963 0.5890534 -0.70470047
  vertex -0.43310693 0.65197664 -0.6223696
  vertex -0.3680417 0.62326294 -0.6899908
 endloop
endfacet
facet normal -0.7801213 0.43089303 0.45358783
 outer loop
  vertex -0.81647444 0.41937882 0.39685005
  vertex -0.79631025 0.36949357 0.47891954
  vertex -0.74059063 0.43893918 0.5087802
 endloop
endfacet
facet normal -0.7801215 0.43089235 0.45358807
 outer loop
  vertex -0.81647444 0.41937882 0.39685005
  vertex -0.74059063 0.43893918 0.5087802
  vertex -0.75936645 0.49055487 0.4274548
 endloop
endfacet
facet normal -0.34733963 0.59155136 -0.72761405
 outer loop
  vertex -0.32171455 0.56077516 -0.7629086
  vertex -0.39548963 0.5890534 -0.70470047
  vertex -0.3680417 0.62326294 -0.6899908
 endloop
endfacet
facet normal -0.3473398 0.59155124 -0.72761405
 outer loop
  vertex -0.32171455 0.56077516 -0.7629086
  vertex -0.3680417 0.62326294 -0.6899908
  vertex -0.29943213 0.5885467 -0.7509672
 endloop
endfacet
facet normal -0.7957998 0.47945932 0.3698937
 outer loop
  vertex -0.82877547 0.46522534 0.31095862
  vertex -0.81647444 0.41937882 0.39685005
  vertex -0.75936645 0.49055487 0.4274548
 endloop
endfacet
facet normal -0.7957997 0.4794596 0.36989352
 outer loop
  vertex -0.82877547 0.46522534 0.31095862
  vertex -0.75936645 0.49055487 0.4274548
  vertex -0.770829 0.5374463 0.34201273
 endloop
endfacet
facet normal -0.11514184 -0.3129857 0.94275254
 outer loop
  vertex -0.15944701 -0.29068112 0.943442
  vertex -0.0785305 -0.3455763 0.9350999
  vertex -0.07282326 -0.33846313 0.93815845
 endloop
endfacet
facet normal -0.115142226 -0.31298634 0.94275224
 outer loop
  vertex -0.15944701 -0.29068112 0.943442
  vertex -0.07282326 -0.33846313 0.93815845
  vertex -0.14808753 -0.27652332 0.94952965
 endloop
endfacet
facet normal -0.27443057 0.5571825 -0.78373176
 outer loop
  vertex -0.2448419 0.5270968 -0.81376934
  vertex -0.32171455 0.56077516 -0.7629086
  vertex -0.29943213 0.5885467 -0.7509672
 endloop
endfacet
facet normal -0.27442953 0.5571833 -0.78373164
 outer loop
  vertex -0.2448419 0.5270968 -0.81376934
  vertex -0.29943213 0.5885467 -0.7509672
  vertex -0.22793952 0.54816294 -0.80471116
 endloop
endfacet
facet normal -0.8038305 0.523416 0.28265193
 outer loop
  vertex -0.8330949 0.50659156 0.22207253
  vertex -0.82877547 0.46522534 0.31095862
  vertex -0.770829 0.5374463 0.34201273
 endloop
endfacet
facet normal -0.80383044 0.52341604 0.28265193
 outer loop
  vertex -0.8330949 0.50659156 0.22207253
  vertex -0.770829 0.5374463 0.34201273
  vertex -0.7748681 0.579162 0.25327685
 endloop
endfacet
facet normal -0.19276081 -0.2529958 0.9480698
 outer loop
  vertex -0.23882794 -0.2329864 0.94269836
  vertex -0.15944701 -0.29068112 0.943442
  vertex -0.14808753 -0.27652332 0.94952965
 endloop
endfacet
facet normal -0.19276127 -0.2529968 0.94806945
 outer loop
  vertex -0.23882794 -0.2329864 0.94269836
  vertex -0.14808753 -0.27652332 0.94952965
  vertex -0.22192556 -0.2119203 0.95175654
 endloop
endfacet
facet normal -0.19885623 0.51743054 -0.8322992
 outer loop
  vertex -0.16561075 0.48834178 -0.8567931
  vertex -0.2448419 0.5270968 -0.81376934
  vertex -0.22793952 0.54816294 -0.80471116
 endloop
endfacet
facet normal -0.19885704 0.51742977 -0.8322994
 outer loop
  vertex -0.16561075 0.48834178 -0.8567931
  vertex -0.22793952 0.54816294 -0.80471116
  vertex -0.15425126 0.5024996 -0.85070544
 endloop
endfacet
facet normal -0.80413854 0.5623424 0.19269753
 outer loop
  vertex -0.8293914 0.54307884 0.13104782
  vertex -0.8330949 0.50659156 0.22207253
  vertex -0.7748681 0.579162 0.25327685
 endloop
endfacet
facet normal -0.8041387 0.562342 0.19269773
 outer loop
  vertex -0.8293914 0.54307884 0.13104782
  vertex -0.7748681 0.579162 0.25327685
  vertex -0.771445 0.6152999 0.16210192
 endloop
endfacet
facet normal -0.26851413 -0.19056863 0.9442371
 outer loop
  vertex -0.31590837 -0.17304833 0.93287575
  vertex -0.23882794 -0.2329864 0.94269836
  vertex -0.22192556 -0.2119203 0.95175654
 endloop
endfacet
facet normal -0.26851383 -0.19056779 0.94423735
 outer loop
  vertex -0.31590837 -0.17304833 0.93287575
  vertex -0.22192556 -0.2119203 0.95175654
  vertex -0.29362595 -0.14527684 0.9448171
 endloop
endfacet
facet normal -0.121359006 0.47268033 -0.87283754
 outer loop
  vertex -0.08478475 0.44488388 -0.8915655
  vertex -0.16561075 0.48834178 -0.8567931
  vertex -0.15425126 0.5024996 -0.85070544
 endloop
endfacet
facet normal -0.121359475 0.47267976 -0.8728377
 outer loop
  vertex -0.08478475 0.44488388 -0.8915655
  vertex -0.15425126 0.5024996 -0.85070544
  vertex -0.07907752 0.45199704 -0.88850695
 endloop
endfacet
facet normal -0.7967209 0.5958667 0.10088949
 outer loop
  vertex -0.8177005 0.5743361 0.038760986
  vertex -0.8293914 0.54307884 0.13104782
  vertex -0.771445 0.6152999 0.16210192
 endloop
endfacet
facet normal -0.7967209 0.59586656 0.100889534
 outer loop
  vertex -0.8177005 0.5743361 0.038760986
  vertex -0.771445 0.6152999 0.16210192
  vertex -0.7605925 0.64551216 0.06936575
 endloop
endfacet
facet normal -0.34165934 -0.12631525 0.9312966
 outer loop
  vertex -0.38994697 -0.111443385 0.91406935
  vertex -0.31590837 -0.17304833 0.93287575
  vertex -0.29362595 -0.14527684 0.9448171
 endloop
endfacet
facet normal -0.3416592 -0.12631461 0.93129677
 outer loop
  vertex -0.38994697 -0.111443385 0.91406935
  vertex -0.29362595 -0.14527684 0.9448171
  vertex -0.36249903 -0.077233925 0.92877895
 endloop
endfacet
facet normal -0.781647 0.6236684 0.008104437
 outer loop
  vertex -0.79813457 0.6000623 -0.053899128
  vertex -0.8177005 0.5743361 0.038760986
  vertex -0.7605925 0.64551216 0.06936575
 endloop
endfacet
facet normal -0.7816467 0.6236688 0.008104209
 outer loop
  vertex -0.79813457 0.6000623 -0.053899128
  vertex -0.7605925 0.64551216 0.06936575
  vertex -0.74241495 0.6695079 -0.024038423
 endloop
endfacet
facet normal -0.41149896 -0.0608533 0.90937644
 outer loop
  vertex -0.4602306 -0.04876508 0.8864598
  vertex -0.38994697 -0.111443385 0.91406935
  vertex -0.36249903 -0.077233925 0.92877895
 endloop
endfacet
facet normal -0.41149926 -0.06085488 0.90937614
 outer loop
  vertex -0.4602306 -0.04876508 0.8864598
  vertex -0.36249903 -0.077233925 0.92877895
  vertex -0.4278815 -0.008447068 0.9037961
 endloop
endfacet
facet normal -0.7590583 0.64548 -0.08477066
 outer loop
  vertex -0.77088207 0.6200093 -0.1460401
  vertex -0.79813457 0.6000623 -0.053899128
  vertex -0.74241495 0.6695079 -0.024038423
 endloop
endfacet
facet normal -0.75905794 0.64548045 -0.08477092
 outer loop
  vertex -0.77088207 0.6200093 -0.1460401
  vertex -0.74241495 0.6695079 -0.024038423
  vertex -0.71708745 0.68705565 -0.11721105
 endloop
endfacet
facet normal -0.4773613 0.005183269 0.8786918
 outer loop
  vertex -0.5260809 0.014382614 0.85031325
  vertex -0.4602306 -0.04876508 0.8864598
  vertex -0.4278815 -0.008447068 0.9037961
 endloop
endfacet
facet normal -0.47736123 0.0051837084 0.87869185
 outer loop
  vertex -0.5260809 0.014382614 0.85031325
  vertex -0.4278815 -0.008447068 0.9037961
  vertex -0.48914224 0.060420826 0.8701091
 endloop
endfacet
facet normal -0.72916883 0.66108924 -0.17684442
 outer loop
  vertex -0.73620534 0.63398516 -0.23677467
  vertex -0.77088207 0.6200093 -0.1460401
  vertex -0.71708745 0.68705565 -0.11721105
 endloop
endfacet
facet normal -0.72916883 0.6610892 -0.17684437
 outer loop
  vertex -0.73620534 0.63398516 -0.23677467
  vertex -0.71708745 0.68705565 -0.11721105
  vertex -0.68485385 0.69798654 -0.20925489
 endloop
endfacet
facet normal -0.5386027 0.07115107 0.83955026
 outer loop
  vertex -0.58686537 0.077392116 0.80597776
  vertex -0.5260809 0.014382614 0.85031325
  vertex -0.48914224 0.060420826 0.8701091
 endloop
endfacet
facet normal -0.53860265 0.07115143 0.8395503
 outer loop
  vertex -0.58686537 0.077392116 0.80597776
  vertex -0.48914224 0.060420826 0.8701091
  vertex -0.5456928 0.12870719 0.82804257
 endloop
endfacet
facet normal -0.69226605 0.67034245 -0.26722422
 outer loop
  vertex -0.6944394 0.6418558 -0.32522896
  vertex -0.73620534 0.63398516 -0.23677467
  vertex -0.68485385 0.69798654 -0.20925489
 endloop
endfacet
facet normal -0.69226694 0.67034173 -0.26722378
 outer loop
  vertex -0.6944394 0.6418558 -0.32522896
  vertex -0.68485385 0.69798654 -0.20925489
  vertex -0.6460256 0.70219594 -0.29928347
 endloop
endfacet
facet normal -0.5946467 0.13642313 0.7923282
 outer loop
  vertex -0.6419977 0.13965575 0.7538801
  vertex -0.58686537 0.077392116 0.80597776
  vertex -0.5456928 0.12870719 0.82804257
 endloop
endfacet
facet normal -0.5946467 0.13642374 0.7923282
 outer loop
  vertex -0.6419977 0.13965575 0.7538801
  vertex -0.5456928 0.12870719 0.82804257
  vertex -0.5969877 0.19575344 0.77800137
 endloop
endfacet
facet normal -0.64868885 0.67314893 -0.3550682
 outer loop
  vertex -0.6459846 0.6435447 -0.41055122
  vertex -0.6944394 0.6418558 -0.32522896
  vertex -0.6460256 0.70219594 -0.29928347
 endloop
endfacet
facet normal -0.6486881 0.67314947 -0.35506848
 outer loop
  vertex -0.6459846 0.6435447 -0.41055122
  vertex -0.6460256 0.70219594 -0.29928347
  vertex -0.6009746 0.69964236 -0.38642997
 endloop
endfacet
facet normal -0.64494795 0.20036088 0.7374942
 outer loop
  vertex -0.6909478 0.20057482 0.69452226
  vertex -0.6419977 0.13965575 0.7538801
  vertex -0.5969877 0.19575344 0.77800137
 endloop
endfacet
facet normal -0.64494824 0.20035924 0.73749435
 outer loop
  vertex -0.6909478 0.20057482 0.69452226
  vertex -0.5969877 0.19575344 0.77800137
  vertex -0.64253396 0.26091498 0.7204678
 endloop
endfacet
facet normal -0.5988643 0.669478 -0.4395005
 outer loop
  vertex -0.59130925 0.6390363 -0.49191943
  vertex -0.6459846 0.6435447 -0.41055122
  vertex -0.6009746 0.69964236 -0.38642997
 endloop
endfacet
facet normal -0.59886485 0.6694777 -0.43950036
 outer loop
  vertex -0.59130925 0.6390363 -0.49191943
  vertex -0.6009746 0.69964236 -0.38642997
  vertex -0.5501367 0.69035137 -0.46985462
 endloop
endfacet
facet normal -0.68903875 0.26236305 0.6755673
 outer loop
  vertex -0.73324275 0.2595618 0.6284757
  vertex -0.6909478 0.20057482 0.69452226
  vertex -0.64253396 0.26091498 0.7204678
 endloop
endfacet
facet normal -0.68903846 0.2623645 0.67556715
 outer loop
  vertex -0.73324275 0.2595618 0.6284757
  vertex -0.64253396 0.26091498 0.7204678
  vertex -0.68189126 0.32356325 0.6559955
 endloop
endfacet
facet normal -0.5432566 0.659358 -0.5197299
 outer loop
  vertex -0.5309389 0.62837315 -0.5685504
  vertex -0.59130925 0.6390363 -0.49191943
  vertex -0.5501367 0.69035137 -0.46985462
 endloop
endfacet
facet normal -0.54325664 0.659358 -0.51972985
 outer loop
  vertex -0.5309389 0.62837315 -0.5685504
  vertex -0.5501367 0.69035137 -0.46985462
  vertex -0.49400026 0.67441136 -0.5487546
 endloop
endfacet
facet normal -0.7264859 0.32182267 0.60716426
 outer loop
  vertex -0.76847684 0.3160493 0.5563766
  vertex -0.73324275 0.2595618 0.6284757
  vertex -0.68189126 0.32356325 0.6559955
 endloop
endfacet
facet normal -0.72648597 0.32182205 0.60716444
 outer loop
  vertex -0.76847684 0.3160493 0.5563766
  vertex -0.68189126 0.32356325 0.6559955
  vertex -0.7146823 0.38309565 0.5852057
 endloop
endfacet
facet normal -0.32079038 0.6214531 -0.71476537
 outer loop
  vertex -0.29943213 0.5885467 -0.7509672
  vertex -0.3680417 0.62326294 -0.6899908
  vertex -0.337076 0.6548431 -0.676431
 endloop
endfacet
facet normal -0.32079017 0.62145334 -0.71476537
 outer loop
  vertex -0.29943213 0.5885467 -0.7509672
  vertex -0.337076 0.6548431 -0.676431
  vertex -0.274294 0.61418366 -0.73995924
 endloop
endfacet
facet normal -0.7344365 0.5485714 0.39959046
 outer loop
  vertex -0.770829 0.5374463 0.34201273
  vertex -0.75936645 0.49055487 0.4274548
  vertex -0.6949394 0.5562604 0.45566723
 endloop
endfacet
facet normal -0.7344368 0.5485706 0.39959088
 outer loop
  vertex -0.770829 0.5374463 0.34201273
  vertex -0.6949394 0.5562604 0.45566723
  vertex -0.70545614 0.60411656 0.37063932
 endloop
endfacet
facet normal -0.10602978 -0.30272326 0.9471623
 outer loop
  vertex -0.14808753 -0.27652332 0.94952965
  vertex -0.07282326 -0.33846313 0.93815845
  vertex -0.06638459 -0.3318967 0.94097793
 endloop
endfacet
facet normal -0.10602877 -0.30272186 0.9471628
 outer loop
  vertex -0.14808753 -0.27652332 0.94952965
  vertex -0.06638459 -0.3318967 0.94097793
  vertex -0.13527219 -0.26345366 0.9551414
 endloop
endfacet
facet normal -0.2535085 0.580746 -0.7736068
 outer loop
  vertex -0.22793952 0.54816294 -0.80471116
  vertex -0.29943213 0.5885467 -0.7509672
  vertex -0.274294 0.61418366 -0.73995924
 endloop
endfacet
facet normal -0.25351033 0.58074504 -0.77360696
 outer loop
  vertex -0.22793952 0.54816294 -0.80471116
  vertex -0.274294 0.61418366 -0.73995924
  vertex -0.20887092 0.56760997 -0.7963611
 endloop
endfacet
facet normal -0.74187255 0.5931976 0.3126368
 outer loop
  vertex -0.7748681 0.579162 0.25327685
  vertex -0.770829 0.5374463 0.34201273
  vertex -0.70545614 0.60411656 0.37063932
 endloop
endfacet
facet normal -0.7418724 0.593198 0.31263655
 outer loop
  vertex -0.7748681 0.579162 0.25327685
  vertex -0.70545614 0.60411656 0.37063932
  vertex -0.70917886 0.64615476 0.282042
 endloop
endfacet
facet normal -0.17766996 -0.23599994 0.9553729
 outer loop
  vertex -0.22192556 -0.2119203 0.95175654
  vertex -0.14808753 -0.27652332 0.94952965
  vertex -0.13527219 -0.26345366 0.9551414
 endloop
endfacet
facet normal -0.1776704 -0.23600076 0.95537263
 outer loop
  vertex -0.22192556 -0.2119203 0.95175654
  vertex -0.13527219 -0.26345366 0.9551414
  vertex -0.20285696 -0.1924733 0.9601066
 endloop
endfacet
facet normal -0.18376751 0.5344248 -0.82499677
 outer loop
  vertex -0.15425126 0.5024996 -0.85070544
  vertex -0.22793952 0.54816294 -0.80471116
  vertex -0.20887092 0.56760997 -0.7963611
 endloop
endfacet
facet normal -0.18376853 0.53442407 -0.82499695
 outer loop
  vertex -0.15425126 0.5024996 -0.85070544
  vertex -0.20887092 0.56760997 -0.7963611
  vertex -0.14143592 0.51556927 -0.84509367
 endloop
endfacet
facet normal -0.7421803 0.6321241 0.22268261
 outer loop
  vertex -0.771445 0.6152999 0.16210192
  vertex -0.7748681 0.579162 0.25327685
  vertex -0.70917886 0.64615476 0.282042
 endloop
endfacet
facet normal -0.7421803 0.63212407 0.22268263
 outer loop
  vertex -0.771445 0.6152999 0.16210192
  vertex -0.70917886 0.64615476 0.282042
  vertex -0.7060721 0.68197006 0.19072852
 endloop
endfacet
facet normal -0.24759282 -0.167005 0.95436215
 outer loop
  vertex -0.29362595 -0.14527684 0.9448171
  vertex -0.22192556 -0.2119203 0.95175654
  vertex -0.20285696 -0.1924733 0.9601066
 endloop
endfacet
facet normal -0.24759339 -0.16700624 0.9543618
 outer loop
  vertex -0.29362595 -0.14527684 0.9448171
  vertex -0.20285696 -0.1924733 0.9601066
  vertex -0.2684878 -0.119639814 0.9558251
 endloop
endfacet
facet normal -0.11224729 0.48294267 -0.8684279
 outer loop
  vertex -0.07907752 0.45199704 -0.88850695
  vertex -0.15425126 0.5024996 -0.85070544
  vertex -0.14143592 0.51556927 -0.84509367
 endloop
endfacet
facet normal -0.11224513 0.48294425 -0.8684272
 outer loop
  vertex -0.07907752 0.45199704 -0.88850695
  vertex -0.14143592 0.51556927 -0.84509367
  vertex -0.07263885 0.45856348 -0.8856875
 endloop
endfacet
facet normal -0.7353578 0.66497827 0.13058631
 outer loop
  vertex -0.7605925 0.64551216 0.06936575
  vertex -0.771445 0.6152999 0.16210192
  vertex -0.7060721 0.68197006 0.19072852
 endloop
endfacet
facet normal -0.7353574 0.66497874 0.13058598
 outer loop
  vertex -0.7605925 0.64551216 0.06936575
  vertex -0.7060721 0.68197006 0.19072852
  vertex -0.69616544 0.7112177 0.09757816
 endloop
endfacet
facet normal -0.3151116 -0.09641483 0.94414455
 outer loop
  vertex -0.36249903 -0.077233925 0.92877895
  vertex -0.29362595 -0.14527684 0.9448171
  vertex -0.2684878 -0.119639814 0.9558251
 endloop
endfacet
facet normal -0.315111 -0.09641328 0.94414485
 outer loop
  vertex -0.36249903 -0.077233925 0.92877895
  vertex -0.2684878 -0.119639814 0.9558251
  vertex -0.33153334 -0.045653746 0.9423387
 endloop
endfacet
facet normal -0.72146845 0.6914459 0.037227713
 outer loop
  vertex -0.74241495 0.6695079 -0.024038423
  vertex -0.7605925 0.64551216 0.06936575
  vertex -0.69616544 0.7112177 0.09757816
 endloop
endfacet
facet normal -0.72146904 0.69144523 0.03722814
 outer loop
  vertex -0.74241495 0.6695079 -0.024038423
  vertex -0.69616544 0.7112177 0.09757816
  vertex -0.6795543 0.73361605 0.003488119
 endloop
endfacet
facet normal -0.37957898 -0.02490383 0.9248241
 outer loop
  vertex -0.4278815 -0.008447068 0.9037961
  vertex -0.36249903 -0.077233925 0.92877895
  vertex -0.33153334 -0.045653746 0.9423387
 endloop
endfacet
facet normal -0.3795793 -0.024904802 0.924824
 outer loop
  vertex -0.4278815 -0.008447068 0.9037961
  vertex -0.33153334 -0.045653746 0.9423387
  vertex -0.3913865 0.028772159 0.91977715
 endloop
endfacet
facet normal -0.70064384 0.7112706 -0.056501344
 outer loop
  vertex -0.71708745 0.68705565 -0.11721105
  vertex -0.74241495 0.6695079 -0.024038423
  vertex -0.6795543 0.73361605 0.003488119
 endloop
endfacet
facet normal -0.700643 0.7112713 -0.05650189
 outer loop
  vertex -0.71708745 0.68705565 -0.11721105
  vertex -0.6795543 0.73361605 0.003488119
  vertex -0.6563984 0.74894893 -0.090635486
 endloop
endfacet
facet normal -0.44037926 0.04683534 0.8965894
 outer loop
  vertex -0.48914224 0.060420826 0.8701091
  vertex -0.4278815 -0.008447068 0.9037961
  vertex -0.3913865 0.028772159 0.91977715
 endloop
endfacet
facet normal -0.44037923 0.046835307 0.89658946
 outer loop
  vertex -0.48914224 0.060420826 0.8701091
  vertex -0.3913865 0.028772159 0.91977715
  vertex -0.4474694 0.10292061 0.8883575
 endloop
endfacet
facet normal -0.67307943 0.72426105 -0.14969984
 outer loop
  vertex -0.68485385 0.69798654 -0.20925489
  vertex -0.71708745 0.68705565 -0.11721105
  vertex -0.6563984 0.74894893 -0.090635486
 endloop
endfacet
facet normal -0.67308056 0.72426003 -0.14969912
 outer loop
  vertex -0.68485385 0.69798654 -0.20925489
  vertex -0.6563984 0.74894893 -0.090635486
  vertex -0.6269212 0.75706893 -0.1838863
 endloop
endfacet
facet normal -0.4969164 0.11810135 0.85972446
 outer loop
  vertex -0.5456928 0.12870719 0.82804257
  vertex -0.48914224 0.060420826 0.8701091
  vertex -0.4474694 0.10292061 0.8883575
 endloop
endfacet
facet normal -0.49691638 0.118101366 0.8597244
 outer loop
  vertex -0.5456928 0.12870719 0.82804257
  vertex -0.4474694 0.10292061 0.8883575
  vertex -0.49924353 0.17607825 0.8483826
 endloop
endfacet
facet normal -0.63904244 0.73028684 -0.24146593
 outer loop
  vertex -0.6460256 0.70219594 -0.29928347
  vertex -0.68485385 0.69798654 -0.20925489
  vertex -0.6269212 0.75706893 -0.1838863
 endloop
endfacet
facet normal -0.6390427 0.7302867 -0.24146584
 outer loop
  vertex -0.6460256 0.70219594 -0.29928347
  vertex -0.6269212 0.75706893 -0.1838863
  vertex -0.591407 0.7578985 -0.2753661
 endloop
endfacet
facet normal -0.54865855 0.18821889 0.8145842
 outer loop
  vertex -0.5969877 0.19575344 0.77800137
  vertex -0.5456928 0.12870719 0.82804257
  vertex -0.49924353 0.17607825 0.8483826
 endloop
endfacet
facet normal -0.54865825 0.18821993 0.81458414
 outer loop
  vertex -0.5969877 0.19575344 0.77800137
  vertex -0.49924353 0.17607825 0.8483826
  vertex -0.5462093 0.24753954 0.80023706
 endloop
endfacet
facet normal -0.59884244 0.72928923 -0.3309455
 outer loop
  vertex -0.6009746 0.69964236 -0.38642997
  vertex -0.6460256 0.70219594 -0.29928347
  vertex -0.591407 0.7578985 -0.2753661
 endloop
endfacet
facet normal -0.5988417 0.72928965 -0.33094576
 outer loop
  vertex -0.6009746 0.69964236 -0.38642997
  vertex -0.591407 0.7578985 -0.2753661
  vertex -0.5501962 0.7514285 -0.3641942
 endloop
endfacet
facet normal -0.5951008 0.2565011 0.7616182
 outer loop
  vertex -0.64253396 0.26091498 0.7204678
  vertex -0.5969877 0.19575344 0.77800137
  vertex -0.5462093 0.24753954 0.80023706
 endloop
endfacet
facet normal -0.59510094 0.2565004 0.76161826
 outer loop
  vertex -0.64253396 0.26091498 0.7204678
  vertex -0.5462093 0.24753954 0.80023706
  vertex -0.58791536 0.3166175 0.7443851
 endloop
endfacet
facet normal -0.5528765 0.7212732 -0.41724402
 outer loop
  vertex -0.5501367 0.69035137 -0.46985462
  vertex -0.6009746 0.69964236 -0.38642997
  vertex -0.5501962 0.7514285 -0.3641942
 endloop
endfacet
facet normal -0.5528767 0.72127306 -0.417244
 outer loop
  vertex -0.5501367 0.69035137 -0.46985462
  vertex -0.5501962 0.7514285 -0.3641942
  vertex -0.5036874 0.73772246 -0.4495146
 endloop
endfacet
facet normal -0.6358141 0.32230958 0.7013253
 outer loop
  vertex -0.68189126 0.32356325 0.6559955
  vertex -0.64253396 0.26091498 0.7204678
  vertex -0.58791536 0.3166175 0.7443851
 endloop
endfacet
facet normal -0.63581395 0.32230967 0.7013252
 outer loop
  vertex -0.68189126 0.32356325 0.6559955
  vertex -0.58791536 0.3166175 0.7443851
  vertex -0.6239586 0.38264552 0.68136406
 endloop
endfacet
facet normal -0.5015705 0.706308 -0.4995559
 outer loop
  vertex -0.49400026 0.67441136 -0.5487546
  vertex -0.5501367 0.69035137 -0.46985462
  vertex -0.5036874 0.73772246 -0.4495146
 endloop
endfacet
facet normal -0.5015698 0.70630836 -0.49955603
 outer loop
  vertex -0.49400026 0.67441136 -0.5487546
  vertex -0.5036874 0.73772246 -0.4495146
  vertex -0.45232743 0.71691114 -0.53050613
 endloop
endfacet
facet normal -0.6703964 0.38499436 0.6343091
 outer loop
  vertex -0.7146823 0.38309565 0.5852057
  vertex -0.68189126 0.32356325 0.6559955
  vertex -0.6239586 0.38264552 0.68136406
 endloop
endfacet
facet normal -0.6703962 0.38499495 0.63430893
 outer loop
  vertex -0.7146823 0.38309565 0.5852057
  vertex -0.6239586 0.38264552 0.68136406
  vertex -0.6539933 0.44498888 0.6117812
 endloop
endfacet
facet normal -0.44542465 0.68453693 -0.5770668
 outer loop
  vertex -0.43310693 0.65197664 -0.6223696
  vertex -0.49400026 0.67441136 -0.5487546
  vertex -0.45232743 0.71691114 -0.53050613
 endloop
endfacet
facet normal -0.4454257 0.68453646 -0.5770666
 outer loop
  vertex -0.43310693 0.65197664 -0.6223696
  vertex -0.45232743 0.71691114 -0.53050613
  vertex -0.39661193 0.68919593 -0.6063885
 endloop
endfacet
facet normal -0.69852763 0.44396776 0.56120574
 outer loop
  vertex -0.74059063 0.43893918 0.5087802
  vertex -0.7146823 0.38309565 0.5852057
  vertex -0.6539933 0.44498888 0.6117812
 endloop
endfacet
facet normal -0.69852805 0.4439663 0.5612062
 outer loop
  vertex -0.74059063 0.43893918 0.5087802
  vertex -0.6539933 0.44498888 0.6117812
  vertex -0.67772996 0.50304735 0.53630674
 endloop
endfacet
facet normal -0.3849691 0.65616 -0.64904004
 outer loop
  vertex -0.3680417 0.62326294 -0.6899908
  vertex -0.43310693 0.65197664 -0.6223696
  vertex -0.39661193 0.68919593 -0.6063885
 endloop
endfacet
facet normal -0.38496763 0.6561607 -0.64904016
 outer loop
  vertex -0.3680417 0.62326294 -0.6899908
  vertex -0.39661193 0.68919593 -0.6063885
  vertex -0.337076 0.6548431 -0.676431
 endloop
endfacet
facet normal -0.71994364 0.4986691 0.4827113
 outer loop
  vertex -0.75936645 0.49055487 0.4274548
  vertex -0.74059063 0.43893918 0.5087802
  vertex -0.67772996 0.50304735 0.53630674
 endloop
endfacet
facet normal -0.7199433 0.49867025 0.48271084
 outer loop
  vertex -0.75936645 0.49055487 0.4274548
  vertex -0.67772996 0.50304735 0.53630674
  vertex -0.6949394 0.5562604 0.45566723
 endloop
endfacet
facet normal -0.16084236 -0.22044457 0.96204674
 outer loop
  vertex -0.20285696 -0.1924733 0.9601066
  vertex -0.13527219 -0.26345366 0.9551414
  vertex -0.12112443 -0.251598 0.9602234
 endloop
endfacet
facet normal -0.16084112 -0.22044288 0.96204734
 outer loop
  vertex -0.20285696 -0.1924733 0.9601066
  vertex -0.12112443 -0.251598 0.9602234
  vertex -0.18180576 -0.17483272 0.96766824
 endloop
endfacet
facet normal -0.16693623 0.54998416 -0.8183213
 outer loop
  vertex -0.14143592 0.51556927 -0.84509367
  vertex -0.20887092 0.56760997 -0.7963611
  vertex -0.18781972 0.58525056 -0.78879946
 endloop
endfacet
facet normal -0.16693398 0.54998535 -0.8183209
 outer loop
  vertex -0.14143592 0.51556927 -0.84509367
  vertex -0.18781972 0.58525056 -0.78879946
  vertex -0.12728816 0.5274249 -0.8400117
 endloop
endfacet
facet normal -0.67307544 0.6960062 0.25008985
 outer loop
  vertex -0.7060721 0.68197006 0.19072852
  vertex -0.70917886 0.64615476 0.282042
  vertex -0.6366598 0.7069247 0.3080909
 endloop
endfacet
facet normal -0.6730762 0.6960052 0.2500905
 outer loop
  vertex -0.7060721 0.68197006 0.19072852
  vertex -0.6366598 0.7069247 0.3080909
  vertex -0.63390225 0.74244744 0.21665207
 endloop
endfacet
facet normal -0.22425945 -0.1454358 0.9636162
 outer loop
  vertex -0.2684878 -0.119639814 0.9558251
  vertex -0.20285696 -0.1924733 0.9601066
  vertex -0.18180576 -0.17483272 0.96766824
 endloop
endfacet
facet normal -0.22425885 -0.14543478 0.9636165
 outer loop
  vertex -0.2684878 -0.119639814 0.9558251
  vertex -0.18180576 -0.17483272 0.96766824
  vertex -0.24073598 -0.09638418 0.96579355
 endloop
endfacet
facet normal -0.102079324 0.49234188 -0.8643954
 outer loop
  vertex -0.07263885 0.45856348 -0.8856875
  vertex -0.14143592 0.51556927 -0.84509367
  vertex -0.12728816 0.5274249 -0.8400117
 endloop
endfacet
facet normal -0.10207881 0.49234194 -0.8643954
 outer loop
  vertex -0.07263885 0.45856348 -0.8856875
  vertex -0.12728816 0.5274249 -0.8400117
  vertex -0.06553074 0.46451998 -0.8831342
 endloop
endfacet
facet normal -0.6669175 0.72824615 0.15772957
 outer loop
  vertex -0.69616544 0.7112177 0.09757816
  vertex -0.7060721 0.68197006 0.19072852
  vertex -0.63390225 0.74244744 0.21665207
 endloop
endfacet
facet normal -0.6669177 0.72824585 0.15772973
 outer loop
  vertex -0.69616544 0.7112177 0.09757816
  vertex -0.63390225 0.74244744 0.21665207
  vertex -0.6250399 0.77082 0.12312662
 endloop
endfacet
facet normal -0.2855003 -0.06904051 0.9558886
 outer loop
  vertex -0.33153334 -0.045653746 0.9423387
  vertex -0.2684878 -0.119639814 0.9558251
  vertex -0.24073598 -0.09638418 0.96579355
 endloop
endfacet
facet normal -0.2855009 -0.06904174 0.9558883
 outer loop
  vertex -0.33153334 -0.045653746 0.9423387
  vertex -0.24073598 -0.09638418 0.96579355
  vertex -0.29734814 -0.01700701 0.9546181
 endloop
endfacet
facet normal -0.6543504 0.7534913 0.063847825
 outer loop
  vertex -0.6795543 0.73361605 0.003488119
  vertex -0.69616544 0.7112177 0.09757816
  vertex -0.6250399 0.77082 0.12312662
 endloop
endfacet
facet normal -0.65435034 0.75349134 0.063847765
 outer loop
  vertex -0.6795543 0.73361605 0.003488119
  vertex -0.6250399 0.77082 0.12312662
  vertex -0.6101579 0.7917693 0.028415408
 endloop
endfacet
facet normal -0.34397867 0.008005351 0.9389434
 outer loop
  vertex -0.3913865 0.028772159 0.91977715
  vertex -0.33153334 -0.045653746 0.9423387
  vertex -0.29734814 -0.01700701 0.9546181
 endloop
endfacet
facet normal -0.3439784 0.008005964 0.93894345
 outer loop
  vertex -0.3913865 0.028772159 0.91977715
  vertex -0.29734814 -0.01700701 0.9546181
  vertex -0.35109708 0.0625342 0.93424916
 endloop
endfacet
facet normal -0.6354918 0.7714985 -0.030662576
 outer loop
  vertex -0.6563984 0.74894893 -0.090635486
  vertex -0.6795543 0.73361605 0.003488119
  vertex -0.6101579 0.7917693 0.028415408
 endloop
endfacet
facet normal -0.6354914 0.77149874 -0.030662816
 outer loop
  vertex -0.6563984 0.74894893 -0.090635486
  vertex -0.6101579 0.7917693 0.028415408
  vertex -0.5893996 0.80509305 -0.066569455
 endloop
endfacet
facet normal -0.39913177 0.08496517 0.91294837
 outer loop
  vertex -0.4474694 0.10292061 0.8883575
  vertex -0.3913865 0.028772159 0.91977715
  vertex -0.35109708 0.0625342 0.93424916
 endloop
endfacet
facet normal -0.39913192 0.08496471 0.9129483
 outer loop
  vertex -0.4474694 0.10292061 0.8883575
  vertex -0.35109708 0.0625342 0.93424916
  vertex -0.40146387 0.14147271 0.9048828
 endloop
endfacet
facet normal -0.61052173 0.78209096 -0.12488809
 outer loop
  vertex -0.6269212 0.75706893 -0.1838863
  vertex -0.6563984 0.74894893 -0.090635486
  vertex -0.5893996 0.80509305 -0.066569455
 endloop
endfacet
facet normal -0.6105218 0.78209084 -0.124887995
 outer loop
  vertex -0.6269212 0.75706893 -0.1838863
  vertex -0.5893996 0.80509305 -0.066569455
  vertex -0.5629651 0.8106633 -0.1609132
 endloop
endfacet
facet normal -0.45042235 0.16108139 0.8781643
 outer loop
  vertex -0.49924353 0.17607825 0.8483826
  vertex -0.4474694 0.10292061 0.8883575
  vertex -0.40146387 0.14147271 0.9048828
 endloop
endfacet
facet normal -0.45042214 0.16108203 0.8781643
 outer loop
  vertex -0.49924353 0.17607825 0.8483826
  vertex -0.40146387 0.14147271 0.9048828
  vertex -0.4479648 0.21904911 0.866802
 endloop
endfacet
facet normal -0.579679 0.7851638 -0.21792209
 outer loop
  vertex -0.591407 0.7578985 -0.2753661
  vertex -0.6269212 0.75706893 -0.1838863
  vertex -0.5629651 0.8106633 -0.1609132
 endloop
endfacet
facet normal -0.5796785 0.7851642 -0.21792237
 outer loop
  vertex -0.591407 0.7578985 -0.2753661
  vertex -0.5629651 0.8106633 -0.1609132
  vertex -0.53110963 0.80842686 -0.2537072
 endloop
endfacet
facet normal -0.49736613 0.23563567 0.83492684
 outer loop
  vertex -0.5462093 0.24753954 0.80023706
  vertex -0.49924353 0.17607825 0.8483826
  vertex -0.4479648 0.21904911 0.866802
 endloop
endfacet
facet normal -0.49736622 0.23563527 0.8349269
 outer loop
  vertex -0.5462093 0.24753954 0.80023706
  vertex -0.4479648 0.21904911 0.866802
  vertex -0.49015132 0.2945153 0.8203732
 endloop
endfacet
facet normal -0.54324603 0.7806837 -0.30889612
 outer loop
  vertex -0.5501962 0.7514285 -0.3641942
  vertex -0.591407 0.7578985 -0.2753661
  vertex -0.53110963 0.80842686 -0.2537072
 endloop
endfacet
facet normal -0.5432466 0.7806834 -0.30889586
 outer loop
  vertex -0.5501962 0.7514285 -0.3641942
  vertex -0.53110963 0.80842686 -0.2537072
  vertex -0.49413827 0.7984043 -0.34405813
 endloop
endfacet
facet normal -0.5395056 0.307894 0.7836677
 outer loop
  vertex -0.58791536 0.3166175 0.7443851
  vertex -0.5462093 0.24753954 0.80023706
  vertex -0.49015132 0.2945153 0.8203732
 endloop
endfacet
facet normal -0.53950554 0.30789426 0.78366756
 outer loop
  vertex -0.58791536 0.3166175 0.7443851
  vertex -0.49015132 0.2945153 0.8203732
  vertex -0.527618 0.36714584 0.766044
 endloop
endfacet
facet normal -0.50158405 0.7686892 -0.39690098
 outer loop
  vertex -0.5036874 0.73772246 -0.4495146
  vertex -0.5501962 0.7514285 -0.3641942
  vertex -0.49413827 0.7984043 -0.34405813
 endloop
endfacet
facet normal -0.501583 0.76868963 -0.39690134
 outer loop
  vertex -0.5036874 0.73772246 -0.4495146
  vertex -0.49413827 0.7984043 -0.34405813
  vertex -0.4524086 0.7806933 -0.4310952
 endloop
endfacet
facet normal -0.5764507 0.37718633 0.72486895
 outer loop
  vertex -0.6239586 0.38264552 0.68136406
  vertex -0.58791536 0.3166175 0.7443851
  vertex -0.527618 0.36714584 0.766044
 endloop
endfacet
facet normal -0.5764505 0.37718686 0.72486883
 outer loop
  vertex -0.6239586 0.38264552 0.68136406
  vertex -0.527618 0.36714584 0.766044
  vertex -0.5600025 0.4362398 0.7043371
 endloop
endfacet
facet normal -0.4550753 0.7492888 -0.48111615
 outer loop
  vertex -0.45232743 0.71691114 -0.53050613
  vertex -0.5036874 0.73772246 -0.4495146
  vertex -0.4524086 0.7806933 -0.4310952
 endloop
endfacet
facet normal -0.45507702 0.7492881 -0.48111567
 outer loop
  vertex -0.45232743 0.71691114 -0.53050613
  vertex -0.4524086 0.7806933 -0.4310952
  vertex -0.40632188 0.75546324 -0.51398087
 endloop
endfacet
facet normal -0.6078377 0.44282547 0.6591199
 outer loop
  vertex -0.6539933 0.44498888 0.6117812
  vertex -0.6239586 0.38264552 0.68136406
  vertex -0.5600025 0.4362398 0.7043371
 endloop
endfacet
facet normal -0.60783803 0.44282448 0.6591202
 outer loop
  vertex -0.6539933 0.44498888 0.6117812
  vertex -0.5600025 0.4362398 0.7043371
  vertex -0.5869945 0.501133 0.6358472
 endloop
endfacet
facet normal -0.4041785 0.72266614 -0.5607079
 outer loop
  vertex -0.39661193 0.68919593 -0.6063885
  vertex -0.45232743 0.71691114 -0.53050613
  vertex -0.40632188 0.75546324 -0.51398087
 endloop
endfacet
facet normal -0.40417746 0.72266656 -0.56070817
 outer loop
  vertex -0.39661193 0.68919593 -0.6063885
  vertex -0.40632188 0.75546324 -0.51398087
  vertex -0.3563225 0.7229579 -0.5919165
 endloop
endfacet
facet normal -0.633376 0.5041942 0.587046
 outer loop
  vertex -0.67772996 0.50304735 0.53630674
  vertex -0.6539933 0.44498888 0.6117812
  vertex -0.5869945 0.501133 0.6358472
 endloop
endfacet
facet normal -0.63337594 0.5041943 0.587046
 outer loop
  vertex -0.67772996 0.50304735 0.53630674
  vertex -0.5869945 0.501133 0.6358472
  vertex -0.6083336 0.5612006 0.561234
 endloop
endfacet
facet normal -0.34936723 0.6890705 -0.6349207
 outer loop
  vertex -0.337076 0.6548431 -0.676431
  vertex -0.39661193 0.68919593 -0.6063885
  vertex -0.3563225 0.7229579 -0.5919165
 endloop
endfacet
facet normal -0.34936732 0.6890705 -0.6349207
 outer loop
  vertex -0.337076 0.6548431 -0.676431
  vertex -0.3563225 0.7229579 -0.5919165
  vertex -0.30289078 0.68348986 -0.6641516
 endloop
endfacet
facet normal -0.6528248 0.560716 0.5093303
 outer loop
  vertex -0.6949394 0.5562604 0.45566723
  vertex -0.67772996 0.50304735 0.53630674
  vertex -0.6083336 0.5612006 0.561234
 endloop
endfacet
facet normal -0.65282506 0.5607155 0.5093305
 outer loop
  vertex -0.6949394 0.5562604 0.45566723
  vertex -0.6083336 0.5612006 0.561234
  vertex -0.6238138 0.6158627 0.4812157
 endloop
endfacet
facet normal -0.29118022 0.6488252 -0.70302194
 outer loop
  vertex -0.274294 0.61418366 -0.73995924
  vertex -0.337076 0.6548431 -0.676431
  vertex -0.30289078 0.68348986 -0.6641516
 endloop
endfacet
facet normal -0.29118073 0.648825 -0.70302194
 outer loop
  vertex -0.274294 0.61418366 -0.73995924
  vertex -0.30289078 0.68348986 -0.6641516
  vertex -0.24654216 0.6374393 -0.7299908
 endloop
endfacet
facet normal -0.6659967 0.6118382 0.42673463
 outer loop
  vertex -0.70545614 0.60411656 0.37063932
  vertex -0.6949394 0.5562604 0.45566723
  vertex -0.6238138 0.6158627 0.4812157
 endloop
endfacet
facet normal -0.66599625 0.6118389 0.42673427
 outer loop
  vertex -0.70545614 0.60411656 0.37063932
  vertex -0.6238138 0.6158627 0.4812157
  vertex -0.6332863 0.6645939 0.39656287
 endloop
endfacet
facet normal -0.095868714 -0.2933297 0.9511924
 outer loop
  vertex -0.13527219 -0.26345366 0.9551414
  vertex -0.06638459 -0.3318967 0.94097793
  vertex -0.059276477 -0.3259402 0.9435312
 endloop
endfacet
facet normal -0.09586769 -0.29332852 0.95119286
 outer loop
  vertex -0.13527219 -0.26345366 0.9551414
  vertex -0.059276477 -0.3259402 0.9435312
  vertex -0.12112443 -0.251598 0.9602234
 endloop
endfacet
facet normal -0.23017637 0.6023154 -0.7643527
 outer loop
  vertex -0.20887092 0.56760997 -0.7963611
  vertex -0.274294 0.61418366 -0.73995924
  vertex -0.24654216 0.6374393 -0.7299908
 endloop
endfacet
facet normal -0.23017518 0.6023161 -0.76435256
 outer loop
  vertex -0.20887092 0.56760997 -0.7963611
  vertex -0.24654216 0.6374393 -0.7299908
  vertex -0.18781972 0.58525056 -0.78879946
 endloop
endfacet
facet normal -0.67276794 0.6570796 0.34004384
 outer loop
  vertex -0.70917886 0.64615476 0.282042
  vertex -0.70545614 0.60411656 0.37063932
  vertex -0.6332863 0.6645939 0.39656287
 endloop
endfacet
facet normal -0.67276746 0.65708023 0.3400435
 outer loop
  vertex -0.70917886 0.64615476 0.282042
  vertex -0.6332863 0.6645939 0.39656287
  vertex -0.6366598 0.7069247 0.3080909
 endloop
endfacet
facet normal -0.25311467 -0.044461798 0.9664141
 outer loop
  vertex -0.29734814 -0.01700701 0.9546181
  vertex -0.24073598 -0.09638418 0.96579355
  vertex -0.2106378 -0.075733855 0.97462666
 endloop
endfacet
facet normal -0.25311363 -0.044460192 0.96641445
 outer loop
  vertex -0.29734814 -0.01700701 0.9546181
  vertex -0.2106378 -0.075733855 0.97462666
  vertex -0.26027262 0.008430434 0.9654988
 endloop
endfacet
facet normal -0.5809374 0.8092089 0.08770739
 outer loop
  vertex -0.6101579 0.7917693 0.028415408
  vertex -0.6250399 0.77082 0.12312662
  vertex -0.5479008 0.8237451 0.14576495
 endloop
endfacet
facet normal -0.58093673 0.80920947 0.08770692
 outer loop
  vertex -0.6101579 0.7917693 0.028415408
  vertex -0.5479008 0.8237451 0.14576495
  vertex -0.53489417 0.84340763 0.05050337
 endloop
endfacet
facet normal -0.30503917 0.03755944 0.9515988
 outer loop
  vertex -0.35109708 0.0625342 0.93424916
  vertex -0.29734814 -0.01700701 0.9546181
  vertex -0.26027262 0.008430434 0.9654988
 endloop
endfacet
facet normal -0.30503908 0.037559606 0.9515989
 outer loop
  vertex -0.35109708 0.0625342 0.93424916
  vertex -0.26027262 0.008430434 0.9654988
  vertex -0.30740127 0.092513844 0.94707274
 endloop
endfacet
facet normal -0.56422967 0.82558376 -0.0075024115
 outer loop
  vertex -0.5893996 0.80509305 -0.066569455
  vertex -0.6101579 0.7917693 0.028415408
  vertex -0.53489417 0.84340763 0.05050337
 endloop
endfacet
facet normal -0.564229 0.8255843 -0.007502883
 outer loop
  vertex -0.5893996 0.80509305 -0.066569455
  vertex -0.53489417 0.84340763 0.05050337
  vertex -0.51673615 0.8549472 -0.045244608
 endloop
endfacet
facet normal -0.35401645 0.119205475 0.9276111
 outer loop
  vertex -0.40146387 0.14147271 0.9048828
  vertex -0.35109708 0.0625342 0.93424916
  vertex -0.30740127 0.092513844 0.94707274
 endloop
endfacet
facet normal -0.35401636 0.11920574 0.9276111
 outer loop
  vertex -0.40146387 0.14147271 0.9048828
  vertex -0.30740127 0.092513844 0.94707274
  vertex -0.35156858 0.17570578 0.91952574
 endloop
endfacet
facet normal -0.542096 0.8340234 -0.10264933
 outer loop
  vertex -0.5629651 0.8106633 -0.1609132
  vertex -0.5893996 0.80509305 -0.066569455
  vertex -0.51673615 0.8549472 -0.045244608
 endloop
endfacet
facet normal -0.5420972 0.8340227 -0.10264857
 outer loop
  vertex -0.5629651 0.8106633 -0.1609132
  vertex -0.51673615 0.8549472 -0.045244608
  vertex -0.4936017 0.8582534 -0.14055681
 endloop
endfacet
facet normal -0.3995677 0.19967853 0.8946922
 outer loop
  vertex -0.4479648 0.21904911 0.866802
  vertex -0.40146387 0.14147271 0.9048828
  vertex -0.35156858 0.17570578 0.91952574
 endloop
endfacet
facet normal -0.39956808 0.19967757 0.89469224
 outer loop
  vertex -0.4479648 0.21904911 0.866802
  vertex -0.35156858 0.17570578 0.91952574
  vertex -0.39235058 0.25720596 0.88312334
 endloop
endfacet
facet normal -0.5147488 0.8344432 -0.19682017
 outer loop
  vertex -0.53110963 0.80842686 -0.2537072
  vertex -0.5629651 0.8106633 -0.1609132
  vertex -0.4936017 0.8582534 -0.14055681
 endloop
endfacet
facet normal -0.5147486 0.8344433 -0.19682027
 outer loop
  vertex -0.53110963 0.80842686 -0.2537072
  vertex -0.4936017 0.8582534 -0.14055681
  vertex -0.46571422 0.85329455 -0.23451534
 endloop
endfacet
facet normal -0.44126394 0.27821487 0.8531603
 outer loop
  vertex -0.49015132 0.2945153 0.8203732
  vertex -0.4479648 0.21904911 0.866802
  vertex -0.39235058 0.25720596 0.88312334
 endloop
endfacet
facet normal -0.44126374 0.27821532 0.8531604
 outer loop
  vertex -0.49015132 0.2945153 0.8203732
  vertex -0.39235058 0.25720596 0.88312334
  vertex -0.42935377 0.33622837 0.8382157
 endloop
endfacet
facet normal -0.48243752 0.8268353 -0.28913257
 outer loop
  vertex -0.49413827 0.7984043 -0.34405813
  vertex -0.53110963 0.80842686 -0.2537072
  vertex -0.46571422 0.85329455 -0.23451534
 endloop
endfacet
facet normal -0.48243698 0.8268354 -0.28913274
 outer loop
  vertex -0.49413827 0.7984043 -0.34405813
  vertex -0.46571422 0.85329455 -0.23451534
  vertex -0.43334073 0.84011734 -0.32621562
 endloop
endfacet
facet normal -0.47869664 0.35404596 0.80343074
 outer loop
  vertex -0.527618 0.36714584 0.766044
  vertex -0.49015132 0.2945153 0.8203732
  vertex -0.42935377 0.33622837 0.8382157
 endloop
endfacet
facet normal -0.4786966 0.35404608 0.8034308
 outer loop
  vertex -0.527618 0.36714584 0.766044
  vertex -0.42935377 0.33622837 0.8382157
  vertex -0.46222258 0.41201353 0.7852359
 endloop
endfacet
facet normal -0.44548082 0.81126916 -0.37866777
 outer loop
  vertex -0.4524086 0.7806933 -0.4310952
  vertex -0.49413827 0.7984043 -0.34405813
  vertex -0.43334073 0.84011734 -0.32621562
 endloop
endfacet
facet normal -0.4454817 0.8112688 -0.37866738
 outer loop
  vertex -0.4524086 0.7806933 -0.4310952
  vertex -0.43334073 0.84011734 -0.32621562
  vertex -0.3967944 0.81885016 -0.41477385
 endloop
endfacet
facet normal -0.51152086 0.42646593 0.7459713
 outer loop
  vertex -0.5600025 0.4362398 0.7043371
  vertex -0.527618 0.36714584 0.766044
  vertex -0.46222258 0.41201353 0.7852359
 endloop
endfacet
facet normal -0.51152116 0.42646542 0.74597156
 outer loop
  vertex -0.5600025 0.4362398 0.7043371
  vertex -0.46222258 0.41201353 0.7852359
  vertex -0.4906391 0.48382995 0.72469354
 endloop
endfacet
facet normal -0.40422246 0.7878848 -0.4645878
 outer loop
  vertex -0.40632188 0.75546324 -0.51398087
  vertex -0.4524086 0.7806933 -0.4310952
  vertex -0.3967944 0.81885016 -0.41477385
 endloop
endfacet
facet normal -0.4042214 0.7878851 -0.4645881
 outer loop
  vertex -0.40632188 0.75546324 -0.51398087
  vertex -0.3967944 0.81885016 -0.41477385
  vertex -0.3564266 0.7896963 -0.49933788
 endloop
endfacet
facet normal -0.53941315 0.4947564 0.6813586
 outer loop
  vertex -0.5869945 0.501133 0.6358472
  vertex -0.5600025 0.4362398 0.7043371
  vertex -0.4906391 0.48382995 0.72469354
 endloop
endfacet
facet normal -0.5394134 0.49475604 0.6813587
 outer loop
  vertex -0.5869945 0.501133 0.6358472
  vertex -0.4906391 0.48382995 0.72469354
  vertex -0.51433116 0.5509873 0.6571721
 endloop
endfacet
facet normal -0.359062 0.7569074 -0.54604554
 outer loop
  vertex -0.3563225 0.7229579 -0.5919165
  vertex -0.40632188 0.75546324 -0.51398087
  vertex -0.3564266 0.7896963 -0.49933788
 endloop
endfacet
facet normal -0.3590633 0.756907 -0.54604524
 outer loop
  vertex -0.3563225 0.7229579 -0.5919165
  vertex -0.3564266 0.7896963 -0.49933788
  vertex -0.3126267 0.7529376 -0.57909286
 endloop
endfacet
facet normal -0.56211483 0.55827874 0.6102064
 outer loop
  vertex -0.6083336 0.5612006 0.561234
  vertex -0.5869945 0.501133 0.6358472
  vertex -0.51433116 0.5509873 0.6571721
 endloop
endfacet
facet normal -0.56211436 0.55827945 0.6102061
 outer loop
  vertex -0.6083336 0.5612006 0.561234
  vertex -0.51433116 0.5509873 0.6571721
  vertex -0.53306985 0.6128389 0.583322
 endloop
endfacet
facet normal -0.3104284 0.71862376 -0.62226534
 outer loop
  vertex -0.30289078 0.68348986 -0.6641516
  vertex -0.3563225 0.7229579 -0.5919165
  vertex -0.3126267 0.7529376 -0.57909286
 endloop
endfacet
facet normal -0.31042802 0.71862394 -0.6222654
 outer loop
  vertex -0.30289078 0.68348986 -0.6641516
  vertex -0.3126267 0.7529376 -0.57909286
  vertex -0.26581523 0.70892733 -0.6532709
 endloop
endfacet
facet normal -0.5794116 0.61643356 0.5331902
 outer loop
  vertex -0.6238138 0.6158627 0.4812157
  vertex -0.6083336 0.5612006 0.561234
  vertex -0.53306985 0.6128389 0.583322
 endloop
endfacet
facet normal -0.57941175 0.61643344 0.53319025
 outer loop
  vertex -0.6238138 0.6158627 0.4812157
  vertex -0.53306985 0.6128389 0.583322
  vertex -0.5466747 0.6687878 0.503854
 endloop
endfacet
facet normal -0.25879323 0.67340595 -0.6924958
 outer loop
  vertex -0.24654216 0.6374393 -0.7299908
  vertex -0.30289078 0.68348986 -0.6641516
  vertex -0.26581523 0.70892733 -0.6532709
 endloop
endfacet
facet normal -0.25879318 0.673406 -0.6924959
 outer loop
  vertex -0.24654216 0.6374393 -0.7299908
  vertex -0.26581523 0.70892733 -0.6532709
  vertex -0.21644397 0.65808964 -0.7211577
 endloop
endfacet
facet normal -0.5911379 0.6686536 0.4510636
 outer loop
  vertex -0.6332863 0.6645939 0.39656287
  vertex -0.6238138 0.6158627 0.4812157
  vertex -0.5466747 0.6687878 0.503854
 endloop
endfacet
facet normal -0.5911379 0.6686536 0.4510636
 outer loop
  vertex -0.6332863 0.6645939 0.39656287
  vertex -0.5466747 0.6687878 0.503854
  vertex -0.55501467 0.71829593 0.41953358
 endloop
endfacet
facet normal -0.0847483 -0.2848893 0.95480675
 outer loop
  vertex -0.12112443 -0.251598 0.9602234
  vertex -0.059276477 -0.3259402 0.9435312
  vertex -0.05156739 -0.320651 0.9457936
 endloop
endfacet
facet normal -0.0847471 -0.28488824 0.9548071
 outer loop
  vertex -0.12112443 -0.251598 0.9602234
  vertex -0.05156739 -0.320651 0.9457936
  vertex -0.10578049 -0.24107052 0.9647264
 endloop
endfacet
facet normal -0.20465395 0.6216856 -0.75605804
 outer loop
  vertex -0.18781972 0.58525056 -0.78879946
  vertex -0.24654216 0.6374393 -0.7299908
  vertex -0.21644397 0.65808964 -0.7211577
 endloop
endfacet
facet normal -0.20465364 0.62168574 -0.75605804
 outer loop
  vertex -0.18781972 0.58525056 -0.78879946
  vertex -0.21644397 0.65808964 -0.7211577
  vertex -0.1649887 0.6009149 -0.7820991
 endloop
endfacet
facet normal -0.5971834 0.7144456 0.36460873
 outer loop
  vertex -0.6366598 0.7069247 0.3080909
  vertex -0.6332863 0.6645939 0.39656287
  vertex -0.55501467 0.71829593 0.41953358
 endloop
endfacet
facet normal -0.5971829 0.7144461 0.36460832
 outer loop
  vertex -0.6366598 0.7069247 0.3080909
  vertex -0.55501467 0.71829593 0.41953358
  vertex -0.55800945 0.7608865 0.33117276
 endloop
endfacet
facet normal -0.14243056 -0.20646998 0.96803087
 outer loop
  vertex -0.18180576 -0.17483272 0.96766824
  vertex -0.12112443 -0.251598 0.9602234
  vertex -0.10578049 -0.24107052 0.9647264
 endloop
endfacet
facet normal -0.14243251 -0.20647222 0.96803004
 outer loop
  vertex -0.18180576 -0.17483272 0.96766824
  vertex -0.10578049 -0.24107052 0.9647264
  vertex -0.15897474 -0.15916839 0.9743686
 endloop
endfacet
facet normal -0.14852768 0.563955 -0.8123387
 outer loop
  vertex -0.12728816 0.5274249 -0.8400117
  vertex -0.18781972 0.58525056 -0.78879946
  vertex -0.1649887 0.6009149 -0.7820991
 endloop
endfacet
facet normal -0.14852901 0.5639545 -0.8123389
 outer loop
  vertex -0.12728816 0.5274249 -0.8400117
  vertex -0.1649887 0.6009149 -0.7820991
  vertex -0.11194422 0.5379523 -0.8355087
 endloop
endfacet
facet normal -0.59749085 0.75337154 0.274656
 outer loop
  vertex -0.63390225 0.74244744 0.21665207
  vertex -0.6366598 0.7069247 0.3080909
  vertex -0.55800945 0.7608865 0.33117276
 endloop
endfacet
facet normal -0.597491 0.7533714 0.27465615
 outer loop
  vertex -0.63390225 0.74244744 0.21665207
  vertex -0.55800945 0.7608865 0.33117276
  vertex -0.5556306 0.79614943 0.23962277
 endloop
endfacet
facet normal -0.19873823 -0.1260656 0.9719108
 outer loop
  vertex -0.24073598 -0.09638418 0.96579355
  vertex -0.18180576 -0.17483272 0.96766824
  vertex -0.15897474 -0.15916839 0.9743686
 endloop
endfacet
facet normal -0.19873889 -0.12606646 0.97191054
 outer loop
  vertex -0.24073598 -0.09638418 0.96579355
  vertex -0.15897474 -0.15916839 0.9743686
  vertex -0.2106378 -0.075733855 0.97462666
 endloop
endfacet
facet normal -0.09096576 0.5007765 -0.86078346
 outer loop
  vertex -0.06553074 0.46451998 -0.8831342
  vertex -0.12728816 0.5274249 -0.8400117
  vertex -0.11194422 0.5379523 -0.8355087
 endloop
endfacet
facet normal -0.090965465 0.50077677 -0.86078334
 outer loop
  vertex -0.06553074 0.46451998 -0.8831342
  vertex -0.11194422 0.5379523 -0.8355087
  vertex -0.057821654 0.46980917 -0.8808718
 endloop
endfacet
facet normal -0.59205854 0.78506124 0.18205924
 outer loop
  vertex -0.6250399 0.77082 0.12312662
  vertex -0.63390225 0.74244744 0.21665207
  vertex -0.5556306 0.79614943 0.23962277
 endloop
endfacet
facet normal -0.5920592 0.78506064 0.18205978
 outer loop
  vertex -0.6250399 0.77082 0.12312662
  vertex -0.5556306 0.79614943 0.23962277
  vertex -0.5479008 0.8237451 0.14576495
 endloop
endfacet
facet normal -0.30546826 0.14922708 0.9404363
 outer loop
  vertex -0.35156858 0.17570578 0.91952574
  vertex -0.30740127 0.092513844 0.94707274
  vertex -0.26071984 0.118422434 0.95812446
 endloop
endfacet
facet normal -0.30546787 0.14922771 0.94043636
 outer loop
  vertex -0.35156858 0.17570578 0.91952574
  vertex -0.26071984 0.118422434 0.95812446
  vertex -0.2982641 0.20529015 0.9321454
 endloop
endfacet
facet normal -0.468464 0.87955666 -0.08319661
 outer loop
  vertex -0.4936017 0.8582534 -0.14055681
  vertex -0.51673615 0.8549472 -0.045244608
  vertex -0.43910778 0.89803153 -0.02686638
 endloop
endfacet
facet normal -0.46846342 0.87955695 -0.08319698
 outer loop
  vertex -0.4936017 0.8582534 -0.14055681
  vertex -0.43910778 0.89803153 -0.02686638
  vertex -0.4194989 0.899381 -0.123013236
 endloop
endfacet
facet normal -0.34484297 0.23351888 0.9091492
 outer loop
  vertex -0.39235058 0.25720596 0.88312334
  vertex -0.35156858 0.17570578 0.91952574
  vertex -0.2982641 0.20529015 0.9321454
 endloop
endfacet
facet normal -0.3448425 0.23351961 0.9091492
 outer loop
  vertex -0.39235058 0.25720596 0.88312334
  vertex -0.2982641 0.20529015 0.9321454
  vertex -0.33293635 0.29018122 0.89718944
 endloop
endfacet
facet normal -0.444876 0.87765163 -0.17836203
 outer loop
  vertex -0.46571422 0.85329455 -0.23451534
  vertex -0.4936017 0.8582534 -0.14055681
  vertex -0.4194989 0.899381 -0.123013236
 endloop
endfacet
facet normal -0.44487646 0.87765133 -0.17836173
 outer loop
  vertex -0.46571422 0.85329455 -0.23451534
  vertex -0.4194989 0.899381 -0.123013236
  vertex -0.39585057 0.8920694 -0.21797532
 endloop
endfacet
facet normal -0.3808903 0.31554955 0.86910933
 outer loop
  vertex -0.42935377 0.33622837 0.8382157
  vertex -0.39235058 0.25720596 0.88312334
  vertex -0.33293635 0.29018122 0.89718944
 endloop
endfacet
facet normal -0.38089034 0.31554955 0.86910933
 outer loop
  vertex -0.42935377 0.33622837 0.8382157
  vertex -0.33293635 0.29018122 0.89718944
  vertex -0.3644021 0.37227702 0.85359275
 endloop
endfacet
facet normal -0.41699982 0.86730105 -0.27184594
 outer loop
  vertex -0.43334073 0.84011734 -0.32621562
  vertex -0.46571422 0.85329455 -0.23451534
  vertex -0.39585057 0.8920694 -0.21797532
 endloop
endfacet
facet normal -0.41699955 0.867301 -0.27184603
 outer loop
  vertex -0.43334073 0.84011734 -0.32621562
  vertex -0.39585057 0.8920694 -0.21797532
  vertex -0.36838904 0.876166 -0.31083852
 endloop
endfacet
facet normal -0.4132586 0.39451215 0.8207177
 outer loop
  vertex -0.46222258 0.41201353 0.7852359
  vertex -0.42935377 0.33622837 0.8382157
  vertex -0.3644021 0.37227702 0.85359275
 endloop
endfacet
facet normal -0.4132594 0.39451072 0.82071793
 outer loop
  vertex -0.46222258 0.41201353 0.7852359
  vertex -0.3644021 0.37227702 0.85359275
  vertex -0.39235893 0.45078838 0.80177593
 endloop
endfacet
facet normal -0.38510832 0.848603 -0.3627182
 outer loop
  vertex -0.3967944 0.81885016 -0.41477385
  vertex -0.43334073 0.84011734 -0.32621562
  vertex -0.36838904 0.876166 -0.31083852
 endloop
endfacet
facet normal -0.38510755 0.8486032 -0.36271852
 outer loop
  vertex -0.3967944 0.81885016 -0.41477385
  vertex -0.36838904 0.876166 -0.31083852
  vertex -0.33738017 0.8518254 -0.40070775
 endloop
endfacet
facet normal -0.44164914 0.46967328 0.76442987
 outer loop
  vertex -0.4906391 0.48382995 0.72469354
  vertex -0.46222258 0.41201353 0.7852359
  vertex -0.39235893 0.45078838 0.80177593
 endloop
endfacet
facet normal -0.4416487 0.469674 0.7644296
 outer loop
  vertex -0.4906391 0.48382995 0.72469354
  vertex -0.39235893 0.45078838 0.80177593
  vertex -0.4165363 0.5249576 0.7422371
 endloop
endfacet
facet normal -0.3494962 0.8217264 -0.45013124
 outer loop
  vertex -0.3564266 0.7896963 -0.49933788
  vertex -0.3967944 0.81885016 -0.41477385
  vertex -0.33738017 0.8518254 -0.40070775
 endloop
endfacet
facet normal -0.34949732 0.82172614 -0.45013088
 outer loop
  vertex -0.3564266 0.7896963 -0.49933788
  vertex -0.33738017 0.8518254 -0.40070775
  vertex -0.3031221 0.8192807 -0.4867182
 endloop
endfacet
facet normal -0.46577978 0.5402903 0.7008107
 outer loop
  vertex -0.51433116 0.5509873 0.6571721
  vertex -0.4906391 0.48382995 0.72469354
  vertex -0.4165363 0.5249576 0.7422371
 endloop
endfacet
facet normal -0.4657798 0.54029024 0.7008107
 outer loop
  vertex -0.51433116 0.5509873 0.6571721
  vertex -0.4165363 0.5249576 0.7422371
  vertex -0.43670288 0.59407157 0.67555034
 endloop
endfacet
facet normal -0.31051373 0.7869293 -0.53321993
 outer loop
  vertex -0.3126267 0.7529376 -0.57909286
  vertex -0.3564266 0.7896963 -0.49933788
  vertex -0.3031221 0.8192807 -0.4867182
 endloop
endfacet
facet normal -0.31051454 0.78692913 -0.5332197
 outer loop
  vertex -0.3126267 0.7529376 -0.57909286
  vertex -0.3031221 0.8192807 -0.4867182
  vertex -0.26594526 0.7788462 -0.5680412
 endloop
endfacet
facet normal -0.48542884 0.6057007 0.6304646
 outer loop
  vertex -0.53306985 0.6128389 0.583322
  vertex -0.51433116 0.5509873 0.6571721
  vertex -0.43670288 0.59407157 0.67555034
 endloop
endfacet
facet normal -0.4854284 0.60570145 0.63046426
 outer loop
  vertex -0.53306985 0.6128389 0.583322
  vertex -0.43670288 0.59407157 0.67555034
  vertex -0.45266354 0.657465 0.60235786
 endloop
endfacet
facet normal -0.2685254 0.7445359 -0.61119574
 outer loop
  vertex -0.26581523 0.70892733 -0.6532709
  vertex -0.3126267 0.7529376 -0.57909286
  vertex -0.26594526 0.7788462 -0.5680412
 endloop
endfacet
facet normal -0.26852414 0.7445363 -0.61119604
 outer loop
  vertex -0.26581523 0.70892733 -0.6532709
  vertex -0.26594526 0.7788462 -0.5680412
  vertex -0.22620644 0.7309105 -0.64389366
 endloop
endfacet
facet normal -0.50041044 0.66528696 0.55406016
 outer loop
  vertex -0.5466747 0.6687878 0.503854
  vertex -0.53306985 0.6128389 0.583322
  vertex -0.45266354 0.657465 0.60235786
 endloop
endfacet
facet normal -0.5004108 0.6652864 0.5540605
 outer loop
  vertex -0.5466747 0.6687878 0.503854
  vertex -0.45266354 0.657465 0.60235786
  vertex -0.4642649 0.7145258 0.52336425
 endloop
endfacet
facet normal -0.2239404 0.6949584 -0.6832887
 outer loop
  vertex -0.21644397 0.65808964 -0.7211577
  vertex -0.26581523 0.70892733 -0.6532709
  vertex -0.22620644 0.7309105 -0.64389366
 endloop
endfacet
facet normal -0.22394073 0.6949583 -0.6832887
 outer loop
  vertex -0.21644397 0.65808964 -0.7211577
  vertex -0.22620644 0.7309105 -0.64389366
  vertex -0.18428926 0.67593575 -0.7135452
 endloop
endfacet
facet normal -0.5105814 0.7184687 0.47234455
 outer loop
  vertex -0.55501467 0.71829593 0.41953358
  vertex -0.5466747 0.6687878 0.503854
  vertex -0.4642649 0.7145258 0.52336425
 endloop
endfacet
facet normal -0.5105814 0.7184687 0.4723446
 outer loop
  vertex -0.55501467 0.71829593 0.41953358
  vertex -0.4642649 0.7145258 0.52336425
  vertex -0.4713949 0.76470554 0.43933025
 endloop
endfacet
facet normal -0.072784565 -0.2774907 0.9579673
 outer loop
  vertex -0.10578049 -0.24107052 0.9647264
  vertex -0.05156739 -0.320651 0.9457936
  vertex -0.04333156 -0.31608006 0.9477434
 endloop
endfacet
facet normal -0.0727866 -0.27749223 0.9579667
 outer loop
  vertex -0.10578049 -0.24107052 0.9647264
  vertex -0.04333156 -0.31608006 0.9477434
  vertex -0.08938815 -0.23197265 0.96860725
 endloop
endfacet
facet normal -0.17718956 0.63866925 -0.74880266
 outer loop
  vertex -0.1649887 0.6009149 -0.7820991
  vertex -0.21644397 0.65808964 -0.7211577
  vertex -0.18428926 0.67593575 -0.7135452
 endloop
endfacet
facet normal -0.17718884 0.63866943 -0.7488028
 outer loop
  vertex -0.1649887 0.6009149 -0.7820991
  vertex -0.18428926 0.67593575 -0.7135452
  vertex -0.14059769 0.61445206 -0.7763246
 endloop
endfacet
facet normal -0.5158454 0.76474416 0.38609558
 outer loop
  vertex -0.55800945 0.7608865 0.33117276
  vertex -0.55501467 0.71829593 0.41953358
  vertex -0.4713949 0.76470554 0.43933025
 endloop
endfacet
facet normal -0.5158455 0.76474416 0.38609555
 outer loop
  vertex -0.55800945 0.7608865 0.33117276
  vertex -0.4713949 0.76470554 0.43933025
  vertex -0.4739851 0.8075206 0.35106522
 endloop
endfacet
facet normal -0.12262337 -0.19422254 0.97326314
 outer loop
  vertex -0.15897474 -0.15916839 0.9743686
  vertex -0.10578049 -0.24107052 0.9647264
  vertex -0.08938815 -0.23197265 0.96860725
 endloop
endfacet
facet normal -0.12262124 -0.19422054 0.9732638
 outer loop
  vertex -0.15897474 -0.15916839 0.9743686
  vertex -0.08938815 -0.23197265 0.96860725
  vertex -0.13458373 -0.14563122 0.980143
 endloop
endfacet
facet normal -0.12871791 0.5762053 -0.80710536
 outer loop
  vertex -0.11194422 0.5379523 -0.8355087
  vertex -0.1649887 0.6009149 -0.7820991
  vertex -0.14059769 0.61445206 -0.7763246
 endloop
endfacet
facet normal -0.12871769 0.57620543 -0.8071054
 outer loop
  vertex -0.11194422 0.5379523 -0.8355087
  vertex -0.14059769 0.61445206 -0.7763246
  vertex -0.095551886 0.5470502 -0.83162785
 endloop
endfacet
facet normal -0.51615345 0.8036696 0.2961433
 outer loop
  vertex -0.5556306 0.79614943 0.23962277
  vertex -0.55800945 0.7608865 0.33117276
  vertex -0.4739851 0.8075206 0.35106522
 endloop
endfacet
facet normal -0.5161538 0.80366933 0.29614356
 outer loop
  vertex -0.5556306 0.79614943 0.23962277
  vertex -0.4739851 0.8075206 0.35106522
  vertex -0.4720109 0.84255904 0.25941944
 endloop
endfacet
facet normal -0.17127165 -0.109081075 0.9791667
 outer loop
  vertex -0.2106378 -0.075733855 0.97462666
  vertex -0.15897474 -0.15916839 0.9743686
  vertex -0.13458373 -0.14563122 0.980143
 endloop
endfacet
facet normal -0.17127185 -0.10908128 0.97916657
 outer loop
  vertex -0.2106378 -0.075733855 0.97462666
  vertex -0.13458373 -0.14563122 0.980143
  vertex -0.17848308 -0.057887748 0.9822391
 endloop
endfacet
facet normal -0.07900066 0.50817555 -0.8576225
 outer loop
  vertex -0.057821654 0.46980917 -0.8808718
  vertex -0.11194422 0.5379523 -0.8355087
  vertex -0.095551886 0.5470502 -0.83162785
 endloop
endfacet
facet normal -0.07900249 0.5081749 -0.8576228
 outer loop
  vertex -0.057821654 0.46980917 -0.8808718
  vertex -0.095551886 0.5470502 -0.83162785
  vertex -0.049585823 0.4743801 -0.878922
 endloop
endfacet
facet normal -0.5115028 0.8348757 0.20334053
 outer loop
  vertex -0.5479008 0.8237451 0.14576495
  vertex -0.5556306 0.79614943 0.23962277
  vertex -0.4720109 0.84255904 0.25941944
 endloop
endfacet
facet normal -0.5115023 0.8348761 0.20334014
 outer loop
  vertex -0.5479008 0.8237451 0.14576495
  vertex -0.4720109 0.84255904 0.25941944
  vertex -0.46549097 0.8694831 0.16527522
 endloop
endfacet
facet normal -0.21825996 -0.022907112 0.9756218
 outer loop
  vertex -0.26027262 0.008430434 0.9654988
  vertex -0.2106378 -0.075733855 0.97462666
  vertex -0.17848308 -0.057887748 0.9822391
 endloop
endfacet
facet normal -0.21826081 -0.022908213 0.97562164
 outer loop
  vertex -0.26027262 0.008430434 0.9654988
  vertex -0.17848308 -0.057887748 0.9822391
  vertex -0.22066385 0.03041361 0.97487605
 endloop
endfacet
facet normal -0.501936 0.8580625 0.10857693
 outer loop
  vertex -0.53489417 0.84340763 0.05050337
  vertex -0.5479008 0.8237451 0.14576495
  vertex -0.46549097 0.8694831 0.16527522
 endloop
endfacet
facet normal -0.5019362 0.85806245 0.10857703
 outer loop
  vertex -0.53489417 0.84340763 0.05050337
  vertex -0.46549097 0.8694831 0.16527522
  vertex -0.45448792 0.8880337 0.06953927
 endloop
endfacet
facet normal -0.26313597 0.06347208 0.9626686
 outer loop
  vertex -0.30740127 0.092513844 0.94707274
  vertex -0.26027262 0.008430434 0.9654988
  vertex -0.22066385 0.03041361 0.97487605
 endloop
endfacet
facet normal -0.26313645 0.06347127 0.9626684
 outer loop
  vertex -0.30740127 0.092513844 0.94707274
  vertex -0.22066385 0.03041361 0.97487605
  vertex -0.26071984 0.118422434 0.95812446
 endloop
endfacet
facet normal -0.48754403 0.8730052 0.012755137
 outer loop
  vertex -0.51673615 0.8549472 -0.045244608
  vertex -0.53489417 0.84340763 0.05050337
  vertex -0.45448792 0.8880337 0.06953927
 endloop
endfacet
facet normal -0.48754406 0.87300515 0.0127551835
 outer loop
  vertex -0.51673615 0.8549472 -0.045244608
  vertex -0.45448792 0.8880337 0.06953927
  vertex -0.43910778 0.89803153 -0.02686638
 endloop
endfacet
facet normal -0.31682974 0.3472773 0.8826196
 outer loop
  vertex -0.3644021 0.37227702 0.85359275
  vertex -0.33293635 0.29018122 0.89718944
  vertex -0.2702944 0.31765747 0.90886486
 endloop
endfacet
facet normal -0.31683013 0.3472767 0.8826197
 outer loop
  vertex -0.3644021 0.37227702 0.85359275
  vertex -0.2702944 0.31765747 0.90886486
  vertex -0.29592183 0.40231413 0.8663564
 endloop
endfacet
facet normal -0.34756514 0.9016903 -0.25720224
 outer loop
  vertex -0.36838904 0.876166 -0.31083852
  vertex -0.39585057 0.8920694 -0.21797532
  vertex -0.32219142 0.9243781 -0.20424649
 endloop
endfacet
facet normal -0.34756517 0.90169036 -0.25720227
 outer loop
  vertex -0.36838904 0.876166 -0.31083852
  vertex -0.32219142 0.9243781 -0.20424649
  vertex -0.2999088 0.9062031 -0.29807496
 endloop
endfacet
facet normal -0.34382415 0.42890042 0.8353618
 outer loop
  vertex -0.39235893 0.45078838 0.80177593
  vertex -0.3644021 0.37227702 0.85359275
  vertex -0.29592183 0.40231413 0.8663564
 endloop
endfacet
facet normal -0.34382355 0.4289013 0.8353616
 outer loop
  vertex -0.39235893 0.45078838 0.80177593
  vertex -0.29592183 0.40231413 0.8663564
  vertex -0.31869978 0.48309708 0.8155047
 endloop
endfacet
facet normal -0.32104784 0.8803305 -0.3492083
 outer loop
  vertex -0.33738017 0.8518254 -0.40070775
  vertex -0.36838904 0.876166 -0.31083852
  vertex -0.2999088 0.9062031 -0.29807496
 endloop
endfacet
facet normal -0.32104734 0.88033056 -0.34920853
 outer loop
  vertex -0.33738017 0.8518254 -0.40070775
  vertex -0.2999088 0.9062031 -0.29807496
  vertex -0.27473822 0.87930167 -0.38903233
 endloop
endfacet
facet normal -0.3675077 0.5063942 0.780066
 outer loop
  vertex -0.4165363 0.5249576 0.7422371
  vertex -0.39235893 0.45078838 0.80177593
  vertex -0.31869978 0.48309708 0.8155047
 endloop
endfacet
facet normal -0.3675077 0.5063941 0.7800661
 outer loop
  vertex -0.4165363 0.5249576 0.7422371
  vertex -0.31869978 0.48309708 0.8155047
  vertex -0.33840775 0.5592266 0.756799
 endloop
endfacet
facet normal -0.29142904 0.850486 -0.43788433
 outer loop
  vertex -0.3031221 0.8192807 -0.4867182
  vertex -0.33738017 0.8518254 -0.40070775
  vertex -0.27473822 0.87930167 -0.38903233
 endloop
endfacet
facet normal -0.291429 0.85048604 -0.4378844
 outer loop
  vertex -0.3031221 0.8192807 -0.4867182
  vertex -0.27473822 0.87930167 -0.38903233
  vertex -0.24692178 0.8439315 -0.47624338
 endloop
endfacet
facet normal -0.38764802 0.5789872 0.71728843
 outer loop
  vertex -0.43670288 0.59407157 0.67555034
  vertex -0.4165363 0.5249576 0.7422371
  vertex -0.33840775 0.5592266 0.756799
 endloop
endfacet
facet normal -0.3876482 0.578987 0.7172886
 outer loop
  vertex -0.43670288 0.59407157 0.67555034
  vertex -0.33840775 0.5592266 0.756799
  vertex -0.3548573 0.62997097 0.690805
 endloop
endfacet
facet normal -0.25899872 0.8124437 -0.5223552
 outer loop
  vertex -0.26594526 0.7788462 -0.5680412
  vertex -0.3031221 0.8192807 -0.4867182
  vertex -0.24692178 0.8439315 -0.47624338
 endloop
endfacet
facet normal -0.25899675 0.81244385 -0.5223558
 outer loop
  vertex -0.26594526 0.7788462 -0.5680412
  vertex -0.24692178 0.8439315 -0.47624338
  vertex -0.21672776 0.80043405 -0.5588679
 endloop
endfacet
facet normal -0.40405837 0.6460019 0.64762527
 outer loop
  vertex -0.45266354 0.657465 0.60235786
  vertex -0.43670288 0.59407157 0.67555034
  vertex -0.3548573 0.62997097 0.690805
 endloop
endfacet
facet normal -0.40405834 0.64600194 0.64762527
 outer loop
  vertex -0.45266354 0.657465 0.60235786
  vertex -0.3548573 0.62997097 0.690805
  vertex -0.36788905 0.69464904 0.61815846
 endloop
endfacet
facet normal -0.22405988 0.76655835 -0.6018185
 outer loop
  vertex -0.22620644 0.7309105 -0.64389366
  vertex -0.26594526 0.7788462 -0.5680412
  vertex -0.21672776 0.80043405 -0.5588679
 endloop
endfacet
facet normal -0.22406232 0.76655805 -0.6018179
 outer loop
  vertex -0.22620644 0.7309105 -0.64389366
  vertex -0.21672776 0.80043405 -0.5588679
  vertex -0.18444583 0.7492277 -0.6361102
 endloop
endfacet
facet normal -0.41658366 0.70680404 0.5717395
 outer loop
  vertex -0.4642649 0.7145258 0.52336425
  vertex -0.45266354 0.657465 0.60235786
  vertex -0.36788905 0.69464904 0.61815846
 endloop
endfacet
facet normal -0.41658336 0.7068045 0.5717392
 outer loop
  vertex -0.4642649 0.7145258 0.52336425
  vertex -0.36788905 0.69464904 0.61815846
  vertex -0.37737805 0.7526364 0.53955853
 endloop
endfacet
facet normal -0.18695965 0.7132742 -0.6754894
 outer loop
  vertex -0.18428926 0.67593575 -0.7135452
  vertex -0.22620644 0.7309105 -0.64389366
  vertex -0.18444583 0.7492277 -0.6361102
 endloop
endfacet
facet normal -0.18695803 0.7132745 -0.6754896
 outer loop
  vertex -0.18428926 0.67593575 -0.7135452
  vertex -0.18444583 0.7492277 -0.6361102
  vertex -0.15038769 0.69080573 -0.7072265
 endloop
endfacet
facet normal -0.42510325 0.76080394 0.49037194
 outer loop
  vertex -0.4713949 0.76470554 0.43933025
  vertex -0.4642649 0.7145258 0.52336425
  vertex -0.37737805 0.7526364 0.53955853
 endloop
endfacet
facet normal -0.42510292 0.7608042 0.49037164
 outer loop
  vertex -0.4713949 0.76470554 0.43933025
  vertex -0.37737805 0.7526364 0.53955853
  vertex -0.38323238 0.8033756 0.45576227
 endloop
endfacet
facet normal -0.060088903 -0.2712034 0.9606446
 outer loop
  vertex -0.08938815 -0.23197265 0.96860725
  vertex -0.04333156 -0.31608006 0.9477434
  vertex -0.03464831 -0.3122714 0.9493618
 endloop
endfacet
facet normal -0.060089953 -0.27120405 0.96064436
 outer loop
  vertex -0.08938815 -0.23197265 0.96860725
  vertex -0.03464831 -0.3122714 0.9493618
  vertex -0.07210526 -0.22439197 0.97182846
 endloop
endfacet
facet normal -0.14804669 0.6531028 -0.74265665
 outer loop
  vertex -0.14059769 0.61445206 -0.7763246
  vertex -0.18428926 0.67593575 -0.7135452
  vertex -0.15038769 0.69080573 -0.7072265
 endloop
endfacet
facet normal -0.14804675 0.65310276 -0.74265665
 outer loop
  vertex -0.14059769 0.61445206 -0.7763246
  vertex -0.15038769 0.69080573 -0.7072265
  vertex -0.11488162 0.6257317 -0.7715316
 endloop
endfacet
facet normal -0.42953777 0.8074903 0.40429783
 outer loop
  vertex -0.4739851 0.8075206 0.35106522
  vertex -0.4713949 0.76470554 0.43933025
  vertex -0.38323238 0.8033756 0.45576227
 endloop
endfacet
facet normal -0.4295385 0.8074896 0.40429842
 outer loop
  vertex -0.4739851 0.8075206 0.35106522
  vertex -0.38323238 0.8033756 0.45576227
  vertex -0.3853961 0.84637785 0.36757675
 endloop
endfacet
facet normal -0.10160141 -0.18380995 0.9776968
 outer loop
  vertex -0.13458373 -0.14563122 0.980143
  vertex -0.08938815 -0.23197265 0.96860725
  vertex -0.07210526 -0.22439197 0.97182846
 endloop
endfacet
facet normal -0.10160426 -0.18381214 0.9776961
 outer loop
  vertex -0.13458373 -0.14563122 0.980143
  vertex -0.07210526 -0.22439197 0.97182846
  vertex -0.10886766 -0.13435155 0.9849361
 endloop
endfacet
facet normal -0.10769806 0.58661586 -0.8026724
 outer loop
  vertex -0.095551886 0.5470502 -0.83162785
  vertex -0.14059769 0.61445206 -0.7763246
  vertex -0.11488162 0.6257317 -0.7715316
 endloop
endfacet
facet normal -0.107700266 0.58661544 -0.80267245
 outer loop
  vertex -0.095551886 0.5470502 -0.83162785
  vertex -0.11488162 0.6257317 -0.7715316
  vertex -0.078269005 0.5546309 -0.82840663
 endloop
endfacet
facet normal -0.42984647 0.84641534 0.3143456
 outer loop
  vertex -0.4720109 0.84255904 0.25941944
  vertex -0.4739851 0.8075206 0.35106522
  vertex -0.3853961 0.84637785 0.36757675
 endloop
endfacet
facet normal -0.42984575 0.8464159 0.31434497
 outer loop
  vertex -0.4720109 0.84255904 0.25941944
  vertex -0.3853961 0.84637785 0.36757675
  vertex -0.3838484 0.8812291 0.27585146
 endloop
endfacet
facet normal -0.14213265 -0.09464932 0.985312
 outer loop
  vertex -0.17848308 -0.057887748 0.9822391
  vertex -0.13458373 -0.14563122 0.980143
  vertex -0.10886766 -0.13435155 0.9849361
 endloop
endfacet
facet normal -0.14213112 -0.094647914 0.9853124
 outer loop
  vertex -0.17848308 -0.057887748 0.9822391
  vertex -0.10886766 -0.13435155 0.9849361
  vertex -0.14458151 -0.04301776 0.9885578
 endloop
endfacet
facet normal -0.06630919 0.5144616 -0.85494584
 outer loop
  vertex -0.049585823 0.4743801 -0.878922
  vertex -0.095551886 0.5470502 -0.83162785
  vertex -0.078269005 0.5546309 -0.82840663
 endloop
endfacet
facet normal -0.06630979 0.5144614 -0.8549459
 outer loop
  vertex -0.049585823 0.4743801 -0.878922
  vertex -0.078269005 0.5546309 -0.82840663
  vertex -0.040902574 0.47818878 -0.8773036
 endloop
endfacet
facet normal -0.42602393 0.8772116 0.22136733
 outer loop
  vertex -0.46549097 0.8694831 0.16527522
  vertex -0.4720109 0.84255904 0.25941944
  vertex -0.3838484 0.8812291 0.27585146
 endloop
endfacet
facet normal -0.42602408 0.8772114 0.2213675
 outer loop
  vertex -0.46549097 0.8694831 0.16527522
  vertex -0.3838484 0.8812291 0.27585146
  vertex -0.3786041 0.90759367 0.18146947
 endloop
endfacet
facet normal -0.18127911 -0.004592033 0.98342097
 outer loop
  vertex -0.22066385 0.03041361 0.97487605
  vertex -0.17848308 -0.057887748 0.9822391
  vertex -0.14458151 -0.04301776 0.9885578
 endloop
endfacet
facet normal -0.18127903 -0.0045919693 0.9834209
 outer loop
  vertex -0.22066385 0.03041361 0.97487605
  vertex -0.14458151 -0.04301776 0.9885578
  vertex -0.17890327 0.048730776 0.9826595
 endloop
endfacet
facet normal -0.4181085 0.8995803 0.12625629
 outer loop
  vertex -0.45448792 0.8880337 0.06953927
  vertex -0.46549097 0.8694831 0.16527522
  vertex -0.3786041 0.90759367 0.18146947
 endloop
endfacet
facet normal -0.41810876 0.89958006 0.12625651
 outer loop
  vertex -0.45448792 0.8880337 0.06953927
  vertex -0.3786041 0.90759367 0.18146947
  vertex -0.36971343 0.92521775 0.08533981
 endloop
endfacet
facet normal -0.21867247 0.085493356 0.9720459
 outer loop
  vertex -0.26071984 0.118422434 0.95812446
  vertex -0.22066385 0.03041361 0.97487605
  vertex -0.17890327 0.048730776 0.9826595
 endloop
endfacet
facet normal -0.21867272 0.08549304 0.97204584
 outer loop
  vertex -0.26071984 0.118422434 0.95812446
  vertex -0.17890327 0.048730776 0.9826595
  vertex -0.21150237 0.14001034 0.9672978
 endloop
endfacet
facet normal -0.40617323 0.91330624 0.02991621
 outer loop
  vertex -0.43910778 0.89803153 -0.02686638
  vertex -0.45448792 0.8880337 0.06953927
  vertex -0.36971343 0.92521775 0.08533981
 endloop
endfacet
facet normal -0.4061734 0.91330624 0.029916354
 outer loop
  vertex -0.43910778 0.89803153 -0.02686638
  vertex -0.36971343 0.92521775 0.08533981
  vertex -0.35726216 0.93393093 -0.011611705
 endloop
endfacet
facet normal -0.25395274 0.17474177 0.95130086
 outer loop
  vertex -0.2982641 0.20529015 0.9321454
  vertex -0.26071984 0.118422434 0.95812446
  vertex -0.21150237 0.14001034 0.9672978
 endloop
endfacet
facet normal -0.25395325 0.17474115 0.95130086
 outer loop
  vertex -0.2982641 0.20529015 0.9321454
  vertex -0.21150237 0.14001034 0.9672978
  vertex -0.24206376 0.22994097 0.9426203
 endloop
endfacet
facet normal -0.3903321 0.9182534 -0.0667192
 outer loop
  vertex -0.4194989 0.899381 -0.123013236
  vertex -0.43910778 0.89803153 -0.02686638
  vertex -0.35726216 0.93393093 -0.011611705
 endloop
endfacet
facet normal -0.3903329 0.9182532 -0.06671865
 outer loop
  vertex -0.4194989 0.899381 -0.123013236
  vertex -0.35726216 0.93393093 -0.011611705
  vertex -0.3413703 0.9336501 -0.108451344
 endloop
endfacet
facet normal -0.28677547 0.2622788 0.92139554
 outer loop
  vertex -0.33293635 0.29018122 0.89718944
  vertex -0.2982641 0.20529015 0.9321454
  vertex -0.24206376 0.22994097 0.9426203
 endloop
endfacet
facet normal -0.28677484 0.26227963 0.9213955
 outer loop
  vertex -0.33293635 0.29018122 0.89718944
  vertex -0.24206376 0.22994097 0.9426203
  vertex -0.2702944 0.31765747 0.90886486
 endloop
endfacet
facet normal -0.3707361 0.9143714 -0.16272588
 outer loop
  vertex -0.39585057 0.8920694 -0.21797532
  vertex -0.4194989 0.899381 -0.123013236
  vertex -0.3413703 0.9336501 -0.108451344
 endloop
endfacet
facet normal -0.3707362 0.9143714 -0.16272582
 outer loop
  vertex -0.39585057 0.8920694 -0.21797532
  vertex -0.3413703 0.9336501 -0.108451344
  vertex -0.32219142 0.9243781 -0.20424649
 endloop
endfacet
facet normal -0.28981274 0.5362726 0.7927297
 outer loop
  vertex -0.33840775 0.5592266 0.756799
  vertex -0.31869978 0.48309708 0.8155047
  vertex -0.2419546 0.50862837 0.82629025
 endloop
endfacet
facet normal -0.28981283 0.5362725 0.7927296
 outer loop
  vertex -0.33840775 0.5592266 0.756799
  vertex -0.2419546 0.50862837 0.82629025
  vertex -0.25700587 0.5863071 0.7682389
 endloop
endfacet
facet normal -0.23057555 0.87388784 -0.42796594
 outer loop
  vertex -0.24692178 0.8439315 -0.47624338
  vertex -0.27473822 0.87930167 -0.38903233
  vertex -0.20947178 0.90101415 -0.37986004
 endloop
endfacet
facet normal -0.23057683 0.87388784 -0.42796543
 outer loop
  vertex -0.24692178 0.8439315 -0.47624338
  vertex -0.20947178 0.90101415 -0.37986004
  vertex -0.18836685 0.8634113 -0.4680143
 endloop
endfacet
facet normal -0.30577123 0.610474 0.7306336
 outer loop
  vertex -0.3548573 0.62997097 0.690805
  vertex -0.33840775 0.5592266 0.756799
  vertex -0.25700587 0.5863071 0.7682389
 endloop
endfacet
facet normal -0.30577064 0.6104747 0.73063326
 outer loop
  vertex -0.3548573 0.62997097 0.690805
  vertex -0.25700587 0.5863071 0.7682389
  vertex -0.26958263 0.6583398 0.7027892
 endloop
endfacet
facet normal -0.20501344 0.8332037 -0.51355726
 outer loop
  vertex -0.21672776 0.80043405 -0.5588679
  vertex -0.24692178 0.8439315 -0.47624338
  vertex -0.18836685 0.8634113 -0.4680143
 endloop
endfacet
facet normal -0.20501515 0.8332036 -0.51355666
 outer loop
  vertex -0.21672776 0.80043405 -0.5588679
  vertex -0.18836685 0.8634113 -0.4680143
  vertex -0.16544823 0.8174936 -0.55166125
 endloop
endfacet
facet normal -0.31878644 0.678794 0.66152394
 outer loop
  vertex -0.36788905 0.69464904 0.61815846
  vertex -0.3548573 0.62997097 0.690805
  vertex -0.26958263 0.6583398 0.7027892
 endloop
endfacet
facet normal -0.3187858 0.67879474 0.66152346
 outer loop
  vertex -0.36788905 0.69464904 0.61815846
  vertex -0.26958263 0.6583398 0.7027892
  vertex -0.27956283 0.72403294 0.6305715
 endloop
endfacet
facet normal -0.17746823 0.7844765 -0.59422356
 outer loop
  vertex -0.18444583 0.7492277 -0.6361102
  vertex -0.21672776 0.80043405 -0.5588679
  vertex -0.16544823 0.8174936 -0.55166125
 endloop
endfacet
facet normal -0.17746514 0.78447664 -0.5942243
 outer loop
  vertex -0.18444583 0.7492277 -0.6361102
  vertex -0.16544823 0.8174936 -0.55166125
  vertex -0.14093557 0.76370245 -0.6299954
 endloop
endfacet
facet normal -0.32873678 0.740587 0.5860571
 outer loop
  vertex -0.37737805 0.7526364 0.53955853
  vertex -0.36788905 0.69464904 0.61815846
  vertex -0.27956283 0.72403294 0.6305715
 endloop
endfacet
facet normal -0.3287376 0.7405863 0.5860577
 outer loop
  vertex -0.37737805 0.7526364 0.53955853
  vertex -0.27956283 0.72403294 0.6305715
  vertex -0.28685093 0.78275263 0.5522808
 endloop
endfacet
facet normal -0.148203 0.7281782 -0.6691729
 outer loop
  vertex -0.15038769 0.69080573 -0.7072265
  vertex -0.18444583 0.7492277 -0.6361102
  vertex -0.14093557 0.76370245 -0.6299954
 endloop
endfacet
facet normal -0.14820358 0.72817814 -0.6691728
 outer loop
  vertex -0.15038769 0.69080573 -0.7072265
  vertex -0.14093557 0.76370245 -0.6299954
  vertex -0.1150658 0.70255643 -0.7022625
 endloop
endfacet
facet normal -0.3355279 0.79525137 0.5049716
 outer loop
  vertex -0.38323238 0.8033756 0.45576227
  vertex -0.37737805 0.7526364 0.53955853
  vertex -0.28685093 0.78275263 0.5522808
 endloop
endfacet
facet normal -0.33552724 0.79525197 0.5049711
 outer loop
  vertex -0.38323238 0.8033756 0.45576227
  vertex -0.28685093 0.78275263 0.5522808
  vertex -0.2913762 0.8339339 0.46867135
 endloop
endfacet
facet normal -0.046793077 -0.26609057 0.96281165
 outer loop
  vertex -0.07210526 -0.22439197 0.97182846
  vertex -0.03464831 -0.3122714 0.9493618
  vertex -0.025601262 -0.30926165 0.9506333
 endloop
endfacet
facet normal -0.046789054 -0.26608858 0.96281236
 outer loop
  vertex -0.07210526 -0.22439197 0.97182846
  vertex -0.025601262 -0.30926165 0.9506333
  vertex -0.054098293 -0.21840149 0.9743591
 endloop
endfacet
facet normal -0.11750738 0.6648471 -0.73767906
 outer loop
  vertex -0.11488162 0.6257317 -0.7715316
  vertex -0.15038769 0.69080573 -0.7072265
  vertex -0.1150658 0.70255643 -0.7022625
 endloop
endfacet
facet normal -0.11751006 0.6648468 -0.73767877
 outer loop
  vertex -0.11488162 0.6257317 -0.7715316
  vertex -0.1150658 0.70255643 -0.7022625
  vertex -0.08808813 0.6346453 -0.7677662
 endloop
endfacet
facet normal -0.33909312 0.8422715 0.41904005
 outer loop
  vertex -0.3853961 0.84637785 0.36757675
  vertex -0.38323238 0.8033756 0.45576227
  vertex -0.2913762 0.8339339 0.46867135
 endloop
endfacet
facet normal -0.3390929 0.8422717 0.4190399
 outer loop
  vertex -0.3853961 0.84637785 0.36757675
  vertex -0.2913762 0.8339339 0.46867135
  vertex -0.29309544 0.87708396 0.38054833
 endloop
endfacet
facet normal -0.07957501 -0.1753406 0.9812867
 outer loop
  vertex -0.10886766 -0.13435155 0.9849361
  vertex -0.07210526 -0.22439197 0.97182846
  vertex -0.054098293 -0.21840149 0.9743591
 endloop
endfacet
facet normal -0.079573385 -0.17533953 0.981287
 outer loop
  vertex -0.10886766 -0.13435155 0.9849361
  vertex -0.054098293 -0.21840149 0.9743591
  vertex -0.08207417 -0.12543802 0.9887015
 endloop
endfacet
facet normal -0.08567303 0.59508634 -0.7990822
 outer loop
  vertex -0.078269005 0.5546309 -0.82840663
  vertex -0.11488162 0.6257317 -0.7715316
  vertex -0.08808813 0.6346453 -0.7677662
 endloop
endfacet
facet normal -0.08566961 0.5950867 -0.7990823
 outer loop
  vertex -0.078269005 0.5546309 -0.82840663
  vertex -0.08808813 0.6346453 -0.7677662
  vertex -0.060262047 0.5606213 -0.825876
 endloop
endfacet
facet normal -0.33940086 0.8811976 0.32908645
 outer loop
  vertex -0.3838484 0.8812291 0.27585146
  vertex -0.3853961 0.84637785 0.36757675
  vertex -0.29309544 0.87708396 0.38054833
 endloop
endfacet
facet normal -0.33940163 0.88119704 0.32908714
 outer loop
  vertex -0.3838484 0.8812291 0.27585146
  vertex -0.29309544 0.87708396 0.38054833
  vertex -0.29199222 0.91178745 0.28876054
 endloop
endfacet
facet normal -0.11158998 -0.08290293 0.99029016
 outer loop
  vertex -0.14458151 -0.04301776 0.9885578
  vertex -0.10886766 -0.13435155 0.9849361
  vertex -0.08207417 -0.12543802 0.9887015
 endloop
endfacet
facet normal -0.11159128 -0.082903914 0.99029005
 outer loop
  vertex -0.14458151 -0.04301776 0.9885578
  vertex -0.08207417 -0.12543802 0.9887015
  vertex -0.10925962 -0.03126706 0.9935218
 endloop
endfacet
facet normal -0.053003866 0.51957834 -0.85277724
 outer loop
  vertex -0.040902574 0.47818878 -0.8773036
  vertex -0.078269005 0.5546309 -0.82840663
  vertex -0.060262047 0.5606213 -0.825876
 endloop
endfacet
facet normal -0.053001158 0.51957893 -0.852777
 outer loop
  vertex -0.040902574 0.47818878 -0.8773036
  vertex -0.060262047 0.5606213 -0.825876
  vertex -0.031855524 0.48119852 -0.8760321
 endloop
endfacet
facet normal -0.33644882 0.9116587 0.2359672
 outer loop
  vertex -0.3786041 0.90759367 0.18146947
  vertex -0.3838484 0.8812291 0.27585146
  vertex -0.29199222 0.91178745 0.28876054
 endloop
endfacet
facet normal -0.33644938 0.9116584 0.23596767
 outer loop
  vertex -0.3786041 0.90759367 0.18146947
  vertex -0.29199222 0.91178745 0.28876054
  vertex -0.288077 0.9377099 0.19419178
 endloop
endfacet
facet normal -0.14252414 0.010311748 0.98973763
 outer loop
  vertex -0.17890327 0.048730776 0.9826595
  vertex -0.14458151 -0.04301776 0.9885578
  vertex -0.10925962 -0.03126706 0.9935218
 endloop
endfacet
facet normal -0.14252467 0.010311259 0.9897376
 outer loop
  vertex -0.17890327 0.048730776 0.9826595
  vertex -0.10925962 -0.03126706 0.9935218
  vertex -0.13539304 0.063205555 0.9887743
 endloop
endfacet
facet normal -0.33026358 0.93336207 0.14057449
 outer loop
  vertex -0.36971343 0.92521775 0.08533981
  vertex -0.3786041 0.90759367 0.18146947
  vertex -0.288077 0.9377099 0.19419178
 endloop
endfacet
facet normal -0.33026183 0.93336296 0.1405731
 outer loop
  vertex -0.36971343 0.92521775 0.08533981
  vertex -0.288077 0.9377099 0.19419178
  vertex -0.2813872 0.95460165 0.09775283
 endloop
endfacet
facet normal -0.1720779 0.10341178 0.9796404
 outer loop
  vertex -0.21150237 0.14001034 0.9672978
  vertex -0.17890327 0.048730776 0.9826595
  vertex -0.13539304 0.063205555 0.9887743
 endloop
endfacet
facet normal -0.1720775 0.103412144 0.97964036
 outer loop
  vertex -0.21150237 0.14001034 0.9672978
  vertex -0.13539304 0.063205555 0.9887743
  vertex -0.16022284 0.15706985 0.9745044
 endloop
endfacet
facet normal -0.32090074 0.94609886 0.043814853
 outer loop
  vertex -0.35726216 0.93393093 -0.011611705
  vertex -0.36971343 0.92521775 0.08533981
  vertex -0.2813872 0.95460165 0.09775283
 endloop
endfacet
facet normal -0.3209011 0.94609874 0.043815147
 outer loop
  vertex -0.35726216 0.93393093 -0.011611705
  vertex -0.2813872 0.95460165 0.09775283
  vertex -0.27198747 0.9622997 0.00037243517
 endloop
endfacet
facet normal -0.19996749 0.1955018 0.96010005
 outer loop
  vertex -0.24206376 0.22994097 0.9426203
  vertex -0.21150237 0.14001034 0.9672978
  vertex -0.16022284 0.15706985 0.9745044
 endloop
endfacet
facet normal -0.1999667 0.1955027 0.96010005
 outer loop
  vertex -0.24206376 0.22994097 0.9426203
  vertex -0.16022284 0.15706985 0.9745044
  vertex -0.18350883 0.24942078 0.9508493
 endloop
endfacet
facet normal -0.30845425 0.94974065 -0.053373292
 outer loop
  vertex -0.3413703 0.9336501 -0.108451344
  vertex -0.35726216 0.93393093 -0.011611705
  vertex -0.27198747 0.9622997 0.00037243517
 endloop
endfacet
facet normal -0.3084546 0.9497405 -0.053373028
 outer loop
  vertex -0.3413703 0.9336501 -0.108451344
  vertex -0.27198747 0.9622997 0.00037243517
  vertex -0.25996843 0.9607305 -0.097011425
 endloop
endfacet
facet normal -0.22592151 0.2856815 0.9313138
 outer loop
  vertex -0.2702944 0.31765747 0.90886486
  vertex -0.24206376 0.22994097 0.9426203
  vertex -0.18350883 0.24942078 0.9508493
 endloop
endfacet
facet normal -0.22592223 0.28568068 0.93131393
 outer loop
  vertex -0.2702944 0.31765747 0.90886486
  vertex -0.18350883 0.24942078 0.9508493
  vertex -0.20502792 0.33936995 0.9180372
 endloop
endfacet
facet normal -0.29303983 0.94425046 -0.15006241
 outer loop
  vertex -0.32219142 0.9243781 -0.20424649
  vertex -0.3413703 0.9336501 -0.108451344
  vertex -0.25996843 0.9607305 -0.097011425
 endloop
endfacet
facet normal -0.29304022 0.94425035 -0.15006214
 outer loop
  vertex -0.32219142 0.9243781 -0.20424649
  vertex -0.25996843 0.9607305 -0.097011425
  vertex -0.2454462 0.9499094 -0.19346097
 endloop
endfacet
facet normal -0.24969672 0.3730937 0.8935617
 outer loop
  vertex -0.29592183 0.40231413 0.8663564
  vertex -0.2702944 0.31765747 0.90886486
  vertex -0.20502792 0.33936995 0.9180372
 endloop
endfacet
facet normal -0.24969643 0.37309414 0.89356166
 outer loop
  vertex -0.29592183 0.40231413 0.8663564
  vertex -0.20502792 0.33936995 0.9180372
  vertex -0.22457248 0.4260502 0.87638354
 endloop
endfacet
facet normal -0.27480036 0.9296731 -0.24534227
 outer loop
  vertex -0.2999088 0.9062031 -0.29807496
  vertex -0.32219142 0.9243781 -0.20424649
  vertex -0.2454462 0.9499094 -0.19346097
 endloop
endfacet
facet normal -0.2747989 0.92967325 -0.24534309
 outer loop
  vertex -0.2999088 0.9062031 -0.29807496
  vertex -0.2454462 0.9499094 -0.19346097
  vertex -0.2285594 0.9299392 -0.28804776
 endloop
endfacet
facet normal -0.27105868 0.4568841 0.84722143
 outer loop
  vertex -0.31869978 0.48309708 0.8155047
  vertex -0.29592183 0.40231413 0.8663564
  vertex -0.22457248 0.4260502 0.87638354
 endloop
endfacet
facet normal -0.27105975 0.45688266 0.84722185
 outer loop
  vertex -0.31869978 0.48309708 0.8155047
  vertex -0.22457248 0.4260502 0.87638354
  vertex -0.2419546 0.50862837 0.82629025
 endloop
endfacet
facet normal -0.25391346 0.90614784 -0.33826628
 outer loop
  vertex -0.27473822 0.87930167 -0.38903233
  vertex -0.2999088 0.9062031 -0.29807496
  vertex -0.2285594 0.9299392 -0.28804776
 endloop
endfacet
facet normal -0.25391364 0.9061478 -0.3382662
 outer loop
  vertex -0.27473822 0.87930167 -0.38903233
  vertex -0.2285594 0.9299392 -0.28804776
  vertex -0.20947178 0.90101415 -0.37986004
 endloop
endfacet
facet normal -0.23043324 0.70376265 0.67202574
 outer loop
  vertex -0.27956283 0.72403294 0.6305715
  vertex -0.26958263 0.6583398 0.7027892
  vertex -0.18170018 0.6789047 0.7113874
 endloop
endfacet
facet normal -0.23043442 0.7037616 0.67202646
 outer loop
  vertex -0.27956283 0.72403294 0.6305715
  vertex -0.18170018 0.6789047 0.7113874
  vertex -0.18853545 0.7453339 0.63947743
 endloop
endfacet
facet normal -0.12918739 0.79811984 -0.5884857
 outer loop
  vertex -0.14093557 0.76370245 -0.6299954
  vertex -0.16544823 0.8174936 -0.55166125
  vertex -0.11260053 0.82986027 -0.54649067
 endloop
endfacet
facet normal -0.12918901 0.7981199 -0.5884851
 outer loop
  vertex -0.14093557 0.76370245 -0.6299954
  vertex -0.11260053 0.82986027 -0.54649067
  vertex -0.096094765 0.7741955 -0.62560827
 endloop
endfacet
facet normal -0.23771816 0.7663082 0.59687674
 outer loop
  vertex -0.28685093 0.78275263 0.5522808
  vertex -0.27956283 0.72403294 0.6305715
  vertex -0.18853545 0.7453339 0.63947743
 endloop
endfacet
facet normal -0.23771769 0.7663086 0.5968764
 outer loop
  vertex -0.28685093 0.78275263 0.5522808
  vertex -0.18853545 0.7453339 0.63947743
  vertex -0.19355537 0.80458426 0.5614087
 endloop
endfacet
facet normal -0.10805012 0.73952544 -0.6644
 outer loop
  vertex -0.1150658 0.70255643 -0.7022625
  vertex -0.14093557 0.76370245 -0.6299954
  vertex -0.096094765 0.7741955 -0.62560827
 endloop
endfacet
facet normal -0.108050555 0.73952544 -0.66439986
 outer loop
  vertex -0.1150658 0.70255643 -0.7022625
  vertex -0.096094765 0.7741955 -0.62560827
  vertex -0.07866371 0.71107477 -0.698701
 endloop
endfacet
facet normal -0.24271558 0.82148015 0.5160033
 outer loop
  vertex -0.2913762 0.8339339 0.46867135
  vertex -0.28685093 0.78275263 0.5522808
  vertex -0.19355537 0.80458426 0.5614087
 endloop
endfacet
facet normal -0.24271558 0.8214802 0.5160033
 outer loop
  vertex -0.2913762 0.8339339 0.46867135
  vertex -0.19355537 0.80458426 0.5614087
  vertex -0.19671091 0.8560861 0.47793323
 endloop
endfacet
facet normal -0.033002976 -0.26219267 0.964451
 outer loop
  vertex -0.054098293 -0.21840149 0.9743591
  vertex -0.025601262 -0.30926165 0.9506333
  vertex -0.01627754 -0.30707985 0.9515455
 endloop
endfacet
facet normal -0.03300671 -0.2621941 0.96445054
 outer loop
  vertex -0.054098293 -0.21840149 0.9743591
  vertex -0.01627754 -0.30707985 0.9515455
  vertex -0.035540648 -0.21405889 0.9761748
 endloop
endfacet
facet normal -0.0858665 0.6737893 -0.73391753
 outer loop
  vertex -0.08808813 0.6346453 -0.7677662
  vertex -0.1150658 0.70255643 -0.7022625
  vertex -0.07866371 0.71107477 -0.698701
 endloop
endfacet
facet normal -0.085863955 0.67378926 -0.73391783
 outer loop
  vertex -0.08808813 0.6346453 -0.7677662
  vertex -0.07866371 0.71107477 -0.698701
  vertex -0.06047527 0.6411068 -0.7650646
 endloop
endfacet
facet normal -0.24538112 0.8687544 0.43017906
 outer loop
  vertex -0.29309544 0.87708396 0.38054833
  vertex -0.2913762 0.8339339 0.46867135
  vertex -0.19671091 0.8560861 0.47793323
 endloop
endfacet
facet normal -0.24538074 0.8687546 0.43017876
 outer loop
  vertex -0.29309544 0.87708396 0.38054833
  vertex -0.19671091 0.8560861 0.47793323
  vertex -0.1979721 0.8993433 0.38985497
 endloop
endfacet
facet normal -0.056752924 -0.16889058 0.98399955
 outer loop
  vertex -0.08207417 -0.12543802 0.9887015
  vertex -0.054098293 -0.21840149 0.9743591
  vertex -0.035540648 -0.21405889 0.9761748
 endloop
endfacet
facet normal -0.05675137 -0.16888979 0.9839998
 outer loop
  vertex -0.08207417 -0.12543802 0.9887015
  vertex -0.035540648 -0.21405889 0.9761748
  vertex -0.054461308 -0.11897649 0.9914031
 endloop
endfacet
facet normal -0.06284653 0.6015364 -0.79636943
 outer loop
  vertex -0.060262047 0.5606213 -0.825876
  vertex -0.08808813 0.6346453 -0.7677662
  vertex -0.06047527 0.6411068 -0.7650646
 endloop
endfacet
facet normal -0.062847026 0.6015364 -0.79636943
 outer loop
  vertex -0.060262047 0.5606213 -0.825876
  vertex -0.06047527 0.6411068 -0.7650646
  vertex -0.0417044 0.56496394 -0.8240603
 endloop
endfacet
facet normal -0.24568878 0.90768003 0.3402263
 outer loop
  vertex -0.29199222 0.91178745 0.28876054
  vertex -0.29309544 0.87708396 0.38054833
  vertex -0.1979721 0.8993433 0.38985497
 endloop
endfacet
facet normal -0.24568905 0.9076799 0.3402265
 outer loop
  vertex -0.29199222 0.91178745 0.28876054
  vertex -0.1979721 0.8993433 0.38985497
  vertex -0.1973269 0.93393964 0.29802242
 endloop
endfacet
facet normal -0.07994838 -0.07396171 0.9940513
 outer loop
  vertex -0.10925962 -0.03126706 0.9935218
  vertex -0.08207417 -0.12543802 0.9887015
  vertex -0.054461308 -0.11897649 0.9914031
 endloop
endfacet
facet normal -0.079948254 -0.07396162 0.9940513
 outer loop
  vertex -0.10925962 -0.03126706 0.9935218
  vertex -0.054461308 -0.11897649 0.9914031
  vertex -0.072857514 -0.022748785 0.9970833
 endloop
endfacet
facet normal -0.039220974 0.5234731 -0.85113907
 outer loop
  vertex -0.031855524 0.48119852 -0.8760321
  vertex -0.060262047 0.5606213 -0.825876
  vertex -0.0417044 0.56496394 -0.8240603
 endloop
endfacet
facet normal -0.03922364 0.5234728 -0.85113907
 outer loop
  vertex -0.031855524 0.48119852 -0.8760321
  vertex -0.0417044 0.56496394 -0.8240603
  vertex -0.0225318 0.48338032 -0.8751199
 endloop
endfacet
facet normal -0.24363656 0.9378872 0.24699986
 outer loop
  vertex -0.288077 0.9377099 0.19419178
  vertex -0.29199222 0.91178745 0.28876054
  vertex -0.1973269 0.93393964 0.29802242
 endloop
endfacet
facet normal -0.24363637 0.93788725 0.24699968
 outer loop
  vertex -0.288077 0.9377099 0.19419178
  vertex -0.1973269 0.93393964 0.29802242
  vertex -0.19478142 0.95954156 0.20331967
 endloop
endfacet
facet normal -0.10236894 0.021659173 0.9945107
 outer loop
  vertex -0.13539304 0.063205555 0.9887743
  vertex -0.10925962 -0.03126706 0.9935218
  vertex -0.072857514 -0.022748785 0.9970833
 endloop
endfacet
facet normal -0.102369376 0.021658858 0.99451065
 outer loop
  vertex -0.13539304 0.063205555 0.9887743
  vertex -0.072857514 -0.022748785 0.9970833
  vertex -0.09055225 0.073698536 0.99316144
 endloop
endfacet
facet normal -0.23924257 0.9590847 0.15139219
 outer loop
  vertex -0.2813872 0.95460165 0.09775283
  vertex -0.288077 0.9377099 0.19419178
  vertex -0.19478142 0.95954156 0.20331967
 endloop
endfacet
facet normal -0.23924372 0.9590842 0.15139318
 outer loop
  vertex -0.2813872 0.95460165 0.09775283
  vertex -0.19478142 0.95954156 0.20331967
  vertex -0.19035983 0.9759026 0.10665881
 endloop
endfacet
facet normal -0.12379927 0.11705554 0.985379
 outer loop
  vertex -0.16022284 0.15706985 0.9745044
  vertex -0.13539304 0.063205555 0.9887743
  vertex -0.09055225 0.073698536 0.99316144
 endloop
endfacet
facet normal -0.12379928 0.11705553 0.9853789
 outer loop
  vertex -0.16022284 0.15706985 0.9745044
  vertex -0.09055225 0.073698536 0.99316144
  vertex -0.10737512 0.1694365 0.97967494
 endloop
endfacet
facet normal -0.23254989 0.97106653 0.054317076
 outer loop
  vertex -0.27198747 0.9622997 0.00037243517
  vertex -0.2813872 0.95460165 0.09775283
  vertex -0.19035983 0.9759026 0.10665881
 endloop
endfacet
facet normal -0.2325491 0.9710668 0.054316435
 outer loop
  vertex -0.27198747 0.9622997 0.00037243517
  vertex -0.19035983 0.9759026 0.10665881
  vertex -0.184105 0.9828647 0.008970703
 endloop
endfacet
facet normal -0.14403243 0.21130933 0.96674865
 outer loop
  vertex -0.18350883 0.24942078 0.9508493
  vertex -0.16022284 0.15706985 0.9745044
  vertex -0.10737512 0.1694365 0.97967494
 endloop
endfacet
facet normal -0.14403279 0.21130902 0.96674865
 outer loop
  vertex -0.18350883 0.24942078 0.9508493
  vertex -0.10737512 0.1694365 0.97967494
  vertex -0.12316322 0.26354194 0.95675343
 endloop
endfacet
facet normal -0.22361921 0.9737148 -0.043289024
 outer loop
  vertex -0.25996843 0.9607305 -0.097011425
  vertex -0.27198747 0.9622997 0.00037243517
  vertex -0.184105 0.9828647 0.008970703
 endloop
endfacet
facet normal -0.22361933 0.9737147 -0.043288924
 outer loop
  vertex -0.25996843 0.9607305 -0.097011425
  vertex -0.184105 0.9828647 0.008970703
  vertex -0.17607713 0.9803615 -0.08880366
 endloop
endfacet
facet normal -0.16287194 0.3034985 0.9388085
 outer loop
  vertex -0.20502792 0.33936995 0.9180372
  vertex -0.18350883 0.24942078 0.9508493
  vertex -0.12316322 0.26354194 0.95675343
 endloop
endfacet
facet normal -0.1628709 0.30349952 0.9388083
 outer loop
  vertex -0.20502792 0.33936995 0.9180372
  vertex -0.12316322 0.26354194 0.95675343
  vertex -0.13776554 0.3551097 0.92461795
 endloop
endfacet
facet normal -0.21253775 0.9670002 -0.14049345
 outer loop
  vertex -0.2454462 0.9499094 -0.19346097
  vertex -0.25996843 0.9607305 -0.097011425
  vertex -0.17607713 0.9803615 -0.08880366
 endloop
endfacet
facet normal -0.21253712 0.96700025 -0.14049391
 outer loop
  vertex -0.2454462 0.9499094 -0.19346097
  vertex -0.17607713 0.9803615 -0.08880366
  vertex -0.166354 0.96841735 -0.18572277
 endloop
endfacet
facet normal -0.18013835 0.39275113 0.90182966
 outer loop
  vertex -0.22457248 0.4260502 0.87638354
  vertex -0.20502792 0.33936995 0.9180372
  vertex -0.13776554 0.3551097 0.92461795
 endloop
endfacet
facet normal -0.18013872 0.39275068 0.9018298
 outer loop
  vertex -0.22457248 0.4260502 0.87638354
  vertex -0.13776554 0.3551097 0.92461795
  vertex -0.1510412 0.44325697 0.88357764
 endloop
endfacet
facet normal -0.19940662 0.9509788 -0.23638141
 outer loop
  vertex -0.2285594 0.9299392 -0.28804776
  vertex -0.2454462 0.9499094 -0.19346097
  vertex -0.166354 0.96841735 -0.18572277
 endloop
endfacet
facet normal -0.19940817 0.9509788 -0.23638046
 outer loop
  vertex -0.2285594 0.9299392 -0.28804776
  vertex -0.166354 0.96841735 -0.18572277
  vertex -0.15502812 0.947146 -0.28085363
 endloop
endfacet
facet normal -0.1956659 0.47818884 0.8561835
 outer loop
  vertex -0.2419546 0.50862837 0.82629025
  vertex -0.22457248 0.4260502 0.87638354
  vertex -0.1510412 0.44325697 0.88357764
 endloop
endfacet
facet normal -0.1956659 0.47818887 0.8561835
 outer loop
  vertex -0.2419546 0.50862837 0.82629025
  vertex -0.1510412 0.44325697 0.88357764
  vertex -0.16286239 0.5271363 0.8340285
 endloop
endfacet
facet normal -0.18435779 0.9258042 -0.32999828
 outer loop
  vertex -0.20947178 0.90101415 -0.37986004
  vertex -0.2285594 0.9299392 -0.28804776
  vertex -0.15502812 0.947146 -0.28085363
 endloop
endfacet
facet normal -0.18435656 0.92580414 -0.32999897
 outer loop
  vertex -0.20947178 0.90101415 -0.37986004
  vertex -0.15502812 0.947146 -0.28085363
  vertex -0.1422094 0.9167539 -0.37327924
 endloop
endfacet
facet normal -0.20930937 0.5590225 0.8022989
 outer loop
  vertex -0.25700587 0.5863071 0.7682389
  vertex -0.2419546 0.50862837 0.82629025
  vertex -0.16286239 0.5271363 0.8340285
 endloop
endfacet
facet normal -0.20930935 0.5590225 0.80229896
 outer loop
  vertex -0.25700587 0.5863071 0.7682389
  vertex -0.16286239 0.5271363 0.8340285
  vertex -0.17311461 0.605938 0.7764467
 endloop
endfacet
facet normal -0.16752578 0.8917059 -0.42047086
 outer loop
  vertex -0.18836685 0.8634113 -0.4680143
  vertex -0.20947178 0.90101415 -0.37986004
  vertex -0.1422094 0.9167539 -0.37327924
 endloop
endfacet
facet normal -0.16752551 0.8917059 -0.420471
 outer loop
  vertex -0.18836685 0.8634113 -0.4680143
  vertex -0.1422094 0.9167539 -0.37327924
  vertex -0.12802124 0.8775325 -0.4621102
 endloop
endfacet
facet normal -0.22093451 0.63444936 0.74071723
 outer loop
  vertex -0.26958263 0.6583398 0.7027892
  vertex -0.25700587 0.5863071 0.7682389
  vertex -0.17311461 0.605938 0.7764467
 endloop
endfacet
facet normal -0.22093423 0.6344496 0.74071705
 outer loop
  vertex -0.26958263 0.6583398 0.7027892
  vertex -0.17311461 0.605938 0.7764467
  vertex -0.18170018 0.6789047 0.7113874
 endloop
endfacet
facet normal -0.14907794 0.8490113 -0.5069078
 outer loop
  vertex -0.16544823 0.8174936 -0.55166125
  vertex -0.18836685 0.8634113 -0.4680143
  vertex -0.12802124 0.8775325 -0.4621102
 endloop
endfacet
facet normal -0.14907779 0.8490113 -0.50690794
 outer loop
  vertex -0.16544823 0.8174936 -0.55166125
  vertex -0.12802124 0.8775325 -0.4621102
  vertex -0.11260053 0.82986027 -0.54649067
 endloop
endfacet
facet normal -0.14756203 0.8392366 0.5233615
 outer loop
  vertex -0.19671091 0.8560861 0.47793323
  vertex -0.19355537 0.80458426 0.5614087
  vertex -0.09838985 0.8179212 0.5668542
 endloop
endfacet
facet normal -0.14756109 0.83923733 0.5233607
 outer loop
  vertex -0.19671091 0.8560861 0.47793323
  vertex -0.09838985 0.8179212 0.5668542
  vertex -0.10014824 0.8696187 0.48345867
 endloop
endfacet
facet normal -0.018872606 -0.25955653 0.96554345
 outer loop
  vertex -0.035540648 -0.21405889 0.9761748
  vertex -0.01627754 -0.30707985 0.9515455
  vertex -0.0067669447 -0.305747 0.95208967
 endloop
endfacet
facet normal -0.018875185 -0.2595573 0.96554327
 outer loop
  vertex -0.035540648 -0.21405889 0.9761748
  vertex -0.0067669447 -0.305747 0.95208967
  vertex -0.01661104 -0.21140602 0.97725797
 endloop
endfacet
facet normal -0.053422574 0.6798432 -0.73140913
 outer loop
  vertex -0.06047527 0.6411068 -0.7650646
  vertex -0.07866371 0.71107477 -0.698701
  vertex -0.041532002 0.7162785 -0.6965763
 endloop
endfacet
facet normal -0.05342476 0.6798433 -0.73140883
 outer loop
  vertex -0.06047527 0.6411068 -0.7650646
  vertex -0.041532002 0.7162785 -0.6965763
  vertex -0.032308947 0.64505416 -0.7634529
 endloop
endfacet
facet normal -0.14930351 0.88668346 0.4376083
 outer loop
  vertex -0.1979721 0.8993433 0.38985497
  vertex -0.19671091 0.8560861 0.47793323
  vertex -0.10014824 0.8696187 0.48345867
 endloop
endfacet
facet normal -0.14930323 0.8866835 0.437608
 outer loop
  vertex -0.1979721 0.8993433 0.38985497
  vertex -0.10014824 0.8696187 0.48345867
  vertex -0.10094224 0.9129414 0.39540714
 endloop
endfacet
facet normal -0.033353273 -0.16452354 0.9858091
 outer loop
  vertex -0.054461308 -0.11897649 0.9914031
  vertex -0.035540648 -0.21405889 0.9761748
  vertex -0.01661104 -0.21140602 0.97725797
 endloop
endfacet
facet normal -0.03335236 -0.16452318 0.9858092
 outer loop
  vertex -0.054461308 -0.11897649 0.9914031
  vertex -0.01661104 -0.21140602 0.97725797
  vertex -0.026294995 -0.11502917 0.9930148
 endloop
endfacet
facet normal -0.039448757 0.6059027 -0.79456
 outer loop
  vertex -0.0417044 0.56496394 -0.8240603
  vertex -0.06047527 0.6411068 -0.7650646
  vertex -0.032308947 0.64505416 -0.7634529
 endloop
endfacet
facet normal -0.03944808 0.6059027 -0.7945601
 outer loop
  vertex -0.0417044 0.56496394 -0.8240603
  vertex -0.032308947 0.64505416 -0.7634529
  vertex -0.022774803 0.56761676 -0.8229772
 endloop
endfacet
facet normal -0.14961119 0.9256088 0.34765598
 outer loop
  vertex -0.1973269 0.93393964 0.29802242
  vertex -0.1979721 0.8993433 0.38985497
  vertex -0.10094224 0.9129414 0.39540714
 endloop
endfacet
facet normal -0.14961149 0.92560875 0.34765622
 outer loop
  vertex -0.1973269 0.93393964 0.29802242
  vertex -0.10094224 0.9129414 0.39540714
  vertex -0.10076424 0.9474723 0.30354786
 endloop
endfacet
facet normal -0.0475075 -0.067907885 0.9965598
 outer loop
  vertex -0.072857514 -0.022748785 0.9970833
  vertex -0.054461308 -0.11897649 0.9914031
  vertex -0.026294995 -0.11502917 0.9930148
 endloop
endfacet
facet normal -0.047507633 -0.06790797 0.99655986
 outer loop
  vertex -0.072857514 -0.022748785 0.9970833
  vertex -0.026294995 -0.11502917 0.9930148
  vertex -0.035725817 -0.017545002 0.99920803
 endloop
endfacet
facet normal -0.025090976 0.5261101 -0.8500463
 outer loop
  vertex -0.0225318 0.48338032 -0.8751199
  vertex -0.0417044 0.56496394 -0.8240603
  vertex -0.022774803 0.56761676 -0.8229772
 endloop
endfacet
facet normal -0.025092037 0.5261101 -0.8500462
 outer loop
  vertex -0.0225318 0.48338032 -0.8751199
  vertex -0.022774803 0.56761676 -0.8229772
  vertex -0.013021206 0.48471317 -0.87457573
 endloop
endfacet
facet normal -0.14848204 0.95564395 0.2543576
 outer loop
  vertex -0.19478142 0.95954156 0.20331967
  vertex -0.1973269 0.93393964 0.29802242
  vertex -0.10076424 0.9474723 0.30354786
 endloop
endfacet
facet normal -0.14848319 0.9556434 0.25435862
 outer loop
  vertex -0.19478142 0.95954156 0.20331967
  vertex -0.10076424 0.9474723 0.30354786
  vertex -0.0996159 0.9728785 0.20876515
 endloop
endfacet
facet normal -0.06120142 0.0293412 0.9976941
 outer loop
  vertex -0.09055225 0.073698536 0.99316144
  vertex -0.072857514 -0.022748785 0.9970833
  vertex -0.035725817 -0.017545002 0.99920803
 endloop
endfacet
facet normal -0.06120061 0.02934169 0.99769413
 outer loop
  vertex -0.09055225 0.073698536 0.99316144
  vertex -0.035725817 -0.017545002 0.99920803
  vertex -0.04481269 0.08010866 0.9957787
 endloop
endfacet
facet normal -0.14592698 0.9764981 0.15860932
 outer loop
  vertex -0.19035983 0.9759026 0.10665881
  vertex -0.19478142 0.95954156 0.20331967
  vertex -0.0996159 0.9728785 0.20876515
 endloop
endfacet
facet normal -0.14592569 0.97649837 0.15860818
 outer loop
  vertex -0.19035983 0.9759026 0.10665881
  vertex -0.0996159 0.9728785 0.20876515
  vertex -0.097507976 0.9889152 0.11197191
 endloop
endfacet
facet normal -0.07430198 0.12629227 0.9892065
 outer loop
  vertex -0.10737512 0.1694365 0.97967494
  vertex -0.09055225 0.073698536 0.99316144
  vertex -0.04481269 0.08010866 0.9957787
 endloop
endfacet
facet normal -0.07430327 0.12629136 0.9892065
 outer loop
  vertex -0.10737512 0.1694365 0.97967494
  vertex -0.04481269 0.08010866 0.9957787
  vertex -0.053468164 0.17699124 0.9827596
 endloop
endfacet
facet normal -0.14196652 0.98797023 0.06132099
 outer loop
  vertex -0.184105 0.9828647 0.008970703
  vertex -0.19035983 0.9759026 0.10665881
  vertex -0.097507976 0.9889152 0.11197191
 endloop
endfacet
facet normal -0.14196686 0.9879702 0.06132129
 outer loop
  vertex -0.184105 0.9828647 0.008970703
  vertex -0.097507976 0.9889152 0.11197191
  vertex -0.09446107 0.9954277 0.014100219
 endloop
endfacet
facet normal -0.08668638 0.2220102 0.97118324
 outer loop
  vertex -0.12316322 0.26354194 0.95675343
  vertex -0.10737512 0.1694365 0.97967494
  vertex -0.053468164 0.17699124 0.9827596
 endloop
endfacet
facet normal -0.08668518 0.22201116 0.97118324
 outer loop
  vertex -0.12316322 0.26354194 0.95675343
  vertex -0.053468164 0.17699124 0.9827596
  vertex -0.0616081 0.27216852 0.96027565
 endloop
endfacet
facet normal -0.13664263 0.9899454 -0.036563136
 outer loop
  vertex -0.17607713 0.9803615 -0.08880366
  vertex -0.184105 0.9828647 0.008970703
  vertex -0.09446107 0.9954277 0.014100219
 endloop
endfacet
facet normal -0.13664219 0.9899455 -0.03656351
 outer loop
  vertex -0.17607713 0.9803615 -0.08880366
  vertex -0.09446107 0.9954277 0.014100219
  vertex -0.09050442 0.992354 -0.083907105
 endloop
endfacet
facet normal -0.098229274 0.3155622 0.9438069
 outer loop
  vertex -0.13776554 0.3551097 0.92461795
  vertex -0.12316322 0.26354194 0.95675343
  vertex -0.0616081 0.27216852 0.96027565
 endloop
endfacet
facet normal -0.09822992 0.31556165 0.943807
 outer loop
  vertex -0.13776554 0.3551097 0.92461795
  vertex -0.0616081 0.27216852 0.96027565
  vertex -0.06915502 0.36472505 0.9285439
 endloop
endfacet
facet normal -0.13000315 0.9824018 -0.13411199
 outer loop
  vertex -0.166354 0.96841735 -0.18572277
  vertex -0.17607713 0.9803615 -0.08880366
  vertex -0.09050442 0.992354 -0.083907105
 endloop
endfacet
facet normal -0.13000444 0.98240167 -0.134111
 outer loop
  vertex -0.166354 0.96841735 -0.18572277
  vertex -0.09050442 0.992354 -0.083907105
  vertex -0.08567657 0.9797239 -0.18110627
 endloop
endfacet
facet normal -0.10882606 0.40605837 0.9073442
 outer loop
  vertex -0.1510412 0.44325697 0.88357764
  vertex -0.13776554 0.3551097 0.92461795
  vertex -0.06915502 0.36472505 0.9285439
 endloop
endfacet
facet normal -0.10882676 0.40605775 0.90734434
 outer loop
  vertex -0.1510412 0.44325697 0.88357764
  vertex -0.06915502 0.36472505 0.9285439
  vertex -0.076036096 0.4537685 0.8878696
 endloop
endfacet
facet normal -0.12211219 0.965403 -0.23040318
 outer loop
  vertex -0.15502812 0.947146 -0.28085363
  vertex -0.166354 0.96841735 -0.18572277
  vertex -0.08567657 0.9797239 -0.18110627
 endloop
endfacet
facet normal -0.12211055 0.96540296 -0.23040426
 outer loop
  vertex -0.15502812 0.947146 -0.28085363
  vertex -0.08567657 0.9797239 -0.18110627
  vertex -0.08002302 0.95765746 -0.2765617
 endloop
endfacet
facet normal -0.11837141 0.4926128 0.86216056
 outer loop
  vertex -0.16286239 0.5271363 0.8340285
  vertex -0.1510412 0.44325697 0.88357764
  vertex -0.076036096 0.4537685 0.8878696
 endloop
endfacet
facet normal -0.118371405 0.49261284 0.86216056
 outer loop
  vertex -0.16286239 0.5271363 0.8340285
  vertex -0.076036096 0.4537685 0.8878696
  vertex -0.08218495 0.53844285 0.838645
 endloop
endfacet
facet normal -0.113042645 0.93911195 -0.3244843
 outer loop
  vertex -0.1422094 0.9167539 -0.37327924
  vertex -0.15502812 0.947146 -0.28085363
  vertex -0.08002302 0.95765746 -0.2765617
 endloop
endfacet
facet normal -0.11304352 0.93911207 -0.32448372
 outer loop
  vertex -0.1422094 0.9167539 -0.37327924
  vertex -0.08002302 0.95765746 -0.2765617
  vertex -0.07359886 0.92636925 -0.36935323
 endloop
endfacet
facet normal -0.12677659 0.57442373 0.8086812
 outer loop
  vertex -0.17311461 0.605938 0.7764467
  vertex -0.16286239 0.5271363 0.8340285
  vertex -0.08218495 0.53844285 0.838645
 endloop
endfacet
facet normal -0.12677507 0.57442504 0.8086804
 outer loop
  vertex -0.17311461 0.605938 0.7764467
  vertex -0.08218495 0.53844285 0.838645
  vertex -0.08754191 0.6179305 0.7813432
 endloop
endfacet
facet normal -0.102883816 0.90376854 -0.4154724
 outer loop
  vertex -0.12802124 0.8775325 -0.4621102
  vertex -0.1422094 0.9167539 -0.37327924
  vertex -0.07359886 0.92636925 -0.36935323
 endloop
endfacet
facet normal -0.102884 0.90376866 -0.41547227
 outer loop
  vertex -0.12802124 0.8775325 -0.4621102
  vertex -0.07359886 0.92636925 -0.36935323
  vertex -0.066466115 0.88615906 -0.45858794
 endloop
endfacet
facet normal -0.1339577 0.6506803 0.74744254
 outer loop
  vertex -0.18170018 0.6789047 0.7113874
  vertex -0.17311461 0.605938 0.7764467
  vertex -0.08754191 0.6179305 0.7813432
 endloop
endfacet
facet normal -0.13395913 0.65067905 0.74744344
 outer loop
  vertex -0.18170018 0.6789047 0.7113874
  vertex -0.08754191 0.6179305 0.7813432
  vertex -0.09205628 0.6914678 0.716517
 endloop
endfacet
facet normal -0.09173149 0.85971254 -0.5024736
 outer loop
  vertex -0.11260053 0.82986027 -0.54649067
  vertex -0.12802124 0.8775325 -0.4621102
  vertex -0.066466115 0.88615906 -0.45858794
 endloop
endfacet
facet normal -0.09173119 0.8597124 -0.5024737
 outer loop
  vertex -0.11260053 0.82986027 -0.54649067
  vertex -0.066466115 0.88615906 -0.45858794
  vertex -0.05869357 0.837415 -0.54340607
 endloop
endfacet
facet normal -0.13985261 0.7206648 0.67903125
 outer loop
  vertex -0.18853545 0.7453339 0.63947743
  vertex -0.18170018 0.6789047 0.7113874
  vertex -0.09205628 0.6914678 0.716517
 endloop
endfacet
facet normal -0.1398516 0.7206656 0.6790306
 outer loop
  vertex -0.18853545 0.7453339 0.63947743
  vertex -0.09205628 0.6914678 0.716517
  vertex -0.09568361 0.7583465 0.64479053
 endloop
endfacet
facet normal -0.079691224 0.8073567 -0.5846575
 outer loop
  vertex -0.096094765 0.7741955 -0.62560827
  vertex -0.11260053 0.82986027 -0.54649067
  vertex -0.05869357 0.837415 -0.54340607
 endloop
endfacet
facet normal -0.0796918 0.8073568 -0.5846573
 outer loop
  vertex -0.096094765 0.7741955 -0.62560827
  vertex -0.05869357 0.837415 -0.54340607
  vertex -0.050355174 0.7806056 -0.622991
 endloop
endfacet
facet normal -0.1444006 0.7837225 0.60409224
 outer loop
  vertex -0.19355537 0.80458426 0.5614087
  vertex -0.18853545 0.7453339 0.63947743
  vertex -0.09568361 0.7583465 0.64479053
 endloop
endfacet
facet normal -0.1444015 0.7837219 0.60409296
 outer loop
  vertex -0.19355537 0.80458426 0.5614087
  vertex -0.09568361 0.7583465 0.64479053
  vertex -0.09838985 0.8179212 0.5668542
 endloop
endfacet
facet normal -0.06688151 0.74720806 -0.6612163
 outer loop
  vertex -0.07866371 0.71107477 -0.698701
  vertex -0.096094765 0.7741955 -0.62560827
  vertex -0.050355174 0.7806056 -0.622991
 endloop
endfacet
facet normal -0.066879705 0.74720776 -0.66121674
 outer loop
  vertex -0.07866371 0.71107477 -0.698701
  vertex -0.050355174 0.7806056 -0.622991
  vertex -0.041532002 0.7162785 -0.6965763
 endloop
endfacet
facet normal -0.05210106 0.93481064 0.35130426
 outer loop
  vertex -0.10076424 0.9474723 0.30354786
  vertex -0.10094224 0.9129414 0.39540714
  vertex -0.002940465 0.9177479 0.39715153
 endloop
endfacet
facet normal -0.05209868 0.93481153 0.35130206
 outer loop
  vertex -0.10076424 0.9474723 0.30354786
  vertex -0.002940465 0.9177479 0.39715153
  vertex -0.0032343017 0.9522554 0.30528378
 endloop
endfacet
facet normal -0.014579448 -0.06480067 0.99779165
 outer loop
  vertex -0.035725817 -0.017545002 0.99920803
  vertex -0.026294995 -0.11502917 0.9930148
  vertex 0.0021534024 -0.113634095 0.9935211
 endloop
endfacet
facet normal -0.014585318 -0.06480298 0.99779147
 outer loop
  vertex -0.035725817 -0.017545002 0.99920803
  vertex 0.0021534024 -0.113634095 0.9935211
  vertex 0.0017778195 -0.015705364 0.9998757
 endloop
endfacet
facet normal -0.01074821 0.5274637 -0.84950966
 outer loop
  vertex -0.013021206 0.48471317 -0.87457573
  vertex -0.022774803 0.56761676 -0.8229772
  vertex -0.0036555512 0.5685544 -0.8226369
 endloop
endfacet
facet normal -0.0107445745 0.5274633 -0.84950984
 outer loop
  vertex -0.013021206 0.48471317 -0.87457573
  vertex -0.0036555512 0.5685544 -0.8226369
  vertex -0.0034153408 0.48518425 -0.8744047
 endloop
endfacet
facet normal -0.051906135 0.9647572 0.2579716
 outer loop
  vertex -0.0996159 0.9728785 0.20876515
  vertex -0.10076424 0.9474723 0.30354786
  vertex -0.0032343017 0.9522554 0.30528378
 endloop
endfacet
facet normal -0.051902823 0.9647581 0.25796852
 outer loop
  vertex -0.0996159 0.9728785 0.20876515
  vertex -0.0032343017 0.9522554 0.30528378
  vertex -0.003496937 0.9775922 0.21047586
 endloop
endfacet
facet normal -0.019422805 0.033284087 0.99925715
 outer loop
  vertex -0.04481269 0.08010866 0.9957787
  vertex -0.035725817 -0.017545002 0.99920803
  vertex 0.0017778195 -0.015705364 0.9998757
 endloop
endfacet
facet normal -0.01941753 0.033286657 0.99925715
 outer loop
  vertex -0.04481269 0.08010866 0.9957787
  vertex 0.0017778195 -0.015705364 0.9998757
  vertex 0.0013851295 0.0823742 0.9966009
 endloop
endfacet
facet normal -0.051211543 0.9854361 0.16215165
 outer loop
  vertex -0.097507976 0.9889152 0.11197191
  vertex -0.0996159 0.9728785 0.20876515
  vertex -0.003496937 0.9775922 0.21047586
 endloop
endfacet
facet normal -0.05121188 0.985436 0.16215195
 outer loop
  vertex -0.097507976 0.9889152 0.11197191
  vertex -0.003496937 0.9775922 0.21047586
  vertex -0.0037258586 0.9935143 0.11364099
 endloop
endfacet
facet normal -0.02406554 0.13103215 0.99108595
 outer loop
  vertex -0.053468164 0.17699124 0.9827596
  vertex -0.04481269 0.08010866 0.9957787
  vertex 0.0013851295 0.0823742 0.9966009
 endloop
endfacet
facet normal -0.024065439 0.13103221 0.99108595
 outer loop
  vertex -0.053468164 0.17699124 0.9827596
  vertex 0.0013851295 0.0823742 0.9966009
  vertex 0.0009788868 0.17966141 0.98372865
 endloop
endfacet
facet normal -0.050028298 0.996646 0.06476079
 outer loop
  vertex -0.09446107 0.9954277 0.014100219
  vertex -0.097507976 0.9889152 0.11197191
  vertex -0.0037258586 0.9935143 0.11364099
 endloop
endfacet
facet normal -0.050032333 0.9966456 0.06476446
 outer loop
  vertex -0.09446107 0.9954277 0.014100219
  vertex -0.0037258586 0.9935143 0.11364099
  vertex -0.0039191283 0.9998683 0.01571181
 endloop
endfacet
facet normal -0.02848106 0.22750337 0.9733607
 outer loop
  vertex -0.0616081 0.27216852 0.96027565
  vertex -0.053468164 0.17699124 0.9827596
  vertex 0.0009788868 0.17966141 0.98372865
 endloop
endfacet
facet normal -0.028481496 0.22750312 0.9733607
 outer loop
  vertex -0.0616081 0.27216852 0.96027565
  vertex 0.0009788868 0.17966141 0.98372865
  vertex 0.00056360103 0.27521753 0.9613822
 endloop
endfacet
facet normal -0.048367478 0.99827564 -0.03326103
 outer loop
  vertex -0.09050442 0.992354 -0.083907105
  vertex -0.09446107 0.9954277 0.014100219
  vertex -0.0039191283 0.9998683 0.01571181
 endloop
endfacet
facet normal -0.04836291 0.99827576 -0.033265017
 outer loop
  vertex -0.09050442 0.992354 -0.083907105
  vertex -0.0039191283 0.9998683 0.01571181
  vertex -0.0040743602 0.99659246 -0.08236889
 endloop
endfacet
facet normal -0.03262135 0.3217528 0.9462616
 outer loop
  vertex -0.06915502 0.36472505 0.9285439
  vertex -0.0616081 0.27216852 0.96027565
  vertex 0.00056360103 0.27521753 0.9613822
 endloop
endfacet
facet normal -0.032620084 0.3217537 0.94626135
 outer loop
  vertex -0.06915502 0.36472505 0.9285439
  vertex 0.00056360103 0.27521753 0.9613822
  vertex 0.00014270122 0.3681234 0.92977726
 endloop
endfacet
facet normal -0.046233103 0.9903068 -0.1309773
 outer loop
  vertex -0.08567657 0.9797239 -0.18110627
  vertex -0.09050442 0.992354 -0.083907105
  vertex -0.0040743602 0.99659246 -0.08236889
 endloop
endfacet
facet normal -0.046234433 0.99030685 -0.13097622
 outer loop
  vertex -0.08567657 0.9797239 -0.18110627
  vertex -0.0040743602 0.99659246 -0.08236889
  vertex -0.0041908263 0.98372 -0.179656
 endloop
endfacet
facet normal -0.036444854 0.4128882 0.91005224
 outer loop
  vertex -0.076036096 0.4537685 0.8878696
  vertex -0.06915502 0.36472505 0.9285439
  vertex 0.00014270122 0.3681234 0.92977726
 endloop
endfacet
facet normal -0.036448754 0.41288528 0.9100534
 outer loop
  vertex -0.076036096 0.4537685 0.8878696
  vertex 0.00014270122 0.3681234 0.92977726
  vertex -0.0002795723 0.457484 0.88921803
 endloop
endfacet
facet normal -0.04365882 0.97280604 -0.22746918
 outer loop
  vertex -0.08002302 0.95765746 -0.2765617
  vertex -0.08567657 0.9797239 -0.18110627
  vertex -0.0041908263 0.98372 -0.179656
 endloop
endfacet
facet normal -0.043658793 0.97280604 -0.22746919
 outer loop
  vertex -0.08002302 0.95765746 -0.2765617
  vertex -0.0041908263 0.98372 -0.179656
  vertex -0.004266446 0.9613726 -0.27521345
 endloop
endfacet
facet normal -0.03992188 0.50001585 0.8650956
 outer loop
  vertex -0.08218495 0.53844285 0.838645
  vertex -0.076036096 0.4537685 0.8878696
  vertex -0.0002795723 0.457484 0.88921803
 endloop
endfacet
facet normal -0.039916895 0.5000197 0.86509365
 outer loop
  vertex -0.08218495 0.53844285 0.838645
  vertex -0.0002795723 0.457484 0.88921803
  vertex -0.00069920486 0.5424389 0.84009516
 endloop
endfacet
facet normal -0.040662985 0.94594234 -0.32177576
 outer loop
  vertex -0.07359886 0.92636925 -0.36935323
  vertex -0.08002302 0.95765746 -0.2765617
  vertex -0.004266446 0.9613726 -0.27521345
 endloop
endfacet
facet normal -0.04066297 0.94594234 -0.3217758
 outer loop
  vertex -0.07359886 0.92636925 -0.36935323
  vertex -0.004266446 0.9613726 -0.27521345
  vertex -0.0043009357 0.92976767 -0.36811993
 endloop
endfacet
facet normal -0.043005206 0.58232987 0.81181437
 outer loop
  vertex -0.08754191 0.6179305 0.7813432
  vertex -0.08218495 0.53844285 0.838645
  vertex -0.00069920486 0.5424389 0.84009516
 endloop
endfacet
facet normal -0.043011904 0.5823247 0.8118177
 outer loop
  vertex -0.08754191 0.6179305 0.7813432
  vertex -0.00069920486 0.5424389 0.84009516
  vertex -0.0011120011 0.62216955 0.78288174
 endloop
endfacet
facet normal -0.0372745 0.90995985 -0.4130178
 outer loop
  vertex -0.066466115 0.88615906 -0.45858794
  vertex -0.07359886 0.92636925 -0.36935323
  vertex -0.0043009357 0.92976767 -0.36811993
 endloop
endfacet
facet normal -0.037275273 0.90996003 -0.4130174
 outer loop
  vertex -0.066466115 0.88615906 -0.45858794
  vertex -0.0043009357 0.92976767 -0.36811993
  vertex -0.0042944127 0.8892081 -0.4574814
 endloop
endfacet
facet normal -0.04568591 0.6590094 0.75074595
 outer loop
  vertex -0.09205628 0.6914678 0.716517
  vertex -0.08754191 0.6179305 0.7813432
  vertex -0.0011120011 0.62216955 0.78288174
 endloop
endfacet
facet normal -0.04567937 0.65901417 0.750742
 outer loop
  vertex -0.09205628 0.6914678 0.716517
  vertex -0.0011120011 0.62216955 0.78288174
  vertex -0.0015142559 0.695908 0.7181284
 endloop
endfacet
facet normal -0.033526987 0.8652049 -0.5002964
 outer loop
  vertex -0.05869357 0.837415 -0.54340607
  vertex -0.066466115 0.88615906 -0.45858794
  vertex -0.0042944127 0.8892081 -0.4574814
 endloop
endfacet
facet normal -0.03352671 0.8652047 -0.5002966
 outer loop
  vertex -0.05869357 0.837415 -0.54340607
  vertex -0.0042944127 0.8892081 -0.4574814
  vertex -0.004246515 0.84008515 -0.542437
 endloop
endfacet
facet normal -0.04791314 0.7293412 0.6824704
 outer loop
  vertex -0.09568361 0.7583465 0.64479053
  vertex -0.09205628 0.6914678 0.716517
  vertex -0.0015142559 0.695908 0.7181284
 endloop
endfacet
facet normal -0.047913603 0.72934085 0.6824707
 outer loop
  vertex -0.09568361 0.7583465 0.64479053
  vertex -0.0015142559 0.695908 0.7181284
  vertex -0.0019016963 0.76294565 0.6464596
 endloop
endfacet
facet normal -0.02945422 0.8120976 -0.5827779
 outer loop
  vertex -0.050355174 0.7806056 -0.622991
  vertex -0.05869357 0.837415 -0.54340607
  vertex -0.004246515 0.84008515 -0.542437
 endloop
endfacet
facet normal -0.029452229 0.81209713 -0.58277863
 outer loop
  vertex -0.050355174 0.7806056 -0.622991
  vertex -0.004246515 0.84008515 -0.542437
  vertex -0.0041573313 0.7828711 -0.6221688
 endloop
endfacet
facet normal -0.04968697 0.79265976 0.60763615
 outer loop
  vertex -0.09838985 0.8179212 0.5668542
  vertex -0.09568361 0.7583465 0.64479053
  vertex -0.0019016963 0.76294565 0.6464596
 endloop
endfacet
facet normal -0.04968698 0.7926597 0.6076363
 outer loop
  vertex -0.09838985 0.8179212 0.5668542
  vertex -0.0019016963 0.76294565 0.6464596
  vertex -0.002270938 0.82263494 0.5685649
 endloop
endfacet
facet normal -0.025095202 0.7511507 -0.6596535
 outer loop
  vertex -0.041532002 0.7162785 -0.6965763
  vertex -0.050355174 0.7806056 -0.622991
  vertex -0.0041573313 0.7828711 -0.6221688
 endloop
endfacet
facet normal -0.025102874 0.7511525 -0.6596512
 outer loop
  vertex -0.041532002 0.7162785 -0.6965763
  vertex -0.0041573313 0.7828711 -0.6221688
  vertex -0.004028336 0.7181182 -0.6959086
 endloop
endfacet
facet normal -0.05098252 0.8483509 0.52697396
 outer loop
  vertex -0.10014824 0.8696187 0.48345867
  vertex -0.09838985 0.8179212 0.5668542
  vertex -0.002270938 0.82263494 0.5685649
 endloop
endfacet
facet normal -0.050985668 0.84834915 0.5269766
 outer loop
  vertex -0.10014824 0.8696187 0.48345867
  vertex -0.002270938 0.82263494 0.5685649
  vertex -0.0026183096 0.8744019 0.4851946
 endloop
endfacet
facet normal -0.0045340634 -0.25820398 0.9660798
 outer loop
  vertex -0.01661104 -0.21140602 0.97725797
  vertex -0.0067669447 -0.305747 0.95208967
  vertex 0.002838935 -0.30527586 0.9522607
 endloop
endfacet
facet normal -0.004531642 -0.25820354 0.96607995
 outer loop
  vertex -0.01661104 -0.21140602 0.97725797
  vertex 0.002838935 -0.30527586 0.9522607
  vertex 0.0025082177 -0.2104684 0.97759825
 endloop
endfacet
facet normal -0.020501697 0.6829502 -0.73017716
 outer loop
  vertex -0.032308947 0.64505416 -0.7634529
  vertex -0.041532002 0.7162785 -0.6965763
  vertex -0.004028336 0.7181182 -0.6959086
 endloop
endfacet
facet normal -0.020495625 0.682949 -0.7301784
 outer loop
  vertex -0.032308947 0.64505416 -0.7634529
  vertex -0.004028336 0.7181182 -0.6959086
  vertex -0.0038605258 0.6464492 -0.7629466
 endloop
endfacet
facet normal -0.05179127 0.89588547 0.4412562
 outer loop
  vertex -0.10094224 0.9129414 0.39540714
  vertex -0.10014824 0.8696187 0.48345867
  vertex -0.0026183096 0.8744019 0.4851946
 endloop
endfacet
facet normal -0.051793046 0.8958845 0.44125772
 outer loop
  vertex -0.10094224 0.9129414 0.39540714
  vertex -0.0026183096 0.8744019 0.4851946
  vertex -0.002940465 0.9177479 0.39715153
 endloop
endfacet
facet normal -0.009602701 -0.16228206 0.9866977
 outer loop
  vertex -0.026294995 -0.11502917 0.9930148
  vertex -0.01661104 -0.21140602 0.97725797
  vertex 0.0025082177 -0.2104684 0.97759825
 endloop
endfacet
facet normal -0.009601648 -0.16228177 0.98669773
 outer loop
  vertex -0.026294995 -0.11502917 0.9930148
  vertex 0.0025082177 -0.2104684 0.97759825
  vertex 0.0021534024 -0.113634095 0.9935211
 endloop
endfacet
facet normal -0.015697446 0.60814387 -0.7936716
 outer loop
  vertex -0.022774803 0.56761676 -0.8229772
  vertex -0.032308947 0.64505416 -0.7634529
  vertex -0.0038605258 0.6464492 -0.7629466
 endloop
endfacet
facet normal -0.01569855 0.6081441 -0.7936714
 outer loop
  vertex -0.022774803 0.56761676 -0.8229772
  vertex -0.0038605258 0.6464492 -0.7629466
  vertex -0.0036555512 0.5685544 -0.8226369
 endloop
endfacet
endsolid 
