solid 
facet normal 0.99867773 0.051350363 0.0024156454
 outer loop
  vertex 0.52112633 0.0011914888 -1.9354862e-07
  vertex 0.5185002 0.052265104 -1.9261662e-07
  vertex 0.51850075 0.052019145 0.0050064726
 endloop
endfacet
facet normal -0.9989022 0.04678395 0.0024053683
 outer loop
  vertex -0.51873374 0.049893532 1.9261662e-07
  vertex -0.52112633 -0.0011915844 1.4820954e-07
  vertex -0.5187332 0.049647573 0.00500686
 endloop
endfacet
facet normal -0.99890107 0.046311144 0.007205788
 outer loop
  vertex -0.5187332 0.049647573 0.00500686
  vertex -0.52112633 -0.0011915844 1.4820954e-07
  vertex -0.51873153 0.04891206 0.009965311
 endloop
endfacet
facet normal 0.99867886 0.050878074 0.007210925
 outer loop
  vertex 0.52112633 0.0011914888 -1.9354862e-07
  vertex 0.51850075 0.052019145 0.0050064726
  vertex 0.5185024 0.051283628 0.009964921
 endloop
endfacet
facet normal -0.9988989 0.04536947 0.01193991
 outer loop
  vertex -0.51873153 0.04891206 0.009965311
  vertex -0.52112633 -0.0011915844 1.4820954e-07
  vertex -0.51872873 0.047694072 0.0148277925
 endloop
endfacet
facet normal 0.998681 0.04993868 0.011933575
 outer loop
  vertex 0.52112633 0.0011914888 -1.9354862e-07
  vertex 0.5185024 0.051283628 0.009964921
  vertex 0.5185052 0.050065644 0.0148274
 endloop
endfacet
facet normal 0.9986842 0.048539005 0.0165477
 outer loop
  vertex 0.52112633 0.0011914888 -1.9354862e-07
  vertex 0.5185052 0.050065644 0.0148274
  vertex 0.5185091 0.048376918 0.019547082
 endloop
endfacet
facet normal -0.99889565 0.043970175 0.016552733
 outer loop
  vertex -0.51872873 0.047694072 0.0148277925
  vertex -0.52112633 -0.0011915844 1.4820954e-07
  vertex -0.51872486 0.04600535 0.019547474
 endloop
endfacet
facet normal 0.9986884 0.046692114 0.021006497
 outer loop
  vertex 0.52112633 0.0011914888 -1.9354862e-07
  vertex 0.5185091 0.048376918 0.019547082
  vertex 0.518514 0.046233717 0.024078509
 endloop
endfacet
facet normal -0.9988914 0.042127207 0.021002054
 outer loop
  vertex -0.51872486 0.04600535 0.019547474
  vertex -0.52112633 -0.0011915844 1.4820954e-07
  vertex -0.51872 0.043862145 0.024078906
 endloop
endfacet
facet normal -0.9988863 0.039852608 0.025257545
 outer loop
  vertex -0.51872 0.043862145 0.024078906
  vertex -0.52112633 -0.0011915844 1.4820954e-07
  vertex -0.5187141 0.04128511 0.028378446
 endloop
endfacet
facet normal 0.99869365 0.044421524 0.0252545
 outer loop
  vertex 0.52112633 0.0011914888 -1.9354862e-07
  vertex 0.518514 0.046233717 0.024078509
  vertex 0.5185199 0.04365668 0.028378049
 endloop
endfacet
facet normal -0.99888015 0.03717212 0.029269159
 outer loop
  vertex -0.5187141 0.04128511 0.028378446
  vertex -0.52112633 -0.0011915844 1.4820954e-07
  vertex -0.5187072 0.038299054 0.032404687
 endloop
endfacet
facet normal 0.9986998 0.041745126 0.029260024
 outer loop
  vertex 0.52112633 0.0011914888 -1.9354862e-07
  vertex 0.5185199 0.04365668 0.028378049
  vertex 0.51852673 0.040670622 0.032404285
 endloop
endfacet
facet normal -0.9988731 0.03411805 0.032990597
 outer loop
  vertex -0.5187072 0.038299054 0.032404687
  vertex -0.52112633 -0.0011915844 1.4820954e-07
  vertex -0.5186995 0.034932733 0.036118858
 endloop
endfacet
facet normal 0.9987068 0.03868237 0.032992013
 outer loop
  vertex 0.52112633 0.0011914888 -1.9354862e-07
  vertex 0.51852673 0.040670622 0.032404285
  vertex 0.5185344 0.03730431 0.036118455
 endloop
endfacet
facet normal -0.99886537 0.030711928 0.036396693
 outer loop
  vertex -0.5186995 0.034932733 0.036118858
  vertex -0.52112633 -0.0011915844 1.4820954e-07
  vertex -0.51869106 0.031218573 0.039485183
 endloop
endfacet
facet normal 0.99871457 0.035270505 0.036403876
 outer loop
  vertex 0.52112633 0.0011914888 -1.9354862e-07
  vertex 0.5185344 0.03730431 0.036118455
  vertex 0.5185429 0.03359015 0.03948478
 endloop
endfacet
facet normal -0.99885684 0.02697574 0.039462913
 outer loop
  vertex -0.51869106 0.031218573 0.039485183
  vertex -0.52112633 -0.0011915844 1.4820954e-07
  vertex -0.5186818 0.027192341 0.04247125
 endloop
endfacet
facet normal 0.9987231 0.031553235 0.039454576
 outer loop
  vertex 0.52112633 0.0011914888 -1.9354862e-07
  vertex 0.5185429 0.03359015 0.03948478
  vertex 0.5185521 0.029563919 0.04247084
 endloop
endfacet
facet normal 0.99873227 0.027539993 0.04213614
 outer loop
  vertex 0.52112633 0.0011914888 -1.9354862e-07
  vertex 0.5185521 0.029563919 0.04247084
  vertex 0.51856196 0.02526439 0.045047883
 endloop
endfacet
facet normal -0.99884766 0.022971941 0.04213818
 outer loop
  vertex -0.5186818 0.027192341 0.04247125
  vertex -0.52112633 -0.0011915844 1.4820954e-07
  vertex -0.518672 0.022892812 0.045048293
 endloop
endfacet
facet normal 0.9987419 0.023278922 0.044413734
 outer loop
  vertex 0.52112633 0.0011914888 -1.9354862e-07
  vertex 0.51856196 0.02526439 0.045047883
  vertex 0.5185723 0.020732973 0.04719109
 endloop
endfacet
facet normal -0.998838 0.018729482 0.044405848
 outer loop
  vertex -0.518672 0.022892812 0.045048293
  vertex -0.52112633 -0.0011915844 1.4820954e-07
  vertex -0.5186617 0.018361391 0.047191497
 endloop
endfacet
facet normal -0.99882776 0.01425594 0.046258837
 outer loop
  vertex -0.5186617 0.018361391 0.047191497
  vertex -0.52112633 -0.0011915844 1.4820954e-07
  vertex -0.5186508 0.013641724 0.048880227
 endloop
endfacet
facet normal 0.99875206 0.01884439 0.04625058
 outer loop
  vertex 0.52112633 0.0011914888 -1.9354862e-07
  vertex 0.5185723 0.020732973 0.04719109
  vertex 0.5185831 0.016013306 0.04887982
 endloop
endfacet
facet normal -0.9988172 0.009659232 0.047653228
 outer loop
  vertex -0.5186508 0.013641724 0.048880227
  vertex -0.52112633 -0.0011915844 1.4820954e-07
  vertex -0.51863974 0.008779257 0.050098214
 endloop
endfacet
facet normal 0.9987627 0.014214211 0.04765514
 outer loop
  vertex 0.52112633 0.0011914888 -1.9354862e-07
  vertex 0.5185831 0.016013306 0.04887982
  vertex 0.5185942 0.011150841 0.05009781
 endloop
endfacet
facet normal -0.99880654 0.0049270713 0.04859452
 outer loop
  vertex -0.51863974 0.008779257 0.050098214
  vertex -0.52112633 -0.0011915844 1.4820954e-07
  vertex -0.5186284 0.0038208202 0.050833732
 endloop
endfacet
facet normal 0.99877346 0.009489569 0.04859493
 outer loop
  vertex 0.52112633 0.0011914888 -1.9354862e-07
  vertex 0.5185942 0.011150841 0.05009781
  vertex 0.51860553 0.0061924057 0.050833326
 endloop
endfacet
facet normal -0.9987955 0.00012753301 0.04906724
 outer loop
  vertex -0.5186284 0.0038208202 0.050833732
  vertex -0.52112633 -0.0011915844 1.4820954e-07
  vertex -0.518617 -0.0011858334 0.051079694
 endloop
endfacet
facet normal 0.9987845 0.0046935333 0.049067296
 outer loop
  vertex 0.52112633 0.0011914888 -1.9354862e-07
  vertex 0.51860553 0.0061924057 0.050833326
  vertex 0.518617 0.0011857544 0.051079288
 endloop
endfacet
facet normal -0.9987845 -0.004693545 0.04906724
 outer loop
  vertex -0.518617 -0.0011858334 0.051079694
  vertex -0.52112633 -0.0011915844 1.4820954e-07
  vertex -0.51860553 -0.0061924863 0.050833732
 endloop
endfacet
facet normal 0.9987955 -0.00012751015 0.0490673
 outer loop
  vertex 0.52112633 0.0011914888 -1.9354862e-07
  vertex 0.518617 0.0011857544 0.051079288
  vertex 0.5186284 -0.0038208966 0.050833326
 endloop
endfacet
facet normal 0.99880654 -0.004915287 0.04859575
 outer loop
  vertex 0.52112633 0.0011914888 -1.9354862e-07
  vertex 0.5186284 -0.0038208966 0.050833326
  vertex 0.5186398 -0.008779331 0.05009781
 endloop
endfacet
facet normal -0.99877346 -0.00950138 0.048593715
 outer loop
  vertex -0.51860553 -0.0061924863 0.050833732
  vertex -0.52112633 -0.0011915844 1.4820954e-07
  vertex -0.51859415 -0.011150924 0.050098214
 endloop
endfacet
facet normal 0.9988173 -0.009658966 0.047652166
 outer loop
  vertex 0.52112633 0.0011914888 -1.9354862e-07
  vertex 0.5186398 -0.008779331 0.05009781
  vertex 0.5186509 -0.013641796 0.04887982
 endloop
endfacet
facet normal -0.9987626 -0.01421448 0.04765621
 outer loop
  vertex -0.51859415 -0.011150924 0.050098214
  vertex -0.52112633 -0.0011915844 1.4820954e-07
  vertex -0.51858306 -0.01601339 0.048880227
 endloop
endfacet
facet normal -0.99875206 -0.01883334 0.046255093
 outer loop
  vertex -0.51858306 -0.01601339 0.048880227
  vertex -0.52112633 -0.0011915844 1.4820954e-07
  vertex -0.5185723 -0.02073306 0.047191497
 endloop
endfacet
facet normal 0.9988279 -0.0142669575 0.046254348
 outer loop
  vertex 0.52112633 0.0011914888 -1.9354862e-07
  vertex 0.5186509 -0.013641796 0.04887982
  vertex 0.5186617 -0.018361464 0.04719109
 endloop
endfacet
facet normal -0.9987418 -0.023289854 0.044409145
 outer loop
  vertex -0.5185723 -0.02073306 0.047191497
  vertex -0.52112633 -0.0011915844 1.4820954e-07
  vertex -0.5185619 -0.025264477 0.045048293
 endloop
endfacet
facet normal 0.998838 -0.01871857 0.04441042
 outer loop
  vertex 0.52112633 0.0011914888 -1.9354862e-07
  vertex 0.5186617 -0.018361464 0.04719109
  vertex 0.51867205 -0.02289288 0.045047883
 endloop
endfacet
facet normal -0.99873227 -0.027540542 0.042137105
 outer loop
  vertex -0.5185619 -0.025264477 0.045048293
  vertex -0.52112633 -0.0011915844 1.4820954e-07
  vertex -0.51855206 -0.029564008 0.04247125
 endloop
endfacet
facet normal 0.99884766 -0.022971373 0.042137235
 outer loop
  vertex 0.52112633 0.0011914888 -1.9354862e-07
  vertex 0.51867205 -0.02289288 0.045047883
  vertex 0.5186819 -0.027192408 0.04247084
 endloop
endfacet
facet normal -0.9987231 -0.031544045 0.039462034
 outer loop
  vertex -0.51855206 -0.029564008 0.04247125
  vertex -0.52112633 -0.0011915844 1.4820954e-07
  vertex -0.5185429 -0.03359024 0.039485183
 endloop
endfacet
facet normal 0.99885684 -0.026984992 0.039455425
 outer loop
  vertex 0.52112633 0.0011914888 -1.9354862e-07
  vertex 0.5186819 -0.027192408 0.04247084
  vertex 0.51869106 -0.031218637 0.039484777
 endloop
endfacet
facet normal 0.99886537 -0.03070277 0.036404315
 outer loop
  vertex 0.52112633 0.0011914888 -1.9354862e-07
  vertex 0.51869106 -0.031218637 0.039484777
  vertex 0.5186996 -0.034932796 0.03611845
 endloop
endfacet
facet normal -0.99871445 -0.035279673 0.036396295
 outer loop
  vertex -0.5185429 -0.03359024 0.039485183
  vertex -0.52112633 -0.0011915844 1.4820954e-07
  vertex -0.51853436 -0.037304398 0.036118854
 endloop
endfacet
facet normal 0.99887323 -0.03411727 0.03298981
 outer loop
  vertex 0.52112633 0.0011914888 -1.9354862e-07
  vertex 0.5186996 -0.034932796 0.03611845
  vertex 0.5187073 -0.03829911 0.03240428
 endloop
endfacet
facet normal -0.9987067 -0.038683202 0.032992776
 outer loop
  vertex -0.51853436 -0.037304398 0.036118854
  vertex -0.52112633 -0.0011915844 1.4820954e-07
  vertex -0.5185267 -0.04067071 0.032404684
 endloop
endfacet
facet normal -0.99869967 -0.041738532 0.02926987
 outer loop
  vertex -0.5185267 -0.04067071 0.032404684
  vertex -0.52112633 -0.0011915844 1.4820954e-07
  vertex -0.5185199 -0.04365677 0.028378442
 endloop
endfacet
facet normal 0.99888015 -0.03717876 0.029259356
 outer loop
  vertex 0.52112633 0.0011914888 -1.9354862e-07
  vertex 0.5187073 -0.03829911 0.03240428
  vertex 0.5187141 -0.041285165 0.028378043
 endloop
endfacet
facet normal -0.99869365 -0.044421468 0.025254479
 outer loop
  vertex -0.5185199 -0.04365677 0.028378442
  vertex -0.52112633 -0.0011915844 1.4820954e-07
  vertex -0.518514 -0.046233807 0.024078902
 endloop
endfacet
facet normal 0.9988863 -0.039852645 0.025257591
 outer loop
  vertex 0.52112633 0.0011914888 -1.9354862e-07
  vertex 0.5187141 -0.041285165 0.028378043
  vertex 0.51872 -0.0438622 0.024078503
 endloop
endfacet
facet normal 0.9988914 -0.042127267 0.021002064
 outer loop
  vertex 0.52112633 0.0011914888 -1.9354862e-07
  vertex 0.51872 -0.0438622 0.024078503
  vertex 0.51872486 -0.0460054 0.019547075
 endloop
endfacet
facet normal -0.9986884 -0.04669215 0.021006469
 outer loop
  vertex -0.518514 -0.046233807 0.024078902
  vertex -0.52112633 -0.0011915844 1.4820954e-07
  vertex -0.5185091 -0.048377007 0.019547472
 endloop
endfacet
facet normal 0.99889576 -0.04397023 0.01655275
 outer loop
  vertex 0.52112633 0.0011914888 -1.9354862e-07
  vertex 0.51872486 -0.0460054 0.019547075
  vertex 0.51872873 -0.047694128 0.014827394
 endloop
endfacet
facet normal -0.9986842 -0.048538994 0.016547658
 outer loop
  vertex -0.5185091 -0.048377007 0.019547472
  vertex -0.52112633 -0.0011915844 1.4820954e-07
  vertex -0.5185052 -0.050065733 0.014827791
 endloop
endfacet
facet normal 0.9988989 -0.04536951 0.0119399335
 outer loop
  vertex 0.52112633 0.0011914888 -1.9354862e-07
  vertex 0.51872873 -0.047694128 0.014827394
  vertex 0.51873153 -0.04891211 0.009964917
 endloop
endfacet
facet normal -0.998681 -0.04993868 0.011933616
 outer loop
  vertex -0.5185052 -0.050065733 0.014827791
  vertex -0.52112633 -0.0011915844 1.4820954e-07
  vertex -0.5185024 -0.051283717 0.009965312
 endloop
endfacet
facet normal -0.99867886 -0.05087808 0.007210913
 outer loop
  vertex -0.5185024 -0.051283717 0.009965312
  vertex -0.52112633 -0.0011915844 1.4820954e-07
  vertex -0.51850075 -0.05201923 0.005006864
 endloop
endfacet
facet normal 0.99890107 -0.046311185 0.0072058076
 outer loop
  vertex 0.52112633 0.0011914888 -1.9354862e-07
  vertex 0.51873153 -0.04891211 0.009964917
  vertex 0.5187332 -0.049647626 0.0050064703
 endloop
endfacet
facet normal -0.99867773 -0.05135037 0.0024156854
 outer loop
  vertex -0.51850075 -0.05201923 0.005006864
  vertex -0.52112633 -0.0011915844 1.4820954e-07
  vertex -0.5185002 -0.052265193 1.9853815e-07
 endloop
endfacet
facet normal 0.9989021 -0.046783984 0.0024053836
 outer loop
  vertex 0.52112633 0.0011914888 -1.9354862e-07
  vertex 0.5187332 -0.049647626 0.0050064703
  vertex 0.51873374 -0.049893588 -1.9397517e-07
 endloop
endfacet
facet normal -0.99867773 -0.051350366 -0.0024156857
 outer loop
  vertex -0.5185002 -0.052265193 1.9853815e-07
  vertex -0.52112633 -0.0011915844 1.4820954e-07
  vertex -0.51850075 -0.05201923 -0.005006467
 endloop
endfacet
facet normal 0.9989021 -0.04678398 -0.0024053836
 outer loop
  vertex 0.52112633 0.0011914888 -1.9354862e-07
  vertex 0.51873374 -0.049893588 -1.9397517e-07
  vertex 0.5187332 -0.049647626 -0.005006858
 endloop
endfacet
facet normal -0.99867886 -0.050878085 -0.007210913
 outer loop
  vertex -0.51850075 -0.05201923 -0.005006467
  vertex -0.52112633 -0.0011915844 1.4820954e-07
  vertex -0.5185024 -0.051283717 -0.009964915
 endloop
endfacet
facet normal 0.99890107 -0.046311185 -0.0072058085
 outer loop
  vertex 0.52112633 0.0011914888 -1.9354862e-07
  vertex 0.5187332 -0.049647626 -0.005006858
  vertex 0.51873153 -0.04891211 -0.009965304
 endloop
endfacet
facet normal 0.9988989 -0.04536951 -0.0119399335
 outer loop
  vertex 0.52112633 0.0011914888 -1.9354862e-07
  vertex 0.51873153 -0.04891211 -0.009965304
  vertex 0.51872873 -0.047694128 -0.014827781
 endloop
endfacet
facet normal -0.998681 -0.049938686 -0.011933621
 outer loop
  vertex -0.5185024 -0.051283717 -0.009964915
  vertex -0.52112633 -0.0011915844 1.4820954e-07
  vertex -0.5185052 -0.050065733 -0.014827394
 endloop
endfacet
facet normal 0.99889565 -0.043970224 -0.016552756
 outer loop
  vertex 0.52112633 0.0011914888 -1.9354862e-07
  vertex 0.51872873 -0.047694128 -0.014827781
  vertex 0.51872486 -0.0460054 -0.01954746
 endloop
endfacet
facet normal -0.9986842 -0.048539013 -0.016547654
 outer loop
  vertex -0.5185052 -0.050065733 -0.014827394
  vertex -0.52112633 -0.0011915844 1.4820954e-07
  vertex -0.5185091 -0.048377007 -0.019547077
 endloop
endfacet
facet normal -0.9986884 -0.046692163 -0.021006491
 outer loop
  vertex -0.5185091 -0.048377007 -0.019547077
  vertex -0.52112633 -0.0011915844 1.4820954e-07
  vertex -0.518514 -0.046233807 -0.024078505
 endloop
endfacet
facet normal 0.9988914 -0.042127263 -0.021002071
 outer loop
  vertex 0.52112633 0.0011914888 -1.9354862e-07
  vertex 0.51872486 -0.0460054 -0.01954746
  vertex 0.51872 -0.0438622 -0.024078887
 endloop
endfacet
facet normal -0.9986935 -0.04442155 -0.02525451
 outer loop
  vertex -0.518514 -0.046233807 -0.024078505
  vertex -0.52112633 -0.0011915844 1.4820954e-07
  vertex -0.5185199 -0.04365677 -0.028378045
 endloop
endfacet
facet normal 0.9988863 -0.039852653 -0.025257591
 outer loop
  vertex 0.52112633 0.0011914888 -1.9354862e-07
  vertex 0.51872 -0.0438622 -0.024078887
  vertex 0.5187141 -0.041285165 -0.028378427
 endloop
endfacet
facet normal -0.9986998 -0.041745167 -0.029260011
 outer loop
  vertex -0.5185199 -0.04365677 -0.028378045
  vertex -0.52112633 -0.0011915844 1.4820954e-07
  vertex -0.51852673 -0.04067071 -0.032404285
 endloop
endfacet
facet normal 0.99888015 -0.037172154 -0.029269254
 outer loop
  vertex 0.52112633 0.0011914888 -1.9354862e-07
  vertex 0.5187141 -0.041285165 -0.028378427
  vertex 0.5187072 -0.038299106 -0.03240467
 endloop
endfacet
facet normal -0.9987068 -0.038682368 -0.032992043
 outer loop
  vertex -0.51852673 -0.04067071 -0.032404285
  vertex -0.52112633 -0.0011915844 1.4820954e-07
  vertex -0.5185344 -0.037304398 -0.03611845
 endloop
endfacet
facet normal 0.99887323 -0.03411812 -0.032990612
 outer loop
  vertex 0.52112633 0.0011914888 -1.9354862e-07
  vertex 0.5187072 -0.038299106 -0.03240467
  vertex 0.5186995 -0.034932792 -0.036118835
 endloop
endfacet
facet normal -0.99871457 -0.03527052 -0.036403913
 outer loop
  vertex -0.5185344 -0.037304398 -0.03611845
  vertex -0.52112633 -0.0011915844 1.4820954e-07
  vertex -0.5185429 -0.03359024 -0.039484777
 endloop
endfacet
facet normal 0.99886537 -0.030711962 -0.036396775
 outer loop
  vertex 0.52112633 0.0011914888 -1.9354862e-07
  vertex 0.5186995 -0.034932792 -0.036118835
  vertex 0.51869106 -0.031218633 -0.03948516
 endloop
endfacet
facet normal 0.99885684 -0.026975779 -0.039462995
 outer loop
  vertex 0.52112633 0.0011914888 -1.9354862e-07
  vertex 0.51869106 -0.031218633 -0.03948516
  vertex 0.5186818 -0.027192404 -0.04247122
 endloop
endfacet
facet normal -0.9987231 -0.03155327 -0.039454594
 outer loop
  vertex -0.5185429 -0.03359024 -0.039484777
  vertex -0.52112633 -0.0011915844 1.4820954e-07
  vertex -0.5185521 -0.029564008 -0.04247084
 endloop
endfacet
facet normal 0.99884766 -0.022971977 -0.04213825
 outer loop
  vertex 0.52112633 0.0011914888 -1.9354862e-07
  vertex 0.5186818 -0.027192404 -0.04247122
  vertex 0.518672 -0.022892876 -0.045048263
 endloop
endfacet
facet normal -0.99873215 -0.027540004 -0.042136174
 outer loop
  vertex -0.5185521 -0.029564008 -0.04247084
  vertex -0.52112633 -0.0011915844 1.4820954e-07
  vertex -0.51856196 -0.02526448 -0.045047883
 endloop
endfacet
facet normal -0.9987419 -0.023278931 -0.04441379
 outer loop
  vertex -0.51856196 -0.02526448 -0.045047883
  vertex -0.52112633 -0.0011915844 1.4820954e-07
  vertex -0.5185723 -0.020733062 -0.04719109
 endloop
endfacet
facet normal 0.998838 -0.018729556 -0.044405878
 outer loop
  vertex 0.52112633 0.0011914888 -1.9354862e-07
  vertex 0.518672 -0.022892876 -0.045048263
  vertex 0.5186617 -0.01836146 -0.04719147
 endloop
endfacet
facet normal -0.99875206 -0.01884438 -0.046250623
 outer loop
  vertex -0.5185723 -0.020733062 -0.04719109
  vertex -0.52112633 -0.0011915844 1.4820954e-07
  vertex -0.5185831 -0.016013393 -0.04887982
 endloop
endfacet
facet normal 0.99882776 -0.0142559735 -0.0462589
 outer loop
  vertex 0.52112633 0.0011914888 -1.9354862e-07
  vertex 0.5186617 -0.01836146 -0.04719147
  vertex 0.5186508 -0.013641792 -0.0488802
 endloop
endfacet
facet normal -0.9987627 -0.014214232 -0.04765519
 outer loop
  vertex -0.5185831 -0.016013393 -0.04887982
  vertex -0.52112633 -0.0011915844 1.4820954e-07
  vertex -0.5185942 -0.011150928 -0.05009781
 endloop
endfacet
facet normal 0.9988172 -0.009659252 -0.0476533
 outer loop
  vertex 0.52112633 0.0011914888 -1.9354862e-07
  vertex 0.5186508 -0.013641792 -0.0488802
  vertex 0.51863974 -0.008779328 -0.05009819
 endloop
endfacet
facet normal -0.99877346 -0.009489522 -0.048594963
 outer loop
  vertex -0.5185942 -0.011150928 -0.05009781
  vertex -0.52112633 -0.0011915844 1.4820954e-07
  vertex -0.51860553 -0.0061924923 -0.050833326
 endloop
endfacet
facet normal 0.9988064 -0.0049271206 -0.048594587
 outer loop
  vertex 0.52112633 0.0011914888 -1.9354862e-07
  vertex 0.51863974 -0.008779328 -0.05009819
  vertex 0.5186284 -0.0038208938 -0.050833706
 endloop
endfacet
facet normal -0.9987845 -0.0046934993 -0.049067345
 outer loop
  vertex -0.51860553 -0.0061924923 -0.050833326
  vertex -0.52112633 -0.0011915844 1.4820954e-07
  vertex -0.518617 -0.0011858407 -0.051079288
 endloop
endfacet
facet normal 0.9987955 -0.0001275104 -0.049067304
 outer loop
  vertex 0.52112633 0.0011914888 -1.9354862e-07
  vertex 0.5186284 -0.0038208938 -0.050833706
  vertex 0.518617 0.0011857568 -0.051079668
 endloop
endfacet
facet normal 0.9987845 0.0046935338 -0.0490673
 outer loop
  vertex 0.52112633 0.0011914888 -1.9354862e-07
  vertex 0.518617 0.0011857568 -0.051079668
  vertex 0.51860553 0.0061924076 -0.050833706
 endloop
endfacet
facet normal -0.9987955 0.0001274765 -0.049067345
 outer loop
  vertex -0.518617 -0.0011858407 -0.051079288
  vertex -0.52112633 -0.0011915844 1.4820954e-07
  vertex -0.5186284 0.003820811 -0.050833326
 endloop
endfacet
facet normal 0.99877346 0.009501405 -0.048593774
 outer loop
  vertex 0.52112633 0.0011914888 -1.9354862e-07
  vertex 0.51860553 0.0061924076 -0.050833706
  vertex 0.51859415 0.0111508425 -0.05009819
 endloop
endfacet
facet normal -0.9988065 0.004915319 -0.048595786
 outer loop
  vertex -0.5186284 0.003820811 -0.050833326
  vertex -0.52112633 -0.0011915844 1.4820954e-07
  vertex -0.5186398 0.008779245 -0.05009781
 endloop
endfacet
facet normal -0.9988173 0.009658944 -0.0476522
 outer loop
  vertex -0.5186398 0.008779245 -0.05009781
  vertex -0.52112633 -0.0011915844 1.4820954e-07
  vertex -0.5186509 0.013641711 -0.04887982
 endloop
endfacet
facet normal 0.9987626 0.014214494 -0.04765627
 outer loop
  vertex 0.52112633 0.0011914888 -1.9354862e-07
  vertex 0.51859415 0.0111508425 -0.05009819
  vertex 0.51858306 0.016013307 -0.0488802
 endloop
endfacet
facet normal -0.9988279 0.014266968 -0.046254378
 outer loop
  vertex -0.5186509 0.013641711 -0.04887982
  vertex -0.52112633 -0.0011915844 1.4820954e-07
  vertex -0.5186617 0.018361378 -0.04719109
 endloop
endfacet
facet normal 0.99875206 0.018833408 -0.046255138
 outer loop
  vertex 0.52112633 0.0011914888 -1.9354862e-07
  vertex 0.51858306 0.016013307 -0.0488802
  vertex 0.5185723 0.020732975 -0.04719147
 endloop
endfacet
facet normal -0.998838 0.018718584 -0.044410452
 outer loop
  vertex -0.5186617 0.018361378 -0.04719109
  vertex -0.52112633 -0.0011915844 1.4820954e-07
  vertex -0.51867205 0.022892796 -0.045047883
 endloop
endfacet
facet normal 0.9987419 0.023289902 -0.044409193
 outer loop
  vertex 0.52112633 0.0011914888 -1.9354862e-07
  vertex 0.5185723 0.020732975 -0.04719147
  vertex 0.5185619 0.025264394 -0.045048263
 endloop
endfacet
facet normal -0.99884766 0.022971397 -0.042137284
 outer loop
  vertex -0.51867205 0.022892796 -0.045047883
  vertex -0.52112633 -0.0011915844 1.4820954e-07
  vertex -0.5186819 0.027192324 -0.04247084
 endloop
endfacet
facet normal 0.99873215 0.027540611 -0.042137135
 outer loop
  vertex 0.52112633 0.0011914888 -1.9354862e-07
  vertex 0.5185619 0.025264394 -0.045048263
  vertex 0.51855206 0.029563919 -0.04247122
 endloop
endfacet
facet normal -0.99885684 0.026985005 -0.03945542
 outer loop
  vertex -0.5186819 0.027192324 -0.04247084
  vertex -0.52112633 -0.0011915844 1.4820954e-07
  vertex -0.51869106 0.031218551 -0.039484777
 endloop
endfacet
facet normal 0.9987231 0.03154409 -0.03946209
 outer loop
  vertex 0.52112633 0.0011914888 -1.9354862e-07
  vertex 0.51855206 0.029563919 -0.04247122
  vertex 0.5185429 0.033590145 -0.039485157
 endloop
endfacet
facet normal -0.99886537 0.03070279 -0.036404338
 outer loop
  vertex -0.51869106 0.031218551 -0.039484777
  vertex -0.52112633 -0.0011915844 1.4820954e-07
  vertex -0.5186996 0.03493271 -0.03611845
 endloop
endfacet
facet normal 0.99871457 0.035279702 -0.036396343
 outer loop
  vertex 0.52112633 0.0011914888 -1.9354862e-07
  vertex 0.5185429 0.033590145 -0.039485157
  vertex 0.51853436 0.037304305 -0.03611883
 endloop
endfacet
facet normal 0.9987067 0.038683232 -0.032992795
 outer loop
  vertex 0.52112633 0.0011914888 -1.9354862e-07
  vertex 0.51853436 0.037304305 -0.03611883
  vertex 0.5185267 0.04067062 -0.03240466
 endloop
endfacet
facet normal -0.99887323 0.034117293 -0.03298981
 outer loop
  vertex -0.5186996 0.03493271 -0.03611845
  vertex -0.52112633 -0.0011915844 1.4820954e-07
  vertex -0.5187073 0.038299024 -0.03240428
 endloop
endfacet
facet normal 0.99869967 0.041738555 -0.029269872
 outer loop
  vertex 0.52112633 0.0011914888 -1.9354862e-07
  vertex 0.5185267 0.04067062 -0.03240466
  vertex 0.5185199 0.043656673 -0.028378421
 endloop
endfacet
facet normal -0.99888015 0.037178785 -0.02925935
 outer loop
  vertex -0.5187073 0.038299024 -0.03240428
  vertex -0.52112633 -0.0011915844 1.4820954e-07
  vertex -0.5187141 0.04128508 -0.028378045
 endloop
endfacet
facet normal -0.9988863 0.03985268 -0.02525759
 outer loop
  vertex -0.5187141 0.04128508 -0.028378045
  vertex -0.52112633 -0.0011915844 1.4820954e-07
  vertex -0.51872 0.043862116 -0.024078505
 endloop
endfacet
facet normal 0.99869365 0.04442153 -0.025254505
 outer loop
  vertex 0.52112633 0.0011914888 -1.9354862e-07
  vertex 0.5185199 0.043656673 -0.028378421
  vertex 0.518514 0.04623371 -0.024078881
 endloop
endfacet
facet normal -0.9988914 0.042127255 -0.021002106
 outer loop
  vertex -0.51872 0.043862116 -0.024078505
  vertex -0.52112633 -0.0011915844 1.4820954e-07
  vertex -0.51872486 0.046005316 -0.019547079
 endloop
endfacet
facet normal 0.9986884 0.046692125 -0.021006502
 outer loop
  vertex 0.52112633 0.0011914888 -1.9354862e-07
  vertex 0.518514 0.04623371 -0.024078881
  vertex 0.5185091 0.04837691 -0.019547455
 endloop
endfacet
facet normal -0.99889576 0.043970235 -0.016552739
 outer loop
  vertex -0.51872486 0.046005316 -0.019547079
  vertex -0.52112633 -0.0011915844 1.4820954e-07
  vertex -0.51872873 0.047694042 -0.014827396
 endloop
endfacet
facet normal 0.9986842 0.048539016 -0.016547704
 outer loop
  vertex 0.52112633 0.0011914888 -1.9354862e-07
  vertex 0.5185091 0.04837691 -0.019547455
  vertex 0.5185052 0.050065637 -0.014827773
 endloop
endfacet
facet normal -0.99889904 0.045369513 -0.011939931
 outer loop
  vertex -0.51872873 0.047694042 -0.014827396
  vertex -0.52112633 -0.0011915844 1.4820954e-07
  vertex -0.51873153 0.048912026 -0.009964917
 endloop
endfacet
facet normal 0.998681 0.04993869 -0.011933583
 outer loop
  vertex 0.52112633 0.0011914888 -1.9354862e-07
  vertex 0.5185052 0.050065637 -0.014827773
  vertex 0.5185024 0.05128362 -0.009965295
 endloop
endfacet
facet normal 0.99867886 0.05087809 -0.007210889
 outer loop
  vertex 0.52112633 0.0011914888 -1.9354862e-07
  vertex 0.5185024 0.05128362 -0.009965295
  vertex 0.51850075 0.052019134 -0.0050068474
 endloop
endfacet
facet normal -0.99890107 0.046311174 -0.0072057988
 outer loop
  vertex -0.51873153 0.048912026 -0.009964917
  vertex -0.52112633 -0.0011915844 1.4820954e-07
  vertex -0.5187332 0.04964754 -0.00500647
 endloop
endfacet
facet normal 0.99867773 0.051350355 -0.0024157653
 outer loop
  vertex 0.52112633 0.0011914888 -1.9354862e-07
  vertex 0.51850075 0.052019134 -0.0050068474
  vertex 0.5185002 0.052265104 -1.9261662e-07
 endloop
endfacet
facet normal -0.9989022 0.04678395 -0.0024056265
 outer loop
  vertex -0.5187332 0.04964754 -0.00500647
  vertex -0.52112633 -0.0011915844 1.4820954e-07
  vertex -0.51873374 0.049893532 1.9261662e-07
 endloop
endfacet
facet normal -0.97051513 0.24074438 0.011937486
 outer loop
  vertex -0.4990327 0.15013482 1.8521447e-07
  vertex -0.5113455 0.10049811 1.748816e-07
  vertex -0.5113444 0.10000855 0.009965304
 endloop
endfacet
facet normal -0.97051525 0.24074416 0.011936154
 outer loop
  vertex -0.4990327 0.15013482 1.8521447e-07
  vertex -0.5113444 0.10000855 0.009965304
  vertex -0.49903104 0.14940639 0.014827776
 endloop
endfacet
facet normal 0.96940416 0.24517965 0.011935715
 outer loop
  vertex 0.5108806 0.10283534 -1.9798291e-07
  vertex 0.49834093 0.15241529 -1.8521447e-07
  vertex 0.4983426 0.15168686 0.014827408
 endloop
endfacet
facet normal 0.9694041 0.24518013 0.011934055
 outer loop
  vertex 0.5108806 0.10283534 -1.9798291e-07
  vertex 0.4983426 0.15168686 0.014827408
  vertex 0.5108817 0.10234582 0.009964923
 endloop
endfacet
facet normal 0.04672798 0.99770474 0.049008474
 outer loop
  vertex 0.0498935 0.5187339 -1.8971075e-08
  vertex -0.0011915076 0.5211265 -8.05091e-15
  vertex -0.001185751 0.51861715 0.05107947
 endloop
endfacet
facet normal 0.046728823 0.9977046 0.049009312
 outer loop
  vertex 0.0498935 0.5187339 -1.8971075e-08
  vertex -0.001185751 0.51861715 0.05107947
  vertex 0.049899228 0.5162366 0.05083349
 endloop
endfacet
facet normal -0.9421827 0.33469063 0.016548246
 outer loop
  vertex -0.48191392 0.19832565 1.788156e-07
  vertex -0.4990327 0.15013482 1.8521447e-07
  vertex -0.49903104 0.14940639 0.014827776
 endloop
endfacet
facet normal -0.9421827 0.33469072 0.016548516
 outer loop
  vertex -0.48191392 0.19832565 1.788156e-07
  vertex -0.49903104 0.14940639 0.014827776
  vertex -0.48191172 0.19736536 0.01954745
 endloop
endfacet
facet normal 0.9888127 0.14898834 0.007206513
 outer loop
  vertex 0.5185002 0.052265104 -1.9261662e-07
  vertex 0.5108806 0.10283534 -1.9798291e-07
  vertex 0.5108817 0.10234582 0.009964923
 endloop
endfacet
facet normal 0.9888128 0.14898701 0.0072131897
 outer loop
  vertex 0.5185002 0.052265104 -1.9261662e-07
  vertex 0.5108817 0.10234582 0.009964923
  vertex 0.51850075 0.052019145 0.0050064726
 endloop
endfacet
facet normal 0.1442986 0.988343 0.04853841
 outer loop
  vertex 0.100498065 0.5113456 -9.997722e-09
  vertex 0.0498935 0.5187339 -1.8971075e-08
  vertex 0.049899228 0.5162366 0.05083349
 endloop
endfacet
facet normal 0.14429773 0.9883432 0.048537537
 outer loop
  vertex 0.100498065 0.5113456 -9.997722e-09
  vertex 0.049899228 0.5162366 0.05083349
  vertex 0.10050371 0.5088845 0.050097954
 endloop
endfacet
facet normal -0.90476435 0.42539445 0.02100025
 outer loop
  vertex -0.4601541 0.24460629 1.7710151e-07
  vertex -0.48191392 0.19832565 1.788156e-07
  vertex -0.48191172 0.19736536 0.01954745
 endloop
endfacet
facet normal -0.9047651 0.42539322 0.020996498
 outer loop
  vertex -0.4601541 0.24460629 1.7710151e-07
  vertex -0.48191172 0.19736536 0.01954745
  vertex -0.46015137 0.24342358 0.024078866
 endloop
endfacet
facet normal 0.24048853 0.96948415 0.047600202
 outer loop
  vertex 0.15013479 0.49903283 1.8169999e-08
  vertex 0.100498065 0.5113456 -9.997722e-09
  vertex 0.10050371 0.5088845 0.050097954
 endloop
endfacet
facet normal 0.24048847 0.9694841 0.047600158
 outer loop
  vertex 0.15013479 0.49903283 1.8169999e-08
  vertex 0.10050371 0.5088845 0.050097954
  vertex 0.15014029 0.49663153 0.048879948
 endloop
endfacet
facet normal -0.8586297 0.5119744 0.025244039
 outer loop
  vertex -0.43396267 0.28853178 6.444496e-08
  vertex -0.4601541 0.24460629 1.7710151e-07
  vertex -0.46015137 0.24342358 0.024078866
 endloop
endfacet
facet normal -0.8586281 0.5119767 0.025250148
 outer loop
  vertex -0.43396267 0.28853178 6.444496e-08
  vertex -0.46015137 0.24342358 0.024078866
  vertex -0.43395948 0.28713754 0.028378395
 endloop
endfacet
facet normal 0.33437836 0.9413056 0.04620529
 outer loop
  vertex 0.19832556 0.4819141 -7.406784e-08
  vertex 0.15013479 0.49903283 1.8169999e-08
  vertex 0.15014029 0.49663153 0.048879948
 endloop
endfacet
facet normal 0.33437863 0.9413054 0.046205558
 outer loop
  vertex 0.19832556 0.4819141 -7.406784e-08
  vertex 0.15014029 0.49663153 0.048879948
  vertex 0.19833088 0.47959575 0.047191203
 endloop
endfacet
facet normal -0.8042226 0.59360766 0.02925462
 outer loop
  vertex -0.40359202 0.3296781 1.496151e-07
  vertex -0.43396267 0.28853178 6.444496e-08
  vertex -0.43395948 0.28713754 0.028378395
 endloop
endfacet
facet normal -0.8042231 0.5936072 0.029253405
 outer loop
  vertex -0.40359202 0.3296781 1.496151e-07
  vertex -0.43395948 0.28713754 0.028378395
  vertex -0.40358835 0.32808614 0.032404624
 endloop
endfacet
facet normal 0.42507243 0.90407133 0.04436614
 outer loop
  vertex 0.24460635 0.460154 -1.3001255e-08
  vertex 0.19832556 0.4819141 -7.406784e-08
  vertex 0.19833088 0.47959575 0.047191203
 endloop
endfacet
facet normal 0.42506853 0.9040735 0.04436145
 outer loop
  vertex 0.24460635 0.460154 -1.3001255e-08
  vertex 0.19833088 0.47959575 0.047191203
  vertex 0.24461143 0.45794117 0.04504798
 endloop
endfacet
facet normal -0.74208075 0.66949886 0.03297475
 outer loop
  vertex -0.3693345 0.36764956 1.3685954e-07
  vertex -0.40359202 0.3296781 1.496151e-07
  vertex -0.40358835 0.32808614 0.032404624
 endloop
endfacet
facet normal -0.7420809 0.66949874 0.032974385
 outer loop
  vertex -0.3693345 0.36764956 1.3685954e-07
  vertex -0.40358835 0.32808614 0.032404624
  vertex -0.3693304 0.36587515 0.03611878
 endloop
endfacet
facet normal 0.51168156 0.8581433 0.042095527
 outer loop
  vertex 0.28853154 0.4339629 -1.9624926e-07
  vertex 0.24460635 0.460154 -1.3001255e-08
  vertex 0.24461143 0.45794117 0.04504798
 endloop
endfacet
facet normal 0.5116859 0.85814047 0.042101298
 outer loop
  vertex 0.28853154 0.4339629 -1.9624926e-07
  vertex 0.24461143 0.45794117 0.04504798
  vertex 0.2885363 0.4318764 0.04247092
 endloop
endfacet
facet normal -0.6728058 0.73892426 0.036377184
 outer loop
  vertex -0.3315201 0.40208033 1.2278593e-07
  vertex -0.3693345 0.36764956 1.3685954e-07
  vertex -0.3693304 0.36587515 0.03611878
 endloop
endfacet
facet normal -0.672806 0.7389241 0.0363767
 outer loop
  vertex -0.3315201 0.40208033 1.2278593e-07
  vertex -0.3693304 0.36587515 0.03611878
  vertex -0.33151567 0.40014055 0.039485086
 endloop
endfacet
facet normal 0.5934031 0.8039391 0.03942928
 outer loop
  vertex 0.32967797 0.40359193 -1.2608584e-07
  vertex 0.28853154 0.4339629 -1.9624926e-07
  vertex 0.2885363 0.4318764 0.04247092
 endloop
endfacet
facet normal 0.59339935 0.8039422 0.039423592
 outer loop
  vertex 0.32967797 0.40359193 -1.2608584e-07
  vertex 0.2885363 0.4318764 0.04247092
  vertex 0.3296824 0.4016524 0.039484844
 endloop
endfacet
facet normal -0.5970708 0.80121905 0.03942855
 outer loop
  vertex -0.290513 0.43263894 8.093372e-08
  vertex -0.3315201 0.40208033 1.2278593e-07
  vertex -0.33151567 0.40014055 0.039485086
 endloop
endfacet
facet normal -0.5970703 0.80121934 0.039429396
 outer loop
  vertex -0.290513 0.43263894 8.093372e-08
  vertex -0.33151567 0.40014055 0.039485086
  vertex -0.29050824 0.43055242 0.042471133
 endloop
endfacet
facet normal 0.6694173 0.7419957 0.036372174
 outer loop
  vertex 0.3676494 0.36933467 -3.1443697e-08
  vertex 0.32967797 0.40359193 -1.2608584e-07
  vertex 0.3296824 0.4016524 0.039484844
 endloop
endfacet
facet normal 0.66942 0.741993 0.0363769
 outer loop
  vertex 0.3676494 0.36933467 -3.1443697e-08
  vertex 0.3296824 0.4016524 0.039484844
  vertex 0.3676535 0.36756024 0.036118504
 endloop
endfacet
facet normal -0.51560384 0.85579216 0.042101294
 outer loop
  vertex -0.24670811 0.45903084 9.123819e-08
  vertex -0.290513 0.43263894 8.093372e-08
  vertex -0.29050824 0.43055242 0.042471133
 endloop
endfacet
facet normal -0.5156045 0.8557917 0.042100362
 outer loop
  vertex -0.24670811 0.45903084 9.123819e-08
  vertex -0.29050824 0.43055242 0.042471133
  vertex -0.24670303 0.45681778 0.045048155
 endloop
endfacet
facet normal 0.7390119 0.67288494 0.032973938
 outer loop
  vertex 0.4020802 0.33152023 -1.496151e-07
  vertex 0.3676494 0.36933467 -3.1443697e-08
  vertex 0.3676535 0.36756024 0.036118504
 endloop
endfacet
facet normal 0.7390117 0.6728852 0.03297356
 outer loop
  vertex 0.4020802 0.33152023 -1.496151e-07
  vertex 0.3676535 0.36756024 0.036118504
  vertex 0.40208387 0.32992828 0.032404326
 endloop
endfacet
facet normal -0.42919284 0.90212256 0.04436668
 outer loop
  vertex -0.20052725 0.4810018 1.2527366e-08
  vertex -0.24670811 0.45903084 9.123819e-08
  vertex -0.24670303 0.45681778 0.045048155
 endloop
endfacet
facet normal -0.42919794 0.9021205 0.044360254
 outer loop
  vertex -0.20052725 0.4810018 1.2527366e-08
  vertex -0.24670303 0.45681778 0.045048155
  vertex -0.20052193 0.47868377 0.047191348
 endloop
endfacet
facet normal 0.8014993 0.5972798 0.029252194
 outer loop
  vertex 0.43263876 0.29051322 -2.5741463e-07
  vertex 0.4020802 0.33152023 -1.496151e-07
  vertex 0.40208387 0.32992828 0.032404326
 endloop
endfacet
facet normal 0.80150044 0.59727824 0.029255135
 outer loop
  vertex 0.43263876 0.29051322 -2.5741463e-07
  vertex 0.40208387 0.32992828 0.032404326
  vertex 0.43264195 0.28911895 0.028378071
 endloop
endfacet
facet normal -0.33868596 0.9397646 0.046199143
 outer loop
  vertex -0.15241519 0.4983411 5.6184188e-08
  vertex -0.20052725 0.4810018 1.2527366e-08
  vertex -0.20052193 0.47868377 0.047191348
 endloop
endfacet
facet normal -0.33868003 0.9397663 0.046205886
 outer loop
  vertex -0.15241519 0.4983411 5.6184188e-08
  vertex -0.20052193 0.47868377 0.047191348
  vertex -0.15240969 0.4959398 0.048880063
 endloop
endfacet
facet normal 0.8562792 0.51589566 0.025250545
 outer loop
  vertex 0.4590307 0.24670812 -1.6040507e-07
  vertex 0.43263876 0.29051322 -2.5741463e-07
  vertex 0.43264195 0.28911895 0.028378071
 endloop
endfacet
facet normal 0.8562778 0.5158982 0.025245542
 outer loop
  vertex 0.4590307 0.24670812 -1.6040507e-07
  vertex 0.43264195 0.28911895 0.028378071
  vertex 0.4590334 0.24552533 0.02407853
 endloop
endfacet
facet normal -0.2449186 0.96837443 0.047600765
 outer loop
  vertex -0.10283536 0.5108807 3.7759467e-08
  vertex -0.15241519 0.4983411 5.6184188e-08
  vertex -0.15240969 0.4959398 0.048880063
 endloop
endfacet
facet normal -0.24491897 0.9683743 0.047600392
 outer loop
  vertex -0.10283536 0.5108807 3.7759467e-08
  vertex -0.15240969 0.4959398 0.048880063
  vertex -0.10282971 0.5084196 0.050098028
 endloop
endfacet
facet normal 0.9028099 0.429527 0.020997563
 outer loop
  vertex 0.48100197 0.20052734 -1.788156e-07
  vertex 0.4590307 0.24670812 -1.6040507e-07
  vertex 0.4590334 0.24552533 0.02407853
 endloop
endfacet
facet normal 0.90281016 0.4295262 0.02099922
 outer loop
  vertex 0.48100197 0.20052734 -1.788156e-07
  vertex 0.4590334 0.24552533 0.02407853
  vertex 0.48100418 0.19956705 0.019547094
 endloop
endfacet
facet normal -0.14881769 0.98767275 0.048537612
 outer loop
  vertex -0.052265104 0.5185004 1.897108e-08
  vertex -0.10283536 0.5108807 3.7759467e-08
  vertex -0.10282971 0.5084196 0.050098028
 endloop
endfacet
facet normal -0.14881681 0.9876728 0.04853851
 outer loop
  vertex -0.052265104 0.5185004 1.897108e-08
  vertex -0.10282971 0.5084196 0.050098028
  vertex -0.052259374 0.5160031 0.050833527
 endloop
endfacet
facet normal -0.9894839 0.14446397 0.0072029857
 outer loop
  vertex -0.5113455 0.10049811 1.748816e-07
  vertex -0.51873374 0.049893532 1.9261662e-07
  vertex -0.5187332 0.049647573 0.00500686
 endloop
endfacet
facet normal -0.9894837 0.14446463 0.0072096484
 outer loop
  vertex -0.5113455 0.10049811 1.748816e-07
  vertex -0.5187332 0.049647573 0.00500686
  vertex -0.5113444 0.10000855 0.009965304
 endloop
endfacet
facet normal 0.9406424 0.3389954 0.016547553
 outer loop
  vertex 0.49834093 0.15241529 -1.8521447e-07
  vertex 0.48100197 0.20052734 -1.788156e-07
  vertex 0.48100418 0.19956705 0.019547094
 endloop
endfacet
facet normal 0.94064254 0.33899534 0.016547756
 outer loop
  vertex 0.49834093 0.15241529 -1.8521447e-07
  vertex 0.48100418 0.19956705 0.019547094
  vertex 0.4983426 0.15168686 0.014827408
 endloop
endfacet
facet normal -0.05128881 0.9974805 0.049009357
 outer loop
  vertex -0.0011915076 0.5211265 -8.05091e-15
  vertex -0.052265104 0.5185004 1.897108e-08
  vertex -0.052259374 0.5160031 0.050833527
 endloop
endfacet
facet normal -0.05128965 0.9974806 0.049008507
 outer loop
  vertex -0.0011915076 0.5211265 -8.05091e-15
  vertex -0.052259374 0.5160031 0.050833527
  vertex -0.001185751 0.51861715 0.05107947
 endloop
endfacet
facet normal 0.7390265 0.6664212 0.09860359
 outer loop
  vertex 0.40208387 0.32992828 0.032404326
  vertex 0.3676535 0.36756024 0.036118504
  vertex 0.36766562 0.36225414 0.07188931
 endloop
endfacet
facet normal 0.7390265 0.66642123 0.09860352
 outer loop
  vertex 0.40208387 0.32992828 0.032404326
  vertex 0.36766562 0.36225414 0.07188931
  vertex 0.40209475 0.32516783 0.064496726
 endloop
endfacet
facet normal -0.42917815 0.8934228 0.13267209
 outer loop
  vertex -0.20052193 0.47868377 0.047191348
  vertex -0.24670303 0.45681778 0.045048155
  vertex -0.24668787 0.4501999 0.08966239
 endloop
endfacet
facet normal -0.42917854 0.89342266 0.13267164
 outer loop
  vertex -0.20052193 0.47868377 0.047191348
  vertex -0.24668787 0.4501999 0.08966239
  vertex -0.20050606 0.47175106 0.09392815
 endloop
endfacet
facet normal 0.8015135 0.591544 0.08747533
 outer loop
  vertex 0.43264195 0.28911895 0.028378071
  vertex 0.40208387 0.32992828 0.032404326
  vertex 0.40209475 0.32516783 0.064496726
 endloop
endfacet
facet normal 0.8015133 0.5915442 0.087475
 outer loop
  vertex 0.43264195 0.28911895 0.028378071
  vertex 0.40209475 0.32516783 0.064496726
  vertex 0.4326515 0.28495 0.056483
 endloop
endfacet
facet normal -0.33865935 0.9307086 0.13817169
 outer loop
  vertex -0.15240969 0.4959398 0.048880063
  vertex -0.20052193 0.47868377 0.047191348
  vertex -0.20050606 0.47175106 0.09392815
 endloop
endfacet
facet normal -0.33865902 0.9307086 0.13817205
 outer loop
  vertex -0.15240969 0.4959398 0.048880063
  vertex -0.20050606 0.47175106 0.09392815
  vertex -0.15239325 0.48875898 0.09728934
 endloop
endfacet
facet normal 0.8562892 0.5109484 0.07550121
 outer loop
  vertex 0.4590334 0.24552533 0.02407853
  vertex 0.43264195 0.28911895 0.028378071
  vertex 0.4326515 0.28495 0.056483
 endloop
endfacet
facet normal 0.85628915 0.5109486 0.07550099
 outer loop
  vertex 0.4590334 0.24552533 0.02407853
  vertex 0.4326515 0.28495 0.056483
  vertex 0.4590415 0.24198799 0.047925342
 endloop
endfacet
facet normal -0.2448976 0.959043 0.14234321
 outer loop
  vertex -0.10282971 0.5084196 0.050098028
  vertex -0.15240969 0.4959398 0.048880063
  vertex -0.15239325 0.48875898 0.09728934
 endloop
endfacet
facet normal -0.2448975 0.959043 0.14234331
 outer loop
  vertex -0.10282971 0.5084196 0.050098028
  vertex -0.15239325 0.48875898 0.09728934
  vertex -0.10281286 0.50105983 0.09971356
 endloop
endfacet
facet normal 0.9028197 0.42540956 0.062796675
 outer loop
  vertex 0.48100418 0.19956705 0.019547094
  vertex 0.4590334 0.24552533 0.02407853
  vertex 0.4590415 0.24198799 0.047925342
 endloop
endfacet
facet normal 0.90281993 0.42540893 0.06279788
 outer loop
  vertex 0.48100418 0.19956705 0.019547094
  vertex 0.4590415 0.24198799 0.047925342
  vertex 0.48101074 0.1966954 0.038906112
 endloop
endfacet
facet normal -0.14879501 0.9781578 0.14514604
 outer loop
  vertex -0.052259374 0.5160031 0.050833527
  vertex -0.10282971 0.5084196 0.050098028
  vertex -0.10281286 0.50105983 0.09971356
 endloop
endfacet
facet normal -0.14879483 0.97815776 0.14514622
 outer loop
  vertex -0.052259374 0.5160031 0.050833527
  vertex -0.10281286 0.50105983 0.09971356
  vertex -0.052242283 0.50853527 0.10117749
 endloop
endfacet
facet normal -0.98948044 0.14305194 0.021552712
 outer loop
  vertex -0.5113444 0.10000855 0.009965304
  vertex -0.5187332 0.049647573 0.00500686
  vertex -0.51873153 0.04891206 0.009965311
 endloop
endfacet
facet normal -0.9894804 0.14305194 0.021554284
 outer loop
  vertex -0.5113444 0.10000855 0.009965304
  vertex -0.51873153 0.04891206 0.009965311
  vertex -0.51134104 0.098544605 0.019834448
 endloop
endfacet
facet normal 0.94064987 0.3357512 0.04948555
 outer loop
  vertex 0.4983426 0.15168686 0.014827408
  vertex 0.48100418 0.19956705 0.019547094
  vertex 0.48101074 0.1966954 0.038906112
 endloop
endfacet
facet normal 0.94064987 0.3357515 0.049485166
 outer loop
  vertex 0.4983426 0.15168686 0.014827408
  vertex 0.48101074 0.1966954 0.038906112
  vertex 0.49834758 0.14950858 0.029512204
 endloop
endfacet
facet normal -0.05126765 0.9878732 0.14655425
 outer loop
  vertex -0.001185751 0.51861715 0.05107947
  vertex -0.052259374 0.5160031 0.050833527
  vertex -0.052242283 0.50853527 0.10117749
 endloop
endfacet
facet normal -0.051266722 0.98787314 0.14655519
 outer loop
  vertex -0.001185751 0.51861715 0.05107947
  vertex -0.052242283 0.50853527 0.10117749
  vertex -0.0011685748 0.51111317 0.10166702
 endloop
endfacet
facet normal -0.97050995 0.23840441 0.035692025
 outer loop
  vertex -0.49903104 0.14940639 0.014827776
  vertex -0.5113444 0.10000855 0.009965304
  vertex -0.51134104 0.098544605 0.019834448
 endloop
endfacet
facet normal -0.9705098 0.23840448 0.03569287
 outer loop
  vertex -0.49903104 0.14940639 0.014827776
  vertex -0.51134104 0.098544605 0.019834448
  vertex -0.49902606 0.1472281 0.029512567
 endloop
endfacet
facet normal 0.96940947 0.24284005 0.03569333
 outer loop
  vertex 0.5108817 0.10234582 0.009964923
  vertex 0.4983426 0.15168686 0.014827408
  vertex 0.49834758 0.14950858 0.029512204
 endloop
endfacet
facet normal 0.96940947 0.24283981 0.035693813
 outer loop
  vertex 0.5108817 0.10234582 0.009964923
  vertex 0.49834758 0.14950858 0.029512204
  vertex 0.51088506 0.100881875 0.019834066
 endloop
endfacet
facet normal 0.046750817 0.9880972 0.14655514
 outer loop
  vertex 0.049899228 0.5162366 0.05083349
  vertex -0.001185751 0.51861715 0.05107947
  vertex -0.0011685748 0.51111317 0.10166702
 endloop
endfacet
facet normal 0.04674991 0.98809737 0.14655425
 outer loop
  vertex 0.049899228 0.5162366 0.05083349
  vertex -0.0011685748 0.51111317 0.10166702
  vertex 0.049916323 0.5087688 0.10117745
 endloop
endfacet
facet normal -0.94217527 0.3314468 0.04948478
 outer loop
  vertex -0.48191172 0.19736536 0.01954745
  vertex -0.49903104 0.14940639 0.014827776
  vertex -0.49902606 0.1472281 0.029512567
 endloop
endfacet
facet normal -0.94217527 0.33144677 0.049484763
 outer loop
  vertex -0.48191172 0.19736536 0.01954745
  vertex -0.49902606 0.1472281 0.029512567
  vertex -0.48190516 0.19449371 0.038906466
 endloop
endfacet
facet normal 0.988816 0.14757438 0.02155606
 outer loop
  vertex 0.51850075 0.052019145 0.0050064726
  vertex 0.5108817 0.10234582 0.009964923
  vertex 0.51088506 0.100881875 0.019834066
 endloop
endfacet
facet normal 0.9888161 0.14757386 0.021557726
 outer loop
  vertex 0.51850075 0.052019145 0.0050064726
  vertex 0.51088506 0.100881875 0.019834066
  vertex 0.5185024 0.051283628 0.009964921
 endloop
endfacet
facet normal 0.14431952 0.9788281 0.14514615
 outer loop
  vertex 0.10050371 0.5088845 0.050097954
  vertex 0.049899228 0.5162366 0.05083349
  vertex 0.049916323 0.5087688 0.10117745
 endloop
endfacet
facet normal 0.14431931 0.97882813 0.14514591
 outer loop
  vertex 0.10050371 0.5088845 0.050097954
  vertex 0.049916323 0.5087688 0.10117745
  vertex 0.100520566 0.50152475 0.09971348
 endloop
endfacet
facet normal -0.90475565 0.42127627 0.06279705
 outer loop
  vertex -0.46015137 0.24342358 0.024078866
  vertex -0.48191172 0.19736536 0.01954745
  vertex -0.48190516 0.19449371 0.038906466
 endloop
endfacet
facet normal -0.90475553 0.42127648 0.0627981
 outer loop
  vertex -0.46015137 0.24342358 0.024078866
  vertex -0.48190516 0.19449371 0.038906466
  vertex -0.46014327 0.23988624 0.047925673
 endloop
endfacet
facet normal 0.2405099 0.96015286 0.14234304
 outer loop
  vertex 0.15014029 0.49663153 0.048879948
  vertex 0.10050371 0.5088845 0.050097954
  vertex 0.100520566 0.50152475 0.09971348
 endloop
endfacet
facet normal 0.24050988 0.9601528 0.14234306
 outer loop
  vertex 0.15014029 0.49663153 0.048879948
  vertex 0.100520566 0.50152475 0.09971348
  vertex 0.15015672 0.48945072 0.097289205
 endloop
endfacet
facet normal -0.85861677 0.5070273 0.07550232
 outer loop
  vertex -0.43395948 0.28713754 0.028378395
  vertex -0.46015137 0.24342358 0.024078866
  vertex -0.46014327 0.23988624 0.047925673
 endloop
endfacet
facet normal -0.858617 0.5070271 0.07550142
 outer loop
  vertex -0.43395948 0.28713754 0.028378395
  vertex -0.46014327 0.23988624 0.047925673
  vertex -0.43394995 0.28296858 0.05648333
 endloop
endfacet
facet normal 0.33439937 0.9322475 0.13817184
 outer loop
  vertex 0.19833088 0.47959575 0.047191203
  vertex 0.15014029 0.49663153 0.048879948
  vertex 0.15015672 0.48945072 0.097289205
 endloop
endfacet
facet normal 0.334399 0.9322478 0.13817145
 outer loop
  vertex 0.19833088 0.47959575 0.047191203
  vertex 0.15015672 0.48945072 0.097289205
  vertex 0.19834675 0.47266304 0.09392801
 endloop
endfacet
facet normal -0.80421 0.5878728 0.08747526
 outer loop
  vertex -0.40358835 0.32808614 0.032404624
  vertex -0.43395948 0.28713754 0.028378395
  vertex -0.43394995 0.28296858 0.05648333
 endloop
endfacet
facet normal -0.80421 0.58787274 0.08747502
 outer loop
  vertex -0.40358835 0.32808614 0.032404624
  vertex -0.43394995 0.28296858 0.05648333
  vertex -0.40357748 0.3233257 0.064497024
 endloop
endfacet
facet normal 0.42508852 0.89537597 0.13267128
 outer loop
  vertex 0.24461143 0.45794117 0.04504798
  vertex 0.19833088 0.47959575 0.047191203
  vertex 0.19834675 0.47266304 0.09392801
 endloop
endfacet
facet normal 0.4250888 0.8953757 0.1326716
 outer loop
  vertex 0.24461143 0.45794117 0.04504798
  vertex 0.19834675 0.47266304 0.09392801
  vertex 0.24462658 0.4513233 0.089662224
 endloop
endfacet
facet normal -0.74206614 0.6630349 0.09860318
 outer loop
  vertex -0.3693304 0.36587515 0.03611878
  vertex -0.40358835 0.32808614 0.032404624
  vertex -0.40357748 0.3233257 0.064497024
 endloop
endfacet
facet normal -0.74206597 0.66303504 0.09860356
 outer loop
  vertex -0.3693304 0.36587515 0.03611878
  vertex -0.40357748 0.3233257 0.064497024
  vertex -0.36931828 0.36056906 0.07188958
 endloop
endfacet
facet normal 0.5117048 0.84988755 0.12589464
 outer loop
  vertex 0.2885363 0.4318764 0.04247092
  vertex 0.24461143 0.45794117 0.04504798
  vertex 0.24462658 0.4513233 0.089662224
 endloop
endfacet
facet normal 0.5117047 0.84988755 0.12589455
 outer loop
  vertex 0.2885363 0.4318764 0.04247092
  vertex 0.24462658 0.4513233 0.089662224
  vertex 0.28855062 0.4256371 0.08453294
 endloop
endfacet
facet normal -0.67278975 0.73179305 0.10877933
 outer loop
  vertex -0.33151567 0.40014055 0.039485086
  vertex -0.3693304 0.36587515 0.03611878
  vertex -0.36931828 0.36056906 0.07188958
 endloop
endfacet
facet normal -0.6727897 0.73179305 0.10877941
 outer loop
  vertex -0.33151567 0.40014055 0.039485086
  vertex -0.36931828 0.36056906 0.07188958
  vertex -0.33150238 0.39433995 0.07858978
 endloop
endfacet
facet normal 0.5934171 0.7962127 0.117904864
 outer loop
  vertex 0.3296824 0.4016524 0.039484844
  vertex 0.2885363 0.4318764 0.04247092
  vertex 0.28855062 0.4256371 0.08453294
 endloop
endfacet
facet normal 0.593417 0.7962128 0.11790468
 outer loop
  vertex 0.3296824 0.4016524 0.039484844
  vertex 0.28855062 0.4256371 0.08453294
  vertex 0.3296957 0.3958518 0.07858956
 endloop
endfacet
facet normal -0.5970526 0.79349023 0.1179055
 outer loop
  vertex -0.29050824 0.43055242 0.042471133
  vertex -0.33151567 0.40014055 0.039485086
  vertex -0.33150238 0.39433995 0.07858978
 endloop
endfacet
facet normal -0.59705234 0.7934903 0.117905915
 outer loop
  vertex -0.29050824 0.43055242 0.042471133
  vertex -0.33150238 0.39433995 0.07858978
  vertex -0.29049394 0.42431313 0.08453315
 endloop
endfacet
facet normal 0.6694364 0.73486215 0.108778365
 outer loop
  vertex 0.3676535 0.36756024 0.036118504
  vertex 0.3296824 0.4016524 0.039484844
  vertex 0.3296957 0.3958518 0.07858956
 endloop
endfacet
facet normal 0.6694369 0.73486143 0.108779304
 outer loop
  vertex 0.3676535 0.36756024 0.036118504
  vertex 0.3296957 0.3958518 0.07858956
  vertex 0.36766562 0.36225414 0.07188931
 endloop
endfacet
facet normal -0.5155856 0.84753865 0.12589553
 outer loop
  vertex -0.24670303 0.45681778 0.045048155
  vertex -0.29050824 0.43055242 0.042471133
  vertex -0.29049394 0.42431313 0.08453315
 endloop
endfacet
facet normal -0.5155859 0.8475386 0.1258952
 outer loop
  vertex -0.24670303 0.45681778 0.045048155
  vertex -0.29049394 0.42431313 0.08453315
  vertex -0.24668787 0.4501999 0.08966239
 endloop
endfacet
facet normal 0.85631174 0.5010974 0.1250268
 outer loop
  vertex 0.4590415 0.24198799 0.047925342
  vertex 0.4326515 0.28495 0.056483
  vertex 0.4326673 0.27804637 0.084043965
 endloop
endfacet
facet normal 0.856312 0.5010967 0.12502769
 outer loop
  vertex 0.4590415 0.24198799 0.047925342
  vertex 0.4326673 0.27804637 0.084043965
  vertex 0.4590549 0.23613031 0.0713106
 endloop
endfacet
facet normal -0.244855 0.9404702 0.2357156
 outer loop
  vertex -0.10281286 0.50105983 0.09971356
  vertex -0.15239325 0.48875898 0.09728934
  vertex -0.15236604 0.4768678 0.14476167
 endloop
endfacet
facet normal -0.24485509 0.9404703 0.2357155
 outer loop
  vertex -0.10281286 0.50105983 0.09971356
  vertex -0.15236604 0.4768678 0.14476167
  vertex -0.10278498 0.48887235 0.14836878
 endloop
endfacet
facet normal 0.9028386 0.41721523 0.10398989
 outer loop
  vertex 0.48101074 0.1966954 0.038906112
  vertex 0.4590415 0.24198799 0.047925342
  vertex 0.4590549 0.23613031 0.0713106
 endloop
endfacet
facet normal 0.9028385 0.41721556 0.103989564
 outer loop
  vertex 0.48101074 0.1966954 0.038906112
  vertex 0.4590549 0.23613031 0.0713106
  vertex 0.4810216 0.19194008 0.05789044
 endloop
endfacet
facet normal -0.14875148 0.9592193 0.24035683
 outer loop
  vertex -0.052242283 0.50853527 0.10117749
  vertex -0.10281286 0.50105983 0.09971356
  vertex -0.10278498 0.48887235 0.14836878
 endloop
endfacet
facet normal -0.14875135 0.9592193 0.24035698
 outer loop
  vertex -0.052242283 0.50853527 0.10117749
  vertex -0.10278498 0.48887235 0.14836878
  vertex -0.052213985 0.49616885 0.15054703
 endloop
endfacet
facet normal -0.989474 0.14023858 0.035697978
 outer loop
  vertex -0.51134104 0.098544605 0.019834448
  vertex -0.51873153 0.04891206 0.009965311
  vertex -0.51872873 0.047694072 0.0148277925
 endloop
endfacet
facet normal -0.9894741 0.14023894 0.035694577
 outer loop
  vertex -0.51134104 0.098544605 0.019834448
  vertex -0.51872873 0.047694072 0.0148277925
  vertex -0.5113355 0.09612037 0.029512579
 endloop
endfacet
facet normal 0.94066465 0.3292948 0.08194491
 outer loop
  vertex 0.49834758 0.14950858 0.029512204
  vertex 0.48101074 0.1966954 0.038906112
  vertex 0.4810216 0.19194008 0.05789044
 endloop
endfacet
facet normal 0.94066465 0.32929483 0.08194479
 outer loop
  vertex 0.49834758 0.14950858 0.029512204
  vertex 0.4810216 0.19194008 0.05789044
  vertex 0.49835584 0.14590143 0.043912776
 endloop
endfacet
facet normal -0.05122295 0.96875095 0.24268861
 outer loop
  vertex -0.0011685748 0.51111317 0.10166702
  vertex -0.052242283 0.50853527 0.10117749
  vertex -0.052213985 0.49616885 0.15054703
 endloop
endfacet
facet normal -0.05122343 0.9687511 0.24268815
 outer loop
  vertex -0.0011685748 0.51111317 0.10166702
  vertex -0.052213985 0.49616885 0.15054703
  vertex -0.0011401442 0.49868694 0.15127544
 endloop
endfacet
facet normal -0.9704992 0.23374729 0.059106197
 outer loop
  vertex -0.49902606 0.1472281 0.029512567
  vertex -0.51134104 0.098544605 0.019834448
  vertex -0.5113355 0.09612037 0.029512579
 endloop
endfacet
facet normal -0.97049916 0.23374727 0.05910695
 outer loop
  vertex -0.49902606 0.1472281 0.029512567
  vertex -0.5113355 0.09612037 0.029512579
  vertex -0.4990178 0.14362095 0.04391314
 endloop
endfacet
facet normal 0.96942014 0.23818289 0.059105955
 outer loop
  vertex 0.51088506 0.100881875 0.019834066
  vertex 0.49834758 0.14950858 0.029512204
  vertex 0.49835584 0.14590143 0.043912776
 endloop
endfacet
facet normal 0.9694201 0.2381828 0.05910615
 outer loop
  vertex 0.51088506 0.100881875 0.019834066
  vertex 0.49835584 0.14590143 0.043912776
  vertex 0.5108906 0.09845764 0.029512195
 endloop
endfacet
facet normal 0.04679365 0.9689751 0.24268809
 outer loop
  vertex 0.049916323 0.5087688 0.10117745
  vertex -0.0011685748 0.51111317 0.10166702
  vertex -0.0011401442 0.49868694 0.15127544
 endloop
endfacet
facet normal 0.046792924 0.96897537 0.2426874
 outer loop
  vertex 0.049916323 0.5087688 0.10117745
  vertex -0.0011401442 0.49868694 0.15127544
  vertex 0.049944613 0.49640244 0.150547
 endloop
endfacet
facet normal -0.94216055 0.32498989 0.081945784
 outer loop
  vertex -0.48190516 0.19449371 0.038906466
  vertex -0.49902606 0.1472281 0.029512567
  vertex -0.4990178 0.14362095 0.04391314
 endloop
endfacet
facet normal -0.94216055 0.32498986 0.08194541
 outer loop
  vertex -0.48190516 0.19449371 0.038906466
  vertex -0.4990178 0.14362095 0.04391314
  vertex -0.48189428 0.1897384 0.057890795
 endloop
endfacet
facet normal 0.9888225 0.14476193 0.035694428
 outer loop
  vertex 0.5185024 0.051283628 0.009964921
  vertex 0.51088506 0.100881875 0.019834066
  vertex 0.5108906 0.09845764 0.029512195
 endloop
endfacet
facet normal 0.98882246 0.14476317 0.035691418
 outer loop
  vertex 0.5185024 0.051283628 0.009964921
  vertex 0.5108906 0.09845764 0.029512195
  vertex 0.5185052 0.050065644 0.0148274
 endloop
endfacet
facet normal 0.14436266 0.9598898 0.24035572
 outer loop
  vertex 0.100520566 0.50152475 0.09971348
  vertex 0.049916323 0.5087688 0.10117745
  vertex 0.049944613 0.49640244 0.150547
 endloop
endfacet
facet normal 0.14436378 0.9598894 0.24035679
 outer loop
  vertex 0.100520566 0.50152475 0.09971348
  vertex 0.049944613 0.49640244 0.150547
  vertex 0.100548446 0.48933727 0.14836869
 endloop
endfacet
facet normal -0.90473676 0.4130829 0.1039901
 outer loop
  vertex -0.46014327 0.23988624 0.047925673
  vertex -0.48190516 0.19449371 0.038906466
  vertex -0.48189428 0.1897384 0.057890795
 endloop
endfacet
facet normal -0.9047369 0.41308278 0.10398906
 outer loop
  vertex -0.46014327 0.23988624 0.047925673
  vertex -0.48189428 0.1897384 0.057890795
  vertex -0.4601299 0.23402856 0.07131093
 endloop
endfacet
facet normal 0.24055244 0.9415799 0.2357154
 outer loop
  vertex 0.15015672 0.48945072 0.097289205
  vertex 0.100520566 0.50152475 0.09971348
  vertex 0.100548446 0.48933727 0.14836869
 endloop
endfacet
facet normal 0.24055247 0.94157994 0.23571545
 outer loop
  vertex 0.15015672 0.48945072 0.097289205
  vertex 0.100548446 0.48933727 0.14836869
  vertex 0.15018393 0.47755954 0.14476152
 endloop
endfacet
facet normal -0.8585944 0.49717596 0.12502682
 outer loop
  vertex -0.43394995 0.28296858 0.05648333
  vertex -0.46014327 0.23988624 0.047925673
  vertex -0.4601299 0.23402856 0.07131093
 endloop
endfacet
facet normal -0.8585942 0.49717608 0.12502788
 outer loop
  vertex -0.43394995 0.28296858 0.05648333
  vertex -0.4601299 0.23402856 0.07131093
  vertex -0.43393415 0.27606493 0.08404431
 endloop
endfacet
facet normal 0.33444023 0.91421914 0.22880809
 outer loop
  vertex 0.19834675 0.47266304 0.09392801
  vertex 0.15015672 0.48945072 0.097289205
  vertex 0.15018393 0.47755954 0.14476152
 endloop
endfacet
facet normal 0.33443967 0.91421944 0.22880754
 outer loop
  vertex 0.19834675 0.47266304 0.09392801
  vertex 0.15018393 0.47755954 0.14476152
  vertex 0.19837302 0.4611827 0.13976023
 endloop
endfacet
facet normal -0.80418396 0.576459 0.14485598
 outer loop
  vertex -0.40357748 0.3233257 0.064497024
  vertex -0.43394995 0.28296858 0.05648333
  vertex -0.43393415 0.27606493 0.08404431
 endloop
endfacet
facet normal -0.8041836 0.57645917 0.14485686
 outer loop
  vertex -0.40357748 0.3233257 0.064497024
  vertex -0.43393415 0.27606493 0.08404431
  vertex -0.40355942 0.31544256 0.09596828
 endloop
endfacet
facet normal 0.42512843 0.87806493 0.21969935
 outer loop
  vertex 0.24462658 0.4513233 0.089662224
  vertex 0.19834675 0.47266304 0.09392801
  vertex 0.19837302 0.4611827 0.13976023
 endloop
endfacet
facet normal 0.42512935 0.8780643 0.21970032
 outer loop
  vertex 0.24462658 0.4513233 0.089662224
  vertex 0.19837302 0.4611827 0.13976023
  vertex 0.24465165 0.4403643 0.13341296
 endloop
endfacet
facet normal -0.7420366 0.6501692 0.16328456
 outer loop
  vertex -0.36931828 0.36056906 0.07188958
  vertex -0.40357748 0.3233257 0.064497024
  vertex -0.40355942 0.31544256 0.09596828
 endloop
endfacet
facet normal -0.74203676 0.6501691 0.163284
 outer loop
  vertex -0.36931828 0.36056906 0.07188958
  vertex -0.40355942 0.31544256 0.09596828
  vertex -0.36929816 0.35178238 0.10696805
 endloop
endfacet
facet normal 0.5117423 0.8334607 0.20847808
 outer loop
  vertex 0.28855062 0.4256371 0.08453294
  vertex 0.24462658 0.4513233 0.089662224
  vertex 0.24465165 0.4403643 0.13341296
 endloop
endfacet
facet normal 0.51174146 0.83346146 0.20847708
 outer loop
  vertex 0.28855062 0.4256371 0.08453294
  vertex 0.24465165 0.4403643 0.13341296
  vertex 0.28857425 0.41530508 0.12578085
 endloop
endfacet
facet normal -0.6727572 0.71759963 0.18013471
 outer loop
  vertex -0.33150238 0.39433995 0.07858978
  vertex -0.36931828 0.36056906 0.07188958
  vertex -0.36929816 0.35178238 0.10696805
 endloop
endfacet
facet normal -0.6727574 0.7175996 0.18013433
 outer loop
  vertex -0.33150238 0.39433995 0.07858978
  vertex -0.36929816 0.35178238 0.10696805
  vertex -0.3314804 0.38473433 0.11693763
 endloop
endfacet
facet normal 0.59345216 0.7808286 0.19524647
 outer loop
  vertex 0.3296957 0.3958518 0.07858956
  vertex 0.28855062 0.4256371 0.08453294
  vertex 0.28857425 0.41530508 0.12578085
 endloop
endfacet
facet normal 0.5934526 0.7808282 0.19524698
 outer loop
  vertex 0.3296957 0.3958518 0.07858956
  vertex 0.28857425 0.41530508 0.12578085
  vertex 0.32971767 0.38624617 0.11693741
 endloop
endfacet
facet normal -0.5970171 0.7781062 0.195247
 outer loop
  vertex -0.29049394 0.42431313 0.08453315
  vertex -0.33150238 0.39433995 0.07858978
  vertex -0.3314804 0.38473433 0.11693763
 endloop
endfacet
facet normal -0.5970173 0.7781061 0.19524667
 outer loop
  vertex -0.29049394 0.42431313 0.08453315
  vertex -0.3314804 0.38473433 0.11693763
  vertex -0.2904703 0.4139811 0.12578106
 endloop
endfacet
facet normal 0.6694693 0.7206681 0.18013413
 outer loop
  vertex 0.36766562 0.36225414 0.07188931
  vertex 0.3296957 0.3958518 0.07858956
  vertex 0.32971767 0.38624617 0.11693741
 endloop
endfacet
facet normal 0.66946906 0.72066844 0.18013366
 outer loop
  vertex 0.36766562 0.36225414 0.07188931
  vertex 0.32971767 0.38624617 0.11693741
  vertex 0.36768574 0.35346746 0.106967784
 endloop
endfacet
facet normal -0.5155483 0.8311121 0.2084772
 outer loop
  vertex -0.24668787 0.4501999 0.08966239
  vertex -0.29049394 0.42431313 0.08453315
  vertex -0.2904703 0.4139811 0.12578106
 endloop
endfacet
facet normal -0.5155474 0.83111227 0.2084784
 outer loop
  vertex -0.24668787 0.4501999 0.08966239
  vertex -0.2904703 0.4139811 0.12578106
  vertex -0.24666281 0.4392409 0.1334131
 endloop
endfacet
facet normal 0.7390559 0.6535557 0.16328296
 outer loop
  vertex 0.40209475 0.32516783 0.064496726
  vertex 0.36766562 0.36225414 0.07188931
  vertex 0.36768574 0.35346746 0.106967784
 endloop
endfacet
facet normal 0.7390558 0.65355575 0.16328287
 outer loop
  vertex 0.40209475 0.32516783 0.064496726
  vertex 0.36768574 0.35346746 0.106967784
  vertex 0.4021128 0.3172847 0.095967986
 endloop
endfacet
facet normal -0.4291389 0.87611157 0.21970066
 outer loop
  vertex -0.20050606 0.47175106 0.09392815
  vertex -0.24668787 0.4501999 0.08966239
  vertex -0.24666281 0.4392409 0.1334131
 endloop
endfacet
facet normal -0.4291396 0.8761114 0.21969973
 outer loop
  vertex -0.20050606 0.47175106 0.09392815
  vertex -0.24666281 0.4392409 0.1334131
  vertex -0.20047979 0.46027073 0.13976036
 endloop
endfacet
facet normal 0.8015395 0.58013064 0.14485502
 outer loop
  vertex 0.4326515 0.28495 0.056483
  vertex 0.40209475 0.32516783 0.064496726
  vertex 0.4021128 0.3172847 0.095967986
 endloop
endfacet
facet normal 0.8015395 0.5801307 0.14485496
 outer loop
  vertex 0.4326515 0.28495 0.056483
  vertex 0.4021128 0.3172847 0.095967986
  vertex 0.4326673 0.27804637 0.084043965
 endloop
endfacet
facet normal -0.33861777 0.91268015 0.22880776
 outer loop
  vertex -0.15239325 0.48875898 0.09728934
  vertex -0.20050606 0.47175106 0.09392815
  vertex -0.20047979 0.46027073 0.13976036
 endloop
endfacet
facet normal -0.33861735 0.91268015 0.22880833
 outer loop
  vertex -0.15239325 0.48875898 0.09728934
  vertex -0.20047979 0.46027073 0.13976036
  vertex -0.15236604 0.4768678 0.14476167
 endloop
endfacet
facet normal -0.9894644 0.13605332 0.049492706
 outer loop
  vertex -0.5113355 0.09612037 0.029512579
  vertex -0.51872873 0.047694072 0.0148277925
  vertex -0.51872486 0.04600535 0.019547474
 endloop
endfacet
facet normal -0.9894645 0.13605377 0.04949054
 outer loop
  vertex -0.5113355 0.09612037 0.029512579
  vertex -0.51872486 0.04600535 0.019547474
  vertex -0.5113278 0.09275919 0.038906485
 endloop
endfacet
facet normal 0.9406866 0.31968755 0.11361581
 outer loop
  vertex 0.49835584 0.14590143 0.043912776
  vertex 0.4810216 0.19194008 0.05789044
  vertex 0.4810367 0.18534689 0.07631726
 endloop
endfacet
facet normal 0.9406866 0.31968775 0.113615654
 outer loop
  vertex 0.49835584 0.14590143 0.043912776
  vertex 0.4810367 0.18534689 0.07631726
  vertex 0.49836728 0.14090015 0.057890445
 endloop
endfacet
facet normal -0.05115835 0.9402982 0.3364851
 outer loop
  vertex -0.0011401442 0.49868694 0.15127544
  vertex -0.052213985 0.49616885 0.15054703
  vertex -0.052174766 0.47902295 0.19846673
 endloop
endfacet
facet normal -0.05115884 0.9402983 0.33648458
 outer loop
  vertex -0.0011401442 0.49868694 0.15127544
  vertex -0.052174766 0.47902295 0.19846673
  vertex -0.0011007334 0.4814581 0.19942702
 endloop
endfacet
facet normal -0.9704833 0.22681773 0.08195072
 outer loop
  vertex -0.4990178 0.14362095 0.04391314
  vertex -0.5113355 0.09612037 0.029512579
  vertex -0.5113278 0.09275919 0.038906485
 endloop
endfacet
facet normal -0.9704833 0.2268177 0.081951074
 outer loop
  vertex -0.4990178 0.14362095 0.04391314
  vertex -0.5113278 0.09275919 0.038906485
  vertex -0.49900636 0.13861968 0.057890806
 endloop
endfacet
facet normal 0.969436 0.23125327 0.0819498
 outer loop
  vertex 0.5108906 0.09845764 0.029512195
  vertex 0.49835584 0.14590143 0.043912776
  vertex 0.49836728 0.14090015 0.057890445
 endloop
endfacet
facet normal 0.96943605 0.2312532 0.081949875
 outer loop
  vertex 0.5108906 0.09845764 0.029512195
  vertex 0.49836728 0.14090015 0.057890445
  vertex 0.5108983 0.09509646 0.0389061
 endloop
endfacet
facet normal 0.046858028 0.9405225 0.3364846
 outer loop
  vertex 0.049944613 0.49640244 0.150547
  vertex -0.0011401442 0.49868694 0.15127544
  vertex -0.0011007334 0.4814581 0.19942702
 endloop
endfacet
facet normal 0.046858516 0.94052225 0.3364851
 outer loop
  vertex 0.049944613 0.49640244 0.150547
  vertex -0.0011007334 0.4814581 0.19942702
  vertex 0.049983837 0.47925654 0.1984667
 endloop
endfacet
facet normal -0.9421386 0.3153825 0.11361675
 outer loop
  vertex -0.48189428 0.1897384 0.057890795
  vertex -0.4990178 0.14362095 0.04391314
  vertex -0.49900636 0.13861968 0.057890806
 endloop
endfacet
facet normal -0.94213855 0.3153825 0.11361654
 outer loop
  vertex -0.48189428 0.1897384 0.057890795
  vertex -0.49900636 0.13861968 0.057890806
  vertex -0.4818792 0.18314518 0.07631761
 endloop
endfacet
facet normal 0.988832 0.14057745 0.04948986
 outer loop
  vertex 0.5185052 0.050065644 0.0148274
  vertex 0.5108906 0.09845764 0.029512195
  vertex 0.5108983 0.09509646 0.0389061
 endloop
endfacet
facet normal 0.9888319 0.14057843 0.04948796
 outer loop
  vertex 0.5185052 0.050065644 0.0148274
  vertex 0.5108983 0.09509646 0.0389061
  vertex 0.5185091 0.048376918 0.019547082
 endloop
endfacet
facet normal 0.14442825 0.93171006 0.33325213
 outer loop
  vertex 0.100548446 0.48933727 0.14836869
  vertex 0.049944613 0.49640244 0.150547
  vertex 0.049983837 0.47925654 0.1984667
 endloop
endfacet
facet normal 0.14442854 0.9317099 0.33325237
 outer loop
  vertex 0.100548446 0.48933727 0.14836869
  vertex 0.049983837 0.47925654 0.1984667
  vertex 0.1005871 0.47243944 0.19559503
 endloop
endfacet
facet normal -0.90470904 0.40089065 0.1441812
 outer loop
  vertex -0.4601299 0.23402856 0.07131093
  vertex -0.48189428 0.1897384 0.057890795
  vertex -0.4818792 0.18314518 0.07631761
 endloop
endfacet
facet normal -0.9047089 0.40089068 0.14418188
 outer loop
  vertex -0.4601299 0.23402856 0.07131093
  vertex -0.4818792 0.18314518 0.07631761
  vertex -0.4601113 0.22590692 0.09400944
 endloop
endfacet
facet normal 0.24061567 0.91394454 0.32681713
 outer loop
  vertex 0.15018393 0.47755954 0.14476152
  vertex 0.100548446 0.48933727 0.14836869
  vertex 0.1005871 0.47243944 0.19559503
 endloop
endfacet
facet normal 0.24061505 0.91394496 0.32681656
 outer loop
  vertex 0.15018393 0.47755954 0.14476152
  vertex 0.1005871 0.47243944 0.19559503
  vertex 0.15022165 0.46107256 0.1908397
 endloop
endfacet
facet normal -0.8585606 0.4825176 0.17335062
 outer loop
  vertex -0.43393415 0.27606493 0.08404431
  vertex -0.4601299 0.23402856 0.07131093
  vertex -0.4601113 0.22590692 0.09400944
 endloop
endfacet
facet normal -0.8585607 0.48251754 0.17335013
 outer loop
  vertex -0.43393415 0.27606493 0.08404431
  vertex -0.4601113 0.22590692 0.09400944
  vertex -0.43391225 0.26649308 0.1107959
 endloop
endfacet
facet normal 0.3345011 0.887394 0.31723967
 outer loop
  vertex 0.19837302 0.4611827 0.13976023
  vertex 0.15018393 0.47755954 0.14476152
  vertex 0.15022165 0.46107256 0.1908397
 endloop
endfacet
facet normal 0.33450142 0.8873938 0.31723994
 outer loop
  vertex 0.19837302 0.4611827 0.13976023
  vertex 0.15022165 0.46107256 0.1908397
  vertex 0.19840942 0.44526532 0.18424648
 endloop
endfacet
facet normal -0.80414474 0.5594763 0.20084181
 outer loop
  vertex -0.40355942 0.31544256 0.09596828
  vertex -0.43393415 0.27606493 0.08404431
  vertex -0.43391225 0.26649308 0.1107959
 endloop
endfacet
facet normal -0.80414504 0.5594762 0.2008409
 outer loop
  vertex -0.40355942 0.31544256 0.09596828
  vertex -0.43391225 0.26649308 0.1107959
  vertex -0.40353444 0.30451268 0.12651531
 endloop
endfacet
facet normal 0.4251882 0.85230684 0.30461144
 outer loop
  vertex 0.24465165 0.4403643 0.13341296
  vertex 0.19837302 0.4611827 0.13976023
  vertex 0.19840942 0.44526532 0.18424648
 endloop
endfacet
facet normal 0.42518818 0.8523068 0.30461147
 outer loop
  vertex 0.24465165 0.4403643 0.13341296
  vertex 0.19840942 0.44526532 0.18424648
  vertex 0.24468641 0.4251698 0.17587885
 endloop
endfacet
facet normal -0.74199295 0.63102585 0.22639088
 outer loop
  vertex -0.36929816 0.35178238 0.10696805
  vertex -0.40355942 0.31544256 0.09596828
  vertex -0.40353444 0.30451268 0.12651531
 endloop
endfacet
facet normal -0.7419927 0.6310259 0.2263915
 outer loop
  vertex -0.36929816 0.35178238 0.10696805
  vertex -0.40353444 0.30451268 0.12651531
  vertex -0.3692703 0.33959973 0.14101635
 endloop
endfacet
facet normal 0.51179737 0.8090194 0.2890521
 outer loop
  vertex 0.28857425 0.41530508 0.12578085
  vertex 0.24465165 0.4403643 0.13341296
  vertex 0.24468641 0.4251698 0.17587885
 endloop
endfacet
facet normal 0.51179767 0.8090191 0.28905246
 outer loop
  vertex 0.28857425 0.41530508 0.12578085
  vertex 0.24468641 0.4251698 0.17587885
  vertex 0.288607 0.4009798 0.16581742
 endloop
endfacet
facet normal -0.67270905 0.6964805 0.24975479
 outer loop
  vertex -0.3314804 0.38473433 0.11693763
  vertex -0.36929816 0.35178238 0.10696805
  vertex -0.3692703 0.33959973 0.14101635
 endloop
endfacet
facet normal -0.67270917 0.69648045 0.24975453
 outer loop
  vertex -0.3314804 0.38473433 0.11693763
  vertex -0.3692703 0.33959973 0.14101635
  vertex -0.33144993 0.37141627 0.1541593
 endloop
endfacet
facet normal 0.5935049 0.75793725 0.27070832
 outer loop
  vertex 0.32971767 0.38624617 0.11693741
  vertex 0.28857425 0.41530508 0.12578085
  vertex 0.288607 0.4009798 0.16581742
 endloop
endfacet
facet normal 0.593504 0.7579383 0.27070728
 outer loop
  vertex 0.32971767 0.38624617 0.11693741
  vertex 0.288607 0.4009798 0.16581742
  vertex 0.32974815 0.3729281 0.15415907
 endloop
endfacet
facet normal -0.5969649 0.75521517 0.27070802
 outer loop
  vertex -0.2904703 0.4139811 0.12578106
  vertex -0.3314804 0.38473433 0.11693763
  vertex -0.33144993 0.37141627 0.1541593
 endloop
endfacet
facet normal -0.5969648 0.7552152 0.27070823
 outer loop
  vertex -0.2904703 0.4139811 0.12578106
  vertex -0.33144993 0.37141627 0.1541593
  vertex -0.29043755 0.39965582 0.16581763
 endloop
endfacet
facet normal 0.66951734 0.6995497 0.2497533
 outer loop
  vertex 0.36768574 0.35346746 0.106967784
  vertex 0.32971767 0.38624617 0.11693741
  vertex 0.32974815 0.3729281 0.15415907
 endloop
endfacet
facet normal 0.669518 0.6995488 0.24975418
 outer loop
  vertex 0.36768574 0.35346746 0.106967784
  vertex 0.32974815 0.3729281 0.15415907
  vertex 0.3677136 0.3412848 0.14101608
 endloop
endfacet
facet normal -0.51549155 0.8066704 0.2890525
 outer loop
  vertex -0.24666281 0.4392409 0.1334131
  vertex -0.2904703 0.4139811 0.12578106
  vertex -0.29043755 0.39965582 0.16581763
 endloop
endfacet
facet normal -0.5154914 0.8066704 0.2890526
 outer loop
  vertex -0.24666281 0.4392409 0.1334131
  vertex -0.29043755 0.39965582 0.16581763
  vertex -0.24662805 0.4240464 0.175879
 endloop
endfacet
facet normal 0.7390996 0.63441217 0.226391
 outer loop
  vertex 0.4021128 0.3172847 0.095967986
  vertex 0.36768574 0.35346746 0.106967784
  vertex 0.3677136 0.3412848 0.14101608
 endloop
endfacet
facet normal 0.7390999 0.6344117 0.22639143
 outer loop
  vertex 0.4021128 0.3172847 0.095967986
  vertex 0.3677136 0.3412848 0.14101608
  vertex 0.4021378 0.30635482 0.12651502
 endloop
endfacet
facet normal -0.42908067 0.8503536 0.30461195
 outer loop
  vertex -0.20047979 0.46027073 0.13976036
  vertex -0.24666281 0.4392409 0.1334131
  vertex -0.24662805 0.4240464 0.175879
 endloop
endfacet
facet normal -0.42908093 0.85035366 0.30461165
 outer loop
  vertex -0.20047979 0.46027073 0.13976036
  vertex -0.24662805 0.4240464 0.175879
  vertex -0.20044339 0.44435334 0.18424661
 endloop
endfacet
facet normal 0.8015783 0.5631473 0.2008416
 outer loop
  vertex 0.4326673 0.27804637 0.084043965
  vertex 0.4021128 0.3172847 0.095967986
  vertex 0.4021378 0.30635482 0.12651502
 endloop
endfacet
facet normal 0.8015779 0.56314814 0.20084082
 outer loop
  vertex 0.4326673 0.27804637 0.084043965
  vertex 0.4021378 0.30635482 0.12651502
  vertex 0.4326892 0.26847452 0.11079556
 endloop
endfacet
facet normal -0.33855605 0.8858547 0.31724003
 outer loop
  vertex -0.15236604 0.4768678 0.14476167
  vertex -0.20047979 0.46027073 0.13976036
  vertex -0.20044339 0.44435334 0.18424661
 endloop
endfacet
facet normal -0.33855626 0.8858548 0.31723982
 outer loop
  vertex -0.15236604 0.4768678 0.14476167
  vertex -0.20044339 0.44435334 0.18424661
  vertex -0.15232833 0.46038082 0.19083984
 endloop
endfacet
facet normal 0.8563455 0.4864386 0.1733489
 outer loop
  vertex 0.4590549 0.23613031 0.0713106
  vertex 0.4326673 0.27804637 0.084043965
  vertex 0.4326892 0.26847452 0.11079556
 endloop
endfacet
facet normal 0.8563454 0.48643884 0.17334862
 outer loop
  vertex 0.4590549 0.23613031 0.0713106
  vertex 0.4326892 0.26847452 0.11079556
  vertex 0.45907348 0.22800867 0.09400911
 endloop
endfacet
facet normal -0.24479187 0.91283506 0.32681674
 outer loop
  vertex -0.10278498 0.48887235 0.14836878
  vertex -0.15236604 0.4768678 0.14476167
  vertex -0.15232833 0.46038082 0.19083984
 endloop
endfacet
facet normal -0.2447912 0.91283494 0.32681736
 outer loop
  vertex -0.10278498 0.48887235 0.14836878
  vertex -0.15232833 0.46038082 0.19083984
  vertex -0.10274632 0.47197452 0.19559512
 endloop
endfacet
facet normal 0.9028664 0.405024 0.1441799
 outer loop
  vertex 0.4810216 0.19194008 0.05789044
  vertex 0.4590549 0.23613031 0.0713106
  vertex 0.45907348 0.22800867 0.09400911
 endloop
endfacet
facet normal 0.90286654 0.40502357 0.14418037
 outer loop
  vertex 0.4810216 0.19194008 0.05789044
  vertex 0.45907348 0.22800867 0.09400911
  vertex 0.4810367 0.18534689 0.07631726
 endloop
endfacet
facet normal -0.14868687 0.93103975 0.33325252
 outer loop
  vertex -0.052213985 0.49616885 0.15054703
  vertex -0.10278498 0.48887235 0.14836878
  vertex -0.10274632 0.47197452 0.19559512
 endloop
endfacet
facet normal -0.14868714 0.9310398 0.33325222
 outer loop
  vertex -0.052213985 0.49616885 0.15054703
  vertex -0.10274632 0.47197452 0.19559512
  vertex -0.052174766 0.47902295 0.19846673
 endloop
endfacet
facet normal -0.9421096 0.3027172 0.1441934
 outer loop
  vertex -0.4818792 0.18314518 0.07631761
  vertex -0.49900636 0.13861968 0.057890806
  vertex -0.49899185 0.13227242 0.07131095
 endloop
endfacet
facet normal -0.9421095 0.30271706 0.14419442
 outer loop
  vertex -0.4818792 0.18314518 0.07631761
  vertex -0.49899185 0.13227242 0.07131095
  vertex -0.48186004 0.1747776 0.094009444
 endloop
endfacet
facet normal 0.9888446 0.1350614 0.06280738
 outer loop
  vertex 0.5185091 0.048376918 0.019547082
  vertex 0.5108983 0.09509646 0.0389061
  vertex 0.51090807 0.0908307 0.047925323
 endloop
endfacet
facet normal 0.98884463 0.13505876 0.06281141
 outer loop
  vertex 0.5185091 0.048376918 0.019547082
  vertex 0.51090807 0.0908307 0.047925323
  vertex 0.518514 0.046233717 0.024078509
 endloop
endfacet
facet normal 0.1445135 0.89456093 0.42293796
 outer loop
  vertex 0.1005871 0.47243944 0.19559503
  vertex 0.049983837 0.47925654 0.1984667
  vertex 0.050033607 0.4574963 0.24447507
 endloop
endfacet
facet normal 0.14451392 0.89456075 0.42293826
 outer loop
  vertex 0.1005871 0.47243944 0.19559503
  vertex 0.050033607 0.4574963 0.24447507
  vertex 0.100636154 0.450994 0.24093768
 endloop
endfacet
facet normal -0.90467215 0.3848181 0.1829846
 outer loop
  vertex -0.4601113 0.22590692 0.09400944
  vertex -0.4818792 0.18314518 0.07631761
  vertex -0.48186004 0.1747776 0.094009444
 endloop
endfacet
facet normal -0.9046723 0.3848182 0.18298353
 outer loop
  vertex -0.4601113 0.22590692 0.09400944
  vertex -0.48186004 0.1747776 0.094009444
  vertex -0.46008772 0.21559957 0.11580257
 endloop
endfacet
facet normal 0.24069838 0.877513 0.41477126
 outer loop
  vertex 0.15022165 0.46107256 0.1908397
  vertex 0.1005871 0.47243944 0.19559503
  vertex 0.100636154 0.450994 0.24093768
 endloop
endfacet
facet normal 0.24069871 0.87751275 0.41477156
 outer loop
  vertex 0.15022165 0.46107256 0.1908397
  vertex 0.100636154 0.450994 0.24093768
  vertex 0.15026951 0.4401485 0.23507997
 endloop
endfacet
facet normal -0.8585166 0.46319366 0.22000235
 outer loop
  vertex -0.43391225 0.26649308 0.1107959
  vertex -0.4601113 0.22590692 0.09400944
  vertex -0.46008772 0.21559957 0.11580257
 endloop
endfacet
facet normal -0.85851663 0.46319366 0.22000186
 outer loop
  vertex -0.43391225 0.26649308 0.1107959
  vertex -0.46008772 0.21559957 0.11580257
  vertex -0.43388447 0.25434524 0.13648045
 endloop
endfacet
facet normal 0.33458224 0.8520294 0.40261728
 outer loop
  vertex 0.19840942 0.44526532 0.18424648
  vertex 0.15022165 0.46107256 0.1908397
  vertex 0.15026951 0.4401485 0.23507997
 endloop
endfacet
facet normal 0.33458236 0.8520293 0.40261737
 outer loop
  vertex 0.19840942 0.44526532 0.18424648
  vertex 0.15026951 0.4401485 0.23507997
  vertex 0.19845563 0.42506415 0.22695833
 endloop
endfacet
facet normal -0.8040939 0.53708756 0.25489214
 outer loop
  vertex -0.40353444 0.30451268 0.12651531
  vertex -0.43391225 0.26649308 0.1107959
  vertex -0.43388447 0.25434524 0.13648045
 endloop
endfacet
facet normal -0.8040937 0.5370875 0.25489247
 outer loop
  vertex -0.40353444 0.30451268 0.12651531
  vertex -0.43388447 0.25434524 0.13648045
  vertex -0.4035027 0.29064134 0.15584394
 endloop
endfacet
facet normal 0.4252658 0.81835014 0.38659018
 outer loop
  vertex 0.24468641 0.4251698 0.17587885
  vertex 0.19840942 0.44526532 0.18424648
  vertex 0.19845563 0.42506415 0.22695833
 endloop
endfacet
facet normal 0.4252656 0.8183504 0.38659006
 outer loop
  vertex 0.24468641 0.4251698 0.17587885
  vertex 0.19845563 0.42506415 0.22695833
  vertex 0.24473052 0.40588608 0.21665092
 endloop
endfacet
facet normal -0.7419351 0.6057892 0.28731853
 outer loop
  vertex -0.3692703 0.33959973 0.14101635
  vertex -0.40353444 0.30451268 0.12651531
  vertex -0.4035027 0.29064134 0.15584394
 endloop
endfacet
facet normal -0.741935 0.6057892 0.2873184
 outer loop
  vertex -0.3692703 0.33959973 0.14101635
  vertex -0.4035027 0.29064134 0.15584394
  vertex -0.36923495 0.32413843 0.17370659
 endloop
endfacet
facet normal 0.51187146 0.7767971 0.3668432
 outer loop
  vertex 0.288607 0.4009798 0.16581742
  vertex 0.24468641 0.4251698 0.17587885
  vertex 0.24473052 0.40588608 0.21665092
 endloop
endfacet
facet normal 0.51187146 0.77679706 0.36684322
 outer loop
  vertex 0.288607 0.4009798 0.16581742
  vertex 0.24473052 0.40588608 0.21665092
  vertex 0.2886486 0.3827992 0.20425707
 endloop
endfacet
facet normal -0.67264545 0.6686393 0.31696934
 outer loop
  vertex -0.33144993 0.37141627 0.1541593
  vertex -0.3692703 0.33959973 0.14101635
  vertex -0.36923495 0.32413843 0.17370659
 endloop
endfacet
facet normal -0.672645 0.6686393 0.31697047
 outer loop
  vertex -0.33144993 0.37141627 0.1541593
  vertex -0.36923495 0.32413843 0.17370659
  vertex -0.33141127 0.3545139 0.18989632
 endloop
endfacet
facet normal 0.59357315 0.72776085 0.34356242
 outer loop
  vertex 0.32974815 0.3729281 0.15415907
  vertex 0.288607 0.4009798 0.16581742
  vertex 0.2886486 0.3827992 0.20425707
 endloop
endfacet
facet normal 0.5935736 0.72776026 0.34356293
 outer loop
  vertex 0.32974815 0.3729281 0.15415907
  vertex 0.2886486 0.3827992 0.20425707
  vertex 0.3297868 0.35602576 0.1898961
 endloop
endfacet
facet normal -0.59689575 0.7250378 0.34356305
 outer loop
  vertex -0.29043755 0.39965582 0.16581763
  vertex -0.33144993 0.37141627 0.1541593
  vertex -0.33141127 0.3545139 0.18989632
 endloop
endfacet
facet normal -0.5968958 0.7250379 0.343563
 outer loop
  vertex -0.29043755 0.39965582 0.16581763
  vertex -0.33141127 0.3545139 0.18989632
  vertex -0.29039595 0.38147524 0.20425728
 endloop
endfacet
facet normal 0.6695816 0.67170733 0.31696963
 outer loop
  vertex 0.3677136 0.3412848 0.14101608
  vertex 0.32974815 0.3729281 0.15415907
  vertex 0.3297868 0.35602576 0.1898961
 endloop
endfacet
facet normal 0.66958135 0.67170763 0.31696936
 outer loop
  vertex 0.3677136 0.3412848 0.14101608
  vertex 0.3297868 0.35602576 0.1898961
  vertex 0.36774895 0.32582352 0.17370632
 endloop
endfacet
facet normal -0.5154177 0.7744481 0.36684415
 outer loop
  vertex -0.24662805 0.4240464 0.175879
  vertex -0.29043755 0.39965582 0.16581763
  vertex -0.29039595 0.38147524 0.20425728
 endloop
endfacet
facet normal -0.51541805 0.7744482 0.36684355
 outer loop
  vertex -0.24662805 0.4240464 0.175879
  vertex -0.29039595 0.38147524 0.20425728
  vertex -0.24658394 0.4047627 0.21665107
 endloop
endfacet
facet normal 0.7391576 0.60917497 0.2873184
 outer loop
  vertex 0.4021378 0.30635482 0.12651502
  vertex 0.3677136 0.3412848 0.14101608
  vertex 0.36774895 0.32582352 0.17370632
 endloop
endfacet
facet normal 0.7391571 0.6091761 0.28731748
 outer loop
  vertex 0.4021378 0.30635482 0.12651502
  vertex 0.36774895 0.32582352 0.17370632
  vertex 0.40216953 0.29248348 0.15584365
 endloop
endfacet
facet normal -0.42900324 0.816397 0.38659036
 outer loop
  vertex -0.20044339 0.44435334 0.18424661
  vertex -0.24662805 0.4240464 0.175879
  vertex -0.24658394 0.4047627 0.21665107
 endloop
endfacet
facet normal -0.42900297 0.816397 0.38659063
 outer loop
  vertex -0.20044339 0.44435334 0.18424661
  vertex -0.24658394 0.4047627 0.21665107
  vertex -0.20039718 0.42415217 0.22695847
 endloop
endfacet
facet normal 0.8016291 0.5407597 0.2548915
 outer loop
  vertex 0.4326892 0.26847452 0.11079556
  vertex 0.4021378 0.30635482 0.12651502
  vertex 0.40216953 0.29248348 0.15584365
 endloop
endfacet
facet normal 0.8016294 0.54075897 0.2548921
 outer loop
  vertex 0.4326892 0.26847452 0.11079556
  vertex 0.40216953 0.29248348 0.15584365
  vertex 0.43271697 0.25632668 0.13648011
 endloop
endfacet
facet normal -0.3384754 0.85049015 0.40261757
 outer loop
  vertex -0.15232833 0.46038082 0.19083984
  vertex -0.20044339 0.44435334 0.18424661
  vertex -0.20039718 0.42415217 0.22695847
 endloop
endfacet
facet normal -0.3384755 0.85049015 0.40261748
 outer loop
  vertex -0.15232833 0.46038082 0.19083984
  vertex -0.20039718 0.42415217 0.22695847
  vertex -0.15228046 0.43945676 0.23508012
 endloop
endfacet
facet normal 0.8563895 0.46711454 0.22000182
 outer loop
  vertex 0.45907348 0.22800867 0.09400911
  vertex 0.4326892 0.26847452 0.11079556
  vertex 0.43271697 0.25632668 0.13648011
 endloop
endfacet
facet normal 0.85638964 0.46711466 0.22000171
 outer loop
  vertex 0.45907348 0.22800867 0.09400911
  vertex 0.43271697 0.25632668 0.13648011
  vertex 0.45909706 0.21770132 0.11580225
 endloop
endfacet
facet normal -0.2447079 0.87640303 0.4147719
 outer loop
  vertex -0.10274632 0.47197452 0.19559512
  vertex -0.15232833 0.46038082 0.19083984
  vertex -0.15228046 0.43945676 0.23508012
 endloop
endfacet
facet normal -0.24470824 0.87640315 0.41477153
 outer loop
  vertex -0.10274632 0.47197452 0.19559512
  vertex -0.15228046 0.43945676 0.23508012
  vertex -0.10269727 0.4505291 0.24093777
 endloop
endfacet
facet normal 0.90290326 0.38895103 0.18298289
 outer loop
  vertex 0.4810367 0.18534689 0.07631726
  vertex 0.45907348 0.22800867 0.09400911
  vertex 0.45909706 0.21770132 0.11580225
 endloop
endfacet
facet normal 0.90290314 0.38895184 0.18298216
 outer loop
  vertex 0.4810367 0.18534689 0.07631726
  vertex 0.45909706 0.21770132 0.11580225
  vertex 0.48105586 0.17697929 0.094009094
 endloop
endfacet
facet normal -0.14860214 0.8938907 0.42293847
 outer loop
  vertex -0.052174766 0.47902295 0.19846673
  vertex -0.10274632 0.47197452 0.19559512
  vertex -0.10269727 0.4505291 0.24093777
 endloop
endfacet
facet normal -0.14860258 0.89389074 0.42293805
 outer loop
  vertex -0.052174766 0.47902295 0.19846673
  vertex -0.10269727 0.4505291 0.24093777
  vertex -0.052124996 0.4572627 0.2444751
 endloop
endfacet
facet normal -0.98945194 0.13053793 0.062806964
 outer loop
  vertex -0.5113278 0.09275919 0.038906485
  vertex -0.51872486 0.04600535 0.019547474
  vertex -0.51872 0.043862145 0.024078906
 endloop
endfacet
facet normal -0.9894518 0.13053654 0.06281142
 outer loop
  vertex -0.5113278 0.09275919 0.038906485
  vertex -0.51872 0.043862145 0.024078906
  vertex -0.511318 0.08849343 0.047925707
 endloop
endfacet
facet normal 0.9407155 0.30702272 0.1441917
 outer loop
  vertex 0.49836728 0.14090015 0.057890445
  vertex 0.4810367 0.18534689 0.07631726
  vertex 0.48105586 0.17697929 0.094009094
 endloop
endfacet
facet normal 0.9407157 0.3070216 0.14419293
 outer loop
  vertex 0.49836728 0.14090015 0.057890445
  vertex 0.48105586 0.17697929 0.094009094
  vertex 0.4983818 0.1345529 0.071310595
 endloop
endfacet
facet normal -0.05107306 0.9027887 0.42704096
 outer loop
  vertex -0.0011007334 0.4814581 0.19942702
  vertex -0.052174766 0.47902295 0.19846673
  vertex -0.052124996 0.4572627 0.2444751
 endloop
endfacet
facet normal -0.05107231 0.90278846 0.42704165
 outer loop
  vertex -0.0011007334 0.4814581 0.19942702
  vertex -0.052124996 0.4572627 0.2444751
  vertex -0.0010507214 0.45959252 0.24565798
 endloop
endfacet
facet normal -0.9704623 0.2176817 0.104007296
 outer loop
  vertex -0.49900636 0.13861968 0.057890806
  vertex -0.5113278 0.09275919 0.038906485
  vertex -0.511318 0.08849343 0.047925707
 endloop
endfacet
facet normal -0.9704625 0.21768208 0.10400543
 outer loop
  vertex -0.49900636 0.13861968 0.057890806
  vertex -0.511318 0.08849343 0.047925707
  vertex -0.49899185 0.13227242 0.07131095
 endloop
endfacet
facet normal 0.9694569 0.22211759 0.10400527
 outer loop
  vertex 0.5108983 0.09509646 0.0389061
  vertex 0.49836728 0.14090015 0.057890445
  vertex 0.4983818 0.1345529 0.071310595
 endloop
endfacet
facet normal 0.96945673 0.22211902 0.104003415
 outer loop
  vertex 0.5108983 0.09509646 0.0389061
  vertex 0.4983818 0.1345529 0.071310595
  vertex 0.51090807 0.0908307 0.047925323
 endloop
endfacet
facet normal 0.046944328 0.9030126 0.42704165
 outer loop
  vertex 0.049983837 0.47925654 0.1984667
  vertex -0.0011007334 0.4814581 0.19942702
  vertex -0.0010507214 0.45959252 0.24565798
 endloop
endfacet
facet normal 0.046943564 0.9030129 0.4270409
 outer loop
  vertex 0.049983837 0.47925654 0.1984667
  vertex -0.0010507214 0.45959252 0.24565798
  vertex 0.050033607 0.4574963 0.24447507
 endloop
endfacet
facet normal -0.8584622 0.4393896 0.26453635
 outer loop
  vertex -0.43388447 0.25434524 0.13648045
  vertex -0.46008772 0.21559957 0.11580257
  vertex -0.46005937 0.20320573 0.13648045
 endloop
endfacet
facet normal -0.8584622 0.43938956 0.2645363
 outer loop
  vertex -0.43388447 0.25434524 0.13648045
  vertex -0.46005937 0.20320573 0.13648045
  vertex -0.43385106 0.23973835 0.16085063
 endloop
endfacet
facet normal 0.334682 0.8084672 0.4841164
 outer loop
  vertex 0.19845563 0.42506415 0.22695833
  vertex 0.15026951 0.4401485 0.23507997
  vertex 0.15032704 0.41498893 0.2770563
 endloop
endfacet
facet normal 0.33468175 0.8084674 0.48411623
 outer loop
  vertex 0.19845563 0.42506415 0.22695833
  vertex 0.15032704 0.41498893 0.2770563
  vertex 0.19851118 0.4007738 0.2674845
 endloop
endfacet
facet normal -0.80403066 0.50950855 0.30648926
 outer loop
  vertex -0.4035027 0.29064134 0.15584394
  vertex -0.43388447 0.25434524 0.13648045
  vertex -0.43385106 0.23973835 0.16085063
 endloop
endfacet
facet normal -0.8040307 0.50950855 0.30648932
 outer loop
  vertex -0.4035027 0.29064134 0.15584394
  vertex -0.43385106 0.23973835 0.16085063
  vertex -0.40346456 0.27396205 0.1836717
 endloop
endfacet
facet normal 0.42536125 0.77652234 0.46484488
 outer loop
  vertex 0.24473052 0.40588608 0.21665092
  vertex 0.19845563 0.42506415 0.22695833
  vertex 0.19851118 0.4007738 0.2674845
 endloop
endfacet
facet normal 0.42536148 0.7765222 0.46484503
 outer loop
  vertex 0.24473052 0.40588608 0.21665092
  vertex 0.19851118 0.4007738 0.2674845
  vertex 0.24478355 0.3826989 0.25533652
 endloop
endfacet
facet normal -0.7418639 0.5747016 0.3454793
 outer loop
  vertex -0.36923495 0.32413843 0.17370659
  vertex -0.4035027 0.29064134 0.15584394
  vertex -0.40346456 0.27396205 0.1836717
 endloop
endfacet
facet normal -0.7418639 0.5747016 0.3454794
 outer loop
  vertex -0.36923495 0.32413843 0.17370659
  vertex -0.40346456 0.27396205 0.1836717
  vertex -0.36919242 0.3055474 0.20472394
 endloop
endfacet
facet normal 0.51196223 0.7371056 0.44110098
 outer loop
  vertex 0.2886486 0.3827992 0.20425707
  vertex 0.24473052 0.40588608 0.21665092
  vertex 0.24478355 0.3826989 0.25533652
 endloop
endfacet
facet normal 0.5119625 0.73710525 0.44110113
 outer loop
  vertex 0.2886486 0.3827992 0.20425707
  vertex 0.24478355 0.3826989 0.25533652
  vertex 0.28869858 0.36093846 0.24072963
 endloop
endfacet
facet normal -0.6725664 0.63434404 0.38113257
 outer loop
  vertex -0.33141127 0.3545139 0.18989632
  vertex -0.36923495 0.32413843 0.17370659
  vertex -0.36919242 0.3055474 0.20472394
 endloop
endfacet
facet normal -0.6725668 0.63434404 0.3811318
 outer loop
  vertex -0.33141127 0.3545139 0.18989632
  vertex -0.36919242 0.3055474 0.20472394
  vertex -0.3313648 0.33419016 0.22380453
 endloop
endfacet
facet normal 0.59365857 0.6905878 0.41310775
 outer loop
  vertex 0.3297868 0.35602576 0.1898961
  vertex 0.2886486 0.3827992 0.20425707
  vertex 0.28869858 0.36093846 0.24072963
 endloop
endfacet
facet normal 0.5936587 0.69058776 0.4131078
 outer loop
  vertex 0.3297868 0.35602576 0.1898961
  vertex 0.28869858 0.36093846 0.24072963
  vertex 0.32983327 0.335702 0.22380432
 endloop
endfacet
facet normal -0.5968108 0.68786556 0.4131075
 outer loop
  vertex -0.29039595 0.38147524 0.20425728
  vertex -0.33141127 0.3545139 0.18989632
  vertex -0.3313648 0.33419016 0.22380453
 endloop
endfacet
facet normal -0.5968109 0.6878656 0.41310742
 outer loop
  vertex -0.29039595 0.38147524 0.20425728
  vertex -0.3313648 0.33419016 0.22380453
  vertex -0.29034597 0.3596145 0.24072984
 endloop
endfacet
facet normal 0.6696598 0.6374122 0.38113162
 outer loop
  vertex 0.36774895 0.32582352 0.17370632
  vertex 0.3297868 0.35602576 0.1898961
  vertex 0.32983327 0.335702 0.22380432
 endloop
endfacet
facet normal 0.6696596 0.63741255 0.38113147
 outer loop
  vertex 0.36774895 0.32582352 0.17370632
  vertex 0.32983327 0.335702 0.22380432
  vertex 0.36779147 0.30723247 0.20472367
 endloop
endfacet
facet normal -0.5153273 0.73475677 0.44110116
 outer loop
  vertex -0.24658394 0.4047627 0.21665107
  vertex -0.29039595 0.38147524 0.20425728
  vertex -0.29034597 0.3596145 0.24072984
 endloop
endfacet
facet normal -0.51532716 0.73475677 0.44110137
 outer loop
  vertex -0.24658394 0.4047627 0.21665107
  vertex -0.29034597 0.3596145 0.24072984
  vertex -0.2465309 0.3815755 0.25533667
 endloop
endfacet
facet normal 0.7392282 0.5780884 0.34547862
 outer loop
  vertex 0.40216953 0.29248348 0.15584365
  vertex 0.36774895 0.32582352 0.17370632
  vertex 0.36779147 0.30723247 0.20472367
 endloop
endfacet
facet normal 0.7392283 0.57808816 0.34547874
 outer loop
  vertex 0.40216953 0.29248348 0.15584365
  vertex 0.36779147 0.30723247 0.20472367
  vertex 0.40220767 0.2758042 0.1836714
 endloop
endfacet
facet normal -0.42890736 0.7745691 0.46484548
 outer loop
  vertex -0.20039718 0.42415217 0.22695847
  vertex -0.24658394 0.4047627 0.21665107
  vertex -0.2465309 0.3815755 0.25533667
 endloop
endfacet
facet normal -0.42890722 0.77456903 0.46484557
 outer loop
  vertex -0.20039718 0.42415217 0.22695847
  vertex -0.2465309 0.3815755 0.25533667
  vertex -0.20034163 0.3998618 0.26748458
 endloop
endfacet
facet normal 0.8016925 0.51318 0.30648875
 outer loop
  vertex 0.43271697 0.25632668 0.13648011
  vertex 0.40216953 0.29248348 0.15584365
  vertex 0.40220767 0.2758042 0.1836714
 endloop
endfacet
facet normal 0.8016925 0.5131801 0.3064887
 outer loop
  vertex 0.43271697 0.25632668 0.13648011
  vertex 0.40220767 0.2758042 0.1836714
  vertex 0.43275037 0.24171978 0.16085029
 endloop
endfacet
facet normal -0.3383759 0.806928 0.48411667
 outer loop
  vertex -0.15228046 0.43945676 0.23508012
  vertex -0.20039718 0.42415217 0.22695847
  vertex -0.20034163 0.3998618 0.26748458
 endloop
endfacet
facet normal -0.33837613 0.8069281 0.48411635
 outer loop
  vertex -0.15228046 0.43945676 0.23508012
  vertex -0.20034163 0.3998618 0.26748458
  vertex -0.15222293 0.4142972 0.27705646
 endloop
endfacet
facet normal 0.856444 0.44331086 0.2645357
 outer loop
  vertex 0.45909706 0.21770132 0.11580225
  vertex 0.43271697 0.25632668 0.13648011
  vertex 0.43275037 0.24171978 0.16085029
 endloop
endfacet
facet normal 0.85644406 0.44331074 0.26453584
 outer loop
  vertex 0.45909706 0.21770132 0.11580225
  vertex 0.43275037 0.24171978 0.16085029
  vertex 0.4591254 0.20530748 0.13648015
 endloop
endfacet
facet normal -0.24460557 0.8315259 0.49873114
 outer loop
  vertex -0.10269727 0.4505291 0.24093777
  vertex -0.15228046 0.43945676 0.23508012
  vertex -0.15222293 0.4142972 0.27705646
 endloop
endfacet
facet normal -0.2446045 0.83152556 0.4987323
 outer loop
  vertex -0.10269727 0.4505291 0.24093777
  vertex -0.15222293 0.4142972 0.27705646
  vertex -0.102638304 0.42474255 0.28396004
 endloop
endfacet
facet normal 0.9029484 0.36915284 0.22002365
 outer loop
  vertex 0.48105586 0.17697929 0.094009094
  vertex 0.45909706 0.21770132 0.11580225
  vertex 0.4591254 0.20530748 0.13648015
 endloop
endfacet
facet normal 0.90294844 0.36915293 0.22002362
 outer loop
  vertex 0.48105586 0.17697929 0.094009094
  vertex 0.4591254 0.20530748 0.13648015
  vertex 0.48107886 0.16691789 0.110795565
 endloop
endfacet
facet normal -0.14849788 0.8481291 0.5085524
 outer loop
  vertex -0.052124996 0.4572627 0.2444751
  vertex -0.10269727 0.4505291 0.24093777
  vertex -0.102638304 0.42474255 0.28396004
 endloop
endfacet
facet normal -0.14849871 0.8481294 0.50855154
 outer loop
  vertex -0.052124996 0.4572627 0.2444751
  vertex -0.102638304 0.42474255 0.28396004
  vertex -0.052065153 0.4310976 0.28812903
 endloop
endfacet
facet normal -0.9894363 0.12374095 0.075525165
 outer loop
  vertex -0.511318 0.08849343 0.047925707
  vertex -0.51872 0.043862145 0.024078906
  vertex -0.5187141 0.04128511 0.028378446
 endloop
endfacet
facet normal -0.98943627 0.12374104 0.07552494
 outer loop
  vertex -0.511318 0.08849343 0.047925707
  vertex -0.5187141 0.04128511 0.028378446
  vertex -0.5113063 0.083364174 0.056483377
 endloop
endfacet
facet normal 0.94075143 0.2914204 0.17338084
 outer loop
  vertex 0.4983818 0.1345529 0.071310595
  vertex 0.48105586 0.17697929 0.094009094
  vertex 0.48107886 0.16691789 0.110795565
 endloop
endfacet
facet normal 0.94075125 0.2914213 0.17338002
 outer loop
  vertex 0.4983818 0.1345529 0.071310595
  vertex 0.48107886 0.16691789 0.110795565
  vertex 0.49839926 0.12692083 0.08404399
 endloop
endfacet
facet normal -0.050966647 0.8565836 0.5134851
 outer loop
  vertex -0.0010507214 0.45959252 0.24565798
  vertex -0.052124996 0.4572627 0.2444751
  vertex -0.052065153 0.4310976 0.28812903
 endloop
endfacet
facet normal -0.05096683 0.85658365 0.5134849
 outer loop
  vertex -0.0010507214 0.45959252 0.24565798
  vertex -0.052065153 0.4310976 0.28812903
  vertex -0.0009905902 0.43330082 0.28952315
 endloop
endfacet
facet normal -0.97043663 0.20642841 0.12505963
 outer loop
  vertex -0.49899185 0.13227242 0.07131095
  vertex -0.511318 0.08849343 0.047925707
  vertex -0.5113063 0.083364174 0.056483377
 endloop
endfacet
facet normal -0.97043675 0.20642853 0.12505919
 outer loop
  vertex -0.49899185 0.13227242 0.07131095
  vertex -0.5113063 0.083364174 0.056483377
  vertex -0.49897438 0.12464034 0.084044345
 endloop
endfacet
facet normal 0.96948254 0.21086541 0.12505753
 outer loop
  vertex 0.51090807 0.0908307 0.047925323
  vertex 0.4983818 0.1345529 0.071310595
  vertex 0.49839926 0.12692083 0.08404399
 endloop
endfacet
facet normal 0.96948254 0.21086559 0.12505734
 outer loop
  vertex 0.51090807 0.0908307 0.047925323
  vertex 0.49839926 0.12692083 0.08404399
  vertex 0.5109198 0.08570144 0.056482993
 endloop
endfacet
facet normal 0.047049258 0.8568078 0.51348484
 outer loop
  vertex 0.050033607 0.4574963 0.24447507
  vertex -0.0010507214 0.45959252 0.24565798
  vertex -0.0009905902 0.43330082 0.28952315
 endloop
endfacet
facet normal 0.04704974 0.85680765 0.51348525
 outer loop
  vertex 0.050033607 0.4574963 0.24447507
  vertex -0.0009905902 0.43330082 0.28952315
  vertex 0.05009345 0.4313312 0.28812897
 endloop
endfacet
facet normal -0.9420739 0.28711584 0.17338231
 outer loop
  vertex -0.48186004 0.1747776 0.094009444
  vertex -0.49899185 0.13227242 0.07131095
  vertex -0.49897438 0.12464034 0.084044345
 endloop
endfacet
facet normal -0.9420738 0.28711602 0.17338148
 outer loop
  vertex -0.48186004 0.1747776 0.094009444
  vertex -0.49897438 0.12464034 0.084044345
  vertex -0.48183703 0.1647162 0.110795915
 endloop
endfacet
facet normal 0.9888602 0.12826484 0.07552194
 outer loop
  vertex 0.518514 0.046233717 0.024078509
  vertex 0.51090807 0.0908307 0.047925323
  vertex 0.5109198 0.08570144 0.056482993
 endloop
endfacet
facet normal 0.9888602 0.128265 0.07552179
 outer loop
  vertex 0.518514 0.046233717 0.024078509
  vertex 0.5109198 0.08570144 0.056482993
  vertex 0.5185199 0.04365668 0.028378049
 endloop
endfacet
facet normal 0.14461857 0.8487995 0.5085517
 outer loop
  vertex 0.100636154 0.450994 0.24093768
  vertex 0.050033607 0.4574963 0.24447507
  vertex 0.05009345 0.4313312 0.28812897
 endloop
endfacet
facet normal 0.14461891 0.84879935 0.50855196
 outer loop
  vertex 0.100636154 0.450994 0.24093768
  vertex 0.05009345 0.4313312 0.28812897
  vertex 0.10069512 0.42520747 0.28395998
 endloop
endfacet
facet normal -0.904627 0.36501983 0.2200238
 outer loop
  vertex -0.46008772 0.21559957 0.11580257
  vertex -0.48186004 0.1747776 0.094009444
  vertex -0.48183703 0.1647162 0.110795915
 endloop
endfacet
facet normal -0.90462697 0.3650198 0.22002412
 outer loop
  vertex -0.46008772 0.21559957 0.11580257
  vertex -0.48183703 0.1647162 0.110795915
  vertex -0.46005937 0.20320573 0.13648045
 endloop
endfacet
facet normal 0.24080135 0.8326351 0.49873176
 outer loop
  vertex 0.15026951 0.4401485 0.23507997
  vertex 0.100636154 0.450994 0.24093768
  vertex 0.10069512 0.42520747 0.28395998
 endloop
endfacet
facet normal 0.24080054 0.8326358 0.49873114
 outer loop
  vertex 0.15026951 0.4401485 0.23507997
  vertex 0.10069512 0.42520747 0.28395998
  vertex 0.15032704 0.41498893 0.2770563
 endloop
endfacet
facet normal -0.74178016 0.53806365 0.4003121
 outer loop
  vertex -0.36919242 0.3055474 0.20472394
  vertex -0.40346456 0.27396205 0.1836717
  vertex -0.40342036 0.2546355 0.2097306
 endloop
endfacet
facet normal -0.74178 0.5380636 0.4003124
 outer loop
  vertex -0.36919242 0.3055474 0.20472394
  vertex -0.40342036 0.2546355 0.2097306
  vertex -0.36914316 0.28400564 0.23376969
 endloop
endfacet
facet normal 0.5120694 0.6903264 0.51111084
 outer loop
  vertex 0.28869858 0.36093846 0.24072963
  vertex 0.24478355 0.3826989 0.25533652
  vertex 0.24484499 0.3558315 0.29156312
 endloop
endfacet
facet normal 0.51206946 0.69032633 0.5111109
 outer loop
  vertex 0.28869858 0.36093846 0.24072963
  vertex 0.24484499 0.3558315 0.29156312
  vertex 0.28875652 0.33560807 0.2748838
 endloop
endfacet
facet normal -0.6724743 0.59392464 0.44162405
 outer loop
  vertex -0.3313648 0.33419016 0.22380453
  vertex -0.36919242 0.3055474 0.20472394
  vertex -0.36914316 0.28400564 0.23376969
 endloop
endfacet
facet normal -0.672474 0.5939245 0.4416245
 outer loop
  vertex -0.3313648 0.33419016 0.22380453
  vertex -0.36914316 0.28400564 0.23376969
  vertex -0.33131093 0.3106407 0.2555574
 endloop
endfacet
facet normal 0.5937589 0.6467775 0.47867438
 outer loop
  vertex 0.32983327 0.335702 0.22380432
  vertex 0.28869858 0.36093846 0.24072963
  vertex 0.28875652 0.33560807 0.2748838
 endloop
endfacet
facet normal 0.59375876 0.64677775 0.47867432
 outer loop
  vertex 0.32983327 0.335702 0.22380432
  vertex 0.28875652 0.33560807 0.2748838
  vertex 0.32988715 0.31215253 0.25555718
 endloop
endfacet
facet normal -0.59671074 0.6440548 0.47867507
 outer loop
  vertex -0.29034597 0.3596145 0.24072984
  vertex -0.3313648 0.33419016 0.22380453
  vertex -0.33131093 0.3106407 0.2555574
 endloop
endfacet
facet normal -0.5967112 0.64405495 0.4786742
 outer loop
  vertex -0.29034597 0.3596145 0.24072984
  vertex -0.33131093 0.3106407 0.2555574
  vertex -0.29028803 0.3342841 0.27488405
 endloop
endfacet
facet normal 0.66975194 0.5969935 0.44162303
 outer loop
  vertex 0.36779147 0.30723247 0.20472367
  vertex 0.32983327 0.335702 0.22380432
  vertex 0.32988715 0.31215253 0.25555718
 endloop
endfacet
facet normal 0.6697523 0.5969931 0.44162327
 outer loop
  vertex 0.36779147 0.30723247 0.20472367
  vertex 0.32988715 0.31215253 0.25555718
  vertex 0.36784074 0.28569072 0.23376942
 endloop
endfacet
facet normal -0.5152201 0.6879778 0.5111112
 outer loop
  vertex -0.2465309 0.3815755 0.25533667
  vertex -0.29034597 0.3596145 0.24072984
  vertex -0.29028803 0.3342841 0.27488405
 endloop
endfacet
facet normal -0.51521987 0.6879778 0.51111156
 outer loop
  vertex -0.2465309 0.3815755 0.25533667
  vertex -0.29028803 0.3342841 0.27488405
  vertex -0.24646947 0.3547081 0.29156324
 endloop
endfacet
facet normal 0.73931205 0.54144996 0.40031183
 outer loop
  vertex 0.40220767 0.2758042 0.1836714
  vertex 0.36779147 0.30723247 0.20472367
  vertex 0.36784074 0.28569072 0.23376942
 endloop
endfacet
facet normal 0.739312 0.54145014 0.4003117
 outer loop
  vertex 0.40220767 0.2758042 0.1836714
  vertex 0.36784074 0.28569072 0.23376942
  vertex 0.40225187 0.25647765 0.2097303
 endloop
endfacet
facet normal -0.42879447 0.7252719 0.53862417
 outer loop
  vertex -0.20034163 0.3998618 0.26748458
  vertex -0.2465309 0.3815755 0.25533667
  vertex -0.24646947 0.3547081 0.29156324
 endloop
endfacet
facet normal -0.42879373 0.7252716 0.53862506
 outer loop
  vertex -0.20034163 0.3998618 0.26748458
  vertex -0.24646947 0.3547081 0.29156324
  vertex -0.20027725 0.37171614 0.30543464
 endloop
endfacet
facet normal 0.8017669 0.48067686 0.35513338
 outer loop
  vertex 0.43275037 0.24171978 0.16085029
  vertex 0.40220767 0.2758042 0.1836714
  vertex 0.40225187 0.25647765 0.2097303
 endloop
endfacet
facet normal 0.80176675 0.48067707 0.35513327
 outer loop
  vertex 0.43275037 0.24171978 0.16085029
  vertex 0.40225187 0.25647765 0.2097303
  vertex 0.4327891 0.22479455 0.18367139
 endloop
endfacet
facet normal -0.33825874 0.75558656 0.5609546
 outer loop
  vertex -0.15222293 0.4142972 0.27705646
  vertex -0.20034163 0.3998618 0.26748458
  vertex -0.20027725 0.37171614 0.30543464
 endloop
endfacet
facet normal -0.33825922 0.7555867 0.56095403
 outer loop
  vertex -0.15222293 0.4142972 0.27705646
  vertex -0.20027725 0.37171614 0.30543464
  vertex -0.15215625 0.38514435 0.3163646
 endloop
endfacet
facet normal 0.8565082 0.41525674 0.30652156
 outer loop
  vertex 0.4591254 0.20530748 0.13648015
  vertex 0.43275037 0.24171978 0.16085029
  vertex 0.4327891 0.22479455 0.18367139
 endloop
endfacet
facet normal 0.85650826 0.41525674 0.30652162
 outer loop
  vertex 0.4591254 0.20530748 0.13648015
  vertex 0.4327891 0.22479455 0.18367139
  vertex 0.45915824 0.19094656 0.15584368
 endloop
endfacet
facet normal -0.24448358 0.778635 0.5778887
 outer loop
  vertex -0.102638304 0.42474255 0.28396004
  vertex -0.15222293 0.4142972 0.27705646
  vertex -0.15215625 0.38514435 0.3163646
 endloop
endfacet
facet normal -0.24448372 0.7786351 0.57788855
 outer loop
  vertex -0.102638304 0.42474255 0.28396004
  vertex -0.15215625 0.38514435 0.3163646
  vertex -0.10256997 0.3948633 0.32424763
 endloop
endfacet
facet normal 0.9030017 0.3458194 0.2549447
 outer loop
  vertex 0.48107886 0.16691789 0.110795565
  vertex 0.4591254 0.20530748 0.13648015
  vertex 0.45915824 0.19094656 0.15584368
 endloop
endfacet
facet normal 0.90300184 0.34581846 0.25494525
 outer loop
  vertex 0.48107886 0.16691789 0.110795565
  vertex 0.45915824 0.19094656 0.15584368
  vertex 0.4811055 0.15525958 0.12651502
 endloop
endfacet
facet normal -0.14837533 0.79419714 0.58926713
 outer loop
  vertex -0.052065153 0.4310976 0.28812903
  vertex -0.102638304 0.42474255 0.28396004
  vertex -0.10256997 0.3948633 0.32424763
 endloop
endfacet
facet normal -0.14837511 0.794197 0.58926725
 outer loop
  vertex -0.052065153 0.4310976 0.28812903
  vertex -0.10256997 0.3948633 0.32424763
  vertex -0.051995818 0.40077966 0.3290081
 endloop
endfacet
facet normal -0.98941797 0.11572954 0.08751505
 outer loop
  vertex -0.5113063 0.083364174 0.056483377
  vertex -0.5187141 0.04128511 0.028378446
  vertex -0.5187072 0.038299054 0.032404687
 endloop
endfacet
facet normal -0.98941815 0.11573205 0.08751039
 outer loop
  vertex -0.5113063 0.083364174 0.056483377
  vertex -0.5187072 0.038299054 0.032404687
  vertex -0.5112927 0.07742082 0.064497076
 endloop
endfacet
facet normal 0.94079334 0.27303308 0.20090005
 outer loop
  vertex 0.49839926 0.12692083 0.08404399
  vertex 0.48107886 0.16691789 0.110795565
  vertex 0.4811055 0.15525958 0.12651502
 endloop
endfacet
facet normal 0.94079316 0.2730345 0.20089906
 outer loop
  vertex 0.49839926 0.12692083 0.08404399
  vertex 0.4811055 0.15525958 0.12651502
  vertex 0.4984195 0.11807741 0.09596799
 endloop
endfacet
facet normal -0.050842334 0.802128 0.5949839
 outer loop
  vertex -0.0009905902 0.43330082 0.28952315
  vertex -0.052065153 0.4310976 0.28812903
  vertex -0.051995818 0.40077966 0.3290081
 endloop
endfacet
facet normal -0.050842483 0.8021281 0.5949837
 outer loop
  vertex -0.0009905902 0.43330082 0.28952315
  vertex -0.051995818 0.40077966 0.3290081
  vertex -0.000920919 0.4028362 0.33060002
 endloop
endfacet
facet normal -0.9704064 0.19316648 0.14490734
 outer loop
  vertex -0.49897438 0.12464034 0.084044345
  vertex -0.5113063 0.083364174 0.056483377
  vertex -0.5112927 0.07742082 0.064497076
 endloop
endfacet
facet normal -0.9704064 0.19316615 0.14490804
 outer loop
  vertex -0.49897438 0.12464034 0.084044345
  vertex -0.5112927 0.07742082 0.064497076
  vertex -0.49895415 0.11579693 0.09596834
 endloop
endfacet
facet normal 0.9695129 0.19760281 0.14490652
 outer loop
  vertex 0.5109198 0.08570144 0.056482993
  vertex 0.49839926 0.12692083 0.08404399
  vertex 0.4984195 0.11807741 0.09596799
 endloop
endfacet
facet normal 0.96951294 0.19760214 0.14490707
 outer loop
  vertex 0.5109198 0.08570144 0.056482993
  vertex 0.4984195 0.11807741 0.09596799
  vertex 0.5109334 0.07975809 0.0644967
 endloop
endfacet
facet normal 0.047174364 0.8023522 0.5949837
 outer loop
  vertex 0.05009345 0.4313312 0.28812897
  vertex -0.0009905902 0.43330082 0.28952315
  vertex -0.000920919 0.4028362 0.33060002
 endloop
endfacet
facet normal 0.047174517 0.8023521 0.5949838
 outer loop
  vertex 0.05009345 0.4313312 0.28812897
  vertex -0.000920919 0.4028362 0.33060002
  vertex 0.050162785 0.40101326 0.32900804
 endloop
endfacet
facet normal -0.94203186 0.26872844 0.20090052
 outer loop
  vertex -0.48183703 0.1647162 0.110795915
  vertex -0.49897438 0.12464034 0.084044345
  vertex -0.49895415 0.11579693 0.09596834
 endloop
endfacet
facet normal -0.94203204 0.26872888 0.2008992
 outer loop
  vertex -0.48183703 0.1647162 0.110795915
  vertex -0.49895415 0.11579693 0.09596834
  vertex -0.4818104 0.15305789 0.12651536
 endloop
endfacet
facet normal 0.9888785 0.12025487 0.08750979
 outer loop
  vertex 0.5185199 0.04365668 0.028378049
  vertex 0.5109198 0.08570144 0.056482993
  vertex 0.5109334 0.07975809 0.0644967
 endloop
endfacet
facet normal 0.98887837 0.120258495 0.08750619
 outer loop
  vertex 0.5185199 0.04365668 0.028378049
  vertex 0.5109334 0.07975809 0.0644967
  vertex 0.51852673 0.040670622 0.032404285
 endloop
endfacet
facet normal 0.14474213 0.79486716 0.5892672
 outer loop
  vertex 0.10069512 0.42520747 0.28395998
  vertex 0.05009345 0.4313312 0.28812897
  vertex 0.050162785 0.40101326 0.32900804
 endloop
endfacet
facet normal 0.14474188 0.7948674 0.589267
 outer loop
  vertex 0.10069512 0.42520747 0.28395998
  vertex 0.050162785 0.40101326 0.32900804
  vertex 0.100763455 0.39532822 0.32424757
 endloop
endfacet
facet normal -0.9045736 0.34168664 0.25494474
 outer loop
  vertex -0.46005937 0.20320573 0.13648045
  vertex -0.48183703 0.1647162 0.110795915
  vertex -0.4818104 0.15305789 0.12651536
 endloop
endfacet
facet normal -0.90457356 0.3416865 0.25494534
 outer loop
  vertex -0.46005937 0.20320573 0.13648045
  vertex -0.4818104 0.15305789 0.12651536
  vertex -0.46002653 0.18884481 0.15584397
 endloop
endfacet
facet normal 0.24092156 0.7797448 0.57788825
 outer loop
  vertex 0.15032704 0.41498893 0.2770563
  vertex 0.10069512 0.42520747 0.28395998
  vertex 0.100763455 0.39532822 0.32424757
 endloop
endfacet
facet normal 0.24092166 0.7797448 0.5778883
 outer loop
  vertex 0.15032704 0.41498893 0.2770563
  vertex 0.100763455 0.39532822 0.32424757
  vertex 0.15039372 0.3858361 0.31636444
 endloop
endfacet
facet normal -0.858398 0.4113356 0.30652216
 outer loop
  vertex -0.43385106 0.23973835 0.16085063
  vertex -0.46005937 0.20320573 0.13648045
  vertex -0.46002653 0.18884481 0.15584397
 endloop
endfacet
facet normal -0.85839796 0.41133553 0.3065225
 outer loop
  vertex -0.43385106 0.23973835 0.16085063
  vertex -0.46002653 0.18884481 0.15584397
  vertex -0.43381235 0.22281311 0.18367173
 endloop
endfacet
facet normal 0.3347991 0.7571262 0.5609541
 outer loop
  vertex 0.19851118 0.4007738 0.2674845
  vertex 0.15032704 0.41498893 0.2770563
  vertex 0.15039372 0.3858361 0.31636444
 endloop
endfacet
facet normal 0.33479893 0.75712645 0.5609539
 outer loop
  vertex 0.19851118 0.4007738 0.2674845
  vertex 0.15039372 0.3858361 0.31636444
  vertex 0.19857556 0.37262815 0.30543458
 endloop
endfacet
facet normal -0.80395633 0.47700527 0.35513398
 outer loop
  vertex -0.40346456 0.27396205 0.1836717
  vertex -0.43385106 0.23973835 0.16085063
  vertex -0.43381235 0.22281311 0.18367173
 endloop
endfacet
facet normal -0.80395645 0.47700533 0.35513374
 outer loop
  vertex -0.40346456 0.27396205 0.1836717
  vertex -0.43381235 0.22281311 0.18367173
  vertex -0.40342036 0.2546355 0.2097306
 endloop
endfacet
facet normal 0.4254743 0.72722495 0.53862375
 outer loop
  vertex 0.24478355 0.3826989 0.25533652
  vertex 0.19851118 0.4007738 0.2674845
  vertex 0.19857556 0.37262815 0.30543458
 endloop
endfacet
facet normal 0.42547405 0.7272251 0.5386236
 outer loop
  vertex 0.24478355 0.3826989 0.25533652
  vertex 0.19857556 0.37262815 0.30543458
  vertex 0.24484499 0.3558315 0.29156312
 endloop
endfacet
facet normal -0.59659684 0.59402835 0.53963184
 outer loop
  vertex -0.29028803 0.3342841 0.27488405
  vertex -0.33131093 0.3106407 0.2555574
  vertex -0.33125022 0.28409228 0.28484908
 endloop
endfacet
facet normal -0.59659714 0.5940285 0.5396315
 outer loop
  vertex -0.29028803 0.3342841 0.27488405
  vertex -0.33125022 0.28409228 0.28484908
  vertex -0.29022273 0.30572796 0.30639094
 endloop
endfacet
facet normal 0.66985774 0.5508389 0.4978625
 outer loop
  vertex 0.36784074 0.28569072 0.23376942
  vertex 0.32988715 0.31215253 0.25555718
  vertex 0.32994786 0.28560412 0.28484887
 endloop
endfacet
facet normal 0.6698574 0.5508396 0.49786222
 outer loop
  vertex 0.36784074 0.28569072 0.23376942
  vertex 0.32994786 0.28560412 0.28484887
  vertex 0.3678963 0.26140574 0.26056382
 endloop
endfacet
facet normal -0.5150976 0.63456154 0.57619965
 outer loop
  vertex -0.24646947 0.3547081 0.29156324
  vertex -0.29028803 0.3342841 0.27488405
  vertex -0.29022273 0.30572796 0.30639094
 endloop
endfacet
facet normal -0.51509774 0.63456166 0.5761996
 outer loop
  vertex -0.24646947 0.3547081 0.29156324
  vertex -0.29022273 0.30572796 0.30639094
  vertex -0.2464002 0.32441926 0.3249819
 endloop
endfacet
facet normal 0.7394078 0.4996137 0.45128968
 outer loop
  vertex 0.40225187 0.25647765 0.2097303
  vertex 0.36784074 0.28569072 0.23376942
  vertex 0.3678963 0.26140574 0.26056382
 endloop
endfacet
facet normal 0.7394077 0.49961376 0.45128965
 outer loop
  vertex 0.40225187 0.25647765 0.2097303
  vertex 0.3678963 0.26140574 0.26056382
  vertex 0.4023017 0.23468995 0.23376939
 endloop
endfacet
facet normal -0.42866498 0.6689807 0.607216
 outer loop
  vertex -0.20027725 0.37171614 0.30543464
  vertex -0.24646947 0.3547081 0.29156324
  vertex -0.2464002 0.32441926 0.3249819
 endloop
endfacet
facet normal -0.42866483 0.66898054 0.6072161
 outer loop
  vertex -0.20027725 0.37171614 0.30543464
  vertex -0.2464002 0.32441926 0.3249819
  vertex -0.2002047 0.33998626 0.34044322
 endloop
endfacet
facet normal 0.8018517 0.44356206 0.40035805
 outer loop
  vertex 0.4327891 0.22479455 0.18367139
  vertex 0.40225187 0.25647765 0.2097303
  vertex 0.4023017 0.23468995 0.23376939
 endloop
endfacet
facet normal 0.8018518 0.44356185 0.4003582
 outer loop
  vertex 0.4327891 0.22479455 0.18367139
  vertex 0.4023017 0.23468995 0.23376939
  vertex 0.43283272 0.20571397 0.20472361
 endloop
endfacet
facet normal -0.33812517 0.69696164 0.632389
 outer loop
  vertex -0.15215625 0.38514435 0.3163646
  vertex -0.20027725 0.37171614 0.30543464
  vertex -0.2002047 0.33998626 0.34044322
 endloop
endfacet
facet normal -0.3381256 0.6969618 0.63238853
 outer loop
  vertex -0.15215625 0.38514435 0.3163646
  vertex -0.2002047 0.33998626 0.34044322
  vertex -0.1520811 0.35227904 0.35262597
 endloop
endfacet
facet normal 0.85658145 0.38322207 0.34555614
 outer loop
  vertex 0.45915824 0.19094656 0.15584368
  vertex 0.4327891 0.22479455 0.18367139
  vertex 0.43283272 0.20571397 0.20472361
 endloop
endfacet
facet normal 0.8565816 0.38322157 0.34555635
 outer loop
  vertex 0.45915824 0.19094656 0.15584368
  vertex 0.43283272 0.20571397 0.20472361
  vertex 0.45919526 0.17475682 0.17370632
 endloop
endfacet
facet normal -0.2443456 0.7182404 0.6514799
 outer loop
  vertex -0.10256997 0.3948633 0.32424763
  vertex -0.15215625 0.38514435 0.3163646
  vertex -0.1520811 0.35227904 0.35262597
 endloop
endfacet
facet normal -0.24434571 0.7182404 0.65147966
 outer loop
  vertex -0.10256997 0.3948633 0.32424763
  vertex -0.1520811 0.35227904 0.35262597
  vertex -0.10249293 0.36117908 0.36141255
 endloop
endfacet
facet normal 0.9030628 0.31917444 0.28741118
 outer loop
  vertex 0.4811055 0.15525958 0.12651502
  vertex 0.45915824 0.19094656 0.15584368
  vertex 0.45919526 0.17475682 0.17370632
 endloop
endfacet
facet normal 0.9030627 0.31917515 0.28741086
 outer loop
  vertex 0.4811055 0.15525958 0.12651502
  vertex 0.45919526 0.17475682 0.17370632
  vertex 0.48113558 0.14211662 0.14101604
 endloop
endfacet
facet normal -0.14823423 0.7326134 0.66430736
 outer loop
  vertex -0.051995818 0.40077966 0.3290081
  vertex -0.10256997 0.3948633 0.32424763
  vertex -0.10249293 0.36117908 0.36141255
 endloop
endfacet
facet normal -0.14823437 0.7326135 0.6643073
 outer loop
  vertex -0.051995818 0.40077966 0.3290081
  vertex -0.10249293 0.36117908 0.36141255
  vertex -0.051917654 0.3666009 0.36671868
 endloop
endfacet
facet normal -0.98939717 0.10658738 0.09865322
 outer loop
  vertex -0.5112927 0.07742082 0.064497076
  vertex -0.5187072 0.038299054 0.032404687
  vertex -0.5186995 0.034932733 0.036118858
 endloop
endfacet
facet normal -0.9893971 0.10658664 0.09865433
 outer loop
  vertex -0.5112927 0.07742082 0.064497076
  vertex -0.5186995 0.034932733 0.036118858
  vertex -0.5112774 0.07072061 0.07188965
 endloop
endfacet
facet normal 0.94084114 0.2520382 0.2264831
 outer loop
  vertex 0.4984195 0.11807741 0.09596799
  vertex 0.4811055 0.15525958 0.12651502
  vertex 0.48113558 0.14211662 0.14101604
 endloop
endfacet
facet normal 0.9408412 0.252038 0.22648323
 outer loop
  vertex 0.4984195 0.11807741 0.09596799
  vertex 0.48113558 0.14211662 0.14101604
  vertex 0.4984423 0.10810783 0.10696777
 endloop
endfacet
facet normal -0.050700318 0.73994696 0.67075175
 outer loop
  vertex -0.000920919 0.4028362 0.33060002
  vertex -0.051995818 0.40077966 0.3290081
  vertex -0.051917654 0.3666009 0.36671868
 endloop
endfacet
facet normal -0.05069974 0.73994666 0.6707522
 outer loop
  vertex -0.000920919 0.4028362 0.33060002
  vertex -0.051917654 0.3666009 0.36671868
  vertex -0.0008423784 0.36849204 0.36849305
 endloop
endfacet
facet normal -0.9703718 0.17802267 0.16336049
 outer loop
  vertex -0.49895415 0.11579693 0.09596834
  vertex -0.5112927 0.07742082 0.064497076
  vertex -0.5112774 0.07072061 0.07188965
 endloop
endfacet
facet normal -0.9703717 0.17802252 0.1633608
 outer loop
  vertex -0.49895415 0.11579693 0.09596834
  vertex -0.5112774 0.07072061 0.07188965
  vertex -0.49893135 0.105827354 0.10696812
 endloop
endfacet
facet normal 0.96954757 0.18245806 0.16336027
 outer loop
  vertex 0.5109334 0.07975809 0.0644967
  vertex 0.4984195 0.11807741 0.09596799
  vertex 0.4984423 0.10810783 0.10696777
 endloop
endfacet
facet normal 0.96954757 0.18245772 0.16336046
 outer loop
  vertex 0.5109334 0.07975809 0.0644967
  vertex 0.4984423 0.10810783 0.10696777
  vertex 0.5109487 0.07305788 0.071889274
 endloop
endfacet
facet normal 0.0473168 0.7401707 0.67075217
 outer loop
  vertex 0.050162785 0.40101326 0.32900804
  vertex -0.000920919 0.4028362 0.33060002
  vertex -0.0008423784 0.36849204 0.36849305
 endloop
endfacet
facet normal 0.047316212 0.74017113 0.67075175
 outer loop
  vertex 0.050162785 0.40101326 0.32900804
  vertex -0.0008423784 0.36849204 0.36849305
  vertex 0.05024095 0.3668345 0.36671862
 endloop
endfacet
facet normal -0.94198394 0.24773262 0.22648329
 outer loop
  vertex -0.4818104 0.15305789 0.12651536
  vertex -0.49895415 0.11579693 0.09596834
  vertex -0.49893135 0.105827354 0.10696812
 endloop
endfacet
facet normal -0.9419839 0.24773204 0.2264846
 outer loop
  vertex -0.4818104 0.15305789 0.12651536
  vertex -0.49893135 0.105827354 0.10696812
  vertex -0.48178032 0.13991493 0.14101638
 endloop
endfacet
facet normal 0.98889947 0.1111095 0.098654285
 outer loop
  vertex 0.51852673 0.040670622 0.032404285
  vertex 0.5109334 0.07975809 0.0644967
  vertex 0.5109487 0.07305788 0.071889274
 endloop
endfacet
facet normal 0.9888994 0.111108385 0.09865509
 outer loop
  vertex 0.51852673 0.040670622 0.032404285
  vertex 0.5109487 0.07305788 0.071889274
  vertex 0.5185344 0.03730431 0.036118455
 endloop
endfacet
facet normal 0.14488263 0.73328376 0.6643072
 outer loop
  vertex 0.100763455 0.39532822 0.32424757
  vertex 0.050162785 0.40101326 0.32900804
  vertex 0.05024095 0.3668345 0.36671862
 endloop
endfacet
facet normal 0.14488271 0.7332836 0.6643072
 outer loop
  vertex 0.100763455 0.39532822 0.32424757
  vertex 0.05024095 0.3668345 0.36671862
  vertex 0.100840494 0.361644 0.3614125
 endloop
endfacet
facet normal -0.9045125 0.31504136 0.28741252
 outer loop
  vertex -0.46002653 0.18884481 0.15584397
  vertex -0.4818104 0.15305789 0.12651536
  vertex -0.48178032 0.13991493 0.14101638
 endloop
endfacet
facet normal -0.9045127 0.31504187 0.28741127
 outer loop
  vertex -0.46002653 0.18884481 0.15584397
  vertex -0.48178032 0.13991493 0.14101638
  vertex -0.45998952 0.17265508 0.17370662
 endloop
endfacet
facet normal 0.24105981 0.7193503 0.65147936
 outer loop
  vertex 0.15039372 0.3858361 0.31636444
  vertex 0.100763455 0.39532822 0.32424757
  vertex 0.100840494 0.361644 0.3614125
 endloop
endfacet
facet normal 0.24106012 0.7193499 0.6514796
 outer loop
  vertex 0.15039372 0.3858361 0.31636444
  vertex 0.100840494 0.361644 0.3614125
  vertex 0.15046887 0.35297078 0.35262582
 endloop
endfacet
facet normal -0.8583247 0.3793011 0.34555665
 outer loop
  vertex -0.43381235 0.22281311 0.18367173
  vertex -0.46002653 0.18884481 0.15584397
  vertex -0.45998952 0.17265508 0.17370662
 endloop
endfacet
facet normal -0.85832477 0.37930116 0.3455566
 outer loop
  vertex -0.43381235 0.22281311 0.18367173
  vertex -0.45998952 0.17265508 0.17370662
  vertex -0.43376872 0.20373254 0.20472395
 endloop
endfacet
facet normal 0.33493298 0.6985013 0.63238895
 outer loop
  vertex 0.19857556 0.37262815 0.30543458
  vertex 0.15039372 0.3858361 0.31636444
  vertex 0.15046887 0.35297078 0.35262582
 endloop
endfacet
facet normal 0.33493337 0.6985009 0.63238925
 outer loop
  vertex 0.19857556 0.37262815 0.30543458
  vertex 0.15046887 0.35297078 0.35262582
  vertex 0.19864811 0.34089825 0.3404432
 endloop
endfacet
facet normal -0.8038716 0.4398904 0.40035847
 outer loop
  vertex -0.40342036 0.2546355 0.2097306
  vertex -0.43381235 0.22281311 0.18367173
  vertex -0.43376872 0.20373254 0.20472395
 endloop
endfacet
facet normal -0.8038716 0.43989038 0.40035865
 outer loop
  vertex -0.40342036 0.2546355 0.2097306
  vertex -0.43376872 0.20373254 0.20472395
  vertex -0.40337053 0.23284781 0.23376969
 endloop
endfacet
facet normal 0.4256028 0.6709333 0.60721564
 outer loop
  vertex 0.24484499 0.3558315 0.29156312
  vertex 0.19857556 0.37262815 0.30543458
  vertex 0.19864811 0.34089825 0.3404432
 endloop
endfacet
facet normal 0.42560259 0.67093354 0.60721546
 outer loop
  vertex 0.24484499 0.3558315 0.29156312
  vertex 0.19864811 0.34089825 0.3404432
  vertex 0.24491425 0.32554266 0.32498178
 endloop
endfacet
facet normal -0.7416843 0.49622715 0.45129028
 outer loop
  vertex -0.36914316 0.28400564 0.23376969
  vertex -0.40342036 0.2546355 0.2097306
  vertex -0.40337053 0.23284781 0.23376969
 endloop
endfacet
facet normal -0.74168426 0.49622712 0.45129043
 outer loop
  vertex -0.36914316 0.28400564 0.23376969
  vertex -0.40337053 0.23284781 0.23376969
  vertex -0.3690876 0.25972065 0.26056412
 endloop
endfacet
facet normal 0.51219165 0.6369101 0.576199
 outer loop
  vertex 0.28875652 0.33560807 0.2748838
  vertex 0.24484499 0.3558315 0.29156312
  vertex 0.24491425 0.32554266 0.32498178
 endloop
endfacet
facet normal 0.5121917 0.63690996 0.5761991
 outer loop
  vertex 0.28875652 0.33560807 0.2748838
  vertex 0.24491425 0.32554266 0.32498178
  vertex 0.28882182 0.30705193 0.3063907
 endloop
endfacet
facet normal -0.67236847 0.54777086 0.49786314
 outer loop
  vertex -0.33131093 0.3106407 0.2555574
  vertex -0.36914316 0.28400564 0.23376969
  vertex -0.3690876 0.25972065 0.26056412
 endloop
endfacet
facet normal -0.67236835 0.5477708 0.49786353
 outer loop
  vertex -0.33131093 0.3106407 0.2555574
  vertex -0.3690876 0.25972065 0.26056412
  vertex -0.33125022 0.28409228 0.28484908
 endloop
endfacet
facet normal 0.59387326 0.59675115 0.539632
 outer loop
  vertex 0.32988715 0.31215253 0.25555718
  vertex 0.28875652 0.33560807 0.2748838
  vertex 0.28882182 0.30705193 0.3063907
 endloop
endfacet
facet normal 0.5938734 0.59675086 0.5396321
 outer loop
  vertex 0.32988715 0.31215253 0.25555718
  vertex 0.28882182 0.30705193 0.3063907
  vertex 0.32994786 0.28560412 0.28484887
 endloop
endfacet
facet normal -0.42852136 0.6062375 0.6699595
 outer loop
  vertex -0.2002047 0.33998626 0.34044322
  vertex -0.2464002 0.32441926 0.3249819
  vertex -0.24632378 0.2910007 0.3552708
 endloop
endfacet
facet normal -0.42852113 0.6062373 0.6699597
 outer loop
  vertex -0.2002047 0.33998626 0.34044322
  vertex -0.24632378 0.2910007 0.3552708
  vertex -0.20012464 0.30497774 0.37217316
 endloop
endfacet
facet normal 0.80194634 0.40219337 0.44172668
 outer loop
  vertex 0.43283272 0.20571397 0.20472361
  vertex 0.4023017 0.23468995 0.23376939
  vertex 0.40235668 0.21065094 0.25555715
 endloop
endfacet
facet normal 0.8019467 0.4021923 0.44172698
 outer loop
  vertex 0.43283272 0.20571397 0.20472361
  vertex 0.40235668 0.21065094 0.25555715
  vertex 0.43288085 0.18466178 0.22380425
 endloop
endfacet
facet normal -0.33797622 0.631617 0.6977334
 outer loop
  vertex -0.1520811 0.35227904 0.35262597
  vertex -0.2002047 0.33998626 0.34044322
  vertex -0.20012464 0.30497774 0.37217316
 endloop
endfacet
facet normal -0.33797652 0.63161725 0.69773316
 outer loop
  vertex -0.1520811 0.35227904 0.35262597
  vertex -0.20012464 0.30497774 0.37217316
  vertex -0.15199818 0.31601778 0.38549134
 endloop
endfacet
facet normal 0.8566632 0.3475155 0.3812625
 outer loop
  vertex 0.45919526 0.17475682 0.17370632
  vertex 0.43283272 0.20571397 0.20472361
  vertex 0.43288085 0.18466178 0.22380425
 endloop
endfacet
facet normal 0.856663 0.34751627 0.3812622
 outer loop
  vertex 0.45919526 0.17475682 0.17370632
  vertex 0.43288085 0.18466178 0.22380425
  vertex 0.45923612 0.1568942 0.18989609
 endloop
endfacet
facet normal -0.24419174 0.65092313 0.71879727
 outer loop
  vertex -0.10249293 0.36117908 0.36141255
  vertex -0.1520811 0.35227904 0.35262597
  vertex -0.15199818 0.31601778 0.38549134
 endloop
endfacet
facet normal -0.24419191 0.65092325 0.71879715
 outer loop
  vertex -0.10249293 0.36117908 0.36141255
  vertex -0.15199818 0.31601778 0.38549134
  vertex -0.10240795 0.32401428 0.39509687
 endloop
endfacet
facet normal 0.90313053 0.2894772 0.31710887
 outer loop
  vertex 0.48113558 0.14211662 0.14101604
  vertex 0.45919526 0.17475682 0.17370632
  vertex 0.45923612 0.1568942 0.18989609
 endloop
endfacet
facet normal 0.90313065 0.28947693 0.317109
 outer loop
  vertex 0.48113558 0.14211662 0.14101604
  vertex 0.45923612 0.1568942 0.18989609
  vertex 0.48116875 0.12761562 0.154159
 endloop
endfacet
facet normal -0.14807735 0.66397065 0.7329502
 outer loop
  vertex -0.051917654 0.3666009 0.36671868
  vertex -0.10249293 0.36117908 0.36141255
  vertex -0.10240795 0.32401428 0.39509687
 endloop
endfacet
facet normal -0.14807723 0.66397065 0.7329504
 outer loop
  vertex -0.051917654 0.3666009 0.36671868
  vertex -0.10240795 0.32401428 0.39509687
  vertex -0.05183142 0.3288904 0.40089756
 endloop
endfacet
facet normal -0.98937386 0.09639652 0.10884448
 outer loop
  vertex -0.5112774 0.07072061 0.07188965
  vertex -0.5186995 0.034932733 0.036118858
  vertex -0.51869106 0.031218573 0.039485183
 endloop
endfacet
facet normal -0.98937374 0.09639517 0.1088461
 outer loop
  vertex -0.5112774 0.07072061 0.07188965
  vertex -0.51869106 0.031218573 0.039485183
  vertex -0.5112605 0.063328065 0.07858989
 endloop
endfacet
facet normal 0.9408948 0.22863565 0.24988572
 outer loop
  vertex 0.4984423 0.10810783 0.10696777
  vertex 0.48113558 0.14211662 0.14101604
  vertex 0.48116875 0.12761562 0.154159
 endloop
endfacet
facet normal 0.9408948 0.22863542 0.2498858
 outer loop
  vertex 0.4984423 0.10810783 0.10696777
  vertex 0.48116875 0.12761562 0.154159
  vertex 0.49846745 0.09710808 0.116937384
 endloop
endfacet
facet normal -0.050541293 0.6706382 0.7400608
 outer loop
  vertex -0.0008423784 0.36849204 0.36849305
  vertex -0.051917654 0.3666009 0.36671868
  vertex -0.05183142 0.3288904 0.40089756
 endloop
endfacet
facet normal -0.050541386 0.6706382 0.74006075
 outer loop
  vertex -0.0008423784 0.36849204 0.36849305
  vertex -0.05183142 0.3288904 0.40089756
  vertex -0.0007557251 0.33059913 0.40283728
 endloop
endfacet
facet normal -0.97033316 0.16114502 0.18023832
 outer loop
  vertex -0.49893135 0.105827354 0.10696812
  vertex -0.5112774 0.07072061 0.07188965
  vertex -0.5112605 0.063328065 0.07858989
 endloop
endfacet
facet normal -0.970333 0.16114286 0.18024142
 outer loop
  vertex -0.49893135 0.105827354 0.10696812
  vertex -0.5112605 0.063328065 0.07858989
  vertex -0.4989062 0.09482761 0.116937734
 endloop
endfacet
facet normal 0.96958625 0.16557793 0.18024036
 outer loop
  vertex 0.5109487 0.07305788 0.071889274
  vertex 0.4984423 0.10810783 0.10696777
  vertex 0.49846745 0.09710808 0.116937384
 endloop
endfacet
facet normal 0.9695864 0.16557488 0.18024205
 outer loop
  vertex 0.5109487 0.07305788 0.071889274
  vertex 0.49846745 0.09710808 0.116937384
  vertex 0.5109656 0.065665334 0.078589514
 endloop
endfacet
facet normal 0.047474805 0.6708624 0.7400607
 outer loop
  vertex 0.05024095 0.3668345 0.36671862
  vertex -0.0008423784 0.36849204 0.36849305
  vertex -0.0007557251 0.33059913 0.40283728
 endloop
endfacet
facet normal 0.04747491 0.67086226 0.74006075
 outer loop
  vertex 0.05024095 0.3668345 0.36671862
  vertex -0.0007557251 0.33059913 0.40283728
  vertex 0.05032718 0.329124 0.4008975
 endloop
endfacet
facet normal -0.9419303 0.22433038 0.24988629
 outer loop
  vertex -0.48178032 0.13991493 0.14101638
  vertex -0.49893135 0.105827354 0.10696812
  vertex -0.4989062 0.09482761 0.116937734
 endloop
endfacet
facet normal -0.9419302 0.22433001 0.24988697
 outer loop
  vertex -0.48178032 0.13991493 0.14101638
  vertex -0.4989062 0.09482761 0.116937734
  vertex -0.48174715 0.12541392 0.15415934
 endloop
endfacet
facet normal 0.9889227 0.10091317 0.10885044
 outer loop
  vertex 0.5185344 0.03730431 0.036118455
  vertex 0.5109487 0.07305788 0.071889274
  vertex 0.5109656 0.065665334 0.078589514
 endloop
endfacet
facet normal 0.98892283 0.10091128 0.108851746
 outer loop
  vertex 0.5185344 0.03730431 0.036118455
  vertex 0.5109656 0.065665334 0.078589514
  vertex 0.5185429 0.03359015 0.03948478
 endloop
endfacet
facet normal 0.1450396 0.6646408 0.73295027
 outer loop
  vertex 0.100840494 0.361644 0.3614125
  vertex 0.05024095 0.3668345 0.36671862
  vertex 0.05032718 0.329124 0.4008975
 endloop
endfacet
facet normal 0.14503951 0.66464084 0.7329502
 outer loop
  vertex 0.100840494 0.361644 0.3614125
  vertex 0.05032718 0.329124 0.4008975
  vertex 0.100925475 0.3244792 0.3950968
 endloop
endfacet
facet normal -0.9044448 0.28534317 0.31710997
 outer loop
  vertex -0.45998952 0.17265508 0.17370662
  vertex -0.48178032 0.13991493 0.14101638
  vertex -0.48174715 0.12541392 0.15415934
 endloop
endfacet
facet normal -0.90444493 0.28534338 0.31710956
 outer loop
  vertex -0.45998952 0.17265508 0.17370662
  vertex -0.48174715 0.12541392 0.15415934
  vertex -0.45994866 0.15479247 0.18989639
 endloop
endfacet
facet normal 0.24121404 0.65203285 0.7187968
 outer loop
  vertex 0.15046887 0.35297078 0.35262582
  vertex 0.100840494 0.361644 0.3614125
  vertex 0.100925475 0.3244792 0.3950968
 endloop
endfacet
facet normal 0.24121411 0.6520328 0.71879685
 outer loop
  vertex 0.15046887 0.35297078 0.35262582
  vertex 0.100925475 0.3244792 0.3950968
  vertex 0.1505518 0.31670952 0.3854912
 endloop
endfacet
facet normal -0.85824305 0.3435947 0.3812632
 outer loop
  vertex -0.43376872 0.20373254 0.20472395
  vertex -0.45998952 0.17265508 0.17370662
  vertex -0.45994866 0.15479247 0.18989639
 endloop
endfacet
facet normal -0.8582431 0.34359494 0.38126263
 outer loop
  vertex -0.43376872 0.20373254 0.20472395
  vertex -0.45994866 0.15479247 0.18989639
  vertex -0.4337206 0.18268034 0.2238046
 endloop
endfacet
facet normal 0.33508274 0.6331568 0.6977335
 outer loop
  vertex 0.19864811 0.34089825 0.3404432
  vertex 0.15046887 0.35297078 0.35262582
  vertex 0.1505518 0.31670952 0.3854912
 endloop
endfacet
facet normal 0.33508334 0.6331561 0.6977339
 outer loop
  vertex 0.19864811 0.34089825 0.3404432
  vertex 0.1505518 0.31670952 0.3854912
  vertex 0.19872817 0.30588973 0.3721731
 endloop
endfacet
facet normal -0.8037769 0.39852163 0.44172746
 outer loop
  vertex -0.40337053 0.23284781 0.23376969
  vertex -0.43376872 0.20373254 0.20472395
  vertex -0.4337206 0.18268034 0.2238046
 endloop
endfacet
facet normal -0.80377686 0.39852145 0.44172782
 outer loop
  vertex -0.40337053 0.23284781 0.23376969
  vertex -0.4337206 0.18268034 0.2238046
  vertex -0.40331554 0.2088088 0.25555745
 endloop
endfacet
facet normal 0.42574614 0.6081899 0.6699592
 outer loop
  vertex 0.24491425 0.32554266 0.32498178
  vertex 0.19864811 0.34089825 0.3404432
  vertex 0.19872817 0.30588973 0.3721731
 endloop
endfacet
facet normal 0.42574584 0.6081903 0.669959
 outer loop
  vertex 0.24491425 0.32554266 0.32498178
  vertex 0.19872817 0.30588973 0.3721731
  vertex 0.24499068 0.29212406 0.35527068
 endloop
endfacet
facet normal -0.7415777 0.44959548 0.4979221
 outer loop
  vertex -0.3690876 0.25972065 0.26056412
  vertex -0.40337053 0.23284781 0.23376969
  vertex -0.40331554 0.2088088 0.25555745
 endloop
endfacet
facet normal -0.7415776 0.44959554 0.49792212
 outer loop
  vertex -0.3690876 0.25972065 0.26056412
  vertex -0.40331554 0.2088088 0.25555745
  vertex -0.36902633 0.2329263 0.28484917
 endloop
endfacet
facet normal 0.51232785 0.5773716 0.63573754
 outer loop
  vertex 0.28882182 0.30705193 0.3063907
  vertex 0.24491425 0.32554266 0.32498178
  vertex 0.24499068 0.29212406 0.35527068
 endloop
endfacet
facet normal 0.5123276 0.57737195 0.6357374
 outer loop
  vertex 0.28882182 0.30705193 0.3063907
  vertex 0.24499068 0.29212406 0.35527068
  vertex 0.28889388 0.2755451 0.3349469
 endloop
endfacet
facet normal -0.67225057 0.49632707 0.54930747
 outer loop
  vertex -0.33125022 0.28409228 0.28484908
  vertex -0.3690876 0.25972065 0.26056412
  vertex -0.36902633 0.2329263 0.28484917
 endloop
endfacet
facet normal -0.67225075 0.49632716 0.5493071
 outer loop
  vertex -0.33125022 0.28409228 0.28484908
  vertex -0.36902633 0.2329263 0.28484917
  vertex -0.33118325 0.25480065 0.31139752
 endloop
endfacet
facet normal 0.5940009 0.54099137 0.5953917
 outer loop
  vertex 0.32994786 0.28560412 0.28484887
  vertex 0.28882182 0.30705193 0.3063907
  vertex 0.28889388 0.2755451 0.3349469
 endloop
endfacet
facet normal 0.59400123 0.5409909 0.5953918
 outer loop
  vertex 0.32994786 0.28560412 0.28484887
  vertex 0.28889388 0.2755451 0.3349469
  vertex 0.33001482 0.2563125 0.3113973
 endloop
endfacet
facet normal -0.5964697 0.53826874 0.5953913
 outer loop
  vertex -0.29022273 0.30572796 0.30639094
  vertex -0.33125022 0.28409228 0.28484908
  vertex -0.33118325 0.25480065 0.31139752
 endloop
endfacet
facet normal -0.59646934 0.5382686 0.59539163
 outer loop
  vertex -0.29022273 0.30572796 0.30639094
  vertex -0.33118325 0.25480065 0.31139752
  vertex -0.29015067 0.27422112 0.33494714
 endloop
endfacet
facet normal 0.669975 0.49939534 0.54930663
 outer loop
  vertex 0.3678963 0.26140574 0.26056382
  vertex 0.32994786 0.28560412 0.28484887
  vertex 0.33001482 0.2563125 0.3113973
 endloop
endfacet
facet normal 0.6699748 0.4993957 0.5493066
 outer loop
  vertex 0.3678963 0.26140574 0.26056382
  vertex 0.33001482 0.2563125 0.3113973
  vertex 0.36795756 0.23461138 0.28484887
 endloop
endfacet
facet normal -0.5149614 0.5750231 0.6357383
 outer loop
  vertex -0.2464002 0.32441926 0.3249819
  vertex -0.29022273 0.30572796 0.30639094
  vertex -0.29015067 0.27422112 0.33494714
 endloop
endfacet
facet normal -0.5149616 0.5750232 0.63573796
 outer loop
  vertex -0.2464002 0.32441926 0.3249819
  vertex -0.29015067 0.27422112 0.33494714
  vertex -0.24632378 0.2910007 0.3552708
 endloop
endfacet
facet normal 0.73951435 0.45298195 0.49792156
 outer loop
  vertex 0.4023017 0.23468995 0.23376939
  vertex 0.3678963 0.26140574 0.26056382
  vertex 0.36795756 0.23461138 0.28484887
 endloop
endfacet
facet normal 0.7395141 0.45298257 0.4979214
 outer loop
  vertex 0.4023017 0.23468995 0.23376939
  vertex 0.36795756 0.23461138 0.28484887
  vertex 0.40235668 0.21065094 0.25555715
 endloop
endfacet
facet normal -0.24402358 0.577332 0.77919203
 outer loop
  vertex -0.10240795 0.32401428 0.39509687
  vertex -0.15199818 0.31601778 0.38549134
  vertex -0.1519083 0.27670977 0.41464424
 endloop
endfacet
facet normal -0.24402346 0.57733196 0.77919215
 outer loop
  vertex -0.10240795 0.32401428 0.39509687
  vertex -0.1519083 0.27670977 0.41464424
  vertex -0.10231581 0.28372678 0.4249762
 endloop
endfacet
facet normal 0.9032049 0.2570108 0.34375337
 outer loop
  vertex 0.48116875 0.12761562 0.154159
  vertex 0.45923612 0.1568942 0.18989609
  vertex 0.4592804 0.13753074 0.20425703
 endloop
endfacet
facet normal 0.903205 0.25701064 0.34375343
 outer loop
  vertex 0.48116875 0.12761562 0.154159
  vertex 0.4592804 0.13753074 0.20425703
  vertex 0.4812047 0.11189622 0.16581732
 endloop
endfacet
facet normal -0.14790569 0.58893037 0.79453444
 outer loop
  vertex -0.05183142 0.3288904 0.40089756
  vertex -0.10240795 0.32401428 0.39509687
  vertex -0.10231581 0.28372678 0.4249762
 endloop
endfacet
facet normal -0.1479059 0.58893055 0.7945342
 outer loop
  vertex -0.05183142 0.3288904 0.40089756
  vertex -0.10231581 0.28372678 0.4249762
  vertex -0.051737938 0.28801143 0.43121558
 endloop
endfacet
facet normal -0.9893483 0.08524344 0.11799812
 outer loop
  vertex -0.5112605 0.063328065 0.07858989
  vertex -0.51869106 0.031218573 0.039485183
  vertex -0.5186818 0.027192341 0.04247125
 endloop
endfacet
facet normal -0.98934835 0.08524558 0.11799603
 outer loop
  vertex -0.5112605 0.063328065 0.07858989
  vertex -0.5186818 0.027192341 0.04247125
  vertex -0.51124215 0.055314377 0.08453326
 endloop
endfacet
facet normal 0.94095325 0.2030516 0.27088195
 outer loop
  vertex 0.49846745 0.09710808 0.116937384
  vertex 0.48116875 0.12761562 0.154159
  vertex 0.4812047 0.11189622 0.16581732
 endloop
endfacet
facet normal 0.9409532 0.20305227 0.2708817
 outer loop
  vertex 0.49846745 0.09710808 0.116937384
  vertex 0.4812047 0.11189622 0.16581732
  vertex 0.4984947 0.08518411 0.12578084
 endloop
endfacet
facet normal -0.050368074 0.59487015 0.80224216
 outer loop
  vertex -0.0007557251 0.33059913 0.40283728
  vertex -0.05183142 0.3288904 0.40089756
  vertex -0.051737938 0.28801143 0.43121558
 endloop
endfacet
facet normal -0.05036757 0.5948698 0.80224246
 outer loop
  vertex -0.0007557251 0.33059913 0.40283728
  vertex -0.051737938 0.28801143 0.43121558
  vertex -0.00066179334 0.28952232 0.433302
 endloop
endfacet
facet normal -0.9702907 0.14268702 0.19538775
 outer loop
  vertex -0.4989062 0.09482761 0.116937734
  vertex -0.5112605 0.063328065 0.07858989
  vertex -0.51124215 0.055314377 0.08453326
 endloop
endfacet
facet normal -0.97029096 0.14268897 0.19538546
 outer loop
  vertex -0.4989062 0.09482761 0.116937734
  vertex -0.51124215 0.055314377 0.08453326
  vertex -0.49887893 0.08290364 0.12578116
 endloop
endfacet
facet normal 0.9696285 0.14712454 0.19538383
 outer loop
  vertex 0.5109656 0.065665334 0.078589514
  vertex 0.49846745 0.09710808 0.116937384
  vertex 0.4984947 0.08518411 0.12578084
 endloop
endfacet
facet normal 0.9696283 0.1471273 0.19538261
 outer loop
  vertex 0.5109656 0.065665334 0.078589514
  vertex 0.4984947 0.08518411 0.12578084
  vertex 0.51098394 0.057651646 0.08453289
 endloop
endfacet
facet normal 0.04764817 0.59509385 0.80224246
 outer loop
  vertex 0.05032718 0.329124 0.4008975
  vertex -0.0007557251 0.33059913 0.40283728
  vertex -0.00066179334 0.28952232 0.433302
 endloop
endfacet
facet normal 0.047647655 0.5950943 0.80224216
 outer loop
  vertex 0.05032718 0.329124 0.4008975
  vertex -0.00066179334 0.28952232 0.433302
  vertex 0.050420664 0.28824502 0.43121552
 endloop
endfacet
facet normal -0.94187176 0.19874664 0.2708828
 outer loop
  vertex -0.48174715 0.12541392 0.15415934
  vertex -0.4989062 0.09482761 0.116937734
  vertex -0.49887893 0.08290364 0.12578116
 endloop
endfacet
facet normal -0.9418718 0.198747 0.27088234
 outer loop
  vertex -0.48174715 0.12541392 0.15415934
  vertex -0.49887893 0.08290364 0.12578116
  vertex -0.4817112 0.10969453 0.16581766
 endloop
endfacet
facet normal 0.98894817 0.0897743 0.11799158
 outer loop
  vertex 0.5185429 0.03359015 0.03948478
  vertex 0.5109656 0.065665334 0.078589514
  vertex 0.51098394 0.057651646 0.08453289
 endloop
endfacet
facet normal 0.98894817 0.08977686 0.117990255
 outer loop
  vertex 0.5185429 0.03359015 0.03948478
  vertex 0.51098394 0.057651646 0.08453289
  vertex 0.5185521 0.029563919 0.04247084
 endloop
endfacet
facet normal 0.14521112 0.58960086 0.7945342
 outer loop
  vertex 0.100925475 0.3244792 0.3950968
  vertex 0.05032718 0.329124 0.4008975
  vertex 0.050420664 0.28824502 0.43121552
 endloop
endfacet
facet normal 0.1452113 0.5896007 0.7945343
 outer loop
  vertex 0.100925475 0.3244792 0.3950968
  vertex 0.050420664 0.28824502 0.43121552
  vertex 0.10101761 0.2841917 0.42497614
 endloop
endfacet
facet normal -0.9043707 0.25287783 0.34375346
 outer loop
  vertex -0.45994866 0.15479247 0.18989639
  vertex -0.48174715 0.12541392 0.15415934
  vertex -0.4817112 0.10969453 0.16581766
 endloop
endfacet
facet normal -0.90437055 0.25287732 0.34375417
 outer loop
  vertex -0.45994866 0.15479247 0.18989639
  vertex -0.4817112 0.10969453 0.16581766
  vertex -0.45990437 0.13542901 0.20425732
 endloop
endfacet
facet normal 0.2413824 0.5784417 0.77919173
 outer loop
  vertex 0.1505518 0.31670952 0.3854912
  vertex 0.100925475 0.3244792 0.3950968
  vertex 0.10101761 0.2841917 0.42497614
 endloop
endfacet
facet normal 0.24138239 0.57844174 0.77919173
 outer loop
  vertex 0.1505518 0.31670952 0.3854912
  vertex 0.10101761 0.2841917 0.42497614
  vertex 0.15064168 0.2774015 0.4146441
 endloop
endfacet
facet normal -0.8581538 0.30456012 0.41329783
 outer loop
  vertex -0.4337206 0.18268034 0.2238046
  vertex -0.45994866 0.15479247 0.18989639
  vertex -0.45990437 0.13542901 0.20425732
 endloop
endfacet
facet normal -0.85815406 0.3045605 0.41329715
 outer loop
  vertex -0.4337206 0.18268034 0.2238046
  vertex -0.45990437 0.13542901 0.20425732
  vertex -0.4336684 0.1598593 0.24072987
 endloop
endfacet
facet normal 0.3352466 0.561722 0.75635844
 outer loop
  vertex 0.19872817 0.30588973 0.3721731
  vertex 0.1505518 0.31670952 0.3854912
  vertex 0.15064168 0.2774015 0.4146441
 endloop
endfacet
facet normal 0.3352467 0.56172186 0.75635844
 outer loop
  vertex 0.19872817 0.30588973 0.3721731
  vertex 0.15064168 0.2774015 0.4146441
  vertex 0.19881496 0.26793975 0.4003188
 endloop
endfacet
facet normal -0.8036734 0.353297 0.47884262
 outer loop
  vertex -0.40331554 0.2088088 0.25555745
  vertex -0.4337206 0.18268034 0.2238046
  vertex -0.4336684 0.1598593 0.24072987
 endloop
endfacet
facet normal -0.80367357 0.35329717 0.47884235
 outer loop
  vertex -0.40331554 0.2088088 0.25555745
  vertex -0.4336684 0.1598593 0.24072987
  vertex -0.40325597 0.18274996 0.27488405
 endloop
endfacet
facet normal 0.42590275 0.53959936 0.72625023
 outer loop
  vertex 0.24499068 0.29212406 0.35527068
  vertex 0.19872817 0.30588973 0.3721731
  vertex 0.19881496 0.26793975 0.4003188
 endloop
endfacet
facet normal 0.42590302 0.53959906 0.72625035
 outer loop
  vertex 0.24499068 0.29212406 0.35527068
  vertex 0.19881496 0.26793975 0.4003188
  vertex 0.24507351 0.25589758 0.38213813
 endloop
endfacet
facet normal -0.74146116 0.39861792 0.5397584
 outer loop
  vertex -0.36902633 0.2329263 0.28484917
  vertex -0.40331554 0.2088088 0.25555745
  vertex -0.40325597 0.18274996 0.27488405
 endloop
endfacet
facet normal -0.7414614 0.39861816 0.5397579
 outer loop
  vertex -0.36902633 0.2329263 0.28484917
  vertex -0.40325597 0.18274996 0.27488405
  vertex -0.36895993 0.20388064 0.30639097
 endloop
endfacet
facet normal 0.51247644 0.51228416 0.68915373
 outer loop
  vertex 0.28889388 0.2755451 0.3349469
  vertex 0.24499068 0.29212406 0.35527068
  vertex 0.24507351 0.25589758 0.38213813
 endloop
endfacet
facet normal 0.5124761 0.51228476 0.68915355
 outer loop
  vertex 0.28889388 0.2755451 0.3349469
  vertex 0.24507351 0.25589758 0.38213813
  vertex 0.288972 0.24139103 0.36027735
 endloop
endfacet
facet normal -0.67212206 0.44008893 0.59546083
 outer loop
  vertex -0.33118325 0.25480065 0.31139752
  vertex -0.36902633 0.2329263 0.28484917
  vertex -0.36895993 0.20388064 0.30639097
 endloop
endfacet
facet normal -0.67212117 0.44008812 0.5954625
 outer loop
  vertex -0.33118325 0.25480065 0.31139752
  vertex -0.36895993 0.20388064 0.30639097
  vertex -0.33111063 0.22304785 0.33494702
 endloop
endfacet
facet normal 0.5941407 0.48003456 0.64541745
 outer loop
  vertex 0.33001482 0.2563125 0.3113973
  vertex 0.28889388 0.2755451 0.3349469
  vertex 0.288972 0.24139103 0.36027735
 endloop
endfacet
facet normal 0.5941412 0.48003373 0.6454177
 outer loop
  vertex 0.33001482 0.2563125 0.3113973
  vertex 0.288972 0.24139103 0.36027735
  vertex 0.33008745 0.2245597 0.3349468
 endloop
endfacet
facet normal -0.59633 0.47731113 0.64541817
 outer loop
  vertex -0.29015067 0.27422112 0.33494714
  vertex -0.33118325 0.25480065 0.31139752
  vertex -0.33111063 0.22304785 0.33494702
 endloop
endfacet
facet normal -0.5963304 0.47731146 0.6454175
 outer loop
  vertex -0.29015067 0.27422112 0.33494714
  vertex -0.33111063 0.22304785 0.33494702
  vertex -0.29007256 0.24006703 0.3602776
 endloop
endfacet
facet normal 0.6701033 0.44315687 0.5954608
 outer loop
  vertex 0.36795756 0.23461138 0.28484887
  vertex 0.33001482 0.2563125 0.3113973
  vertex 0.33008745 0.2245597 0.3349468
 endloop
endfacet
facet normal 0.67010313 0.44315723 0.5954607
 outer loop
  vertex 0.36795756 0.23461138 0.28484887
  vertex 0.33008745 0.2245597 0.3349468
  vertex 0.36802396 0.20556572 0.30639067
 endloop
endfacet
facet normal -0.51481265 0.50993544 0.6891543
 outer loop
  vertex -0.24632378 0.2910007 0.3552708
  vertex -0.29015067 0.27422112 0.33494714
  vertex -0.29007256 0.24006703 0.3602776
 endloop
endfacet
facet normal -0.5148128 0.5099356 0.6891542
 outer loop
  vertex -0.24632378 0.2910007 0.3552708
  vertex -0.29007256 0.24006703 0.3602776
  vertex -0.24624094 0.2547742 0.38213825
 endloop
endfacet
facet normal 0.7396307 0.40200427 0.53975827
 outer loop
  vertex 0.40235668 0.21065094 0.25555715
  vertex 0.36795756 0.23461138 0.28484887
  vertex 0.36802396 0.20556572 0.30639067
 endloop
endfacet
facet normal 0.7396309 0.40200397 0.53975827
 outer loop
  vertex 0.40235668 0.21065094 0.25555715
  vertex 0.36802396 0.20556572 0.30639067
  vertex 0.40241626 0.1845921 0.27488375
 endloop
endfacet
facet normal -0.42836428 0.5376462 0.72625107
 outer loop
  vertex -0.20012464 0.30497774 0.37217316
  vertex -0.24632378 0.2910007 0.3552708
  vertex -0.24624094 0.2547742 0.38213825
 endloop
endfacet
facet normal -0.42836443 0.53764635 0.72625095
 outer loop
  vertex -0.20012464 0.30497774 0.37217316
  vertex -0.24624094 0.2547742 0.38213825
  vertex -0.20003785 0.26702777 0.40031886
 endloop
endfacet
facet normal 0.8020502 0.3569678 0.47884187
 outer loop
  vertex 0.43288085 0.18466178 0.22380425
  vertex 0.40235668 0.21065094 0.25555715
  vertex 0.40241626 0.1845921 0.27488375
 endloop
endfacet
facet normal 0.80205005 0.3569682 0.47884178
 outer loop
  vertex 0.43288085 0.18466178 0.22380425
  vertex 0.40241626 0.1845921 0.27488375
  vertex 0.43293303 0.16184074 0.24072953
 endloop
endfacet
facet normal -0.3378131 0.5601826 0.7563582
 outer loop
  vertex -0.15199818 0.31601778 0.38549134
  vertex -0.20012464 0.30497774 0.37217316
  vertex -0.20003785 0.26702777 0.40031886
 endloop
endfacet
facet normal -0.33781332 0.5601827 0.756358
 outer loop
  vertex -0.15199818 0.31601778 0.38549134
  vertex -0.20003785 0.26702777 0.40031886
  vertex -0.1519083 0.27670977 0.41464424
 endloop
endfacet
facet normal 0.8567523 0.3084818 0.41329712
 outer loop
  vertex 0.45923612 0.1568942 0.18989609
  vertex 0.43288085 0.18466178 0.22380425
  vertex 0.43293303 0.16184074 0.24072953
 endloop
endfacet
facet normal 0.85675234 0.30848178 0.41329715
 outer loop
  vertex 0.45923612 0.1568942 0.18989609
  vertex 0.43293303 0.16184074 0.24072953
  vertex 0.4592804 0.13753074 0.20425703
 endloop
endfacet
facet normal -0.05018121 0.51337147 0.8566981
 outer loop
  vertex -0.00066179334 0.28952232 0.433302
  vertex -0.051737938 0.28801143 0.43121558
  vertex -0.05163812 0.2443576 0.45738074
 endloop
endfacet
facet normal -0.050181307 0.5133715 0.85669804
 outer loop
  vertex -0.00066179334 0.28952232 0.433302
  vertex -0.05163812 0.2443576 0.45738074
  vertex -0.0005614879 0.24565728 0.45959374
 endloop
endfacet
facet normal -0.97024554 0.122842036 0.2086468
 outer loop
  vertex -0.49887893 0.08290364 0.12578116
  vertex -0.51124215 0.055314377 0.08453326
  vertex -0.5112226 0.04675673 0.08966254
 endloop
endfacet
facet normal -0.9702454 0.12284056 0.20864822
 outer loop
  vertex -0.49887893 0.08290364 0.12578116
  vertex -0.5112226 0.04675673 0.08966254
  vertex -0.4988498 0.07017029 0.13341326
 endloop
endfacet
facet normal 0.9696738 0.12727576 0.20864706
 outer loop
  vertex 0.51098394 0.057651646 0.08453289
  vertex 0.4984947 0.08518411 0.12578084
  vertex 0.49852383 0.07245076 0.13341293
 endloop
endfacet
facet normal 0.969674 0.12727436 0.20864753
 outer loop
  vertex 0.51098394 0.057651646 0.08453289
  vertex 0.49852383 0.07245076 0.13341293
  vertex 0.5110035 0.049094 0.089662164
 endloop
endfacet
facet normal 0.047834057 0.51359564 0.85669804
 outer loop
  vertex 0.050420664 0.28824502 0.43121552
  vertex -0.00066179334 0.28952232 0.433302
  vertex -0.0005614879 0.24565728 0.45959374
 endloop
endfacet
facet normal 0.04783416 0.5135956 0.85669804
 outer loop
  vertex 0.050420664 0.28824502 0.43121552
  vertex -0.0005614879 0.24565728 0.45959374
  vertex 0.050520483 0.24459119 0.45738068
 endloop
endfacet
facet normal -0.9418089 0.17122838 0.28926972
 outer loop
  vertex -0.4817112 0.10969453 0.16581766
  vertex -0.49887893 0.08290364 0.12578116
  vertex -0.4988498 0.07017029 0.13341326
 endloop
endfacet
facet normal -0.9418088 0.1712284 0.28926957
 outer loop
  vertex -0.4817112 0.10969453 0.16581766
  vertex -0.4988498 0.07017029 0.13341326
  vertex -0.48167282 0.09290811 0.17587909
 endloop
endfacet
facet normal 0.9889756 0.07778352 0.12600394
 outer loop
  vertex 0.5185521 0.029563919 0.04247084
  vertex 0.51098394 0.057651646 0.08453289
  vertex 0.5110035 0.049094 0.089662164
 endloop
endfacet
facet normal 0.9889756 0.077785656 0.12600307
 outer loop
  vertex 0.5185521 0.029563919 0.04247084
  vertex 0.5110035 0.049094 0.089662164
  vertex 0.51856196 0.02526439 0.045047883
 endloop
endfacet
facet normal 0.14539589 0.5088851 0.8484669
 outer loop
  vertex 0.10101761 0.2841917 0.42497614
  vertex 0.050420664 0.28824502 0.43121552
  vertex 0.050520483 0.24459119 0.45738068
 endloop
endfacet
facet normal 0.1453961 0.50888485 0.84846693
 outer loop
  vertex 0.10101761 0.2841917 0.42497614
  vertex 0.050520483 0.24459119 0.45738068
  vertex 0.10111599 0.24116951 0.4507627
 endloop
endfacet
facet normal -0.90429074 0.21795663 0.3670875
 outer loop
  vertex -0.45990437 0.13542901 0.20425732
  vertex -0.4817112 0.10969453 0.16581766
  vertex -0.48167282 0.09290811 0.17587909
 endloop
endfacet
facet normal -0.9042908 0.217957 0.367087
 outer loop
  vertex -0.45990437 0.13542901 0.20425732
  vertex -0.48167282 0.09290811 0.17587909
  vertex -0.4598571 0.11475118 0.21665117
 endloop
endfacet
facet normal 0.24156338 0.49928454 0.8320829
 outer loop
  vertex 0.15064168 0.2774015 0.4146441
  vertex 0.10101761 0.2841917 0.42497614
  vertex 0.10111599 0.24116951 0.4507627
 endloop
endfacet
facet normal 0.24156332 0.4992846 0.8320829
 outer loop
  vertex 0.15064168 0.2774015 0.4146441
  vertex 0.10111599 0.24116951 0.4507627
  vertex 0.15073767 0.23542528 0.43980372
 endloop
endfacet
facet normal -0.85805804 0.26257503 0.44135112
 outer loop
  vertex -0.4336684 0.1598593 0.24072987
  vertex -0.45990437 0.13542901 0.20425732
  vertex -0.4598571 0.11475118 0.21665117
 endloop
endfacet
facet normal -0.8580577 0.26257434 0.44135216
 outer loop
  vertex -0.4336684 0.1598593 0.24072987
  vertex -0.4598571 0.11475118 0.21665117
  vertex -0.43361267 0.1354892 0.25533676
 endloop
endfacet
facet normal 0.33542237 0.48488447 0.80769974
 outer loop
  vertex 0.19881496 0.26793975 0.4003188
  vertex 0.15064168 0.2774015 0.4146441
  vertex 0.15073767 0.23542528 0.43980372
 endloop
endfacet
facet normal 0.33542168 0.4848853 0.8076995
 outer loop
  vertex 0.19881496 0.26793975 0.4003188
  vertex 0.15073767 0.23542528 0.43980372
  vertex 0.19890763 0.22741374 0.42460924
 endloop
endfacet
facet normal -0.80356234 0.3046518 0.51134616
 outer loop
  vertex -0.40325597 0.18274996 0.27488405
  vertex -0.4336684 0.1598593 0.24072987
  vertex -0.43361267 0.1354892 0.25533676
 endloop
endfacet
facet normal -0.8035625 0.30465215 0.5113456
 outer loop
  vertex -0.40325597 0.18274996 0.27488405
  vertex -0.43361267 0.1354892 0.25533676
  vertex -0.40319234 0.15492226 0.29156336
 endloop
endfacet
facet normal 0.42607176 0.46582115 0.77554727
 outer loop
  vertex 0.24507351 0.25589758 0.38213813
  vertex 0.19881496 0.26793975 0.4003188
  vertex 0.19890763 0.22741374 0.42460924
 endloop
endfacet
facet normal 0.42607215 0.46582058 0.7755473
 outer loop
  vertex 0.24507351 0.25589758 0.38213813
  vertex 0.19890763 0.22741374 0.42460924
  vertex 0.24516198 0.21721208 0.40532538
 endloop
endfacet
facet normal -0.741336 0.34378457 0.5763966
 outer loop
  vertex -0.36895993 0.20388064 0.30639097
  vertex -0.40325597 0.18274996 0.27488405
  vertex -0.40319234 0.15492226 0.29156336
 endloop
endfacet
facet normal -0.74133587 0.3437844 0.5763969
 outer loop
  vertex -0.36895993 0.20388064 0.30639097
  vertex -0.40319234 0.15492226 0.29156336
  vertex -0.368889 0.17286336 0.32498205
 endloop
endfacet
facet normal 0.5126361 0.4422746 0.735933
 outer loop
  vertex 0.288972 0.24139103 0.36027735
  vertex 0.24507351 0.25589758 0.38213813
  vertex 0.24516198 0.21721208 0.40532538
 endloop
endfacet
facet normal 0.5126362 0.44227454 0.735933
 outer loop
  vertex 0.288972 0.24139103 0.36027735
  vertex 0.24516198 0.21721208 0.40532538
  vertex 0.28905538 0.20491858 0.38213816
 endloop
endfacet
facet normal -0.67198277 0.3795969 0.63588154
 outer loop
  vertex -0.33111063 0.22304785 0.33494702
  vertex -0.36895993 0.20388064 0.30639097
  vertex -0.368889 0.17286336 0.32498205
 endloop
endfacet
facet normal -0.6719832 0.37959737 0.6358809
 outer loop
  vertex -0.33111063 0.22304785 0.33494702
  vertex -0.368889 0.17286336 0.32498205
  vertex -0.3310331 0.18913972 0.35527083
 endloop
endfacet
facet normal 0.59429115 0.4144672 0.68922794
 outer loop
  vertex 0.33008745 0.2245597 0.3349468
  vertex 0.288972 0.24139103 0.36027735
  vertex 0.28905538 0.20491858 0.38213816
 endloop
endfacet
facet normal 0.59429115 0.4144672 0.6892279
 outer loop
  vertex 0.33008745 0.2245597 0.3349468
  vertex 0.28905538 0.20491858 0.38213816
  vertex 0.33016497 0.19065157 0.35527062
 endloop
endfacet
facet normal -0.59618056 0.4117454 0.6892274
 outer loop
  vertex -0.29007256 0.24006703 0.3602776
  vertex -0.33111063 0.22304785 0.33494702
  vertex -0.3310331 0.18913972 0.35527083
 endloop
endfacet
facet normal -0.5961804 0.41174525 0.6892277
 outer loop
  vertex -0.29007256 0.24006703 0.3602776
  vertex -0.3310331 0.18913972 0.35527083
  vertex -0.28998917 0.20359458 0.3821384
 endloop
endfacet
facet normal 0.6702415 0.38266537 0.6358803
 outer loop
  vertex 0.36802396 0.20556572 0.30639067
  vertex 0.33008745 0.2245597 0.3349468
  vertex 0.33016497 0.19065157 0.35527062
 endloop
endfacet
facet normal 0.67024136 0.3826654 0.6358802
 outer loop
  vertex 0.36802396 0.20556572 0.30639067
  vertex 0.33016497 0.19065157 0.35527062
  vertex 0.3680949 0.17454845 0.32498175
 endloop
endfacet
facet normal -0.5146526 0.439926 0.7359333
 outer loop
  vertex -0.24624094 0.2547742 0.38213825
  vertex -0.29007256 0.24006703 0.3602776
  vertex -0.28998917 0.20359458 0.3821384
 endloop
endfacet
facet normal -0.5146524 0.4399258 0.7359335
 outer loop
  vertex -0.24624094 0.2547742 0.38213825
  vertex -0.28998917 0.20359458 0.3821384
  vertex -0.24615248 0.21608873 0.4053255
 endloop
endfacet
facet normal 0.7397562 0.34717113 0.57639647
 outer loop
  vertex 0.40241626 0.1845921 0.27488375
  vertex 0.36802396 0.20556572 0.30639067
  vertex 0.3680949 0.17454845 0.32498175
 endloop
endfacet
facet normal 0.7397563 0.34717104 0.57639647
 outer loop
  vertex 0.40241626 0.1845921 0.27488375
  vertex 0.3680949 0.17454845 0.32498175
  vertex 0.4024799 0.1567644 0.29156306
 endloop
endfacet
facet normal -0.42819577 0.46386775 0.7755483
 outer loop
  vertex -0.20003785 0.26702777 0.40031886
  vertex -0.24624094 0.2547742 0.38213825
  vertex -0.24615248 0.21608873 0.4053255
 endloop
endfacet
facet normal -0.42819613 0.46386808 0.77554786
 outer loop
  vertex -0.20003785 0.26702777 0.40031886
  vertex -0.24615248 0.21608873 0.4053255
  vertex -0.19994518 0.22650176 0.4246093
 endloop
endfacet
facet normal 0.80216134 0.30832338 0.5113452
 outer loop
  vertex 0.43293303 0.16184074 0.24072953
  vertex 0.40241626 0.1845921 0.27488375
  vertex 0.4024799 0.1567644 0.29156306
 endloop
endfacet
facet normal 0.8021611 0.30832413 0.5113452
 outer loop
  vertex 0.43293303 0.16184074 0.24072953
  vertex 0.4024799 0.1567644 0.29156306
  vertex 0.43298876 0.13747063 0.25533646
 endloop
endfacet
facet normal -0.3376376 0.48334593 0.80769897
 outer loop
  vertex -0.1519083 0.27670977 0.41464424
  vertex -0.20003785 0.26702777 0.40031886
  vertex -0.19994518 0.22650176 0.4246093
 endloop
endfacet
facet normal -0.33763683 0.48334527 0.8076996
 outer loop
  vertex -0.1519083 0.27670977 0.41464424
  vertex -0.19994518 0.22650176 0.4246093
  vertex -0.1518123 0.23473354 0.43980387
 endloop
endfacet
facet normal 0.85684824 0.2664962 0.44135112
 outer loop
  vertex 0.4592804 0.13753074 0.20425703
  vertex 0.43293303 0.16184074 0.24072953
  vertex 0.43298876 0.13747063 0.25533646
 endloop
endfacet
facet normal 0.8568485 0.26649523 0.44135118
 outer loop
  vertex 0.4592804 0.13753074 0.20425703
  vertex 0.43298876 0.13747063 0.25533646
  vertex 0.45932767 0.1168529 0.21665089
 endloop
endfacet
facet normal -0.24384242 0.49817485 0.8320833
 outer loop
  vertex -0.10231581 0.28372678 0.4249762
  vertex -0.1519083 0.27670977 0.41464424
  vertex -0.1518123 0.23473354 0.43980387
 endloop
endfacet
facet normal -0.24384244 0.49817482 0.8320834
 outer loop
  vertex -0.10231581 0.28372678 0.4249762
  vertex -0.1518123 0.23473354 0.43980387
  vertex -0.102217436 0.2407046 0.45076275
 endloop
endfacet
facet normal 0.9032848 0.22208911 0.36708724
 outer loop
  vertex 0.4812047 0.11189622 0.16581732
  vertex 0.4592804 0.13753074 0.20425703
  vertex 0.45932767 0.1168529 0.21665089
 endloop
endfacet
facet normal 0.9032847 0.22208966 0.36708716
 outer loop
  vertex 0.4812047 0.11189622 0.16581732
  vertex 0.45932767 0.1168529 0.21665089
  vertex 0.48124307 0.09510978 0.17587875
 endloop
endfacet
facet normal -0.1477214 0.50821465 0.848467
 outer loop
  vertex -0.051737938 0.28801143 0.43121558
  vertex -0.10231581 0.28372678 0.4249762
  vertex -0.102217436 0.2407046 0.45076275
 endloop
endfacet
facet normal -0.14772163 0.50821483 0.8484669
 outer loop
  vertex -0.051737938 0.28801143 0.43121558
  vertex -0.102217436 0.2407046 0.45076275
  vertex -0.05163812 0.2443576 0.45738074
 endloop
endfacet
facet normal -0.9893209 0.07326098 0.12600385
 outer loop
  vertex -0.51124215 0.055314377 0.08453326
  vertex -0.5186818 0.027192341 0.04247125
  vertex -0.518672 0.022892812 0.045048293
 endloop
endfacet
facet normal -0.98932093 0.073263004 0.12600224
 outer loop
  vertex -0.51124215 0.055314377 0.08453326
  vertex -0.518672 0.022892812 0.045048293
  vertex -0.5112226 0.04675673 0.08966254
 endloop
endfacet
facet normal 0.9410161 0.17553355 0.28926918
 outer loop
  vertex 0.4984947 0.08518411 0.12578084
  vertex 0.4812047 0.11189622 0.16581732
  vertex 0.48124307 0.09510978 0.17587875
 endloop
endfacet
facet normal 0.9410161 0.1755334 0.28926924
 outer loop
  vertex 0.4984947 0.08518411 0.12578084
  vertex 0.48124307 0.09510978 0.17587875
  vertex 0.49852383 0.07245076 0.13341293
 endloop
endfacet
facet normal 0.14559191 0.42327237 0.8942279
 outer loop
  vertex 0.10111599 0.24116951 0.4507627
  vertex 0.050520483 0.24459119 0.45738068
  vertex 0.05062569 0.19858293 0.47914103
 endloop
endfacet
facet normal 0.14559238 0.4232719 0.89422804
 outer loop
  vertex 0.10111599 0.24116951 0.4507627
  vertex 0.05062569 0.19858293 0.47914103
  vertex 0.10121967 0.19582698 0.47220814
 endloop
endfacet
facet normal -0.90420616 0.18091658 0.38688558
 outer loop
  vertex -0.4598571 0.11475118 0.21665117
  vertex -0.48167282 0.09290811 0.17587909
  vertex -0.48163238 0.07521633 0.18424669
 endloop
endfacet
facet normal -0.90420604 0.18091623 0.386886
 outer loop
  vertex -0.4598571 0.11475118 0.21665117
  vertex -0.48163238 0.07521633 0.18424669
  vertex -0.45980728 0.09295811 0.22695854
 endloop
endfacet
facet normal 0.24175529 0.41532478 0.87696046
 outer loop
  vertex 0.15073767 0.23542528 0.43980372
  vertex 0.10111599 0.24116951 0.4507627
  vertex 0.10121967 0.19582698 0.47220814
 endloop
endfacet
facet normal 0.24175502 0.4153251 0.8769604
 outer loop
  vertex 0.15073767 0.23542528 0.43980372
  vertex 0.10121967 0.19582698 0.47220814
  vertex 0.15083884 0.1911851 0.4607278
 endloop
endfacet
facet normal -0.8579559 0.21804093 0.4651558
 outer loop
  vertex -0.43361267 0.1354892 0.25533676
  vertex -0.4598571 0.11475118 0.21665117
  vertex -0.45980728 0.09295811 0.22695854
 endloop
endfacet
facet normal -0.8579558 0.21804091 0.46515578
 outer loop
  vertex -0.43361267 0.1354892 0.25533676
  vertex -0.45980728 0.09295811 0.22695854
  vertex -0.43355393 0.109804705 0.26748466
 endloop
endfacet
facet normal 0.33560798 0.40338543 0.85126233
 outer loop
  vertex 0.19890763 0.22741374 0.42460924
  vertex 0.15073767 0.23542528 0.43980372
  vertex 0.15083884 0.1911851 0.4607278
 endloop
endfacet
facet normal 0.3356079 0.40338552 0.85126233
 outer loop
  vertex 0.19890763 0.22741374 0.42460924
  vertex 0.15083884 0.1911851 0.4607278
  vertex 0.19900529 0.184702 0.44481045
 endloop
endfacet
facet normal -0.80344456 0.25305575 0.5389245
 outer loop
  vertex -0.40319234 0.15492226 0.29156336
  vertex -0.43361267 0.1354892 0.25533676
  vertex -0.43355393 0.109804705 0.26748466
 endloop
endfacet
facet normal -0.8034446 0.25305584 0.5389244
 outer loop
  vertex -0.40319234 0.15492226 0.29156336
  vertex -0.43355393 0.109804705 0.26748466
  vertex -0.4031253 0.1255937 0.30543476
 endloop
endfacet
facet normal 0.42625114 0.38756552 0.8173756
 outer loop
  vertex 0.24516198 0.21721208 0.40532538
  vertex 0.19890763 0.22741374 0.42460924
  vertex 0.19900529 0.184702 0.44481045
 endloop
endfacet
facet normal 0.42625087 0.38756585 0.81737554
 outer loop
  vertex 0.24516198 0.21721208 0.40532538
  vertex 0.19900529 0.184702 0.44481045
  vertex 0.24525522 0.1764401 0.42460915
 endloop
endfacet
facet normal -0.741203 0.28562447 0.607484
 outer loop
  vertex -0.368889 0.17286336 0.32498205
  vertex -0.40319234 0.15492226 0.29156336
  vertex -0.4031253 0.1255937 0.30543476
 endloop
endfacet
facet normal -0.7412027 0.28562415 0.60748446
 outer loop
  vertex -0.368889 0.17286336 0.32498205
  vertex -0.4031253 0.1255937 0.30543476
  vertex -0.36881426 0.14017321 0.34044334
 endloop
endfacet
facet normal 0.512806 0.368017 0.7756246
 outer loop
  vertex 0.28905538 0.20491858 0.38213816
  vertex 0.24516198 0.21721208 0.40532538
  vertex 0.24525522 0.1764401 0.42460915
 endloop
endfacet
facet normal 0.51280653 0.3680162 0.7756246
 outer loop
  vertex 0.28905538 0.20491858 0.38213816
  vertex 0.24525522 0.1764401 0.42460915
  vertex 0.28914326 0.16647904 0.40031874
 endloop
endfacet
facet normal -0.67183644 0.3154341 0.670177
 outer loop
  vertex -0.3310331 0.18913972 0.35527083
  vertex -0.368889 0.17286336 0.32498205
  vertex -0.36881426 0.14017321 0.34044334
 endloop
endfacet
facet normal -0.6718364 0.31543416 0.67017686
 outer loop
  vertex -0.3310331 0.18913972 0.35527083
  vertex -0.36881426 0.14017321 0.34044334
  vertex -0.3309514 0.15340279 0.37217316
 endloop
endfacet
facet normal 0.5944501 0.34492168 0.7264008
 outer loop
  vertex 0.33016497 0.19065157 0.35527062
  vertex 0.28905538 0.20491858 0.38213816
  vertex 0.28914326 0.16647904 0.40031874
 endloop
endfacet
facet normal 0.5944501 0.3449216 0.7264008
 outer loop
  vertex 0.33016497 0.19065157 0.35527062
  vertex 0.28914326 0.16647904 0.40031874
  vertex 0.3302467 0.15491463 0.37217295
 endloop
endfacet
facet normal -0.5960214 0.3421994 0.7264007
 outer loop
  vertex -0.28998917 0.20359458 0.3821384
  vertex -0.3310331 0.18913972 0.35527083
  vertex -0.3309514 0.15340279 0.37217316
 endloop
endfacet
facet normal -0.59602165 0.34219968 0.7264004
 outer loop
  vertex -0.28998917 0.20359458 0.3821384
  vertex -0.3309514 0.15340279 0.37217316
  vertex -0.2899013 0.16515504 0.40031898
 endloop
endfacet
facet normal 0.67038804 0.3185029 0.67017597
 outer loop
  vertex 0.3680949 0.17454845 0.32498175
  vertex 0.33016497 0.19065157 0.35527062
  vertex 0.3302467 0.15491463 0.37217295
 endloop
endfacet
facet normal 0.6703882 0.31850258 0.67017597
 outer loop
  vertex 0.3680949 0.17454845 0.32498175
  vertex 0.3302467 0.15491463 0.37217295
  vertex 0.36816964 0.1418583 0.34044304
 endloop
endfacet
facet normal -0.5144825 0.36566782 0.7756254
 outer loop
  vertex -0.24615248 0.21608873 0.4053255
  vertex -0.28998917 0.20359458 0.3821384
  vertex -0.2899013 0.16515504 0.40031898
 endloop
endfacet
facet normal -0.51448244 0.36566776 0.77562547
 outer loop
  vertex -0.24615248 0.21608873 0.4053255
  vertex -0.2899013 0.16515504 0.40031898
  vertex -0.24605924 0.17531677 0.42460924
 endloop
endfacet
facet normal 0.73988926 0.28901038 0.60748404
 outer loop
  vertex 0.4024799 0.1567644 0.29156306
  vertex 0.3680949 0.17454845 0.32498175
  vertex 0.36816964 0.1418583 0.34044304
 endloop
endfacet
facet normal 0.73988914 0.2890108 0.607484
 outer loop
  vertex 0.4024799 0.1567644 0.29156306
  vertex 0.36816964 0.1418583 0.34044304
  vertex 0.40254694 0.12743585 0.30543447
 endloop
endfacet
facet normal -0.4280173 0.3856123 0.8173765
 outer loop
  vertex -0.19994518 0.22650176 0.4246093
  vertex -0.24615248 0.21608873 0.4053255
  vertex -0.24605924 0.17531677 0.42460924
 endloop
endfacet
facet normal -0.42801753 0.38561252 0.8173763
 outer loop
  vertex -0.19994518 0.22650176 0.4246093
  vertex -0.24605924 0.17531677 0.42460924
  vertex -0.19984752 0.18379001 0.4448105
 endloop
endfacet
facet normal 0.80227906 0.25672707 0.5389244
 outer loop
  vertex 0.43298876 0.13747063 0.25533646
  vertex 0.4024799 0.1567644 0.29156306
  vertex 0.40254694 0.12743585 0.30543447
 endloop
endfacet
facet normal 0.80227876 0.25672808 0.5389244
 outer loop
  vertex 0.43298876 0.13747063 0.25533646
  vertex 0.40254694 0.12743585 0.30543447
  vertex 0.4330475 0.11178616 0.26748437
 endloop
endfacet
facet normal -0.3374504 0.4018463 0.8512618
 outer loop
  vertex -0.1518123 0.23473354 0.43980387
  vertex -0.19994518 0.22650176 0.4246093
  vertex -0.19984752 0.18379001 0.4448105
 endloop
endfacet
facet normal -0.33745027 0.40184617 0.851262
 outer loop
  vertex -0.1518123 0.23473354 0.43980387
  vertex -0.19984752 0.18379001 0.4448105
  vertex -0.15171114 0.19049336 0.46072796
 endloop
endfacet
facet normal 0.8569504 0.22196248 0.46515456
 outer loop
  vertex 0.45932767 0.1168529 0.21665089
  vertex 0.43298876 0.13747063 0.25533646
  vertex 0.4330475 0.11178616 0.26748437
 endloop
endfacet
facet normal 0.85695046 0.22196175 0.46515456
 outer loop
  vertex 0.45932767 0.1168529 0.21665089
  vertex 0.4330475 0.11178616 0.26748437
  vertex 0.4593775 0.09505982 0.22695827
 endloop
endfacet
facet normal -0.24365047 0.4142153 0.8769607
 outer loop
  vertex -0.102217436 0.2407046 0.45076275
  vertex -0.1518123 0.23473354 0.43980387
  vertex -0.15171114 0.19049336 0.46072796
 endloop
endfacet
facet normal -0.24365023 0.41421512 0.87696093
 outer loop
  vertex -0.102217436 0.2407046 0.45076275
  vertex -0.15171114 0.19049336 0.46072796
  vertex -0.10211375 0.19536206 0.4722082
 endloop
endfacet
facet normal 0.90336937 0.18504931 0.3868857
 outer loop
  vertex 0.48124307 0.09510978 0.17587875
  vertex 0.45932767 0.1168529 0.21665089
  vertex 0.4593775 0.09505982 0.22695827
 endloop
endfacet
facet normal 0.9033695 0.18504855 0.38688573
 outer loop
  vertex 0.48124307 0.09510978 0.17587875
  vertex 0.4593775 0.09505982 0.22695827
  vertex 0.48128352 0.07741801 0.18424635
 endloop
endfacet
facet normal -0.14752595 0.4226017 0.89422816
 outer loop
  vertex -0.05163812 0.2443576 0.45738074
  vertex -0.102217436 0.2407046 0.45076275
  vertex -0.10211375 0.19536206 0.4722082
 endloop
endfacet
facet normal -0.1475264 0.42260206 0.89422786
 outer loop
  vertex -0.05163812 0.2443576 0.45738074
  vertex -0.10211375 0.19536206 0.4722082
  vertex -0.051532913 0.19834934 0.4791411
 endloop
endfacet
facet normal -0.989292 0.060555894 0.13279437
 outer loop
  vertex -0.5112226 0.04675673 0.08966254
  vertex -0.518672 0.022892812 0.045048293
  vertex -0.5186617 0.018361391 0.047191497
 endloop
endfacet
facet normal -0.9892917 0.060547713 0.13279979
 outer loop
  vertex -0.5112226 0.04675673 0.08966254
  vertex -0.5186617 0.018361391 0.047191497
  vertex -0.511202 0.037737526 0.093928315
 endloop
endfacet
facet normal 0.9410829 0.14634466 0.30487102
 outer loop
  vertex 0.49852383 0.07245076 0.13341293
  vertex 0.48124307 0.09510978 0.17587875
  vertex 0.48128352 0.07741801 0.18424635
 endloop
endfacet
facet normal 0.9410829 0.14634426 0.30487102
 outer loop
  vertex 0.49852383 0.07245076 0.13341293
  vertex 0.48128352 0.07741801 0.18424635
  vertex 0.4985545 0.059030633 0.1397602
 endloop
endfacet
facet normal -0.04998363 0.42692822 0.9029031
 outer loop
  vertex -0.0005614879 0.24565728 0.45959374
  vertex -0.05163812 0.2443576 0.45738074
  vertex -0.051532913 0.19834934 0.4791411
 endloop
endfacet
facet normal -0.049983326 0.42692792 0.9029032
 outer loop
  vertex -0.0005614879 0.24565728 0.45959374
  vertex -0.051532913 0.19834934 0.4791411
  vertex -0.00045577492 0.19942643 0.48145935
 endloop
endfacet
facet normal -0.97019726 0.10178745 0.21990137
 outer loop
  vertex -0.4988498 0.07017029 0.13341326
  vertex -0.5112226 0.04675673 0.08966254
  vertex -0.511202 0.037737526 0.093928315
 endloop
endfacet
facet normal -0.97019726 0.101788454 0.21990056
 outer loop
  vertex -0.4988498 0.07017029 0.13341326
  vertex -0.511202 0.037737526 0.093928315
  vertex -0.49881914 0.05675018 0.13976051
 endloop
endfacet
facet normal 0.96972203 0.10622148 0.21990047
 outer loop
  vertex 0.5110035 0.049094 0.089662164
  vertex 0.49852383 0.07245076 0.13341293
  vertex 0.4985545 0.059030633 0.1397602
 endloop
endfacet
facet normal 0.969722 0.10622273 0.21990024
 outer loop
  vertex 0.5110035 0.049094 0.089662164
  vertex 0.4985545 0.059030633 0.1397602
  vertex 0.5110241 0.040074795 0.09392794
 endloop
endfacet
facet normal 0.04803185 0.42715207 0.9029032
 outer loop
  vertex 0.050520483 0.24459119 0.45738068
  vertex -0.0005614879 0.24565728 0.45959374
  vertex -0.00045577492 0.19942643 0.48145935
 endloop
endfacet
facet normal 0.04803154 0.4271523 0.9029031
 outer loop
  vertex 0.050520483 0.24459119 0.45738068
  vertex -0.00045577492 0.19942643 0.48145935
  vertex 0.05062569 0.19858293 0.47914103
 endloop
endfacet
facet normal -0.9417421 0.14204133 0.30487052
 outer loop
  vertex -0.48167282 0.09290811 0.17587909
  vertex -0.4988498 0.07017029 0.13341326
  vertex -0.49881914 0.05675018 0.13976051
 endloop
endfacet
facet normal -0.94174206 0.14204077 0.3048711
 outer loop
  vertex -0.48167282 0.09290811 0.17587909
  vertex -0.49881914 0.05675018 0.13976051
  vertex -0.48163238 0.07521633 0.18424669
 endloop
endfacet
facet normal 0.98900473 0.06507098 0.13279922
 outer loop
  vertex 0.51856196 0.02526439 0.045047883
  vertex 0.5110035 0.049094 0.089662164
  vertex 0.5110241 0.040074795 0.09392794
 endloop
endfacet
facet normal 0.9890049 0.06506143 0.1328021
 outer loop
  vertex 0.51856196 0.02526439 0.045047883
  vertex 0.5110241 0.040074795 0.09392794
  vertex 0.5185723 0.020732973 0.04719109
 endloop
endfacet
facet normal 0.335803 0.3180082 0.88662684
 outer loop
  vertex 0.19900529 0.184702 0.44481045
  vertex 0.15083884 0.1911851 0.4607278
  vertex 0.1509442 0.14510705 0.4772148
 endloop
endfacet
facet normal 0.33580223 0.31800917 0.8866268
 outer loop
  vertex 0.19900529 0.184702 0.44481045
  vertex 0.1509442 0.14510705 0.4772148
  vertex 0.199107 0.14021587 0.4607279
 endloop
endfacet
facet normal -0.80332106 0.199004 0.5613134
 outer loop
  vertex -0.4031253 0.1255937 0.30543476
  vertex -0.43355393 0.109804705 0.26748466
  vertex -0.43349275 0.083053194 0.27705652
 endloop
endfacet
facet normal -0.8033211 0.19900417 0.56131315
 outer loop
  vertex -0.4031253 0.1255937 0.30543476
  vertex -0.43349275 0.083053194 0.27705652
  vertex -0.40305543 0.09504676 0.31636465
 endloop
endfacet
facet normal 0.4264384 0.3055877 0.8513321
 outer loop
  vertex 0.24525522 0.1764401 0.42460915
  vertex 0.19900529 0.184702 0.44481045
  vertex 0.199107 0.14021587 0.4607279
 endloop
endfacet
facet normal 0.42643878 0.3055872 0.8513321
 outer loop
  vertex 0.24525522 0.1764401 0.42460915
  vertex 0.199107 0.14021587 0.4607279
  vertex 0.24535231 0.13397431 0.4398037
 endloop
endfacet
facet normal -0.7410634 0.22469682 0.6327214
 outer loop
  vertex -0.36881426 0.14017321 0.34044334
  vertex -0.4031253 0.1255937 0.30543476
  vertex -0.40305543 0.09504676 0.31636465
 endloop
endfacet
facet normal -0.7410635 0.22469696 0.63272125
 outer loop
  vertex -0.36881426 0.14017321 0.34044334
  vertex -0.40305543 0.09504676 0.31636465
  vertex -0.3687364 0.10612499 0.35262603
 endloop
endfacet
facet normal 0.51298445 0.29022565 0.8078466
 outer loop
  vertex 0.28914326 0.16647904 0.40031874
  vertex 0.24525522 0.1764401 0.42460915
  vertex 0.24535231 0.13397431 0.4398037
 endloop
endfacet
facet normal 0.5129846 0.29022545 0.80784655
 outer loop
  vertex 0.28914326 0.16647904 0.40031874
  vertex 0.24535231 0.13397431 0.4398037
  vertex 0.28923482 0.12644257 0.41464403
 endloop
endfacet
facet normal -0.67168266 0.2482194 0.6980183
 outer loop
  vertex -0.3309514 0.15340279 0.37217316
  vertex -0.36881426 0.14017321 0.34044334
  vertex -0.3687364 0.10612499 0.35262603
 endloop
endfacet
facet normal -0.6716828 0.24821958 0.69801813
 outer loop
  vertex -0.3309514 0.15340279 0.37217316
  vertex -0.3687364 0.10612499 0.35262603
  vertex -0.33086628 0.11618123 0.38549128
 endloop
endfacet
facet normal 0.5946167 0.27206784 0.7565778
 outer loop
  vertex 0.3302467 0.15491463 0.37217295
  vertex 0.28914326 0.16647904 0.40031874
  vertex 0.28923482 0.12644257 0.41464403
 endloop
endfacet
facet normal 0.5946165 0.27206823 0.75657785
 outer loop
  vertex 0.3302467 0.15491463 0.37217295
  vertex 0.28923482 0.12644257 0.41464403
  vertex 0.3303318 0.11769306 0.38549107
 endloop
endfacet
facet normal -0.5958551 0.2693459 0.75657755
 outer loop
  vertex -0.2899013 0.16515504 0.40031898
  vertex -0.3309514 0.15340279 0.37217316
  vertex -0.33086628 0.11618123 0.38549128
 endloop
endfacet
facet normal -0.5958548 0.26934555 0.75657785
 outer loop
  vertex -0.2899013 0.16515504 0.40031898
  vertex -0.33086628 0.11618123 0.38549128
  vertex -0.28980973 0.12511857 0.41464427
 endloop
endfacet
facet normal 0.6705418 0.2512884 0.69801706
 outer loop
  vertex 0.36816964 0.1418583 0.34044304
  vertex 0.3302467 0.15491463 0.37217295
  vertex 0.3303318 0.11769306 0.38549107
 endloop
endfacet
facet normal 0.6705416 0.2512888 0.6980171
 outer loop
  vertex 0.36816964 0.1418583 0.34044304
  vertex 0.3303318 0.11769306 0.38549107
  vertex 0.3682475 0.10781007 0.35262573
 endloop
endfacet
facet normal -0.51430446 0.28787673 0.80784774
 outer loop
  vertex -0.24605924 0.17531677 0.42460924
  vertex -0.2899013 0.16515504 0.40031898
  vertex -0.28980973 0.12511857 0.41464427
 endloop
endfacet
facet normal -0.5143051 0.2878775 0.80784696
 outer loop
  vertex -0.24605924 0.17531677 0.42460924
  vertex -0.28980973 0.12511857 0.41464427
  vertex -0.24596214 0.13285097 0.4398038
 endloop
endfacet
facet normal 0.74002844 0.22808425 0.63272065
 outer loop
  vertex 0.40254694 0.12743585 0.30543447
  vertex 0.36816964 0.1418583 0.34044304
  vertex 0.3682475 0.10781007 0.35262573
 endloop
endfacet
facet normal 0.7400287 0.2280836 0.6327206
 outer loop
  vertex 0.40254694 0.12743585 0.30543447
  vertex 0.3682475 0.10781007 0.35262573
  vertex 0.4026168 0.0968889 0.31636435
 endloop
endfacet
facet normal -0.42783022 0.3036347 0.8513327
 outer loop
  vertex -0.19984752 0.18379001 0.4448105
  vertex -0.24605924 0.17531677 0.42460924
  vertex -0.24596214 0.13285097 0.4398038
 endloop
endfacet
facet normal -0.42782956 0.30363408 0.85133326
 outer loop
  vertex -0.19984752 0.18379001 0.4448105
  vertex -0.24596214 0.13285097 0.4398038
  vertex -0.19974579 0.13930388 0.46072793
 endloop
endfacet
facet normal 0.8024024 0.20267633 0.56131345
 outer loop
  vertex 0.4330475 0.11178616 0.26748437
  vertex 0.40254694 0.12743585 0.30543447
  vertex 0.4026168 0.0968889 0.31636435
 endloop
endfacet
facet normal 0.8024023 0.2026765 0.56131345
 outer loop
  vertex 0.4330475 0.11178616 0.26748437
  vertex 0.4026168 0.0968889 0.31636435
  vertex 0.4331087 0.085034646 0.27705622
 endloop
endfacet
facet normal -0.33725494 0.31646928 0.8866263
 outer loop
  vertex -0.15171114 0.19049336 0.46072796
  vertex -0.19984752 0.18379001 0.4448105
  vertex -0.19974579 0.13930388 0.46072793
 endloop
endfacet
facet normal -0.33725515 0.31646946 0.8866262
 outer loop
  vertex -0.15171114 0.19049336 0.46072796
  vertex -0.19974579 0.13930388 0.46072793
  vertex -0.15160577 0.1444153 0.477215
 endloop
endfacet
facet normal 0.8570572 0.17530954 0.48447856
 outer loop
  vertex 0.4593775 0.09505982 0.22695827
  vertex 0.4330475 0.11178616 0.26748437
  vertex 0.4331087 0.085034646 0.27705622
 endloop
endfacet
facet normal 0.8570572 0.17530967 0.48447868
 outer loop
  vertex 0.4593775 0.09505982 0.22695827
  vertex 0.4331087 0.085034646 0.27705622
  vertex 0.4594294 0.07236138 0.23507991
 endloop
endfacet
facet normal -0.2434491 0.32626122 0.9133927
 outer loop
  vertex -0.10211375 0.19536206 0.4722082
  vertex -0.15171114 0.19049336 0.46072796
  vertex -0.15160577 0.1444153 0.477215
 endloop
endfacet
facet normal -0.24344978 0.32626188 0.91339225
 outer loop
  vertex -0.10211375 0.19536206 0.4722082
  vertex -0.15160577 0.1444153 0.477215
  vertex -0.102005765 0.14813586 0.4891061
 endloop
endfacet
facet normal 0.9034582 0.14624715 0.40295783
 outer loop
  vertex 0.48128352 0.07741801 0.18424635
  vertex 0.4593775 0.09505982 0.22695827
  vertex 0.4594294 0.07236138 0.23507991
 endloop
endfacet
facet normal 0.90345824 0.14624701 0.4029578
 outer loop
  vertex 0.48128352 0.07741801 0.18424635
  vertex 0.4594294 0.07236138 0.23507991
  vertex 0.48132566 0.05899125 0.19083956
 endloop
endfacet
facet normal -0.14732146 0.33291668 0.9313769
 outer loop
  vertex -0.051532913 0.19834934 0.4791411
  vertex -0.10211375 0.19536206 0.4722082
  vertex -0.102005765 0.14813586 0.4891061
 endloop
endfacet
facet normal -0.14732054 0.33291584 0.93137735
 outer loop
  vertex -0.051532913 0.19834934 0.4791411
  vertex -0.102005765 0.14813586 0.4891061
  vertex -0.05142334 0.15042976 0.49628702
 endloop
endfacet
facet normal -0.9892612 0.047218416 0.13832095
 outer loop
  vertex -0.511202 0.037737526 0.093928315
  vertex -0.5186617 0.018361391 0.047191497
  vertex -0.5186508 0.013641724 0.048880227
 endloop
endfacet
facet normal -0.98926145 0.04722506 0.13831745
 outer loop
  vertex -0.511202 0.037737526 0.093928315
  vertex -0.5186508 0.013641724 0.048880227
  vertex -0.51118046 0.028343642 0.09728952
 endloop
endfacet
facet normal 0.9411527 0.115768716 0.31753588
 outer loop
  vertex 0.4985545 0.059030633 0.1397602
  vertex 0.48128352 0.07741801 0.18424635
  vertex 0.48132566 0.05899125 0.19083956
 endloop
endfacet
facet normal 0.94115275 0.11576933 0.31753588
 outer loop
  vertex 0.4985545 0.059030633 0.1397602
  vertex 0.48132566 0.05899125 0.19083956
  vertex 0.49858648 0.045053 0.14476147
 endloop
endfacet
facet normal -0.0497762 0.33637184 0.9404129
 outer loop
  vertex -0.00045577492 0.19942643 0.48145935
  vertex -0.051532913 0.19834934 0.4791411
  vertex -0.05142334 0.15042976 0.49628702
 endloop
endfacet
facet normal -0.049775895 0.33637157 0.94041294
 outer loop
  vertex -0.00045577492 0.19942643 0.48145935
  vertex -0.05142334 0.15042976 0.49628702
  vertex -0.00034567225 0.151275 0.49868822
 endloop
endfacet
facet normal -0.9701469 0.07972927 0.22903778
 outer loop
  vertex -0.49881914 0.05675018 0.13976051
  vertex -0.511202 0.037737526 0.093928315
  vertex -0.51118046 0.028343642 0.09728952
 endloop
endfacet
facet normal -0.97014695 0.07973132 0.22903642
 outer loop
  vertex -0.49881914 0.05675018 0.13976051
  vertex -0.51118046 0.028343642 0.09728952
  vertex -0.49878716 0.04277255 0.1447618
 endloop
endfacet
facet normal 0.96977246 0.08416877 0.22903529
 outer loop
  vertex 0.5110241 0.040074795 0.09392794
  vertex 0.4985545 0.059030633 0.1397602
  vertex 0.49858648 0.045053 0.14476147
 endloop
endfacet
facet normal 0.9697722 0.08417161 0.22903498
 outer loop
  vertex 0.5110241 0.040074795 0.09392794
  vertex 0.49858648 0.045053 0.14476147
  vertex 0.51104563 0.03068091 0.09728914
 endloop
endfacet
facet normal 0.04823858 0.33659565 0.9404129
 outer loop
  vertex 0.05062569 0.19858293 0.47914103
  vertex -0.00045577492 0.19942643 0.48145935
  vertex -0.00034567225 0.151275 0.49868822
 endloop
endfacet
facet normal 0.048238277 0.33659598 0.94041276
 outer loop
  vertex 0.05062569 0.19858293 0.47914103
  vertex -0.00034567225 0.151275 0.49868822
  vertex 0.05073526 0.15066335 0.49628696
 endloop
endfacet
facet normal -0.94167215 0.11146258 0.31753698
 outer loop
  vertex -0.48163238 0.07521633 0.18424669
  vertex -0.49881914 0.05675018 0.13976051
  vertex -0.49878716 0.04277255 0.1447618
 endloop
endfacet
facet normal -0.94167215 0.11146305 0.31753662
 outer loop
  vertex -0.48163238 0.07521633 0.18424669
  vertex -0.49878716 0.04277255 0.1447618
  vertex -0.48159024 0.056789566 0.1908399
 endloop
endfacet
facet normal 0.9890353 0.051755067 0.13831383
 outer loop
  vertex 0.5185723 0.020732973 0.04719109
  vertex 0.5110241 0.040074795 0.09392794
  vertex 0.51104563 0.03068091 0.09728914
 endloop
endfacet
facet normal 0.989035 0.05176236 0.13831232
 outer loop
  vertex 0.5185723 0.020732973 0.04719109
  vertex 0.51104563 0.03068091 0.09728914
  vertex 0.5185831 0.016013306 0.04887982
 endloop
endfacet
facet normal 0.14579754 0.333586 0.9313771
 outer loop
  vertex 0.10121967 0.19582698 0.47220814
  vertex 0.05062569 0.19858293 0.47914103
  vertex 0.05073526 0.15066335 0.49628696
 endloop
endfacet
facet normal 0.14579661 0.33358693 0.93137693
 outer loop
  vertex 0.10121967 0.19582698 0.47220814
  vertex 0.05073526 0.15066335 0.49628696
  vertex 0.10132766 0.14860077 0.48910603
 endloop
endfacet
facet normal -0.90411735 0.1421135 0.40295863
 outer loop
  vertex -0.45980728 0.09295811 0.22695854
  vertex -0.48163238 0.07521633 0.18424669
  vertex -0.48159024 0.056789566 0.1908399
 endloop
endfacet
facet normal -0.9041173 0.14211328 0.40295878
 outer loop
  vertex -0.45980728 0.09295811 0.22695854
  vertex -0.48159024 0.056789566 0.1908399
  vertex -0.45975536 0.07025968 0.23508018
 endloop
endfacet
facet normal 0.24195613 0.32737175 0.913392
 outer loop
  vertex 0.15083884 0.1911851 0.4607278
  vertex 0.10121967 0.19582698 0.47220814
  vertex 0.10132766 0.14860077 0.48910603
 endloop
endfacet
facet normal 0.24195732 0.3273704 0.9133922
 outer loop
  vertex 0.15083884 0.1911851 0.4607278
  vertex 0.10132766 0.14860077 0.48910603
  vertex 0.1509442 0.14510705 0.4772148
 endloop
endfacet
facet normal -0.85784906 0.17138799 0.4844802
 outer loop
  vertex -0.43355393 0.109804705 0.26748466
  vertex -0.45980728 0.09295811 0.22695854
  vertex -0.45975536 0.07025968 0.23508018
 endloop
endfacet
facet normal -0.8578492 0.17138791 0.48448023
 outer loop
  vertex -0.43355393 0.109804705 0.26748466
  vertex -0.45975536 0.07025968 0.23508018
  vertex -0.43349275 0.083053194 0.27705652
 endloop
endfacet
facet normal 0.5131688 0.20965098 0.8322885
 outer loop
  vertex 0.28923482 0.12644257 0.41464403
  vertex 0.24535231 0.13397431 0.4398037
  vertex 0.24545234 0.09022371 0.45076266
 endloop
endfacet
facet normal 0.51316863 0.20965125 0.8322885
 outer loop
  vertex 0.28923482 0.12644257 0.41464403
  vertex 0.24545234 0.09022371 0.45076266
  vertex 0.28932914 0.08519478 0.42497608
 endloop
endfacet
facet normal -0.6715235 0.17859937 0.7191373
 outer loop
  vertex -0.33086628 0.11618123 0.38549128
  vertex -0.3687364 0.10612499 0.35262603
  vertex -0.3686562 0.07104663 0.3614127
 endloop
endfacet
facet normal -0.67152345 0.17859934 0.71913725
 outer loop
  vertex -0.33086628 0.11618123 0.38549128
  vertex -0.3686562 0.07104663 0.3614127
  vertex -0.3307786 0.0778335 0.3950969
 endloop
endfacet
facet normal 0.5947891 0.19660722 0.7794688
 outer loop
  vertex 0.3303318 0.11769306 0.38549107
  vertex 0.28923482 0.12644257 0.41464403
  vertex 0.28932914 0.08519478 0.42497608
 endloop
endfacet
facet normal 0.59478927 0.19660689 0.7794687
 outer loop
  vertex 0.3303318 0.11769306 0.38549107
  vertex 0.28932914 0.08519478 0.42497608
  vertex 0.33041948 0.07934533 0.3950967
 endloop
endfacet
facet normal -0.59568226 0.19388495 0.7794686
 outer loop
  vertex -0.28980973 0.12511857 0.41464427
  vertex -0.33086628 0.11618123 0.38549128
  vertex -0.3307786 0.0778335 0.3950969
 endloop
endfacet
facet normal -0.59568214 0.19388482 0.7794687
 outer loop
  vertex -0.28980973 0.12511857 0.41464427
  vertex -0.3307786 0.0778335 0.3950969
  vertex -0.2897154 0.083870776 0.42497632
 endloop
endfacet
facet normal 0.6707007 0.181668 0.71913654
 outer loop
  vertex 0.3682475 0.10781007 0.35262573
  vertex 0.3303318 0.11769306 0.38549107
  vertex 0.33041948 0.07934533 0.3950967
 endloop
endfacet
facet normal 0.6707008 0.18166783 0.7191365
 outer loop
  vertex 0.3682475 0.10781007 0.35262573
  vertex 0.33041948 0.07934533 0.3950967
  vertex 0.3683277 0.07273171 0.3614124
 endloop
endfacet
facet normal -0.5141209 0.20730223 0.83228934
 outer loop
  vertex -0.24596214 0.13285097 0.4398038
  vertex -0.28980973 0.12511857 0.41464427
  vertex -0.2897154 0.083870776 0.42497632
 endloop
endfacet
facet normal -0.514121 0.20730242 0.8322892
 outer loop
  vertex -0.24596214 0.13285097 0.4398038
  vertex -0.2897154 0.083870776 0.42497632
  vertex -0.24586211 0.089100376 0.45076278
 endloop
endfacet
facet normal 0.74017304 0.16497579 0.6518641
 outer loop
  vertex 0.4026168 0.0968889 0.31636435
  vertex 0.3682475 0.10781007 0.35262573
  vertex 0.3683277 0.07273171 0.3614124
 endloop
endfacet
facet normal 0.74017274 0.16497649 0.6518643
 outer loop
  vertex 0.4026168 0.0968889 0.31636435
  vertex 0.3683277 0.07273171 0.3614124
  vertex 0.40268877 0.06541773 0.32424748
 endloop
endfacet
facet normal -0.42763543 0.21872237 0.8770909
 outer loop
  vertex -0.19974579 0.13930388 0.46072793
  vertex -0.24596214 0.13285097 0.4398038
  vertex -0.24586211 0.089100376 0.45076278
 endloop
endfacet
facet normal -0.4276351 0.21872199 0.87709117
 outer loop
  vertex -0.19974579 0.13930388 0.46072793
  vertex -0.24586211 0.089100376 0.45076278
  vertex -0.199641 0.09347178 0.47220826
 endloop
endfacet
facet normal 0.8025304 0.14669129 0.57829636
 outer loop
  vertex 0.4331087 0.085034646 0.27705622
  vertex 0.4026168 0.0968889 0.31636435
  vertex 0.40268877 0.06541773 0.32424748
 endloop
endfacet
facet normal 0.80253047 0.14669085 0.5782963
 outer loop
  vertex 0.4331087 0.085034646 0.27705622
  vertex 0.40268877 0.06541773 0.32424748
  vertex 0.4331717 0.057473745 0.2839599
 endloop
endfacet
facet normal -0.33705288 0.22803695 0.9134519
 outer loop
  vertex -0.15160577 0.1444153 0.477215
  vertex -0.19974579 0.13930388 0.46072793
  vertex -0.199641 0.09347178 0.47220826
 endloop
endfacet
facet normal -0.33705345 0.22803754 0.9134516
 outer loop
  vertex -0.15160577 0.1444153 0.477215
  vertex -0.199641 0.09347178 0.47220826
  vertex -0.15149723 0.09694312 0.48910618
 endloop
endfacet
facet normal 0.8571676 0.12698732 0.49913707
 outer loop
  vertex 0.4594294 0.07236138 0.23507991
  vertex 0.4331087 0.085034646 0.27705622
  vertex 0.4331717 0.057473745 0.2839599
 endloop
endfacet
facet normal 0.8571676 0.12698755 0.49913713
 outer loop
  vertex 0.4594294 0.07236138 0.23507991
  vertex 0.4331717 0.057473745 0.2839599
  vertex 0.45948288 0.04897619 0.24093762
 endloop
endfacet
facet normal -0.24324149 0.23515956 0.941028
 outer loop
  vertex -0.102005765 0.14813586 0.4891061
  vertex -0.15160577 0.1444153 0.477215
  vertex -0.15149723 0.09694312 0.48910618
 endloop
endfacet
facet normal -0.24324182 0.23515986 0.94102776
 outer loop
  vertex -0.102005765 0.14813586 0.4891061
  vertex -0.15149723 0.09694312 0.48910618
  vertex -0.10189451 0.09948076 0.5012936
 endloop
endfacet
facet normal 0.90355015 0.10605576 0.41514978
 outer loop
  vertex 0.48132566 0.05899125 0.19083956
  vertex 0.4594294 0.07236138 0.23507991
  vertex 0.45948288 0.04897619 0.24093762
 endloop
endfacet
facet normal 0.90354997 0.10605637 0.4151498
 outer loop
  vertex 0.48132566 0.05899125 0.19083956
  vertex 0.45948288 0.04897619 0.24093762
  vertex 0.48136908 0.040006977 0.19559488
 endloop
endfacet
facet normal -0.14710829 0.24002096 0.95955676
 outer loop
  vertex -0.05142334 0.15042976 0.49628702
  vertex -0.102005765 0.14813586 0.4891061
  vertex -0.10189451 0.09948076 0.5012936
 endloop
endfacet
facet normal -0.1471072 0.24001992 0.9595572
 outer loop
  vertex -0.05142334 0.15042976 0.49628702
  vertex -0.10189451 0.09948076 0.5012936
  vertex -0.051310454 0.10106033 0.5086534
 endloop
endfacet
facet normal -0.98923 0.03343888 0.14249946
 outer loop
  vertex -0.51118046 0.028343642 0.09728952
  vertex -0.5186508 0.013641724 0.048880227
  vertex -0.51863974 0.008779257 0.050098214
 endloop
endfacet
facet normal -0.9892297 0.033434592 0.14250118
 outer loop
  vertex -0.51118046 0.028343642 0.09728952
  vertex -0.51863974 0.008779257 0.050098214
  vertex -0.51115835 0.018665535 0.09971377
 endloop
endfacet
facet normal 0.9412251 0.08409805 0.3271433
 outer loop
  vertex 0.49858648 0.045053 0.14476147
  vertex 0.48132566 0.05899125 0.19083956
  vertex 0.48136908 0.040006977 0.19559488
 endloop
endfacet
facet normal 0.9412252 0.08409733 0.32714328
 outer loop
  vertex 0.49858648 0.045053 0.14476147
  vertex 0.48136908 0.040006977 0.19559488
  vertex 0.4986194 0.030652467 0.14836861
 endloop
endfacet
facet normal -0.04956133 0.24257469 0.96886593
 outer loop
  vertex -0.00034567225 0.151275 0.49868822
  vertex -0.05142334 0.15042976 0.49628702
  vertex -0.051310454 0.10106033 0.5086534
 endloop
endfacet
facet normal -0.049562063 0.24257542 0.96886575
 outer loop
  vertex -0.00034567225 0.151275 0.49868822
  vertex -0.051310454 0.10106033 0.5086534
  vertex -0.00023224035 0.1016667 0.5111145
 endloop
endfacet
facet normal -0.9700948 0.056890056 0.23596528
 outer loop
  vertex -0.49878716 0.04277255 0.1447618
  vertex -0.51118046 0.028343642 0.09728952
  vertex -0.51115835 0.018665535 0.09971377
 endloop
endfacet
facet normal -0.9700947 0.056887936 0.2359664
 outer loop
  vertex -0.49878716 0.04277255 0.1447618
  vertex -0.51115835 0.018665535 0.09971377
  vertex -0.49875423 0.028372014 0.14836894
 endloop
endfacet
facet normal 0.9698245 0.061324034 0.2359657
 outer loop
  vertex 0.51104563 0.03068091 0.09728914
  vertex 0.49858648 0.045053 0.14476147
  vertex 0.4986194 0.030652467 0.14836861
 endloop
endfacet
facet normal 0.9698246 0.061322693 0.23596571
 outer loop
  vertex 0.51104563 0.03068091 0.09728914
  vertex 0.4986194 0.030652467 0.14836861
  vertex 0.51106775 0.021002803 0.09971339
 endloop
endfacet
facet normal 0.04845269 0.2427995 0.9688657
 outer loop
  vertex 0.05073526 0.15066335 0.49628696
  vertex -0.00034567225 0.151275 0.49868822
  vertex -0.00023224035 0.1016667 0.5111145
 endloop
endfacet
facet normal 0.04845235 0.24279985 0.96886563
 outer loop
  vertex 0.05073526 0.15066335 0.49628696
  vertex -0.00023224035 0.1016667 0.5111145
  vertex 0.05084815 0.10129391 0.5086534
 endloop
endfacet
facet normal -0.94159967 0.07979186 0.32714403
 outer loop
  vertex -0.48159024 0.056789566 0.1908399
  vertex -0.49878716 0.04277255 0.1447618
  vertex -0.49875423 0.028372014 0.14836894
 endloop
endfacet
facet normal -0.9415997 0.07979177 0.32714415
 outer loop
  vertex -0.48159024 0.056789566 0.1908399
  vertex -0.49875423 0.028372014 0.14836894
  vertex -0.48154682 0.037805293 0.19559522
 endloop
endfacet
facet normal 0.9890667 0.037954737 0.14250086
 outer loop
  vertex 0.5185831 0.016013306 0.04887982
  vertex 0.51104563 0.03068091 0.09728914
  vertex 0.51106775 0.021002803 0.09971339
 endloop
endfacet
facet normal 0.98906684 0.037949894 0.14250134
 outer loop
  vertex 0.5185831 0.016013306 0.04887982
  vertex 0.51106775 0.021002803 0.09971339
  vertex 0.5185942 0.011150841 0.05009781
 endloop
endfacet
facet normal 0.14600915 0.24069116 0.95955676
 outer loop
  vertex 0.10132766 0.14860077 0.48910603
  vertex 0.05073526 0.15066335 0.49628696
  vertex 0.05084815 0.10129391 0.5086534
 endloop
endfacet
facet normal 0.1460102 0.24069002 0.95955676
 outer loop
  vertex 0.10132766 0.14860077 0.48910603
  vertex 0.05084815 0.10129391 0.5086534
  vertex 0.10143891 0.09994568 0.5012935
 endloop
endfacet
facet normal -0.9040253 0.1019222 0.41515067
 outer loop
  vertex -0.45975536 0.07025968 0.23508018
  vertex -0.48159024 0.056789566 0.1908399
  vertex -0.48154682 0.037805293 0.19559522
 endloop
endfacet
facet normal -0.90402555 0.10192312 0.41514996
 outer loop
  vertex -0.45975536 0.07025968 0.23508018
  vertex -0.48154682 0.037805293 0.19559522
  vertex -0.4597019 0.046874486 0.24093789
 endloop
endfacet
facet normal 0.2421656 0.23626861 0.94102764
 outer loop
  vertex 0.1509442 0.14510705 0.4772148
  vertex 0.10132766 0.14860077 0.48910603
  vertex 0.10143891 0.09994568 0.5012935
 endloop
endfacet
facet normal 0.24216442 0.23626986 0.94102764
 outer loop
  vertex 0.1509442 0.14510705 0.4772148
  vertex 0.10143891 0.09994568 0.5012935
  vertex 0.15105274 0.09763486 0.48910603
 endloop
endfacet
facet normal -0.85773855 0.12306701 0.49913827
 outer loop
  vertex -0.43349275 0.083053194 0.27705652
  vertex -0.45975536 0.07025968 0.23508018
  vertex -0.4597019 0.046874486 0.24093789
 endloop
endfacet
facet normal -0.8577386 0.12306739 0.499138
 outer loop
  vertex -0.43349275 0.083053194 0.27705652
  vertex -0.4597019 0.046874486 0.24093789
  vertex -0.43342975 0.055492293 0.2839602
 endloop
endfacet
facet normal 0.33600438 0.22957717 0.9134525
 outer loop
  vertex 0.199107 0.14021587 0.4607279
  vertex 0.1509442 0.14510705 0.4772148
  vertex 0.15105274 0.09763486 0.48910603
 endloop
endfacet
facet normal 0.33600482 0.22957662 0.9134524
 outer loop
  vertex 0.199107 0.14021587 0.4607279
  vertex 0.15105274 0.09763486 0.48910603
  vertex 0.1992118 0.09438378 0.47220826
 endloop
endfacet
facet normal -0.80319315 0.14302018 0.57829577
 outer loop
  vertex -0.40305543 0.09504676 0.31636465
  vertex -0.43349275 0.083053194 0.27705652
  vertex -0.43342975 0.055492293 0.2839602
 endloop
endfacet
facet normal -0.8031927 0.14301917 0.57829666
 outer loop
  vertex -0.40305543 0.09504676 0.31636465
  vertex -0.43342975 0.055492293 0.2839602
  vertex -0.40298346 0.06357559 0.32424778
 endloop
endfacet
facet normal 0.42663294 0.22067548 0.8770898
 outer loop
  vertex 0.24535231 0.13397431 0.4398037
  vertex 0.199107 0.14021587 0.4607279
  vertex 0.1992118 0.09438378 0.47220826
 endloop
endfacet
facet normal 0.42663315 0.22067533 0.87708986
 outer loop
  vertex 0.24535231 0.13397431 0.4398037
  vertex 0.1992118 0.09438378 0.47220826
  vertex 0.24545234 0.09022371 0.45076266
 endloop
endfacet
facet normal -0.7409192 0.16158943 0.65186465
 outer loop
  vertex -0.3687364 0.10612499 0.35262603
  vertex -0.40305543 0.09504676 0.31636465
  vertex -0.40298346 0.06357559 0.32424778
 endloop
endfacet
facet normal -0.74091935 0.16158976 0.65186447
 outer loop
  vertex -0.3687364 0.10612499 0.35262603
  vertex -0.40298346 0.06357559 0.32424778
  vertex -0.3686562 0.07104663 0.3614127
 endloop
endfacet
facet normal 0.67086387 0.11031385 0.7333297
 outer loop
  vertex 0.3683277 0.07273171 0.3614124
  vertex 0.33041948 0.07934533 0.3950967
  vertex 0.33050892 0.040240742 0.40089732
 endloop
endfacet
facet normal 0.67086405 0.11031373 0.73332965
 outer loop
  vertex 0.3683277 0.07273171 0.3614124
  vertex 0.33050892 0.040240742 0.40089732
  vertex 0.3684095 0.03696101 0.3667185
 endloop
endfacet
facet normal -0.51393205 0.12472072 0.8487158
 outer loop
  vertex -0.24586211 0.089100376 0.45076278
  vertex -0.2897154 0.083870776 0.42497632
  vertex -0.28961924 0.041808896 0.43121564
 endloop
endfacet
facet normal -0.5139318 0.12472048 0.84871596
 outer loop
  vertex -0.24586211 0.089100376 0.45076278
  vertex -0.28961924 0.041808896 0.43121564
  vertex -0.2457601 0.044486273 0.45738068
 endloop
endfacet
facet normal 0.7403207 0.10029672 0.6647299
 outer loop
  vertex 0.40268877 0.06541773 0.32424748
  vertex 0.3683277 0.07273171 0.3614124
  vertex 0.3684095 0.03696101 0.3667185
 endloop
endfacet
facet normal 0.74032104 0.100295946 0.6647296
 outer loop
  vertex 0.40268877 0.06541773 0.32424748
  vertex 0.3684095 0.03696101 0.3667185
  vertex 0.40276214 0.03332541 0.32900792
 endloop
endfacet
facet normal -0.42743617 0.13169517 0.8944019
 outer loop
  vertex -0.199641 0.09347178 0.47220826
  vertex -0.24586211 0.089100376 0.45076278
  vertex -0.2457601 0.044486273 0.45738068
 endloop
endfacet
facet normal -0.42743626 0.13169526 0.8944018
 outer loop
  vertex -0.199641 0.09347178 0.47220826
  vertex -0.2457601 0.044486273 0.45738068
  vertex -0.19953413 0.046735123 0.47914103
 endloop
endfacet
facet normal 0.8026617 0.089310326 0.58971
 outer loop
  vertex 0.4331717 0.057473745 0.2839599
  vertex 0.40268877 0.06541773 0.32424748
  vertex 0.40276214 0.03332541 0.32900792
 endloop
endfacet
facet normal 0.80266154 0.08931076 0.5897101
 outer loop
  vertex 0.4331717 0.057473745 0.2839599
  vertex 0.40276214 0.03332541 0.32900792
  vertex 0.43323594 0.029368885 0.28812888
 endloop
endfacet
facet normal -0.33684617 0.13740252 0.93148017
 outer loop
  vertex -0.15149723 0.09694312 0.48910618
  vertex -0.199641 0.09347178 0.47220826
  vertex -0.19953413 0.046735123 0.47914103
 endloop
endfacet
facet normal -0.33684593 0.13740231 0.9314802
 outer loop
  vertex -0.15149723 0.09694312 0.48910618
  vertex -0.19953413 0.046735123 0.47914103
  vertex -0.15138654 0.048533987 0.49628702
 endloop
endfacet
facet normal 0.85728085 0.07746169 0.5089885
 outer loop
  vertex 0.45948288 0.04897619 0.24093762
  vertex 0.4331717 0.057473745 0.2839599
  vertex 0.43323594 0.029368885 0.28812888
 endloop
endfacet
facet normal 0.8572808 0.07746186 0.5089885
 outer loop
  vertex 0.45948288 0.04897619 0.24093762
  vertex 0.43323594 0.029368885 0.28812888
  vertex 0.45953742 0.025129441 0.24447495
 endloop
endfacet
facet normal -0.24302834 0.1417881 0.95960057
 outer loop
  vertex -0.10189451 0.09948076 0.5012936
  vertex -0.15149723 0.09694312 0.48910618
  vertex -0.15138654 0.048533987 0.49628702
 endloop
endfacet
facet normal -0.24302888 0.14178869 0.9596004
 outer loop
  vertex -0.10189451 0.09948076 0.5012936
  vertex -0.15138654 0.048533987 0.49628702
  vertex -0.10178107 0.04986538 0.5086534
 endloop
endfacet
facet normal 0.90364414 0.06486369 0.42334363
 outer loop
  vertex 0.48136908 0.040006977 0.19559488
  vertex 0.45948288 0.04897619 0.24093762
  vertex 0.45953742 0.025129441 0.24447495
 endloop
endfacet
facet normal 0.9036443 0.064862944 0.42334345
 outer loop
  vertex 0.48136908 0.040006977 0.19559488
  vertex 0.45953742 0.025129441 0.24447495
  vertex 0.48141333 0.020648014 0.19846651
 endloop
endfacet
facet normal -0.14688961 0.14481132 0.97849536
 outer loop
  vertex -0.051310454 0.10106033 0.5086534
  vertex -0.10189451 0.09948076 0.5012936
  vertex -0.10178107 0.04986538 0.5086534
 endloop
endfacet
facet normal -0.14688864 0.1448104 0.97849566
 outer loop
  vertex -0.051310454 0.10106033 0.5086534
  vertex -0.10178107 0.04986538 0.5086534
  vertex -0.051195342 0.050716512 0.5161212
 endloop
endfacet
facet normal -0.98919743 0.019296026 0.14531355
 outer loop
  vertex -0.51115835 0.018665535 0.09971377
  vertex -0.51863974 0.008779257 0.050098214
  vertex -0.5186284 0.0038208202 0.050833732
 endloop
endfacet
facet normal -0.9891975 0.019297 0.14531323
 outer loop
  vertex -0.51115835 0.018665535 0.09971377
  vertex -0.5186284 0.0038208202 0.050833732
  vertex -0.5111358 0.008796412 0.10117772
 endloop
endfacet
facet normal 0.94129944 0.051636837 0.33360013
 outer loop
  vertex 0.4986194 0.030652467 0.14836861
  vertex 0.48136908 0.040006977 0.19559488
  vertex 0.48141333 0.020648014 0.19846651
 endloop
endfacet
facet normal 0.9412995 0.051635936 0.3336
 outer loop
  vertex 0.4986194 0.030652467 0.14836861
  vertex 0.48141333 0.020648014 0.19846651
  vertex 0.49865296 0.015967708 0.1505469
 endloop
endfacet
facet normal -0.04934218 0.14644147 0.987988
 outer loop
  vertex -0.00023224035 0.1016667 0.5111145
  vertex -0.051310454 0.10106033 0.5086534
  vertex -0.051195342 0.050716512 0.5161212
 endloop
endfacet
facet normal -0.049343087 0.14644235 0.98798776
 outer loop
  vertex -0.00023224035 0.1016667 0.5111145
  vertex -0.051195342 0.050716512 0.5161212
  vertex -0.000116571544 0.051079288 0.51861846
 endloop
endfacet
facet normal -0.9700411 0.03347856 0.24062279
 outer loop
  vertex -0.49875423 0.028372014 0.14836894
  vertex -0.51115835 0.018665535 0.09971377
  vertex -0.5111358 0.008796412 0.10117772
 endloop
endfacet
facet normal -0.97004104 0.03347651 0.24062362
 outer loop
  vertex -0.49875423 0.028372014 0.14836894
  vertex -0.5111358 0.008796412 0.10117772
  vertex -0.49872068 0.0136872595 0.15054722
 endloop
endfacet
facet normal 0.96987814 0.037909444 0.2406229
 outer loop
  vertex 0.51106775 0.021002803 0.09971339
  vertex 0.4986194 0.030652467 0.14836861
  vertex 0.49865296 0.015967708 0.1505469
 endloop
endfacet
facet normal 0.96987826 0.037907302 0.2406227
 outer loop
  vertex 0.51106775 0.021002803 0.09971339
  vertex 0.49865296 0.015967708 0.1505469
  vertex 0.5110903 0.011133684 0.10117734
 endloop
endfacet
facet normal 0.04867208 0.14666648 0.9879879
 outer loop
  vertex 0.05084815 0.10129391 0.5086534
  vertex -0.00023224035 0.1016667 0.5111145
  vertex -0.000116571544 0.051079288 0.51861846
 endloop
endfacet
facet normal 0.04867296 0.1466656 0.9879879
 outer loop
  vertex 0.05084815 0.10129391 0.5086534
  vertex -0.000116571544 0.051079288 0.51861846
  vertex 0.05096326 0.050950095 0.5161212
 endloop
endfacet
facet normal -0.94152546 0.04733348 0.33360046
 outer loop
  vertex -0.48154682 0.037805293 0.19559522
  vertex -0.49875423 0.028372014 0.14836894
  vertex -0.49872068 0.0136872595 0.15054722
 endloop
endfacet
facet normal -0.9415254 0.047332644 0.3336009
 outer loop
  vertex -0.48154682 0.037805293 0.19559522
  vertex -0.49872068 0.0136872595 0.15054722
  vertex -0.48150256 0.018446332 0.19846685
 endloop
endfacet
facet normal 0.98909914 0.023813304 0.14531332
 outer loop
  vertex 0.5185942 0.011150841 0.05009781
  vertex 0.51106775 0.021002803 0.09971339
  vertex 0.5110903 0.011133684 0.10117734
 endloop
endfacet
facet normal 0.989099 0.023814378 0.14531328
 outer loop
  vertex 0.5185942 0.011150841 0.05009781
  vertex 0.5110903 0.011133684 0.10117734
  vertex 0.51860553 0.0061924057 0.050833326
 endloop
endfacet
facet normal 0.14622805 0.14548053 0.9784951
 outer loop
  vertex 0.10143891 0.09994568 0.5012935
  vertex 0.05084815 0.10129391 0.5086534
  vertex 0.05096326 0.050950095 0.5161212
 endloop
endfacet
facet normal 0.14622714 0.1454815 0.9784952
 outer loop
  vertex 0.10143891 0.09994568 0.5012935
  vertex 0.05096326 0.050950095 0.5161212
  vertex 0.10155235 0.050330296 0.5086533
 endloop
endfacet
facet normal -0.9039313 0.06073067 0.4233437
 outer loop
  vertex -0.4597019 0.046874486 0.24093789
  vertex -0.48154682 0.037805293 0.19559522
  vertex -0.48150256 0.018446332 0.19846685
 endloop
endfacet
facet normal -0.9039312 0.060729783 0.42334417
 outer loop
  vertex -0.4597019 0.046874486 0.24093789
  vertex -0.48150256 0.018446332 0.19846685
  vertex -0.45964736 0.023027748 0.24447522
 endloop
endfacet
facet normal 0.24237789 0.14289854 0.95960045
 outer loop
  vertex 0.15105274 0.09763486 0.48910603
  vertex 0.10143891 0.09994568 0.5012935
  vertex 0.10155235 0.050330296 0.5086533
 endloop
endfacet
facet normal 0.24237843 0.14289796 0.9596003
 outer loop
  vertex 0.15105274 0.09763486 0.48910603
  vertex 0.10155235 0.050330296 0.5086533
  vertex 0.15116343 0.04922574 0.49628687
 endloop
endfacet
facet normal -0.8576255 0.07354002 0.50898963
 outer loop
  vertex -0.43342975 0.055492293 0.2839602
  vertex -0.4597019 0.046874486 0.24093789
  vertex -0.45964736 0.023027748 0.24447522
 endloop
endfacet
facet normal -0.8576258 0.07354119 0.5089889
 outer loop
  vertex -0.43342975 0.055492293 0.2839602
  vertex -0.45964736 0.023027748 0.24447522
  vertex -0.4333655 0.027387436 0.28812918
 endloop
endfacet
facet normal 0.33621207 0.13894138 0.93148094
 outer loop
  vertex 0.1992118 0.09438378 0.47220826
  vertex 0.15105274 0.09763486 0.48910603
  vertex 0.15116343 0.04922574 0.49628687
 endloop
endfacet
facet normal 0.3362124 0.138941 0.9314809
 outer loop
  vertex 0.1992118 0.09438378 0.47220826
  vertex 0.15116343 0.04922574 0.49628687
  vertex 0.19931868 0.0476471 0.479141
 endloop
endfacet
facet normal -0.80306154 0.0856398 0.58971006
 outer loop
  vertex -0.40298346 0.06357559 0.32424778
  vertex -0.43342975 0.055492293 0.2839602
  vertex -0.4333655 0.027387436 0.28812918
 endloop
endfacet
facet normal -0.8030613 0.085639164 0.5897104
 outer loop
  vertex -0.40298346 0.06357559 0.32424778
  vertex -0.4333655 0.027387436 0.28812918
  vertex -0.40291008 0.031483278 0.32900822
 endloop
endfacet
facet normal 0.42683217 0.13364792 0.8944007
 outer loop
  vertex 0.24545234 0.09022371 0.45076266
  vertex 0.1992118 0.09438378 0.47220826
  vertex 0.19931868 0.0476471 0.479141
 endloop
endfacet
facet normal 0.4268323 0.13364771 0.89440066
 outer loop
  vertex 0.24545234 0.09022371 0.45076266
  vertex 0.19931868 0.0476471 0.479141
  vertex 0.24555436 0.045609597 0.45738053
 endloop
endfacet
facet normal -0.7407715 0.09690975 0.6647301
 outer loop
  vertex -0.3686562 0.07104663 0.3614127
  vertex -0.40298346 0.06357559 0.32424778
  vertex -0.40291008 0.031483278 0.32900822
 endloop
endfacet
facet normal -0.7407714 0.0969095 0.6647303
 outer loop
  vertex -0.3686562 0.07104663 0.3614127
  vertex -0.40291008 0.031483278 0.32900822
  vertex -0.36857438 0.03527593 0.3667188
 endloop
endfacet
facet normal 0.51335746 0.12706876 0.84871525
 outer loop
  vertex 0.28932914 0.08519478 0.42497608
  vertex 0.24545234 0.09022371 0.45076266
  vertex 0.24555436 0.045609597 0.45738053
 endloop
endfacet
facet normal 0.513357 0.12706947 0.8487154
 outer loop
  vertex 0.28932914 0.08519478 0.42497608
  vertex 0.24555436 0.045609597 0.45738053
  vertex 0.2894253 0.043132886 0.4312154
 endloop
endfacet
facet normal -0.6713603 0.107244216 0.7333308
 outer loop
  vertex -0.3307786 0.0778335 0.3950969
  vertex -0.3686562 0.07104663 0.3614127
  vertex -0.36857438 0.03527593 0.3667188
 endloop
endfacet
facet normal -0.67136025 0.10724416 0.73333085
 outer loop
  vertex -0.3307786 0.0778335 0.3950969
  vertex -0.36857438 0.03527593 0.3667188
  vertex -0.33068916 0.038728915 0.40089753
 endloop
endfacet
facet normal 0.5949662 0.119266234 0.7948528
 outer loop
  vertex 0.33041948 0.07934533 0.3950967
  vertex 0.28932914 0.08519478 0.42497608
  vertex 0.2894253 0.043132886 0.4312154
 endloop
endfacet
facet normal 0.59496593 0.11926638 0.7948528
 outer loop
  vertex 0.33041948 0.07934533 0.3950967
  vertex 0.2894253 0.043132886 0.4312154
  vertex 0.33050892 0.040240742 0.40089732
 endloop
endfacet
facet normal -0.5955053 0.11654363 0.7948528
 outer loop
  vertex -0.2897154 0.083870776 0.42497632
  vertex -0.3307786 0.0778335 0.3950969
  vertex -0.33068916 0.038728915 0.40089753
 endloop
endfacet
facet normal -0.59550583 0.1165443 0.7948524
 outer loop
  vertex -0.2897154 0.083870776 0.42497632
  vertex -0.33068916 0.038728915 0.40089753
  vertex -0.28961924 0.041808896 0.43121564
 endloop
endfacet
facet normal 0.80279475 0.031087728 0.5954446
 outer loop
  vertex 0.43323594 0.029368885 0.28812888
  vertex 0.40276214 0.03332541 0.32900792
  vertex 0.40283623 0.0009210298 0.33059984
 endloop
endfacet
facet normal 0.80279446 0.031088434 0.5954449
 outer loop
  vertex 0.43323594 0.029368885 0.28812888
  vertex 0.40283623 0.0009210298 0.33059984
  vertex 0.43330085 0.0009907247 0.289523
 endloop
endfacet
facet normal -0.3366356 0.045435987 0.9405382
 outer loop
  vertex -0.15138654 0.048533987 0.49628702
  vertex -0.19953413 0.046735123 0.47914103
  vertex -0.19942623 -0.0004560191 0.48145938
 endloop
endfacet
facet normal -0.33663577 0.045436163 0.94053805
 outer loop
  vertex -0.15138654 0.048533987 0.49628702
  vertex -0.19942623 -0.0004560191 0.48145938
  vertex -0.15127479 -0.00034588002 0.49868834
 endloop
endfacet
facet normal 0.85739565 0.027209155 0.513938
 outer loop
  vertex 0.45953742 0.025129441 0.24447495
  vertex 0.43323594 0.029368885 0.28812888
  vertex 0.43330085 0.0009907247 0.289523
 endloop
endfacet
facet normal 0.857396 0.027208043 0.5139376
 outer loop
  vertex 0.45953742 0.025129441 0.24447495
  vertex 0.43330085 0.0009907247 0.289523
  vertex 0.45959246 0.0010508064 0.24565785
 endloop
endfacet
facet normal -0.2428123 0.04704557 0.96893185
 outer loop
  vertex -0.10178107 0.04986538 0.5086534
  vertex -0.15138654 0.048533987 0.49628702
  vertex -0.15127479 -0.00034588002 0.49868834
 endloop
endfacet
facet normal -0.24281189 0.04704512 0.96893203
 outer loop
  vertex -0.10178107 0.04986538 0.5086534
  vertex -0.15127479 -0.00034588002 0.49868834
  vertex -0.101666525 -0.00023246829 0.51111454
 endloop
endfacet
facet normal 0.90373987 0.023065608 0.4274601
 outer loop
  vertex 0.48141333 0.020648014 0.19846651
  vertex 0.45953742 0.025129441 0.24447495
  vertex 0.45959246 0.0010508064 0.24565785
 endloop
endfacet
facet normal 0.90374005 0.023064885 0.42745987
 outer loop
  vertex 0.48141333 0.020648014 0.19846651
  vertex 0.45959246 0.0010508064 0.24565785
  vertex 0.481458 0.001100803 0.19942679
 endloop
endfacet
facet normal -0.14666782 0.048202224 0.9880107
 outer loop
  vertex -0.051195342 0.050716512 0.5161212
  vertex -0.10178107 0.04986538 0.5086534
  vertex -0.101666525 -0.00023246829 0.51111454
 endloop
endfacet
facet normal -0.14666757 0.048201967 0.9880107
 outer loop
  vertex -0.051195342 0.050716512 0.5161212
  vertex -0.101666525 -0.00023246829 0.51111454
  vertex -0.051079113 -0.000116856565 0.51861846
 endloop
endfacet
facet normal -0.9891647 0.0049472395 0.1467266
 outer loop
  vertex -0.5111358 0.008796412 0.10117772
  vertex -0.5186284 0.0038208202 0.050833732
  vertex -0.518617 -0.0011858334 0.051079694
 endloop
endfacet
facet normal -0.9891646 0.0049422905 0.14672756
 outer loop
  vertex -0.5111358 0.008796412 0.10117772
  vertex -0.518617 -0.0011858334 0.051079694
  vertex -0.511113 -0.0011686792 0.10166728
 endloop
endfacet
facet normal 0.9413747 0.018699225 0.33684397
 outer loop
  vertex 0.49865296 0.015967708 0.1505469
  vertex 0.48141333 0.020648014 0.19846651
  vertex 0.481458 0.001100803 0.19942679
 endloop
endfacet
facet normal 0.94137454 0.01870125 0.3368445
 outer loop
  vertex 0.49865296 0.015967708 0.1505469
  vertex 0.481458 0.001100803 0.19942679
  vertex 0.49868688 0.0011401554 0.15127532
 endloop
endfacet
facet normal -0.049119994 0.048895862 0.9975953
 outer loop
  vertex -0.000116571544 0.051079288 0.51861846
  vertex -0.051195342 0.050716512 0.5161212
  vertex -0.051079113 -0.000116856565 0.51861846
 endloop
endfacet
facet normal -0.049120322 0.04889619 0.99759525
 outer loop
  vertex -0.000116571544 0.051079288 0.51861846
  vertex -0.051079113 -0.000116856565 0.51861846
  vertex 2.2013288e-07 -3.466901e-08 0.5211278
 endloop
endfacet
facet normal -0.9699866 0.009714001 0.24296403
 outer loop
  vertex -0.49872068 0.0136872595 0.15054722
  vertex -0.5111358 0.008796412 0.10117772
  vertex -0.511113 -0.0011686792 0.10166728
 endloop
endfacet
facet normal -0.9699869 0.009717094 0.2429631
 outer loop
  vertex -0.49872068 0.0136872595 0.15054722
  vertex -0.511113 -0.0011686792 0.10166728
  vertex -0.49868676 -0.0011402905 0.15127563
 endloop
endfacet
facet normal 0.96993256 0.014154448 0.24296217
 outer loop
  vertex 0.5110903 0.011133684 0.10117734
  vertex 0.49865296 0.015967708 0.1505469
  vertex 0.49868688 0.0011401554 0.15127532
 endloop
endfacet
facet normal 0.9699323 0.014158043 0.2429628
 outer loop
  vertex 0.5110903 0.011133684 0.10117734
  vertex 0.49868688 0.0011401554 0.15127532
  vertex 0.5111131 0.0011685936 0.1016669
 endloop
endfacet
facet normal 0.048895944 0.049120307 0.9975953
 outer loop
  vertex 0.05096326 0.050950095 0.5161212
  vertex -0.000116571544 0.051079288 0.51861846
  vertex 2.2013288e-07 -3.466901e-08 0.5211278
 endloop
endfacet
facet normal 0.048896283 0.04911998 0.9975953
 outer loop
  vertex 0.05096326 0.050950095 0.5161212
  vertex 2.2013288e-07 -3.466901e-08 0.5211278
  vertex 0.05107949 0.000116724965 0.51861846
 endloop
endfacet
facet normal -0.94145006 0.014394364 0.33684507
 outer loop
  vertex -0.48150256 0.018446332 0.19846685
  vertex -0.49872068 0.0136872595 0.15054722
  vertex -0.49868676 -0.0011402905 0.15127563
 endloop
endfacet
facet normal -0.9414503 0.014396189 0.33684438
 outer loop
  vertex -0.48150256 0.018446332 0.19846685
  vertex -0.49868676 -0.0011402905 0.15127563
  vertex -0.4814579 -0.0011008768 0.19942713
 endloop
endfacet
facet normal 0.9891318 0.0094741555 0.14672568
 outer loop
  vertex 0.51860553 0.0061924057 0.050833326
  vertex 0.5110903 0.011133684 0.10117734
  vertex 0.5111131 0.0011685936 0.1016669
 endloop
endfacet
facet normal 0.989132 0.00946906 0.14672522
 outer loop
  vertex 0.51860553 0.0061924057 0.050833326
  vertex 0.5111131 0.0011685936 0.1016669
  vertex 0.518617 0.0011857544 0.051079288
 endloop
endfacet
facet normal 0.14644815 0.04887215 0.98801035
 outer loop
  vertex 0.10155235 0.050330296 0.5086533
  vertex 0.05096326 0.050950095 0.5161212
  vertex 0.05107949 0.000116724965 0.51861846
 endloop
endfacet
facet normal 0.14644788 0.0488724 0.9880103
 outer loop
  vertex 0.10155235 0.050330296 0.5086533
  vertex 0.05107949 0.000116724965 0.51861846
  vertex 0.1016669 0.00023244538 0.5111144
 endloop
endfacet
facet normal -0.90383554 0.018933773 0.42746073
 outer loop
  vertex -0.45964736 0.023027748 0.24447522
  vertex -0.48150256 0.018446332 0.19846685
  vertex -0.4814579 -0.0011008768 0.19942713
 endloop
endfacet
facet normal -0.9038356 0.018933436 0.4274609
 outer loop
  vertex -0.45964736 0.023027748 0.24447522
  vertex -0.4814579 -0.0011008768 0.19942713
  vertex -0.4595923 -0.0010508784 0.24565811
 endloop
endfacet
facet normal 0.24259503 0.04815497 0.9689318
 outer loop
  vertex 0.15116343 0.04922574 0.49628687
  vertex 0.10155235 0.050330296 0.5086533
  vertex 0.1016669 0.00023244538 0.5111144
 endloop
endfacet
facet normal 0.24259518 0.04815482 0.9689317
 outer loop
  vertex 0.15116343 0.04922574 0.49628687
  vertex 0.1016669 0.00023244538 0.5111144
  vertex 0.15127519 0.00034587277 0.49868816
 endloop
endfacet
facet normal -0.85751086 0.023287697 0.51393855
 outer loop
  vertex -0.4333655 0.027387436 0.28812918
  vertex -0.45964736 0.023027748 0.24447522
  vertex -0.4595923 -0.0010508784 0.24565811
 endloop
endfacet
facet normal -0.8575105 0.023286715 0.513939
 outer loop
  vertex -0.4333655 0.027387436 0.28812918
  vertex -0.4595923 -0.0010508784 0.24565811
  vertex -0.43330058 -0.0009907245 0.2895233
 endloop
endfacet
facet normal 0.3364226 0.04697449 0.94053876
 outer loop
  vertex 0.19931868 0.0476471 0.479141
  vertex 0.15116343 0.04922574 0.49628687
  vertex 0.15127519 0.00034587277 0.49868816
 endloop
endfacet
facet normal 0.3364222 0.046974916 0.9405388
 outer loop
  vertex 0.19931868 0.0476471 0.479141
  vertex 0.15127519 0.00034587277 0.49868816
  vertex 0.19942658 0.0004559534 0.48145935
 endloop
endfacet
facet normal -0.8029282 0.027415652 0.5954449
 outer loop
  vertex -0.40291008 0.031483278 0.32900822
  vertex -0.4333655 0.027387436 0.28812918
  vertex -0.43330058 -0.0009907245 0.2895233
 endloop
endfacet
facet normal -0.80292845 0.027416436 0.5954445
 outer loop
  vertex -0.40291008 0.031483278 0.32900822
  vertex -0.43330058 -0.0009907245 0.2895233
  vertex -0.402836 -0.0009211073 0.33060014
 endloop
endfacet
facet normal 0.4270341 0.045342736 0.9030979
 outer loop
  vertex 0.24555436 0.045609597 0.45738053
  vertex 0.19931868 0.0476471 0.479141
  vertex 0.19942658 0.0004559534 0.48145935
 endloop
endfacet
facet normal 0.42703423 0.04534268 0.90309787
 outer loop
  vertex 0.24555436 0.045609597 0.45738053
  vertex 0.19942658 0.0004559534 0.48145935
  vertex 0.24565735 0.00056165823 0.4595936
 endloop
endfacet
facet normal -0.7406213 0.03128022 0.67119414
 outer loop
  vertex -0.36857438 0.03527593 0.3667188
  vertex -0.40291008 0.031483278 0.32900822
  vertex -0.402836 -0.0009211073 0.33060014
 endloop
endfacet
facet normal -0.74062145 0.03128045 0.671194
 outer loop
  vertex -0.36857438 0.03527593 0.3667188
  vertex -0.402836 -0.0009211073 0.33060014
  vertex -0.3684918 -0.0008426118 0.3684932
 endloop
endfacet
facet normal 0.5135487 0.043274295 0.8569686
 outer loop
  vertex 0.2894253 0.043132886 0.4312154
  vertex 0.24555436 0.045609597 0.45738053
  vertex 0.24565735 0.00056165823 0.4595936
 endloop
endfacet
facet normal 0.51354873 0.043274164 0.8569686
 outer loop
  vertex 0.2894253 0.043132886 0.4312154
  vertex 0.24565735 0.00056165823 0.4595936
  vertex 0.2895224 0.0006619772 0.43330187
 endloop
endfacet
facet normal -0.6711947 0.034842134 0.7404618
 outer loop
  vertex -0.33068916 0.038728915 0.40089753
  vertex -0.36857438 0.03527593 0.3667188
  vertex -0.3684918 -0.0008426118 0.3684932
 endloop
endfacet
facet normal -0.67119473 0.034842175 0.7404618
 outer loop
  vertex -0.33068916 0.038728915 0.40089753
  vertex -0.3684918 -0.0008426118 0.3684932
  vertex -0.3305989 -0.00075592846 0.4028373
 endloop
endfacet
facet normal 0.59514546 0.04078892 0.8025822
 outer loop
  vertex 0.33050892 0.040240742 0.40089732
  vertex 0.2894253 0.043132886 0.4312154
  vertex 0.2895224 0.0006619772 0.43330187
 endloop
endfacet
facet normal 0.5951453 0.04078911 0.8025822
 outer loop
  vertex 0.33050892 0.040240742 0.40089732
  vertex 0.2895224 0.0006619772 0.43330187
  vertex 0.3305992 0.00075588987 0.4028371
 endloop
endfacet
facet normal -0.59532636 0.038067415 0.8025817
 outer loop
  vertex -0.28961924 0.041808896 0.43121564
  vertex -0.33068916 0.038728915 0.40089753
  vertex -0.3305989 -0.00075592846 0.4028373
 endloop
endfacet
facet normal -0.59532624 0.038067244 0.80258185
 outer loop
  vertex -0.28961924 0.041808896 0.43121564
  vertex -0.3305989 -0.00075592846 0.4028373
  vertex -0.28952214 -0.0006620158 0.4333021
 endloop
endfacet
facet normal 0.67102945 0.037910763 0.7404608
 outer loop
  vertex 0.3684095 0.03696101 0.3667185
  vertex 0.33050892 0.040240742 0.40089732
  vertex 0.3305992 0.00075588987 0.4028371
 endloop
endfacet
facet normal 0.6710293 0.037910983 0.74046093
 outer loop
  vertex 0.3684095 0.03696101 0.3667185
  vertex 0.3305992 0.00075588987 0.4028371
  vertex 0.3684921 0.0008424722 0.3684929
 endloop
endfacet
facet normal -0.5137402 0.040925663 0.8569691
 outer loop
  vertex -0.2457601 0.044486273 0.45738068
  vertex -0.28961924 0.041808896 0.43121564
  vertex -0.28952214 -0.0006620158 0.4333021
 endloop
endfacet
facet normal -0.5137401 0.04092552 0.85696924
 outer loop
  vertex -0.2457601 0.044486273 0.45738068
  vertex -0.28952214 -0.0006620158 0.4333021
  vertex -0.2456571 -0.0005616697 0.45959374
 endloop
endfacet
facet normal 0.7404711 0.034666847 0.6711935
 outer loop
  vertex 0.40276214 0.03332541 0.32900792
  vertex 0.3684095 0.03696101 0.3667185
  vertex 0.3684921 0.0008424722 0.3684929
 endloop
endfacet
facet normal 0.74047124 0.034666553 0.67119336
 outer loop
  vertex 0.40276214 0.03332541 0.32900792
  vertex 0.3684921 0.0008424722 0.3684929
  vertex 0.40283623 0.0009210298 0.33059984
 endloop
endfacet
facet normal -0.42723447 0.04338954 0.9030991
 outer loop
  vertex -0.19953413 0.046735123 0.47914103
  vertex -0.2457601 0.044486273 0.45738068
  vertex -0.2456571 -0.0005616697 0.45959374
 endloop
endfacet
facet normal -0.42723447 0.043389563 0.9030991
 outer loop
  vertex -0.19953413 0.046735123 0.47914103
  vertex -0.2456571 -0.0005616697 0.45959374
  vertex -0.19942623 -0.0004560191 0.48145938
 endloop
endfacet
facet normal 0.9038361 -0.018933395 0.42745987
 outer loop
  vertex 0.481458 0.001100803 0.19942679
  vertex 0.45959246 0.0010508064 0.24565785
  vertex 0.4596475 -0.023027826 0.24447495
 endloop
endfacet
facet normal 0.90383595 -0.018932728 0.42746016
 outer loop
  vertex 0.481458 0.001100803 0.19942679
  vertex 0.4596475 -0.023027826 0.24447495
  vertex 0.4815027 -0.018446408 0.1984665
 endloop
endfacet
facet normal -0.1464457 -0.048872408 0.9880107
 outer loop
  vertex -0.051079113 -0.000116856565 0.51861846
  vertex -0.101666525 -0.00023246829 0.51111454
  vertex -0.10155198 -0.050330322 0.5086534
 endloop
endfacet
facet normal -0.14644483 -0.048873316 0.98801076
 outer loop
  vertex -0.051079113 -0.000116856565 0.51861846
  vertex -0.10155198 -0.050330322 0.5086534
  vertex -0.050962888 -0.05095022 0.51612115
 endloop
endfacet
facet normal -0.9891316 -0.009469233 0.14672758
 outer loop
  vertex -0.511113 -0.0011686792 0.10166728
  vertex -0.518617 -0.0011858334 0.051079694
  vertex -0.51860553 -0.0061924863 0.050833732
 endloop
endfacet
facet normal -0.98913157 -0.00946833 0.14672746
 outer loop
  vertex -0.511113 -0.0011686792 0.10166728
  vertex -0.51860553 -0.0061924863 0.050833732
  vertex -0.5110902 -0.01113377 0.10117772
 endloop
endfacet
facet normal 0.94145024 -0.01439502 0.33684456
 outer loop
  vertex 0.49868688 0.0011401554 0.15127532
  vertex 0.481458 0.001100803 0.19942679
  vertex 0.4815027 -0.018446408 0.1984665
 endloop
endfacet
facet normal 0.9414504 -0.014396553 0.336844
 outer loop
  vertex 0.49868688 0.0011401554 0.15127532
  vertex 0.4815027 -0.018446408 0.1984665
  vertex 0.49872077 -0.013687396 0.1505469
 endloop
endfacet
facet normal -0.04889615 -0.049121138 0.9975952
 outer loop
  vertex 2.2013288e-07 -3.466901e-08 0.5211278
  vertex -0.051079113 -0.000116856565 0.51861846
  vertex -0.050962888 -0.05095022 0.51612115
 endloop
endfacet
facet normal -0.048896987 -0.049120307 0.99759525
 outer loop
  vertex 2.2013288e-07 -3.466901e-08 0.5211278
  vertex -0.050962888 -0.05095022 0.51612115
  vertex 0.00011700995 -0.05107936 0.51861846
 endloop
endfacet
facet normal -0.96993226 -0.014152229 0.2429631
 outer loop
  vertex -0.49868676 -0.0011402905 0.15127563
  vertex -0.511113 -0.0011686792 0.10166728
  vertex -0.5110902 -0.01113377 0.10117772
 endloop
endfacet
facet normal -0.96993226 -0.014152329 0.24296314
 outer loop
  vertex -0.49868676 -0.0011402905 0.15127563
  vertex -0.5110902 -0.01113377 0.10117772
  vertex -0.49865288 -0.01596784 0.15054722
 endloop
endfacet
facet normal 0.969987 -0.009719256 0.24296282
 outer loop
  vertex 0.5111131 0.0011685936 0.1016669
  vertex 0.49868688 0.0011401554 0.15127532
  vertex 0.49872077 -0.013687396 0.1505469
 endloop
endfacet
facet normal 0.9699869 -0.009719683 0.24296267
 outer loop
  vertex 0.5111131 0.0011685936 0.1016669
  vertex 0.49872077 -0.013687396 0.1505469
  vertex 0.5111359 -0.008796497 0.10117734
 endloop
endfacet
facet normal 0.049120326 -0.048896194 0.9975953
 outer loop
  vertex 0.05107949 0.000116724965 0.51861846
  vertex 2.2013288e-07 -3.466901e-08 0.5211278
  vertex 0.00011700995 -0.05107936 0.51861846
 endloop
endfacet
facet normal 0.049121175 -0.048897035 0.9975952
 outer loop
  vertex 0.05107949 0.000116724965 0.51861846
  vertex 0.00011700995 -0.05107936 0.51861846
  vertex 0.051195715 -0.05071664 0.51612115
 endloop
endfacet
facet normal -0.9413746 -0.018699022 0.33684438
 outer loop
  vertex -0.4814579 -0.0011008768 0.19942713
  vertex -0.49868676 -0.0011402905 0.15127563
  vertex -0.49865288 -0.01596784 0.15054722
 endloop
endfacet
facet normal -0.9413744 -0.018700913 0.33684492
 outer loop
  vertex -0.4814579 -0.0011008768 0.19942713
  vertex -0.49865288 -0.01596784 0.15054722
  vertex -0.4814132 -0.020648086 0.19846684
 endloop
endfacet
facet normal 0.9891648 -0.0049480563 0.14672521
 outer loop
  vertex 0.518617 0.0011857544 0.051079288
  vertex 0.5111131 0.0011685936 0.1016669
  vertex 0.5111359 -0.008796497 0.10117734
 endloop
endfacet
facet normal 0.98916495 -0.0049471944 0.1467254
 outer loop
  vertex 0.518617 0.0011857544 0.051079288
  vertex 0.5111359 -0.008796497 0.10117734
  vertex 0.5186284 -0.0038208966 0.050833326
 endloop
endfacet
facet normal 0.14666997 -0.048203122 0.98801035
 outer loop
  vertex 0.1016669 0.00023244538 0.5111144
  vertex 0.05107949 0.000116724965 0.51861846
  vertex 0.051195715 -0.05071664 0.51612115
 endloop
endfacet
facet normal 0.14666905 -0.048202217 0.9880105
 outer loop
  vertex 0.1016669 0.00023244538 0.5111144
  vertex 0.051195715 -0.05071664 0.51612115
  vertex 0.10178144 -0.049865406 0.5086533
 endloop
endfacet
facet normal -0.90373945 -0.023066562 0.42746088
 outer loop
  vertex -0.4595923 -0.0010508784 0.24565811
  vertex -0.4814579 -0.0011008768 0.19942713
  vertex -0.4814132 -0.020648086 0.19846684
 endloop
endfacet
facet normal -0.9037397 -0.02306555 0.4274606
 outer loop
  vertex -0.4595923 -0.0010508784 0.24565811
  vertex -0.4814132 -0.020648086 0.19846684
  vertex -0.45953727 -0.025129505 0.24447522
 endloop
endfacet
facet normal 0.24281286 -0.04704511 0.9689317
 outer loop
  vertex 0.15127519 0.00034587277 0.49868816
  vertex 0.1016669 0.00023244538 0.5111144
  vertex 0.10178144 -0.049865406 0.5086533
 endloop
endfacet
facet normal 0.24281265 -0.047044903 0.9689318
 outer loop
  vertex 0.15127519 0.00034587277 0.49868816
  vertex 0.10178144 -0.049865406 0.5086533
  vertex 0.15138696 -0.04853399 0.49628687
 endloop
endfacet
facet normal -0.8573951 -0.02720808 0.5139391
 outer loop
  vertex -0.43330058 -0.0009907245 0.2895233
  vertex -0.4595923 -0.0010508784 0.24565811
  vertex -0.45953727 -0.025129505 0.24447522
 endloop
endfacet
facet normal -0.8573949 -0.027208868 0.5139394
 outer loop
  vertex -0.43330058 -0.0009907245 0.2895233
  vertex -0.45953727 -0.025129505 0.24447522
  vertex -0.4332357 -0.029368881 0.28812915
 endloop
endfacet
facet normal 0.33663344 -0.045435514 0.9405389
 outer loop
  vertex 0.19942658 0.0004559534 0.48145935
  vertex 0.15127519 0.00034587277 0.49868816
  vertex 0.15138696 -0.04853399 0.49628687
 endloop
endfacet
facet normal 0.33663395 -0.04543602 0.94053876
 outer loop
  vertex 0.19942658 0.0004559534 0.48145935
  vertex 0.15138696 -0.04853399 0.49628687
  vertex 0.19953448 -0.046735197 0.479141
 endloop
endfacet
facet normal -0.8027947 -0.03108819 0.59544444
 outer loop
  vertex -0.402836 -0.0009211073 0.33060014
  vertex -0.43330058 -0.0009907245 0.2895233
  vertex -0.4332357 -0.029368881 0.28812915
 endloop
endfacet
facet normal -0.8027947 -0.031088293 0.59544444
 outer loop
  vertex -0.402836 -0.0009211073 0.33060014
  vertex -0.4332357 -0.029368881 0.28812915
  vertex -0.4027619 -0.033325486 0.3290082
 endloop
endfacet
facet normal 0.4272371 -0.043389503 0.9030979
 outer loop
  vertex 0.24565735 0.00056165823 0.4595936
  vertex 0.19942658 0.0004559534 0.48145935
  vertex 0.19953448 -0.046735197 0.479141
 endloop
endfacet
facet normal 0.42723745 -0.043389935 0.90309775
 outer loop
  vertex 0.24565735 0.00056165823 0.4595936
  vertex 0.19953448 -0.046735197 0.479141
  vertex 0.24576037 -0.044486284 0.4573805
 endloop
endfacet
facet normal -0.7404707 -0.03466717 0.67119396
 outer loop
  vertex -0.3684918 -0.0008426118 0.3684932
  vertex -0.402836 -0.0009211073 0.33060014
  vertex -0.4027619 -0.033325486 0.3290082
 endloop
endfacet
facet normal -0.7404709 -0.034666914 0.6711938
 outer loop
  vertex -0.3684918 -0.0008426118 0.3684932
  vertex -0.4027619 -0.033325486 0.3290082
  vertex -0.36840922 -0.036961153 0.3667188
 endloop
endfacet
facet normal 0.5137413 -0.040925898 0.85696846
 outer loop
  vertex 0.2895224 0.0006619772 0.43330187
  vertex 0.24565735 0.00056165823 0.4595936
  vertex 0.24576037 -0.044486284 0.4573805
 endloop
endfacet
facet normal 0.5137408 -0.040925287 0.8569688
 outer loop
  vertex 0.2895224 0.0006619772 0.43330187
  vertex 0.24576037 -0.044486284 0.4573805
  vertex 0.28961954 -0.041808933 0.4312154
 endloop
endfacet
facet normal -0.6710284 -0.037911028 0.7404618
 outer loop
  vertex -0.3305989 -0.00075592846 0.4028373
  vertex -0.3684918 -0.0008426118 0.3684932
  vertex -0.36840922 -0.036961153 0.3667188
 endloop
endfacet
facet normal -0.67102844 -0.037910827 0.74046177
 outer loop
  vertex -0.3305989 -0.00075592846 0.4028373
  vertex -0.36840922 -0.036961153 0.3667188
  vertex -0.33050862 -0.040240776 0.40089753
 endloop
endfacet
facet normal 0.5953256 -0.038066875 0.80258226
 outer loop
  vertex 0.3305992 0.00075588987 0.4028371
  vertex 0.2895224 0.0006619772 0.43330187
  vertex 0.28961954 -0.041808933 0.4312154
 endloop
endfacet
facet normal 0.59532595 -0.0380674 0.802582
 outer loop
  vertex 0.3305992 0.00075588987 0.4028371
  vertex 0.28961954 -0.041808933 0.4312154
  vertex 0.33068946 -0.03872896 0.40089732
 endloop
endfacet
facet normal -0.59514594 -0.0407891 0.8025818
 outer loop
  vertex -0.28952214 -0.0006620158 0.4333021
  vertex -0.3305989 -0.00075592846 0.4028373
  vertex -0.33050862 -0.040240776 0.40089753
 endloop
endfacet
facet normal -0.5951458 -0.04078933 0.8025819
 outer loop
  vertex -0.28952214 -0.0006620158 0.4333021
  vertex -0.33050862 -0.040240776 0.40089753
  vertex -0.28942502 -0.043132927 0.43121564
 endloop
endfacet
facet normal 0.6711957 -0.03484215 0.740461
 outer loop
  vertex 0.3684921 0.0008424722 0.3684929
  vertex 0.3305992 0.00075588987 0.4028371
  vertex 0.33068946 -0.03872896 0.40089732
 endloop
endfacet
facet normal 0.6711956 -0.034842074 0.740461
 outer loop
  vertex 0.3684921 0.0008424722 0.3684929
  vertex 0.33068946 -0.03872896 0.40089732
  vertex 0.36857468 -0.03527607 0.3667185
 endloop
endfacet
facet normal -0.5135475 -0.043274585 0.8569692
 outer loop
  vertex -0.2456571 -0.0005616697 0.45959374
  vertex -0.28952214 -0.0006620158 0.4333021
  vertex -0.28942502 -0.043132927 0.43121564
 endloop
endfacet
facet normal -0.5135472 -0.043275062 0.8569694
 outer loop
  vertex -0.2456571 -0.0005616697 0.45959374
  vertex -0.28942502 -0.043132927 0.43121564
  vertex -0.24555409 -0.045609605 0.45738065
 endloop
endfacet
facet normal 0.74062204 -0.031280432 0.67119336
 outer loop
  vertex 0.40283623 0.0009210298 0.33059984
  vertex 0.3684921 0.0008424722 0.3684929
  vertex 0.36857468 -0.03527607 0.3667185
 endloop
endfacet
facet normal 0.7406222 -0.03128081 0.6711932
 outer loop
  vertex 0.40283623 0.0009210298 0.33059984
  vertex 0.36857468 -0.03527607 0.3667185
  vertex 0.40291032 -0.031483352 0.3290079
 endloop
endfacet
facet normal -0.4270317 -0.045343462 0.90309906
 outer loop
  vertex -0.19942623 -0.0004560191 0.48145938
  vertex -0.2456571 -0.0005616697 0.45959374
  vertex -0.24555409 -0.045609605 0.45738065
 endloop
endfacet
facet normal -0.42703223 -0.045342773 0.9030988
 outer loop
  vertex -0.19942623 -0.0004560191 0.48145938
  vertex -0.24555409 -0.045609605 0.45738065
  vertex -0.19931833 -0.04764716 0.47914103
 endloop
endfacet
facet normal 0.80292827 -0.027417002 0.5954448
 outer loop
  vertex 0.43330085 0.0009907247 0.289523
  vertex 0.40283623 0.0009210298 0.33059984
  vertex 0.40291032 -0.031483352 0.3290079
 endloop
endfacet
facet normal 0.80292827 -0.027417125 0.5954448
 outer loop
  vertex 0.43330085 0.0009907247 0.289523
  vertex 0.40291032 -0.031483352 0.3290079
  vertex 0.43336573 -0.027387433 0.28812885
 endloop
endfacet
facet normal -0.3364244 -0.0469749 0.94053817
 outer loop
  vertex -0.15127479 -0.00034588002 0.49868834
  vertex -0.19942623 -0.0004560191 0.48145938
  vertex -0.19931833 -0.04764716 0.47914103
 endloop
endfacet
facet normal -0.33642417 -0.046975117 0.94053817
 outer loop
  vertex -0.15127479 -0.00034588002 0.49868834
  vertex -0.19931833 -0.04764716 0.47914103
  vertex -0.15116301 -0.04922575 0.49628702
 endloop
endfacet
facet normal 0.8575114 -0.023288066 0.5139376
 outer loop
  vertex 0.45959246 0.0010508064 0.24565785
  vertex 0.43330085 0.0009907247 0.289523
  vertex 0.43336573 -0.027387433 0.28812885
 endloop
endfacet
facet normal 0.8575113 -0.023287676 0.51393783
 outer loop
  vertex 0.45959246 0.0010508064 0.24565785
  vertex 0.43336573 -0.027387433 0.28812885
  vertex 0.4596475 -0.023027826 0.24447495
 endloop
endfacet
facet normal -0.24259424 -0.04815547 0.9689319
 outer loop
  vertex -0.101666525 -0.00023246829 0.51111454
  vertex -0.15127479 -0.00034588002 0.49868834
  vertex -0.15116301 -0.04922575 0.49628702
 endloop
endfacet
facet normal -0.24259472 -0.048154984 0.96893185
 outer loop
  vertex -0.101666525 -0.00023246829 0.51111454
  vertex -0.15116301 -0.04922575 0.49628702
  vertex -0.10155198 -0.050330322 0.5086534
 endloop
endfacet
facet normal -0.969878 -0.037907384 0.24062344
 outer loop
  vertex -0.49865288 -0.01596784 0.15054722
  vertex -0.5110902 -0.01113377 0.10117772
  vertex -0.5110677 -0.02100289 0.09971377
 endloop
endfacet
facet normal -0.9698778 -0.03791175 0.24062382
 outer loop
  vertex -0.49865288 -0.01596784 0.15054722
  vertex -0.5110677 -0.02100289 0.09971377
  vertex -0.4986193 -0.030652592 0.14836892
 endloop
endfacet
facet normal 0.9700413 -0.03347466 0.24062303
 outer loop
  vertex 0.5111359 -0.008796497 0.10117734
  vertex 0.49872077 -0.013687396 0.1505469
  vertex 0.49875435 -0.028372154 0.1483686
 endloop
endfacet
facet normal 0.97004145 -0.03347842 0.24062148
 outer loop
  vertex 0.5111359 -0.008796497 0.10117734
  vertex 0.49875435 -0.028372154 0.1483686
  vertex 0.5111584 -0.01866562 0.09971339
 endloop
endfacet
facet normal 0.04934414 -0.1464424 0.98798776
 outer loop
  vertex 0.051195715 -0.05071664 0.51612115
  vertex 0.00011700995 -0.05107936 0.51861846
  vertex 0.00023267313 -0.101666756 0.5111145
 endloop
endfacet
facet normal 0.049343217 -0.14644147 0.9879879
 outer loop
  vertex 0.051195715 -0.05071664 0.51612115
  vertex 0.00023267313 -0.101666756 0.5111145
  vertex 0.051310822 -0.10106045 0.50865334
 endloop
endfacet
facet normal -0.9412991 -0.051638406 0.33360085
 outer loop
  vertex -0.4814132 -0.020648086 0.19846684
  vertex -0.49865288 -0.01596784 0.15054722
  vertex -0.4986193 -0.030652592 0.14836892
 endloop
endfacet
facet normal -0.94129926 -0.05163722 0.33360067
 outer loop
  vertex -0.4814132 -0.020648086 0.19846684
  vertex -0.4986193 -0.030652592 0.14836892
  vertex -0.48136893 -0.040007044 0.19559519
 endloop
endfacet
facet normal 0.9891976 -0.019296788 0.14531204
 outer loop
  vertex 0.5186284 -0.0038208966 0.050833326
  vertex 0.5111359 -0.008796497 0.10117734
  vertex 0.5111584 -0.01866562 0.09971339
 endloop
endfacet
facet normal 0.9891973 -0.01928444 0.14531577
 outer loop
  vertex 0.5186284 -0.0038208966 0.050833326
  vertex 0.5111584 -0.01866562 0.09971339
  vertex 0.5186398 -0.008779331 0.05009781
 endloop
endfacet
facet normal 0.14689004 -0.14481038 0.97849536
 outer loop
  vertex 0.10178144 -0.049865406 0.5086533
  vertex 0.051195715 -0.05071664 0.51612115
  vertex 0.051310822 -0.10106045 0.50865334
 endloop
endfacet
facet normal 0.14689097 -0.14481129 0.97849506
 outer loop
  vertex 0.10178144 -0.049865406 0.5086533
  vertex 0.051310822 -0.10106045 0.50865334
  vertex 0.101894885 -0.099480785 0.5012935
 endloop
endfacet
facet normal -0.90364414 -0.06486333 0.42334387
 outer loop
  vertex -0.45953727 -0.025129505 0.24447522
  vertex -0.4814132 -0.020648086 0.19846684
  vertex -0.48136893 -0.040007044 0.19559519
 endloop
endfacet
facet normal -0.903644 -0.06486404 0.42334402
 outer loop
  vertex -0.45953727 -0.025129505 0.24447522
  vertex -0.48136893 -0.040007044 0.19559519
  vertex -0.45948273 -0.048976243 0.24093787
 endloop
endfacet
facet normal 0.2430293 -0.14178868 0.9596003
 outer loop
  vertex 0.15138696 -0.04853399 0.49628687
  vertex 0.10178144 -0.049865406 0.5086533
  vertex 0.101894885 -0.099480785 0.5012935
 endloop
endfacet
facet normal 0.2430288 -0.14178815 0.9596005
 outer loop
  vertex 0.15138696 -0.04853399 0.49628687
  vertex 0.101894885 -0.099480785 0.5012935
  vertex 0.15149763 -0.09694312 0.48910603
 endloop
endfacet
facet normal -0.85727996 -0.077462405 0.5089899
 outer loop
  vertex -0.4332357 -0.029368881 0.28812915
  vertex -0.45953727 -0.025129505 0.24447522
  vertex -0.45948273 -0.048976243 0.24093787
 endloop
endfacet
facet normal -0.8572802 -0.07746127 0.5089895
 outer loop
  vertex -0.4332357 -0.029368881 0.28812915
  vertex -0.45948273 -0.048976243 0.24093787
  vertex -0.43317145 -0.057473738 0.2839602
 endloop
endfacet
facet normal 0.33684418 -0.13740252 0.9314808
 outer loop
  vertex 0.19953448 -0.046735197 0.479141
  vertex 0.15138696 -0.04853399 0.49628687
  vertex 0.15149763 -0.09694312 0.48910603
 endloop
endfacet
facet normal 0.33684382 -0.13740213 0.93148106
 outer loop
  vertex 0.19953448 -0.046735197 0.479141
  vertex 0.15149763 -0.09694312 0.48910603
  vertex 0.19964133 -0.09347186 0.47220826
 endloop
endfacet
facet normal -0.8026616 -0.0893102 0.5897101
 outer loop
  vertex -0.4027619 -0.033325486 0.3290082
  vertex -0.4332357 -0.029368881 0.28812915
  vertex -0.43317145 -0.057473738 0.2839602
 endloop
endfacet
facet normal -0.80266136 -0.08931091 0.5897103
 outer loop
  vertex -0.4027619 -0.033325486 0.3290082
  vertex -0.43317145 -0.057473738 0.2839602
  vertex -0.40268853 -0.0654178 0.32424772
 endloop
endfacet
facet normal 0.42743936 -0.13169461 0.8944004
 outer loop
  vertex 0.24576037 -0.044486284 0.4573805
  vertex 0.19953448 -0.046735197 0.479141
  vertex 0.19964133 -0.09347186 0.47220826
 endloop
endfacet
facet normal 0.42743978 -0.13169505 0.8944002
 outer loop
  vertex 0.24576037 -0.044486284 0.4573805
  vertex 0.19964133 -0.09347186 0.47220826
  vertex 0.24586236 -0.08910038 0.4507626
 endloop
endfacet
facet normal -0.74032074 -0.10029659 0.66472983
 outer loop
  vertex -0.36840922 -0.036961153 0.3667188
  vertex -0.4027619 -0.033325486 0.3290082
  vertex -0.40268853 -0.0654178 0.32424772
 endloop
endfacet
facet normal -0.740321 -0.10029602 0.66472965
 outer loop
  vertex -0.36840922 -0.036961153 0.3667188
  vertex -0.40268853 -0.0654178 0.32424772
  vertex -0.36832744 -0.07273185 0.3614127
 endloop
endfacet
facet normal 0.5139324 -0.12472062 0.8487156
 outer loop
  vertex 0.28961954 -0.041808933 0.4312154
  vertex 0.24576037 -0.044486284 0.4573805
  vertex 0.24586236 -0.08910038 0.4507626
 endloop
endfacet
facet normal 0.51393193 -0.12472007 0.84871596
 outer loop
  vertex 0.28961954 -0.041808933 0.4312154
  vertex 0.24586236 -0.08910038 0.4507626
  vertex 0.2897157 -0.08387083 0.4249761
 endloop
endfacet
facet normal -0.67086285 -0.11031331 0.7333307
 outer loop
  vertex -0.33050862 -0.040240776 0.40089753
  vertex -0.36840922 -0.036961153 0.3667188
  vertex -0.36832744 -0.07273185 0.3614127
 endloop
endfacet
facet normal -0.67086273 -0.11031355 0.7333309
 outer loop
  vertex -0.33050862 -0.040240776 0.40089753
  vertex -0.36832744 -0.07273185 0.3614127
  vertex -0.3304192 -0.07934536 0.3950969
 endloop
endfacet
facet normal 0.5955054 -0.11654372 0.7948528
 outer loop
  vertex 0.33068946 -0.03872896 0.40089732
  vertex 0.28961954 -0.041808933 0.4312154
  vertex 0.2897157 -0.08387083 0.4249761
 endloop
endfacet
facet normal 0.5955056 -0.116544 0.79485255
 outer loop
  vertex 0.33068946 -0.03872896 0.40089732
  vertex 0.2897157 -0.08387083 0.4249761
  vertex 0.33077887 -0.07783355 0.3950967
 endloop
endfacet
facet normal -0.5949664 -0.11926591 0.7948526
 outer loop
  vertex -0.28942502 -0.043132927 0.43121564
  vertex -0.33050862 -0.040240776 0.40089753
  vertex -0.3304192 -0.07934536 0.3950969
 endloop
endfacet
facet normal -0.5949666 -0.11926562 0.79485244
 outer loop
  vertex -0.28942502 -0.043132927 0.43121564
  vertex -0.3304192 -0.07934536 0.3950969
  vertex -0.28932884 -0.085194826 0.42497635
 endloop
endfacet
facet normal 0.6713611 -0.10724458 0.7333301
 outer loop
  vertex 0.36857468 -0.03527607 0.3667185
  vertex 0.33068946 -0.03872896 0.40089732
  vertex 0.33077887 -0.07783355 0.3950967
 endloop
endfacet
facet normal 0.6713611 -0.107244655 0.73332995
 outer loop
  vertex 0.36857468 -0.03527607 0.3667185
  vertex 0.33077887 -0.07783355 0.3950967
  vertex 0.36865646 -0.07104677 0.3614124
 endloop
endfacet
facet normal -0.51335555 -0.12706898 0.8487165
 outer loop
  vertex -0.24555409 -0.045609605 0.45738065
  vertex -0.28942502 -0.043132927 0.43121564
  vertex -0.28932884 -0.085194826 0.42497635
 endloop
endfacet
facet normal -0.51335526 -0.12706934 0.84871656
 outer loop
  vertex -0.24555409 -0.045609605 0.45738065
  vertex -0.28932884 -0.085194826 0.42497635
  vertex -0.24545209 -0.09022371 0.45076275
 endloop
endfacet
facet normal 0.7407723 -0.09690997 0.6647292
 outer loop
  vertex 0.40291032 -0.031483352 0.3290079
  vertex 0.36857468 -0.03527607 0.3667185
  vertex 0.36865646 -0.07104677 0.3614124
 endloop
endfacet
facet normal 0.7407724 -0.09691016 0.664729
 outer loop
  vertex 0.40291032 -0.031483352 0.3290079
  vertex 0.36865646 -0.07104677 0.3614124
  vertex 0.4029837 -0.063575655 0.32424742
 endloop
endfacet
facet normal -0.4268304 -0.13364829 0.8944015
 outer loop
  vertex -0.19931833 -0.04764716 0.47914103
  vertex -0.24555409 -0.045609605 0.45738065
  vertex -0.24545209 -0.09022371 0.45076275
 endloop
endfacet
facet normal -0.42683026 -0.13364851 0.89440155
 outer loop
  vertex -0.19931833 -0.04764716 0.47914103
  vertex -0.24545209 -0.09022371 0.45076275
  vertex -0.19921148 -0.09438383 0.47220826
 endloop
endfacet
facet normal 0.80306137 -0.08563976 0.5897103
 outer loop
  vertex 0.43336573 -0.027387433 0.28812885
  vertex 0.40291032 -0.031483352 0.3290079
  vertex 0.4029837 -0.063575655 0.32424742
 endloop
endfacet
facet normal 0.8030612 -0.08563932 0.5897106
 outer loop
  vertex 0.43336573 -0.027387433 0.28812885
  vertex 0.4029837 -0.063575655 0.32424742
  vertex 0.43343 -0.055492286 0.2839599
 endloop
endfacet
facet normal -0.33621377 -0.13894144 0.9314803
 outer loop
  vertex -0.15116301 -0.04922575 0.49628702
  vertex -0.19931833 -0.04764716 0.47914103
  vertex -0.19921148 -0.09438383 0.47220826
 endloop
endfacet
facet normal -0.33621413 -0.13894111 0.9314802
 outer loop
  vertex -0.15116301 -0.04922575 0.49628702
  vertex -0.19921148 -0.09438383 0.47220826
  vertex -0.15105234 -0.09763489 0.48910618
 endloop
endfacet
facet normal 0.8576262 -0.0735405 0.5089883
 outer loop
  vertex 0.4596475 -0.023027826 0.24447495
  vertex 0.43336573 -0.027387433 0.28812885
  vertex 0.43343 -0.055492286 0.2839599
 endloop
endfacet
facet normal 0.8576261 -0.07354021 0.50898856
 outer loop
  vertex 0.4596475 -0.023027826 0.24447495
  vertex 0.43343 -0.055492286 0.2839599
  vertex 0.45970204 -0.046874568 0.2409376
 endloop
endfacet
facet normal -0.2423781 -0.14289783 0.9596004
 outer loop
  vertex -0.10155198 -0.050330322 0.5086534
  vertex -0.15116301 -0.04922575 0.49628702
  vertex -0.15105234 -0.09763489 0.48910618
 endloop
endfacet
facet normal -0.24237747 -0.14289857 0.9596005
 outer loop
  vertex -0.10155198 -0.050330322 0.5086534
  vertex -0.15105234 -0.09763489 0.48910618
  vertex -0.10143854 -0.0999457 0.5012936
 endloop
endfacet
facet normal 0.9039315 -0.060729966 0.4233435
 outer loop
  vertex 0.4815027 -0.018446408 0.1984665
  vertex 0.4596475 -0.023027826 0.24447495
  vertex 0.45970204 -0.046874568 0.2409376
 endloop
endfacet
facet normal 0.90393174 -0.060730897 0.42334294
 outer loop
  vertex 0.4815027 -0.018446408 0.1984665
  vertex 0.45970204 -0.046874568 0.2409376
  vertex 0.48154697 -0.037805367 0.19559485
 endloop
endfacet
facet normal -0.14622404 -0.14548156 0.9784956
 outer loop
  vertex -0.050962888 -0.05095022 0.51612115
  vertex -0.10155198 -0.050330322 0.5086534
  vertex -0.10143854 -0.0999457 0.5012936
 endloop
endfacet
facet normal -0.14622496 -0.14548062 0.97849566
 outer loop
  vertex -0.050962888 -0.05095022 0.51612115
  vertex -0.10143854 -0.0999457 0.5012936
  vertex -0.05084778 -0.101294026 0.50865334
 endloop
endfacet
facet normal -0.9890988 -0.023826236 0.14531334
 outer loop
  vertex -0.5110902 -0.01113377 0.10117772
  vertex -0.51860553 -0.0061924863 0.050833732
  vertex -0.51859415 -0.011150924 0.050098214
 endloop
endfacet
facet normal -0.98909914 -0.023813346 0.14531338
 outer loop
  vertex -0.5110902 -0.01113377 0.10117772
  vertex -0.51859415 -0.011150924 0.050098214
  vertex -0.5110677 -0.02100289 0.09971377
 endloop
endfacet
facet normal 0.9415257 -0.04733277 0.33360004
 outer loop
  vertex 0.49872077 -0.013687396 0.1505469
  vertex 0.4815027 -0.018446408 0.1984665
  vertex 0.48154697 -0.037805367 0.19559485
 endloop
endfacet
facet normal 0.9415255 -0.047331933 0.33360046
 outer loop
  vertex 0.49872077 -0.013687396 0.1505469
  vertex 0.48154697 -0.037805367 0.19559485
  vertex 0.49875435 -0.028372154 0.1483686
 endloop
endfacet
facet normal -0.048673887 -0.14666562 0.9879879
 outer loop
  vertex 0.00011700995 -0.05107936 0.51861846
  vertex -0.050962888 -0.05095022 0.51612115
  vertex -0.05084778 -0.101294026 0.50865334
 endloop
endfacet
facet normal -0.048672993 -0.1466665 0.98798776
 outer loop
  vertex 0.00011700995 -0.05107936 0.51861846
  vertex -0.05084778 -0.101294026 0.50865334
  vertex 0.00023267313 -0.101666756 0.5111145
 endloop
endfacet
facet normal -0.9035498 -0.10605715 0.41515017
 outer loop
  vertex -0.45948273 -0.048976243 0.24093787
  vertex -0.48136893 -0.040007044 0.19559519
  vertex -0.4813255 -0.058991313 0.19083984
 endloop
endfacet
facet normal -0.90354997 -0.10605609 0.41515002
 outer loop
  vertex -0.45948273 -0.048976243 0.24093787
  vertex -0.4813255 -0.058991313 0.19083984
  vertex -0.45942926 -0.072361425 0.23508015
 endloop
endfacet
facet normal 0.24324232 -0.23515879 0.9410279
 outer loop
  vertex 0.15149763 -0.09694312 0.48910603
  vertex 0.101894885 -0.099480785 0.5012935
  vertex 0.10200612 -0.14813589 0.48910603
 endloop
endfacet
facet normal 0.24324352 -0.23515996 0.94102734
 outer loop
  vertex 0.15149763 -0.09694312 0.48910603
  vertex 0.10200612 -0.14813589 0.48910603
  vertex 0.15160617 -0.1444153 0.4772148
 endloop
endfacet
facet normal -0.85716695 -0.12698811 0.4991381
 outer loop
  vertex -0.43317145 -0.057473738 0.2839602
  vertex -0.45948273 -0.048976243 0.24093787
  vertex -0.45942926 -0.072361425 0.23508015
 endloop
endfacet
facet normal -0.85716724 -0.12698703 0.49913785
 outer loop
  vertex -0.43317145 -0.057473738 0.2839602
  vertex -0.45942926 -0.072361425 0.23508015
  vertex -0.43310845 -0.08503463 0.27705655
 endloop
endfacet
facet normal 0.33705103 -0.22803828 0.9134523
 outer loop
  vertex 0.19964133 -0.09347186 0.47220826
  vertex 0.15149763 -0.09694312 0.48910603
  vertex 0.15160617 -0.1444153 0.4772148
 endloop
endfacet
facet normal 0.337051 -0.22803824 0.9134523
 outer loop
  vertex 0.19964133 -0.09347186 0.47220826
  vertex 0.15160617 -0.1444153 0.4772148
  vertex 0.19974612 -0.13930397 0.46072787
 endloop
endfacet
facet normal -0.8025302 -0.14669041 0.5782968
 outer loop
  vertex -0.40268853 -0.0654178 0.32424772
  vertex -0.43317145 -0.057473738 0.2839602
  vertex -0.43310845 -0.08503463 0.27705655
 endloop
endfacet
facet normal -0.8025299 -0.14669146 0.578297
 outer loop
  vertex -0.40268853 -0.0654178 0.32424772
  vertex -0.43310845 -0.08503463 0.27705655
  vertex -0.40261656 -0.09688897 0.3163646
 endloop
endfacet
facet normal 0.42763865 -0.21872261 0.87708926
 outer loop
  vertex 0.24586236 -0.08910038 0.4507626
  vertex 0.19964133 -0.09347186 0.47220826
  vertex 0.19974612 -0.13930397 0.46072787
 endloop
endfacet
facet normal 0.42763865 -0.21872258 0.8770893
 outer loop
  vertex 0.24586236 -0.08910038 0.4507626
  vertex 0.19974612 -0.13930397 0.46072787
  vertex 0.2459624 -0.13285099 0.4398036
 endloop
endfacet
facet normal -0.74017316 -0.1649764 0.6518639
 outer loop
  vertex -0.36832744 -0.07273185 0.3614127
  vertex -0.40268853 -0.0654178 0.32424772
  vertex -0.40261656 -0.09688897 0.3163646
 endloop
endfacet
facet normal -0.74017346 -0.1649757 0.65186375
 outer loop
  vertex -0.36832744 -0.07273185 0.3614127
  vertex -0.40261656 -0.09688897 0.3163646
  vertex -0.36824724 -0.107810214 0.35262603
 endloop
endfacet
facet normal 0.5141209 -0.2073029 0.83228916
 outer loop
  vertex 0.2897157 -0.08387083 0.4249761
  vertex 0.24586236 -0.08910038 0.4507626
  vertex 0.2459624 -0.13285099 0.4398036
 endloop
endfacet
facet normal 0.51412094 -0.20730308 0.832289
 outer loop
  vertex 0.2897157 -0.08387083 0.4249761
  vertex 0.2459624 -0.13285099 0.4398036
  vertex 0.28981 -0.12511863 0.41464403
 endloop
endfacet
facet normal -0.67069954 -0.1816681 0.7191375
 outer loop
  vertex -0.3304192 -0.07934536 0.3950969
  vertex -0.36832744 -0.07273185 0.3614127
  vertex -0.36824724 -0.107810214 0.35262603
 endloop
endfacet
facet normal -0.6706994 -0.18166831 0.71913755
 outer loop
  vertex -0.3304192 -0.07934536 0.3950969
  vertex -0.36824724 -0.107810214 0.35262603
  vertex -0.33033153 -0.11769308 0.38549128
 endloop
endfacet
facet normal 0.59568244 -0.19388567 0.7794683
 outer loop
  vertex 0.33077887 -0.07783355 0.3950967
  vertex 0.2897157 -0.08387083 0.4249761
  vertex 0.28981 -0.12511863 0.41464403
 endloop
endfacet
facet normal 0.5956819 -0.19388503 0.7794688
 outer loop
  vertex 0.33077887 -0.07783355 0.3950967
  vertex 0.28981 -0.12511863 0.41464403
  vertex 0.33086655 -0.11618128 0.38549107
 endloop
endfacet
facet normal -0.59478974 -0.19660683 0.7794683
 outer loop
  vertex -0.28932884 -0.085194826 0.42497635
  vertex -0.3304192 -0.07934536 0.3950969
  vertex -0.33033153 -0.11769308 0.38549128
 endloop
endfacet
facet normal -0.5947895 -0.19660717 0.77946836
 outer loop
  vertex -0.28932884 -0.085194826 0.42497635
  vertex -0.33033153 -0.11769308 0.38549128
  vertex -0.28923455 -0.12644263 0.41464427
 endloop
endfacet
facet normal 0.67152417 -0.17859916 0.7191367
 outer loop
  vertex 0.36865646 -0.07104677 0.3614124
  vertex 0.33077887 -0.07783355 0.3950967
  vertex 0.33086655 -0.11618128 0.38549107
 endloop
endfacet
facet normal 0.67152417 -0.17859921 0.7191367
 outer loop
  vertex 0.36865646 -0.07104677 0.3614124
  vertex 0.33086655 -0.11618128 0.38549107
  vertex 0.36873665 -0.10612513 0.35262573
 endloop
endfacet
facet normal -0.5131664 -0.20965172 0.8322899
 outer loop
  vertex -0.24545209 -0.09022371 0.45076275
  vertex -0.28932884 -0.085194826 0.42497635
  vertex -0.28923455 -0.12644263 0.41464427
 endloop
endfacet
facet normal -0.51316667 -0.20965129 0.8322899
 outer loop
  vertex -0.24545209 -0.09022371 0.45076275
  vertex -0.28923455 -0.12644263 0.41464427
  vertex -0.24535206 -0.13397431 0.43980378
 endloop
endfacet
facet normal 0.7409203 -0.16158947 0.6518634
 outer loop
  vertex 0.4029837 -0.063575655 0.32424742
  vertex 0.36865646 -0.07104677 0.3614124
  vertex 0.36873665 -0.10612513 0.35262573
 endloop
endfacet
facet normal 0.7409202 -0.16158918 0.6518637
 outer loop
  vertex 0.4029837 -0.063575655 0.32424742
  vertex 0.36873665 -0.10612513 0.35262573
  vertex 0.40305567 -0.095046826 0.3163643
 endloop
endfacet
facet normal -0.42663136 -0.2206755 0.87709063
 outer loop
  vertex -0.19921148 -0.09438383 0.47220826
  vertex -0.24545209 -0.09022371 0.45076275
  vertex -0.24535206 -0.13397431 0.43980378
 endloop
endfacet
facet normal -0.42663127 -0.22067554 0.87709063
 outer loop
  vertex -0.19921148 -0.09438383 0.47220826
  vertex -0.24535206 -0.13397431 0.43980378
  vertex -0.1991067 -0.14021592 0.4607279
 endloop
endfacet
facet normal 0.80319244 -0.14301924 0.57829696
 outer loop
  vertex 0.43343 -0.055492286 0.2839599
  vertex 0.4029837 -0.063575655 0.32424742
  vertex 0.40305567 -0.095046826 0.3163643
 endloop
endfacet
facet normal 0.8031926 -0.14301981 0.57829654
 outer loop
  vertex 0.43343 -0.055492286 0.2839599
  vertex 0.40305567 -0.095046826 0.3163643
  vertex 0.433493 -0.08305318 0.27705625
 endloop
endfacet
facet normal -0.33600676 -0.22957633 0.91345173
 outer loop
  vertex -0.15105234 -0.09763489 0.48910618
  vertex -0.19921148 -0.09438383 0.47220826
  vertex -0.1991067 -0.14021592 0.4607279
 endloop
endfacet
facet normal -0.33600676 -0.22957641 0.9134518
 outer loop
  vertex -0.15105234 -0.09763489 0.48910618
  vertex -0.1991067 -0.14021592 0.4607279
  vertex -0.1509438 -0.14510708 0.477215
 endloop
endfacet
facet normal 0.8577393 -0.123066686 0.49913716
 outer loop
  vertex 0.45970204 -0.046874568 0.2409376
  vertex 0.43343 -0.055492286 0.2839599
  vertex 0.433493 -0.08305318 0.27705625
 endloop
endfacet
facet normal 0.8577393 -0.123067 0.4991369
 outer loop
  vertex 0.45970204 -0.046874568 0.2409376
  vertex 0.433493 -0.08305318 0.27705625
  vertex 0.4597555 -0.070259765 0.23507988
 endloop
endfacet
facet normal -0.242164 -0.23626934 0.9410278
 outer loop
  vertex -0.10143854 -0.0999457 0.5012936
  vertex -0.15105234 -0.09763489 0.48910618
  vertex -0.1509438 -0.14510708 0.477215
 endloop
endfacet
facet normal -0.24216367 -0.23626968 0.94102776
 outer loop
  vertex -0.10143854 -0.0999457 0.5012936
  vertex -0.1509438 -0.14510708 0.477215
  vertex -0.1013273 -0.1486008 0.4891061
 endloop
endfacet
facet normal 0.9040258 -0.10192323 0.41514927
 outer loop
  vertex 0.48154697 -0.037805367 0.19559485
  vertex 0.45970204 -0.046874568 0.2409376
  vertex 0.4597555 -0.070259765 0.23507988
 endloop
endfacet
facet normal 0.90402573 -0.10192266 0.41514966
 outer loop
  vertex 0.48154697 -0.037805367 0.19559485
  vertex 0.4597555 -0.070259765 0.23507988
  vertex 0.4815904 -0.056789637 0.1908395
 endloop
endfacet
facet normal -0.14600736 -0.24069118 0.95955706
 outer loop
  vertex -0.05084778 -0.101294026 0.50865334
  vertex -0.10143854 -0.0999457 0.5012936
  vertex -0.1013273 -0.1486008 0.4891061
 endloop
endfacet
facet normal -0.14600782 -0.24069071 0.95955706
 outer loop
  vertex -0.05084778 -0.101294026 0.50865334
  vertex -0.1013273 -0.1486008 0.4891061
  vertex -0.050734904 -0.15066345 0.49628693
 endloop
endfacet
facet normal -0.98906684 -0.037949923 0.14250143
 outer loop
  vertex -0.5110677 -0.02100289 0.09971377
  vertex -0.51859415 -0.011150924 0.050098214
  vertex -0.51858306 -0.01601339 0.048880227
 endloop
endfacet
facet normal -0.9890665 -0.037960578 0.14250033
 outer loop
  vertex -0.5110677 -0.02100289 0.09971377
  vertex -0.51858306 -0.01601339 0.048880227
  vertex -0.5110455 -0.030681 0.097289525
 endloop
endfacet
facet normal 0.9415998 -0.07979219 0.32714376
 outer loop
  vertex 0.49875435 -0.028372154 0.1483686
  vertex 0.48154697 -0.037805367 0.19559485
  vertex 0.4815904 -0.056789637 0.1908395
 endloop
endfacet
facet normal 0.94159985 -0.07979207 0.3271438
 outer loop
  vertex 0.49875435 -0.028372154 0.1483686
  vertex 0.4815904 -0.056789637 0.1908395
  vertex 0.49878728 -0.04277269 0.14476144
 endloop
endfacet
facet normal -0.04845314 -0.24279936 0.96886575
 outer loop
  vertex 0.00023267313 -0.101666756 0.5111145
  vertex -0.05084778 -0.101294026 0.50865334
  vertex -0.050734904 -0.15066345 0.49628693
 endloop
endfacet
facet normal -0.048452422 -0.24280004 0.9688656
 outer loop
  vertex 0.00023267313 -0.101666756 0.5111145
  vertex -0.050734904 -0.15066345 0.49628693
  vertex 0.00034609585 -0.15127505 0.4986882
 endloop
endfacet
facet normal -0.96982414 -0.061328474 0.23596592
 outer loop
  vertex -0.4986193 -0.030652592 0.14836892
  vertex -0.5110677 -0.02100289 0.09971377
  vertex -0.5110455 -0.030681 0.097289525
 endloop
endfacet
facet normal -0.96982443 -0.06132435 0.23596598
 outer loop
  vertex -0.4986193 -0.030652592 0.14836892
  vertex -0.5110455 -0.030681 0.097289525
  vertex -0.49858636 -0.04505312 0.14476177
 endloop
endfacet
facet normal 0.9700949 -0.056887835 0.23596503
 outer loop
  vertex 0.5111584 -0.01866562 0.09971339
  vertex 0.49875435 -0.028372154 0.1483686
  vertex 0.49878728 -0.04277269 0.14476144
 endloop
endfacet
facet normal 0.9700948 -0.05688423 0.23596688
 outer loop
  vertex 0.5111584 -0.01866562 0.09971339
  vertex 0.49878728 -0.04277269 0.14476144
  vertex 0.5111806 -0.028343726 0.097289145
 endloop
endfacet
facet normal 0.04956297 -0.24257593 0.9688655
 outer loop
  vertex 0.051310822 -0.10106045 0.50865334
  vertex 0.00023267313 -0.101666756 0.5111145
  vertex 0.00034609585 -0.15127505 0.4986882
 endloop
endfacet
facet normal 0.049563445 -0.2425764 0.96886545
 outer loop
  vertex 0.051310822 -0.10106045 0.50865334
  vertex 0.00034609585 -0.15127505 0.4986882
  vertex 0.0514237 -0.15042986 0.49628687
 endloop
endfacet
facet normal -0.941225 -0.0840979 0.3271438
 outer loop
  vertex -0.48136893 -0.040007044 0.19559519
  vertex -0.4986193 -0.030652592 0.14836892
  vertex -0.49858636 -0.04505312 0.14476177
 endloop
endfacet
facet normal -0.9412249 -0.084098704 0.32714385
 outer loop
  vertex -0.48136893 -0.040007044 0.19559519
  vertex -0.49858636 -0.04505312 0.14476177
  vertex -0.4813255 -0.058991313 0.19083984
 endloop
endfacet
facet normal 0.9892298 -0.033428717 0.1425023
 outer loop
  vertex 0.5186398 -0.008779331 0.05009781
  vertex 0.5111584 -0.01866562 0.09971339
  vertex 0.5111806 -0.028343726 0.097289145
 endloop
endfacet
facet normal 0.98923004 -0.033438604 0.14249825
 outer loop
  vertex 0.5186398 -0.008779331 0.05009781
  vertex 0.5111806 -0.028343726 0.097289145
  vertex 0.5186509 -0.013641796 0.04887982
 endloop
endfacet
facet normal 0.14710872 -0.2400216 0.95955646
 outer loop
  vertex 0.101894885 -0.099480785 0.5012935
  vertex 0.051310822 -0.10106045 0.50865334
  vertex 0.0514237 -0.15042986 0.49628687
 endloop
endfacet
facet normal 0.14710696 -0.24001993 0.9595572
 outer loop
  vertex 0.101894885 -0.099480785 0.5012935
  vertex 0.0514237 -0.15042986 0.49628687
  vertex 0.10200612 -0.14813589 0.48910603
 endloop
endfacet
facet normal -0.8024019 -0.20267664 0.5613139
 outer loop
  vertex -0.40261656 -0.09688897 0.3163646
  vertex -0.43310845 -0.08503463 0.27705655
  vertex -0.43304726 -0.11178615 0.2674847
 endloop
endfacet
facet normal -0.8024021 -0.2026762 0.5613139
 outer loop
  vertex -0.40261656 -0.09688897 0.3163646
  vertex -0.43304726 -0.11178615 0.2674847
  vertex -0.40254673 -0.12743592 0.30543467
 endloop
endfacet
facet normal 0.42783272 -0.30363417 0.8513316
 outer loop
  vertex 0.2459624 -0.13285099 0.4398036
  vertex 0.19974612 -0.13930397 0.46072787
  vertex 0.19984783 -0.1837901 0.44481042
 endloop
endfacet
facet normal 0.42783296 -0.30363438 0.85133135
 outer loop
  vertex 0.2459624 -0.13285099 0.4398036
  vertex 0.19984783 -0.1837901 0.44481042
  vertex 0.24605949 -0.17531677 0.42460904
 endloop
endfacet
facet normal -0.7400292 -0.2280833 0.6327202
 outer loop
  vertex -0.36824724 -0.107810214 0.35262603
  vertex -0.40261656 -0.09688897 0.3163646
  vertex -0.40254673 -0.12743592 0.30543467
 endloop
endfacet
facet normal -0.74002886 -0.22808409 0.6327203
 outer loop
  vertex -0.36824724 -0.107810214 0.35262603
  vertex -0.40254673 -0.12743592 0.30543467
  vertex -0.3681694 -0.14185843 0.3404433
 endloop
endfacet
facet normal 0.51430523 -0.2878776 0.8078469
 outer loop
  vertex 0.28981 -0.12511863 0.41464403
  vertex 0.2459624 -0.13285099 0.4398036
  vertex 0.24605949 -0.17531677 0.42460904
 endloop
endfacet
facet normal 0.5143049 -0.28787723 0.8078472
 outer loop
  vertex 0.28981 -0.12511863 0.41464403
  vertex 0.24605949 -0.17531677 0.42460904
  vertex 0.28990155 -0.16515508 0.4003187
 endloop
endfacet
facet normal -0.6705402 -0.2512893 0.69801825
 outer loop
  vertex -0.33033153 -0.11769308 0.38549128
  vertex -0.36824724 -0.107810214 0.35262603
  vertex -0.3681694 -0.14185843 0.3404433
 endloop
endfacet
facet normal -0.67054045 -0.25128886 0.6980182
 outer loop
  vertex -0.33033153 -0.11769308 0.38549128
  vertex -0.3681694 -0.14185843 0.3404433
  vertex -0.33024642 -0.15491465 0.37217316
 endloop
endfacet
facet normal 0.59585446 -0.2693462 0.75657785
 outer loop
  vertex 0.33086655 -0.11618128 0.38549107
  vertex 0.28981 -0.12511863 0.41464403
  vertex 0.28990155 -0.16515508 0.4003187
 endloop
endfacet
facet normal 0.59585434 -0.26934612 0.756578
 outer loop
  vertex 0.33086655 -0.11618128 0.38549107
  vertex 0.28990155 -0.16515508 0.4003187
  vertex 0.33095166 -0.15340284 0.37217295
 endloop
endfacet
facet normal -0.59461707 -0.27206817 0.75657755
 outer loop
  vertex -0.28923455 -0.12644263 0.41464427
  vertex -0.33033153 -0.11769308 0.38549128
  vertex -0.33024642 -0.15491465 0.37217316
 endloop
endfacet
facet normal -0.5946169 -0.27206844 0.75657755
 outer loop
  vertex -0.28923455 -0.12644263 0.41464427
  vertex -0.33024642 -0.15491465 0.37217316
  vertex -0.289143 -0.16647908 0.40031895
 endloop
endfacet
facet normal 0.6716833 -0.2482194 0.69801754
 outer loop
  vertex 0.36873665 -0.10612513 0.35262573
  vertex 0.33086655 -0.11618128 0.38549107
  vertex 0.33095166 -0.15340284 0.37217295
 endloop
endfacet
facet normal 0.67168385 -0.2482201 0.6980169
 outer loop
  vertex 0.36873665 -0.10612513 0.35262573
  vertex 0.33095166 -0.15340284 0.37217295
  vertex 0.3688145 -0.14017335 0.34044302
 endloop
endfacet
facet normal -0.51298237 -0.2902265 0.80784756
 outer loop
  vertex -0.24535206 -0.13397431 0.43980378
  vertex -0.28923455 -0.12644263 0.41464427
  vertex -0.289143 -0.16647908 0.40031895
 endloop
endfacet
facet normal -0.5129823 -0.29022667 0.8078476
 outer loop
  vertex -0.24535206 -0.13397431 0.43980378
  vertex -0.289143 -0.16647908 0.40031895
  vertex -0.24525496 -0.17644009 0.4246092
 endloop
endfacet
facet normal 0.7410645 -0.22469774 0.6327199
 outer loop
  vertex 0.40305567 -0.095046826 0.3163643
  vertex 0.36873665 -0.10612513 0.35262573
  vertex 0.3688145 -0.14017335 0.34044302
 endloop
endfacet
facet normal 0.74106437 -0.22469756 0.63272
 outer loop
  vertex 0.40305567 -0.095046826 0.3163643
  vertex 0.3688145 -0.14017335 0.34044302
  vertex 0.4031255 -0.12559378 0.30543438
 endloop
endfacet
facet normal -0.42643723 -0.30558807 0.85133266
 outer loop
  vertex -0.1991067 -0.14021592 0.4607279
  vertex -0.24535206 -0.13397431 0.43980378
  vertex -0.24525496 -0.17644009 0.4246092
 endloop
endfacet
facet normal -0.42643735 -0.3055879 0.8513326
 outer loop
  vertex -0.1991067 -0.14021592 0.4607279
  vertex -0.24525496 -0.17644009 0.4246092
  vertex -0.19900498 -0.18470204 0.44481045
 endloop
endfacet
facet normal 0.8033207 -0.1990055 0.5613134
 outer loop
  vertex 0.433493 -0.08305318 0.27705625
  vertex 0.40305567 -0.095046826 0.3163643
  vertex 0.4031255 -0.12559378 0.30543438
 endloop
endfacet
facet normal 0.8033201 -0.19900434 0.5613145
 outer loop
  vertex 0.433493 -0.08305318 0.27705625
  vertex 0.4031255 -0.12559378 0.30543438
  vertex 0.43355417 -0.1098047 0.2674844
 endloop
endfacet
facet normal -0.3358045 -0.3180089 0.886626
 outer loop
  vertex -0.1509438 -0.14510708 0.477215
  vertex -0.1991067 -0.14021592 0.4607279
  vertex -0.19900498 -0.18470204 0.44481045
 endloop
endfacet
facet normal -0.33580488 -0.3180084 0.886626
 outer loop
  vertex -0.1509438 -0.14510708 0.477215
  vertex -0.19900498 -0.18470204 0.44481045
  vertex -0.15083845 -0.19118513 0.46072796
 endloop
endfacet
facet normal 0.85784984 -0.17138743 0.48447907
 outer loop
  vertex 0.4597555 -0.070259765 0.23507988
  vertex 0.433493 -0.08305318 0.27705625
  vertex 0.43355417 -0.1098047 0.2674844
 endloop
endfacet
facet normal 0.8578502 -0.17138854 0.484478
 outer loop
  vertex 0.4597555 -0.070259765 0.23507988
  vertex 0.43355417 -0.1098047 0.2674844
  vertex 0.4598074 -0.092958204 0.22695823
 endloop
endfacet
facet normal -0.24195546 -0.32737106 0.9133924
 outer loop
  vertex -0.1013273 -0.1486008 0.4891061
  vertex -0.1509438 -0.14510708 0.477215
  vertex -0.15083845 -0.19118513 0.46072796
 endloop
endfacet
facet normal -0.24195476 -0.32737175 0.91339236
 outer loop
  vertex -0.1013273 -0.1486008 0.4891061
  vertex -0.15083845 -0.19118513 0.46072796
  vertex -0.101219326 -0.195827 0.4722082
 endloop
endfacet
facet normal 0.90411764 -0.14211425 0.40295762
 outer loop
  vertex 0.4815904 -0.056789637 0.1908395
  vertex 0.4597555 -0.070259765 0.23507988
  vertex 0.4598074 -0.092958204 0.22695823
 endloop
endfacet
facet normal 0.90411776 -0.14211461 0.40295738
 outer loop
  vertex 0.4815904 -0.056789637 0.1908395
  vertex 0.4598074 -0.092958204 0.22695823
  vertex 0.4816325 -0.07521639 0.18424629
 endloop
endfacet
facet normal -0.1457955 -0.333587 0.9313771
 outer loop
  vertex -0.050734904 -0.15066345 0.49628693
  vertex -0.1013273 -0.1486008 0.4891061
  vertex -0.101219326 -0.195827 0.4722082
 endloop
endfacet
facet normal -0.14579576 -0.3335867 0.9313772
 outer loop
  vertex -0.050734904 -0.15066345 0.49628693
  vertex -0.101219326 -0.195827 0.4722082
  vertex -0.050625343 -0.19858302 0.47914097
 endloop
endfacet
facet normal -0.989035 -0.051751498 0.1383169
 outer loop
  vertex -0.5110455 -0.030681 0.097289525
  vertex -0.51858306 -0.01601339 0.048880227
  vertex -0.5185723 -0.02073306 0.047191497
 endloop
endfacet
facet normal -0.98903495 -0.051749878 0.13831721
 outer loop
  vertex -0.5110455 -0.030681 0.097289525
  vertex -0.5185723 -0.02073306 0.047191497
  vertex -0.51102406 -0.04007489 0.09392834
 endloop
endfacet
facet normal 0.9416722 -0.11146447 0.31753606
 outer loop
  vertex 0.49878728 -0.04277269 0.14476144
  vertex 0.4815904 -0.056789637 0.1908395
  vertex 0.4816325 -0.07521639 0.18424629
 endloop
endfacet
facet normal 0.94167227 -0.11146455 0.317536
 outer loop
  vertex 0.49878728 -0.04277269 0.14476144
  vertex 0.4816325 -0.07521639 0.18424629
  vertex 0.49881923 -0.056750324 0.13976014
 endloop
endfacet
facet normal -0.04823792 -0.33659658 0.9404126
 outer loop
  vertex 0.00034609585 -0.15127505 0.4986882
  vertex -0.050734904 -0.15066345 0.49628693
  vertex -0.050625343 -0.19858302 0.47914097
 endloop
endfacet
facet normal -0.048238873 -0.33659565 0.94041294
 outer loop
  vertex 0.00034609585 -0.15127505 0.4986882
  vertex -0.050625343 -0.19858302 0.47914097
  vertex 0.00045618572 -0.19942649 0.48145932
 endloop
endfacet
facet normal -0.9697723 -0.08416595 0.22903706
 outer loop
  vertex -0.49858636 -0.04505312 0.14476177
  vertex -0.5110455 -0.030681 0.097289525
  vertex -0.51102406 -0.04007489 0.09392834
 endloop
endfacet
facet normal -0.9697721 -0.08416773 0.22903684
 outer loop
  vertex -0.49858636 -0.04505312 0.14476177
  vertex -0.51102406 -0.04007489 0.09392834
  vertex -0.4985544 -0.059030753 0.13976046
 endloop
endfacet
facet normal 0.9701471 -0.079733334 0.22903566
 outer loop
  vertex 0.5111806 -0.028343726 0.097289145
  vertex 0.49878728 -0.04277269 0.14476144
  vertex 0.49881923 -0.056750324 0.13976014
 endloop
endfacet
facet normal 0.970147 -0.07973414 0.22903514
 outer loop
  vertex 0.5111806 -0.028343726 0.097289145
  vertex 0.49881923 -0.056750324 0.13976014
  vertex 0.51120204 -0.03773761 0.09392796
 endloop
endfacet
facet normal 0.049777847 -0.33637154 0.9404129
 outer loop
  vertex 0.0514237 -0.15042986 0.49628687
  vertex 0.00034609585 -0.15127505 0.4986882
  vertex 0.00045618572 -0.19942649 0.48145932
 endloop
endfacet
facet normal 0.049778808 -0.33637246 0.9404125
 outer loop
  vertex 0.0514237 -0.15042986 0.49628687
  vertex 0.00045618572 -0.19942649 0.48145932
  vertex 0.05153326 -0.19834943 0.4791409
 endloop
endfacet
facet normal -0.9411525 -0.11576838 0.31753698
 outer loop
  vertex -0.4813255 -0.058991313 0.19083984
  vertex -0.49858636 -0.04505312 0.14476177
  vertex -0.4985544 -0.059030753 0.13976046
 endloop
endfacet
facet normal -0.9411525 -0.115767695 0.31753698
 outer loop
  vertex -0.4813255 -0.058991313 0.19083984
  vertex -0.4985544 -0.059030753 0.13976046
  vertex -0.4812834 -0.07741806 0.18424663
 endloop
endfacet
facet normal 0.98926157 -0.047230095 0.1383146
 outer loop
  vertex 0.5186509 -0.013641796 0.04887982
  vertex 0.5111806 -0.028343726 0.097289145
  vertex 0.51120204 -0.03773761 0.09392796
 endloop
endfacet
facet normal 0.98926145 -0.047228895 0.13831526
 outer loop
  vertex 0.5186509 -0.013641796 0.04887982
  vertex 0.51120204 -0.03773761 0.09392796
  vertex 0.5186617 -0.018361464 0.04719109
 endloop
endfacet
facet normal 0.14731942 -0.33291656 0.93137723
 outer loop
  vertex 0.10200612 -0.14813589 0.48910603
  vertex 0.0514237 -0.15042986 0.49628687
  vertex 0.05153326 -0.19834943 0.4791409
 endloop
endfacet
facet normal 0.1473197 -0.33291683 0.9313771
 outer loop
  vertex 0.10200612 -0.14813589 0.48910603
  vertex 0.05153326 -0.19834943 0.4791409
  vertex 0.1021141 -0.19536209 0.47220814
 endloop
endfacet
facet normal -0.9034581 -0.14624594 0.4029586
 outer loop
  vertex -0.45942926 -0.072361425 0.23508015
  vertex -0.4813255 -0.058991313 0.19083984
  vertex -0.4812834 -0.07741806 0.18424663
 endloop
endfacet
facet normal -0.903458 -0.1462465 0.40295863
 outer loop
  vertex -0.45942926 -0.072361425 0.23508015
  vertex -0.4812834 -0.07741806 0.18424663
  vertex -0.45937738 -0.09505986 0.2269585
 endloop
endfacet
facet normal 0.24345183 -0.32626173 0.91339177
 outer loop
  vertex 0.15160617 -0.1444153 0.4772148
  vertex 0.10200612 -0.14813589 0.48910603
  vertex 0.1021141 -0.19536209 0.47220814
 endloop
endfacet
facet normal 0.24345063 -0.32626066 0.9133925
 outer loop
  vertex 0.15160617 -0.1444153 0.4772148
  vertex 0.1021141 -0.19536209 0.47220814
  vertex 0.15171152 -0.19049336 0.4607278
 endloop
endfacet
facet normal -0.85705674 -0.17530921 0.48447946
 outer loop
  vertex -0.43310845 -0.08503463 0.27705655
  vertex -0.45942926 -0.072361425 0.23508015
  vertex -0.45937738 -0.09505986 0.2269585
 endloop
endfacet
facet normal -0.85705656 -0.17530979 0.48447958
 outer loop
  vertex -0.43310845 -0.08503463 0.27705655
  vertex -0.45937738 -0.09505986 0.2269585
  vertex -0.43304726 -0.11178615 0.2674847
 endloop
endfacet
facet normal 0.33725318 -0.31646934 0.886627
 outer loop
  vertex 0.19974612 -0.13930397 0.46072787
  vertex 0.15160617 -0.1444153 0.4772148
  vertex 0.15171152 -0.19049336 0.4607278
 endloop
endfacet
facet normal 0.33725396 -0.31647006 0.8866265
 outer loop
  vertex 0.19974612 -0.13930397 0.46072787
  vertex 0.15171152 -0.19049336 0.4607278
  vertex 0.19984783 -0.1837901 0.44481042
 endloop
endfacet
facet normal -0.6703868 -0.31850368 0.6701768
 outer loop
  vertex -0.33024642 -0.15491465 0.37217316
  vertex -0.3681694 -0.14185843 0.3404433
  vertex -0.36809465 -0.17454857 0.324982
 endloop
endfacet
facet normal -0.6703869 -0.3185034 0.67017686
 outer loop
  vertex -0.33024642 -0.15491465 0.37217316
  vertex -0.36809465 -0.17454857 0.324982
  vertex -0.33016473 -0.19065157 0.3552708
 endloop
endfacet
facet normal 0.59602094 -0.34220025 0.72640073
 outer loop
  vertex 0.33095166 -0.15340284 0.37217295
  vertex 0.28990155 -0.16515508 0.4003187
  vertex 0.2899894 -0.20359462 0.38213813
 endloop
endfacet
facet normal 0.5960212 -0.34220052 0.7264005
 outer loop
  vertex 0.33095166 -0.15340284 0.37217295
  vertex 0.2899894 -0.20359462 0.38213813
  vertex 0.33103335 -0.18913975 0.3552706
 endloop
endfacet
facet normal -0.59445035 -0.34492183 0.7264006
 outer loop
  vertex -0.289143 -0.16647908 0.40031895
  vertex -0.33024642 -0.15491465 0.37217316
  vertex -0.33016473 -0.19065157 0.3552708
 endloop
endfacet
facet normal -0.5944504 -0.34492165 0.72640055
 outer loop
  vertex -0.289143 -0.16647908 0.40031895
  vertex -0.33016473 -0.19065157 0.3552708
  vertex -0.28905514 -0.20491862 0.38213834
 endloop
endfacet
facet normal 0.67183745 -0.31543475 0.6701756
 outer loop
  vertex 0.3688145 -0.14017335 0.34044302
  vertex 0.33095166 -0.15340284 0.37217295
  vertex 0.33103335 -0.18913975 0.3552706
 endloop
endfacet
facet normal 0.6718371 -0.31543443 0.6701761
 outer loop
  vertex 0.3688145 -0.14017335 0.34044302
  vertex 0.33103335 -0.18913975 0.3552706
  vertex 0.36888924 -0.17286348 0.3249817
 endloop
endfacet
facet normal -0.51280427 -0.36801687 0.7756257
 outer loop
  vertex -0.24525496 -0.17644009 0.4246092
  vertex -0.289143 -0.16647908 0.40031895
  vertex -0.28905514 -0.20491862 0.38213834
 endloop
endfacet
facet normal -0.5128044 -0.36801684 0.77562577
 outer loop
  vertex -0.24525496 -0.17644009 0.4246092
  vertex -0.28905514 -0.20491862 0.38213834
  vertex -0.24516176 -0.21721204 0.40532547
 endloop
endfacet
facet normal 0.74120367 -0.28562424 0.6074832
 outer loop
  vertex 0.4031255 -0.12559378 0.30543438
  vertex 0.3688145 -0.14017335 0.34044302
  vertex 0.36888924 -0.17286348 0.3249817
 endloop
endfacet
facet normal 0.7412036 -0.2856239 0.60748357
 outer loop
  vertex 0.4031255 -0.12559378 0.30543438
  vertex 0.36888924 -0.17286348 0.3249817
  vertex 0.40319255 -0.1549223 0.291563
 endloop
endfacet
facet normal -0.42625 -0.38756555 0.8173762
 outer loop
  vertex -0.19900498 -0.18470204 0.44481045
  vertex -0.24525496 -0.17644009 0.4246092
  vertex -0.24516176 -0.21721204 0.40532547
 endloop
endfacet
facet normal -0.4262493 -0.38756648 0.81737614
 outer loop
  vertex -0.19900498 -0.18470204 0.44481045
  vertex -0.24516176 -0.21721204 0.40532547
  vertex -0.19890733 -0.22741376 0.4246092
 endloop
endfacet
facet normal 0.8034438 -0.25305602 0.5389254
 outer loop
  vertex 0.43355417 -0.1098047 0.2674844
  vertex 0.4031255 -0.12559378 0.30543438
  vertex 0.40319255 -0.1549223 0.291563
 endloop
endfacet
facet normal 0.8034441 -0.25305668 0.53892463
 outer loop
  vertex 0.43355417 -0.1098047 0.2674844
  vertex 0.40319255 -0.1549223 0.291563
  vertex 0.43361288 -0.1354892 0.2553365
 endloop
endfacet
facet normal -0.33560959 -0.40338588 0.8512614
 outer loop
  vertex -0.15083845 -0.19118513 0.46072796
  vertex -0.19900498 -0.18470204 0.44481045
  vertex -0.19890733 -0.22741376 0.4246092
 endloop
endfacet
facet normal -0.33560997 -0.4033855 0.8512615
 outer loop
  vertex -0.15083845 -0.19118513 0.46072796
  vertex -0.19890733 -0.22741376 0.4246092
  vertex -0.1507373 -0.23542531 0.43980384
 endloop
endfacet
facet normal 0.8579568 -0.218041 0.46515393
 outer loop
  vertex 0.4598074 -0.092958204 0.22695823
  vertex 0.43355417 -0.1098047 0.2674844
  vertex 0.43361288 -0.1354892 0.2553365
 endloop
endfacet
facet normal 0.8579567 -0.21804063 0.46515438
 outer loop
  vertex 0.4598074 -0.092958204 0.22695823
  vertex 0.43361288 -0.1354892 0.2553365
  vertex 0.45985723 -0.11475127 0.21665084
 endloop
endfacet
facet normal -0.24175374 -0.41532567 0.87696046
 outer loop
  vertex -0.101219326 -0.195827 0.4722082
  vertex -0.15083845 -0.19118513 0.46072796
  vertex -0.1507373 -0.23542531 0.43980384
 endloop
endfacet
facet normal -0.24175392 -0.4153255 0.8769605
 outer loop
  vertex -0.101219326 -0.195827 0.4722082
  vertex -0.1507373 -0.23542531 0.43980384
  vertex -0.10111566 -0.24116953 0.45076272
 endloop
endfacet
facet normal 0.9042064 -0.18091619 0.38688517
 outer loop
  vertex 0.4816325 -0.07521639 0.18424629
  vertex 0.4598074 -0.092958204 0.22695823
  vertex 0.45985723 -0.11475127 0.21665084
 endloop
endfacet
facet normal 0.9042062 -0.18091558 0.38688588
 outer loop
  vertex 0.4816325 -0.07521639 0.18424629
  vertex 0.45985723 -0.11475127 0.21665084
  vertex 0.48167297 -0.09290816 0.17587867
 endloop
endfacet
facet normal -0.14559078 -0.42327258 0.894228
 outer loop
  vertex -0.050625343 -0.19858302 0.47914097
  vertex -0.101219326 -0.195827 0.4722082
  vertex -0.10111566 -0.24116953 0.45076272
 endloop
endfacet
facet normal -0.14559074 -0.42327258 0.8942279
 outer loop
  vertex -0.050625343 -0.19858302 0.47914097
  vertex -0.10111566 -0.24116953 0.45076272
  vertex -0.050520156 -0.24459125 0.45738062
 endloop
endfacet
facet normal -0.98900455 -0.06507277 0.13279869
 outer loop
  vertex -0.51102406 -0.04007489 0.09392834
  vertex -0.5185723 -0.02073306 0.047191497
  vertex -0.5185619 -0.025264477 0.045048293
 endloop
endfacet
facet normal -0.9890046 -0.0650709 0.13279925
 outer loop
  vertex -0.51102406 -0.04007489 0.09392834
  vertex -0.5185619 -0.025264477 0.045048293
  vertex -0.51100343 -0.049094092 0.08966257
 endloop
endfacet
facet normal 0.9417421 -0.14203963 0.3048714
 outer loop
  vertex 0.49881923 -0.056750324 0.13976014
  vertex 0.4816325 -0.07521639 0.18424629
  vertex 0.48167297 -0.09290816 0.17587867
 endloop
endfacet
facet normal 0.9417421 -0.14203966 0.30487138
 outer loop
  vertex 0.49881923 -0.056750324 0.13976014
  vertex 0.48167297 -0.09290816 0.17587867
  vertex 0.49884993 -0.07017043 0.13341288
 endloop
endfacet
facet normal -0.04803175 -0.4271525 0.90290284
 outer loop
  vertex 0.00045618572 -0.19942649 0.48145932
  vertex -0.050625343 -0.19858302 0.47914097
  vertex -0.050520156 -0.24459125 0.45738062
 endloop
endfacet
facet normal -0.048031785 -0.42715245 0.9029029
 outer loop
  vertex 0.00045618572 -0.19942649 0.48145932
  vertex -0.050520156 -0.24459125 0.45738062
  vertex 0.0005618825 -0.24565734 0.45959368
 endloop
endfacet
facet normal -0.9697217 -0.106222995 0.2199012
 outer loop
  vertex -0.4985544 -0.059030753 0.13976046
  vertex -0.51102406 -0.04007489 0.09392834
  vertex -0.51100343 -0.049094092 0.08966257
 endloop
endfacet
facet normal -0.9697216 -0.10622374 0.21990106
 outer loop
  vertex -0.4985544 -0.059030753 0.13976046
  vertex -0.51100343 -0.049094092 0.08966257
  vertex -0.4985237 -0.07245086 0.13341321
 endloop
endfacet
facet normal 0.97019756 -0.1017864 0.21990077
 outer loop
  vertex 0.51120204 -0.03773761 0.09392796
  vertex 0.49881923 -0.056750324 0.13976014
  vertex 0.49884993 -0.07017043 0.13341288
 endloop
endfacet
facet normal 0.9701976 -0.10178681 0.21990043
 outer loop
  vertex 0.51120204 -0.03773761 0.09392796
  vertex 0.49884993 -0.07017043 0.13341288
  vertex 0.51122266 -0.046756815 0.08966219
 endloop
endfacet
facet normal 0.049985763 -0.42692834 0.90290284
 outer loop
  vertex 0.05153326 -0.19834943 0.4791409
  vertex 0.00045618572 -0.19942649 0.48145932
  vertex 0.0005618825 -0.24565734 0.45959368
 endloop
endfacet
facet normal 0.049985792 -0.42692834 0.90290284
 outer loop
  vertex 0.05153326 -0.19834943 0.4791409
  vertex 0.0005618825 -0.24565734 0.45959368
  vertex 0.051638447 -0.24435766 0.45738056
 endloop
endfacet
facet normal -0.94108266 -0.14634614 0.30487093
 outer loop
  vertex -0.4812834 -0.07741806 0.18424663
  vertex -0.4985544 -0.059030753 0.13976046
  vertex -0.4985237 -0.07245086 0.13341321
 endloop
endfacet
facet normal -0.94108254 -0.14634676 0.3048708
 outer loop
  vertex -0.4812834 -0.07741806 0.18424663
  vertex -0.4985237 -0.07245086 0.13341321
  vertex -0.48124292 -0.09510983 0.175879
 endloop
endfacet
facet normal 0.98929197 -0.060547058 0.13279866
 outer loop
  vertex 0.5186617 -0.018361464 0.04719109
  vertex 0.51120204 -0.03773761 0.09392796
  vertex 0.51122266 -0.046756815 0.08966219
 endloop
endfacet
facet normal 0.9892919 -0.060545553 0.13279967
 outer loop
  vertex 0.5186617 -0.018361464 0.04719109
  vertex 0.51122266 -0.046756815 0.08966219
  vertex 0.51867205 -0.02289288 0.045047883
 endloop
endfacet
facet normal 0.14752483 -0.42260244 0.894228
 outer loop
  vertex 0.1021141 -0.19536209 0.47220814
  vertex 0.05153326 -0.19834943 0.4791409
  vertex 0.051638447 -0.24435766 0.45738056
 endloop
endfacet
facet normal 0.14752476 -0.42260236 0.89422804
 outer loop
  vertex 0.1021141 -0.19536209 0.47220814
  vertex 0.051638447 -0.24435766 0.45738056
  vertex 0.10221776 -0.24070461 0.45076266
 endloop
endfacet
facet normal -0.9033692 -0.18505067 0.38688534
 outer loop
  vertex -0.45937738 -0.09505986 0.2269585
  vertex -0.4812834 -0.07741806 0.18424663
  vertex -0.48124292 -0.09510983 0.175879
 endloop
endfacet
facet normal -0.9033695 -0.18504937 0.3868855
 outer loop
  vertex -0.45937738 -0.09505986 0.2269585
  vertex -0.48124292 -0.09510983 0.175879
  vertex -0.45932755 -0.11685292 0.21665111
 endloop
endfacet
facet normal 0.2436517 -0.41421556 0.8769603
 outer loop
  vertex 0.15171152 -0.19049336 0.4607278
  vertex 0.1021141 -0.19536209 0.47220814
  vertex 0.10221776 -0.24070461 0.45076266
 endloop
endfacet
facet normal 0.24365187 -0.41421568 0.87696016
 outer loop
  vertex 0.15171152 -0.19049336 0.4607278
  vertex 0.10221776 -0.24070461 0.45076266
  vertex 0.15181267 -0.23473354 0.4398037
 endloop
endfacet
facet normal -0.8569499 -0.22196233 0.46515545
 outer loop
  vertex -0.43304726 -0.11178615 0.2674847
  vertex -0.45937738 -0.09505986 0.2269585
  vertex -0.45932755 -0.11685292 0.21665111
 endloop
endfacet
facet normal -0.85695004 -0.22196186 0.46515548
 outer loop
  vertex -0.43304726 -0.11178615 0.2674847
  vertex -0.45932755 -0.11685292 0.21665111
  vertex -0.43298855 -0.13747063 0.2553368
 endloop
endfacet
facet normal 0.33744916 -0.40184698 0.8512621
 outer loop
  vertex 0.19984783 -0.1837901 0.44481042
  vertex 0.15171152 -0.19049336 0.4607278
  vertex 0.15181267 -0.23473354 0.4398037
 endloop
endfacet
facet normal 0.3374489 -0.40184674 0.8512622
 outer loop
  vertex 0.19984783 -0.1837901 0.44481042
  vertex 0.15181267 -0.23473354 0.4398037
  vertex 0.19994548 -0.22650184 0.4246092
 endloop
endfacet
facet normal -0.8022785 -0.25672746 0.53892505
 outer loop
  vertex -0.40254673 -0.12743592 0.30543467
  vertex -0.43304726 -0.11178615 0.2674847
  vertex -0.43298855 -0.13747063 0.2553368
 endloop
endfacet
facet normal -0.80227864 -0.25672704 0.53892505
 outer loop
  vertex -0.40254673 -0.12743592 0.30543467
  vertex -0.43298855 -0.13747063 0.2553368
  vertex -0.40247968 -0.15676445 0.2915633
 endloop
endfacet
facet normal 0.4280203 -0.3856122 0.81737494
 outer loop
  vertex 0.24605949 -0.17531677 0.42460904
  vertex 0.19984783 -0.1837901 0.44481042
  vertex 0.19994548 -0.22650184 0.4246092
 endloop
endfacet
facet normal 0.4280201 -0.385612 0.8173752
 outer loop
  vertex 0.24605949 -0.17531677 0.42460904
  vertex 0.19994548 -0.22650184 0.4246092
  vertex 0.2461527 -0.21608873 0.4053253
 endloop
endfacet
facet normal -0.73988956 -0.28901032 0.60748374
 outer loop
  vertex -0.3681694 -0.14185843 0.3404433
  vertex -0.40254673 -0.12743592 0.30543467
  vertex -0.40247968 -0.15676445 0.2915633
 endloop
endfacet
facet normal -0.7398893 -0.28901088 0.60748374
 outer loop
  vertex -0.3681694 -0.14185843 0.3404433
  vertex -0.40247968 -0.15676445 0.2915633
  vertex -0.36809465 -0.17454857 0.324982
 endloop
endfacet
facet normal 0.5144828 -0.365668 0.7756251
 outer loop
  vertex 0.28990155 -0.16515508 0.4003187
  vertex 0.24605949 -0.17531677 0.42460904
  vertex 0.2461527 -0.21608873 0.4053253
 endloop
endfacet
facet normal 0.51448286 -0.36566803 0.7756251
 outer loop
  vertex 0.28990155 -0.16515508 0.4003187
  vertex 0.2461527 -0.21608873 0.4053253
  vertex 0.2899894 -0.20359462 0.38213813
 endloop
endfacet
facet normal -0.5126345 -0.44227502 0.73593384
 outer loop
  vertex -0.24516176 -0.21721204 0.40532547
  vertex -0.28905514 -0.20491862 0.38213834
  vertex -0.28897175 -0.24139108 0.36027753
 endloop
endfacet
facet normal -0.5126345 -0.44227514 0.73593384
 outer loop
  vertex -0.24516176 -0.21721204 0.40532547
  vertex -0.28897175 -0.24139108 0.36027753
  vertex -0.2450733 -0.25589752 0.38213822
 endloop
endfacet
facet normal 0.7413365 -0.34378496 0.57639575
 outer loop
  vertex 0.40319255 -0.1549223 0.291563
  vertex 0.36888924 -0.17286348 0.3249817
  vertex 0.36896014 -0.20388076 0.30639058
 endloop
endfacet
facet normal 0.7413362 -0.3437845 0.5763963
 outer loop
  vertex 0.40319255 -0.1549223 0.291563
  vertex 0.36896014 -0.20388076 0.30639058
  vertex 0.40325618 -0.18274999 0.2748837
 endloop
endfacet
facet normal -0.42607042 -0.465821 0.775548
 outer loop
  vertex -0.19890733 -0.22741376 0.4246092
  vertex -0.24516176 -0.21721204 0.40532547
  vertex -0.2450733 -0.25589752 0.38213822
 endloop
endfacet
facet normal -0.42607042 -0.46582103 0.775548
 outer loop
  vertex -0.19890733 -0.22741376 0.4246092
  vertex -0.2450733 -0.25589752 0.38213822
  vertex -0.19881468 -0.26793975 0.4003188
 endloop
endfacet
facet normal 0.8035621 -0.3046525 0.511346
 outer loop
  vertex 0.43361288 -0.1354892 0.2553365
  vertex 0.40319255 -0.1549223 0.291563
  vertex 0.40325618 -0.18274999 0.2748837
 endloop
endfacet
facet normal 0.80356205 -0.30465233 0.5113463
 outer loop
  vertex 0.43361288 -0.1354892 0.2553365
  vertex 0.40325618 -0.18274999 0.2748837
  vertex 0.4336686 -0.15985931 0.24072957
 endloop
endfacet
facet normal -0.33542356 -0.48488453 0.8076992
 outer loop
  vertex -0.1507373 -0.23542531 0.43980384
  vertex -0.19890733 -0.22741376 0.4246092
  vertex -0.19881468 -0.26793975 0.4003188
 endloop
endfacet
facet normal -0.3354236 -0.4848845 0.8076992
 outer loop
  vertex -0.1507373 -0.23542531 0.43980384
  vertex -0.19881468 -0.26793975 0.4003188
  vertex -0.15064134 -0.27740154 0.41464418
 endloop
endfacet
facet normal 0.8580585 -0.2625739 0.4413508
 outer loop
  vertex 0.45985723 -0.11475127 0.21665084
  vertex 0.43361288 -0.1354892 0.2553365
  vertex 0.4336686 -0.15985931 0.24072957
 endloop
endfacet
facet normal 0.8580588 -0.2625746 0.44134995
 outer loop
  vertex 0.45985723 -0.11475127 0.21665084
  vertex 0.4336686 -0.15985931 0.24072957
  vertex 0.4599045 -0.1354291 0.20425698
 endloop
endfacet
facet normal -0.241562 -0.49928516 0.83208305
 outer loop
  vertex -0.10111566 -0.24116953 0.45076272
  vertex -0.1507373 -0.23542531 0.43980384
  vertex -0.15064134 -0.27740154 0.41464418
 endloop
endfacet
facet normal -0.24156253 -0.49928445 0.8320832
 outer loop
  vertex -0.10111566 -0.24116953 0.45076272
  vertex -0.15064134 -0.27740154 0.41464418
  vertex -0.1010173 -0.28419173 0.42497617
 endloop
endfacet
facet normal 0.9042909 -0.21795708 0.36708668
 outer loop
  vertex 0.48167297 -0.09290816 0.17587867
  vertex 0.45985723 -0.11475127 0.21665084
  vertex 0.4599045 -0.1354291 0.20425698
 endloop
endfacet
facet normal 0.9042911 -0.21795756 0.36708617
 outer loop
  vertex 0.48167297 -0.09290816 0.17587867
  vertex 0.4599045 -0.1354291 0.20425698
  vertex 0.48171133 -0.10969458 0.16581725
 endloop
endfacet
facet normal -0.14539507 -0.5088847 0.8484672
 outer loop
  vertex -0.050520156 -0.24459125 0.45738062
  vertex -0.10111566 -0.24116953 0.45076272
  vertex -0.1010173 -0.28419173 0.42497617
 endloop
endfacet
facet normal -0.14539444 -0.50888544 0.84846693
 outer loop
  vertex -0.050520156 -0.24459125 0.45738062
  vertex -0.1010173 -0.28419173 0.42497617
  vertex -0.050420355 -0.28824505 0.43121547
 endloop
endfacet
facet normal -0.9889756 -0.07778565 0.12600306
 outer loop
  vertex -0.51100343 -0.049094092 0.08966257
  vertex -0.5185619 -0.025264477 0.045048293
  vertex -0.51855206 -0.029564008 0.04247125
 endloop
endfacet
facet normal -0.9889756 -0.07778344 0.12600397
 outer loop
  vertex -0.51100343 -0.049094092 0.08966257
  vertex -0.51855206 -0.029564008 0.04247125
  vertex -0.5109839 -0.05765174 0.0845333
 endloop
endfacet
facet normal 0.94180876 -0.17122976 0.28926888
 outer loop
  vertex 0.49884993 -0.07017043 0.13341288
  vertex 0.48167297 -0.09290816 0.17587867
  vertex 0.48171133 -0.10969458 0.16581725
 endloop
endfacet
facet normal 0.9418088 -0.1712299 0.28926873
 outer loop
  vertex 0.49884993 -0.07017043 0.13341288
  vertex 0.48171133 -0.10969458 0.16581725
  vertex 0.49887902 -0.08290379 0.12578079
 endloop
endfacet
facet normal -0.0478341 -0.5135958 0.85669786
 outer loop
  vertex 0.0005618825 -0.24565734 0.45959368
  vertex -0.050520156 -0.24459125 0.45738062
  vertex -0.050420355 -0.28824505 0.43121547
 endloop
endfacet
facet normal -0.047833793 -0.51359606 0.8566978
 outer loop
  vertex 0.0005618825 -0.24565734 0.45959368
  vertex -0.050420355 -0.28824505 0.43121547
  vertex 0.0006621683 -0.28952238 0.4333019
 endloop
endfacet
facet normal -0.9696736 -0.12727496 0.20864895
 outer loop
  vertex -0.4985237 -0.07245086 0.13341321
  vertex -0.51100343 -0.049094092 0.08966257
  vertex -0.5109839 -0.05765174 0.0845333
 endloop
endfacet
facet normal -0.9696735 -0.12727466 0.208649
 outer loop
  vertex -0.4985237 -0.07245086 0.13341321
  vertex -0.5109839 -0.05765174 0.0845333
  vertex -0.49849463 -0.08518422 0.12578112
 endloop
endfacet
facet normal 0.97024566 -0.12284165 0.20864634
 outer loop
  vertex 0.51122266 -0.046756815 0.08966219
  vertex 0.49884993 -0.07017043 0.13341288
  vertex 0.49887902 -0.08290379 0.12578079
 endloop
endfacet
facet normal 0.97024566 -0.12284159 0.20864642
 outer loop
  vertex 0.51122266 -0.046756815 0.08966219
  vertex 0.49887902 -0.08290379 0.12578079
  vertex 0.5112422 -0.055314463 0.08453292
 endloop
endfacet
facet normal 0.050183367 -0.51337194 0.8566976
 outer loop
  vertex 0.051638447 -0.24435766 0.45738056
  vertex 0.0005618825 -0.24565734 0.45959368
  vertex 0.0006621683 -0.28952238 0.4333019
 endloop
endfacet
facet normal 0.050183073 -0.5133717 0.85669786
 outer loop
  vertex 0.051638447 -0.24435766 0.45738056
  vertex 0.0006621683 -0.28952238 0.4333019
  vertex 0.051738247 -0.28801146 0.4312154
 endloop
endfacet
facet normal -0.94101584 -0.17553216 0.2892709
 outer loop
  vertex -0.48124292 -0.09510983 0.175879
  vertex -0.4985237 -0.07245086 0.13341321
  vertex -0.49849463 -0.08518422 0.12578112
 endloop
endfacet
facet normal -0.9410158 -0.17553273 0.28927076
 outer loop
  vertex -0.48124292 -0.09510983 0.175879
  vertex -0.49849463 -0.08518422 0.12578112
  vertex -0.48120457 -0.11189625 0.16581759
 endloop
endfacet
facet normal 0.98932093 -0.073262826 0.12600213
 outer loop
  vertex 0.51867205 -0.02289288 0.045047883
  vertex 0.51122266 -0.046756815 0.08966219
  vertex 0.5112422 -0.055314463 0.08453292
 endloop
endfacet
facet normal 0.9893209 -0.07326093 0.12600373
 outer loop
  vertex 0.51867205 -0.02289288 0.045047883
  vertex 0.5112422 -0.055314463 0.08453292
  vertex 0.5186819 -0.027192408 0.04247084
 endloop
endfacet
facet normal 0.1477206 -0.5082152 0.8484668
 outer loop
  vertex 0.10221776 -0.24070461 0.45076266
  vertex 0.051638447 -0.24435766 0.45738056
  vertex 0.051738247 -0.28801146 0.4312154
 endloop
endfacet
facet normal 0.1477199 -0.5082147 0.8484673
 outer loop
  vertex 0.10221776 -0.24070461 0.45076266
  vertex 0.051738247 -0.28801146 0.4312154
  vertex 0.102316126 -0.2837268 0.4249761
 endloop
endfacet
facet normal -0.9032847 -0.22208828 0.3670877
 outer loop
  vertex -0.45932755 -0.11685292 0.21665111
  vertex -0.48124292 -0.09510983 0.175879
  vertex -0.48120457 -0.11189625 0.16581759
 endloop
endfacet
facet normal -0.9032846 -0.22208932 0.36708754
 outer loop
  vertex -0.45932755 -0.11685292 0.21665111
  vertex -0.48120457 -0.11189625 0.16581759
  vertex -0.45928028 -0.13753076 0.20425725
 endloop
endfacet
facet normal 0.24384378 -0.49817455 0.8320831
 outer loop
  vertex 0.15181267 -0.23473354 0.4398037
  vertex 0.10221776 -0.24070461 0.45076266
  vertex 0.102316126 -0.2837268 0.4249761
 endloop
endfacet
facet normal 0.24384448 -0.49817508 0.8320826
 outer loop
  vertex 0.15181267 -0.23473354 0.4398037
  vertex 0.102316126 -0.2837268 0.4249761
  vertex 0.15190864 -0.27670977 0.41464403
 endloop
endfacet
facet normal -0.8568482 -0.26649553 0.4413517
 outer loop
  vertex -0.43298855 -0.13747063 0.2553368
  vertex -0.45932755 -0.11685292 0.21665111
  vertex -0.45928028 -0.13753076 0.20425725
 endloop
endfacet
facet normal -0.8568482 -0.2664956 0.4413517
 outer loop
  vertex -0.43298855 -0.13747063 0.2553368
  vertex -0.45928028 -0.13753076 0.20425725
  vertex -0.43293282 -0.16184075 0.2407299
 endloop
endfacet
facet normal 0.33763528 -0.48334613 0.80769974
 outer loop
  vertex 0.19994548 -0.22650184 0.4246092
  vertex 0.15181267 -0.23473354 0.4398037
  vertex 0.15190864 -0.27670977 0.41464403
 endloop
endfacet
facet normal 0.3376354 -0.48334622 0.8076996
 outer loop
  vertex 0.19994548 -0.22650184 0.4246092
  vertex 0.15190864 -0.27670977 0.41464403
  vertex 0.20003814 -0.26702785 0.40031877
 endloop
endfacet
facet normal -0.80216074 -0.30832356 0.5113461
 outer loop
  vertex -0.40247968 -0.15676445 0.2915633
  vertex -0.43298855 -0.13747063 0.2553368
  vertex -0.43293282 -0.16184075 0.2407299
 endloop
endfacet
facet normal -0.80216056 -0.30832404 0.51134604
 outer loop
  vertex -0.40247968 -0.15676445 0.2915633
  vertex -0.43293282 -0.16184075 0.2407299
  vertex -0.40241605 -0.18459213 0.274884
 endloop
endfacet
facet normal 0.42819896 -0.46386737 0.7755467
 outer loop
  vertex 0.2461527 -0.21608873 0.4053253
  vertex 0.19994548 -0.22650184 0.4246092
  vertex 0.20003814 -0.26702785 0.40031877
 endloop
endfacet
facet normal 0.4281987 -0.46386716 0.775547
 outer loop
  vertex 0.2461527 -0.21608873 0.4053253
  vertex 0.20003814 -0.26702785 0.40031877
  vertex 0.24624115 -0.2547742 0.38213804
 endloop
endfacet
facet normal -0.73975635 -0.34717113 0.57639635
 outer loop
  vertex -0.36809465 -0.17454857 0.324982
  vertex -0.40247968 -0.15676445 0.2915633
  vertex -0.40241605 -0.18459213 0.274884
 endloop
endfacet
facet normal -0.73975646 -0.34717092 0.57639635
 outer loop
  vertex -0.36809465 -0.17454857 0.324982
  vertex -0.40241605 -0.18459213 0.274884
  vertex -0.36802375 -0.20556584 0.30639088
 endloop
endfacet
facet normal 0.51465267 -0.43992585 0.7359333
 outer loop
  vertex 0.2899894 -0.20359462 0.38213813
  vertex 0.2461527 -0.21608873 0.4053253
  vertex 0.24624115 -0.2547742 0.38213804
 endloop
endfacet
facet normal 0.5146524 -0.4399256 0.7359336
 outer loop
  vertex 0.2899894 -0.20359462 0.38213813
  vertex 0.24624115 -0.2547742 0.38213804
  vertex 0.2900728 -0.24006708 0.36027735
 endloop
endfacet
facet normal -0.67024016 -0.38266593 0.6358812
 outer loop
  vertex -0.33016473 -0.19065157 0.3552708
  vertex -0.36809465 -0.17454857 0.324982
  vertex -0.36802375 -0.20556584 0.30639088
 endloop
endfacet
facet normal -0.67023987 -0.38266662 0.6358811
 outer loop
  vertex -0.33016473 -0.19065157 0.3552708
  vertex -0.36802375 -0.20556584 0.30639088
  vertex -0.33008718 -0.22455968 0.334947
 endloop
endfacet
facet normal 0.59618014 -0.41174492 0.68922806
 outer loop
  vertex 0.33103335 -0.18913975 0.3552706
  vertex 0.2899894 -0.20359462 0.38213813
  vertex 0.2900728 -0.24006708 0.36027735
 endloop
endfacet
facet normal 0.5961805 -0.41174522 0.6892277
 outer loop
  vertex 0.33103335 -0.18913975 0.3552706
  vertex 0.2900728 -0.24006708 0.36027735
  vertex 0.3311109 -0.22304787 0.33494678
 endloop
endfacet
facet normal -0.5942913 -0.41446754 0.6892274
 outer loop
  vertex -0.28905514 -0.20491862 0.38213834
  vertex -0.33016473 -0.19065157 0.3552708
  vertex -0.33008718 -0.22455968 0.334947
 endloop
endfacet
facet normal -0.59429175 -0.4144669 0.6892274
 outer loop
  vertex -0.28905514 -0.20491862 0.38213834
  vertex -0.33008718 -0.22455968 0.334947
  vertex -0.28897175 -0.24139108 0.36027753
 endloop
endfacet
facet normal 0.6719837 -0.37959668 0.6358806
 outer loop
  vertex 0.36888924 -0.17286348 0.3249817
  vertex 0.33103335 -0.18913975 0.3552706
  vertex 0.3311109 -0.22304787 0.33494678
 endloop
endfacet
facet normal 0.67198414 -0.3795972 0.63587993
 outer loop
  vertex 0.36888924 -0.17286348 0.3249817
  vertex 0.3311109 -0.22304787 0.33494678
  vertex 0.36896014 -0.20388076 0.30639058
 endloop
endfacet
facet normal -0.3352479 -0.5617219 0.7563579
 outer loop
  vertex -0.15064134 -0.27740154 0.41464418
  vertex -0.19881468 -0.26793975 0.4003188
  vertex -0.1987279 -0.30588973 0.37217307
 endloop
endfacet
facet normal -0.3352482 -0.5617216 0.756358
 outer loop
  vertex -0.15064134 -0.27740154 0.41464418
  vertex -0.1987279 -0.30588973 0.37217307
  vertex -0.15055147 -0.31670955 0.38549128
 endloop
endfacet
facet normal 0.8581548 -0.30456054 0.41329572
 outer loop
  vertex 0.4599045 -0.1354291 0.20425698
  vertex 0.4336686 -0.15985931 0.24072957
  vertex 0.43372077 -0.18268035 0.2238043
 endloop
endfacet
facet normal 0.8581545 -0.30455992 0.4132967
 outer loop
  vertex 0.4599045 -0.1354291 0.20425698
  vertex 0.43372077 -0.18268035 0.2238043
  vertex 0.45994878 -0.15479256 0.18989602
 endloop
endfacet
facet normal -0.24138165 -0.5784418 0.7791919
 outer loop
  vertex -0.1010173 -0.28419173 0.42497617
  vertex -0.15064134 -0.27740154 0.41464418
  vertex -0.15055147 -0.31670955 0.38549128
 endloop
endfacet
facet normal -0.24138173 -0.57844174 0.779192
 outer loop
  vertex -0.1010173 -0.28419173 0.42497617
  vertex -0.15055147 -0.31670955 0.38549128
  vertex -0.10092519 -0.32447922 0.39509684
 endloop
endfacet
facet normal 0.9043709 -0.2528773 0.34375346
 outer loop
  vertex 0.48171133 -0.10969458 0.16581725
  vertex 0.4599045 -0.1354291 0.20425698
  vertex 0.45994878 -0.15479256 0.18989602
 endloop
endfacet
facet normal 0.904371 -0.25287774 0.34375265
 outer loop
  vertex 0.48171133 -0.10969458 0.16581725
  vertex 0.45994878 -0.15479256 0.18989602
  vertex 0.48174727 -0.12541395 0.1541589
 endloop
endfacet
facet normal -0.14520992 -0.5896007 0.79453456
 outer loop
  vertex -0.050420355 -0.28824505 0.43121547
  vertex -0.1010173 -0.28419173 0.42497617
  vertex -0.10092519 -0.32447922 0.39509684
 endloop
endfacet
facet normal -0.14520939 -0.5896012 0.79453427
 outer loop
  vertex -0.050420355 -0.28824505 0.43121547
  vertex -0.10092519 -0.32447922 0.39509684
  vertex -0.050326895 -0.329124 0.40089744
 endloop
endfacet
facet normal -0.9889483 -0.089767225 0.11799668
 outer loop
  vertex -0.5109839 -0.05765174 0.0845333
  vertex -0.51855206 -0.029564008 0.04247125
  vertex -0.5185429 -0.03359024 0.039485183
 endloop
endfacet
facet normal -0.98894805 -0.08977486 0.117992535
 outer loop
  vertex -0.5109839 -0.05765174 0.0845333
  vertex -0.5185429 -0.03359024 0.039485183
  vertex -0.5109655 -0.06566543 0.07858993
 endloop
endfacet
facet normal 0.9418717 -0.19874732 0.27088216
 outer loop
  vertex 0.49887902 -0.08290379 0.12578079
  vertex 0.48171133 -0.10969458 0.16581725
  vertex 0.48174727 -0.12541395 0.1541589
 endloop
endfacet
facet normal 0.94187164 -0.1987469 0.27088267
 outer loop
  vertex 0.49887902 -0.08290379 0.12578079
  vertex 0.48174727 -0.12541395 0.1541589
  vertex 0.49890628 -0.09482776 0.11693735
 endloop
endfacet
facet normal -0.047647476 -0.5950946 0.8022419
 outer loop
  vertex 0.0006621683 -0.28952238 0.4333019
  vertex -0.050420355 -0.28824505 0.43121547
  vertex -0.050326895 -0.329124 0.40089744
 endloop
endfacet
facet normal -0.047647983 -0.59509414 0.8022423
 outer loop
  vertex 0.0006621683 -0.28952238 0.4333019
  vertex -0.050326895 -0.329124 0.40089744
  vertex 0.0007560773 -0.33059916 0.4028372
 endloop
endfacet
facet normal -0.96962816 -0.14712775 0.19538353
 outer loop
  vertex -0.49849463 -0.08518422 0.12578112
  vertex -0.5109839 -0.05765174 0.0845333
  vertex -0.5109655 -0.06566543 0.07858993
 endloop
endfacet
facet normal -0.96962833 -0.1471249 0.19538476
 outer loop
  vertex -0.49849463 -0.08518422 0.12578112
  vertex -0.5109655 -0.06566543 0.07858993
  vertex -0.49846736 -0.097108185 0.11693769
 endloop
endfacet
facet normal 0.970291 -0.14268875 0.19538486
 outer loop
  vertex 0.5112422 -0.055314463 0.08453292
  vertex 0.49887902 -0.08290379 0.12578079
  vertex 0.49890628 -0.09482776 0.11693735
 endloop
endfacet
facet normal 0.9702909 -0.14268658 0.19538744
 outer loop
  vertex 0.5112422 -0.055314463 0.08453292
  vertex 0.49890628 -0.09482776 0.11693735
  vertex 0.51126057 -0.063328154 0.07858955
 endloop
endfacet
facet normal 0.050369382 -0.59487003 0.8022422
 outer loop
  vertex 0.051738247 -0.28801146 0.4312154
  vertex 0.0006621683 -0.28952238 0.4333019
  vertex 0.0007560773 -0.33059916 0.4028372
 endloop
endfacet
facet normal 0.050369892 -0.59487045 0.80224186
 outer loop
  vertex 0.051738247 -0.28801146 0.4312154
  vertex 0.0007560773 -0.33059916 0.4028372
  vertex 0.051831707 -0.3288904 0.40089738
 endloop
endfacet
facet normal -0.94095284 -0.2030524 0.27088264
 outer loop
  vertex -0.48120457 -0.11189625 0.16581759
  vertex -0.49849463 -0.08518422 0.12578112
  vertex -0.49846736 -0.097108185 0.11693769
 endloop
endfacet
facet normal -0.94095284 -0.20305245 0.27088264
 outer loop
  vertex -0.48120457 -0.11189625 0.16581759
  vertex -0.49846736 -0.097108185 0.11693769
  vertex -0.48116863 -0.12761565 0.15415925
 endloop
endfacet
facet normal 0.98934835 -0.08524538 0.11799592
 outer loop
  vertex 0.5186819 -0.027192408 0.04247084
  vertex 0.5112422 -0.055314463 0.08453292
  vertex 0.51126057 -0.063328154 0.07858955
 endloop
endfacet
facet normal 0.98934853 -0.08525175 0.11798961
 outer loop
  vertex 0.5186819 -0.027192408 0.04247084
  vertex 0.51126057 -0.063328154 0.07858955
  vertex 0.51869106 -0.031218637 0.039484777
 endloop
endfacet
facet normal 0.14790452 -0.588931 0.7945342
 outer loop
  vertex 0.102316126 -0.2837268 0.4249761
  vertex 0.051738247 -0.28801146 0.4312154
  vertex 0.051831707 -0.3288904 0.40089738
 endloop
endfacet
facet normal 0.147904 -0.5889306 0.79453456
 outer loop
  vertex 0.102316126 -0.2837268 0.4249761
  vertex 0.051831707 -0.3288904 0.40089738
  vertex 0.10240823 -0.3240143 0.39509678
 endloop
endfacet
facet normal -0.90320486 -0.25701103 0.34375355
 outer loop
  vertex -0.45928028 -0.13753076 0.20425725
  vertex -0.48120457 -0.11189625 0.16581759
  vertex -0.48116863 -0.12761565 0.15415925
 endloop
endfacet
facet normal -0.9032047 -0.2570115 0.34375337
 outer loop
  vertex -0.45928028 -0.13753076 0.20425725
  vertex -0.48116863 -0.12761565 0.15415925
  vertex -0.459236 -0.1568942 0.18989629
 endloop
endfacet
facet normal 0.2440254 -0.5773318 0.7791917
 outer loop
  vertex 0.15190864 -0.27670977 0.41464403
  vertex 0.102316126 -0.2837268 0.4249761
  vertex 0.10240823 -0.3240143 0.39509678
 endloop
endfacet
facet normal 0.24402545 -0.5773318 0.77919155
 outer loop
  vertex 0.15190864 -0.27670977 0.41464403
  vertex 0.10240823 -0.3240143 0.39509678
  vertex 0.1519985 -0.31601778 0.38549113
 endloop
endfacet
facet normal -0.85675216 -0.3084825 0.4132969
 outer loop
  vertex -0.43293282 -0.16184075 0.2407299
  vertex -0.45928028 -0.13753076 0.20425725
  vertex -0.459236 -0.1568942 0.18989629
 endloop
endfacet
facet normal -0.8567526 -0.30848083 0.4132973
 outer loop
  vertex -0.43293282 -0.16184075 0.2407299
  vertex -0.459236 -0.1568942 0.18989629
  vertex -0.43288067 -0.18466179 0.22380462
 endloop
endfacet
facet normal 0.33781108 -0.5601832 0.7563586
 outer loop
  vertex 0.20003814 -0.26702785 0.40031877
  vertex 0.15190864 -0.27670977 0.41464403
  vertex 0.1519985 -0.31601778 0.38549113
 endloop
endfacet
facet normal 0.33781102 -0.56018317 0.7563587
 outer loop
  vertex 0.20003814 -0.26702785 0.40031877
  vertex 0.1519985 -0.31601778 0.38549113
  vertex 0.2001249 -0.30497786 0.37217304
 endloop
endfacet
facet normal -0.8020494 -0.356968 0.47884303
 outer loop
  vertex -0.40241605 -0.18459213 0.274884
  vertex -0.43293282 -0.16184075 0.2407299
  vertex -0.43288067 -0.18466179 0.22380462
 endloop
endfacet
facet normal -0.8020492 -0.35696858 0.4788429
 outer loop
  vertex -0.40241605 -0.18459213 0.274884
  vertex -0.43288067 -0.18466179 0.22380462
  vertex -0.40235648 -0.21065097 0.2555574
 endloop
endfacet
facet normal 0.42836735 -0.53764564 0.7262496
 outer loop
  vertex 0.24624115 -0.2547742 0.38213804
  vertex 0.20003814 -0.26702785 0.40031877
  vertex 0.2001249 -0.30497786 0.37217304
 endloop
endfacet
facet normal 0.42836714 -0.5376455 0.72624993
 outer loop
  vertex 0.24624115 -0.2547742 0.38213804
  vertex 0.2001249 -0.30497786 0.37217304
  vertex 0.24632397 -0.2910007 0.3552706
 endloop
endfacet
facet normal -0.7396311 -0.40200377 0.5397581
 outer loop
  vertex -0.36802375 -0.20556584 0.30639088
  vertex -0.40241605 -0.18459213 0.274884
  vertex -0.40235648 -0.21065097 0.2555574
 endloop
endfacet
facet normal -0.73963094 -0.4020041 0.53975797
 outer loop
  vertex -0.36802375 -0.20556584 0.30639088
  vertex -0.40235648 -0.21065097 0.2555574
  vertex -0.36795735 -0.2346115 0.28484908
 endloop
endfacet
facet normal 0.5148125 -0.50993586 0.68915427
 outer loop
  vertex 0.2900728 -0.24006708 0.36027735
  vertex 0.24624115 -0.2547742 0.38213804
  vertex 0.24632397 -0.2910007 0.3552706
 endloop
endfacet
facet normal 0.51481235 -0.5099356 0.6891544
 outer loop
  vertex 0.2900728 -0.24006708 0.36027735
  vertex 0.24632397 -0.2910007 0.3552706
  vertex 0.29015088 -0.27422118 0.3349469
 endloop
endfacet
facet normal -0.67010146 -0.4431581 0.5954619
 outer loop
  vertex -0.33008718 -0.22455968 0.334947
  vertex -0.36802375 -0.20556584 0.30639088
  vertex -0.36795735 -0.2346115 0.28484908
 endloop
endfacet
facet normal -0.6701019 -0.4431574 0.595462
 outer loop
  vertex -0.33008718 -0.22455968 0.334947
  vertex -0.36795735 -0.2346115 0.28484908
  vertex -0.33001462 -0.25631246 0.31139746
 endloop
endfacet
facet normal 0.59633034 -0.4773117 0.6454174
 outer loop
  vertex 0.3311109 -0.22304787 0.33494678
  vertex 0.2900728 -0.24006708 0.36027735
  vertex 0.29015088 -0.27422118 0.3349469
 endloop
endfacet
facet normal 0.5963308 -0.4773121 0.64541674
 outer loop
  vertex 0.3311109 -0.22304787 0.33494678
  vertex 0.29015088 -0.27422118 0.3349469
  vertex 0.33118346 -0.25480065 0.31139725
 endloop
endfacet
facet normal -0.5941419 -0.4800332 0.6454173
 outer loop
  vertex -0.28897175 -0.24139108 0.36027753
  vertex -0.33008718 -0.22455968 0.334947
  vertex -0.33001462 -0.25631246 0.31139746
 endloop
endfacet
facet normal -0.59414136 -0.4800342 0.6454171
 outer loop
  vertex -0.28897175 -0.24139108 0.36027753
  vertex -0.33001462 -0.25631246 0.31139746
  vertex -0.28889367 -0.27554515 0.33494705
 endloop
endfacet
facet normal 0.6721223 -0.44008878 0.59546065
 outer loop
  vertex 0.36896014 -0.20388076 0.30639058
  vertex 0.3311109 -0.22304787 0.33494678
  vertex 0.33118346 -0.25480065 0.31139725
 endloop
endfacet
facet normal 0.6721223 -0.4400888 0.5954607
 outer loop
  vertex 0.36896014 -0.20388076 0.30639058
  vertex 0.33118346 -0.25480065 0.31139725
  vertex 0.36902654 -0.23292641 0.28484878
 endloop
endfacet
facet normal -0.5124743 -0.5122853 0.68915445
 outer loop
  vertex -0.2450733 -0.25589752 0.38213822
  vertex -0.28897175 -0.24139108 0.36027753
  vertex -0.28889367 -0.27554515 0.33494705
 endloop
endfacet
facet normal -0.5124749 -0.5122846 0.6891546
 outer loop
  vertex -0.2450733 -0.25589752 0.38213822
  vertex -0.28889367 -0.27554515 0.33494705
  vertex -0.24499048 -0.292124 0.35527077
 endloop
endfacet
facet normal 0.74146163 -0.39861798 0.53975767
 outer loop
  vertex 0.40325618 -0.18274999 0.2748837
  vertex 0.36896014 -0.20388076 0.30639058
  vertex 0.36902654 -0.23292641 0.28484878
 endloop
endfacet
facet normal 0.7414614 -0.39861774 0.5397581
 outer loop
  vertex 0.40325618 -0.18274999 0.2748837
  vertex 0.36902654 -0.23292641 0.28484878
  vertex 0.40331575 -0.20880882 0.2555571
 endloop
endfacet
facet normal -0.42590183 -0.5395992 0.7262508
 outer loop
  vertex -0.19881468 -0.26793975 0.4003188
  vertex -0.2450733 -0.25589752 0.38213822
  vertex -0.24499048 -0.292124 0.35527077
 endloop
endfacet
facet normal -0.4259012 -0.5396001 0.7262506
 outer loop
  vertex -0.19881468 -0.26793975 0.4003188
  vertex -0.24499048 -0.292124 0.35527077
  vertex -0.1987279 -0.30588973 0.37217307
 endloop
endfacet
facet normal 0.80367327 -0.3532974 0.47884262
 outer loop
  vertex 0.4336686 -0.15985931 0.24072957
  vertex 0.40325618 -0.18274999 0.2748837
  vertex 0.40331575 -0.20880882 0.2555571
 endloop
endfacet
facet normal 0.8036735 -0.35329768 0.47884208
 outer loop
  vertex 0.4336686 -0.15985931 0.24072957
  vertex 0.40331575 -0.20880882 0.2555571
  vertex 0.43372077 -0.18268035 0.2238043
 endloop
endfacet
facet normal -0.14503784 -0.664641 0.73295045
 outer loop
  vertex -0.050326895 -0.329124 0.40089744
  vertex -0.10092519 -0.32447922 0.39509684
  vertex -0.100840226 -0.36164403 0.36141253
 endloop
endfacet
facet normal -0.145038 -0.6646409 0.7329505
 outer loop
  vertex -0.050326895 -0.329124 0.40089744
  vertex -0.100840226 -0.36164403 0.36141253
  vertex -0.050240684 -0.36683446 0.3667186
 endloop
endfacet
facet normal -0.9889225 -0.10092113 0.10884502
 outer loop
  vertex -0.5109655 -0.06566543 0.07858993
  vertex -0.5185429 -0.03359024 0.039485183
  vertex -0.51853436 -0.037304398 0.036118854
 endloop
endfacet
facet normal -0.9889227 -0.10091306 0.10885046
 outer loop
  vertex -0.5109655 -0.06566543 0.07858993
  vertex -0.51853436 -0.037304398 0.036118854
  vertex -0.51094866 -0.07305798 0.0718897
 endloop
endfacet
facet normal 0.9419302 -0.2243304 0.24988689
 outer loop
  vertex 0.49890628 -0.09482776 0.11693735
  vertex 0.48174727 -0.12541395 0.1541589
  vertex 0.48178044 -0.13991494 0.14101593
 endloop
endfacet
facet normal 0.9419302 -0.22433054 0.2498865
 outer loop
  vertex 0.49890628 -0.09482776 0.11693735
  vertex 0.48178044 -0.13991494 0.14101593
  vertex 0.49893144 -0.105827495 0.10696774
 endloop
endfacet
facet normal -0.04747481 -0.6708622 0.7400608
 outer loop
  vertex 0.0007560773 -0.33059916 0.4028372
  vertex -0.050326895 -0.329124 0.40089744
  vertex -0.050240684 -0.36683446 0.3667186
 endloop
endfacet
facet normal -0.04747428 -0.6708627 0.7400605
 outer loop
  vertex 0.0007560773 -0.33059916 0.4028372
  vertex -0.050240684 -0.36683446 0.3667186
  vertex 0.0008427051 -0.36849204 0.36849296
 endloop
endfacet
facet normal -0.9695861 -0.16557536 0.1802428
 outer loop
  vertex -0.49846736 -0.097108185 0.11693769
  vertex -0.5109655 -0.06566543 0.07858993
  vertex -0.51094866 -0.07305798 0.0718897
 endloop
endfacet
facet normal -0.96958596 -0.16557857 0.18024103
 outer loop
  vertex -0.49846736 -0.097108185 0.11693769
  vertex -0.51094866 -0.07305798 0.0718897
  vertex -0.4984422 -0.10810792 0.10696808
 endloop
endfacet
facet normal 0.9703331 -0.1611425 0.18024103
 outer loop
  vertex 0.51126057 -0.063328154 0.07858955
  vertex 0.49890628 -0.09482776 0.11693735
  vertex 0.49893144 -0.105827495 0.10696774
 endloop
endfacet
facet normal 0.9703333 -0.16114458 0.18023796
 outer loop
  vertex 0.51126057 -0.063328154 0.07858955
  vertex 0.49893144 -0.105827495 0.10696774
  vertex 0.51127744 -0.0707207 0.07188932
 endloop
endfacet
facet normal 0.05054313 -0.67063844 0.7400604
 outer loop
  vertex 0.051831707 -0.3288904 0.40089738
  vertex 0.0007560773 -0.33059916 0.4028372
  vertex 0.0008427051 -0.36849204 0.36849296
 endloop
endfacet
facet normal 0.050542604 -0.6706382 0.74006075
 outer loop
  vertex 0.051831707 -0.3288904 0.40089738
  vertex 0.0008427051 -0.36849204 0.36849296
  vertex 0.051917918 -0.36660087 0.36671853
 endloop
endfacet
facet normal -0.94089437 -0.2286362 0.2498865
 outer loop
  vertex -0.48116863 -0.12761565 0.15415925
  vertex -0.49846736 -0.097108185 0.11693769
  vertex -0.4984422 -0.10810792 0.10696808
 endloop
endfacet
facet normal -0.94089425 -0.22863689 0.24988624
 outer loop
  vertex -0.48116863 -0.12761565 0.15415925
  vertex -0.4984422 -0.10810792 0.10696808
  vertex -0.48113546 -0.14211662 0.14101627
 endloop
endfacet
facet normal 0.9893739 -0.09639423 0.10884515
 outer loop
  vertex 0.51869106 -0.031218637 0.039484777
  vertex 0.51126057 -0.063328154 0.07858955
  vertex 0.51127744 -0.0707207 0.07188932
 endloop
endfacet
facet normal 0.98937374 -0.09638807 0.108852595
 outer loop
  vertex 0.51869106 -0.031218637 0.039484777
  vertex 0.51127744 -0.0707207 0.07188932
  vertex 0.5186996 -0.034932796 0.03611845
 endloop
endfacet
facet normal 0.1480756 -0.66397077 0.7329505
 outer loop
  vertex 0.10240823 -0.3240143 0.39509678
  vertex 0.051831707 -0.3288904 0.40089738
  vertex 0.051917918 -0.36660087 0.36671853
 endloop
endfacet
facet normal 0.14807574 -0.6639709 0.73295045
 outer loop
  vertex 0.10240823 -0.3240143 0.39509678
  vertex 0.051917918 -0.36660087 0.36671853
  vertex 0.1024932 -0.3611791 0.36141247
 endloop
endfacet
facet normal -0.9031304 -0.2894778 0.3171089
 outer loop
  vertex -0.459236 -0.1568942 0.18989629
  vertex -0.48116863 -0.12761565 0.15415925
  vertex -0.48113546 -0.14211662 0.14101627
 endloop
endfacet
facet normal -0.90313065 -0.28947625 0.31710953
 outer loop
  vertex -0.459236 -0.1568942 0.18989629
  vertex -0.48113546 -0.14211662 0.14101627
  vertex -0.45919517 -0.17475681 0.17370653
 endloop
endfacet
facet normal 0.24419369 -0.65092295 0.71879673
 outer loop
  vertex 0.1519985 -0.31601778 0.38549113
  vertex 0.10240823 -0.3240143 0.39509678
  vertex 0.1024932 -0.3611791 0.36141247
 endloop
endfacet
facet normal 0.244194 -0.65092313 0.71879643
 outer loop
  vertex 0.1519985 -0.31601778 0.38549113
  vertex 0.1024932 -0.3611791 0.36141247
  vertex 0.1520814 -0.35227904 0.35262573
 endloop
endfacet
facet normal -0.8566633 -0.34751517 0.38126266
 outer loop
  vertex -0.43288067 -0.18466179 0.22380462
  vertex -0.459236 -0.1568942 0.18989629
  vertex -0.45919517 -0.17475681 0.17370653
 endloop
endfacet
facet normal -0.85666317 -0.34751552 0.38126254
 outer loop
  vertex -0.43288067 -0.18466179 0.22380462
  vertex -0.45919517 -0.17475681 0.17370653
  vertex -0.43283254 -0.20571399 0.20472398
 endloop
endfacet
facet normal 0.33797428 -0.63161826 0.69773334
 outer loop
  vertex 0.2001249 -0.30497786 0.37217304
  vertex 0.1519985 -0.31601778 0.38549113
  vertex 0.1520814 -0.35227904 0.35262573
 endloop
endfacet
facet normal 0.33797443 -0.63161826 0.69773316
 outer loop
  vertex 0.2001249 -0.30497786 0.37217304
  vertex 0.1520814 -0.35227904 0.35262573
  vertex 0.20020494 -0.33998635 0.34044307
 endloop
endfacet
facet normal -0.80194587 -0.40219316 0.4417279
 outer loop
  vertex -0.40235648 -0.21065097 0.2555574
  vertex -0.43288067 -0.18466179 0.22380462
  vertex -0.43283254 -0.20571399 0.20472398
 endloop
endfacet
facet normal -0.80194575 -0.4021936 0.4417278
 outer loop
  vertex -0.40235648 -0.21065097 0.2555574
  vertex -0.43283254 -0.20571399 0.20472398
  vertex -0.40230152 -0.23468998 0.23376961
 endloop
endfacet
facet normal 0.42852402 -0.6062372 0.66995794
 outer loop
  vertex 0.24632397 -0.2910007 0.3552706
  vertex 0.2001249 -0.30497786 0.37217304
  vertex 0.20020494 -0.33998635 0.34044307
 endloop
endfacet
facet normal 0.42852393 -0.6062371 0.669958
 outer loop
  vertex 0.24632397 -0.2910007 0.3552706
  vertex 0.20020494 -0.33998635 0.34044307
  vertex 0.24640037 -0.32441926 0.32498166
 endloop
endfacet
facet normal -0.7395144 -0.452982 0.4979214
 outer loop
  vertex -0.36795735 -0.2346115 0.28484908
  vertex -0.40235648 -0.21065097 0.2555574
  vertex -0.40230152 -0.23468998 0.23376961
 endloop
endfacet
facet normal -0.73951447 -0.45298186 0.49792147
 outer loop
  vertex -0.36795735 -0.2346115 0.28484908
  vertex -0.40230152 -0.23468998 0.23376961
  vertex -0.36789608 -0.26140586 0.26056403
 endloop
endfacet
facet normal 0.51496124 -0.5750239 0.6357377
 outer loop
  vertex 0.29015088 -0.27422118 0.3349469
  vertex 0.24632397 -0.2910007 0.3552706
  vertex 0.24640037 -0.32441926 0.32498166
 endloop
endfacet
facet normal 0.51496106 -0.57502383 0.6357379
 outer loop
  vertex 0.29015088 -0.27422118 0.3349469
  vertex 0.24640037 -0.32441926 0.32498166
  vertex 0.2902229 -0.30572802 0.30639067
 endloop
endfacet
facet normal -0.6699732 -0.49939665 0.5493076
 outer loop
  vertex -0.33001462 -0.25631246 0.31139746
  vertex -0.36795735 -0.2346115 0.28484908
  vertex -0.36789608 -0.26140586 0.26056403
 endloop
endfacet
facet normal -0.66997343 -0.49939632 0.54930776
 outer loop
  vertex -0.33001462 -0.25631246 0.31139746
  vertex -0.36789608 -0.26140586 0.26056403
  vertex -0.32994765 -0.2856041 0.28484902
 endloop
endfacet
facet normal 0.5964701 -0.5382688 0.5953906
 outer loop
  vertex 0.33118346 -0.25480065 0.31139725
  vertex 0.29015088 -0.27422118 0.3349469
  vertex 0.2902229 -0.30572802 0.30639067
 endloop
endfacet
facet normal 0.5964698 -0.5382686 0.5953911
 outer loop
  vertex 0.33118346 -0.25480065 0.31139725
  vertex 0.2902229 -0.30572802 0.30639067
  vertex 0.33125043 -0.28409228 0.2848488
 endloop
endfacet
facet normal -0.594002 -0.5409905 0.5953914
 outer loop
  vertex -0.28889367 -0.27554515 0.33494705
  vertex -0.33001462 -0.25631246 0.31139746
  vertex -0.32994765 -0.2856041 0.28484902
 endloop
endfacet
facet normal -0.59400195 -0.54099053 0.5953914
 outer loop
  vertex -0.28889367 -0.27554515 0.33494705
  vertex -0.32994765 -0.2856041 0.28484902
  vertex -0.28882164 -0.307052 0.30639085
 endloop
endfacet
facet normal 0.67225075 -0.4963271 0.54930705
 outer loop
  vertex 0.36902654 -0.23292641 0.28484878
  vertex 0.33118346 -0.25480065 0.31139725
  vertex 0.33125043 -0.28409228 0.2848488
 endloop
endfacet
facet normal 0.6722506 -0.49632704 0.54930735
 outer loop
  vertex 0.36902654 -0.23292641 0.28484878
  vertex 0.33125043 -0.28409228 0.2848488
  vertex 0.36908782 -0.25972077 0.26056373
 endloop
endfacet
facet normal -0.51232594 -0.5773723 0.63573843
 outer loop
  vertex -0.24499048 -0.292124 0.35527077
  vertex -0.28889367 -0.27554515 0.33494705
  vertex -0.28882164 -0.307052 0.30639085
 endloop
endfacet
facet normal -0.5123259 -0.57737243 0.6357384
 outer loop
  vertex -0.24499048 -0.292124 0.35527077
  vertex -0.28882164 -0.307052 0.30639085
  vertex -0.24491408 -0.32554257 0.32498187
 endloop
endfacet
facet normal 0.74157804 -0.44959524 0.49792185
 outer loop
  vertex 0.40331575 -0.20880882 0.2555571
  vertex 0.36902654 -0.23292641 0.28484878
  vertex 0.36908782 -0.25972077 0.26056373
 endloop
endfacet
facet normal 0.74157834 -0.4495956 0.49792087
 outer loop
  vertex 0.40331575 -0.20880882 0.2555571
  vertex 0.36908782 -0.25972077 0.26056373
  vertex 0.4033707 -0.23284784 0.23376931
 endloop
endfacet
facet normal -0.4257445 -0.6081907 0.6699594
 outer loop
  vertex -0.1987279 -0.30588973 0.37217307
  vertex -0.24499048 -0.292124 0.35527077
  vertex -0.24491408 -0.32554257 0.32498187
 endloop
endfacet
facet normal -0.42574438 -0.60819083 0.66995937
 outer loop
  vertex -0.1987279 -0.30588973 0.37217307
  vertex -0.24491408 -0.32554257 0.32498187
  vertex -0.19864787 -0.34089825 0.3404431
 endloop
endfacet
facet normal 0.8037768 -0.39852217 0.44172713
 outer loop
  vertex 0.43372077 -0.18268035 0.2238043
  vertex 0.40331575 -0.20880882 0.2555571
  vertex 0.4033707 -0.23284784 0.23376931
 endloop
endfacet
facet normal 0.8037766 -0.39852193 0.44172782
 outer loop
  vertex 0.43372077 -0.18268035 0.2238043
  vertex 0.4033707 -0.23284784 0.23376931
  vertex 0.4337689 -0.20373255 0.20472366
 endloop
endfacet
facet normal -0.33508483 -0.63315624 0.697733
 outer loop
  vertex -0.15055147 -0.31670955 0.38549128
  vertex -0.1987279 -0.30588973 0.37217307
  vertex -0.19864787 -0.34089825 0.3404431
 endloop
endfacet
facet normal -0.335085 -0.633156 0.69773304
 outer loop
  vertex -0.15055147 -0.31670955 0.38549128
  vertex -0.19864787 -0.34089825 0.3404431
  vertex -0.15046857 -0.3529708 0.3526259
 endloop
endfacet
facet normal 0.85824376 -0.3435943 0.38126203
 outer loop
  vertex 0.45994878 -0.15479256 0.18989602
  vertex 0.43372077 -0.18268035 0.2238043
  vertex 0.4337689 -0.20373255 0.20472366
 endloop
endfacet
facet normal 0.8582438 -0.34359458 0.38126147
 outer loop
  vertex 0.45994878 -0.15479256 0.18989602
  vertex 0.4337689 -0.20373255 0.20472366
  vertex 0.4599896 -0.17265517 0.17370625
 endloop
endfacet
facet normal -0.24121352 -0.65203285 0.7187971
 outer loop
  vertex -0.10092519 -0.32447922 0.39509684
  vertex -0.15055147 -0.31670955 0.38549128
  vertex -0.15046857 -0.3529708 0.3526259
 endloop
endfacet
facet normal -0.24121337 -0.652033 0.718797
 outer loop
  vertex -0.10092519 -0.32447922 0.39509684
  vertex -0.15046857 -0.3529708 0.3526259
  vertex -0.100840226 -0.36164403 0.36141253
 endloop
endfacet
facet normal 0.9044452 -0.28534383 0.31710836
 outer loop
  vertex 0.48174727 -0.12541395 0.1541589
  vertex 0.45994878 -0.15479256 0.18989602
  vertex 0.4599896 -0.17265517 0.17370625
 endloop
endfacet
facet normal 0.90444505 -0.2853433 0.31710944
 outer loop
  vertex 0.48174727 -0.12541395 0.1541589
  vertex 0.4599896 -0.17265517 0.17370625
  vertex 0.48178044 -0.13991494 0.14101593
 endloop
endfacet
facet normal 0.05070101 -0.7399466 0.67075217
 outer loop
  vertex 0.051917918 -0.36660087 0.36671853
  vertex 0.0008427051 -0.36849204 0.36849296
  vertex 0.0009212175 -0.4028362 0.33059993
 endloop
endfacet
facet normal 0.050702028 -0.73994726 0.6707514
 outer loop
  vertex 0.051917918 -0.36660087 0.36671853
  vertex 0.0009212175 -0.4028362 0.33059993
  vertex 0.051996052 -0.4007796 0.32900795
 endloop
endfacet
facet normal -0.9408408 -0.2520389 0.22648413
 outer loop
  vertex -0.48113546 -0.14211662 0.14101627
  vertex -0.4984422 -0.10810792 0.10696808
  vertex -0.4984194 -0.1180775 0.09596831
 endloop
endfacet
facet normal -0.9408409 -0.2520384 0.22648442
 outer loop
  vertex -0.48113546 -0.14211662 0.14101627
  vertex -0.4984194 -0.1180775 0.09596831
  vertex -0.48110542 -0.15525955 0.12651524
 endloop
endfacet
facet normal 0.98939717 -0.10658645 0.09865424
 outer loop
  vertex 0.5186996 -0.034932796 0.03611845
  vertex 0.51127744 -0.0707207 0.07188932
  vertex 0.51129276 -0.07742092 0.06449675
 endloop
endfacet
facet normal 0.98939717 -0.10658731 0.098652944
 outer loop
  vertex 0.5186996 -0.034932796 0.03611845
  vertex 0.51129276 -0.07742092 0.06449675
  vertex 0.5187073 -0.03829911 0.03240428
 endloop
endfacet
facet normal 0.14823273 -0.732614 0.664307
 outer loop
  vertex 0.1024932 -0.3611791 0.36141247
  vertex 0.051917918 -0.36660087 0.36671853
  vertex 0.051996052 -0.4007796 0.32900795
 endloop
endfacet
facet normal 0.1482318 -0.73261344 0.6643078
 outer loop
  vertex 0.1024932 -0.3611791 0.36141247
  vertex 0.051996052 -0.4007796 0.32900795
  vertex 0.10257019 -0.39486337 0.32424754
 endloop
endfacet
facet normal -0.9030628 -0.31917453 0.28741115
 outer loop
  vertex -0.45919517 -0.17475681 0.17370653
  vertex -0.48113546 -0.14211662 0.14101627
  vertex -0.48110542 -0.15525955 0.12651524
 endloop
endfacet
facet normal -0.90306276 -0.31917465 0.2874111
 outer loop
  vertex -0.45919517 -0.17475681 0.17370653
  vertex -0.48110542 -0.15525955 0.12651524
  vertex -0.45915815 -0.19094653 0.15584388
 endloop
endfacet
facet normal 0.24434783 -0.7182399 0.6514795
 outer loop
  vertex 0.1520814 -0.35227904 0.35262573
  vertex 0.1024932 -0.3611791 0.36141247
  vertex 0.10257019 -0.39486337 0.32424754
 endloop
endfacet
facet normal 0.24434759 -0.7182398 0.6514798
 outer loop
  vertex 0.1520814 -0.35227904 0.35262573
  vertex 0.10257019 -0.39486337 0.32424754
  vertex 0.15215653 -0.38514435 0.31636438
 endloop
endfacet
facet normal -0.85658157 -0.38322178 0.34555623
 outer loop
  vertex -0.43283254 -0.20571399 0.20472398
  vertex -0.45919517 -0.17475681 0.17370653
  vertex -0.45915815 -0.19094653 0.15584388
 endloop
endfacet
facet normal -0.8565814 -0.3832222 0.34555605
 outer loop
  vertex -0.43283254 -0.20571399 0.20472398
  vertex -0.45915815 -0.19094653 0.15584388
  vertex -0.4327889 -0.22479457 0.18367174
 endloop
endfacet
facet normal 0.3381238 -0.69696224 0.6323892
 outer loop
  vertex 0.20020494 -0.33998635 0.34044307
  vertex 0.1520814 -0.35227904 0.35262573
  vertex 0.15215653 -0.38514435 0.31636438
 endloop
endfacet
facet normal 0.33812416 -0.6969623 0.63238883
 outer loop
  vertex 0.20020494 -0.33998635 0.34044307
  vertex 0.15215653 -0.38514435 0.31636438
  vertex 0.20027746 -0.37171623 0.30543447
 endloop
endfacet
facet normal -0.8018511 -0.44356257 0.4003586
 outer loop
  vertex -0.40230152 -0.23468998 0.23376961
  vertex -0.43283254 -0.20571399 0.20472398
  vertex -0.4327889 -0.22479457 0.18367174
 endloop
endfacet
facet normal -0.80185145 -0.44356167 0.40035892
 outer loop
  vertex -0.40230152 -0.23468998 0.23376961
  vertex -0.4327889 -0.22479457 0.18367174
  vertex -0.40225172 -0.25647768 0.20973054
 endloop
endfacet
facet normal 0.42866743 -0.6689802 0.60721487
 outer loop
  vertex 0.24640037 -0.32441926 0.32498166
  vertex 0.20020494 -0.33998635 0.34044307
  vertex 0.20027746 -0.37171623 0.30543447
 endloop
endfacet
facet normal 0.4286676 -0.66898024 0.6072146
 outer loop
  vertex 0.24640037 -0.32441926 0.32498166
  vertex 0.20027746 -0.37171623 0.30543447
  vertex 0.2464696 -0.35470808 0.291563
 endloop
endfacet
facet normal -0.73940796 -0.49961302 0.45129013
 outer loop
  vertex -0.36789608 -0.26140586 0.26056403
  vertex -0.40230152 -0.23468998 0.23376961
  vertex -0.40225172 -0.25647768 0.20973054
 endloop
endfacet
facet normal -0.7394076 -0.49961382 0.45128983
 outer loop
  vertex -0.36789608 -0.26140586 0.26056403
  vertex -0.40225172 -0.25647768 0.20973054
  vertex -0.36784056 -0.28569084 0.23376958
 endloop
endfacet
facet normal 0.51509726 -0.6345623 0.5761992
 outer loop
  vertex 0.2902229 -0.30572802 0.30639067
  vertex 0.24640037 -0.32441926 0.32498166
  vertex 0.2464696 -0.35470808 0.291563
 endloop
endfacet
facet normal 0.51509696 -0.6345622 0.57619965
 outer loop
  vertex 0.2902229 -0.30572802 0.30639067
  vertex 0.2464696 -0.35470808 0.291563
  vertex 0.2902882 -0.33428413 0.27488378
 endloop
endfacet
facet normal -0.6698558 -0.55084074 0.49786314
 outer loop
  vertex -0.32994765 -0.2856041 0.28484902
  vertex -0.36789608 -0.26140586 0.26056403
  vertex -0.36784056 -0.28569084 0.23376958
 endloop
endfacet
facet normal -0.66985554 -0.5508412 0.49786302
 outer loop
  vertex -0.32994765 -0.2856041 0.28484902
  vertex -0.36784056 -0.28569084 0.23376958
  vertex -0.32988694 -0.31215245 0.2555573
 endloop
endfacet
facet normal 0.5965974 -0.5940286 0.53963107
 outer loop
  vertex 0.33125043 -0.28409228 0.2848488
  vertex 0.2902229 -0.30572802 0.30639067
  vertex 0.2902882 -0.33428413 0.27488378
 endloop
endfacet
facet normal 0.5965977 -0.5940287 0.5396305
 outer loop
  vertex 0.33125043 -0.28409228 0.2848488
  vertex 0.2902882 -0.33428413 0.27488378
  vertex 0.33131114 -0.31064063 0.2555571
 endloop
endfacet
facet normal -0.59387445 -0.5967511 0.5396306
 outer loop
  vertex -0.28882164 -0.307052 0.30639085
  vertex -0.32994765 -0.2856041 0.28484902
  vertex -0.32988694 -0.31215245 0.2555573
 endloop
endfacet
facet normal -0.5938749 -0.59675056 0.5396309
 outer loop
  vertex -0.28882164 -0.307052 0.30639085
  vertex -0.32988694 -0.31215245 0.2555573
  vertex -0.28875634 -0.3356081 0.27488396
 endloop
endfacet
facet normal 0.67236817 -0.54777163 0.49786267
 outer loop
  vertex 0.36908782 -0.25972077 0.26056373
  vertex 0.33125043 -0.28409228 0.2848488
  vertex 0.33131114 -0.31064063 0.2555571
 endloop
endfacet
facet normal 0.6723679 -0.5477715 0.4978632
 outer loop
  vertex 0.36908782 -0.25972077 0.26056373
  vertex 0.33131114 -0.31064063 0.2555571
  vertex 0.36914334 -0.28400576 0.23376931
 endloop
endfacet
facet normal -0.5121896 -0.63691115 0.5761996
 outer loop
  vertex -0.24491408 -0.32554257 0.32498187
  vertex -0.28882164 -0.307052 0.30639085
  vertex -0.28875634 -0.3356081 0.27488396
 endloop
endfacet
facet normal -0.5121898 -0.63691086 0.57619965
 outer loop
  vertex -0.24491408 -0.32554257 0.32498187
  vertex -0.28875634 -0.3356081 0.27488396
  vertex -0.24484485 -0.35583138 0.2915632
 endloop
endfacet
facet normal 0.7416851 -0.49622676 0.45128956
 outer loop
  vertex 0.4033707 -0.23284784 0.23376931
  vertex 0.36908782 -0.25972077 0.26056373
  vertex 0.36914334 -0.28400576 0.23376931
 endloop
endfacet
facet normal 0.74168515 -0.49622682 0.45128936
 outer loop
  vertex 0.4033707 -0.23284784 0.23376931
  vertex 0.36914334 -0.28400576 0.23376931
  vertex 0.4034205 -0.25463554 0.20973024
 endloop
endfacet
facet normal -0.42560118 -0.6709342 0.6072158
 outer loop
  vertex -0.19864787 -0.34089825 0.3404431
  vertex -0.24491408 -0.32554257 0.32498187
  vertex -0.24484485 -0.35583138 0.2915632
 endloop
endfacet
facet normal -0.4256007 -0.67093474 0.6072155
 outer loop
  vertex -0.19864787 -0.34089825 0.3404431
  vertex -0.24484485 -0.35583138 0.2915632
  vertex -0.19857535 -0.37262806 0.3054345
 endloop
endfacet
facet normal 0.80387115 -0.43989104 0.4003585
 outer loop
  vertex 0.4337689 -0.20373255 0.20472366
  vertex 0.4033707 -0.23284784 0.23376931
  vertex 0.4034205 -0.25463554 0.20973024
 endloop
endfacet
facet normal 0.80387115 -0.43989098 0.4003587
 outer loop
  vertex 0.4337689 -0.20373255 0.20472366
  vertex 0.4034205 -0.25463554 0.20973024
  vertex 0.43381253 -0.22281313 0.18367141
 endloop
endfacet
facet normal -0.33493543 -0.69850105 0.6323879
 outer loop
  vertex -0.15046857 -0.3529708 0.3526259
  vertex -0.19864787 -0.34089825 0.3404431
  vertex -0.19857535 -0.37262806 0.3054345
 endloop
endfacet
facet normal -0.33493614 -0.69850045 0.63238835
 outer loop
  vertex -0.15046857 -0.3529708 0.3526259
  vertex -0.19857535 -0.37262806 0.3054345
  vertex -0.15039344 -0.38583612 0.31636453
 endloop
endfacet
facet normal 0.8583255 -0.37930036 0.34555563
 outer loop
  vertex 0.4599896 -0.17265517 0.17370625
  vertex 0.4337689 -0.20373255 0.20472366
  vertex 0.43381253 -0.22281313 0.18367141
 endloop
endfacet
facet normal 0.8583254 -0.37930036 0.3455556
 outer loop
  vertex 0.4599896 -0.17265517 0.17370625
  vertex 0.43381253 -0.22281313 0.18367141
  vertex 0.46002662 -0.18884489 0.1558436
 endloop
endfacet
facet normal -0.24105951 -0.71935004 0.6514798
 outer loop
  vertex -0.100840226 -0.36164403 0.36141253
  vertex -0.15046857 -0.3529708 0.3526259
  vertex -0.15039344 -0.38583612 0.31636453
 endloop
endfacet
facet normal -0.24105974 -0.7193498 0.6514799
 outer loop
  vertex -0.100840226 -0.36164403 0.36141253
  vertex -0.15039344 -0.38583612 0.31636453
  vertex -0.10076323 -0.39532828 0.3242476
 endloop
endfacet
facet normal 0.90451294 -0.31504178 0.28741089
 outer loop
  vertex 0.48178044 -0.13991494 0.14101593
  vertex 0.4599896 -0.17265517 0.17370625
  vertex 0.46002662 -0.18884489 0.1558436
 endloop
endfacet
facet normal 0.904513 -0.31504196 0.28741023
 outer loop
  vertex 0.48178044 -0.13991494 0.14101593
  vertex 0.46002662 -0.18884489 0.1558436
  vertex 0.48181048 -0.15305787 0.1265149
 endloop
endfacet
facet normal -0.14488113 -0.73328346 0.6643078
 outer loop
  vertex -0.050240684 -0.36683446 0.3667186
  vertex -0.100840226 -0.36164403 0.36141253
  vertex -0.10076323 -0.39532828 0.3242476
 endloop
endfacet
facet normal -0.14488016 -0.73328424 0.6643072
 outer loop
  vertex -0.050240684 -0.36683446 0.3667186
  vertex -0.10076323 -0.39532828 0.3242476
  vertex -0.05016255 -0.4010132 0.329008
 endloop
endfacet
facet normal -0.9888994 -0.111108355 0.09865513
 outer loop
  vertex -0.51094866 -0.07305798 0.0718897
  vertex -0.51853436 -0.037304398 0.036118854
  vertex -0.5185267 -0.04067071 0.032404684
 endloop
endfacet
facet normal -0.9888994 -0.11110937 0.098654285
 outer loop
  vertex -0.51094866 -0.07305798 0.0718897
  vertex -0.5185267 -0.04067071 0.032404684
  vertex -0.51093334 -0.0797582 0.06449713
 endloop
endfacet
facet normal 0.9419837 -0.2477337 0.22648343
 outer loop
  vertex 0.49893144 -0.105827495 0.10696774
  vertex 0.48178044 -0.13991494 0.14101593
  vertex 0.48181048 -0.15305787 0.1265149
 endloop
endfacet
facet normal 0.9419836 -0.24773331 0.2264843
 outer loop
  vertex 0.49893144 -0.105827495 0.10696774
  vertex 0.48181048 -0.15305787 0.1265149
  vertex 0.49895424 -0.11579709 0.09596796
 endloop
endfacet
facet normal -0.0473158 -0.74017143 0.6707514
 outer loop
  vertex 0.0008427051 -0.36849204 0.36849296
  vertex -0.050240684 -0.36683446 0.3667186
  vertex -0.05016255 -0.4010132 0.329008
 endloop
endfacet
facet normal -0.04731682 -0.74017066 0.67075217
 outer loop
  vertex 0.0008427051 -0.36849204 0.36849296
  vertex -0.05016255 -0.4010132 0.329008
  vertex 0.0009212175 -0.4028362 0.33059993
 endloop
endfacet
facet normal -0.9695473 -0.18245836 0.16336116
 outer loop
  vertex -0.4984422 -0.10810792 0.10696808
  vertex -0.51094866 -0.07305798 0.0718897
  vertex -0.51093334 -0.0797582 0.06449713
 endloop
endfacet
facet normal -0.96954733 -0.18245868 0.16336097
 outer loop
  vertex -0.4984422 -0.10810792 0.10696808
  vertex -0.51093334 -0.0797582 0.06449713
  vertex -0.4984194 -0.1180775 0.09596831
 endloop
endfacet
facet normal 0.97037184 -0.17802195 0.16336057
 outer loop
  vertex 0.51127744 -0.0707207 0.07188932
  vertex 0.49893144 -0.105827495 0.10696774
  vertex 0.49895424 -0.11579709 0.09596796
 endloop
endfacet
facet normal 0.9703719 -0.17802216 0.16336016
 outer loop
  vertex 0.51127744 -0.0707207 0.07188932
  vertex 0.49895424 -0.11579709 0.09596796
  vertex 0.51129276 -0.07742092 0.06449675
 endloop
endfacet
facet normal 0.24448562 -0.778635 0.5778878
 outer loop
  vertex 0.15215653 -0.38514435 0.31636438
  vertex 0.10257019 -0.39486337 0.32424754
  vertex 0.1026385 -0.42474258 0.28395995
 endloop
endfacet
facet normal 0.2444851 -0.7786348 0.5778883
 outer loop
  vertex 0.15215653 -0.38514435 0.31636438
  vertex 0.1026385 -0.42474258 0.28395995
  vertex 0.15222317 -0.4142972 0.27705625
 endloop
endfacet
facet normal -0.8565082 -0.41525635 0.30652237
 outer loop
  vertex -0.4327889 -0.22479457 0.18367174
  vertex -0.45915815 -0.19094653 0.15584388
  vertex -0.45912534 -0.20530744 0.13648036
 endloop
endfacet
facet normal -0.8565081 -0.41525635 0.30652234
 outer loop
  vertex -0.4327889 -0.22479457 0.18367174
  vertex -0.45912534 -0.20530744 0.13648036
  vertex -0.43275023 -0.2417198 0.16085064
 endloop
endfacet
facet normal 0.3382581 -0.7555872 0.560954
 outer loop
  vertex 0.20027746 -0.37171623 0.30543447
  vertex 0.15215653 -0.38514435 0.31636438
  vertex 0.15222317 -0.4142972 0.27705625
 endloop
endfacet
facet normal 0.3382584 -0.7555873 0.56095374
 outer loop
  vertex 0.20027746 -0.37171623 0.30543447
  vertex 0.15222317 -0.4142972 0.27705625
  vertex 0.2003418 -0.39986184 0.2674844
 endloop
endfacet
facet normal -0.8017667 -0.48067668 0.35513404
 outer loop
  vertex -0.40225172 -0.25647768 0.20973054
  vertex -0.4327889 -0.22479457 0.18367174
  vertex -0.43275023 -0.2417198 0.16085064
 endloop
endfacet
facet normal -0.8017664 -0.48067743 0.35513362
 outer loop
  vertex -0.40225172 -0.25647768 0.20973054
  vertex -0.43275023 -0.2417198 0.16085064
  vertex -0.40220752 -0.27580422 0.18367162
 endloop
endfacet
facet normal 0.42879635 -0.7252713 0.53862333
 outer loop
  vertex 0.2464696 -0.35470808 0.291563
  vertex 0.20027746 -0.37171623 0.30543447
  vertex 0.2003418 -0.39986184 0.2674844
 endloop
endfacet
facet normal 0.42879626 -0.7252712 0.5386236
 outer loop
  vertex 0.2464696 -0.35470808 0.291563
  vertex 0.2003418 -0.39986184 0.2674844
  vertex 0.24653102 -0.38157547 0.25533643
 endloop
endfacet
facet normal -0.73931193 -0.5414503 0.4003116
 outer loop
  vertex -0.36784056 -0.28569084 0.23376958
  vertex -0.40225172 -0.25647768 0.20973054
  vertex -0.40220752 -0.27580422 0.18367162
 endloop
endfacet
facet normal -0.73931247 -0.5414491 0.40031222
 outer loop
  vertex -0.36784056 -0.28569084 0.23376958
  vertex -0.40220752 -0.27580422 0.18367162
  vertex -0.36779132 -0.3072326 0.20472385
 endloop
endfacet
facet normal 0.51521903 -0.6879782 0.51111174
 outer loop
  vertex 0.2902882 -0.33428413 0.27488378
  vertex 0.2464696 -0.35470808 0.291563
  vertex 0.24653102 -0.38157547 0.25533643
 endloop
endfacet
facet normal 0.5152191 -0.68797827 0.5111118
 outer loop
  vertex 0.2902882 -0.33428413 0.27488378
  vertex 0.24653102 -0.38157547 0.25533643
  vertex 0.29034612 -0.35961452 0.24072962
 endloop
endfacet
facet normal -0.66975 -0.59699434 0.44162518
 outer loop
  vertex -0.32988694 -0.31215245 0.2555573
  vertex -0.36784056 -0.28569084 0.23376958
  vertex -0.36779132 -0.3072326 0.20472385
 endloop
endfacet
facet normal -0.66974974 -0.5969946 0.44162506
 outer loop
  vertex -0.32988694 -0.31215245 0.2555573
  vertex -0.36779132 -0.3072326 0.20472385
  vertex -0.32983312 -0.3357019 0.22380444
 endloop
endfacet
facet normal 0.5967121 -0.6440544 0.47867382
 outer loop
  vertex 0.33131114 -0.31064063 0.2555571
  vertex 0.2902882 -0.33428413 0.27488378
  vertex 0.29034612 -0.35961452 0.24072962
 endloop
endfacet
facet normal 0.5967122 -0.6440544 0.47867373
 outer loop
  vertex 0.33131114 -0.31064063 0.2555571
  vertex 0.29034612 -0.35961452 0.24072962
  vertex 0.33136496 -0.3341901 0.22380424
 endloop
endfacet
facet normal -0.59376055 -0.6467761 0.47867426
 outer loop
  vertex -0.28875634 -0.3356081 0.27488396
  vertex -0.32988694 -0.31215245 0.2555573
  vertex -0.32983312 -0.3357019 0.22380444
 endloop
endfacet
facet normal -0.5937602 -0.6467766 0.47867405
 outer loop
  vertex -0.28875634 -0.3356081 0.27488396
  vertex -0.32983312 -0.3357019 0.22380444
  vertex -0.28869843 -0.3609385 0.24072976
 endloop
endfacet
facet normal 0.6724733 -0.5939257 0.44162416
 outer loop
  vertex 0.36914334 -0.28400576 0.23376931
  vertex 0.33131114 -0.31064063 0.2555571
  vertex 0.33136496 -0.3341901 0.22380424
 endloop
endfacet
facet normal 0.6724732 -0.59392565 0.44162437
 outer loop
  vertex 0.36914334 -0.28400576 0.23376931
  vertex 0.33136496 -0.3341901 0.22380424
  vertex 0.36919257 -0.3055475 0.20472358
 endloop
endfacet
facet normal -0.51206756 -0.6903271 0.51111174
 outer loop
  vertex -0.24484485 -0.35583138 0.2915632
  vertex -0.28875634 -0.3356081 0.27488396
  vertex -0.28869843 -0.3609385 0.24072976
 endloop
endfacet
facet normal -0.5120678 -0.690327 0.5111119
 outer loop
  vertex -0.24484485 -0.35583138 0.2915632
  vertex -0.28869843 -0.3609385 0.24072976
  vertex -0.24478343 -0.38269877 0.25533664
 endloop
endfacet
facet normal 0.7417808 -0.5380631 0.40031144
 outer loop
  vertex 0.4034205 -0.25463554 0.20973024
  vertex 0.36914334 -0.28400576 0.23376931
  vertex 0.36919257 -0.3055475 0.20472358
 endloop
endfacet
facet normal 0.7417808 -0.5380631 0.40031147
 outer loop
  vertex 0.4034205 -0.25463554 0.20973024
  vertex 0.36919257 -0.3055475 0.20472358
  vertex 0.4034647 -0.27396208 0.18367133
 endloop
endfacet
facet normal -0.4254721 -0.72722554 0.5386245
 outer loop
  vertex -0.19857535 -0.37262806 0.3054345
  vertex -0.24484485 -0.35583138 0.2915632
  vertex -0.24478343 -0.38269877 0.25533664
 endloop
endfacet
facet normal -0.42547178 -0.727226 0.5386242
 outer loop
  vertex -0.19857535 -0.37262806 0.3054345
  vertex -0.24478343 -0.38269877 0.25533664
  vertex -0.198511 -0.40077367 0.2674844
 endloop
endfacet
facet normal 0.80395603 -0.47700584 0.35513392
 outer loop
  vertex 0.43381253 -0.22281313 0.18367141
  vertex 0.4034205 -0.25463554 0.20973024
  vertex 0.4034647 -0.27396208 0.18367133
 endloop
endfacet
facet normal 0.8039562 -0.47700593 0.35513344
 outer loop
  vertex 0.43381253 -0.22281313 0.18367141
  vertex 0.4034647 -0.27396208 0.18367133
  vertex 0.4338512 -0.23973836 0.16085032
 endloop
endfacet
facet normal -0.33480197 -0.75712574 0.5609531
 outer loop
  vertex -0.15039344 -0.38583612 0.31636453
  vertex -0.19857535 -0.37262806 0.3054345
  vertex -0.198511 -0.40077367 0.2674844
 endloop
endfacet
facet normal -0.3348027 -0.757125 0.5609535
 outer loop
  vertex -0.15039344 -0.38583612 0.31636453
  vertex -0.198511 -0.40077367 0.2674844
  vertex -0.1503268 -0.41498896 0.2770564
 endloop
endfacet
facet normal 0.8583987 -0.4113351 0.30652106
 outer loop
  vertex 0.46002662 -0.18884489 0.1558436
  vertex 0.43381253 -0.22281313 0.18367141
  vertex 0.4338512 -0.23973836 0.16085032
 endloop
endfacet
facet normal 0.85839885 -0.4113353 0.3065203
 outer loop
  vertex 0.46002662 -0.18884489 0.1558436
  vertex 0.4338512 -0.23973836 0.16085032
  vertex 0.46005943 -0.2032058 0.13648008
 endloop
endfacet
facet normal -0.24092175 -0.7797446 0.57788855
 outer loop
  vertex -0.10076323 -0.39532828 0.3242476
  vertex -0.15039344 -0.38583612 0.31636453
  vertex -0.1503268 -0.41498896 0.2770564
 endloop
endfacet
facet normal -0.24092114 -0.77974516 0.5778881
 outer loop
  vertex -0.10076323 -0.39532828 0.3242476
  vertex -0.1503268 -0.41498896 0.2770564
  vertex -0.100694925 -0.4252075 0.28396
 endloop
endfacet
facet normal 0.9045739 -0.34168655 0.25494376
 outer loop
  vertex 0.48181048 -0.15305787 0.1265149
  vertex 0.46002662 -0.18884489 0.1558436
  vertex 0.46005943 -0.2032058 0.13648008
 endloop
endfacet
facet normal 0.9045739 -0.34168646 0.2549441
 outer loop
  vertex 0.48181048 -0.15305787 0.1265149
  vertex 0.46005943 -0.2032058 0.13648008
  vertex 0.48183712 -0.16471615 0.11079546
 endloop
endfacet
facet normal -0.14473933 -0.79486793 0.5892669
 outer loop
  vertex -0.05016255 -0.4010132 0.329008
  vertex -0.10076323 -0.39532828 0.3242476
  vertex -0.100694925 -0.4252075 0.28396
 endloop
endfacet
facet normal -0.14474005 -0.7948674 0.58926743
 outer loop
  vertex -0.05016255 -0.4010132 0.329008
  vertex -0.100694925 -0.4252075 0.28396
  vertex -0.050093245 -0.43133113 0.28812894
 endloop
endfacet
facet normal -0.9888786 -0.12025099 0.08751517
 outer loop
  vertex -0.51093334 -0.0797582 0.06449713
  vertex -0.5185267 -0.04067071 0.032404684
  vertex -0.5185199 -0.04365677 0.028378442
 endloop
endfacet
facet normal -0.98887837 -0.12025558 0.08751055
 outer loop
  vertex -0.51093334 -0.0797582 0.06449713
  vertex -0.5185199 -0.04365677 0.028378442
  vertex -0.51091975 -0.085701555 0.056483425
 endloop
endfacet
facet normal 0.9420316 -0.26873004 0.20089965
 outer loop
  vertex 0.49895424 -0.11579709 0.09596796
  vertex 0.48181048 -0.15305787 0.1265149
  vertex 0.48183712 -0.16471615 0.11079546
 endloop
endfacet
facet normal 0.94203156 -0.2687301 0.20089962
 outer loop
  vertex 0.49895424 -0.11579709 0.09596796
  vertex 0.48183712 -0.16471615 0.11079546
  vertex 0.49897444 -0.1246405 0.084043965
 endloop
endfacet
facet normal -0.0471747 -0.8023521 0.5949839
 outer loop
  vertex 0.0009212175 -0.4028362 0.33059993
  vertex -0.05016255 -0.4010132 0.329008
  vertex -0.050093245 -0.43133113 0.28812894
 endloop
endfacet
facet normal -0.047173858 -0.8023526 0.5949832
 outer loop
  vertex 0.0009212175 -0.4028362 0.33059993
  vertex -0.050093245 -0.43133113 0.28812894
  vertex 0.0009908584 -0.43330082 0.289523
 endloop
endfacet
facet normal -0.96951276 -0.19760273 0.14490782
 outer loop
  vertex -0.4984194 -0.1180775 0.09596831
  vertex -0.51093334 -0.0797582 0.06449713
  vertex -0.51091975 -0.085701555 0.056483425
 endloop
endfacet
facet normal -0.96951276 -0.19760205 0.14490838
 outer loop
  vertex -0.4984194 -0.1180775 0.09596831
  vertex -0.51091975 -0.085701555 0.056483425
  vertex -0.4983992 -0.12692091 0.08404432
 endloop
endfacet
facet normal 0.9704065 -0.19316684 0.14490628
 outer loop
  vertex 0.51129276 -0.07742092 0.06449675
  vertex 0.49895424 -0.11579709 0.09596796
  vertex 0.49897444 -0.1246405 0.084043965
 endloop
endfacet
facet normal 0.9704065 -0.19316639 0.14490719
 outer loop
  vertex 0.51129276 -0.07742092 0.06449675
  vertex 0.49897444 -0.1246405 0.084043965
  vertex 0.51130635 -0.08336428 0.056483038
 endloop
endfacet
facet normal 0.050844166 -0.8021284 0.59498304
 outer loop
  vertex 0.051996052 -0.4007796 0.32900795
  vertex 0.0009212175 -0.4028362 0.33059993
  vertex 0.0009908584 -0.43330082 0.289523
 endloop
endfacet
facet normal 0.050843336 -0.8021279 0.5949838
 outer loop
  vertex 0.051996052 -0.4007796 0.32900795
  vertex 0.0009908584 -0.43330082 0.289523
  vertex 0.052065358 -0.43109754 0.28812888
 endloop
endfacet
facet normal -0.9407929 -0.27303413 0.20090105
 outer loop
  vertex -0.48110542 -0.15525955 0.12651524
  vertex -0.4984194 -0.1180775 0.09596831
  vertex -0.4983992 -0.12692091 0.08404432
 endloop
endfacet
facet normal -0.9407928 -0.27303448 0.20090076
 outer loop
  vertex -0.48110542 -0.15525955 0.12651524
  vertex -0.4983992 -0.12692091 0.08404432
  vertex -0.48107877 -0.16691783 0.1107958
 endloop
endfacet
facet normal 0.989418 -0.11573186 0.08751027
 outer loop
  vertex 0.5187073 -0.03829911 0.03240428
  vertex 0.51129276 -0.07742092 0.06449675
  vertex 0.51130635 -0.08336428 0.056483038
 endloop
endfacet
facet normal 0.98941815 -0.11573494 0.087504454
 outer loop
  vertex 0.5187073 -0.03829911 0.03240428
  vertex 0.51130635 -0.08336428 0.056483038
  vertex 0.5187141 -0.041285165 0.028378043
 endloop
endfacet
facet normal 0.1483726 -0.7941973 0.5892674
 outer loop
  vertex 0.10257019 -0.39486337 0.32424754
  vertex 0.051996052 -0.4007796 0.32900795
  vertex 0.052065358 -0.43109754 0.28812888
 endloop
endfacet
facet normal 0.14837329 -0.79419774 0.5892668
 outer loop
  vertex 0.10257019 -0.39486337 0.32424754
  vertex 0.052065358 -0.43109754 0.28812888
  vertex 0.1026385 -0.42474258 0.28395995
 endloop
endfacet
facet normal -0.90300184 -0.3458187 0.25494507
 outer loop
  vertex -0.45915815 -0.19094653 0.15584388
  vertex -0.48110542 -0.15525955 0.12651524
  vertex -0.48107877 -0.16691783 0.1107958
 endloop
endfacet
facet normal -0.9030019 -0.34581852 0.25494516
 outer loop
  vertex -0.45915815 -0.19094653 0.15584388
  vertex -0.48107877 -0.16691783 0.1107958
  vertex -0.45912534 -0.20530744 0.13648036
 endloop
endfacet
facet normal 0.8040306 -0.5095091 0.3064888
 outer loop
  vertex 0.4338512 -0.23973836 0.16085032
  vertex 0.4034647 -0.27396208 0.18367133
  vertex 0.40350282 -0.29064137 0.15584357
 endloop
endfacet
facet normal 0.8040307 -0.5095091 0.3064883
 outer loop
  vertex 0.4338512 -0.23973836 0.16085032
  vertex 0.40350282 -0.29064137 0.15584357
  vertex 0.4338846 -0.25434524 0.13648014
 endloop
endfacet
facet normal -0.3346852 -0.8084661 0.4841161
 outer loop
  vertex -0.1503268 -0.41498896 0.2770564
  vertex -0.198511 -0.40077367 0.2674844
  vertex -0.19845548 -0.425064 0.22695833
 endloop
endfacet
facet normal -0.33468455 -0.8084666 0.4841156
 outer loop
  vertex -0.1503268 -0.41498896 0.2770564
  vertex -0.19845548 -0.425064 0.22695833
  vertex -0.15026928 -0.4401485 0.23508006
 endloop
endfacet
facet normal 0.858463 -0.43938917 0.2645347
 outer loop
  vertex 0.46005943 -0.2032058 0.13648008
  vertex 0.4338512 -0.23973836 0.16085032
  vertex 0.4338846 -0.25434524 0.13648014
 endloop
endfacet
facet normal 0.8584626 -0.43938896 0.26453593
 outer loop
  vertex 0.46005943 -0.2032058 0.13648008
  vertex 0.4338846 -0.25434524 0.13648014
  vertex 0.46008778 -0.21559963 0.11580219
 endloop
endfacet
facet normal -0.24080019 -0.8326361 0.4987308
 outer loop
  vertex -0.100694925 -0.4252075 0.28396
  vertex -0.1503268 -0.41498896 0.2770564
  vertex -0.15026928 -0.4401485 0.23508006
 endloop
endfacet
facet normal -0.24080129 -0.8326353 0.49873167
 outer loop
  vertex -0.100694925 -0.4252075 0.28396
  vertex -0.15026928 -0.4401485 0.23508006
  vertex -0.100635976 -0.450994 0.24093774
 endloop
endfacet
facet normal 0.90462714 -0.36501935 0.22002381
 outer loop
  vertex 0.48183712 -0.16471615 0.11079546
  vertex 0.46005943 -0.2032058 0.13648008
  vertex 0.46008778 -0.21559963 0.11580219
 endloop
endfacet
facet normal 0.90462726 -0.36501944 0.22002342
 outer loop
  vertex 0.48183712 -0.16471615 0.11079546
  vertex 0.46008778 -0.21559963 0.11580219
  vertex 0.48186013 -0.17477754 0.094009005
 endloop
endfacet
facet normal -0.1446168 -0.84879965 0.50855196
 outer loop
  vertex -0.050093245 -0.43133113 0.28812894
  vertex -0.100694925 -0.4252075 0.28396
  vertex -0.100635976 -0.450994 0.24093774
 endloop
endfacet
facet normal -0.1446163 -0.8488 0.5085516
 outer loop
  vertex -0.050093245 -0.43133113 0.28812894
  vertex -0.100635976 -0.450994 0.24093774
  vertex -0.050033435 -0.45749623 0.24447499
 endloop
endfacet
facet normal -0.9888601 -0.12826592 0.07552222
 outer loop
  vertex -0.51091975 -0.085701555 0.056483425
  vertex -0.5185199 -0.04365677 0.028378442
  vertex -0.518514 -0.046233807 0.024078902
 endloop
endfacet
facet normal -0.98886013 -0.12826563 0.07552257
 outer loop
  vertex -0.51091975 -0.085701555 0.056483425
  vertex -0.518514 -0.046233807 0.024078902
  vertex -0.510908 -0.090830825 0.047925748
 endloop
endfacet
facet normal 0.9420736 -0.2871168 0.17338184
 outer loop
  vertex 0.49897444 -0.1246405 0.084043965
  vertex 0.48183712 -0.16471615 0.11079546
  vertex 0.48186013 -0.17477754 0.094009005
 endloop
endfacet
facet normal 0.94207376 -0.28711703 0.17338091
 outer loop
  vertex 0.49897444 -0.1246405 0.084043965
  vertex 0.48186013 -0.17477754 0.094009005
  vertex 0.49899188 -0.13227259 0.07131058
 endloop
endfacet
facet normal -0.047049478 -0.8568078 0.51348495
 outer loop
  vertex 0.0009908584 -0.43330082 0.289523
  vertex -0.050093245 -0.43133113 0.28812894
  vertex -0.050033435 -0.45749623 0.24447499
 endloop
endfacet
facet normal -0.047049247 -0.8568079 0.5134847
 outer loop
  vertex 0.0009908584 -0.43330082 0.289523
  vertex -0.050033435 -0.45749623 0.24447499
  vertex 0.001050957 -0.4595925 0.24565786
 endloop
endfacet
facet normal -0.9694824 -0.21086578 0.12505773
 outer loop
  vertex -0.4983992 -0.12692091 0.08404432
  vertex -0.51091975 -0.085701555 0.056483425
  vertex -0.510908 -0.090830825 0.047925748
 endloop
endfacet
facet normal -0.96948254 -0.21086417 0.12505943
 outer loop
  vertex -0.4983992 -0.12692091 0.08404432
  vertex -0.510908 -0.090830825 0.047925748
  vertex -0.49838176 -0.13455299 0.07131094
 endloop
endfacet
facet normal 0.97043675 -0.20642948 0.12505756
 outer loop
  vertex 0.51130635 -0.08336428 0.056483038
  vertex 0.49897444 -0.1246405 0.084043965
  vertex 0.49899188 -0.13227259 0.07131058
 endloop
endfacet
facet normal 0.9704366 -0.20642866 0.12506008
 outer loop
  vertex 0.51130635 -0.08336428 0.056483038
  vertex 0.49899188 -0.13227259 0.07131058
  vertex 0.5113181 -0.08849355 0.04792536
 endloop
endfacet
facet normal 0.050967894 -0.85658383 0.51348466
 outer loop
  vertex 0.052065358 -0.43109754 0.28812888
  vertex 0.0009908584 -0.43330082 0.289523
  vertex 0.001050957 -0.4595925 0.24565786
 endloop
endfacet
facet normal 0.050967354 -0.8565835 0.51348513
 outer loop
  vertex 0.052065358 -0.43109754 0.28812888
  vertex 0.001050957 -0.4595925 0.24565786
  vertex 0.052125167 -0.45726264 0.24447496
 endloop
endfacet
facet normal -0.9407508 -0.29142138 0.17338271
 outer loop
  vertex -0.48107877 -0.16691783 0.1107958
  vertex -0.4983992 -0.12692091 0.08404432
  vertex -0.49838176 -0.13455299 0.07131094
 endloop
endfacet
facet normal -0.9407506 -0.29142234 0.17338187
 outer loop
  vertex -0.48107877 -0.16691783 0.1107958
  vertex -0.49838176 -0.13455299 0.07131094
  vertex -0.48105577 -0.17697921 0.09400935
 endloop
endfacet
facet normal 0.98943645 -0.12373979 0.075524345
 outer loop
  vertex 0.5187141 -0.041285165 0.028378043
  vertex 0.51130635 -0.08336428 0.056483038
  vertex 0.5113181 -0.08849355 0.04792536
 endloop
endfacet
facet normal 0.9894365 -0.12373977 0.07552442
 outer loop
  vertex 0.5187141 -0.041285165 0.028378043
  vertex 0.5113181 -0.08849355 0.04792536
  vertex 0.51872 -0.0438622 0.024078503
 endloop
endfacet
facet normal 0.14849669 -0.84812963 0.5085517
 outer loop
  vertex 0.1026385 -0.42474258 0.28395995
  vertex 0.052065358 -0.43109754 0.28812888
  vertex 0.052125167 -0.45726264 0.24447496
 endloop
endfacet
facet normal 0.14849673 -0.8481297 0.50855166
 outer loop
  vertex 0.1026385 -0.42474258 0.28395995
  vertex 0.052125167 -0.45726264 0.24447496
  vertex 0.10269745 -0.4505291 0.24093765
 endloop
endfacet
facet normal -0.9029486 -0.36915258 0.22002327
 outer loop
  vertex -0.45912534 -0.20530744 0.13648036
  vertex -0.48107877 -0.16691783 0.1107958
  vertex -0.48105577 -0.17697921 0.09400935
 endloop
endfacet
facet normal -0.9029486 -0.36915246 0.22002335
 outer loop
  vertex -0.45912534 -0.20530744 0.13648036
  vertex -0.48105577 -0.17697921 0.09400935
  vertex -0.459097 -0.21770126 0.11580248
 endloop
endfacet
facet normal 0.2446059 -0.8315257 0.49873134
 outer loop
  vertex 0.15222317 -0.4142972 0.27705625
  vertex 0.1026385 -0.42474258 0.28395995
  vertex 0.10269745 -0.4505291 0.24093765
 endloop
endfacet
facet normal 0.24460669 -0.831526 0.49873048
 outer loop
  vertex 0.15222317 -0.4142972 0.27705625
  vertex 0.10269745 -0.4505291 0.24093765
  vertex 0.15228069 -0.43945673 0.23507991
 endloop
endfacet
facet normal -0.856444 -0.44331086 0.26453584
 outer loop
  vertex -0.43275023 -0.2417198 0.16085064
  vertex -0.45912534 -0.20530744 0.13648036
  vertex -0.459097 -0.21770126 0.11580248
 endloop
endfacet
facet normal -0.8564441 -0.4433104 0.26453617
 outer loop
  vertex -0.43275023 -0.2417198 0.16085064
  vertex -0.459097 -0.21770126 0.11580248
  vertex -0.43271685 -0.25632668 0.13648047
 endloop
endfacet
facet normal 0.3383758 -0.8069285 0.48411593
 outer loop
  vertex 0.2003418 -0.39986184 0.2674844
  vertex 0.15222317 -0.4142972 0.27705625
  vertex 0.15228069 -0.43945673 0.23507991
 endloop
endfacet
facet normal 0.33837548 -0.8069284 0.4841163
 outer loop
  vertex 0.2003418 -0.39986184 0.2674844
  vertex 0.15228069 -0.43945673 0.23507991
  vertex 0.20039733 -0.4241522 0.22695826
 endloop
endfacet
facet normal -0.8016921 -0.51318026 0.30648944
 outer loop
  vertex -0.40220752 -0.27580422 0.18367162
  vertex -0.43275023 -0.2417198 0.16085064
  vertex -0.43271685 -0.25632668 0.13648047
 endloop
endfacet
facet normal -0.80169225 -0.51318 0.30648965
 outer loop
  vertex -0.40220752 -0.27580422 0.18367162
  vertex -0.43271685 -0.25632668 0.13648047
  vertex -0.4021694 -0.2924835 0.15584387
 endloop
endfacet
facet normal 0.428909 -0.7745687 0.4648447
 outer loop
  vertex 0.24653102 -0.38157547 0.25533643
  vertex 0.2003418 -0.39986184 0.2674844
  vertex 0.20039733 -0.4241522 0.22695826
 endloop
endfacet
facet normal 0.42890882 -0.77456856 0.46484485
 outer loop
  vertex 0.24653102 -0.38157547 0.25533643
  vertex 0.20039733 -0.4241522 0.22695826
  vertex 0.24658403 -0.40476266 0.21665083
 endloop
endfacet
facet normal -0.7392288 -0.57808733 0.34547907
 outer loop
  vertex -0.36779132 -0.3072326 0.20472385
  vertex -0.40220752 -0.27580422 0.18367162
  vertex -0.4021694 -0.2924835 0.15584387
 endloop
endfacet
facet normal -0.7392286 -0.5780878 0.3454788
 outer loop
  vertex -0.36779132 -0.3072326 0.20472385
  vertex -0.4021694 -0.2924835 0.15584387
  vertex -0.36774883 -0.32582363 0.17370649
 endloop
endfacet
facet normal 0.515326 -0.7347575 0.44110143
 outer loop
  vertex 0.29034612 -0.35961452 0.24072962
  vertex 0.24653102 -0.38157547 0.25533643
  vertex 0.24658403 -0.40476266 0.21665083
 endloop
endfacet
facet normal 0.5153261 -0.73475754 0.4411013
 outer loop
  vertex 0.29034612 -0.35961452 0.24072962
  vertex 0.24658403 -0.40476266 0.21665083
  vertex 0.29039606 -0.38147527 0.20425707
 endloop
endfacet
facet normal -0.66965735 -0.6374141 0.38113284
 outer loop
  vertex -0.32983312 -0.3357019 0.22380444
  vertex -0.36779132 -0.3072326 0.20472385
  vertex -0.36774883 -0.32582363 0.17370649
 endloop
endfacet
facet normal -0.669657 -0.63741475 0.38113245
 outer loop
  vertex -0.32983312 -0.3357019 0.22380444
  vertex -0.36774883 -0.32582363 0.17370649
  vertex -0.32978666 -0.35602564 0.18989621
 endloop
endfacet
facet normal 0.59681237 -0.68786484 0.41310665
 outer loop
  vertex 0.33136496 -0.3341901 0.22380424
  vertex 0.29034612 -0.35961452 0.24072962
  vertex 0.29039606 -0.38147527 0.20425707
 endloop
endfacet
facet normal 0.5968125 -0.6878648 0.41310632
 outer loop
  vertex 0.33136496 -0.3341901 0.22380424
  vertex 0.29039606 -0.38147527 0.20425707
  vertex 0.33141142 -0.35451382 0.189896
 endloop
endfacet
facet normal -0.59366 -0.6905871 0.41310674
 outer loop
  vertex -0.28869843 -0.3609385 0.24072976
  vertex -0.32983312 -0.3357019 0.22380444
  vertex -0.32978666 -0.35602564 0.18989621
 endloop
endfacet
facet normal -0.59366065 -0.69058627 0.41310734
 outer loop
  vertex -0.28869843 -0.3609385 0.24072976
  vertex -0.32978666 -0.35602564 0.18989621
  vertex -0.2886485 -0.38279924 0.2042572
 endloop
endfacet
facet normal 0.67256546 -0.6343454 0.3811319
 outer loop
  vertex 0.36919257 -0.3055475 0.20472358
  vertex 0.33136496 -0.3341901 0.22380424
  vertex 0.33141142 -0.35451382 0.189896
 endloop
endfacet
facet normal 0.67256516 -0.6343454 0.38113257
 outer loop
  vertex 0.36919257 -0.3055475 0.20472358
  vertex 0.33141142 -0.35451382 0.189896
  vertex 0.36923507 -0.32413855 0.17370622
 endloop
endfacet
facet normal -0.51196074 -0.73710597 0.44110197
 outer loop
  vertex -0.24478343 -0.38269877 0.25533664
  vertex -0.28869843 -0.3609385 0.24072976
  vertex -0.2886485 -0.38279924 0.2042572
 endloop
endfacet
facet normal -0.51196057 -0.7371063 0.44110173
 outer loop
  vertex -0.24478343 -0.38269877 0.25533664
  vertex -0.2886485 -0.38279924 0.2042572
  vertex -0.24473043 -0.40588596 0.21665104
 endloop
endfacet
facet normal 0.7418646 -0.57470137 0.34547833
 outer loop
  vertex 0.4034647 -0.27396208 0.18367133
  vertex 0.36919257 -0.3055475 0.20472358
  vertex 0.36923507 -0.32413855 0.17370622
 endloop
endfacet
facet normal 0.7418646 -0.5747013 0.34547836
 outer loop
  vertex 0.4034647 -0.27396208 0.18367133
  vertex 0.36923507 -0.32413855 0.17370622
  vertex 0.40350282 -0.29064137 0.15584357
 endloop
endfacet
facet normal -0.42535928 -0.77652293 0.4648458
 outer loop
  vertex -0.198511 -0.40077367 0.2674844
  vertex -0.24478343 -0.38269877 0.25533664
  vertex -0.24473043 -0.40588596 0.21665104
 endloop
endfacet
facet normal -0.4253595 -0.7765228 0.46484587
 outer loop
  vertex -0.198511 -0.40077367 0.2674844
  vertex -0.24473043 -0.40588596 0.21665104
  vertex -0.19845548 -0.425064 0.22695833
 endloop
endfacet
facet normal 0.90467256 -0.3848177 0.18298335
 outer loop
  vertex 0.48186013 -0.17477754 0.094009005
  vertex 0.46008778 -0.21559963 0.11580219
  vertex 0.46011135 -0.22590698 0.094009064
 endloop
endfacet
facet normal 0.90467286 -0.38481778 0.18298171
 outer loop
  vertex 0.48186013 -0.17477754 0.094009005
  vertex 0.46011135 -0.22590698 0.094009064
  vertex 0.48187923 -0.18314512 0.0763172
 endloop
endfacet
facet normal -0.1445118 -0.89456123 0.42293808
 outer loop
  vertex -0.050033435 -0.45749623 0.24447499
  vertex -0.100635976 -0.450994 0.24093774
  vertex -0.100586966 -0.4724394 0.19559509
 endloop
endfacet
facet normal -0.14451188 -0.8945611 0.42293814
 outer loop
  vertex -0.050033435 -0.45749623 0.24447499
  vertex -0.100586966 -0.4724394 0.19559509
  vertex -0.0499837 -0.47925648 0.19846663
 endloop
endfacet
facet normal -0.9888445 -0.1350597 0.06281173
 outer loop
  vertex -0.510908 -0.090830825 0.047925748
  vertex -0.518514 -0.046233807 0.024078902
  vertex -0.5185091 -0.048377007 0.019547472
 endloop
endfacet
facet normal -0.9888446 -0.13505901 0.06281275
 outer loop
  vertex -0.510908 -0.090830825 0.047925748
  vertex -0.5185091 -0.048377007 0.019547472
  vertex -0.5108983 -0.09509659 0.038906522
 endloop
endfacet
facet normal 0.94210935 -0.30271864 0.14419222
 outer loop
  vertex 0.49899188 -0.13227259 0.07131058
  vertex 0.48186013 -0.17477754 0.094009005
  vertex 0.48187923 -0.18314512 0.0763172
 endloop
endfacet
facet normal 0.9421092 -0.30271846 0.14419368
 outer loop
  vertex 0.49899188 -0.13227259 0.07131058
  vertex 0.48187923 -0.18314512 0.0763172
  vertex 0.4990064 -0.13861983 0.05789043
 endloop
endfacet
facet normal -0.046943665 -0.9030129 0.42704096
 outer loop
  vertex 0.001050957 -0.4595925 0.24565786
  vertex -0.050033435 -0.45749623 0.24447499
  vertex -0.0499837 -0.47925648 0.19846663
 endloop
endfacet
facet normal -0.04694377 -0.9030129 0.42704105
 outer loop
  vertex 0.001050957 -0.4595925 0.24565786
  vertex -0.0499837 -0.47925648 0.19846663
  vertex 0.0011009343 -0.48145804 0.19942689
 endloop
endfacet
facet normal -0.9694569 -0.22211613 0.10400847
 outer loop
  vertex -0.49838176 -0.13455299 0.07131094
  vertex -0.510908 -0.090830825 0.047925748
  vertex -0.5108983 -0.09509659 0.038906522
 endloop
endfacet
facet normal -0.9694567 -0.2221185 0.104005456
 outer loop
  vertex -0.49838176 -0.13455299 0.07131094
  vertex -0.5108983 -0.09509659 0.038906522
  vertex -0.49836725 -0.14090022 0.05789079
 endloop
endfacet
facet normal 0.9704623 -0.21768257 0.10400542
 outer loop
  vertex 0.5113181 -0.08849355 0.04792536
  vertex 0.49899188 -0.13227259 0.07131058
  vertex 0.4990064 -0.13861983 0.05789043
 endloop
endfacet
facet normal 0.97046256 -0.2176834 0.104001485
 outer loop
  vertex 0.5113181 -0.08849355 0.04792536
  vertex 0.4990064 -0.13861983 0.05789043
  vertex 0.5113278 -0.092759304 0.038906135
 endloop
endfacet
facet normal 0.05107303 -0.90278876 0.42704105
 outer loop
  vertex 0.052125167 -0.45726264 0.24447496
  vertex 0.001050957 -0.4595925 0.24565786
  vertex 0.0011009343 -0.48145804 0.19942689
 endloop
endfacet
facet normal 0.051073126 -0.90278876 0.42704096
 outer loop
  vertex 0.052125167 -0.45726264 0.24447496
  vertex 0.0011009343 -0.48145804 0.19942689
  vertex 0.052174903 -0.4790229 0.1984666
 endloop
endfacet
facet normal -0.94071496 -0.30702373 0.14419363
 outer loop
  vertex -0.48105577 -0.17697921 0.09400935
  vertex -0.49838176 -0.13455299 0.07131094
  vertex -0.49836725 -0.14090022 0.05789079
 endloop
endfacet
facet normal -0.94071513 -0.30702263 0.14419483
 outer loop
  vertex -0.48105577 -0.17697921 0.09400935
  vertex -0.49836725 -0.14090022 0.05789079
  vertex -0.48103666 -0.1853468 0.07631754
 endloop
endfacet
facet normal 0.98945206 -0.13053818 0.0628055
 outer loop
  vertex 0.51872 -0.0438622 0.024078503
  vertex 0.5113181 -0.08849355 0.04792536
  vertex 0.5113278 -0.092759304 0.038906135
 endloop
endfacet
facet normal 0.98945194 -0.13053781 0.062806785
 outer loop
  vertex 0.51872 -0.0438622 0.024078503
  vertex 0.5113278 -0.092759304 0.038906135
  vertex 0.51872486 -0.0460054 0.019547075
 endloop
endfacet
facet normal 0.14860141 -0.893891 0.42293805
 outer loop
  vertex 0.10269745 -0.4505291 0.24093765
  vertex 0.052125167 -0.45726264 0.24447496
  vertex 0.052174903 -0.4790229 0.1984666
 endloop
endfacet
facet normal 0.14860152 -0.893891 0.42293787
 outer loop
  vertex 0.10269745 -0.4505291 0.24093765
  vertex 0.052174903 -0.4790229 0.1984666
  vertex 0.10274646 -0.4719745 0.195595
 endloop
endfacet
facet normal -0.90290344 -0.38895014 0.18298438
 outer loop
  vertex -0.459097 -0.21770126 0.11580248
  vertex -0.48105577 -0.17697921 0.09400935
  vertex -0.48103666 -0.1853468 0.07631754
 endloop
endfacet
facet normal -0.9029031 -0.38895157 0.18298307
 outer loop
  vertex -0.459097 -0.21770126 0.11580248
  vertex -0.48103666 -0.1853468 0.07631754
  vertex -0.45907342 -0.2280086 0.09400936
 endloop
endfacet
facet normal 0.24470921 -0.8764033 0.41477072
 outer loop
  vertex 0.15228069 -0.43945673 0.23507991
  vertex 0.10269745 -0.4505291 0.24093765
  vertex 0.10274646 -0.4719745 0.195595
 endloop
endfacet
facet normal 0.24470899 -0.8764032 0.41477096
 outer loop
  vertex 0.15228069 -0.43945673 0.23507991
  vertex 0.10274646 -0.4719745 0.195595
  vertex 0.1523285 -0.46038076 0.19083962
 endloop
endfacet
facet normal -0.8563897 -0.4671146 0.22000162
 outer loop
  vertex -0.43271685 -0.25632668 0.13648047
  vertex -0.459097 -0.21770126 0.11580248
  vertex -0.45907342 -0.2280086 0.09400936
 endloop
endfacet
facet normal -0.8563898 -0.46711397 0.22000216
 outer loop
  vertex -0.43271685 -0.25632668 0.13648047
  vertex -0.45907342 -0.2280086 0.09400936
  vertex -0.43268907 -0.26847455 0.11079592
 endloop
endfacet
facet normal 0.338475 -0.85049075 0.40261662
 outer loop
  vertex 0.20039733 -0.4241522 0.22695826
  vertex 0.15228069 -0.43945673 0.23507991
  vertex 0.1523285 -0.46038076 0.19083962
 endloop
endfacet
facet normal 0.33847427 -0.8504906 0.40261754
 outer loop
  vertex 0.20039733 -0.4241522 0.22695826
  vertex 0.1523285 -0.46038076 0.19083962
  vertex 0.2004435 -0.44435337 0.1842464
 endloop
endfacet
facet normal -0.80162925 -0.54075885 0.2548928
 outer loop
  vertex -0.4021694 -0.2924835 0.15584387
  vertex -0.43271685 -0.25632668 0.13648047
  vertex -0.43268907 -0.26847455 0.11079592
 endloop
endfacet
facet normal -0.8016292 -0.54075915 0.25489262
 outer loop
  vertex -0.4021694 -0.2924835 0.15584387
  vertex -0.43268907 -0.26847455 0.11079592
  vertex -0.4021377 -0.30635488 0.12651524
 endloop
endfacet
facet normal 0.42900452 -0.81639653 0.38659012
 outer loop
  vertex 0.24658403 -0.40476266 0.21665083
  vertex 0.20039733 -0.4241522 0.22695826
  vertex 0.2004435 -0.44435337 0.1842464
 endloop
endfacet
facet normal 0.4290047 -0.81639653 0.38658977
 outer loop
  vertex 0.24658403 -0.40476266 0.21665083
  vertex 0.2004435 -0.44435337 0.1842464
  vertex 0.2466281 -0.42404637 0.17587876
 endloop
endfacet
facet normal -0.7391576 -0.60917497 0.2873184
 outer loop
  vertex -0.36774883 -0.32582363 0.17370649
  vertex -0.4021694 -0.2924835 0.15584387
  vertex -0.4021377 -0.30635488 0.12651524
 endloop
endfacet
facet normal -0.739157 -0.609176 0.2873176
 outer loop
  vertex -0.36774883 -0.32582363 0.17370649
  vertex -0.4021377 -0.30635488 0.12651524
  vertex -0.36771348 -0.34128487 0.14101623
 endloop
endfacet
facet normal 0.51541686 -0.77444893 0.36684355
 outer loop
  vertex 0.29039606 -0.38147527 0.20425707
  vertex 0.24658403 -0.40476266 0.21665083
  vertex 0.2466281 -0.42404637 0.17587876
 endloop
endfacet
facet normal 0.5154165 -0.774449 0.36684412
 outer loop
  vertex 0.29039606 -0.38147527 0.20425707
  vertex 0.2466281 -0.42404637 0.17587876
  vertex 0.29043764 -0.39965585 0.16581742
 endloop
endfacet
facet normal -0.6695785 -0.6717106 0.31696936
 outer loop
  vertex -0.32978666 -0.35602564 0.18989621
  vertex -0.36774883 -0.32582363 0.17370649
  vertex -0.36771348 -0.34128487 0.14101623
 endloop
endfacet
facet normal -0.6695792 -0.67170954 0.31697026
 outer loop
  vertex -0.32978666 -0.35602564 0.18989621
  vertex -0.36771348 -0.34128487 0.14101623
  vertex -0.32974803 -0.37292793 0.15415919
 endloop
endfacet
facet normal 0.5968975 -0.7250369 0.34356213
 outer loop
  vertex 0.33141142 -0.35451382 0.189896
  vertex 0.29039606 -0.38147527 0.20425707
  vertex 0.29043764 -0.39965585 0.16581742
 endloop
endfacet
facet normal 0.5968982 -0.7250369 0.3435609
 outer loop
  vertex 0.33141142 -0.35451382 0.189896
  vertex 0.29043764 -0.39965585 0.16581742
  vertex 0.33145005 -0.37141612 0.15415898
 endloop
endfacet
facet normal -0.5935756 -0.727759 0.3435617
 outer loop
  vertex -0.2886485 -0.38279924 0.2042572
  vertex -0.32978666 -0.35602564 0.18989621
  vertex -0.32974803 -0.37292793 0.15415919
 endloop
endfacet
facet normal -0.5935756 -0.72775924 0.34356156
 outer loop
  vertex -0.2886485 -0.38279924 0.2042572
  vertex -0.32974803 -0.37292793 0.15415919
  vertex -0.2886069 -0.4009798 0.16581756
 endloop
endfacet
facet normal 0.6726434 -0.6686412 0.3169697
 outer loop
  vertex 0.36923507 -0.32413855 0.17370622
  vertex 0.33141142 -0.35451382 0.189896
  vertex 0.33145005 -0.37141612 0.15415898
 endloop
endfacet
facet normal 0.67264384 -0.66864115 0.31696892
 outer loop
  vertex 0.36923507 -0.32413855 0.17370622
  vertex 0.33145005 -0.37141612 0.15415898
  vertex 0.3692704 -0.3395998 0.14101596
 endloop
endfacet
facet normal -0.51186967 -0.77679807 0.36684352
 outer loop
  vertex -0.24473043 -0.40588596 0.21665104
  vertex -0.2886485 -0.38279924 0.2042572
  vertex -0.2886069 -0.4009798 0.16581756
 endloop
endfacet
facet normal -0.5118701 -0.7767978 0.36684388
 outer loop
  vertex -0.24473043 -0.40588596 0.21665104
  vertex -0.2886069 -0.4009798 0.16581756
  vertex -0.24468635 -0.42516968 0.17587897
 endloop
endfacet
facet normal 0.7419357 -0.605789 0.28731713
 outer loop
  vertex 0.40350282 -0.29064137 0.15584357
  vertex 0.36923507 -0.32413855 0.17370622
  vertex 0.3692704 -0.3395998 0.14101596
 endloop
endfacet
facet normal 0.74193525 -0.605789 0.28731826
 outer loop
  vertex 0.40350282 -0.29064137 0.15584357
  vertex 0.3692704 -0.3395998 0.14101596
  vertex 0.40353453 -0.30451274 0.12651494
 endloop
endfacet
facet normal -0.42526394 -0.8183509 0.38659063
 outer loop
  vertex -0.19845548 -0.425064 0.22695833
  vertex -0.24473043 -0.40588596 0.21665104
  vertex -0.24468635 -0.42516968 0.17587897
 endloop
endfacet
facet normal -0.42526382 -0.81835103 0.3865905
 outer loop
  vertex -0.19845548 -0.425064 0.22695833
  vertex -0.24468635 -0.42516968 0.17587897
  vertex -0.1984093 -0.44526514 0.1842465
 endloop
endfacet
facet normal 0.8040938 -0.5370877 0.25489226
 outer loop
  vertex 0.4338846 -0.25434524 0.13648014
  vertex 0.40350282 -0.29064137 0.15584357
  vertex 0.40353453 -0.30451274 0.12651494
 endloop
endfacet
facet normal 0.8040936 -0.5370877 0.25489286
 outer loop
  vertex 0.4338846 -0.25434524 0.13648014
  vertex 0.40353453 -0.30451274 0.12651494
  vertex 0.43391237 -0.2664931 0.110795595
 endloop
endfacet
facet normal -0.3345849 -0.85202855 0.40261677
 outer loop
  vertex -0.15026928 -0.4401485 0.23508006
  vertex -0.19845548 -0.425064 0.22695833
  vertex -0.1984093 -0.44526514 0.1842465
 endloop
endfacet
facet normal -0.33458477 -0.85202867 0.40261668
 outer loop
  vertex -0.15026928 -0.4401485 0.23508006
  vertex -0.1984093 -0.44526514 0.1842465
  vertex -0.15022147 -0.46107253 0.19083978
 endloop
endfacet
facet normal 0.85851705 -0.46319285 0.22000213
 outer loop
  vertex 0.46008778 -0.21559963 0.11580219
  vertex 0.4338846 -0.25434524 0.13648014
  vertex 0.43391237 -0.2664931 0.110795595
 endloop
endfacet
facet normal 0.858517 -0.46319282 0.22000201
 outer loop
  vertex 0.46008778 -0.21559963 0.11580219
  vertex 0.43391237 -0.2664931 0.110795595
  vertex 0.46011135 -0.22590698 0.094009064
 endloop
endfacet
facet normal -0.2406987 -0.8775129 0.4147713
 outer loop
  vertex -0.100635976 -0.450994 0.24093774
  vertex -0.15026928 -0.4401485 0.23508006
  vertex -0.15022147 -0.46107253 0.19083978
 endloop
endfacet
facet normal -0.2406984 -0.8775131 0.41477102
 outer loop
  vertex -0.100635976 -0.450994 0.24093774
  vertex -0.15022147 -0.46107253 0.19083978
  vertex -0.100586966 -0.4724394 0.19559509
 endloop
endfacet
facet normal 0.9704834 -0.22681706 0.08195077
 outer loop
  vertex 0.5113278 -0.092759304 0.038906135
  vertex 0.4990064 -0.13861983 0.05789043
  vertex 0.49901783 -0.1436211 0.043912757
 endloop
endfacet
facet normal 0.9704835 -0.2268171 0.08195061
 outer loop
  vertex 0.5113278 -0.092759304 0.038906135
  vertex 0.49901783 -0.1436211 0.043912757
  vertex 0.5113355 -0.09612049 0.029512221
 endloop
endfacet
facet normal 0.051158905 -0.9402983 0.33648467
 outer loop
  vertex 0.052174903 -0.4790229 0.1984666
  vertex 0.0011009343 -0.48145804 0.19942689
  vertex 0.0011403096 -0.49868688 0.15127532
 endloop
endfacet
facet normal 0.051158514 -0.9402982 0.33648503
 outer loop
  vertex 0.052174903 -0.4790229 0.1984666
  vertex 0.0011403096 -0.49868688 0.15127532
  vertex 0.052214086 -0.4961688 0.1505469
 endloop
endfacet
facet normal -0.94068617 -0.31968874 0.11361599
 outer loop
  vertex -0.48103666 -0.1853468 0.07631754
  vertex -0.49836725 -0.14090022 0.05789079
  vertex -0.4983558 -0.1459015 0.043913122
 endloop
endfacet
facet normal -0.94068617 -0.31968856 0.113616236
 outer loop
  vertex -0.48103666 -0.1853468 0.07631754
  vertex -0.4983558 -0.1459015 0.043913122
  vertex -0.48102158 -0.19194 0.057890743
 endloop
endfacet
facet normal 0.98946464 -0.13605358 0.04949051
 outer loop
  vertex 0.51872486 -0.0460054 0.019547075
  vertex 0.5113278 -0.092759304 0.038906135
  vertex 0.5113355 -0.09612049 0.029512221
 endloop
endfacet
facet normal 0.9894646 -0.13605312 0.0494927
 outer loop
  vertex 0.51872486 -0.0460054 0.019547075
  vertex 0.5113355 -0.09612049 0.029512221
  vertex 0.51872873 -0.047694128 0.014827394
 endloop
endfacet
facet normal 0.14868651 -0.9310399 0.33325216
 outer loop
  vertex 0.10274646 -0.4719745 0.195595
  vertex 0.052174903 -0.4790229 0.1984666
  vertex 0.052214086 -0.4961688 0.1505469
 endloop
endfacet
facet normal 0.14868622 -0.9310398 0.33325243
 outer loop
  vertex 0.10274646 -0.4719745 0.195595
  vertex 0.052214086 -0.4961688 0.1505469
  vertex 0.10278508 -0.48887232 0.14836866
 endloop
endfacet
facet normal -0.9028663 -0.40502393 0.14418064
 outer loop
  vertex -0.45907342 -0.2280086 0.09400936
  vertex -0.48103666 -0.1853468 0.07631754
  vertex -0.48102158 -0.19194 0.057890743
 endloop
endfacet
facet normal -0.90286654 -0.40502286 0.14418185
 outer loop
  vertex -0.45907342 -0.2280086 0.09400936
  vertex -0.48102158 -0.19194 0.057890743
  vertex -0.4590549 -0.23613022 0.07131089
 endloop
endfacet
facet normal 0.24479218 -0.91283476 0.32681718
 outer loop
  vertex 0.1523285 -0.46038076 0.19083962
  vertex 0.10274646 -0.4719745 0.195595
  vertex 0.10278508 -0.48887232 0.14836866
 endloop
endfacet
facet normal 0.24479283 -0.9128349 0.3268165
 outer loop
  vertex 0.1523285 -0.46038076 0.19083962
  vertex 0.10278508 -0.48887232 0.14836866
  vertex 0.15236619 -0.47686774 0.14476144
 endloop
endfacet
facet normal -0.85634565 -0.4864378 0.17335051
 outer loop
  vertex -0.43268907 -0.26847455 0.11079592
  vertex -0.45907342 -0.2280086 0.09400936
  vertex -0.4590549 -0.23613022 0.07131089
 endloop
endfacet
facet normal -0.8563456 -0.486438 0.17335026
 outer loop
  vertex -0.43268907 -0.26847455 0.11079592
  vertex -0.4590549 -0.23613022 0.07131089
  vertex -0.4326672 -0.27804643 0.084044345
 endloop
endfacet
facet normal 0.33855507 -0.88585514 0.31723976
 outer loop
  vertex 0.2004435 -0.44435337 0.1842464
  vertex 0.1523285 -0.46038076 0.19083962
  vertex 0.15236619 -0.47686774 0.14476144
 endloop
endfacet
facet normal 0.3385554 -0.8858552 0.31723937
 outer loop
  vertex 0.2004435 -0.44435337 0.1842464
  vertex 0.15236619 -0.47686774 0.14476144
  vertex 0.20047988 -0.46027073 0.13976015
 endloop
endfacet
facet normal -0.80157804 -0.56314737 0.20084219
 outer loop
  vertex -0.4021377 -0.30635488 0.12651524
  vertex -0.43268907 -0.26847455 0.11079592
  vertex -0.4326672 -0.27804643 0.084044345
 endloop
endfacet
facet normal -0.80157775 -0.5631481 0.20084144
 outer loop
  vertex -0.4021377 -0.30635488 0.12651524
  vertex -0.4326672 -0.27804643 0.084044345
  vertex -0.40211272 -0.31728473 0.095968224
 endloop
endfacet
facet normal 0.42908242 -0.85035324 0.30461064
 outer loop
  vertex 0.2466281 -0.42404637 0.17587876
  vertex 0.2004435 -0.44435337 0.1842464
  vertex 0.20047988 -0.46027073 0.13976015
 endloop
endfacet
facet normal 0.42908186 -0.85035324 0.30461136
 outer loop
  vertex 0.2466281 -0.42404637 0.17587876
  vertex 0.20047988 -0.46027073 0.13976015
  vertex 0.24666283 -0.43924087 0.13341287
 endloop
endfacet
facet normal -0.7390994 -0.6344124 0.22639121
 outer loop
  vertex -0.36771348 -0.34128487 0.14101623
  vertex -0.4021377 -0.30635488 0.12651524
  vertex -0.40211272 -0.31728473 0.095968224
 endloop
endfacet
facet normal -0.7390994 -0.63441247 0.22639115
 outer loop
  vertex -0.36771348 -0.34128487 0.14101623
  vertex -0.40211272 -0.31728473 0.095968224
  vertex -0.36768565 -0.3534675 0.106967926
 endloop
endfacet
facet normal 0.51549023 -0.8066713 0.28905243
 outer loop
  vertex 0.29043764 -0.39965585 0.16581742
  vertex 0.2466281 -0.42404637 0.17587876
  vertex 0.24666283 -0.43924087 0.13341287
 endloop
endfacet
facet normal 0.5154901 -0.8066713 0.28905258
 outer loop
  vertex 0.29043764 -0.39965585 0.16581742
  vertex 0.24666283 -0.43924087 0.13341287
  vertex 0.29047036 -0.41398114 0.12578087
 endloop
endfacet
facet normal -0.66951543 -0.699551 0.24975486
 outer loop
  vertex -0.32974803 -0.37292793 0.15415919
  vertex -0.36771348 -0.34128487 0.14101623
  vertex -0.36768565 -0.3534675 0.106967926
 endloop
endfacet
facet normal -0.6695155 -0.69955087 0.24975489
 outer loop
  vertex -0.32974803 -0.37292793 0.15415919
  vertex -0.36768565 -0.3534675 0.106967926
  vertex -0.32971758 -0.38624603 0.11693753
 endloop
endfacet
facet normal 0.5969671 -0.7552138 0.2707074
 outer loop
  vertex 0.33145005 -0.37141612 0.15415898
  vertex 0.29043764 -0.39965585 0.16581742
  vertex 0.29047036 -0.41398114 0.12578087
 endloop
endfacet
facet normal 0.5969669 -0.7552138 0.27070776
 outer loop
  vertex 0.33145005 -0.37141612 0.15415898
  vertex 0.29047036 -0.41398114 0.12578087
  vertex 0.3314805 -0.3847342 0.116937324
 endloop
endfacet
facet normal -0.5935066 -0.7579363 0.27070767
 outer loop
  vertex -0.2886069 -0.4009798 0.16581756
  vertex -0.32974803 -0.37292793 0.15415919
  vertex -0.32971758 -0.38624603 0.11693753
 endloop
endfacet
facet normal -0.59350675 -0.757936 0.27070785
 outer loop
  vertex -0.2886069 -0.4009798 0.16581756
  vertex -0.32971758 -0.38624603 0.11693753
  vertex -0.2885742 -0.41530505 0.125781
 endloop
endfacet
facet normal 0.6727074 -0.696482 0.24975517
 outer loop
  vertex 0.3692704 -0.3395998 0.14101596
  vertex 0.33145005 -0.37141612 0.15415898
  vertex 0.3314805 -0.3847342 0.116937324
 endloop
endfacet
facet normal 0.6727079 -0.6964818 0.24975404
 outer loop
  vertex 0.3692704 -0.3395998 0.14101596
  vertex 0.3314805 -0.3847342 0.116937324
  vertex 0.36929825 -0.3517824 0.10696766
 endloop
endfacet
facet normal -0.51179624 -0.80901986 0.28905267
 outer loop
  vertex -0.24468635 -0.42516968 0.17587897
  vertex -0.2886069 -0.4009798 0.16581756
  vertex -0.2885742 -0.41530505 0.125781
 endloop
endfacet
facet normal -0.5117964 -0.8090196 0.28905284
 outer loop
  vertex -0.24468635 -0.42516968 0.17587897
  vertex -0.2885742 -0.41530505 0.125781
  vertex -0.24465163 -0.44036418 0.13341309
 endloop
endfacet
facet normal 0.74199295 -0.6310261 0.22639033
 outer loop
  vertex 0.40353453 -0.30451274 0.12651494
  vertex 0.3692704 -0.3395998 0.14101596
  vertex 0.36929825 -0.3517824 0.10696766
 endloop
endfacet
facet normal 0.7419929 -0.631026 0.22639047
 outer loop
  vertex 0.40353453 -0.30451274 0.12651494
  vertex 0.36929825 -0.3517824 0.10696766
  vertex 0.4035595 -0.3154426 0.095967926
 endloop
endfacet
facet normal -0.42518634 -0.85230744 0.30461225
 outer loop
  vertex -0.1984093 -0.44526514 0.1842465
  vertex -0.24468635 -0.42516968 0.17587897
  vertex -0.24465163 -0.44036418 0.13341309
 endloop
endfacet
facet normal -0.42518574 -0.8523079 0.30461165
 outer loop
  vertex -0.1984093 -0.44526514 0.1842465
  vertex -0.24465163 -0.44036418 0.13341309
  vertex -0.19837293 -0.4611825 0.13976026
 endloop
endfacet
facet normal 0.8041448 -0.5594767 0.20084059
 outer loop
  vertex 0.43391237 -0.2664931 0.110795595
  vertex 0.40353453 -0.30451274 0.12651494
  vertex 0.4035595 -0.3154426 0.095967926
 endloop
endfacet
facet normal 0.8041444 -0.55947685 0.20084178
 outer loop
  vertex 0.43391237 -0.2664931 0.110795595
  vertex 0.4035595 -0.3154426 0.095967926
  vertex 0.43393424 -0.276065 0.08404402
 endloop
endfacet
facet normal -0.33450386 -0.887393 0.31723937
 outer loop
  vertex -0.15022147 -0.46107253 0.19083978
  vertex -0.1984093 -0.44526514 0.1842465
  vertex -0.19837293 -0.4611825 0.13976026
 endloop
endfacet
facet normal -0.334504 -0.88739294 0.3172395
 outer loop
  vertex -0.15022147 -0.46107253 0.19083978
  vertex -0.19837293 -0.4611825 0.13976026
  vertex -0.15018378 -0.4775595 0.1447616
 endloop
endfacet
facet normal 0.8585613 -0.4825169 0.1733496
 outer loop
  vertex 0.46011135 -0.22590698 0.094009064
  vertex 0.43391237 -0.2664931 0.110795595
  vertex 0.43393424 -0.276065 0.08404402
 endloop
endfacet
facet normal 0.8585617 -0.48251677 0.17334779
 outer loop
  vertex 0.46011135 -0.22590698 0.094009064
  vertex 0.43393424 -0.276065 0.08404402
  vertex 0.4601299 -0.23402861 0.071310565
 endloop
endfacet
facet normal -0.24061505 -0.9139449 0.32681668
 outer loop
  vertex -0.100586966 -0.4724394 0.19559509
  vertex -0.15022147 -0.46107253 0.19083978
  vertex -0.15018378 -0.4775595 0.1447616
 endloop
endfacet
facet normal -0.24061568 -0.9139445 0.32681727
 outer loop
  vertex -0.100586966 -0.4724394 0.19559509
  vertex -0.15018378 -0.4775595 0.1447616
  vertex -0.10054834 -0.48933724 0.14836875
 endloop
endfacet
facet normal 0.9047095 -0.40089026 0.14417918
 outer loop
  vertex 0.48187923 -0.18314512 0.0763172
  vertex 0.46011135 -0.22590698 0.094009064
  vertex 0.4601299 -0.23402861 0.071310565
 endloop
endfacet
facet normal 0.9047092 -0.40089026 0.14418092
 outer loop
  vertex 0.48187923 -0.18314512 0.0763172
  vertex 0.4601299 -0.23402861 0.071310565
  vertex 0.4818943 -0.18973832 0.0578904
 endloop
endfacet
facet normal -0.1444271 -0.93171 0.33325252
 outer loop
  vertex -0.0499837 -0.47925648 0.19846663
  vertex -0.100586966 -0.4724394 0.19559509
  vertex -0.10054834 -0.48933724 0.14836875
 endloop
endfacet
facet normal -0.14442685 -0.9317101 0.33325228
 outer loop
  vertex -0.0499837 -0.47925648 0.19846663
  vertex -0.10054834 -0.48933724 0.14836875
  vertex -0.049944516 -0.49640238 0.15054692
 endloop
endfacet
facet normal -0.988832 -0.14057834 0.04948794
 outer loop
  vertex -0.5108983 -0.09509659 0.038906522
  vertex -0.5185091 -0.048377007 0.019547472
  vertex -0.5185052 -0.050065733 0.014827791
 endloop
endfacet
facet normal -0.988832 -0.14057729 0.049489867
 outer loop
  vertex -0.5108983 -0.09509659 0.038906522
  vertex -0.5185052 -0.050065733 0.014827791
  vertex -0.5108906 -0.098457776 0.02951261
 endloop
endfacet
facet normal 0.94213814 -0.31538376 0.113616854
 outer loop
  vertex 0.4990064 -0.13861983 0.05789043
  vertex 0.48187923 -0.18314512 0.0763172
  vertex 0.4818943 -0.18973832 0.0578904
 endloop
endfacet
facet normal 0.9421381 -0.31538376 0.11361717
 outer loop
  vertex 0.4990064 -0.13861983 0.05789043
  vertex 0.4818943 -0.18973832 0.0578904
  vertex 0.49901783 -0.1436211 0.043912757
 endloop
endfacet
facet normal -0.04685806 -0.94052225 0.33648506
 outer loop
  vertex 0.0011009343 -0.48145804 0.19942689
  vertex -0.0499837 -0.47925648 0.19846663
  vertex -0.049944516 -0.49640238 0.15054692
 endloop
endfacet
facet normal -0.046857662 -0.94052243 0.33648473
 outer loop
  vertex 0.0011009343 -0.48145804 0.19942689
  vertex -0.049944516 -0.49640238 0.15054692
  vertex 0.0011403096 -0.49868688 0.15127532
 endloop
endfacet
facet normal -0.9694357 -0.23125397 0.081950314
 outer loop
  vertex -0.49836725 -0.14090022 0.05789079
  vertex -0.5108983 -0.09509659 0.038906522
  vertex -0.5108906 -0.098457776 0.02951261
 endloop
endfacet
facet normal -0.96943575 -0.23125415 0.08195011
 outer loop
  vertex -0.49836725 -0.14090022 0.05789079
  vertex -0.5108906 -0.098457776 0.02951261
  vertex -0.4983558 -0.1459015 0.043913122
 endloop
endfacet
facet normal 0.24485587 -0.9404701 0.23571484
 outer loop
  vertex 0.15236619 -0.47686774 0.14476144
  vertex 0.10278508 -0.48887232 0.14836866
  vertex 0.10281293 -0.5010598 0.09971346
 endloop
endfacet
facet normal 0.24485525 -0.9404701 0.23571552
 outer loop
  vertex 0.15236619 -0.47686774 0.14476144
  vertex 0.10281293 -0.5010598 0.09971346
  vertex 0.15239336 -0.48875892 0.09728915
 endloop
endfacet
facet normal -0.8563121 -0.50109655 0.12502769
 outer loop
  vertex -0.4326672 -0.27804643 0.084044345
  vertex -0.4590549 -0.23613022 0.07131089
  vertex -0.4590415 -0.2419879 0.047925647
 endloop
endfacet
facet normal -0.85631216 -0.5010963 0.12502797
 outer loop
  vertex -0.4326672 -0.27804643 0.084044345
  vertex -0.4590415 -0.2419879 0.047925647
  vertex -0.43265143 -0.28495008 0.056483377
 endloop
endfacet
facet normal 0.33861667 -0.91268045 0.22880828
 outer loop
  vertex 0.20047988 -0.46027073 0.13976015
  vertex 0.15236619 -0.47686774 0.14476144
  vertex 0.15239336 -0.48875892 0.09728915
 endloop
endfacet
facet normal 0.33861718 -0.9126804 0.22880769
 outer loop
  vertex 0.20047988 -0.46027073 0.13976015
  vertex 0.15239336 -0.48875892 0.09728915
  vertex 0.20050612 -0.47175106 0.09392795
 endloop
endfacet
facet normal -0.80153894 -0.5801308 0.14485641
 outer loop
  vertex -0.40211272 -0.31728473 0.095968224
  vertex -0.4326672 -0.27804643 0.084044345
  vertex -0.43265143 -0.28495008 0.056483377
 endloop
endfacet
facet normal -0.80153906 -0.58013076 0.14485654
 outer loop
  vertex -0.40211272 -0.31728473 0.095968224
  vertex -0.43265143 -0.28495008 0.056483377
  vertex -0.40209472 -0.32516786 0.06449697
 endloop
endfacet
facet normal 0.42914075 -0.876111 0.21969935
 outer loop
  vertex 0.24666283 -0.43924087 0.13341287
  vertex 0.20047988 -0.46027073 0.13976015
  vertex 0.20050612 -0.47175106 0.09392795
 endloop
endfacet
facet normal 0.42914042 -0.876111 0.21969977
 outer loop
  vertex 0.24666283 -0.43924087 0.13341287
  vertex 0.20050612 -0.47175106 0.09392795
  vertex 0.24668787 -0.45019984 0.08966215
 endloop
endfacet
facet normal -0.73905563 -0.65355563 0.16328429
 outer loop
  vertex -0.36768565 -0.3534675 0.106967926
  vertex -0.40211272 -0.31728473 0.095968224
  vertex -0.40209472 -0.32516786 0.06449697
 endloop
endfacet
facet normal -0.7390554 -0.65355605 0.16328377
 outer loop
  vertex -0.36768565 -0.3534675 0.106967926
  vertex -0.40209472 -0.32516786 0.06449697
  vertex -0.36766556 -0.36225417 0.07188947
 endloop
endfacet
facet normal 0.5155461 -0.8311132 0.20847791
 outer loop
  vertex 0.29047036 -0.41398114 0.12578087
  vertex 0.24666283 -0.43924087 0.13341287
  vertex 0.24668787 -0.45019984 0.08966215
 endloop
endfacet
facet normal 0.51554656 -0.8311131 0.20847712
 outer loop
  vertex 0.29047036 -0.41398114 0.12578087
  vertex 0.24668787 -0.45019984 0.08966215
  vertex 0.29049397 -0.42431316 0.08453297
 endloop
endfacet
facet normal -0.66946715 -0.72067 0.18013471
 outer loop
  vertex -0.32971758 -0.38624603 0.11693753
  vertex -0.36768565 -0.3534675 0.106967926
  vertex -0.36766556 -0.36225417 0.07188947
 endloop
endfacet
facet normal -0.66946715 -0.72067 0.18013468
 outer loop
  vertex -0.32971758 -0.38624603 0.11693753
  vertex -0.36766556 -0.36225417 0.07188947
  vertex -0.32969564 -0.3958516 0.078589715
 endloop
endfacet
facet normal 0.59701914 -0.77810484 0.19524595
 outer loop
  vertex 0.3314805 -0.3847342 0.116937324
  vertex 0.29047036 -0.41398114 0.12578087
  vertex 0.29049397 -0.42431316 0.08453297
 endloop
endfacet
facet normal 0.59701926 -0.7781048 0.19524579
 outer loop
  vertex 0.3314805 -0.3847342 0.116937324
  vertex 0.29049397 -0.42431316 0.08453297
  vertex 0.33150244 -0.3943398 0.07858951
 endloop
endfacet
facet normal -0.5934544 -0.7808269 0.19524665
 outer loop
  vertex -0.2885742 -0.41530505 0.125781
  vertex -0.32971758 -0.38624603 0.11693753
  vertex -0.32969564 -0.3958516 0.078589715
 endloop
endfacet
facet normal -0.59345394 -0.7808274 0.19524607
 outer loop
  vertex -0.2885742 -0.41530505 0.125781
  vertex -0.32969564 -0.3958516 0.078589715
  vertex -0.2885506 -0.42563704 0.084533095
 endloop
endfacet
facet normal 0.6727561 -0.71760094 0.18013372
 outer loop
  vertex 0.36929825 -0.3517824 0.10696766
  vertex 0.3314805 -0.3847342 0.116937324
  vertex 0.33150244 -0.3943398 0.07858951
 endloop
endfacet
facet normal 0.6727556 -0.7176012 0.18013458
 outer loop
  vertex 0.36929825 -0.3517824 0.10696766
  vertex 0.33150244 -0.3943398 0.07858951
  vertex 0.36931834 -0.3605691 0.0718892
 endloop
endfacet
facet normal -0.5117405 -0.83346194 0.20847704
 outer loop
  vertex -0.24465163 -0.44036418 0.13341309
  vertex -0.2885742 -0.41530505 0.125781
  vertex -0.2885506 -0.42563704 0.084533095
 endloop
endfacet
facet normal -0.5117409 -0.83346164 0.2084775
 outer loop
  vertex -0.24465163 -0.44036418 0.13341309
  vertex -0.2885506 -0.42563704 0.084533095
  vertex -0.24462658 -0.45132312 0.08966239
 endloop
endfacet
facet normal 0.74203664 -0.65016925 0.16328348
 outer loop
  vertex 0.4035595 -0.3154426 0.095967926
  vertex 0.36929825 -0.3517824 0.10696766
  vertex 0.36931834 -0.3605691 0.0718892
 endloop
endfacet
facet normal 0.7420368 -0.65016925 0.16328323
 outer loop
  vertex 0.4035595 -0.3154426 0.095967926
  vertex 0.36931834 -0.3605691 0.0718892
  vertex 0.4035775 -0.32332572 0.06449667
 endloop
endfacet
facet normal -0.4251269 -0.8780656 0.21969976
 outer loop
  vertex -0.19837293 -0.4611825 0.13976026
  vertex -0.24465163 -0.44036418 0.13341309
  vertex -0.24462658 -0.45132312 0.08966239
 endloop
endfacet
facet normal -0.42512703 -0.8780654 0.2196999
 outer loop
  vertex -0.19837293 -0.4611825 0.13976026
  vertex -0.24462658 -0.45132312 0.08966239
  vertex -0.19834669 -0.47266284 0.09392807
 endloop
endfacet
facet normal 0.8041833 -0.57645994 0.14485554
 outer loop
  vertex 0.43393424 -0.276065 0.08404402
  vertex 0.4035595 -0.3154426 0.095967926
  vertex 0.4035775 -0.32332572 0.06449667
 endloop
endfacet
facet normal 0.80418336 -0.57645994 0.14485537
 outer loop
  vertex 0.43393424 -0.276065 0.08404402
  vertex 0.4035775 -0.32332572 0.06449667
  vertex 0.43395 -0.28296864 0.056483056
 endloop
endfacet
facet normal -0.33444256 -0.91421837 0.22880761
 outer loop
  vertex -0.15018378 -0.4775595 0.1447616
  vertex -0.19837293 -0.4611825 0.13976026
  vertex -0.19834669 -0.47266284 0.09392807
 endloop
endfacet
facet normal -0.33444312 -0.914218 0.22880815
 outer loop
  vertex -0.15018378 -0.4775595 0.1447616
  vertex -0.19834669 -0.47266284 0.09392807
  vertex -0.15015662 -0.4894507 0.0972893
 endloop
endfacet
facet normal 0.858595 -0.49717477 0.1250267
 outer loop
  vertex 0.4601299 -0.23402861 0.071310565
  vertex 0.43393424 -0.276065 0.08404402
  vertex 0.43395 -0.28296864 0.056483056
 endloop
endfacet
facet normal 0.8585951 -0.49717477 0.12502658
 outer loop
  vertex 0.4601299 -0.23402861 0.071310565
  vertex 0.43395 -0.28296864 0.056483056
  vertex 0.46014327 -0.23988628 0.047925312
 endloop
endfacet
facet normal -0.24055254 -0.9415798 0.23571566
 outer loop
  vertex -0.10054834 -0.48933724 0.14836875
  vertex -0.15018378 -0.4775595 0.1447616
  vertex -0.15015662 -0.4894507 0.0972893
 endloop
endfacet
facet normal -0.24055181 -0.94158024 0.23571499
 outer loop
  vertex -0.10054834 -0.48933724 0.14836875
  vertex -0.15015662 -0.4894507 0.0972893
  vertex -0.10052049 -0.5015247 0.099713534
 endloop
endfacet
facet normal 0.9047371 -0.4130823 0.10398899
 outer loop
  vertex 0.4818943 -0.18973832 0.0578904
  vertex 0.4601299 -0.23402861 0.071310565
  vertex 0.46014327 -0.23988628 0.047925312
 endloop
endfacet
facet normal 0.904737 -0.41308245 0.10398976
 outer loop
  vertex 0.4818943 -0.18973832 0.0578904
  vertex 0.46014327 -0.23988628 0.047925312
  vertex 0.4819052 -0.19449362 0.03890609
 endloop
endfacet
facet normal -0.14436261 -0.95988977 0.24035636
 outer loop
  vertex -0.049944516 -0.49640238 0.15054692
  vertex -0.10054834 -0.48933724 0.14836875
  vertex -0.10052049 -0.5015247 0.099713534
 endloop
endfacet
facet normal -0.14436215 -0.9598899 0.24035588
 outer loop
  vertex -0.049944516 -0.49640238 0.15054692
  vertex -0.10052049 -0.5015247 0.099713534
  vertex -0.049916256 -0.50876874 0.10117739
 endloop
endfacet
facet normal -0.98882246 -0.14476301 0.03569144
 outer loop
  vertex -0.5108906 -0.098457776 0.02951261
  vertex -0.5185052 -0.050065733 0.014827791
  vertex -0.5185024 -0.051283717 0.009965312
 endloop
endfacet
facet normal -0.9888225 -0.14476177 0.03569445
 outer loop
  vertex -0.5108906 -0.098457776 0.02951261
  vertex -0.5185024 -0.051283717 0.009965312
  vertex -0.51088506 -0.100882016 0.019834474
 endloop
endfacet
facet normal 0.94216007 -0.32499126 0.08194559
 outer loop
  vertex 0.49901783 -0.1436211 0.043912757
  vertex 0.4818943 -0.18973832 0.0578904
  vertex 0.4819052 -0.19449362 0.03890609
 endloop
endfacet
facet normal 0.94216025 -0.32499114 0.081944145
 outer loop
  vertex 0.49901783 -0.1436211 0.043912757
  vertex 0.4819052 -0.19449362 0.03890609
  vertex 0.49902606 -0.14722826 0.02951218
 endloop
endfacet
facet normal -0.046792652 -0.9689753 0.24268752
 outer loop
  vertex 0.0011403096 -0.49868688 0.15127532
  vertex -0.049944516 -0.49640238 0.15054692
  vertex -0.049916256 -0.50876874 0.10117739
 endloop
endfacet
facet normal -0.046793353 -0.9689751 0.24268821
 outer loop
  vertex 0.0011403096 -0.49868688 0.15127532
  vertex -0.049916256 -0.50876874 0.10117739
  vertex 0.0011687032 -0.5111131 0.101666905
 endloop
endfacet
facet normal -0.96941996 -0.23818363 0.05910648
 outer loop
  vertex -0.4983558 -0.1459015 0.043913122
  vertex -0.5108906 -0.098457776 0.02951261
  vertex -0.51088506 -0.100882016 0.019834474
 endloop
endfacet
facet normal -0.96942 -0.23818289 0.059107974
 outer loop
  vertex -0.4983558 -0.1459015 0.043913122
  vertex -0.51088506 -0.100882016 0.019834474
  vertex -0.49834758 -0.14950866 0.029512545
 endloop
endfacet
facet normal 0.9704992 -0.23374718 0.05910492
 outer loop
  vertex 0.5113355 -0.09612049 0.029512221
  vertex 0.49901783 -0.1436211 0.043912757
  vertex 0.49902606 -0.14722826 0.02951218
 endloop
endfacet
facet normal 0.97049916 -0.23374718 0.059106342
 outer loop
  vertex 0.5113355 -0.09612049 0.029512221
  vertex 0.49902606 -0.14722826 0.02951218
  vertex 0.51134104 -0.09854473 0.019834086
 endloop
endfacet
facet normal 0.051223565 -0.968751 0.24268813
 outer loop
  vertex 0.052214086 -0.4961688 0.1505469
  vertex 0.0011403096 -0.49868688 0.15127532
  vertex 0.0011687032 -0.5111131 0.101666905
 endloop
endfacet
facet normal 0.0512232 -0.968751 0.24268854
 outer loop
  vertex 0.052214086 -0.4961688 0.1505469
  vertex 0.0011687032 -0.5111131 0.101666905
  vertex 0.052242346 -0.5085352 0.10117734
 endloop
endfacet
facet normal -0.9406643 -0.32929537 0.081946835
 outer loop
  vertex -0.48102158 -0.19194 0.057890743
  vertex -0.4983558 -0.1459015 0.043913122
  vertex -0.49834758 -0.14950866 0.029512545
 endloop
endfacet
facet normal -0.9406641 -0.3292964 0.08194512
 outer loop
  vertex -0.48102158 -0.19194 0.057890743
  vertex -0.49834758 -0.14950866 0.029512545
  vertex -0.4810107 -0.1966953 0.038906433
 endloop
endfacet
facet normal 0.9894741 -0.14023872 0.03569461
 outer loop
  vertex 0.51872873 -0.047694128 0.014827394
  vertex 0.5113355 -0.09612049 0.029512221
  vertex 0.51134104 -0.09854473 0.019834086
 endloop
endfacet
facet normal 0.989474 -0.14023839 0.03569775
 outer loop
  vertex 0.51872873 -0.047694128 0.014827394
  vertex 0.51134104 -0.09854473 0.019834086
  vertex 0.51873153 -0.04891211 0.009964917
 endloop
endfacet
facet normal 0.14875072 -0.9592194 0.2403568
 outer loop
  vertex 0.10278508 -0.48887232 0.14836866
  vertex 0.052214086 -0.4961688 0.1505469
  vertex 0.052242346 -0.5085352 0.10117734
 endloop
endfacet
facet normal 0.14875123 -0.95921946 0.24035628
 outer loop
  vertex 0.10278508 -0.48887232 0.14836866
  vertex 0.052242346 -0.5085352 0.10117734
  vertex 0.10281293 -0.5010598 0.09971346
 endloop
endfacet
facet normal -0.90283865 -0.4172151 0.103989206
 outer loop
  vertex -0.4590549 -0.23613022 0.07131089
  vertex -0.48102158 -0.19194 0.057890743
  vertex -0.4810107 -0.1966953 0.038906433
 endloop
endfacet
facet normal -0.9028389 -0.4172147 0.1039898
 outer loop
  vertex -0.4590549 -0.23613022 0.07131089
  vertex -0.4810107 -0.1966953 0.038906433
  vertex -0.4590415 -0.2419879 0.047925647
 endloop
endfacet
facet normal 0.42917997 -0.893422 0.13267115
 outer loop
  vertex 0.24668787 -0.45019984 0.08966215
  vertex 0.20050612 -0.47175106 0.09392795
  vertex 0.20052195 -0.47868377 0.047191158
 endloop
endfacet
facet normal 0.4291801 -0.89342195 0.13267101
 outer loop
  vertex 0.24668787 -0.45019984 0.08966215
  vertex 0.20052195 -0.47868377 0.047191158
  vertex 0.24670298 -0.4568177 0.045047935
 endloop
endfacet
facet normal -0.73902595 -0.66642183 0.09860296
 outer loop
  vertex -0.36766556 -0.36225417 0.07188947
  vertex -0.40209472 -0.32516786 0.06449697
  vertex -0.40208384 -0.32992828 0.03240458
 endloop
endfacet
facet normal -0.73902667 -0.6664209 0.09860421
 outer loop
  vertex -0.36766556 -0.36225417 0.07188947
  vertex -0.40208384 -0.32992828 0.03240458
  vertex -0.36765346 -0.36756027 0.036118686
 endloop
endfacet
facet normal 0.5155842 -0.84753966 0.12589431
 outer loop
  vertex 0.29049397 -0.42431316 0.08453297
  vertex 0.24668787 -0.45019984 0.08966215
  vertex 0.24670298 -0.4568177 0.045047935
 endloop
endfacet
facet normal 0.51558304 -0.8475402 0.12589596
 outer loop
  vertex 0.29049397 -0.42431316 0.08453297
  vertex 0.24670298 -0.4568177 0.045047935
  vertex 0.29050824 -0.43055248 0.04247096
 endloop
endfacet
facet normal -0.6694347 -0.7348633 0.10878024
 outer loop
  vertex -0.32969564 -0.3958516 0.078589715
  vertex -0.36766556 -0.36225417 0.07188947
  vertex -0.36765346 -0.36756027 0.036118686
 endloop
endfacet
facet normal -0.66943437 -0.73486364 0.10877976
 outer loop
  vertex -0.32969564 -0.3958516 0.078589715
  vertex -0.36765346 -0.36756027 0.036118686
  vertex -0.32968238 -0.40165225 0.039485037
 endloop
endfacet
facet normal 0.5970544 -0.7934887 0.117905855
 outer loop
  vertex 0.33150244 -0.3943398 0.07858951
  vertex 0.29049397 -0.42431316 0.08453297
  vertex 0.29050824 -0.43055248 0.04247096
 endloop
endfacet
facet normal 0.5970546 -0.7934885 0.11790542
 outer loop
  vertex 0.33150244 -0.3943398 0.07858951
  vertex 0.29050824 -0.43055248 0.04247096
  vertex 0.3315157 -0.40014043 0.03948482
 endloop
endfacet
facet normal -0.5934188 -0.7962113 0.11790562
 outer loop
  vertex -0.2885506 -0.42563704 0.084533095
  vertex -0.32969564 -0.3958516 0.078589715
  vertex -0.32968238 -0.40165225 0.039485037
 endloop
endfacet
facet normal -0.5934189 -0.79621124 0.11790575
 outer loop
  vertex -0.2885506 -0.42563704 0.084533095
  vertex -0.32968238 -0.40165225 0.039485037
  vertex -0.2885363 -0.43187636 0.042471107
 endloop
endfacet
facet normal 0.67278796 -0.7317946 0.10877969
 outer loop
  vertex 0.36931834 -0.3605691 0.0718892
  vertex 0.33150244 -0.3943398 0.07858951
  vertex 0.3315157 -0.40014043 0.03948482
 endloop
endfacet
facet normal 0.67278826 -0.7317944 0.10877898
 outer loop
  vertex 0.36931834 -0.3605691 0.0718892
  vertex 0.3315157 -0.40014043 0.03948482
  vertex 0.36933044 -0.36587518 0.03611841
 endloop
endfacet
facet normal -0.51170325 -0.8498882 0.12589571
 outer loop
  vertex -0.24462658 -0.45132312 0.08966239
  vertex -0.2885506 -0.42563704 0.084533095
  vertex -0.2885363 -0.43187636 0.042471107
 endloop
endfacet
facet normal -0.51170343 -0.8498881 0.12589589
 outer loop
  vertex -0.24462658 -0.45132312 0.08966239
  vertex -0.2885363 -0.43187636 0.042471107
  vertex -0.24461147 -0.45794103 0.045048177
 endloop
endfacet
facet normal 0.7420662 -0.6630348 0.09860292
 outer loop
  vertex 0.4035775 -0.32332572 0.06449667
  vertex 0.36931834 -0.3605691 0.0718892
  vertex 0.36933044 -0.36587518 0.03611841
 endloop
endfacet
facet normal 0.7420663 -0.6630347 0.098602556
 outer loop
  vertex 0.4035775 -0.32332572 0.06449667
  vertex 0.36933044 -0.36587518 0.03611841
  vertex 0.40358838 -0.32808614 0.03240428
 endloop
endfacet
facet normal -0.42508763 -0.89537615 0.13267274
 outer loop
  vertex -0.19834669 -0.47266284 0.09392807
  vertex -0.24462658 -0.45132312 0.08966239
  vertex -0.24461147 -0.45794103 0.045048177
 endloop
endfacet
facet normal -0.4250869 -0.8953766 0.13267186
 outer loop
  vertex -0.19834669 -0.47266284 0.09392807
  vertex -0.24461147 -0.45794103 0.045048177
  vertex -0.19833086 -0.47959554 0.047191292
 endloop
endfacet
facet normal 0.8042095 -0.5878736 0.08747463
 outer loop
  vertex 0.43395 -0.28296864 0.056483056
  vertex 0.4035775 -0.32332572 0.06449667
  vertex 0.40358838 -0.32808614 0.03240428
 endloop
endfacet
facet normal 0.80420893 -0.587874 0.087476045
 outer loop
  vertex 0.43395 -0.28296864 0.056483056
  vertex 0.40358838 -0.32808614 0.03240428
  vertex 0.43395954 -0.28713763 0.02837812
 endloop
endfacet
facet normal -0.33440194 -0.9322467 0.13817172
 outer loop
  vertex -0.15015662 -0.4894507 0.0972893
  vertex -0.19834669 -0.47266284 0.09392807
  vertex -0.19833086 -0.47959554 0.047191292
 endloop
endfacet
facet normal -0.33440205 -0.93224657 0.13817191
 outer loop
  vertex -0.15015662 -0.4894507 0.0972893
  vertex -0.19833086 -0.47959554 0.047191292
  vertex -0.15014021 -0.4966315 0.048880048
 endloop
endfacet
facet normal 0.8586176 -0.5070259 0.075501785
 outer loop
  vertex 0.46014327 -0.23988628 0.047925312
  vertex 0.43395 -0.28296864 0.056483056
  vertex 0.43395954 -0.28713763 0.02837812
 endloop
endfacet
facet normal 0.85861754 -0.5070259 0.07550177
 outer loop
  vertex 0.46014327 -0.23988628 0.047925312
  vertex 0.43395954 -0.28713763 0.02837812
  vertex 0.46015137 -0.24342361 0.02407851
 endloop
endfacet
facet normal -0.24050935 -0.96015286 0.14234322
 outer loop
  vertex -0.10052049 -0.5015247 0.099713534
  vertex -0.15015662 -0.4894507 0.0972893
  vertex -0.15014021 -0.4966315 0.048880048
 endloop
endfacet
facet normal -0.24050942 -0.96015286 0.1423433
 outer loop
  vertex -0.10052049 -0.5015247 0.099713534
  vertex -0.15014021 -0.4966315 0.048880048
  vertex -0.10050368 -0.50888443 0.05009802
 endloop
endfacet
facet normal 0.90475583 -0.421276 0.06279774
 outer loop
  vertex 0.4819052 -0.19449362 0.03890609
  vertex 0.46014327 -0.23988628 0.047925312
  vertex 0.46015137 -0.24342361 0.02407851
 endloop
endfacet
facet normal 0.9047559 -0.42127576 0.062796675
 outer loop
  vertex 0.4819052 -0.19449362 0.03890609
  vertex 0.46015137 -0.24342361 0.02407851
  vertex 0.48191175 -0.19736525 0.019547088
 endloop
endfacet
facet normal -0.14431901 -0.9788282 0.1451461
 outer loop
  vertex -0.049916256 -0.50876874 0.10117739
  vertex -0.10052049 -0.5015247 0.099713534
  vertex -0.10050368 -0.50888443 0.05009802
 endloop
endfacet
facet normal -0.14431925 -0.97882813 0.14514633
 outer loop
  vertex -0.049916256 -0.50876874 0.10117739
  vertex -0.10050368 -0.50888443 0.05009802
  vertex -0.0498992 -0.51623654 0.050833452
 endloop
endfacet
facet normal -0.9888161 -0.14757375 0.021557609
 outer loop
  vertex -0.51088506 -0.100882016 0.019834474
  vertex -0.5185024 -0.051283717 0.009965312
  vertex -0.51850075 -0.05201923 0.005006864
 endloop
endfacet
facet normal -0.988816 -0.14757422 0.021556132
 outer loop
  vertex -0.51088506 -0.100882016 0.019834474
  vertex -0.51850075 -0.05201923 0.005006864
  vertex -0.5108817 -0.102345966 0.009965326
 endloop
endfacet
facet normal 0.94217485 -0.33144772 0.04948465
 outer loop
  vertex 0.49902606 -0.14722826 0.02951218
  vertex 0.4819052 -0.19449362 0.03890609
  vertex 0.48191175 -0.19736525 0.019547088
 endloop
endfacet
facet normal 0.9421749 -0.33144778 0.049484916
 outer loop
  vertex 0.49902606 -0.14722826 0.02951218
  vertex 0.48191175 -0.19736525 0.019547088
  vertex 0.49903104 -0.14940654 0.014827382
 endloop
endfacet
facet normal -0.046749704 -0.9880973 0.14655434
 outer loop
  vertex 0.0011687032 -0.5111131 0.101666905
  vertex -0.049916256 -0.50876874 0.10117739
  vertex -0.0498992 -0.51623654 0.050833452
 endloop
endfacet
facet normal -0.04674945 -0.98809737 0.1465541
 outer loop
  vertex 0.0011687032 -0.5111131 0.101666905
  vertex -0.0498992 -0.51623654 0.050833452
  vertex 0.0011858419 -0.51861703 0.051079378
 endloop
endfacet
facet normal -0.96940935 -0.24284014 0.035694066
 outer loop
  vertex -0.49834758 -0.14950866 0.029512545
  vertex -0.51088506 -0.100882016 0.019834474
  vertex -0.5108817 -0.102345966 0.009965326
 endloop
endfacet
facet normal -0.96940935 -0.24284044 0.035693433
 outer loop
  vertex -0.49834758 -0.14950866 0.029512545
  vertex -0.5108817 -0.102345966 0.009965326
  vertex -0.4983426 -0.15168694 0.0148277525
 endloop
endfacet
facet normal 0.9705098 -0.2384044 0.035692837
 outer loop
  vertex 0.51134104 -0.09854473 0.019834086
  vertex 0.49902606 -0.14722826 0.02951218
  vertex 0.49903104 -0.14940654 0.014827382
 endloop
endfacet
facet normal 0.9705099 -0.23840433 0.035692204
 outer loop
  vertex 0.51134104 -0.09854473 0.019834086
  vertex 0.49903104 -0.14940654 0.014827382
  vertex 0.5113444 -0.10000868 0.009964938
 endloop
endfacet
facet normal 0.051266894 -0.98787326 0.14655407
 outer loop
  vertex 0.052242346 -0.5085352 0.10117734
  vertex 0.0011687032 -0.5111131 0.101666905
  vertex 0.0011858419 -0.51861703 0.051079378
 endloop
endfacet
facet normal 0.051266614 -0.9878732 0.14655432
 outer loop
  vertex 0.052242346 -0.5085352 0.10117734
  vertex 0.0011858419 -0.51861703 0.051079378
  vertex 0.0522594 -0.516003 0.050833415
 endloop
endfacet
facet normal -0.94064933 -0.33575302 0.049485415
 outer loop
  vertex -0.4810107 -0.1966953 0.038906433
  vertex -0.49834758 -0.14950866 0.029512545
  vertex -0.4983426 -0.15168694 0.0148277525
 endloop
endfacet
facet normal -0.94064933 -0.335753 0.049485605
 outer loop
  vertex -0.4810107 -0.1966953 0.038906433
  vertex -0.4983426 -0.15168694 0.0148277525
  vertex -0.48100415 -0.19956693 0.019547429
 endloop
endfacet
facet normal 0.9894805 -0.14305171 0.02155437
 outer loop
  vertex 0.51873153 -0.04891211 0.009964917
  vertex 0.51134104 -0.09854473 0.019834086
  vertex 0.5113444 -0.10000868 0.009964938
 endloop
endfacet
facet normal 0.9894805 -0.1430517 0.021552706
 outer loop
  vertex 0.51873153 -0.04891211 0.009964917
  vertex 0.5113444 -0.10000868 0.009964938
  vertex 0.5187332 -0.049647626 0.0050064703
 endloop
endfacet
facet normal 0.14879465 -0.97815776 0.1451462
 outer loop
  vertex 0.10281293 -0.5010598 0.09971346
  vertex 0.052242346 -0.5085352 0.10117734
  vertex 0.0522594 -0.516003 0.050833415
 endloop
endfacet
facet normal 0.1487949 -0.97815776 0.14514594
 outer loop
  vertex 0.10281293 -0.5010598 0.09971346
  vertex 0.0522594 -0.516003 0.050833415
  vertex 0.10282974 -0.5084195 0.050097946
 endloop
endfacet
facet normal -0.90282017 -0.42540836 0.06279751
 outer loop
  vertex -0.4590415 -0.2419879 0.047925647
  vertex -0.4810107 -0.1966953 0.038906433
  vertex -0.48100415 -0.19956693 0.019547429
 endloop
endfacet
facet normal -0.90281993 -0.425409 0.06279642
 outer loop
  vertex -0.4590415 -0.2419879 0.047925647
  vertex -0.48100415 -0.19956693 0.019547429
  vertex -0.4590334 -0.24552523 0.024078853
 endloop
endfacet
facet normal 0.24489759 -0.959043 0.14234312
 outer loop
  vertex 0.15239336 -0.48875892 0.09728915
  vertex 0.10281293 -0.5010598 0.09971346
  vertex 0.10282974 -0.5084195 0.050097946
 endloop
endfacet
facet normal 0.2448976 -0.9590431 0.14234315
 outer loop
  vertex 0.15239336 -0.48875892 0.09728915
  vertex 0.10282974 -0.5084195 0.050097946
  vertex 0.15240976 -0.49593973 0.048879907
 endloop
endfacet
facet normal -0.85628957 -0.5109478 0.07550064
 outer loop
  vertex -0.43265143 -0.28495008 0.056483377
  vertex -0.4590415 -0.2419879 0.047925647
  vertex -0.4590334 -0.24552523 0.024078853
 endloop
endfacet
facet normal -0.85628986 -0.51094735 0.07550151
 outer loop
  vertex -0.43265143 -0.28495008 0.056483377
  vertex -0.4590334 -0.24552523 0.024078853
  vertex -0.4326419 -0.28911906 0.02837844
 endloop
endfacet
facet normal 0.33865833 -0.9307089 0.13817196
 outer loop
  vertex 0.20050612 -0.47175106 0.09392795
  vertex 0.15239336 -0.48875892 0.09728915
  vertex 0.15240976 -0.49593973 0.048879907
 endloop
endfacet
facet normal 0.33865872 -0.93070877 0.13817143
 outer loop
  vertex 0.20050612 -0.47175106 0.09392795
  vertex 0.15240976 -0.49593973 0.048879907
  vertex 0.20052195 -0.47868377 0.047191158
 endloop
endfacet
facet normal -0.8015131 -0.59154445 0.08747565
 outer loop
  vertex -0.40209472 -0.32516786 0.06449697
  vertex -0.43265143 -0.28495008 0.056483377
  vertex -0.4326419 -0.28911906 0.02837844
 endloop
endfacet
facet normal -0.80151284 -0.59154487 0.08747496
 outer loop
  vertex -0.40209472 -0.32516786 0.06449697
  vertex -0.4326419 -0.28911906 0.02837844
  vertex -0.40208384 -0.32992828 0.03240458
 endloop
endfacet
facet normal 0.59707224 -0.801218 0.039427795
 outer loop
  vertex 0.3315157 -0.40014043 0.03948482
  vertex 0.29050824 -0.43055248 0.04247096
  vertex 0.29051298 -0.43263894 -6.4237284e-08
 endloop
endfacet
facet normal 0.59707206 -0.80121803 0.039428055
 outer loop
  vertex 0.3315157 -0.40014043 0.03948482
  vertex 0.29051298 -0.43263894 -6.4237284e-08
  vertex 0.3315201 -0.4020802 -1.2220313e-07
 endloop
endfacet
facet normal -0.59340113 -0.80394053 0.039428834
 outer loop
  vertex -0.2885363 -0.43187636 0.042471107
  vertex -0.32968238 -0.40165225 0.039485037
  vertex -0.32967797 -0.40359202 9.23071e-08
 endloop
endfacet
facet normal -0.5934012 -0.8039406 0.03942876
 outer loop
  vertex -0.2885363 -0.43187636 0.042471107
  vertex -0.32967797 -0.40359202 9.23071e-08
  vertex -0.28853157 -0.43396282 8.8699124e-08
 endloop
endfacet
facet normal 0.6728045 -0.73892546 0.036376286
 outer loop
  vertex 0.36933044 -0.36587518 0.03611841
  vertex 0.3315157 -0.40014043 0.03948482
  vertex 0.3315201 -0.4020802 -1.2220313e-07
 endloop
endfacet
facet normal 0.67280424 -0.7389257 0.03637671
 outer loop
  vertex 0.36933044 -0.36587518 0.03611841
  vertex 0.3315201 -0.4020802 -1.2220313e-07
  vertex 0.3693345 -0.36764959 -2.2557896e-07
 endloop
endfacet
facet normal -0.51168454 -0.8581413 0.042100552
 outer loop
  vertex -0.24461147 -0.45794103 0.045048177
  vertex -0.2885363 -0.43187636 0.042471107
  vertex -0.28853157 -0.43396282 8.8699124e-08
 endloop
endfacet
facet normal -0.5116839 -0.8581417 0.042099733
 outer loop
  vertex -0.24461147 -0.45794103 0.045048177
  vertex -0.28853157 -0.43396282 8.8699124e-08
  vertex -0.24460642 -0.46015406 1.3064805e-07
 endloop
endfacet
facet normal 0.7420812 -0.66949856 0.03297373
 outer loop
  vertex 0.40358838 -0.32808614 0.03240428
  vertex 0.36933044 -0.36587518 0.03611841
  vertex 0.3693345 -0.36764959 -2.2557896e-07
 endloop
endfacet
facet normal 0.7420813 -0.6694983 0.032973476
 outer loop
  vertex 0.40358838 -0.32808614 0.03240428
  vertex 0.3693345 -0.36764959 -2.2557896e-07
  vertex 0.40359202 -0.32967806 -1.8397665e-07
 endloop
endfacet
facet normal -0.42506716 -0.90407395 0.044365887
 outer loop
  vertex -0.19833086 -0.47959554 0.047191292
  vertex -0.24461147 -0.45794103 0.045048177
  vertex -0.24460642 -0.46015406 1.3064805e-07
 endloop
endfacet
facet normal -0.42506772 -0.9040736 0.044366572
 outer loop
  vertex -0.19833086 -0.47959554 0.047191292
  vertex -0.24460642 -0.46015406 1.3064805e-07
  vertex -0.19832557 -0.4819139 4.358901e-08
 endloop
endfacet
facet normal 0.80422217 -0.5936085 0.029252198
 outer loop
  vertex 0.43395954 -0.28713763 0.02837812
  vertex 0.40358838 -0.32808614 0.03240428
  vertex 0.40359202 -0.32967806 -1.8397665e-07
 endloop
endfacet
facet normal 0.8042224 -0.59360814 0.029251374
 outer loop
  vertex 0.43395954 -0.28713763 0.02837812
  vertex 0.40359202 -0.32967806 -1.8397665e-07
  vertex 0.4339627 -0.28853175 -1.1763724e-07
 endloop
endfacet
facet normal -0.33438137 -0.94130445 0.046205744
 outer loop
  vertex -0.15014021 -0.4966315 0.048880048
  vertex -0.19833086 -0.47959554 0.047191292
  vertex -0.19832557 -0.4819139 4.358901e-08
 endloop
endfacet
facet normal -0.33438107 -0.9413046 0.046205398
 outer loop
  vertex -0.15014021 -0.4966315 0.048880048
  vertex -0.19832557 -0.4819139 4.358901e-08
  vertex -0.15013474 -0.4990328 6.06497e-08
 endloop
endfacet
facet normal 0.85862887 -0.5119756 0.02524714
 outer loop
  vertex 0.46015137 -0.24342361 0.02407851
  vertex 0.43395954 -0.28713763 0.02837812
  vertex 0.4339627 -0.28853175 -1.1763724e-07
 endloop
endfacet
facet normal 0.85862887 -0.51197565 0.025247153
 outer loop
  vertex 0.46015137 -0.24342361 0.02407851
  vertex 0.4339627 -0.28853175 -1.1763724e-07
  vertex 0.46015406 -0.24460651 -1.798186e-07
 endloop
endfacet
facet normal -0.24048811 -0.96948427 0.047600254
 outer loop
  vertex -0.10050368 -0.50888443 0.05009802
  vertex -0.15014021 -0.4966315 0.048880048
  vertex -0.15013474 -0.4990328 6.06497e-08
 endloop
endfacet
facet normal -0.24048935 -0.96948385 0.047601543
 outer loop
  vertex -0.10050368 -0.50888443 0.05009802
  vertex -0.15013474 -0.4990328 6.06497e-08
  vertex -0.10049808 -0.5113456 4.2224976e-08
 endloop
endfacet
facet normal 0.90476537 -0.42539245 0.020998776
 outer loop
  vertex 0.48191175 -0.19736525 0.019547088
  vertex 0.46015137 -0.24342361 0.02407851
  vertex 0.46015406 -0.24460651 -1.798186e-07
 endloop
endfacet
facet normal 0.90476537 -0.42539236 0.020998506
 outer loop
  vertex 0.48191175 -0.19736525 0.019547088
  vertex 0.46015406 -0.24460651 -1.798186e-07
  vertex 0.48191392 -0.19832553 -1.6464332e-07
 endloop
endfacet
facet normal -0.14429766 -0.9883432 0.04853882
 outer loop
  vertex -0.0498992 -0.51623654 0.050833452
  vertex -0.10050368 -0.50888443 0.05009802
  vertex -0.10049808 -0.5113456 4.2224976e-08
 endloop
endfacet
facet normal -0.14429624 -0.98834336 0.04853738
 outer loop
  vertex -0.0498992 -0.51623654 0.050833452
  vertex -0.10049808 -0.5113456 4.2224976e-08
  vertex -0.04989351 -0.5187338 -3.8686693e-08
 endloop
endfacet
facet normal -0.9888129 -0.14898685 0.007213325
 outer loop
  vertex -0.5108817 -0.102345966 0.009965326
  vertex -0.51850075 -0.05201923 0.005006864
  vertex -0.5185002 -0.052265193 1.9853815e-07
 endloop
endfacet
facet normal -0.9888127 -0.14898808 0.007206961
 outer loop
  vertex -0.5108817 -0.102345966 0.009965326
  vertex -0.5185002 -0.052265193 1.9853815e-07
  vertex -0.5108806 -0.10283552 2.0691392e-07
 endloop
endfacet
facet normal 0.94218236 -0.33469194 0.01654689
 outer loop
  vertex 0.49903104 -0.14940654 0.014827382
  vertex 0.48191175 -0.19736525 0.019547088
  vertex 0.48191392 -0.19832553 -1.6464332e-07
 endloop
endfacet
facet normal 0.9421822 -0.33469227 0.01654829
 outer loop
  vertex 0.49903104 -0.14940654 0.014827382
  vertex 0.48191392 -0.19832553 -1.6464332e-07
  vertex 0.4990327 -0.15013497 -2.1472263e-07
 endloop
endfacet
facet normal -0.046727546 -0.9977047 0.0490082
 outer loop
  vertex 0.0011858419 -0.51861703 0.051079378
  vertex -0.0498992 -0.51623654 0.050833452
  vertex -0.04989351 -0.5187338 -3.8686693e-08
 endloop
endfacet
facet normal -0.046727877 -0.99770474 0.04900853
 outer loop
  vertex 0.0011858419 -0.51861703 0.051079378
  vertex -0.04989351 -0.5187338 -3.8686693e-08
  vertex 0.0011915604 -0.5211264 -7.7071306e-08
 endloop
endfacet
facet normal -0.969404 -0.24518038 0.011934782
 outer loop
  vertex -0.4983426 -0.15168694 0.0148277525
  vertex -0.5108817 -0.102345966 0.009965326
  vertex -0.5108806 -0.10283552 2.0691392e-07
 endloop
endfacet
facet normal -0.96940404 -0.24518014 0.011935778
 outer loop
  vertex -0.4983426 -0.15168694 0.0148277525
  vertex -0.5108806 -0.10283552 2.0691392e-07
  vertex -0.49834093 -0.15241536 1.5958902e-07
 endloop
endfacet
facet normal 0.9705153 -0.2407441 0.011936158
 outer loop
  vertex 0.5113444 -0.10000868 0.009964938
  vertex 0.49903104 -0.14940654 0.014827382
  vertex 0.4990327 -0.15013497 -2.1472263e-07
 endloop
endfacet
facet normal 0.97051513 -0.24074423 0.011937141
 outer loop
  vertex 0.5113444 -0.10000868 0.009964938
  vertex 0.4990327 -0.15013497 -2.1472263e-07
  vertex 0.5113455 -0.10049823 -1.7954007e-07
 endloop
endfacet
facet normal 0.05128857 -0.99748063 0.049008485
 outer loop
  vertex 0.0522594 -0.516003 0.050833415
  vertex 0.0011858419 -0.51861703 0.051079378
  vertex 0.0011915604 -0.5211264 -7.7071306e-08
 endloop
endfacet
facet normal 0.05128889 -0.99748063 0.049008165
 outer loop
  vertex 0.0522594 -0.516003 0.050833415
  vertex 0.0011915604 -0.5211264 -7.7071306e-08
  vertex 0.052265093 -0.51850027 -7.662885e-08
 endloop
endfacet
facet normal -0.9406419 -0.33899707 0.016547877
 outer loop
  vertex -0.48100415 -0.19956693 0.019547429
  vertex -0.4983426 -0.15168694 0.0148277525
  vertex -0.49834093 -0.15241536 1.5958902e-07
 endloop
endfacet
facet normal -0.940642 -0.33899668 0.016548775
 outer loop
  vertex -0.48100415 -0.19956693 0.019547429
  vertex -0.49834093 -0.15241536 1.5958902e-07
  vertex -0.48100197 -0.2005272 1.793984e-07
 endloop
endfacet
facet normal 0.9894837 -0.14446439 0.0072094286
 outer loop
  vertex 0.5187332 -0.049647626 0.0050064703
  vertex 0.5113444 -0.10000868 0.009964938
  vertex 0.5113455 -0.10049823 -1.7954007e-07
 endloop
endfacet
facet normal 0.9894839 -0.14446379 0.007203067
 outer loop
  vertex 0.5187332 -0.049647626 0.0050064703
  vertex 0.5113455 -0.10049823 -1.7954007e-07
  vertex 0.51873374 -0.049893588 -1.9397517e-07
 endloop
endfacet
facet normal 0.14881675 -0.9876728 0.048537266
 outer loop
  vertex 0.10282974 -0.5084195 0.050097946
  vertex 0.0522594 -0.516003 0.050833415
  vertex 0.052265093 -0.51850027 -7.662885e-08
 endloop
endfacet
facet normal 0.14881538 -0.987673 0.04853868
 outer loop
  vertex 0.10282974 -0.5084195 0.050097946
  vertex 0.052265093 -0.51850027 -7.662885e-08
  vertex 0.10283534 -0.5108807 -3.3293954e-08
 endloop
endfacet
facet normal -0.90281045 -0.42952552 0.02100033
 outer loop
  vertex -0.4590334 -0.24552523 0.024078853
  vertex -0.48100415 -0.19956693 0.019547429
  vertex -0.48100197 -0.2005272 1.793984e-07
 endloop
endfacet
facet normal -0.90281045 -0.42952546 0.021000521
 outer loop
  vertex -0.4590334 -0.24552523 0.024078853
  vertex -0.48100197 -0.2005272 1.793984e-07
  vertex -0.45903072 -0.24670812 1.693361e-07
 endloop
endfacet
facet normal 0.24491881 -0.9683744 0.047601327
 outer loop
  vertex 0.15240976 -0.49593973 0.048879907
  vertex 0.10282974 -0.5084195 0.050097946
  vertex 0.10283534 -0.5108807 -3.3293954e-08
 endloop
endfacet
facet normal 0.24492006 -0.96837413 0.04760004
 outer loop
  vertex 0.15240976 -0.49593973 0.048879907
  vertex 0.10283534 -0.5108807 -3.3293954e-08
  vertex 0.15241523 -0.49834102 -8.278034e-08
 endloop
endfacet
facet normal -0.8562786 -0.5158968 0.025248764
 outer loop
  vertex -0.4326419 -0.28911906 0.02837844
  vertex -0.4590334 -0.24552523 0.024078853
  vertex -0.45903072 -0.24670812 1.693361e-07
 endloop
endfacet
facet normal -0.8562786 -0.5158968 0.025248913
 outer loop
  vertex -0.4326419 -0.28911906 0.02837844
  vertex -0.45903072 -0.24670812 1.693361e-07
  vertex -0.43263873 -0.2905132 2.0422235e-07
 endloop
endfacet
facet normal 0.33867943 -0.93976665 0.04620514
 outer loop
  vertex 0.20052195 -0.47868377 0.047191158
  vertex 0.15240976 -0.49593973 0.048879907
  vertex 0.15241523 -0.49834102 -8.278034e-08
 endloop
endfacet
facet normal 0.338679 -0.93976676 0.04620564
 outer loop
  vertex 0.20052195 -0.47868377 0.047191158
  vertex 0.15241523 -0.49834102 -8.278034e-08
  vertex 0.20052724 -0.48100212 -1.12312094e-07
 endloop
endfacet
facet normal -0.8014997 -0.59727913 0.029252999
 outer loop
  vertex -0.40208384 -0.32992828 0.03240458
  vertex -0.4326419 -0.28911906 0.02837844
  vertex -0.43263873 -0.2905132 2.0422235e-07
 endloop
endfacet
facet normal -0.8014996 -0.5972795 0.029252326
 outer loop
  vertex -0.40208384 -0.32992828 0.03240458
  vertex -0.43263873 -0.2905132 2.0422235e-07
  vertex -0.4020802 -0.3315202 1.15253556e-07
 endloop
endfacet
facet normal 0.42919993 -0.90211916 0.044366274
 outer loop
  vertex 0.24670298 -0.4568177 0.045047935
  vertex 0.20052195 -0.47868377 0.047191158
  vertex 0.20052724 -0.48100212 -1.12312094e-07
 endloop
endfacet
facet normal 0.42920047 -0.902119 0.044365644
 outer loop
  vertex 0.24670298 -0.4568177 0.045047935
  vertex 0.20052724 -0.48100212 -1.12312094e-07
  vertex 0.24670804 -0.45903072 -1.178343e-07
 endloop
endfacet
facet normal -0.73901194 -0.6728849 0.03297362
 outer loop
  vertex -0.36765346 -0.36756027 0.036118686
  vertex -0.40208384 -0.32992828 0.03240458
  vertex -0.4020802 -0.3315202 1.15253556e-07
 endloop
endfacet
facet normal -0.73901206 -0.67288476 0.032973934
 outer loop
  vertex -0.36765346 -0.36756027 0.036118686
  vertex -0.4020802 -0.3315202 1.15253556e-07
  vertex -0.3676494 -0.36933467 4.8140123e-08
 endloop
endfacet
facet normal 0.51560193 -0.85579336 0.042099524
 outer loop
  vertex 0.29050824 -0.43055248 0.04247096
  vertex 0.24670298 -0.4568177 0.045047935
  vertex 0.24670804 -0.45903072 -1.178343e-07
 endloop
endfacet
facet normal 0.51560175 -0.8557934 0.04209982
 outer loop
  vertex 0.29050824 -0.43055248 0.04247096
  vertex 0.24670804 -0.45903072 -1.178343e-07
  vertex 0.29051298 -0.43263894 -6.4237284e-08
 endloop
endfacet
facet normal -0.6694181 -0.74199474 0.03637686
 outer loop
  vertex -0.32968238 -0.40165225 0.039485037
  vertex -0.36765346 -0.36756027 0.036118686
  vertex -0.3676494 -0.36933467 4.8140123e-08
 endloop
endfacet
facet normal -0.6694183 -0.7419946 0.036377177
 outer loop
  vertex -0.32968238 -0.40165225 0.039485037
  vertex -0.3676494 -0.36933467 4.8140123e-08
  vertex -0.32967797 -0.40359202 9.23071e-08
 endloop
endfacet
facet normal 0.74208134 -0.6694983 -0.032974336
 outer loop
  vertex 0.40359202 -0.32967806 -1.8397665e-07
  vertex 0.3693345 -0.36764959 -2.2557896e-07
  vertex 0.3693304 -0.36587518 -0.03611886
 endloop
endfacet
facet normal 0.74208146 -0.669498 -0.032974727
 outer loop
  vertex 0.40359202 -0.32967806 -1.8397665e-07
  vertex 0.3693304 -0.36587518 -0.03611886
  vertex 0.40358835 -0.3280861 -0.032404646
 endloop
endfacet
facet normal -0.42506784 -0.9040736 -0.04436618
 outer loop
  vertex -0.19832557 -0.4819139 4.358901e-08
  vertex -0.24460642 -0.46015406 1.3064805e-07
  vertex -0.2446115 -0.457941 -0.04504792
 endloop
endfacet
facet normal -0.42506775 -0.9040736 -0.044366255
 outer loop
  vertex -0.19832557 -0.4819139 4.358901e-08
  vertex -0.2446115 -0.457941 -0.04504792
  vertex -0.1983309 -0.47959554 -0.047191206
 endloop
endfacet
facet normal 0.80422235 -0.5936081 -0.029253464
 outer loop
  vertex 0.4339627 -0.28853175 -1.1763724e-07
  vertex 0.40359202 -0.32967806 -1.8397665e-07
  vertex 0.40358835 -0.3280861 -0.032404646
 endloop
endfacet
facet normal 0.804222 -0.59360874 -0.029252267
 outer loop
  vertex 0.4339627 -0.28853175 -1.1763724e-07
  vertex 0.40358835 -0.3280861 -0.032404646
  vertex 0.4339595 -0.28713763 -0.028378354
 endloop
endfacet
facet normal -0.33438104 -0.9413046 -0.04620554
 outer loop
  vertex -0.15013474 -0.4990328 6.06497e-08
  vertex -0.19832557 -0.4819139 4.358901e-08
  vertex -0.1983309 -0.47959554 -0.047191206
 endloop
endfacet
facet normal -0.3343813 -0.9413045 -0.046205167
 outer loop
  vertex -0.15013474 -0.4990328 6.06497e-08
  vertex -0.1983309 -0.47959554 -0.047191206
  vertex -0.15014024 -0.4966315 -0.04887993
 endloop
endfacet
facet normal 0.85862887 -0.51197565 -0.025248043
 outer loop
  vertex 0.46015406 -0.24460651 -1.798186e-07
  vertex 0.4339627 -0.28853175 -1.1763724e-07
  vertex 0.4339595 -0.28713763 -0.028378354
 endloop
endfacet
facet normal 0.8586289 -0.5119756 -0.025248198
 outer loop
  vertex 0.46015406 -0.24460651 -1.798186e-07
  vertex 0.4339595 -0.28713763 -0.028378354
  vertex 0.46015134 -0.24342361 -0.024078872
 endloop
endfacet
facet normal -0.24048941 -0.9694839 -0.04760009
 outer loop
  vertex -0.10049808 -0.5113456 4.2224976e-08
  vertex -0.15013474 -0.4990328 6.06497e-08
  vertex -0.15014024 -0.4966315 -0.04887993
 endloop
endfacet
facet normal -0.24048823 -0.9694841 -0.04760136
 outer loop
  vertex -0.10049808 -0.5113456 4.2224976e-08
  vertex -0.15014024 -0.4966315 -0.04887993
  vertex -0.10050373 -0.50888443 -0.05009794
 endloop
endfacet
facet normal 0.90476537 -0.42539236 -0.020999888
 outer loop
  vertex 0.48191392 -0.19832553 -1.6464332e-07
  vertex 0.46015406 -0.24460651 -1.798186e-07
  vertex 0.46015134 -0.24342361 -0.024078872
 endloop
endfacet
facet normal 0.9047655 -0.42539203 -0.021000478
 outer loop
  vertex 0.48191392 -0.19832553 -1.6464332e-07
  vertex 0.46015134 -0.24342361 -0.024078872
  vertex 0.48191172 -0.19736522 -0.019547416
 endloop
endfacet
facet normal -0.1442964 -0.98834336 -0.048538703
 outer loop
  vertex -0.04989351 -0.5187338 -3.8686693e-08
  vertex -0.10049808 -0.5113456 4.2224976e-08
  vertex -0.10050373 -0.50888443 -0.05009794
 endloop
endfacet
facet normal -0.14429663 -0.9883433 -0.048538435
 outer loop
  vertex -0.04989351 -0.5187338 -3.8686693e-08
  vertex -0.10050373 -0.50888443 -0.05009794
  vertex -0.04989924 -0.5162365 -0.050833527
 endloop
endfacet
facet normal -0.9888127 -0.14898808 -0.007213386
 outer loop
  vertex -0.5108806 -0.10283552 2.0691392e-07
  vertex -0.5185002 -0.052265193 1.9853815e-07
  vertex -0.51850075 -0.05201923 -0.005006467
 endloop
endfacet
facet normal -0.9888128 -0.14898747 -0.0072069056
 outer loop
  vertex -0.5108806 -0.10283552 2.0691392e-07
  vertex -0.51850075 -0.05201923 -0.005006467
  vertex -0.5108817 -0.102345966 -0.009964911
 endloop
endfacet
facet normal 0.94218206 -0.3346923 -0.016548855
 outer loop
  vertex 0.4990327 -0.15013497 -2.1472263e-07
  vertex 0.48191392 -0.19832553 -1.6464332e-07
  vertex 0.48191172 -0.19736522 -0.019547416
 endloop
endfacet
facet normal 0.9421821 -0.33469242 -0.016548676
 outer loop
  vertex 0.4990327 -0.15013497 -2.1472263e-07
  vertex 0.48191172 -0.19736522 -0.019547416
  vertex 0.49903104 -0.14940652 -0.014827809
 endloop
endfacet
facet normal -0.046727937 -0.9977046 -0.049009334
 outer loop
  vertex 0.0011915604 -0.5211264 -7.7071306e-08
  vertex -0.04989351 -0.5187338 -3.8686693e-08
  vertex -0.04989924 -0.5162365 -0.050833527
 endloop
endfacet
facet normal -0.04672879 -0.99770474 -0.0490085
 outer loop
  vertex 0.0011915604 -0.5211264 -7.7071306e-08
  vertex -0.04989924 -0.5162365 -0.050833527
  vertex 0.0011858038 -0.51861703 -0.051079527
 endloop
endfacet
facet normal -0.9694041 -0.24518013 -0.01193477
 outer loop
  vertex -0.49834093 -0.15241536 1.5958902e-07
  vertex -0.5108806 -0.10283552 2.0691392e-07
  vertex -0.5108817 -0.102345966 -0.009964911
 endloop
endfacet
facet normal -0.96940404 -0.24518031 -0.011935778
 outer loop
  vertex -0.49834093 -0.15241536 1.5958902e-07
  vertex -0.5108817 -0.102345966 -0.009964911
  vertex -0.4983426 -0.15168694 -0.014827431
 endloop
endfacet
facet normal 0.9705152 -0.24074426 -0.01193641
 outer loop
  vertex 0.5113455 -0.10049823 -1.7954007e-07
  vertex 0.4990327 -0.15013497 -2.1472263e-07
  vertex 0.49903104 -0.14940652 -0.014827809
 endloop
endfacet
facet normal 0.97051525 -0.24074402 -0.011937148
 outer loop
  vertex 0.5113455 -0.10049823 -1.7954007e-07
  vertex 0.49903104 -0.14940652 -0.014827809
  vertex 0.5113444 -0.10000868 -0.009965297
 endloop
endfacet
facet normal 0.051288895 -0.99748063 -0.049008537
 outer loop
  vertex 0.052265093 -0.51850027 -7.662885e-08
  vertex 0.0011915604 -0.5211264 -7.7071306e-08
  vertex 0.0011858038 -0.51861703 -0.051079527
 endloop
endfacet
facet normal 0.051289733 -0.9974805 -0.04900938
 outer loop
  vertex 0.052265093 -0.51850027 -7.662885e-08
  vertex 0.0011858038 -0.51861703 -0.051079527
  vertex 0.052259363 -0.51600295 -0.050833564
 endloop
endfacet
facet normal -0.940642 -0.3389967 -0.016547862
 outer loop
  vertex -0.48100197 -0.2005272 1.793984e-07
  vertex -0.49834093 -0.15241536 1.5958902e-07
  vertex -0.4983426 -0.15168694 -0.014827431
 endloop
endfacet
facet normal -0.94064194 -0.33899668 -0.016547846
 outer loop
  vertex -0.48100197 -0.2005272 1.793984e-07
  vertex -0.4983426 -0.15168694 -0.014827431
  vertex -0.48100418 -0.1995669 -0.019547071
 endloop
endfacet
facet normal 0.98948383 -0.14446378 -0.0072093997
 outer loop
  vertex 0.51873374 -0.049893588 -1.9397517e-07
  vertex 0.5113455 -0.10049823 -1.7954007e-07
  vertex 0.5113444 -0.10000868 -0.009965297
 endloop
endfacet
facet normal 0.98948365 -0.144465 -0.0072031775
 outer loop
  vertex 0.51873374 -0.049893588 -1.9397517e-07
  vertex 0.5113444 -0.10000868 -0.009965297
  vertex 0.5187332 -0.049647626 -0.005006858
 endloop
endfacet
facet normal 0.14881547 -0.987673 -0.048538543
 outer loop
  vertex 0.10283534 -0.5108807 -3.3293954e-08
  vertex 0.052265093 -0.51850027 -7.662885e-08
  vertex 0.052259363 -0.51600295 -0.050833564
 endloop
endfacet
facet normal 0.14881574 -0.9876729 -0.048538808
 outer loop
  vertex 0.10283534 -0.5108807 -3.3293954e-08
  vertex 0.052259363 -0.51600295 -0.050833564
  vertex 0.102829695 -0.5084195 -0.050098013
 endloop
endfacet
facet normal -0.9028106 -0.42952552 -0.02099961
 outer loop
  vertex -0.45903072 -0.24670812 1.693361e-07
  vertex -0.48100197 -0.2005272 1.793984e-07
  vertex -0.48100418 -0.1995669 -0.019547071
 endloop
endfacet
facet normal -0.90281063 -0.4295254 -0.020999381
 outer loop
  vertex -0.45903072 -0.24670812 1.693361e-07
  vertex -0.48100418 -0.1995669 -0.019547071
  vertex -0.45903343 -0.24552523 -0.024078514
 endloop
endfacet
facet normal 0.24491994 -0.9683741 -0.047601536
 outer loop
  vertex 0.15241523 -0.49834102 -8.278034e-08
  vertex 0.10283534 -0.5108807 -3.3293954e-08
  vertex 0.102829695 -0.5084195 -0.050098013
 endloop
endfacet
facet normal 0.24491863 -0.96837443 -0.04760018
 outer loop
  vertex 0.15241523 -0.49834102 -8.278034e-08
  vertex 0.102829695 -0.5084195 -0.050098013
  vertex 0.15240973 -0.49593973 -0.048880074
 endloop
endfacet
facet normal -0.8562786 -0.5158968 -0.025247704
 outer loop
  vertex -0.43263873 -0.2905132 2.0422235e-07
  vertex -0.45903072 -0.24670812 1.693361e-07
  vertex -0.45903343 -0.24552523 -0.024078514
 endloop
endfacet
facet normal -0.8562785 -0.5158969 -0.025247946
 outer loop
  vertex -0.43263873 -0.2905132 2.0422235e-07
  vertex -0.45903343 -0.24552523 -0.024078514
  vertex -0.43264192 -0.28911906 -0.028378034
 endloop
endfacet
facet normal 0.3386789 -0.93976676 -0.04620534
 outer loop
  vertex 0.20052724 -0.48100212 -1.12312094e-07
  vertex 0.15241523 -0.49834102 -8.278034e-08
  vertex 0.15240973 -0.49593973 -0.048880074
 endloop
endfacet
facet normal 0.33867937 -0.93976665 -0.04620584
 outer loop
  vertex 0.20052724 -0.48100212 -1.12312094e-07
  vertex 0.15240973 -0.49593973 -0.048880074
  vertex 0.20052192 -0.47868377 -0.047191378
 endloop
endfacet
facet normal -0.8014996 -0.5972794 -0.02925217
 outer loop
  vertex -0.4020802 -0.3315202 1.15253556e-07
  vertex -0.43263873 -0.2905132 2.0422235e-07
  vertex -0.43264192 -0.28911906 -0.028378034
 endloop
endfacet
facet normal -0.8014996 -0.5972794 -0.029252201
 outer loop
  vertex -0.4020802 -0.3315202 1.15253556e-07
  vertex -0.43264192 -0.28911906 -0.028378034
  vertex -0.40208387 -0.32992825 -0.03240435
 endloop
endfacet
facet normal 0.42920044 -0.9021189 -0.04436653
 outer loop
  vertex 0.24670804 -0.45903072 -1.178343e-07
  vertex 0.20052724 -0.48100212 -1.12312094e-07
  vertex 0.20052192 -0.47868377 -0.047191378
 endloop
endfacet
facet normal 0.4292004 -0.9021189 -0.04436654
 outer loop
  vertex 0.24670804 -0.45903072 -1.178343e-07
  vertex 0.20052192 -0.47868377 -0.047191378
  vertex 0.24670295 -0.45681766 -0.045048162
 endloop
endfacet
facet normal -0.7390121 -0.6728847 -0.032973554
 outer loop
  vertex -0.3676494 -0.36933467 4.8140123e-08
  vertex -0.4020802 -0.3315202 1.15253556e-07
  vertex -0.40208387 -0.32992825 -0.03240435
 endloop
endfacet
facet normal -0.73901224 -0.6728846 -0.032973297
 outer loop
  vertex -0.3676494 -0.36933467 4.8140123e-08
  vertex -0.40208387 -0.32992825 -0.03240435
  vertex -0.3676535 -0.36756027 -0.036118586
 endloop
endfacet
facet normal 0.5156018 -0.8557934 -0.04210045
 outer loop
  vertex 0.29051298 -0.43263894 -6.4237284e-08
  vertex 0.24670804 -0.45903072 -1.178343e-07
  vertex 0.24670295 -0.45681766 -0.045048162
 endloop
endfacet
facet normal 0.5156016 -0.8557935 -0.042100172
 outer loop
  vertex 0.29051298 -0.43263894 -6.4237284e-08
  vertex 0.24670295 -0.45681766 -0.045048162
  vertex 0.2905082 -0.43055248 -0.042471092
 endloop
endfacet
facet normal -0.66941816 -0.7419946 -0.036376305
 outer loop
  vertex -0.32967797 -0.40359202 9.23071e-08
  vertex -0.3676494 -0.36933467 4.8140123e-08
  vertex -0.3676535 -0.36756027 -0.036118586
 endloop
endfacet
facet normal -0.669418 -0.7419948 -0.036376644
 outer loop
  vertex -0.32967797 -0.40359202 9.23071e-08
  vertex -0.3676535 -0.36756027 -0.036118586
  vertex -0.3296824 -0.40165225 -0.03948485
 endloop
endfacet
facet normal 0.597072 -0.8012181 -0.03942822
 outer loop
  vertex 0.3315201 -0.4020802 -1.2220313e-07
  vertex 0.29051298 -0.43263894 -6.4237284e-08
  vertex 0.2905082 -0.43055248 -0.042471092
 endloop
endfacet
facet normal 0.59707224 -0.801218 -0.03942852
 outer loop
  vertex 0.3315201 -0.4020802 -1.2220313e-07
  vertex 0.2905082 -0.43055248 -0.042471092
  vertex 0.33151567 -0.40014043 -0.039485063
 endloop
endfacet
facet normal -0.5934012 -0.8039406 -0.039428387
 outer loop
  vertex -0.28853157 -0.43396282 8.8699124e-08
  vertex -0.32967797 -0.40359202 9.23071e-08
  vertex -0.3296824 -0.40165225 -0.03948485
 endloop
endfacet
facet normal -0.59340113 -0.80394053 -0.039428316
 outer loop
  vertex -0.28853157 -0.43396282 8.8699124e-08
  vertex -0.3296824 -0.40165225 -0.03948485
  vertex -0.28853634 -0.43187636 -0.04247093
 endloop
endfacet
facet normal 0.6728041 -0.7389257 -0.03637681
 outer loop
  vertex 0.3693345 -0.36764959 -2.2557896e-07
  vertex 0.3315201 -0.4020802 -1.2220313e-07
  vertex 0.33151567 -0.40014043 -0.039485063
 endloop
endfacet
facet normal 0.67280436 -0.7389255 -0.036377296
 outer loop
  vertex 0.3693345 -0.36764959 -2.2557896e-07
  vertex 0.33151567 -0.40014043 -0.039485063
  vertex 0.3693304 -0.36587518 -0.03611886
 endloop
endfacet
facet normal -0.5116839 -0.8581418 -0.042100217
 outer loop
  vertex -0.24460642 -0.46015406 1.3064805e-07
  vertex -0.28853157 -0.43396282 8.8699124e-08
  vertex -0.28853634 -0.43187636 -0.04247093
 endloop
endfacet
facet normal -0.511684 -0.85814166 -0.042099897
 outer loop
  vertex -0.24460642 -0.46015406 1.3064805e-07
  vertex -0.28853634 -0.43187636 -0.04247093
  vertex -0.2446115 -0.457941 -0.04504792
 endloop
endfacet
facet normal 0.85861754 -0.50702614 -0.075501285
 outer loop
  vertex 0.46015134 -0.24342361 -0.024078872
  vertex 0.4339595 -0.28713763 -0.028378354
  vertex 0.43394998 -0.28296867 -0.05648329
 endloop
endfacet
facet normal 0.8586177 -0.50702566 -0.07550206
 outer loop
  vertex 0.46015134 -0.24342361 -0.024078872
  vertex 0.43394998 -0.28296867 -0.05648329
  vertex 0.46014324 -0.23988627 -0.047925673
 endloop
endfacet
facet normal -0.2405096 -0.9601529 -0.1423431
 outer loop
  vertex -0.10050373 -0.50888443 -0.05009794
  vertex -0.15014024 -0.4966315 -0.04887993
  vertex -0.15015668 -0.4894507 -0.097289175
 endloop
endfacet
facet normal -0.24050951 -0.96015286 -0.14234318
 outer loop
  vertex -0.10050373 -0.50888443 -0.05009794
  vertex -0.15015668 -0.4894507 -0.097289175
  vertex -0.100520566 -0.5015247 -0.09971344
 endloop
endfacet
facet normal 0.90475607 -0.42127538 -0.062797904
 outer loop
  vertex 0.48191172 -0.19736522 -0.019547416
  vertex 0.46015134 -0.24342361 -0.024078872
  vertex 0.46014324 -0.23988627 -0.047925673
 endloop
endfacet
facet normal 0.9047558 -0.4212762 -0.06279644
 outer loop
  vertex 0.48191172 -0.19736522 -0.019547416
  vertex 0.46014324 -0.23988627 -0.047925673
  vertex 0.48190516 -0.1944936 -0.038906414
 endloop
endfacet
facet normal -0.14431854 -0.9788282 -0.14514606
 outer loop
  vertex -0.04989924 -0.5162365 -0.050833527
  vertex -0.10050373 -0.50888443 -0.05009794
  vertex -0.100520566 -0.5015247 -0.09971344
 endloop
endfacet
facet normal -0.14431834 -0.97882825 -0.14514625
 outer loop
  vertex -0.04989924 -0.5162365 -0.050833527
  vertex -0.100520566 -0.5015247 -0.09971344
  vertex -0.049916334 -0.5087687 -0.101177454
 endloop
endfacet
facet normal -0.988816 -0.14757405 -0.02155765
 outer loop
  vertex -0.5108817 -0.102345966 -0.009964911
  vertex -0.51850075 -0.05201923 -0.005006467
  vertex -0.5185024 -0.051283717 -0.009964915
 endloop
endfacet
facet normal -0.98881614 -0.14757407 -0.021556132
 outer loop
  vertex -0.5108817 -0.102345966 -0.009964911
  vertex -0.5185024 -0.051283717 -0.009964915
  vertex -0.51088506 -0.100882016 -0.01983406
 endloop
endfacet
facet normal 0.94217473 -0.33144853 -0.049484525
 outer loop
  vertex 0.49903104 -0.14940652 -0.014827809
  vertex 0.48191172 -0.19736522 -0.019547416
  vertex 0.48190516 -0.1944936 -0.038906414
 endloop
endfacet
facet normal 0.94217473 -0.33144835 -0.049484998
 outer loop
  vertex 0.49903104 -0.14940652 -0.014827809
  vertex 0.48190516 -0.1944936 -0.038906414
  vertex 0.49902606 -0.14722824 -0.029512608
 endloop
endfacet
facet normal -0.04675081 -0.9880972 -0.1465543
 outer loop
  vertex 0.0011858038 -0.51861703 -0.051079527
  vertex -0.04989924 -0.5162365 -0.050833527
  vertex -0.049916334 -0.5087687 -0.101177454
 endloop
endfacet
facet normal -0.046749912 -0.9880972 -0.14655522
 outer loop
  vertex 0.0011858038 -0.51861703 -0.051079527
  vertex -0.049916334 -0.5087687 -0.101177454
  vertex 0.0011686276 -0.51111305 -0.10166705
 endloop
endfacet
facet normal -0.96940935 -0.24284029 -0.03569408
 outer loop
  vertex -0.4983426 -0.15168694 -0.014827431
  vertex -0.5108817 -0.102345966 -0.009964911
  vertex -0.51088506 -0.100882016 -0.01983406
 endloop
endfacet
facet normal -0.96940935 -0.24284022 -0.03569334
 outer loop
  vertex -0.4983426 -0.15168694 -0.014827431
  vertex -0.51088506 -0.100882016 -0.01983406
  vertex -0.49834758 -0.14950866 -0.029512227
 endloop
endfacet
facet normal 0.9705098 -0.23840429 -0.03569282
 outer loop
  vertex 0.5113444 -0.10000868 -0.009965297
  vertex 0.49903104 -0.14940652 -0.014827809
  vertex 0.49902606 -0.14722824 -0.029512608
 endloop
endfacet
facet normal 0.97050977 -0.23840453 -0.035692196
 outer loop
  vertex 0.5113444 -0.10000868 -0.009965297
  vertex 0.49902606 -0.14722824 -0.029512608
  vertex 0.51134104 -0.09854473 -0.019834446
 endloop
endfacet
facet normal 0.051267765 -0.9878731 -0.14655526
 outer loop
  vertex 0.052259363 -0.51600295 -0.050833564
  vertex 0.0011858038 -0.51861703 -0.051079527
  vertex 0.0011686276 -0.51111305 -0.10166705
 endloop
endfacet
facet normal 0.051266856 -0.98787326 -0.14655435
 outer loop
  vertex 0.052259363 -0.51600295 -0.050833564
  vertex 0.0011686276 -0.51111305 -0.10166705
  vertex 0.052242268 -0.50853515 -0.1011775
 endloop
endfacet
facet normal -0.9406494 -0.3357527 -0.049485356
 outer loop
  vertex -0.48100418 -0.1995669 -0.019547071
  vertex -0.4983426 -0.15168694 -0.014827431
  vertex -0.49834758 -0.14950866 -0.029512227
 endloop
endfacet
facet normal -0.9406494 -0.33575264 -0.0494853
 outer loop
  vertex -0.48100418 -0.1995669 -0.019547071
  vertex -0.49834758 -0.14950866 -0.029512227
  vertex -0.48101074 -0.19669528 -0.038906068
 endloop
endfacet
facet normal 0.9894805 -0.14305155 -0.021554343
 outer loop
  vertex 0.5187332 -0.049647626 -0.005006858
  vertex 0.5113444 -0.10000868 -0.009965297
  vertex 0.51134104 -0.09854473 -0.019834446
 endloop
endfacet
facet normal 0.9894805 -0.14305201 -0.02155271
 outer loop
  vertex 0.5187332 -0.049647626 -0.005006858
  vertex 0.51134104 -0.09854473 -0.019834446
  vertex 0.51873153 -0.04891211 -0.009965304
 endloop
endfacet
facet normal 0.14879403 -0.9781579 -0.14514633
 outer loop
  vertex 0.102829695 -0.5084195 -0.050098013
  vertex 0.052259363 -0.51600295 -0.050833564
  vertex 0.052242268 -0.50853515 -0.1011775
 endloop
endfacet
facet normal 0.1487938 -0.97815794 -0.14514612
 outer loop
  vertex 0.102829695 -0.5084195 -0.050098013
  vertex 0.052242268 -0.50853515 -0.1011775
  vertex 0.10281286 -0.5010598 -0.09971351
 endloop
endfacet
facet normal -0.90282005 -0.4254087 -0.06279725
 outer loop
  vertex -0.45903343 -0.24552523 -0.024078514
  vertex -0.48100418 -0.1995669 -0.019547071
  vertex -0.48101074 -0.19669528 -0.038906068
 endloop
endfacet
facet normal -0.9028201 -0.4254085 -0.06279657
 outer loop
  vertex -0.45903343 -0.24552523 -0.024078514
  vertex -0.48101074 -0.19669528 -0.038906068
  vertex -0.45904154 -0.24198788 -0.047925305
 endloop
endfacet
facet normal 0.24489728 -0.95904315 -0.14234333
 outer loop
  vertex 0.15240973 -0.49593973 -0.048880074
  vertex 0.102829695 -0.5084195 -0.050098013
  vertex 0.10281286 -0.5010598 -0.09971351
 endloop
endfacet
facet normal 0.24489723 -0.95904315 -0.14234328
 outer loop
  vertex 0.15240973 -0.49593973 -0.048880074
  vertex 0.10281286 -0.5010598 -0.09971351
  vertex 0.1523933 -0.48875892 -0.097289324
 endloop
endfacet
facet normal -0.8562898 -0.51094747 -0.07550092
 outer loop
  vertex -0.43264192 -0.28911906 -0.028378034
  vertex -0.45903343 -0.24552523 -0.024078514
  vertex -0.45904154 -0.24198788 -0.047925305
 endloop
endfacet
facet normal -0.8562898 -0.51094747 -0.07550101
 outer loop
  vertex -0.43264192 -0.28911906 -0.028378034
  vertex -0.45904154 -0.24198788 -0.047925305
  vertex -0.43265146 -0.2849501 -0.05648297
 endloop
endfacet
facet normal 0.33865863 -0.9307088 -0.13817212
 outer loop
  vertex 0.20052192 -0.47868377 -0.047191378
  vertex 0.15240973 -0.49593973 -0.048880074
  vertex 0.1523933 -0.48875892 -0.097289324
 endloop
endfacet
facet normal 0.33865833 -0.93070894 -0.13817179
 outer loop
  vertex 0.20052192 -0.47868377 -0.047191378
  vertex 0.1523933 -0.48875892 -0.097289324
  vertex 0.20050605 -0.47175106 -0.093928166
 endloop
endfacet
facet normal -0.8015128 -0.59154487 -0.08747508
 outer loop
  vertex -0.40208387 -0.32992825 -0.03240435
  vertex -0.43264192 -0.28911906 -0.028378034
  vertex -0.43265146 -0.2849501 -0.05648297
 endloop
endfacet
facet normal -0.80151266 -0.591545 -0.0874755
 outer loop
  vertex -0.40208387 -0.32992825 -0.03240435
  vertex -0.43265146 -0.2849501 -0.05648297
  vertex -0.40209475 -0.3251678 -0.06449674
 endloop
endfacet
facet normal 0.42918056 -0.89342165 -0.13267152
 outer loop
  vertex 0.24670295 -0.45681766 -0.045048162
  vertex 0.20052192 -0.47868377 -0.047191378
  vertex 0.20050605 -0.47175106 -0.093928166
 endloop
endfacet
facet normal 0.4291814 -0.8934211 -0.13267252
 outer loop
  vertex 0.24670295 -0.45681766 -0.045048162
  vertex 0.20050605 -0.47175106 -0.093928166
  vertex 0.2466878 -0.45019975 -0.08966237
 endloop
endfacet
facet normal -0.7390271 -0.6664206 -0.09860339
 outer loop
  vertex -0.3676535 -0.36756027 -0.036118586
  vertex -0.40208387 -0.32992825 -0.03240435
  vertex -0.40209475 -0.3251678 -0.06449674
 endloop
endfacet
facet normal -0.739027 -0.6664206 -0.09860353
 outer loop
  vertex -0.3676535 -0.36756027 -0.036118586
  vertex -0.40209475 -0.3251678 -0.06449674
  vertex -0.36766562 -0.36225417 -0.07188937
 endloop
endfacet
facet normal 0.5155828 -0.8475403 -0.12589607
 outer loop
  vertex 0.2905082 -0.43055248 -0.042471092
  vertex 0.24670295 -0.45681766 -0.045048162
  vertex 0.2466878 -0.45019975 -0.08966237
 endloop
endfacet
facet normal 0.5155826 -0.84754044 -0.12589586
 outer loop
  vertex 0.2905082 -0.43055248 -0.042471092
  vertex 0.2466878 -0.45019975 -0.08966237
  vertex 0.2904939 -0.4243132 -0.08453309
 endloop
endfacet
facet normal -0.66943425 -0.73486376 -0.10877974
 outer loop
  vertex -0.3296824 -0.40165225 -0.03948485
  vertex -0.3676535 -0.36756027 -0.036118586
  vertex -0.36766562 -0.36225417 -0.07188937
 endloop
endfacet
facet normal -0.66943455 -0.73486364 -0.10877926
 outer loop
  vertex -0.3296824 -0.40165225 -0.03948485
  vertex -0.36766562 -0.36225417 -0.07188937
  vertex -0.3296957 -0.3958516 -0.07858953
 endloop
endfacet
facet normal 0.5970545 -0.7934887 -0.117905736
 outer loop
  vertex 0.33151567 -0.40014043 -0.039485063
  vertex 0.2905082 -0.43055248 -0.042471092
  vertex 0.2904939 -0.4243132 -0.08453309
 endloop
endfacet
facet normal 0.5970542 -0.79348886 -0.11790539
 outer loop
  vertex 0.33151567 -0.40014043 -0.039485063
  vertex 0.2904939 -0.4243132 -0.08453309
  vertex 0.33150238 -0.39433983 -0.07858974
 endloop
endfacet
facet normal -0.59341884 -0.7962113 -0.117905155
 outer loop
  vertex -0.28853634 -0.43187636 -0.04247093
  vertex -0.3296824 -0.40165225 -0.03948485
  vertex -0.3296957 -0.3958516 -0.07858953
 endloop
endfacet
facet normal -0.59341913 -0.7962111 -0.11790469
 outer loop
  vertex -0.28853634 -0.43187636 -0.04247093
  vertex -0.3296957 -0.3958516 -0.07858953
  vertex -0.28855065 -0.42563707 -0.08453293
 endloop
endfacet
facet normal 0.6727879 -0.7317946 -0.108779676
 outer loop
  vertex 0.3693304 -0.36587518 -0.03611886
  vertex 0.33151567 -0.40014043 -0.039485063
  vertex 0.33150238 -0.39433983 -0.07858974
 endloop
endfacet
facet normal 0.6727879 -0.7317946 -0.10877965
 outer loop
  vertex 0.3693304 -0.36587518 -0.03611886
  vertex 0.33150238 -0.39433983 -0.07858974
  vertex 0.36931828 -0.3605691 -0.07188964
 endloop
endfacet
facet normal -0.5117029 -0.8498887 -0.12589477
 outer loop
  vertex -0.2446115 -0.457941 -0.04504792
  vertex -0.28853634 -0.43187636 -0.04247093
  vertex -0.28855065 -0.42563707 -0.08453293
 endloop
endfacet
facet normal -0.51170236 -0.8498889 -0.12589553
 outer loop
  vertex -0.2446115 -0.457941 -0.04504792
  vertex -0.28855065 -0.42563707 -0.08453293
  vertex -0.24462666 -0.4513231 -0.08966212
 endloop
endfacet
facet normal 0.7420667 -0.66303414 -0.09860348
 outer loop
  vertex 0.40358835 -0.3280861 -0.032404646
  vertex 0.3693304 -0.36587518 -0.03611886
  vertex 0.36931828 -0.3605691 -0.07188964
 endloop
endfacet
facet normal 0.74206656 -0.66303444 -0.09860314
 outer loop
  vertex 0.40358835 -0.3280861 -0.032404646
  vertex 0.36931828 -0.3605691 -0.07188964
  vertex 0.40357748 -0.32332566 -0.06449704
 endloop
endfacet
facet normal -0.42508772 -0.89537615 -0.13267234
 outer loop
  vertex -0.1983309 -0.47959554 -0.047191206
  vertex -0.2446115 -0.457941 -0.04504792
  vertex -0.24462666 -0.4513231 -0.08966212
 endloop
endfacet
facet normal -0.42508852 -0.89537597 -0.13267136
 outer loop
  vertex -0.1983309 -0.47959554 -0.047191206
  vertex -0.24462666 -0.4513231 -0.08966212
  vertex -0.19834676 -0.47266284 -0.09392798
 endloop
endfacet
facet normal 0.8042089 -0.5878742 -0.087475255
 outer loop
  vertex 0.4339595 -0.28713763 -0.028378354
  vertex 0.40358835 -0.3280861 -0.032404646
  vertex 0.40357748 -0.32332566 -0.06449704
 endloop
endfacet
facet normal 0.804209 -0.58787405 -0.08747544
 outer loop
  vertex 0.4339595 -0.28713763 -0.028378354
  vertex 0.40357748 -0.32332566 -0.06449704
  vertex 0.43394998 -0.28296867 -0.05648329
 endloop
endfacet
facet normal -0.33440202 -0.9322467 -0.13817139
 outer loop
  vertex -0.15014024 -0.4966315 -0.04887993
  vertex -0.1983309 -0.47959554 -0.047191206
  vertex -0.19834676 -0.47266284 -0.09392798
 endloop
endfacet
facet normal -0.33440173 -0.93224674 -0.13817175
 outer loop
  vertex -0.15014024 -0.4966315 -0.04887993
  vertex -0.19834676 -0.47266284 -0.09392798
  vertex -0.15015668 -0.4894507 -0.097289175
 endloop
endfacet
facet normal -0.98882246 -0.14476241 -0.03569129
 outer loop
  vertex -0.51088506 -0.100882016 -0.01983406
  vertex -0.5185024 -0.051283717 -0.009964915
  vertex -0.5185052 -0.050065733 -0.014827394
 endloop
endfacet
facet normal -0.9888225 -0.1447621 -0.035694577
 outer loop
  vertex -0.51088506 -0.100882016 -0.01983406
  vertex -0.5185052 -0.050065733 -0.014827394
  vertex -0.5108906 -0.098457776 -0.029512195
 endloop
endfacet
facet normal 0.94216 -0.3249915 -0.081945896
 outer loop
  vertex 0.49902606 -0.14722824 -0.029512608
  vertex 0.48190516 -0.1944936 -0.038906414
  vertex 0.48189428 -0.18973829 -0.057890728
 endloop
endfacet
facet normal 0.94216007 -0.32499132 -0.08194609
 outer loop
  vertex 0.49902606 -0.14722824 -0.029512608
  vertex 0.48189428 -0.18973829 -0.057890728
  vertex 0.4990178 -0.14362109 -0.043913186
 endloop
endfacet
facet normal -0.046793703 -0.9689753 -0.24268743
 outer loop
  vertex 0.0011686276 -0.51111305 -0.10166705
  vertex -0.049916334 -0.5087687 -0.101177454
  vertex -0.049944628 -0.49640232 -0.150547
 endloop
endfacet
facet normal -0.04679294 -0.9689751 -0.24268821
 outer loop
  vertex 0.0011686276 -0.51111305 -0.10166705
  vertex -0.049944628 -0.49640232 -0.150547
  vertex 0.001140197 -0.49868682 -0.15127546
 endloop
endfacet
facet normal -0.9694201 -0.2381831 -0.05910636
 outer loop
  vertex -0.49834758 -0.14950866 -0.029512227
  vertex -0.51088506 -0.100882016 -0.01983406
  vertex -0.5108906 -0.098457776 -0.029512195
 endloop
endfacet
facet normal -0.9694201 -0.2381831 -0.059105985
 outer loop
  vertex -0.49834758 -0.14950866 -0.029512227
  vertex -0.5108906 -0.098457776 -0.029512195
  vertex -0.49835584 -0.1459015 -0.0439128
 endloop
endfacet
facet normal 0.97049916 -0.23374707 -0.059106886
 outer loop
  vertex 0.51134104 -0.09854473 -0.019834446
  vertex 0.49902606 -0.14722824 -0.029512608
  vertex 0.4990178 -0.14362109 -0.043913186
 endloop
endfacet
facet normal 0.97049916 -0.23374736 -0.059106335
 outer loop
  vertex 0.51134104 -0.09854473 -0.019834446
  vertex 0.4990178 -0.14362109 -0.043913186
  vertex 0.5113355 -0.09612049 -0.029512582
 endloop
endfacet
facet normal 0.05122313 -0.968751 -0.24268822
 outer loop
  vertex 0.052242268 -0.50853515 -0.1011775
  vertex 0.0011686276 -0.51111305 -0.10166705
  vertex 0.001140197 -0.49868682 -0.15127546
 endloop
endfacet
facet normal 0.05122357 -0.9687509 -0.24268867
 outer loop
  vertex 0.052242268 -0.50853515 -0.1011775
  vertex 0.001140197 -0.49868682 -0.15127546
  vertex 0.052213974 -0.49616873 -0.15054703
 endloop
endfacet
facet normal -0.9406642 -0.32929608 -0.081945084
 outer loop
  vertex -0.48101074 -0.19669528 -0.038906068
  vertex -0.49834758 -0.14950866 -0.029512227
  vertex -0.49835584 -0.1459015 -0.0439128
 endloop
endfacet
facet normal -0.94066405 -0.32929605 -0.08194533
 outer loop
  vertex -0.48101074 -0.19669528 -0.038906068
  vertex -0.49835584 -0.1459015 -0.0439128
  vertex -0.4810216 -0.19193996 -0.057890378
 endloop
endfacet
facet normal 0.989474 -0.14023905 -0.03569468
 outer loop
  vertex 0.51873153 -0.04891211 -0.009965304
  vertex 0.51134104 -0.09854473 -0.019834446
  vertex 0.5113355 -0.09612049 -0.029512582
 endloop
endfacet
facet normal 0.9894741 -0.14023778 -0.035697766
 outer loop
  vertex 0.51873153 -0.04891211 -0.009965304
  vertex 0.5113355 -0.09612049 -0.029512582
  vertex 0.51872873 -0.047694128 -0.014827781
 endloop
endfacet
facet normal 0.1487506 -0.95921934 -0.24035703
 outer loop
  vertex 0.10281286 -0.5010598 -0.09971351
  vertex 0.052242268 -0.50853515 -0.1011775
  vertex 0.052213974 -0.49616873 -0.15054703
 endloop
endfacet
facet normal 0.1487498 -0.95921963 -0.24035627
 outer loop
  vertex 0.10281286 -0.5010598 -0.09971351
  vertex 0.052213974 -0.49616873 -0.15054703
  vertex 0.10278498 -0.48887232 -0.14836875
 endloop
endfacet
facet normal -0.9028389 -0.41721475 -0.10398945
 outer loop
  vertex -0.45904154 -0.24198788 -0.047925305
  vertex -0.48101074 -0.19669528 -0.038906068
  vertex -0.4810216 -0.19193996 -0.057890378
 endloop
endfacet
facet normal -0.9028388 -0.4172148 -0.10398988
 outer loop
  vertex -0.45904154 -0.24198788 -0.047925305
  vertex -0.4810216 -0.19193996 -0.057890378
  vertex -0.45905492 -0.23613021 -0.07131054
 endloop
endfacet
facet normal 0.24485469 -0.9404704 -0.23571491
 outer loop
  vertex 0.1523933 -0.48875892 -0.097289324
  vertex 0.10281286 -0.5010598 -0.09971351
  vertex 0.10278498 -0.48887232 -0.14836875
 endloop
endfacet
facet normal 0.24485542 -0.94047004 -0.23571563
 outer loop
  vertex 0.1523933 -0.48875892 -0.097289324
  vertex 0.10278498 -0.48887232 -0.14836875
  vertex 0.15236609 -0.47686774 -0.14476164
 endloop
endfacet
facet normal -0.85631233 -0.5010961 -0.1250276
 outer loop
  vertex -0.43265146 -0.2849501 -0.05648297
  vertex -0.45904154 -0.24198788 -0.047925305
  vertex -0.45905492 -0.23613021 -0.07131054
 endloop
endfacet
facet normal -0.8563126 -0.5010959 -0.12502642
 outer loop
  vertex -0.43265146 -0.2849501 -0.05648297
  vertex -0.45905492 -0.23613021 -0.07131054
  vertex -0.43266726 -0.2780465 -0.084043935
 endloop
endfacet
facet normal 0.33861706 -0.9126802 -0.2288084
 outer loop
  vertex 0.20050605 -0.47175106 -0.093928166
  vertex 0.1523933 -0.48875892 -0.097289324
  vertex 0.15236609 -0.47686774 -0.14476164
 endloop
endfacet
facet normal 0.33861703 -0.9126802 -0.22880839
 outer loop
  vertex 0.20050605 -0.47175106 -0.093928166
  vertex 0.15236609 -0.47686774 -0.14476164
  vertex 0.20047978 -0.4602707 -0.13976038
 endloop
endfacet
facet normal -0.80153877 -0.5801315 -0.14485508
 outer loop
  vertex -0.40209475 -0.3251678 -0.06449674
  vertex -0.43265146 -0.2849501 -0.05648297
  vertex -0.43266726 -0.2780465 -0.084043935
 endloop
endfacet
facet normal -0.8015387 -0.58013153 -0.1448553
 outer loop
  vertex -0.40209475 -0.3251678 -0.06449674
  vertex -0.43266726 -0.2780465 -0.084043935
  vertex -0.4021128 -0.31728467 -0.09596798
 endloop
endfacet
facet normal 0.42914182 -0.8761103 -0.21970001
 outer loop
  vertex 0.2466878 -0.45019975 -0.08966237
  vertex 0.20050605 -0.47175106 -0.093928166
  vertex 0.20047978 -0.4602707 -0.13976038
 endloop
endfacet
facet normal 0.42914107 -0.87611073 -0.21969928
 outer loop
  vertex 0.2466878 -0.45019975 -0.08966237
  vertex 0.20047978 -0.4602707 -0.13976038
  vertex 0.24666274 -0.4392408 -0.13341309
 endloop
endfacet
facet normal -0.73905647 -0.6535551 -0.16328283
 outer loop
  vertex -0.36766562 -0.36225417 -0.07188937
  vertex -0.40209475 -0.3251678 -0.06449674
  vertex -0.4021128 -0.31728467 -0.09596798
 endloop
endfacet
facet normal -0.7390565 -0.6535551 -0.16328287
 outer loop
  vertex -0.36766562 -0.36225417 -0.07188937
  vertex -0.4021128 -0.31728467 -0.09596798
  vertex -0.36768574 -0.3534675 -0.10696783
 endloop
endfacet
facet normal 0.5155452 -0.83111393 -0.20847769
 outer loop
  vertex 0.2904939 -0.4243132 -0.08453309
  vertex 0.2466878 -0.45019975 -0.08966237
  vertex 0.24666274 -0.4392408 -0.13341309
 endloop
endfacet
facet normal 0.5155451 -0.8311139 -0.20847766
 outer loop
  vertex 0.2904939 -0.4243132 -0.08453309
  vertex 0.24666274 -0.4392408 -0.13341309
  vertex 0.29047027 -0.41398117 -0.125781
 endloop
endfacet
facet normal -0.6694669 -0.72067034 -0.18013422
 outer loop
  vertex -0.3296957 -0.3958516 -0.07858953
  vertex -0.36766562 -0.36225417 -0.07188937
  vertex -0.36768574 -0.3534675 -0.10696783
 endloop
endfacet
facet normal -0.6694669 -0.72067034 -0.18013428
 outer loop
  vertex -0.3296957 -0.3958516 -0.07858953
  vertex -0.36768574 -0.3534675 -0.10696783
  vertex -0.32971767 -0.38624603 -0.11693734
 endloop
endfacet
facet normal 0.59701896 -0.7781049 -0.19524634
 outer loop
  vertex 0.33150238 -0.39433983 -0.07858974
  vertex 0.2904939 -0.4243132 -0.08453309
  vertex 0.29047027 -0.41398117 -0.125781
 endloop
endfacet
facet normal 0.5970189 -0.778105 -0.19524623
 outer loop
  vertex 0.33150238 -0.39433983 -0.07858974
  vertex 0.29047027 -0.41398117 -0.125781
  vertex 0.3314804 -0.38473424 -0.116937555
 endloop
endfacet
facet normal -0.59345436 -0.780827 -0.19524625
 outer loop
  vertex -0.28855065 -0.42563707 -0.08453293
  vertex -0.3296957 -0.3958516 -0.07858953
  vertex -0.32971767 -0.38624603 -0.11693734
 endloop
endfacet
facet normal -0.59345436 -0.780827 -0.19524622
 outer loop
  vertex -0.28855065 -0.42563707 -0.08453293
  vertex -0.32971767 -0.38624603 -0.11693734
  vertex -0.28857428 -0.41530505 -0.12578082
 endloop
endfacet
facet normal 0.67275536 -0.7176014 -0.18013434
 outer loop
  vertex 0.36931828 -0.3605691 -0.07188964
  vertex 0.33150238 -0.39433983 -0.07858974
  vertex 0.3314804 -0.38473424 -0.116937555
 endloop
endfacet
facet normal 0.6727559 -0.71760076 -0.18013507
 outer loop
  vertex 0.36931828 -0.3605691 -0.07188964
  vertex 0.3314804 -0.38473424 -0.116937555
  vertex 0.36929816 -0.3517824 -0.1069681
 endloop
endfacet
facet normal -0.51173985 -0.83346236 -0.20847744
 outer loop
  vertex -0.24462666 -0.4513231 -0.08966212
  vertex -0.28855065 -0.42563707 -0.08453293
  vertex -0.28857428 -0.41530505 -0.12578082
 endloop
endfacet
facet normal -0.51173985 -0.83346236 -0.20847742
 outer loop
  vertex -0.24462666 -0.4513231 -0.08966212
  vertex -0.28857428 -0.41530505 -0.12578082
  vertex -0.24465172 -0.44036415 -0.13341284
 endloop
endfacet
facet normal 0.7420372 -0.65016866 -0.16328396
 outer loop
  vertex 0.40357748 -0.32332566 -0.06449704
  vertex 0.36931828 -0.3605691 -0.07188964
  vertex 0.36929816 -0.3517824 -0.1069681
 endloop
endfacet
facet normal 0.7420374 -0.65016824 -0.16328442
 outer loop
  vertex 0.40357748 -0.32332566 -0.06449704
  vertex 0.36929816 -0.3517824 -0.1069681
  vertex 0.40355942 -0.31544253 -0.095968276
 endloop
endfacet
facet normal -0.42512825 -0.87806505 -0.21969938
 outer loop
  vertex -0.19834676 -0.47266284 -0.09392798
  vertex -0.24462666 -0.4513231 -0.08966212
  vertex -0.24465172 -0.44036415 -0.13341284
 endloop
endfacet
facet normal -0.42512816 -0.87806505 -0.2196995
 outer loop
  vertex -0.19834676 -0.47266284 -0.09392798
  vertex -0.24465172 -0.44036415 -0.13341284
  vertex -0.19837303 -0.4611825 -0.13976017
 endloop
endfacet
facet normal 0.8041829 -0.57646006 -0.14485717
 outer loop
  vertex 0.43394998 -0.28296867 -0.05648329
  vertex 0.40357748 -0.32332566 -0.06449704
  vertex 0.40355942 -0.31544253 -0.095968276
 endloop
endfacet
facet normal 0.8041824 -0.57646114 -0.14485593
 outer loop
  vertex 0.43394998 -0.28296867 -0.05648329
  vertex 0.40355942 -0.31544253 -0.095968276
  vertex 0.43393418 -0.27606505 -0.08404426
 endloop
endfacet
facet normal -0.3344429 -0.91421837 -0.22880739
 outer loop
  vertex -0.15015668 -0.4894507 -0.097289175
  vertex -0.19834676 -0.47266284 -0.09392798
  vertex -0.19837303 -0.4611825 -0.13976017
 endloop
endfacet
facet normal -0.33444244 -0.9142183 -0.2288079
 outer loop
  vertex -0.15015668 -0.4894507 -0.097289175
  vertex -0.19837303 -0.4611825 -0.13976017
  vertex -0.15018389 -0.4775595 -0.14476149
 endloop
endfacet
facet normal 0.85859513 -0.49717453 -0.12502697
 outer loop
  vertex 0.46014324 -0.23988627 -0.047925673
  vertex 0.43394998 -0.28296867 -0.05648329
  vertex 0.43393418 -0.27606505 -0.08404426
 endloop
endfacet
facet normal 0.85859513 -0.49717486 -0.1250266
 outer loop
  vertex 0.46014324 -0.23988627 -0.047925673
  vertex 0.43393418 -0.27606505 -0.08404426
  vertex 0.46012986 -0.2340286 -0.071310915
 endloop
endfacet
facet normal -0.24055205 -0.94158006 -0.2357155
 outer loop
  vertex -0.100520566 -0.5015247 -0.09971344
  vertex -0.15015668 -0.4894507 -0.097289175
  vertex -0.15018389 -0.4775595 -0.14476149
 endloop
endfacet
facet normal -0.24055266 -0.94158006 -0.23571476
 outer loop
  vertex -0.100520566 -0.5015247 -0.09971344
  vertex -0.15018389 -0.4775595 -0.14476149
  vertex -0.100548446 -0.48933724 -0.14836866
 endloop
endfacet
facet normal 0.90473706 -0.4130825 -0.1039891
 outer loop
  vertex 0.48190516 -0.1944936 -0.038906414
  vertex 0.46014324 -0.23988627 -0.047925673
  vertex 0.46012986 -0.2340286 -0.071310915
 endloop
endfacet
facet normal 0.9047373 -0.41308188 -0.10398993
 outer loop
  vertex 0.48190516 -0.1944936 -0.038906414
  vertex 0.46012986 -0.2340286 -0.071310915
  vertex 0.48189428 -0.18973829 -0.057890728
 endloop
endfacet
facet normal -0.14436182 -0.9598898 -0.24035624
 outer loop
  vertex -0.049916334 -0.5087687 -0.101177454
  vertex -0.100520566 -0.5015247 -0.09971344
  vertex -0.100548446 -0.48933724 -0.14836866
 endloop
endfacet
facet normal -0.1443623 -0.9598899 -0.24035577
 outer loop
  vertex -0.049916334 -0.5087687 -0.101177454
  vertex -0.100548446 -0.48933724 -0.14836866
  vertex -0.049944628 -0.49640232 -0.150547
 endloop
endfacet
facet normal -0.9406861 -0.3196889 -0.11361604
 outer loop
  vertex -0.4810216 -0.19193996 -0.057890378
  vertex -0.49835584 -0.1459015 -0.0439128
  vertex -0.49836728 -0.14090022 -0.057890467
 endloop
endfacet
facet normal -0.9406861 -0.3196889 -0.11361642
 outer loop
  vertex -0.4810216 -0.19193996 -0.057890378
  vertex -0.49836728 -0.14090022 -0.057890467
  vertex -0.4810367 -0.18534677 -0.07631717
 endloop
endfacet
facet normal 0.9894645 -0.13605377 -0.049490694
 outer loop
  vertex 0.51872873 -0.047694128 -0.014827781
  vertex 0.5113355 -0.09612049 -0.029512582
  vertex 0.5113278 -0.0927593 -0.038906496
 endloop
endfacet
facet normal 0.9894646 -0.1360527 -0.049492598
 outer loop
  vertex 0.51872873 -0.047694128 -0.014827781
  vertex 0.5113278 -0.0927593 -0.038906496
  vertex 0.51872486 -0.0460054 -0.01954746
 endloop
endfacet
facet normal 0.14868541 -0.93104 -0.3332524
 outer loop
  vertex 0.10278498 -0.48887232 -0.14836875
  vertex 0.052213974 -0.49616873 -0.15054703
  vertex 0.052174754 -0.47902283 -0.19846672
 endloop
endfacet
facet normal 0.1486856 -0.9310399 -0.3332526
 outer loop
  vertex 0.10278498 -0.48887232 -0.14836875
  vertex 0.052174754 -0.47902283 -0.19846672
  vertex 0.10274632 -0.4719745 -0.19559509
 endloop
endfacet
facet normal -0.9028667 -0.4050232 -0.14418043
 outer loop
  vertex -0.45905492 -0.23613021 -0.07131054
  vertex -0.4810216 -0.19193996 -0.057890378
  vertex -0.4810367 -0.18534677 -0.07631717
 endloop
endfacet
facet normal -0.9028668 -0.40502316 -0.14417975
 outer loop
  vertex -0.45905492 -0.23613021 -0.07131054
  vertex -0.4810367 -0.18534677 -0.07631717
  vertex -0.4590735 -0.22800857 -0.09400902
 endloop
endfacet
facet normal 0.24479218 -0.91283476 -0.32681736
 outer loop
  vertex 0.15236609 -0.47686774 -0.14476164
  vertex 0.10278498 -0.48887232 -0.14836875
  vertex 0.10274632 -0.4719745 -0.19559509
 endloop
endfacet
facet normal 0.24479152 -0.9128351 -0.32681674
 outer loop
  vertex 0.15236609 -0.47686774 -0.14476164
  vertex 0.10274632 -0.4719745 -0.19559509
  vertex 0.15232837 -0.46038076 -0.19083981
 endloop
endfacet
facet normal -0.85634613 -0.48643768 -0.17334847
 outer loop
  vertex -0.43266726 -0.2780465 -0.084043935
  vertex -0.45905492 -0.23613021 -0.07131054
  vertex -0.4590735 -0.22800857 -0.09400902
 endloop
endfacet
facet normal -0.8563461 -0.4864377 -0.17334865
 outer loop
  vertex -0.43266726 -0.2780465 -0.084043935
  vertex -0.4590735 -0.22800857 -0.09400902
  vertex -0.43268916 -0.26847464 -0.11079552
 endloop
endfacet
facet normal 0.3385557 -0.8858549 -0.31723985
 outer loop
  vertex 0.20047978 -0.4602707 -0.13976038
  vertex 0.15236609 -0.47686774 -0.14476164
  vertex 0.15232837 -0.46038076 -0.19083981
 endloop
endfacet
facet normal 0.33855587 -0.8858548 -0.31724003
 outer loop
  vertex 0.20047978 -0.4602707 -0.13976038
  vertex 0.15232837 -0.46038076 -0.19083981
  vertex 0.20044337 -0.4443533 -0.18424663
 endloop
endfacet
facet normal -0.8015777 -0.56314844 -0.20084096
 outer loop
  vertex -0.4021128 -0.31728467 -0.09596798
  vertex -0.43266726 -0.2780465 -0.084043935
  vertex -0.43268916 -0.26847464 -0.11079552
 endloop
endfacet
facet normal -0.8015773 -0.5631486 -0.20084214
 outer loop
  vertex -0.4021128 -0.31728467 -0.09596798
  vertex -0.43268916 -0.26847464 -0.11079552
  vertex -0.4021378 -0.3063548 -0.126515
 endloop
endfacet
facet normal 0.4290822 -0.8503531 -0.30461144
 outer loop
  vertex 0.24666274 -0.4392408 -0.13341309
  vertex 0.20047978 -0.4602707 -0.13976038
  vertex 0.20044337 -0.4443533 -0.18424663
 endloop
endfacet
facet normal 0.42908257 -0.8503528 -0.30461177
 outer loop
  vertex 0.24666274 -0.4392408 -0.13341309
  vertex 0.20044337 -0.4443533 -0.18424663
  vertex 0.24662797 -0.4240463 -0.17587897
 endloop
endfacet
facet normal -0.7391003 -0.63441133 -0.22639136
 outer loop
  vertex -0.36768574 -0.3534675 -0.10696783
  vertex -0.4021128 -0.31728467 -0.09596798
  vertex -0.4021378 -0.3063548 -0.126515
 endloop
endfacet
facet normal -0.7391006 -0.6344112 -0.22639057
 outer loop
  vertex -0.36768574 -0.3534675 -0.10696783
  vertex -0.4021378 -0.3063548 -0.126515
  vertex -0.3677136 -0.34128484 -0.14101614
 endloop
endfacet
facet normal 0.51548934 -0.8066716 -0.28905314
 outer loop
  vertex 0.29047027 -0.41398117 -0.125781
  vertex 0.24666274 -0.4392408 -0.13341309
  vertex 0.24662797 -0.4240463 -0.17587897
 endloop
endfacet
facet normal 0.5154892 -0.8066716 -0.28905308
 outer loop
  vertex 0.29047027 -0.41398117 -0.125781
  vertex 0.24662797 -0.4240463 -0.17587897
  vertex 0.29043752 -0.39965588 -0.16581756
 endloop
endfacet
facet normal -0.66951513 -0.6995512 -0.24975495
 outer loop
  vertex -0.32971767 -0.38624603 -0.11693734
  vertex -0.36768574 -0.3534675 -0.10696783
  vertex -0.3677136 -0.34128484 -0.14101614
 endloop
endfacet
facet normal -0.6695154 -0.69955117 -0.24975446
 outer loop
  vertex -0.32971767 -0.38624603 -0.11693734
  vertex -0.3677136 -0.34128484 -0.14101614
  vertex -0.32974815 -0.37292793 -0.154159
 endloop
endfacet
facet normal 0.59696645 -0.75521404 -0.27070788
 outer loop
  vertex 0.3314804 -0.38473424 -0.116937555
  vertex 0.29047027 -0.41398117 -0.125781
  vertex 0.29043752 -0.39965588 -0.16581756
 endloop
endfacet
facet normal 0.59696674 -0.75521374 -0.2707082
 outer loop
  vertex 0.3314804 -0.38473424 -0.116937555
  vertex 0.29043752 -0.39965588 -0.16581756
  vertex 0.33144993 -0.37141615 -0.1541592
 endloop
endfacet
facet normal -0.5935068 -0.75793624 -0.2707072
 outer loop
  vertex -0.28857428 -0.41530505 -0.12578082
  vertex -0.32971767 -0.38624603 -0.11693734
  vertex -0.32974815 -0.37292793 -0.154159
 endloop
endfacet
facet normal -0.5935063 -0.7579363 -0.27070794
 outer loop
  vertex -0.28857428 -0.41530505 -0.12578082
  vertex -0.32974815 -0.37292793 -0.154159
  vertex -0.28860703 -0.40097976 -0.1658174
 endloop
endfacet
facet normal 0.6727074 -0.69648176 -0.24975567
 outer loop
  vertex 0.36929816 -0.3517824 -0.1069681
  vertex 0.3314804 -0.38473424 -0.116937555
  vertex 0.33144993 -0.37141615 -0.1541592
 endloop
endfacet
facet normal 0.67270714 -0.6964822 -0.24975526
 outer loop
  vertex 0.36929816 -0.3517824 -0.1069681
  vertex 0.33144993 -0.37141615 -0.1541592
  vertex 0.3692703 -0.33959976 -0.14101641
 endloop
endfacet
facet normal -0.51179564 -0.8090201 -0.28905287
 outer loop
  vertex -0.24465172 -0.44036415 -0.13341284
  vertex -0.28857428 -0.41530505 -0.12578082
  vertex -0.28860703 -0.40097976 -0.1658174
 endloop
endfacet
facet normal -0.5117959 -0.8090201 -0.2890526
 outer loop
  vertex -0.24465172 -0.44036415 -0.13341284
  vertex -0.28860703 -0.40097976 -0.1658174
  vertex -0.24468648 -0.42516965 -0.1758787
 endloop
endfacet
facet normal 0.7419936 -0.631025 -0.22639109
 outer loop
  vertex 0.40355942 -0.31544253 -0.095968276
  vertex 0.36929816 -0.3517824 -0.1069681
  vertex 0.3692703 -0.33959976 -0.14101641
 endloop
endfacet
facet normal 0.7419934 -0.6310254 -0.22639078
 outer loop
  vertex 0.40355942 -0.31544253 -0.095968276
  vertex 0.3692703 -0.33959976 -0.14101641
  vertex 0.40353444 -0.30451265 -0.1265153
 endloop
endfacet
facet normal -0.42518714 -0.85230714 -0.3046118
 outer loop
  vertex -0.19837303 -0.4611825 -0.13976017
  vertex -0.24465172 -0.44036415 -0.13341284
  vertex -0.24468648 -0.42516965 -0.1758787
 endloop
endfacet
facet normal -0.4251873 -0.8523072 -0.30461168
 outer loop
  vertex -0.19837303 -0.4611825 -0.13976017
  vertex -0.24468648 -0.42516965 -0.1758787
  vertex -0.19840944 -0.4452651 -0.1842464
 endloop
endfacet
facet normal 0.8041436 -0.55947804 -0.20084156
 outer loop
  vertex 0.43393418 -0.27606505 -0.08404426
  vertex 0.40355942 -0.31544253 -0.095968276
  vertex 0.40353444 -0.30451265 -0.1265153
 endloop
endfacet
facet normal 0.8041439 -0.5594774 -0.20084223
 outer loop
  vertex 0.43393418 -0.27606505 -0.08404426
  vertex 0.40353444 -0.30451265 -0.1265153
  vertex 0.43391228 -0.2664932 -0.11079585
 endloop
endfacet
facet normal -0.3345038 -0.8873929 -0.31723973
 outer loop
  vertex -0.15018389 -0.4775595 -0.14476149
  vertex -0.19837303 -0.4611825 -0.13976017
  vertex -0.19840944 -0.4452651 -0.1842464
 endloop
endfacet
facet normal -0.3345042 -0.88739294 -0.31723928
 outer loop
  vertex -0.15018389 -0.4775595 -0.14476149
  vertex -0.19840944 -0.4452651 -0.1842464
  vertex -0.1502216 -0.46107253 -0.19083966
 endloop
endfacet
facet normal 0.85856146 -0.48251626 -0.17334972
 outer loop
  vertex 0.46012986 -0.2340286 -0.071310915
  vertex 0.43393418 -0.27606505 -0.08404426
  vertex 0.43391228 -0.2664932 -0.11079585
 endloop
endfacet
facet normal 0.85856164 -0.482516 -0.17335014
 outer loop
  vertex 0.46012986 -0.2340286 -0.071310915
  vertex 0.43391228 -0.2664932 -0.11079585
  vertex 0.46011126 -0.22590695 -0.09400941
 endloop
endfacet
facet normal -0.24061589 -0.9139447 -0.32681647
 outer loop
  vertex -0.100548446 -0.48933724 -0.14836866
  vertex -0.15018389 -0.4775595 -0.14476149
  vertex -0.1502216 -0.46107253 -0.19083966
 endloop
endfacet
facet normal -0.24061526 -0.91394466 -0.32681718
 outer loop
  vertex -0.100548446 -0.48933724 -0.14836866
  vertex -0.1502216 -0.46107253 -0.19083966
  vertex -0.1005871 -0.4724394 -0.195595
 endloop
endfacet
facet normal 0.9047093 -0.40088978 -0.1441817
 outer loop
  vertex 0.48189428 -0.18973829 -0.057890728
  vertex 0.46012986 -0.2340286 -0.071310915
  vertex 0.46011126 -0.22590695 -0.09400941
 endloop
endfacet
facet normal 0.9047091 -0.40089047 -0.14418103
 outer loop
  vertex 0.48189428 -0.18973829 -0.057890728
  vertex 0.46011126 -0.22590695 -0.09400941
  vertex 0.4818792 -0.18314509 -0.07631752
 endloop
endfacet
facet normal -0.14442687 -0.9317101 -0.33325246
 outer loop
  vertex -0.049944628 -0.49640232 -0.150547
  vertex -0.100548446 -0.48933724 -0.14836866
  vertex -0.1005871 -0.4724394 -0.195595
 endloop
endfacet
facet normal -0.14442705 -0.93171006 -0.33325228
 outer loop
  vertex -0.049944628 -0.49640232 -0.150547
  vertex -0.1005871 -0.4724394 -0.195595
  vertex -0.049983848 -0.47925642 -0.19846669
 endloop
endfacet
facet normal -0.988832 -0.14057794 -0.049487785
 outer loop
  vertex -0.5108906 -0.098457776 -0.029512195
  vertex -0.5185052 -0.050065733 -0.014827394
  vertex -0.5185091 -0.048377007 -0.019547077
 endloop
endfacet
facet normal -0.988832 -0.14057752 -0.049489982
 outer loop
  vertex -0.5108906 -0.098457776 -0.029512195
  vertex -0.5185091 -0.048377007 -0.019547077
  vertex -0.5108983 -0.09509659 -0.03890611
 endloop
endfacet
facet normal 0.942138 -0.31538412 -0.11361702
 outer loop
  vertex 0.4990178 -0.14362109 -0.043913186
  vertex 0.48189428 -0.18973829 -0.057890728
  vertex 0.4818792 -0.18314509 -0.07631752
 endloop
endfacet
facet normal 0.942138 -0.31538397 -0.11361721
 outer loop
  vertex 0.4990178 -0.14362109 -0.043913186
  vertex 0.4818792 -0.18314509 -0.07631752
  vertex 0.49900636 -0.13861981 -0.05789086
 endloop
endfacet
facet normal -0.046858057 -0.94052225 -0.33648515
 outer loop
  vertex 0.001140197 -0.49868682 -0.15127546
  vertex -0.049944628 -0.49640232 -0.150547
  vertex -0.049983848 -0.47925642 -0.19846669
 endloop
endfacet
facet normal -0.04685855 -0.9405224 -0.33648467
 outer loop
  vertex 0.001140197 -0.49868682 -0.15127546
  vertex -0.049983848 -0.47925642 -0.19846669
  vertex 0.0011007861 -0.48145798 -0.19942702
 endloop
endfacet
facet normal -0.96943593 -0.23125343 -0.081950106
 outer loop
  vertex -0.49835584 -0.1459015 -0.0439128
  vertex -0.5108906 -0.098457776 -0.029512195
  vertex -0.5108983 -0.09509659 -0.03890611
 endloop
endfacet
facet normal -0.969436 -0.23125345 -0.08194985
 outer loop
  vertex -0.49835584 -0.1459015 -0.0439128
  vertex -0.5108983 -0.09509659 -0.03890611
  vertex -0.49836728 -0.14090022 -0.057890467
 endloop
endfacet
facet normal 0.97048336 -0.22681753 -0.08195095
 outer loop
  vertex 0.5113355 -0.09612049 -0.029512582
  vertex 0.4990178 -0.14362109 -0.043913186
  vertex 0.49900636 -0.13861981 -0.05789086
 endloop
endfacet
facet normal 0.9704833 -0.22681752 -0.081951
 outer loop
  vertex 0.5113355 -0.09612049 -0.029512582
  vertex 0.49900636 -0.13861981 -0.05789086
  vertex 0.5113278 -0.0927593 -0.038906496
 endloop
endfacet
facet normal 0.05115851 -0.9402983 -0.3364847
 outer loop
  vertex 0.052213974 -0.49616873 -0.15054703
  vertex 0.001140197 -0.49868682 -0.15127546
  vertex 0.0011007861 -0.48145798 -0.19942702
 endloop
endfacet
facet normal 0.051159 -0.9402981 -0.33648515
 outer loop
  vertex 0.052213974 -0.49616873 -0.15054703
  vertex 0.0011007861 -0.48145798 -0.19942702
  vertex 0.052174754 -0.47902283 -0.19846672
 endloop
endfacet
facet normal -0.8563903 -0.46711352 -0.22000143
 outer loop
  vertex -0.43268916 -0.26847464 -0.11079552
  vertex -0.4590735 -0.22800857 -0.09400902
  vertex -0.4590971 -0.21770121 -0.11580214
 endloop
endfacet
facet normal -0.85639036 -0.46711352 -0.22000124
 outer loop
  vertex -0.43268916 -0.26847464 -0.11079552
  vertex -0.4590971 -0.21770121 -0.11580214
  vertex -0.43271694 -0.2563268 -0.13648008
 endloop
endfacet
facet normal 0.338475 -0.8504904 -0.40261754
 outer loop
  vertex 0.20044337 -0.4443533 -0.18424663
  vertex 0.15232837 -0.46038076 -0.19083981
  vertex 0.15228051 -0.4394567 -0.2350801
 endloop
endfacet
facet normal 0.33847505 -0.85049033 -0.4026176
 outer loop
  vertex 0.20044337 -0.4443533 -0.18424663
  vertex 0.15228051 -0.4394567 -0.2350801
  vertex 0.20039716 -0.42415214 -0.22695848
 endloop
endfacet
facet normal -0.80162853 -0.5407601 -0.2548926
 outer loop
  vertex -0.4021378 -0.3063548 -0.126515
  vertex -0.43268916 -0.26847464 -0.11079552
  vertex -0.43271694 -0.2563268 -0.13648008
 endloop
endfacet
facet normal -0.80162877 -0.54076004 -0.25489184
 outer loop
  vertex -0.4021378 -0.3063548 -0.126515
  vertex -0.43271694 -0.2563268 -0.13648008
  vertex -0.40216953 -0.29248345 -0.15584362
 endloop
endfacet
facet normal 0.42900488 -0.81639624 -0.3865903
 outer loop
  vertex 0.24662797 -0.4240463 -0.17587897
  vertex 0.20044337 -0.4443533 -0.18424663
  vertex 0.20039716 -0.42415214 -0.22695848
 endloop
endfacet
facet normal 0.4290047 -0.8163963 -0.38659012
 outer loop
  vertex 0.24662797 -0.4240463 -0.17587897
  vertex 0.20039716 -0.42415214 -0.22695848
  vertex 0.24658386 -0.4047626 -0.21665102
 endloop
endfacet
facet normal -0.7391584 -0.60917467 -0.287317
 outer loop
  vertex -0.3677136 -0.34128484 -0.14101614
  vertex -0.4021378 -0.3063548 -0.126515
  vertex -0.40216953 -0.29248345 -0.15584362
 endloop
endfacet
facet normal -0.73915786 -0.60917467 -0.28731835
 outer loop
  vertex -0.3677136 -0.34128484 -0.14101614
  vertex -0.40216953 -0.29248345 -0.15584362
  vertex -0.36774895 -0.32582355 -0.17370637
 endloop
endfacet
facet normal 0.51541567 -0.77444947 -0.36684427
 outer loop
  vertex 0.29043752 -0.39965588 -0.16581756
  vertex 0.24662797 -0.4240463 -0.17587897
  vertex 0.24658386 -0.4047626 -0.21665102
 endloop
endfacet
facet normal 0.5154156 -0.7744496 -0.36684424
 outer loop
  vertex 0.29043752 -0.39965588 -0.16581756
  vertex 0.24658386 -0.4047626 -0.21665102
  vertex 0.29039592 -0.38147533 -0.2042572
 endloop
endfacet
facet normal -0.66957897 -0.6717096 -0.3169704
 outer loop
  vertex -0.32974815 -0.37292793 -0.154159
  vertex -0.3677136 -0.34128484 -0.14101614
  vertex -0.36774895 -0.32582355 -0.17370637
 endloop
endfacet
facet normal -0.6695789 -0.67170954 -0.3169704
 outer loop
  vertex -0.32974815 -0.37292793 -0.154159
  vertex -0.36774895 -0.32582355 -0.17370637
  vertex -0.3297868 -0.3560256 -0.189896
 endloop
endfacet
facet normal 0.59689766 -0.7250368 -0.34356198
 outer loop
  vertex 0.33144993 -0.37141615 -0.1541592
  vertex 0.29043752 -0.39965588 -0.16581756
  vertex 0.29039592 -0.38147533 -0.2042572
 endloop
endfacet
facet normal 0.5968977 -0.72503674 -0.34356204
 outer loop
  vertex 0.33144993 -0.37141615 -0.1541592
  vertex 0.29039592 -0.38147533 -0.2042572
  vertex 0.33141127 -0.35451382 -0.18989621
 endloop
endfacet
facet normal -0.59357536 -0.72775924 -0.3435621
 outer loop
  vertex -0.28860703 -0.40097976 -0.1658174
  vertex -0.32974815 -0.37292793 -0.154159
  vertex -0.3297868 -0.3560256 -0.189896
 endloop
endfacet
facet normal -0.59357595 -0.7277592 -0.34356102
 outer loop
  vertex -0.28860703 -0.40097976 -0.1658174
  vertex -0.3297868 -0.3560256 -0.189896
  vertex -0.28864864 -0.3827992 -0.20425704
 endloop
endfacet
facet normal 0.67264336 -0.6686408 -0.31697074
 outer loop
  vertex 0.3692703 -0.33959976 -0.14101641
  vertex 0.33144993 -0.37141615 -0.1541592
  vertex 0.33141127 -0.35451382 -0.18989621
 endloop
endfacet
facet normal 0.6726431 -0.6686412 -0.3169704
 outer loop
  vertex 0.3692703 -0.33959976 -0.14101641
  vertex 0.33141127 -0.35451382 -0.18989621
  vertex 0.36923495 -0.32413846 -0.17370664
 endloop
endfacet
facet normal -0.5118695 -0.7767983 -0.36684322
 outer loop
  vertex -0.24468648 -0.42516965 -0.1758787
  vertex -0.28860703 -0.40097976 -0.1658174
  vertex -0.28864864 -0.3827992 -0.20425704
 endloop
endfacet
facet normal -0.51186913 -0.7767983 -0.36684373
 outer loop
  vertex -0.24468648 -0.42516965 -0.1758787
  vertex -0.28864864 -0.3827992 -0.20425704
  vertex -0.24473059 -0.40588593 -0.21665077
 endloop
endfacet
facet normal 0.7419358 -0.60578835 -0.28731823
 outer loop
  vertex 0.40353444 -0.30451265 -0.1265153
  vertex 0.3692703 -0.33959976 -0.14101641
  vertex 0.36923495 -0.32413846 -0.17370664
 endloop
endfacet
facet normal 0.7419358 -0.60578835 -0.28731823
 outer loop
  vertex 0.40353444 -0.30451265 -0.1265153
  vertex 0.36923495 -0.32413846 -0.17370664
  vertex 0.4035027 -0.2906413 -0.15584391
 endloop
endfacet
facet normal -0.42526504 -0.8183506 -0.38659015
 outer loop
  vertex -0.19840944 -0.4452651 -0.1842464
  vertex -0.24468648 -0.42516965 -0.1758787
  vertex -0.24473059 -0.40588593 -0.21665077
 endloop
endfacet
facet normal -0.42526516 -0.8183506 -0.38659
 outer loop
  vertex -0.19840944 -0.4452651 -0.1842464
  vertex -0.24473059 -0.40588593 -0.21665077
  vertex -0.19845565 -0.42506397 -0.22695825
 endloop
endfacet
facet normal 0.8040928 -0.53708875 -0.25489318
 outer loop
  vertex 0.43391228 -0.2664932 -0.11079585
  vertex 0.40353444 -0.30451265 -0.1265153
  vertex 0.4035027 -0.2906413 -0.15584391
 endloop
endfacet
facet normal 0.8040926 -0.5370891 -0.25489277
 outer loop
  vertex 0.43391228 -0.2664932 -0.11079585
  vertex 0.4035027 -0.2906413 -0.15584391
  vertex 0.4338845 -0.25434536 -0.1364804
 endloop
endfacet
facet normal -0.334585 -0.8520286 -0.40261653
 outer loop
  vertex -0.1502216 -0.46107253 -0.19083966
  vertex -0.19840944 -0.4452651 -0.1842464
  vertex -0.19845565 -0.42506397 -0.22695825
 endloop
endfacet
facet normal -0.33458474 -0.8520285 -0.4026169
 outer loop
  vertex -0.1502216 -0.46107253 -0.19083966
  vertex -0.19845565 -0.42506397 -0.22695825
  vertex -0.15026946 -0.44014847 -0.23507994
 endloop
endfacet
facet normal 0.8585174 -0.46319246 -0.22000127
 outer loop
  vertex 0.46011126 -0.22590695 -0.09400941
  vertex 0.43391228 -0.2664932 -0.11079585
  vertex 0.4338845 -0.25434536 -0.1364804
 endloop
endfacet
facet normal 0.8585175 -0.46319196 -0.22000167
 outer loop
  vertex 0.46011126 -0.22590695 -0.09400941
  vertex 0.4338845 -0.25434536 -0.1364804
  vertex 0.4600877 -0.2155996 -0.11580253
 endloop
endfacet
facet normal -0.24069858 -0.8775128 -0.41477162
 outer loop
  vertex -0.1005871 -0.4724394 -0.195595
  vertex -0.1502216 -0.46107253 -0.19083966
  vertex -0.15026946 -0.44014847 -0.23507994
 endloop
endfacet
facet normal -0.24069871 -0.8775128 -0.4147715
 outer loop
  vertex -0.1005871 -0.4724394 -0.195595
  vertex -0.15026946 -0.44014847 -0.23507994
  vertex -0.100636154 -0.45099398 -0.24093762
 endloop
endfacet
facet normal 0.9046724 -0.38481796 -0.18298356
 outer loop
  vertex 0.4818792 -0.18314509 -0.07631752
  vertex 0.46011126 -0.22590695 -0.09400941
  vertex 0.4600877 -0.2155996 -0.11580253
 endloop
endfacet
facet normal 0.90467256 -0.38481703 -0.18298443
 outer loop
  vertex 0.4818792 -0.18314509 -0.07631752
  vertex 0.4600877 -0.2155996 -0.11580253
  vertex 0.48186004 -0.17477751 -0.094009325
 endloop
endfacet
facet normal -0.1445121 -0.89456093 -0.42293862
 outer loop
  vertex -0.049983848 -0.47925642 -0.19846669
  vertex -0.1005871 -0.4724394 -0.195595
  vertex -0.100636154 -0.45099398 -0.24093762
 endloop
endfacet
facet normal -0.14451262 -0.894561 -0.42293808
 outer loop
  vertex -0.049983848 -0.47925642 -0.19846669
  vertex -0.100636154 -0.45099398 -0.24093762
  vertex -0.050033618 -0.45749617 -0.24447504
 endloop
endfacet
facet normal -0.98884463 -0.1350595 -0.062811665
 outer loop
  vertex -0.5108983 -0.09509659 -0.03890611
  vertex -0.5185091 -0.048377007 -0.019547077
  vertex -0.518514 -0.046233807 -0.024078505
 endloop
endfacet
facet normal -0.9888447 -0.13506094 -0.062807016
 outer loop
  vertex -0.5108983 -0.09509659 -0.03890611
  vertex -0.518514 -0.046233807 -0.024078505
  vertex -0.51090807 -0.09083083 -0.047925334
 endloop
endfacet
facet normal 0.94210905 -0.3027182 -0.1441952
 outer loop
  vertex 0.49900636 -0.13861981 -0.05789086
  vertex 0.4818792 -0.18314509 -0.07631752
  vertex 0.48186004 -0.17477751 -0.094009325
 endloop
endfacet
facet normal 0.9421088 -0.30271927 -0.14419408
 outer loop
  vertex 0.49900636 -0.13861981 -0.05789086
  vertex 0.48186004 -0.17477751 -0.094009325
  vertex 0.49899185 -0.13227257 -0.071311004
 endloop
endfacet
facet normal -0.04694439 -0.9030129 -0.42704105
 outer loop
  vertex 0.0011007861 -0.48145798 -0.19942702
  vertex -0.049983848 -0.47925642 -0.19846669
  vertex -0.050033618 -0.45749617 -0.24447504
 endloop
endfacet
facet normal -0.04694364 -0.9030125 -0.42704177
 outer loop
  vertex 0.0011007861 -0.48145798 -0.19942702
  vertex -0.050033618 -0.45749617 -0.24447504
  vertex 0.0010507742 -0.4595924 -0.24565797
 endloop
endfacet
facet normal -0.96945685 -0.22211869 -0.1040031
 outer loop
  vertex -0.49836728 -0.14090022 -0.057890467
  vertex -0.5108983 -0.09509659 -0.03890611
  vertex -0.51090807 -0.09083083 -0.047925334
 endloop
endfacet
facet normal -0.9694568 -0.22211821 -0.10400535
 outer loop
  vertex -0.49836728 -0.14090022 -0.057890467
  vertex -0.51090807 -0.09083083 -0.047925334
  vertex -0.4983818 -0.13455299 -0.07131061
 endloop
endfacet
facet normal 0.97046244 -0.21768229 -0.104005314
 outer loop
  vertex 0.5113278 -0.0927593 -0.038906496
  vertex 0.49900636 -0.13861981 -0.05789086
  vertex 0.49899185 -0.13227257 -0.071311004
 endloop
endfacet
facet normal 0.97046256 -0.21768112 -0.10400684
 outer loop
  vertex 0.5113278 -0.0927593 -0.038906496
  vertex 0.49899185 -0.13227257 -0.071311004
  vertex 0.511318 -0.08849354 -0.04792572
 endloop
endfacet
facet normal 0.05107325 -0.9027884 -0.42704177
 outer loop
  vertex 0.052174754 -0.47902283 -0.19846672
  vertex 0.0011007861 -0.48145798 -0.19942702
  vertex 0.0010507742 -0.4595924 -0.24565797
 endloop
endfacet
facet normal 0.051072493 -0.90278864 -0.42704108
 outer loop
  vertex 0.052174754 -0.47902283 -0.19846672
  vertex 0.0010507742 -0.4595924 -0.24565797
  vertex 0.052124985 -0.45726258 -0.24447507
 endloop
endfacet
facet normal -0.9407151 -0.30702347 -0.14419356
 outer loop
  vertex -0.4810367 -0.18534677 -0.07631717
  vertex -0.49836728 -0.14090022 -0.057890467
  vertex -0.4983818 -0.13455299 -0.07131061
 endloop
endfacet
facet normal -0.94071525 -0.3070237 -0.14419214
 outer loop
  vertex -0.4810367 -0.18534677 -0.07631717
  vertex -0.4983818 -0.13455299 -0.07131061
  vertex -0.48105586 -0.17697918 -0.094008975
 endloop
endfacet
facet normal 0.9894518 -0.13053605 -0.06281105
 outer loop
  vertex 0.51872486 -0.0460054 -0.01954746
  vertex 0.5113278 -0.0927593 -0.038906496
  vertex 0.511318 -0.08849354 -0.04792572
 endloop
endfacet
facet normal 0.9894518 -0.13053855 -0.06280725
 outer loop
  vertex 0.51872486 -0.0460054 -0.01954746
  vertex 0.511318 -0.08849354 -0.04792572
  vertex 0.51872 -0.0438622 -0.024078887
 endloop
endfacet
facet normal 0.14860068 -0.893891 -0.42293826
 outer loop
  vertex 0.10274632 -0.4719745 -0.19559509
  vertex 0.052174754 -0.47902283 -0.19846672
  vertex 0.052124985 -0.45726258 -0.24447507
 endloop
endfacet
facet normal 0.14860123 -0.8938906 -0.42293876
 outer loop
  vertex 0.10274632 -0.4719745 -0.19559509
  vertex 0.052124985 -0.45726258 -0.24447507
  vertex 0.10269727 -0.45052907 -0.24093771
 endloop
endfacet
facet normal -0.9029036 -0.38895094 -0.18298173
 outer loop
  vertex -0.4590735 -0.22800857 -0.09400902
  vertex -0.4810367 -0.18534677 -0.07631717
  vertex -0.48105586 -0.17697918 -0.094008975
 endloop
endfacet
facet normal -0.9029034 -0.38895088 -0.182983
 outer loop
  vertex -0.4590735 -0.22800857 -0.09400902
  vertex -0.48105586 -0.17697918 -0.094008975
  vertex -0.4590971 -0.21770121 -0.11580214
 endloop
endfacet
facet normal 0.24470817 -0.8764031 -0.4147717
 outer loop
  vertex 0.15232837 -0.46038076 -0.19083981
  vertex 0.10274632 -0.4719745 -0.19559509
  vertex 0.10269727 -0.45052907 -0.24093771
 endloop
endfacet
facet normal 0.24470828 -0.876403 -0.41477185
 outer loop
  vertex 0.15232837 -0.46038076 -0.19083981
  vertex 0.10269727 -0.45052907 -0.24093771
  vertex 0.15228051 -0.4394567 -0.2350801
 endloop
endfacet
facet normal -0.73922896 -0.57808757 -0.3454784
 outer loop
  vertex -0.36774895 -0.32582355 -0.17370637
  vertex -0.40216953 -0.29248345 -0.15584362
  vertex -0.40220767 -0.27580416 -0.18367137
 endloop
endfacet
facet normal -0.7392291 -0.57808757 -0.34547815
 outer loop
  vertex -0.36774895 -0.32582355 -0.17370637
  vertex -0.40220767 -0.27580416 -0.18367137
  vertex -0.36779147 -0.3072325 -0.20472372
 endloop
endfacet
facet normal 0.5153249 -0.7347578 -0.4411022
 outer loop
  vertex 0.29039592 -0.38147533 -0.2042572
  vertex 0.24658386 -0.4047626 -0.21665102
  vertex 0.24653083 -0.3815754 -0.2553366
 endloop
endfacet
facet normal 0.5153243 -0.7347586 -0.44110164
 outer loop
  vertex 0.29039592 -0.38147533 -0.2042572
  vertex 0.24653083 -0.3815754 -0.2553366
  vertex 0.29034594 -0.3596146 -0.24072976
 endloop
endfacet
facet normal -0.6696573 -0.63741434 -0.38113257
 outer loop
  vertex -0.3297868 -0.3560256 -0.189896
  vertex -0.36774895 -0.32582355 -0.17370637
  vertex -0.36779147 -0.3072325 -0.20472372
 endloop
endfacet
facet normal -0.6696574 -0.6374144 -0.38113236
 outer loop
  vertex -0.3297868 -0.3560256 -0.189896
  vertex -0.36779147 -0.3072325 -0.20472372
  vertex -0.32983327 -0.33570188 -0.22380422
 endloop
endfacet
facet normal 0.59681267 -0.68786466 -0.4131063
 outer loop
  vertex 0.33141127 -0.35451382 -0.18989621
  vertex 0.29039592 -0.38147533 -0.2042572
  vertex 0.29034594 -0.3596146 -0.24072976
 endloop
endfacet
facet normal 0.5968127 -0.6878646 -0.41310632
 outer loop
  vertex 0.33141127 -0.35451382 -0.18989621
  vertex 0.29034594 -0.3596146 -0.24072976
  vertex 0.3313648 -0.3341901 -0.22380443
 endloop
endfacet
facet normal -0.59366095 -0.6905865 -0.4131065
 outer loop
  vertex -0.28864864 -0.3827992 -0.20425704
  vertex -0.3297868 -0.3560256 -0.189896
  vertex -0.32983327 -0.33570188 -0.22380422
 endloop
endfacet
facet normal -0.593661 -0.6905865 -0.41310638
 outer loop
  vertex -0.28864864 -0.3827992 -0.20425704
  vertex -0.32983327 -0.33570188 -0.22380422
  vertex -0.2886986 -0.3609385 -0.2407296
 endloop
endfacet
facet normal 0.67256457 -0.6343461 -0.38113248
 outer loop
  vertex 0.36923495 -0.32413846 -0.17370664
  vertex 0.33141127 -0.35451382 -0.18989621
  vertex 0.3313648 -0.3341901 -0.22380443
 endloop
endfacet
facet normal 0.6725652 -0.634345 -0.3811332
 outer loop
  vertex 0.36923495 -0.32413846 -0.17370664
  vertex 0.3313648 -0.3341901 -0.22380443
  vertex 0.36919242 -0.30554742 -0.20472398
 endloop
endfacet
facet normal -0.5119599 -0.7371069 -0.44110146
 outer loop
  vertex -0.24473059 -0.40588593 -0.21665077
  vertex -0.28864864 -0.3827992 -0.20425704
  vertex -0.2886986 -0.3609385 -0.2407296
 endloop
endfacet
facet normal -0.51195973 -0.73710686 -0.4411017
 outer loop
  vertex -0.24473059 -0.40588593 -0.21665077
  vertex -0.2886986 -0.3609385 -0.2407296
  vertex -0.24478363 -0.38269874 -0.25533637
 endloop
endfacet
facet normal 0.7418647 -0.57470083 -0.34547892
 outer loop
  vertex 0.4035027 -0.2906413 -0.15584391
  vertex 0.36923495 -0.32413846 -0.17370664
  vertex 0.36919242 -0.30554742 -0.20472398
 endloop
endfacet
facet normal 0.7418647 -0.57470095 -0.3454789
 outer loop
  vertex 0.4035027 -0.2906413 -0.15584391
  vertex 0.36919242 -0.30554742 -0.20472398
  vertex 0.40346456 -0.27396202 -0.18367167
 endloop
endfacet
facet normal -0.42536095 -0.7765225 -0.46484512
 outer loop
  vertex -0.19845565 -0.42506397 -0.22695825
  vertex -0.24473059 -0.40588593 -0.21665077
  vertex -0.24478363 -0.38269874 -0.25533637
 endloop
endfacet
facet normal -0.42536062 -0.77652234 -0.4648455
 outer loop
  vertex -0.19845565 -0.42506397 -0.22695825
  vertex -0.24478363 -0.38269874 -0.25533637
  vertex -0.1985112 -0.4007736 -0.26748434
 endloop
endfacet
facet normal 0.8040296 -0.5095098 -0.3064901
 outer loop
  vertex 0.4338845 -0.25434536 -0.1364804
  vertex 0.4035027 -0.2906413 -0.15584391
  vertex 0.40346456 -0.27396202 -0.18367167
 endloop
endfacet
facet normal 0.8040293 -0.50951046 -0.3064896
 outer loop
  vertex 0.4338845 -0.25434536 -0.1364804
  vertex 0.40346456 -0.27396202 -0.18367167
  vertex 0.4338511 -0.2397385 -0.1608506
 endloop
endfacet
facet normal -0.33468434 -0.8084664 -0.4841163
 outer loop
  vertex -0.15026946 -0.44014847 -0.23507994
  vertex -0.19845565 -0.42506397 -0.22695825
  vertex -0.1985112 -0.4007736 -0.26748434
 endloop
endfacet
facet normal -0.33468467 -0.8084664 -0.4841159
 outer loop
  vertex -0.15026946 -0.44014847 -0.23507994
  vertex -0.1985112 -0.4007736 -0.26748434
  vertex -0.150327 -0.4149889 -0.27705628
 endloop
endfacet
facet normal 0.8584631 -0.43938854 -0.26453495
 outer loop
  vertex 0.4600877 -0.2155996 -0.11580253
  vertex 0.4338845 -0.25434536 -0.1364804
  vertex 0.4338511 -0.2397385 -0.1608506
 endloop
endfacet
facet normal 0.85846317 -0.43938822 -0.26453528
 outer loop
  vertex 0.4600877 -0.2155996 -0.11580253
  vertex 0.4338511 -0.2397385 -0.1608506
  vertex 0.46005934 -0.20320578 -0.1364804
 endloop
endfacet
facet normal -0.24080129 -0.8326356 -0.498731
 outer loop
  vertex -0.100636154 -0.45099398 -0.24093762
  vertex -0.15026946 -0.44014847 -0.23507994
  vertex -0.150327 -0.4149889 -0.27705628
 endloop
endfacet
facet normal -0.24080129 -0.8326357 -0.498731
 outer loop
  vertex -0.100636154 -0.45099398 -0.24093762
  vertex -0.150327 -0.4149889 -0.27705628
  vertex -0.10069513 -0.42520747 -0.28395995
 endloop
endfacet
facet normal 0.9046273 -0.36501926 -0.22002359
 outer loop
  vertex 0.48186004 -0.17477751 -0.094009325
  vertex 0.4600877 -0.2155996 -0.11580253
  vertex 0.46005934 -0.20320578 -0.1364804
 endloop
endfacet
facet normal 0.9046273 -0.36501917 -0.22002365
 outer loop
  vertex 0.48186004 -0.17477751 -0.094009325
  vertex 0.46005934 -0.20320578 -0.1364804
  vertex 0.48183703 -0.16471611 -0.11079577
 endloop
endfacet
facet normal -0.14461745 -0.84879994 -0.5085514
 outer loop
  vertex -0.050033618 -0.45749617 -0.24447504
  vertex -0.100636154 -0.45099398 -0.24093762
  vertex -0.10069513 -0.42520747 -0.28395995
 endloop
endfacet
facet normal -0.14461644 -0.84879947 -0.50855225
 outer loop
  vertex -0.050033618 -0.45749617 -0.24447504
  vertex -0.10069513 -0.42520747 -0.28395995
  vertex -0.05009346 -0.43133104 -0.28812894
 endloop
endfacet
facet normal -0.9888603 -0.12826487 -0.0755216
 outer loop
  vertex -0.51090807 -0.09083083 -0.047925334
  vertex -0.518514 -0.046233807 -0.024078505
  vertex -0.5185199 -0.04365677 -0.028378045
 endloop
endfacet
facet normal -0.98886037 -0.12826474 -0.07552193
 outer loop
  vertex -0.51090807 -0.09083083 -0.047925334
  vertex -0.5185199 -0.04365677 -0.028378045
  vertex -0.5109198 -0.08570157 -0.05648301
 endloop
endfacet
facet normal 0.9420732 -0.28711766 -0.17338271
 outer loop
  vertex 0.49899185 -0.13227257 -0.071311004
  vertex 0.48186004 -0.17477751 -0.094009325
  vertex 0.48183703 -0.16471611 -0.11079577
 endloop
endfacet
facet normal 0.9420733 -0.28711694 -0.17338334
 outer loop
  vertex 0.49899185 -0.13227257 -0.071311004
  vertex 0.48183703 -0.16471611 -0.11079577
  vertex 0.49897438 -0.12464047 -0.0840444
 endloop
endfacet
facet normal -0.047049344 -0.8568073 -0.51348567
 outer loop
  vertex 0.0010507742 -0.4595924 -0.24565797
  vertex -0.050033618 -0.45749617 -0.24447504
  vertex -0.05009346 -0.43133104 -0.28812894
 endloop
endfacet
facet normal -0.047050174 -0.8568077 -0.513485
 outer loop
  vertex 0.0010507742 -0.4595924 -0.24565797
  vertex -0.05009346 -0.43133104 -0.28812894
  vertex 0.000990643 -0.4333007 -0.28952312
 endloop
endfacet
facet normal -0.9694824 -0.21086563 -0.12505746
 outer loop
  vertex -0.4983818 -0.13455299 -0.07131061
  vertex -0.51090807 -0.09083083 -0.047925334
  vertex -0.5109198 -0.08570157 -0.05648301
 endloop
endfacet
facet normal -0.9694825 -0.21086551 -0.12505794
 outer loop
  vertex -0.4983818 -0.13455299 -0.07131061
  vertex -0.5109198 -0.08570157 -0.05648301
  vertex -0.49839926 -0.12692091 -0.084043995
 endloop
endfacet
facet normal 0.97043675 -0.20642835 -0.1250593
 outer loop
  vertex 0.511318 -0.08849354 -0.04792572
  vertex 0.49899185 -0.13227257 -0.071311004
  vertex 0.49897438 -0.12464047 -0.0840444
 endloop
endfacet
facet normal 0.97043675 -0.20642811 -0.12505962
 outer loop
  vertex 0.511318 -0.08849354 -0.04792572
  vertex 0.49897438 -0.12464047 -0.0840444
  vertex 0.5113063 -0.08336428 -0.056483395
 endloop
endfacet
facet normal 0.050966855 -0.85658365 -0.51348495
 outer loop
  vertex 0.052124985 -0.45726258 -0.24447507
  vertex 0.0010507742 -0.4595924 -0.24565797
  vertex 0.000990643 -0.4333007 -0.28952312
 endloop
endfacet
facet normal 0.0509674 -0.8565833 -0.5134855
 outer loop
  vertex 0.052124985 -0.45726258 -0.24447507
  vertex 0.000990643 -0.4333007 -0.28952312
  vertex 0.05206514 -0.43109745 -0.288129
 endloop
endfacet
facet normal -0.94075096 -0.291422 -0.17338091
 outer loop
  vertex -0.48105586 -0.17697918 -0.094008975
  vertex -0.4983818 -0.13455299 -0.07131061
  vertex -0.49839926 -0.12692091 -0.084043995
 endloop
endfacet
facet normal -0.9407508 -0.2914218 -0.17338179
 outer loop
  vertex -0.48105586 -0.17697918 -0.094008975
  vertex -0.49839926 -0.12692091 -0.084043995
  vertex -0.48107886 -0.16691779 -0.11079543
 endloop
endfacet
facet normal 0.9894363 -0.123740874 -0.07552491
 outer loop
  vertex 0.51872 -0.0438622 -0.024078887
  vertex 0.511318 -0.08849354 -0.04792572
  vertex 0.5113063 -0.08336428 -0.056483395
 endloop
endfacet
facet normal 0.9894364 -0.123740755 -0.075525105
 outer loop
  vertex 0.51872 -0.0438622 -0.024078887
  vertex 0.5113063 -0.08336428 -0.056483395
  vertex 0.5187141 -0.041285165 -0.028378427
 endloop
endfacet
facet normal 0.14849667 -0.84812945 -0.5085521
 outer loop
  vertex 0.10269727 -0.45052907 -0.24093771
  vertex 0.052124985 -0.45726258 -0.24447507
  vertex 0.05206514 -0.43109745 -0.288129
 endloop
endfacet
facet normal 0.14849627 -0.84812963 -0.50855184
 outer loop
  vertex 0.10269727 -0.45052907 -0.24093771
  vertex 0.05206514 -0.43109745 -0.288129
  vertex 0.10263829 -0.42474255 -0.28396
 endloop
endfacet
facet normal -0.9029486 -0.36915234 -0.22002345
 outer loop
  vertex -0.4590971 -0.21770121 -0.11580214
  vertex -0.48105586 -0.17697918 -0.094008975
  vertex -0.48107886 -0.16691779 -0.11079543
 endloop
endfacet
facet normal -0.9029486 -0.3691524 -0.22002316
 outer loop
  vertex -0.4590971 -0.21770121 -0.11580214
  vertex -0.48107886 -0.16691779 -0.11079543
  vertex -0.45912543 -0.2053074 -0.13648003
 endloop
endfacet
facet normal 0.24460556 -0.8315257 -0.49873158
 outer loop
  vertex 0.15228051 -0.4394567 -0.2350801
  vertex 0.10269727 -0.45052907 -0.24093771
  vertex 0.10263829 -0.42474255 -0.28396
 endloop
endfacet
facet normal 0.24460517 -0.831526 -0.49873123
 outer loop
  vertex 0.15228051 -0.4394567 -0.2350801
  vertex 0.10263829 -0.42474255 -0.28396
  vertex 0.15222298 -0.41429713 -0.27705643
 endloop
endfacet
facet normal -0.8564447 -0.44330987 -0.26453507
 outer loop
  vertex -0.43271694 -0.2563268 -0.13648008
  vertex -0.4590971 -0.21770121 -0.11580214
  vertex -0.45912543 -0.2053074 -0.13648003
 endloop
endfacet
facet normal -0.8564449 -0.44330993 -0.26453435
 outer loop
  vertex -0.43271694 -0.2563268 -0.13648008
  vertex -0.45912543 -0.2053074 -0.13648003
  vertex -0.43275034 -0.24171993 -0.16085027
 endloop
endfacet
facet normal 0.3383754 -0.8069283 -0.4841165
 outer loop
  vertex 0.20039716 -0.42415214 -0.22695848
  vertex 0.15228051 -0.4394567 -0.2350801
  vertex 0.15222298 -0.41429713 -0.27705643
 endloop
endfacet
facet normal 0.3383755 -0.8069282 -0.4841166
 outer loop
  vertex 0.20039716 -0.42415214 -0.22695848
  vertex 0.15222298 -0.41429713 -0.27705643
  vertex 0.20034161 -0.39986178 -0.2674846
 endloop
endfacet
facet normal -0.80169195 -0.5131811 -0.30648848
 outer loop
  vertex -0.40216953 -0.29248345 -0.15584362
  vertex -0.43271694 -0.2563268 -0.13648008
  vertex -0.43275034 -0.24171993 -0.16085027
 endloop
endfacet
facet normal -0.80169165 -0.51318103 -0.30648944
 outer loop
  vertex -0.40216953 -0.29248345 -0.15584362
  vertex -0.43275034 -0.24171993 -0.16085027
  vertex -0.40220767 -0.27580416 -0.18367137
 endloop
endfacet
facet normal 0.42890915 -0.7745683 -0.46484503
 outer loop
  vertex 0.24658386 -0.4047626 -0.21665102
  vertex 0.20039716 -0.42415214 -0.22695848
  vertex 0.20034161 -0.39986178 -0.2674846
 endloop
endfacet
facet normal 0.4289092 -0.7745682 -0.4648451
 outer loop
  vertex 0.24658386 -0.4047626 -0.21665102
  vertex 0.20034161 -0.39986178 -0.2674846
  vertex 0.24653083 -0.3815754 -0.2553366
 endloop
endfacet
facet normal -0.59376127 -0.64677584 -0.47867385
 outer loop
  vertex -0.2886986 -0.3609385 -0.2407296
  vertex -0.32983327 -0.33570188 -0.22380422
  vertex -0.32988715 -0.3121524 -0.25555706
 endloop
endfacet
facet normal -0.5937616 -0.64677596 -0.47867325
 outer loop
  vertex -0.2886986 -0.3609385 -0.2407296
  vertex -0.32988715 -0.3121524 -0.25555706
  vertex -0.28875655 -0.3356081 -0.27488378
 endloop
endfacet
facet normal 0.67247254 -0.59392524 -0.44162586
 outer loop
  vertex 0.36919242 -0.30554742 -0.20472398
  vertex 0.3313648 -0.3341901 -0.22380443
  vertex 0.33131093 -0.3106406 -0.25555727
 endloop
endfacet
facet normal 0.672472 -0.5939263 -0.44162533
 outer loop
  vertex 0.36919242 -0.30554742 -0.20472398
  vertex 0.33131093 -0.3106406 -0.25555727
  vertex 0.36914316 -0.28400567 -0.23376973
 endloop
endfacet
facet normal -0.51206666 -0.69032764 -0.5111119
 outer loop
  vertex -0.24478363 -0.38269874 -0.25533637
  vertex -0.2886986 -0.3609385 -0.2407296
  vertex -0.28875655 -0.3356081 -0.27488378
 endloop
endfacet
facet normal -0.51206654 -0.69032764 -0.51111215
 outer loop
  vertex -0.24478363 -0.38269874 -0.25533637
  vertex -0.28875655 -0.3356081 -0.27488378
  vertex -0.24484506 -0.35583135 -0.29156294
 endloop
endfacet
facet normal 0.74178094 -0.5380628 -0.40031177
 outer loop
  vertex 0.40346456 -0.27396202 -0.18367167
  vertex 0.36919242 -0.30554742 -0.20472398
  vertex 0.36914316 -0.28400567 -0.23376973
 endloop
endfacet
facet normal 0.7417808 -0.538063 -0.40031162
 outer loop
  vertex 0.40346456 -0.27396202 -0.18367167
  vertex 0.36914316 -0.28400567 -0.23376973
  vertex 0.40342036 -0.25463548 -0.20973057
 endloop
endfacet
facet normal -0.4254734 -0.7272252 -0.53862405
 outer loop
  vertex -0.1985112 -0.4007736 -0.26748434
  vertex -0.24478363 -0.38269874 -0.25533637
  vertex -0.24484506 -0.35583135 -0.29156294
 endloop
endfacet
facet normal -0.4254735 -0.72722524 -0.5386239
 outer loop
  vertex -0.1985112 -0.4007736 -0.26748434
  vertex -0.24484506 -0.35583135 -0.29156294
  vertex -0.19857557 -0.37262797 -0.30543444
 endloop
endfacet
facet normal 0.8039551 -0.47700676 -0.35513481
 outer loop
  vertex 0.4338511 -0.2397385 -0.1608506
  vertex 0.40346456 -0.27396202 -0.18367167
  vertex 0.40342036 -0.25463548 -0.20973057
 endloop
endfacet
facet normal 0.80395514 -0.47700644 -0.35513496
 outer loop
  vertex 0.4338511 -0.2397385 -0.1608506
  vertex 0.40342036 -0.25463548 -0.20973057
  vertex 0.43381238 -0.22281325 -0.18367171
 endloop
endfacet
facet normal -0.33480206 -0.7571255 -0.56095326
 outer loop
  vertex -0.150327 -0.4149889 -0.27705628
  vertex -0.1985112 -0.4007736 -0.26748434
  vertex -0.19857557 -0.37262797 -0.30543444
 endloop
endfacet
facet normal -0.33480188 -0.75712544 -0.56095344
 outer loop
  vertex -0.150327 -0.4149889 -0.27705628
  vertex -0.19857557 -0.37262797 -0.30543444
  vertex -0.15039368 -0.38583606 -0.3163644
 endloop
endfacet
facet normal 0.85839903 -0.41133407 -0.30652148
 outer loop
  vertex 0.46005934 -0.20320578 -0.1364804
  vertex 0.4338511 -0.2397385 -0.1608506
  vertex 0.43381238 -0.22281325 -0.18367171
 endloop
endfacet
facet normal 0.8583989 -0.4113346 -0.30652118
 outer loop
  vertex 0.46005934 -0.20320578 -0.1364804
  vertex 0.43381238 -0.22281325 -0.18367171
  vertex 0.4600265 -0.18884487 -0.15584393
 endloop
endfacet
facet normal -0.2409223 -0.7797446 -0.57788825
 outer loop
  vertex -0.10069513 -0.42520747 -0.28395995
  vertex -0.150327 -0.4149889 -0.27705628
  vertex -0.15039368 -0.38583606 -0.3163644
 endloop
endfacet
facet normal -0.24092238 -0.7797446 -0.5778881
 outer loop
  vertex -0.10069513 -0.42520747 -0.28395995
  vertex -0.15039368 -0.38583606 -0.3163644
  vertex -0.10076347 -0.39532822 -0.32424754
 endloop
endfacet
facet normal 0.904574 -0.3416858 -0.2549446
 outer loop
  vertex 0.48183703 -0.16471611 -0.11079577
  vertex 0.46005934 -0.20320578 -0.1364804
  vertex 0.4600265 -0.18884487 -0.15584393
 endloop
endfacet
facet normal 0.90457374 -0.34168652 -0.25494415
 outer loop
  vertex 0.48183703 -0.16471611 -0.11079577
  vertex 0.4600265 -0.18884487 -0.15584393
  vertex 0.4818104 -0.15305783 -0.12651521
 endloop
endfacet
facet normal -0.14473982 -0.79486763 -0.5892672
 outer loop
  vertex -0.05009346 -0.43133104 -0.28812894
  vertex -0.10069513 -0.42520747 -0.28395995
  vertex -0.10076347 -0.39532822 -0.32424754
 endloop
endfacet
facet normal -0.14474005 -0.79486775 -0.589267
 outer loop
  vertex -0.05009346 -0.43133104 -0.28812894
  vertex -0.10076347 -0.39532822 -0.32424754
  vertex -0.050162796 -0.40101314 -0.329008
 endloop
endfacet
facet normal -0.9888786 -0.1202576 -0.08750547
 outer loop
  vertex -0.5109198 -0.08570157 -0.05648301
  vertex -0.5185199 -0.04365677 -0.028378045
  vertex -0.51852673 -0.04067071 -0.032404285
 endloop
endfacet
facet normal -0.9888785 -0.12025522 -0.08751
 outer loop
  vertex -0.5109198 -0.08570157 -0.05648301
  vertex -0.51852673 -0.04067071 -0.032404285
  vertex -0.5109334 -0.07975822 -0.064496726
 endloop
endfacet
facet normal 0.9420313 -0.26873085 -0.20090026
 outer loop
  vertex 0.49897438 -0.12464047 -0.0840444
  vertex 0.48183703 -0.16471611 -0.11079577
  vertex 0.4818104 -0.15305783 -0.12651521
 endloop
endfacet
facet normal 0.94203144 -0.26872927 -0.20090145
 outer loop
  vertex 0.49897438 -0.12464047 -0.0840444
  vertex 0.4818104 -0.15305783 -0.12651521
  vertex 0.49895415 -0.11579706 -0.09596839
 endloop
endfacet
facet normal -0.047174774 -0.80235237 -0.5949834
 outer loop
  vertex 0.000990643 -0.4333007 -0.28952312
  vertex -0.05009346 -0.43133104 -0.28812894
  vertex -0.050162796 -0.40101314 -0.329008
 endloop
endfacet
facet normal -0.04717446 -0.80235213 -0.59498364
 outer loop
  vertex 0.000990643 -0.4333007 -0.28952312
  vertex -0.050162796 -0.40101314 -0.329008
  vertex 0.0009209717 -0.40283608 -0.3306
 endloop
endfacet
facet normal -0.96951294 -0.1976026 -0.14490733
 outer loop
  vertex -0.49839926 -0.12692091 -0.084043995
  vertex -0.5109198 -0.08570157 -0.05648301
  vertex -0.5109334 -0.07975822 -0.064496726
 endloop
endfacet
facet normal -0.9695128 -0.19760285 -0.14490658
 outer loop
  vertex -0.49839926 -0.12692091 -0.084043995
  vertex -0.5109334 -0.07975822 -0.064496726
  vertex -0.4984195 -0.118077494 -0.09596799
 endloop
endfacet
facet normal 0.9704064 -0.19316578 -0.14490801
 outer loop
  vertex 0.5113063 -0.08336428 -0.056483395
  vertex 0.49897438 -0.12464047 -0.0840444
  vertex 0.49895415 -0.11579706 -0.09596839
 endloop
endfacet
facet normal 0.9704065 -0.19316654 -0.14490728
 outer loop
  vertex 0.5113063 -0.08336428 -0.056483395
  vertex 0.49895415 -0.11579706 -0.09596839
  vertex 0.5112927 -0.07742093 -0.0644971
 endloop
endfacet
facet normal 0.05084286 -0.802128 -0.59498376
 outer loop
  vertex 0.05206514 -0.43109745 -0.288129
  vertex 0.000990643 -0.4333007 -0.28952312
  vertex 0.0009209717 -0.40283608 -0.3306
 endloop
endfacet
facet normal 0.050842542 -0.80212826 -0.5949834
 outer loop
  vertex 0.05206514 -0.43109745 -0.288129
  vertex 0.0009209717 -0.40283608 -0.3306
  vertex 0.051995806 -0.40077955 -0.32900807
 endloop
endfacet
facet normal -0.94079286 -0.27303517 -0.20089951
 outer loop
  vertex -0.48107886 -0.16691779 -0.11079543
  vertex -0.49839926 -0.12692091 -0.084043995
  vertex -0.4984195 -0.118077494 -0.09596799
 endloop
endfacet
facet normal -0.94079274 -0.2730347 -0.20090091
 outer loop
  vertex -0.48107886 -0.16691779 -0.11079543
  vertex -0.4984195 -0.118077494 -0.09596799
  vertex -0.4811055 -0.1552595 -0.12651487
 endloop
endfacet
facet normal 0.989418 -0.11573232 -0.08751058
 outer loop
  vertex 0.5187141 -0.041285165 -0.028378427
  vertex 0.5113063 -0.08336428 -0.056483395
  vertex 0.5112927 -0.07742093 -0.0644971
 endloop
endfacet
facet normal 0.9894181 -0.11572845 -0.08751436
 outer loop
  vertex 0.5187141 -0.041285165 -0.028378427
  vertex 0.5112927 -0.07742093 -0.0644971
  vertex 0.5187072 -0.038299106 -0.03240467
 endloop
endfacet
facet normal 0.14837302 -0.7941976 -0.5892671
 outer loop
  vertex 0.10263829 -0.42474255 -0.28396
  vertex 0.05206514 -0.43109745 -0.288129
  vertex 0.051995806 -0.40077955 -0.32900807
 endloop
endfacet
facet normal 0.14837329 -0.79419744 -0.5892673
 outer loop
  vertex 0.10263829 -0.42474255 -0.28396
  vertex 0.051995806 -0.40077955 -0.32900807
  vertex 0.10256995 -0.3948633 -0.3242476
 endloop
endfacet
facet normal -0.90300196 -0.3458185 -0.2549449
 outer loop
  vertex -0.45912543 -0.2053074 -0.13648003
  vertex -0.48107886 -0.16691779 -0.11079543
  vertex -0.4811055 -0.1552595 -0.12651487
 endloop
endfacet
facet normal -0.9030022 -0.34581876 -0.254944
 outer loop
  vertex -0.45912543 -0.2053074 -0.13648003
  vertex -0.4811055 -0.1552595 -0.12651487
  vertex -0.45915827 -0.19094649 -0.15584356
 endloop
endfacet
facet normal 0.24448414 -0.77863497 -0.5778884
 outer loop
  vertex 0.15222298 -0.41429713 -0.27705643
  vertex 0.10263829 -0.42474255 -0.28396
  vertex 0.10256995 -0.3948633 -0.3242476
 endloop
endfacet
facet normal 0.24448432 -0.77863485 -0.5778886
 outer loop
  vertex 0.15222298 -0.41429713 -0.27705643
  vertex 0.10256995 -0.3948633 -0.3242476
  vertex 0.1521563 -0.3851443 -0.31636456
 endloop
endfacet
facet normal -0.85650903 -0.41525578 -0.30652064
 outer loop
  vertex -0.43275034 -0.24171993 -0.16085027
  vertex -0.45912543 -0.2053074 -0.13648003
  vertex -0.45915827 -0.19094649 -0.15584356
 endloop
endfacet
facet normal -0.856509 -0.41525567 -0.3065208
 outer loop
  vertex -0.43275034 -0.24171993 -0.16085027
  vertex -0.45915827 -0.19094649 -0.15584356
  vertex -0.43278906 -0.22479469 -0.18367139
 endloop
endfacet
facet normal 0.3382581 -0.755587 -0.5609543
 outer loop
  vertex 0.20034161 -0.39986178 -0.2674846
  vertex 0.15222298 -0.41429713 -0.27705643
  vertex 0.1521563 -0.3851443 -0.31636456
 endloop
endfacet
facet normal 0.3382583 -0.7555869 -0.56095445
 outer loop
  vertex 0.20034161 -0.39986178 -0.2674846
  vertex 0.1521563 -0.3851443 -0.31636456
  vertex 0.20027724 -0.3717161 -0.3054347
 endloop
endfacet
facet normal -0.80176604 -0.48067775 -0.3551339
 outer loop
  vertex -0.40220767 -0.27580416 -0.18367137
  vertex -0.43275034 -0.24171993 -0.16085027
  vertex -0.43278906 -0.22479469 -0.18367139
 endloop
endfacet
facet normal -0.801766 -0.48067775 -0.35513404
 outer loop
  vertex -0.40220767 -0.27580416 -0.18367137
  vertex -0.43278906 -0.22479469 -0.18367139
  vertex -0.40225187 -0.25647762 -0.20973027
 endloop
endfacet
facet normal 0.42879647 -0.72527075 -0.538624
 outer loop
  vertex 0.24653083 -0.3815754 -0.2553366
  vertex 0.20034161 -0.39986178 -0.2674846
  vertex 0.20027724 -0.3717161 -0.3054347
 endloop
endfacet
facet normal 0.42879605 -0.7252713 -0.5386237
 outer loop
  vertex 0.24653083 -0.3815754 -0.2553366
  vertex 0.20027724 -0.3717161 -0.3054347
  vertex 0.2464694 -0.35470802 -0.29156318
 endloop
endfacet
facet normal -0.7393129 -0.54144937 -0.40031114
 outer loop
  vertex -0.36779147 -0.3072325 -0.20472372
  vertex -0.40220767 -0.27580416 -0.18367137
  vertex -0.40225187 -0.25647762 -0.20973027
 endloop
endfacet
facet normal -0.7393128 -0.54144925 -0.40031135
 outer loop
  vertex -0.36779147 -0.3072325 -0.20472372
  vertex -0.40225187 -0.25647762 -0.20973027
  vertex -0.36784074 -0.28569075 -0.23376946
 endloop
endfacet
facet normal 0.5152174 -0.6879789 -0.5111125
 outer loop
  vertex 0.29034594 -0.3596146 -0.24072976
  vertex 0.24653083 -0.3815754 -0.2553366
  vertex 0.2464694 -0.35470802 -0.29156318
 endloop
endfacet
facet normal 0.5152171 -0.6879794 -0.5111123
 outer loop
  vertex 0.29034594 -0.3596146 -0.24072976
  vertex 0.2464694 -0.35470802 -0.29156318
  vertex 0.290288 -0.33428422 -0.274884
 endloop
endfacet
facet normal -0.6697498 -0.5969949 -0.44162467
 outer loop
  vertex -0.32983327 -0.33570188 -0.22380422
  vertex -0.36779147 -0.3072325 -0.20472372
  vertex -0.36784074 -0.28569075 -0.23376946
 endloop
endfacet
facet normal -0.6697497 -0.5969949 -0.4416248
 outer loop
  vertex -0.32983327 -0.33570188 -0.22380422
  vertex -0.36784074 -0.28569075 -0.23376946
  vertex -0.32988715 -0.3121524 -0.25555706
 endloop
endfacet
facet normal 0.59671247 -0.64405435 -0.4786735
 outer loop
  vertex 0.3313648 -0.3341901 -0.22380443
  vertex 0.29034594 -0.3596146 -0.24072976
  vertex 0.290288 -0.33428422 -0.274884
 endloop
endfacet
facet normal 0.5967135 -0.6440527 -0.47867432
 outer loop
  vertex 0.3313648 -0.3341901 -0.22380443
  vertex 0.290288 -0.33428422 -0.274884
  vertex 0.33131093 -0.3106406 -0.25555727
 endloop
endfacet
facet normal -0.4256023 -0.670934 -0.6072151
 outer loop
  vertex -0.19857557 -0.37262797 -0.30543444
  vertex -0.24484506 -0.35583135 -0.29156294
  vertex -0.24491434 -0.32554254 -0.3249816
 endloop
endfacet
facet normal -0.42560205 -0.6709339 -0.60721546
 outer loop
  vertex -0.19857557 -0.37262797 -0.30543444
  vertex -0.24491434 -0.32554254 -0.3249816
  vertex -0.19864812 -0.34089813 -0.34044302
 endloop
endfacet
facet normal 0.8038704 -0.43989167 -0.4003595
 outer loop
  vertex 0.43381238 -0.22281325 -0.18367171
  vertex 0.40342036 -0.25463548 -0.20973057
  vertex 0.40337053 -0.2328478 -0.23376966
 endloop
endfacet
facet normal 0.8038704 -0.4398916 -0.40035954
 outer loop
  vertex 0.43381238 -0.22281325 -0.18367171
  vertex 0.40337053 -0.2328478 -0.23376966
  vertex 0.43376875 -0.20373265 -0.20472395
 endloop
endfacet
facet normal -0.33493587 -0.6985005 -0.63238823
 outer loop
  vertex -0.15039368 -0.38583606 -0.3163644
  vertex -0.19857557 -0.37262797 -0.30543444
  vertex -0.19864812 -0.34089813 -0.34044302
 endloop
endfacet
facet normal -0.33493587 -0.6985006 -0.63238835
 outer loop
  vertex -0.15039368 -0.38583606 -0.3163644
  vertex -0.19864812 -0.34089813 -0.34044302
  vertex -0.15046883 -0.35297075 -0.3526258
 endloop
endfacet
facet normal 0.85832554 -0.37930003 -0.3455556
 outer loop
  vertex 0.4600265 -0.18884487 -0.15584393
  vertex 0.43381238 -0.22281325 -0.18367171
  vertex 0.43376875 -0.20373265 -0.20472395
 endloop
endfacet
facet normal 0.8583255 -0.3793002 -0.34555548
 outer loop
  vertex 0.4600265 -0.18884487 -0.15584393
  vertex 0.43376875 -0.20373265 -0.20472395
  vertex 0.4599895 -0.17265515 -0.17370658
 endloop
endfacet
facet normal -0.24106047 -0.71934986 -0.6514795
 outer loop
  vertex -0.10076347 -0.39532822 -0.32424754
  vertex -0.15039368 -0.38583606 -0.3163644
  vertex -0.15046883 -0.35297075 -0.3526258
 endloop
endfacet
facet normal -0.24106114 -0.7193503 -0.6514789
 outer loop
  vertex -0.10076347 -0.39532822 -0.32424754
  vertex -0.15046883 -0.35297075 -0.3526258
  vertex -0.100840494 -0.36164403 -0.36141247
 endloop
endfacet
facet normal 0.90451294 -0.3150418 -0.2874109
 outer loop
  vertex 0.4818104 -0.15305783 -0.12651521
  vertex 0.4600265 -0.18884487 -0.15584393
  vertex 0.4599895 -0.17265515 -0.17370658
 endloop
endfacet
facet normal 0.9045131 -0.31504062 -0.28741148
 outer loop
  vertex 0.4818104 -0.15305783 -0.12651521
  vertex 0.4599895 -0.17265515 -0.17370658
  vertex 0.48178032 -0.13991489 -0.14101623
 endloop
endfacet
facet normal -0.14488092 -0.7332841 -0.6643071
 outer loop
  vertex -0.050162796 -0.40101314 -0.329008
  vertex -0.10076347 -0.39532822 -0.32424754
  vertex -0.100840494 -0.36164403 -0.36141247
 endloop
endfacet
facet normal -0.14488067 -0.73328394 -0.66430736
 outer loop
  vertex -0.050162796 -0.40101314 -0.329008
  vertex -0.100840494 -0.36164403 -0.36141247
  vertex -0.05024096 -0.3668344 -0.36671856
 endloop
endfacet
facet normal -0.9888994 -0.11110847 -0.09865533
 outer loop
  vertex -0.5109334 -0.07975822 -0.064496726
  vertex -0.51852673 -0.04067071 -0.032404285
  vertex -0.5185344 -0.037304398 -0.03611845
 endloop
endfacet
facet normal -0.9888994 -0.11110917 -0.09865425
 outer loop
  vertex -0.5109334 -0.07975822 -0.064496726
  vertex -0.5185344 -0.037304398 -0.03611845
  vertex -0.5109487 -0.073058 -0.07188929
 endloop
endfacet
facet normal 0.9419834 -0.24773312 -0.22648531
 outer loop
  vertex 0.49895415 -0.11579706 -0.09596839
  vertex 0.4818104 -0.15305783 -0.12651521
  vertex 0.48178032 -0.13991489 -0.14101623
 endloop
endfacet
facet normal 0.9419833 -0.24773382 -0.22648492
 outer loop
  vertex 0.49895415 -0.11579706 -0.09596839
  vertex 0.48178032 -0.13991489 -0.14101623
  vertex 0.49893135 -0.105827466 -0.10696816
 endloop
endfacet
facet normal -0.047316745 -0.74017113 -0.6707517
 outer loop
  vertex 0.0009209717 -0.40283608 -0.3306
  vertex -0.050162796 -0.40101314 -0.329008
  vertex -0.05024096 -0.3668344 -0.36671856
 endloop
endfacet
facet normal -0.047315728 -0.7401705 -0.67075247
 outer loop
  vertex 0.0009209717 -0.40283608 -0.3306
  vertex -0.05024096 -0.3668344 -0.36671856
  vertex 0.0008424311 -0.36849192 -0.368493
 endloop
endfacet
facet normal -0.9695474 -0.18245783 -0.16336085
 outer loop
  vertex -0.4984195 -0.118077494 -0.09596799
  vertex -0.5109334 -0.07975822 -0.064496726
  vertex -0.5109487 -0.073058 -0.07188929
 endloop
endfacet
facet normal -0.96954757 -0.18245806 -0.16336054
 outer loop
  vertex -0.4984195 -0.118077494 -0.09596799
  vertex -0.5109487 -0.073058 -0.07188929
  vertex -0.4984423 -0.1081079 -0.10696776
 endloop
endfacet
facet normal 0.9703717 -0.17802218 -0.16336086
 outer loop
  vertex 0.5112927 -0.07742093 -0.0644971
  vertex 0.49895415 -0.11579706 -0.09596839
  vertex 0.49893135 -0.105827466 -0.10696816
 endloop
endfacet
facet normal 0.9703718 -0.1780226 -0.16336061
 outer loop
  vertex 0.5112927 -0.07742093 -0.0644971
  vertex 0.49893135 -0.105827466 -0.10696816
  vertex 0.5112774 -0.07072071 -0.07188967
 endloop
endfacet
facet normal 0.050700374 -0.7399463 -0.67075247
 outer loop
  vertex 0.051995806 -0.40077955 -0.32900807
  vertex 0.0009209717 -0.40283608 -0.3306
  vertex 0.0008424311 -0.36849192 -0.368493
 endloop
endfacet
facet normal 0.05069937 -0.7399471 -0.6707518
 outer loop
  vertex 0.051995806 -0.40077955 -0.32900807
  vertex 0.0008424311 -0.36849192 -0.368493
  vertex 0.051917642 -0.3666008 -0.36671862
 endloop
endfacet
facet normal -0.94084066 -0.25203896 -0.22648436
 outer loop
  vertex -0.4811055 -0.1552595 -0.12651487
  vertex -0.4984195 -0.118077494 -0.09596799
  vertex -0.4984423 -0.1081079 -0.10696776
 endloop
endfacet
facet normal -0.9408407 -0.25203922 -0.2264838
 outer loop
  vertex -0.4811055 -0.1552595 -0.12651487
  vertex -0.4984423 -0.1081079 -0.10696776
  vertex -0.48113558 -0.14211656 -0.14101589
 endloop
endfacet
facet normal 0.98939717 -0.106586374 -0.098654166
 outer loop
  vertex 0.5187072 -0.038299106 -0.03240467
  vertex 0.5112927 -0.07742093 -0.0644971
  vertex 0.5112774 -0.07072071 -0.07188967
 endloop
endfacet
facet normal 0.98939717 -0.10658753 -0.09865326
 outer loop
  vertex 0.5187072 -0.038299106 -0.03240467
  vertex 0.5112774 -0.07072071 -0.07188967
  vertex 0.5186995 -0.034932792 -0.036118835
 endloop
endfacet
facet normal 0.14823255 -0.7326137 -0.66430736
 outer loop
  vertex 0.10256995 -0.3948633 -0.3242476
  vertex 0.051995806 -0.40077955 -0.32900807
  vertex 0.051917642 -0.3666008 -0.36671862
 endloop
endfacet
facet normal 0.14823225 -0.7326139 -0.66430724
 outer loop
  vertex 0.10256995 -0.3948633 -0.3242476
  vertex 0.051917642 -0.3666008 -0.36671862
  vertex 0.10249293 -0.3611791 -0.36141253
 endloop
endfacet
facet normal -0.9030631 -0.31917465 -0.28741002
 outer loop
  vertex -0.45915827 -0.19094649 -0.15584356
  vertex -0.4811055 -0.1552595 -0.12651487
  vertex -0.48113558 -0.14211656 -0.14101589
 endloop
endfacet
facet normal -0.903063 -0.31917432 -0.28741086
 outer loop
  vertex -0.45915827 -0.19094649 -0.15584356
  vertex -0.48113558 -0.14211656 -0.14101589
  vertex -0.4591953 -0.17475677 -0.1737062
 endloop
endfacet
facet normal 0.24434614 -0.7182407 -0.6514793
 outer loop
  vertex 0.1521563 -0.3851443 -0.31636456
  vertex 0.10256995 -0.3948633 -0.3242476
  vertex 0.10249293 -0.3611791 -0.36141253
 endloop
endfacet
facet normal 0.24434672 -0.71824014 -0.6514796
 outer loop
  vertex 0.1521563 -0.3851443 -0.31636456
  vertex 0.10249293 -0.3611791 -0.36141253
  vertex 0.15208115 -0.35227898 -0.35262594
 endloop
endfacet
facet normal -0.8565822 -0.383221 -0.3455555
 outer loop
  vertex -0.43278906 -0.22479469 -0.18367139
  vertex -0.45915827 -0.19094649 -0.15584356
  vertex -0.4591953 -0.17475677 -0.1737062
 endloop
endfacet
facet normal -0.8565823 -0.38322112 -0.34555528
 outer loop
  vertex -0.43278906 -0.22479469 -0.18367139
  vertex -0.4591953 -0.17475677 -0.1737062
  vertex -0.4328327 -0.20571409 -0.20472363
 endloop
endfacet
facet normal 0.3381241 -0.69696224 -0.63238883
 outer loop
  vertex 0.20027724 -0.3717161 -0.3054347
  vertex 0.1521563 -0.3851443 -0.31636456
  vertex 0.15208115 -0.35227898 -0.35262594
 endloop
endfacet
facet normal 0.33812422 -0.69696224 -0.63238895
 outer loop
  vertex 0.20027724 -0.3717161 -0.3054347
  vertex 0.15208115 -0.35227898 -0.35262594
  vertex 0.20020469 -0.33998623 -0.3404433
 endloop
endfacet
facet normal -0.801851 -0.44356263 -0.40035895
 outer loop
  vertex -0.40225187 -0.25647762 -0.20973027
  vertex -0.43278906 -0.22479469 -0.18367139
  vertex -0.4328327 -0.20571409 -0.20472363
 endloop
endfacet
facet normal -0.80185115 -0.44356278 -0.40035838
 outer loop
  vertex -0.40225187 -0.25647762 -0.20973027
  vertex -0.4328327 -0.20571409 -0.20472363
  vertex -0.4023017 -0.23468994 -0.23376936
 endloop
endfacet
facet normal 0.42866743 -0.66898 -0.607215
 outer loop
  vertex 0.2464694 -0.35470802 -0.29156318
  vertex 0.20027724 -0.3717161 -0.3054347
  vertex 0.20020469 -0.33998623 -0.3404433
 endloop
endfacet
facet normal 0.42866734 -0.66898 -0.607215
 outer loop
  vertex 0.2464694 -0.35470802 -0.29156318
  vertex 0.20020469 -0.33998623 -0.3404433
  vertex 0.24640012 -0.3244192 -0.32498184
 endloop
endfacet
facet normal -0.73940855 -0.49961323 -0.45128882
 outer loop
  vertex -0.36784074 -0.28569075 -0.23376946
  vertex -0.40225187 -0.25647762 -0.20973027
  vertex -0.4023017 -0.23468994 -0.23376936
 endloop
endfacet
facet normal -0.7394084 -0.49961305 -0.45128933
 outer loop
  vertex -0.36784074 -0.28569075 -0.23376946
  vertex -0.4023017 -0.23468994 -0.23376936
  vertex -0.3678963 -0.26140577 -0.26056385
 endloop
endfacet
facet normal 0.51509506 -0.63456297 -0.5762004
 outer loop
  vertex 0.290288 -0.33428422 -0.274884
  vertex 0.2464694 -0.35470802 -0.29156318
  vertex 0.24640012 -0.3244192 -0.32498184
 endloop
endfacet
facet normal 0.51509535 -0.6345626 -0.5762006
 outer loop
  vertex 0.290288 -0.33428422 -0.274884
  vertex 0.24640012 -0.3244192 -0.32498184
  vertex 0.2902227 -0.30572808 -0.30639088
 endloop
endfacet
facet normal -0.6698551 -0.550841 -0.4978637
 outer loop
  vertex -0.32988715 -0.3121524 -0.25555706
  vertex -0.36784074 -0.28569075 -0.23376946
  vertex -0.3678963 -0.26140577 -0.26056385
 endloop
endfacet
facet normal -0.6698554 -0.5508411 -0.49786335
 outer loop
  vertex -0.32988715 -0.3121524 -0.25555706
  vertex -0.3678963 -0.26140577 -0.26056385
  vertex -0.32994786 -0.28560403 -0.28484875
 endloop
endfacet
facet normal 0.59659904 -0.59402734 -0.5396306
 outer loop
  vertex 0.33131093 -0.3106406 -0.25555727
  vertex 0.290288 -0.33428422 -0.274884
  vertex 0.2902227 -0.30572808 -0.30639088
 endloop
endfacet
facet normal 0.59659845 -0.5940283 -0.5396302
 outer loop
  vertex 0.33131093 -0.3106406 -0.25555727
  vertex 0.2902227 -0.30572808 -0.30639088
  vertex 0.33125022 -0.28409225 -0.284849
 endloop
endfacet
facet normal -0.59387594 -0.59675 -0.53963023
 outer loop
  vertex -0.28875655 -0.3356081 -0.27488378
  vertex -0.32988715 -0.3121524 -0.25555706
  vertex -0.32994786 -0.28560403 -0.28484875
 endloop
endfacet
facet normal -0.59387565 -0.5967499 -0.5396309
 outer loop
  vertex -0.28875655 -0.3356081 -0.27488378
  vertex -0.32994786 -0.28560403 -0.28484875
  vertex -0.28882185 -0.30705196 -0.30639067
 endloop
endfacet
facet normal 0.6723663 -0.5477728 -0.49786377
 outer loop
  vertex 0.36914316 -0.28400567 -0.23376973
  vertex 0.33131093 -0.3106406 -0.25555727
  vertex 0.33125022 -0.28409225 -0.284849
 endloop
endfacet
facet normal 0.6723669 -0.54777175 -0.4978642
 outer loop
  vertex 0.36914316 -0.28400567 -0.23376973
  vertex 0.33125022 -0.28409225 -0.284849
  vertex 0.3690876 -0.25972068 -0.26056415
 endloop
endfacet
facet normal -0.5121887 -0.63691133 -0.57620037
 outer loop
  vertex -0.24484506 -0.35583135 -0.29156294
  vertex -0.28875655 -0.3356081 -0.27488378
  vertex -0.28882185 -0.30705196 -0.30639067
 endloop
endfacet
facet normal -0.51218915 -0.6369115 -0.57619953
 outer loop
  vertex -0.24484506 -0.35583135 -0.29156294
  vertex -0.28882185 -0.30705196 -0.30639067
  vertex -0.24491434 -0.32554254 -0.3249816
 endloop
endfacet
facet normal 0.7416852 -0.49622625 -0.4512899
 outer loop
  vertex 0.40342036 -0.25463548 -0.20973057
  vertex 0.36914316 -0.28400567 -0.23376973
  vertex 0.3690876 -0.25972068 -0.26056415
 endloop
endfacet
facet normal 0.7416849 -0.49622682 -0.45128974
 outer loop
  vertex 0.40342036 -0.25463548 -0.20973057
  vertex 0.3690876 -0.25972068 -0.26056415
  vertex 0.40337053 -0.2328478 -0.23376966
 endloop
endfacet
facet normal -0.24121499 -0.6520327 -0.71879673
 outer loop
  vertex -0.100840494 -0.36164403 -0.36141247
  vertex -0.15046883 -0.35297075 -0.3526258
  vertex -0.15055175 -0.3167095 -0.38549116
 endloop
endfacet
facet normal -0.24121514 -0.6520328 -0.71879655
 outer loop
  vertex -0.100840494 -0.36164403 -0.36141247
  vertex -0.15055175 -0.3167095 -0.38549116
  vertex -0.10092549 -0.32447922 -0.39509678
 endloop
endfacet
facet normal 0.90444523 -0.2853429 -0.3171093
 outer loop
  vertex 0.48178032 -0.13991489 -0.14101623
  vertex 0.4599895 -0.17265515 -0.17370658
  vertex 0.45994863 -0.15479255 -0.18989633
 endloop
endfacet
facet normal 0.90444523 -0.28534284 -0.3171093
 outer loop
  vertex 0.48178032 -0.13991489 -0.14101623
  vertex 0.45994863 -0.15479255 -0.18989633
  vertex 0.48174715 -0.1254139 -0.15415919
 endloop
endfacet
facet normal -0.14503768 -0.6646411 -0.7329504
 outer loop
  vertex -0.05024096 -0.3668344 -0.36671856
  vertex -0.100840494 -0.36164403 -0.36141247
  vertex -0.10092549 -0.32447922 -0.39509678
 endloop
endfacet
facet normal -0.14503711 -0.6646407 -0.7329508
 outer loop
  vertex -0.05024096 -0.3668344 -0.36671856
  vertex -0.10092549 -0.32447922 -0.39509678
  vertex -0.050327193 -0.3291239 -0.4008974
 endloop
endfacet
facet normal -0.9889227 -0.100911476 -0.108851984
 outer loop
  vertex -0.5109487 -0.073058 -0.07188929
  vertex -0.5185344 -0.037304398 -0.03611845
  vertex -0.5185429 -0.03359024 -0.039484777
 endloop
endfacet
facet normal -0.98892283 -0.10091295 -0.10885022
 outer loop
  vertex -0.5109487 -0.073058 -0.07188929
  vertex -0.5185429 -0.03359024 -0.039484777
  vertex -0.5109656 -0.06566545 -0.07858953
 endloop
endfacet
facet normal 0.94192976 -0.22433099 -0.24988784
 outer loop
  vertex 0.49893135 -0.105827466 -0.10696816
  vertex 0.48178032 -0.13991489 -0.14101623
  vertex 0.48174715 -0.1254139 -0.15415919
 endloop
endfacet
facet normal 0.9419297 -0.22433157 -0.24988759
 outer loop
  vertex 0.49893135 -0.105827466 -0.10696816
  vertex 0.48174715 -0.1254139 -0.15415919
  vertex 0.4989062 -0.09482773 -0.116937764
 endloop
endfacet
facet normal -0.047474362 -0.67086196 -0.7400611
 outer loop
  vertex 0.0008424311 -0.36849192 -0.368493
  vertex -0.05024096 -0.3668344 -0.36671856
  vertex -0.050327193 -0.3291239 -0.4008974
 endloop
endfacet
facet normal -0.04747489 -0.6708624 -0.74006075
 outer loop
  vertex 0.0008424311 -0.36849192 -0.368493
  vertex -0.050327193 -0.3291239 -0.4008974
  vertex 0.00075577776 -0.330599 -0.40283722
 endloop
endfacet
facet normal -0.96958613 -0.16557567 -0.18024294
 outer loop
  vertex -0.4984423 -0.1081079 -0.10696776
  vertex -0.5109487 -0.073058 -0.07188929
  vertex -0.5109656 -0.06566545 -0.07858953
 endloop
endfacet
facet normal -0.9695863 -0.16557759 -0.18024011
 outer loop
  vertex -0.4984423 -0.1081079 -0.10696776
  vertex -0.5109656 -0.06566545 -0.07858953
  vertex -0.49846745 -0.097108155 -0.11693737
 endloop
endfacet
facet normal 0.9703331 -0.16114232 -0.18024084
 outer loop
  vertex 0.5112774 -0.07072071 -0.07188967
  vertex 0.49893135 -0.105827466 -0.10696816
  vertex 0.4989062 -0.09482773 -0.116937764
 endloop
endfacet
facet normal 0.97033286 -0.16114552 -0.18023907
 outer loop
  vertex 0.5112774 -0.07072071 -0.07188967
  vertex 0.4989062 -0.09482773 -0.116937764
  vertex 0.5112605 -0.06332816 -0.0785899
 endloop
endfacet
facet normal 0.05054096 -0.67063826 -0.74006075
 outer loop
  vertex 0.051917642 -0.3666008 -0.36671862
  vertex 0.0008424311 -0.36849192 -0.368493
  vertex 0.00075577776 -0.330599 -0.40283722
 endloop
endfacet
facet normal 0.050541498 -0.67063785 -0.74006104
 outer loop
  vertex 0.051917642 -0.3666008 -0.36671862
  vertex 0.00075577776 -0.330599 -0.40283722
  vertex 0.05183141 -0.32889032 -0.40089747
 endloop
endfacet
facet normal -0.9408943 -0.22863622 -0.24988687
 outer loop
  vertex -0.48113558 -0.14211656 -0.14101589
  vertex -0.4984423 -0.1081079 -0.10696776
  vertex -0.49846745 -0.097108155 -0.11693737
 endloop
endfacet
facet normal -0.94089437 -0.22863646 -0.24988633
 outer loop
  vertex -0.48113558 -0.14211656 -0.14101589
  vertex -0.49846745 -0.097108155 -0.11693737
  vertex -0.48116875 -0.12761557 -0.15415885
 endloop
endfacet
facet normal 0.98937386 -0.09639489 -0.10884588
 outer loop
  vertex 0.5186995 -0.034932792 -0.036118835
  vertex 0.5112774 -0.07072071 -0.07188967
  vertex 0.5112605 -0.06332816 -0.0785899
 endloop
endfacet
facet normal 0.98937374 -0.09639664 -0.10884469
 outer loop
  vertex 0.5186995 -0.034932792 -0.036118835
  vertex 0.5112605 -0.06332816 -0.0785899
  vertex 0.51869106 -0.031218633 -0.03948516
 endloop
endfacet
facet normal 0.14807537 -0.6639705 -0.73295087
 outer loop
  vertex 0.10249293 -0.3611791 -0.36141253
  vertex 0.051917642 -0.3666008 -0.36671862
  vertex 0.05183141 -0.32889032 -0.40089747
 endloop
endfacet
facet normal 0.14807488 -0.66397095 -0.73295057
 outer loop
  vertex 0.10249293 -0.3611791 -0.36141253
  vertex 0.05183141 -0.32889032 -0.40089747
  vertex 0.10240793 -0.3240143 -0.39509684
 endloop
endfacet
facet normal -0.90313095 -0.28947678 -0.31710845
 outer loop
  vertex -0.4591953 -0.17475677 -0.1737062
  vertex -0.48113558 -0.14211656 -0.14101589
  vertex -0.48116875 -0.12761557 -0.15415885
 endloop
endfacet
facet normal -0.9031308 -0.28947675 -0.31710842
 outer loop
  vertex -0.4591953 -0.17475677 -0.1737062
  vertex -0.48116875 -0.12761557 -0.15415885
  vertex -0.45923615 -0.15689416 -0.18989596
 endloop
endfacet
facet normal 0.2441926 -0.650923 -0.718797
 outer loop
  vertex 0.15208115 -0.35227898 -0.35262594
  vertex 0.10249293 -0.3611791 -0.36141253
  vertex 0.10240793 -0.3240143 -0.39509684
 endloop
endfacet
facet normal 0.24419272 -0.6509229 -0.7187971
 outer loop
  vertex 0.15208115 -0.35227898 -0.35262594
  vertex 0.10240793 -0.3240143 -0.39509684
  vertex 0.15199822 -0.31601772 -0.3854913
 endloop
endfacet
facet normal -0.8566639 -0.34751529 -0.38126123
 outer loop
  vertex -0.4328327 -0.20571409 -0.20472363
  vertex -0.4591953 -0.17475677 -0.1737062
  vertex -0.45923615 -0.15689416 -0.18989596
 endloop
endfacet
facet normal -0.85666376 -0.3475151 -0.3812616
 outer loop
  vertex -0.4328327 -0.20571409 -0.20472363
  vertex -0.45923615 -0.15689416 -0.18989596
  vertex -0.43288082 -0.18466191 -0.22380428
 endloop
endfacet
facet normal 0.33797473 -0.63161767 -0.69773364
 outer loop
  vertex 0.20020469 -0.33998623 -0.3404433
  vertex 0.15208115 -0.35227898 -0.35262594
  vertex 0.15199822 -0.31601772 -0.3854913
 endloop
endfacet
facet normal 0.33797535 -0.63161695 -0.697734
 outer loop
  vertex 0.20020469 -0.33998623 -0.3404433
  vertex 0.15199822 -0.31601772 -0.3854913
  vertex 0.20012462 -0.30497772 -0.37217322
 endloop
endfacet
facet normal -0.80194587 -0.4021935 -0.44172764
 outer loop
  vertex -0.4023017 -0.23468994 -0.23376936
  vertex -0.4328327 -0.20571409 -0.20472363
  vertex -0.43288082 -0.18466191 -0.22380428
 endloop
endfacet
facet normal -0.80194587 -0.40219364 -0.4417273
 outer loop
  vertex -0.4023017 -0.23468994 -0.23376936
  vertex -0.43288082 -0.18466191 -0.22380428
  vertex -0.40235668 -0.21065094 -0.2555571
 endloop
endfacet
facet normal 0.42852402 -0.60623604 -0.669959
 outer loop
  vertex 0.24640012 -0.3244192 -0.32498184
  vertex 0.20020469 -0.33998623 -0.3404433
  vertex 0.20012462 -0.30497772 -0.37217322
 endloop
endfacet
facet normal 0.4285236 -0.6062365 -0.66995883
 outer loop
  vertex 0.24640012 -0.3244192 -0.32498184
  vertex 0.20012462 -0.30497772 -0.37217322
  vertex 0.2463237 -0.29100063 -0.3552707
 endloop
endfacet
facet normal -0.739515 -0.4529817 -0.49792075
 outer loop
  vertex -0.3678963 -0.26140577 -0.26056385
  vertex -0.4023017 -0.23468994 -0.23376936
  vertex -0.40235668 -0.21065094 -0.2555571
 endloop
endfacet
facet normal -0.7395148 -0.45298162 -0.4979211
 outer loop
  vertex -0.3678963 -0.26140577 -0.26056385
  vertex -0.40235668 -0.21065094 -0.2555571
  vertex -0.36795756 -0.2346114 -0.2848489
 endloop
endfacet
facet normal 0.5149592 -0.57502395 -0.6357392
 outer loop
  vertex 0.2902227 -0.30572808 -0.30639088
  vertex 0.24640012 -0.3244192 -0.32498184
  vertex 0.2463237 -0.29100063 -0.3552707
 endloop
endfacet
facet normal 0.5149596 -0.57502353 -0.63573945
 outer loop
  vertex 0.2902227 -0.30572808 -0.30639088
  vertex 0.2463237 -0.29100063 -0.3552707
  vertex 0.29015064 -0.27422124 -0.33494705
 endloop
endfacet
facet normal -0.6699729 -0.4993968 -0.5493078
 outer loop
  vertex -0.32994786 -0.28560403 -0.28484875
  vertex -0.3678963 -0.26140577 -0.26056385
  vertex -0.36795756 -0.2346114 -0.2848489
 endloop
endfacet
facet normal -0.6699727 -0.49939674 -0.5493082
 outer loop
  vertex -0.32994786 -0.28560403 -0.28484875
  vertex -0.36795756 -0.2346114 -0.2848489
  vertex -0.33001482 -0.2563124 -0.3113972
 endloop
endfacet
facet normal 0.59647083 -0.5382675 -0.59539115
 outer loop
  vertex 0.33125022 -0.28409225 -0.284849
  vertex 0.2902227 -0.30572808 -0.30639088
  vertex 0.29015064 -0.27422124 -0.33494705
 endloop
endfacet
facet normal 0.5964703 -0.5382684 -0.5953909
 outer loop
  vertex 0.33125022 -0.28409225 -0.284849
  vertex 0.29015064 -0.27422124 -0.33494705
  vertex 0.33118325 -0.25480062 -0.31139743
 endloop
endfacet
facet normal -0.5940031 -0.54099 -0.5953908
 outer loop
  vertex -0.28882185 -0.30705196 -0.30639067
  vertex -0.32994786 -0.28560403 -0.28484875
  vertex -0.33001482 -0.2563124 -0.3113972
 endloop
endfacet
facet normal -0.59400314 -0.54099 -0.59539074
 outer loop
  vertex -0.28882185 -0.30705196 -0.30639067
  vertex -0.33001482 -0.2563124 -0.3113972
  vertex -0.2888939 -0.27554512 -0.33494684
 endloop
endfacet
facet normal 0.6722492 -0.49632815 -0.54930806
 outer loop
  vertex 0.3690876 -0.25972068 -0.26056415
  vertex 0.33125022 -0.28409225 -0.284849
  vertex 0.33118325 -0.25480062 -0.31139743
 endloop
endfacet
facet normal 0.6722493 -0.49632782 -0.54930824
 outer loop
  vertex 0.3690876 -0.25972068 -0.26056415
  vertex 0.33118325 -0.25480062 -0.31139743
  vertex 0.36902633 -0.23292632 -0.2848492
 endloop
endfacet
facet normal -0.5123253 -0.57737255 -0.63573873
 outer loop
  vertex -0.24491434 -0.32554254 -0.3249816
  vertex -0.28882185 -0.30705196 -0.30639067
  vertex -0.2888939 -0.27554512 -0.33494684
 endloop
endfacet
facet normal -0.5123252 -0.5773725 -0.6357388
 outer loop
  vertex -0.24491434 -0.32554254 -0.3249816
  vertex -0.2888939 -0.27554512 -0.33494684
  vertex -0.24499075 -0.29212397 -0.35527048
 endloop
endfacet
facet normal 0.74157834 -0.44959503 -0.4979216
 outer loop
  vertex 0.40337053 -0.2328478 -0.23376966
  vertex 0.3690876 -0.25972068 -0.26056415
  vertex 0.36902633 -0.23292632 -0.2848492
 endloop
endfacet
facet normal 0.74157846 -0.44959474 -0.49792168
 outer loop
  vertex 0.40337053 -0.2328478 -0.23376966
  vertex 0.36902633 -0.23292632 -0.2848492
  vertex 0.40331554 -0.2088088 -0.2555574
 endloop
endfacet
facet normal -0.42574555 -0.6081902 -0.66995925
 outer loop
  vertex -0.19864812 -0.34089813 -0.34044302
  vertex -0.24491434 -0.32554254 -0.3249816
  vertex -0.24499075 -0.29212397 -0.35527048
 endloop
endfacet
facet normal -0.4257458 -0.6081903 -0.66995895
 outer loop
  vertex -0.19864812 -0.34089813 -0.34044302
  vertex -0.24499075 -0.29212397 -0.35527048
  vertex -0.19872819 -0.30588964 -0.37217292
 endloop
endfacet
facet normal 0.80377585 -0.3985222 -0.4417289
 outer loop
  vertex 0.43376875 -0.20373265 -0.20472395
  vertex 0.40337053 -0.2328478 -0.23376966
  vertex 0.40331554 -0.2088088 -0.2555574
 endloop
endfacet
facet normal 0.8037755 -0.3985232 -0.44172862
 outer loop
  vertex 0.43376875 -0.20373265 -0.20472395
  vertex 0.40331554 -0.2088088 -0.2555574
  vertex 0.43372062 -0.18268047 -0.22380461
 endloop
endfacet
facet normal -0.3350853 -0.63315594 -0.69773304
 outer loop
  vertex -0.15046883 -0.35297075 -0.3526258
  vertex -0.19864812 -0.34089813 -0.34044302
  vertex -0.19872819 -0.30588964 -0.37217292
 endloop
endfacet
facet normal -0.33508557 -0.63315606 -0.6977328
 outer loop
  vertex -0.15046883 -0.35297075 -0.3526258
  vertex -0.19872819 -0.30588964 -0.37217292
  vertex -0.15055175 -0.3167095 -0.38549116
 endloop
endfacet
facet normal 0.85824394 -0.34359437 -0.38126153
 outer loop
  vertex 0.4599895 -0.17265515 -0.17370658
  vertex 0.43376875 -0.20373265 -0.20472395
  vertex 0.43372062 -0.18268047 -0.22380461
 endloop
endfacet
facet normal 0.85824406 -0.34359324 -0.3812619
 outer loop
  vertex 0.4599895 -0.17265515 -0.17370658
  vertex 0.43372062 -0.18268047 -0.22380461
  vertex 0.45994863 -0.15479255 -0.18989633
 endloop
endfacet
facet normal -0.04764822 -0.5950946 -0.802242
 outer loop
  vertex 0.00075577776 -0.330599 -0.40283722
  vertex -0.050327193 -0.3291239 -0.4008974
  vertex -0.050420675 -0.28824496 -0.43121544
 endloop
endfacet
facet normal -0.047647372 -0.5950939 -0.8022425
 outer loop
  vertex 0.00075577776 -0.330599 -0.40283722
  vertex -0.050420675 -0.28824496 -0.43121544
  vertex 0.000661846 -0.2895222 -0.43330193
 endloop
endfacet
facet normal -0.96962845 -0.14712703 -0.19538213
 outer loop
  vertex -0.49846745 -0.097108155 -0.11693737
  vertex -0.5109656 -0.06566545 -0.07858953
  vertex -0.51098394 -0.05765177 -0.0845329
 endloop
endfacet
facet normal -0.96962833 -0.1471249 -0.19538464
 outer loop
  vertex -0.49846745 -0.097108155 -0.11693737
  vertex -0.51098394 -0.05765177 -0.0845329
  vertex -0.4984947 -0.085184194 -0.1257808
 endloop
endfacet
facet normal 0.97029084 -0.14268923 -0.19538584
 outer loop
  vertex 0.5112605 -0.06332816 -0.0785899
  vertex 0.4989062 -0.09482773 -0.116937764
  vertex 0.49887893 -0.08290376 -0.1257812
 endloop
endfacet
facet normal 0.9702909 -0.14268625 -0.19538708
 outer loop
  vertex 0.5112605 -0.06332816 -0.0785899
  vertex 0.49887893 -0.08290376 -0.1257812
  vertex 0.51124215 -0.05531447 -0.08453327
 endloop
endfacet
facet normal 0.05036826 -0.5948698 -0.80224246
 outer loop
  vertex 0.05183141 -0.32889032 -0.40089747
  vertex 0.00075577776 -0.330599 -0.40283722
  vertex 0.000661846 -0.2895222 -0.43330193
 endloop
endfacet
facet normal 0.050367408 -0.5948705 -0.802242
 outer loop
  vertex 0.05183141 -0.32889032 -0.40089747
  vertex 0.000661846 -0.2895222 -0.43330193
  vertex 0.051737927 -0.28801137 -0.4312155
 endloop
endfacet
facet normal -0.94095284 -0.20305263 -0.27088255
 outer loop
  vertex -0.48116875 -0.12761557 -0.15415885
  vertex -0.49846745 -0.097108155 -0.11693737
  vertex -0.4984947 -0.085184194 -0.1257808
 endloop
endfacet
facet normal -0.94095284 -0.20305236 -0.2708829
 outer loop
  vertex -0.48116875 -0.12761557 -0.15415885
  vertex -0.4984947 -0.085184194 -0.1257808
  vertex -0.4812047 -0.11189617 -0.16581717
 endloop
endfacet
facet normal 0.98934835 -0.08524558 -0.11799619
 outer loop
  vertex 0.51869106 -0.031218633 -0.03948516
  vertex 0.5112605 -0.06332816 -0.0785899
  vertex 0.51124215 -0.05531447 -0.08453327
 endloop
endfacet
facet normal 0.98934835 -0.08524295 -0.1179976
 outer loop
  vertex 0.51869106 -0.031218633 -0.03948516
  vertex 0.51124215 -0.05531447 -0.08453327
  vertex 0.5186818 -0.027192404 -0.04247122
 endloop
endfacet
facet normal 0.14790344 -0.588931 -0.7945343
 outer loop
  vertex 0.10240793 -0.3240143 -0.39509684
  vertex 0.05183141 -0.32889032 -0.40089747
  vertex 0.051737927 -0.28801137 -0.4312155
 endloop
endfacet
facet normal 0.14790347 -0.588931 -0.7945344
 outer loop
  vertex 0.10240793 -0.3240143 -0.39509684
  vertex 0.051737927 -0.28801137 -0.4312155
  vertex 0.10231581 -0.2837268 -0.4249762
 endloop
endfacet
facet normal -0.9032052 -0.25701028 -0.34375307
 outer loop
  vertex -0.45923615 -0.15689416 -0.18989596
  vertex -0.48116875 -0.12761557 -0.15415885
  vertex -0.4812047 -0.11189617 -0.16581717
 endloop
endfacet
facet normal -0.9032053 -0.2570106 -0.34375253
 outer loop
  vertex -0.45923615 -0.15689416 -0.18989596
  vertex -0.4812047 -0.11189617 -0.16581717
  vertex -0.45928043 -0.13753071 -0.2042569
 endloop
endfacet
facet normal 0.24402426 -0.5773322 -0.7791916
 outer loop
  vertex 0.15199822 -0.31601772 -0.3854913
  vertex 0.10240793 -0.3240143 -0.39509684
  vertex 0.10231581 -0.2837268 -0.4249762
 endloop
endfacet
facet normal 0.244025 -0.57733154 -0.779192
 outer loop
  vertex 0.15199822 -0.31601772 -0.3854913
  vertex 0.10231581 -0.2837268 -0.4249762
  vertex 0.15190834 -0.27670968 -0.4146442
 endloop
endfacet
facet normal -0.85675305 -0.30848143 -0.41329584
 outer loop
  vertex -0.43288082 -0.18466191 -0.22380428
  vertex -0.45923615 -0.15689416 -0.18989596
  vertex -0.45928043 -0.13753071 -0.2042569
 endloop
endfacet
facet normal -0.85675293 -0.30848134 -0.41329604
 outer loop
  vertex -0.43288082 -0.18466191 -0.22380428
  vertex -0.45928043 -0.13753071 -0.2042569
  vertex -0.432933 -0.16184087 -0.24072957
 endloop
endfacet
facet normal 0.33781195 -0.5601827 -0.7563587
 outer loop
  vertex 0.20012462 -0.30497772 -0.37217322
  vertex 0.15199822 -0.31601772 -0.3854913
  vertex 0.15190834 -0.27670968 -0.4146442
 endloop
endfacet
facet normal 0.33781227 -0.56018233 -0.7563588
 outer loop
  vertex 0.20012462 -0.30497772 -0.37217322
  vertex 0.15190834 -0.27670968 -0.4146442
  vertex 0.20003784 -0.26702774 -0.4003189
 endloop
endfacet
facet normal -0.80204934 -0.35696888 -0.47884238
 outer loop
  vertex -0.40235668 -0.21065094 -0.2555571
  vertex -0.43288082 -0.18466191 -0.22380428
  vertex -0.432933 -0.16184087 -0.24072957
 endloop
endfacet
facet normal -0.80204934 -0.3569688 -0.4788425
 outer loop
  vertex -0.40235668 -0.21065094 -0.2555571
  vertex -0.432933 -0.16184087 -0.24072957
  vertex -0.40241626 -0.1845921 -0.27488372
 endloop
endfacet
facet normal 0.42836696 -0.5376452 -0.72625023
 outer loop
  vertex 0.2463237 -0.29100063 -0.3552707
  vertex 0.20012462 -0.30497772 -0.37217322
  vertex 0.20003784 -0.26702774 -0.4003189
 endloop
endfacet
facet normal 0.42836633 -0.53764606 -0.72625005
 outer loop
  vertex 0.2463237 -0.29100063 -0.3552707
  vertex 0.20003784 -0.26702774 -0.4003189
  vertex 0.24624087 -0.25477415 -0.3821382
 endloop
endfacet
facet normal -0.7396315 -0.4020039 -0.53975743
 outer loop
  vertex -0.36795756 -0.2346114 -0.2848489
  vertex -0.40235668 -0.21065094 -0.2555571
  vertex -0.40241626 -0.1845921 -0.27488372
 endloop
endfacet
facet normal -0.7396314 -0.4020038 -0.53975767
 outer loop
  vertex -0.36795756 -0.2346114 -0.2848489
  vertex -0.40241626 -0.1845921 -0.27488372
  vertex -0.36802396 -0.20556575 -0.3063907
 endloop
endfacet
facet normal 0.51481074 -0.50993663 -0.6891549
 outer loop
  vertex 0.29015064 -0.27422124 -0.33494705
  vertex 0.2463237 -0.29100063 -0.3552707
  vertex 0.24624087 -0.25477415 -0.3821382
 endloop
endfacet
facet normal 0.51481086 -0.5099365 -0.6891549
 outer loop
  vertex 0.29015064 -0.27422124 -0.33494705
  vertex 0.24624087 -0.25477415 -0.3821382
  vertex 0.29007253 -0.24006715 -0.36027753
 endloop
endfacet
facet normal -0.6701013 -0.44315824 -0.595462
 outer loop
  vertex -0.33001482 -0.2563124 -0.3113972
  vertex -0.36795756 -0.2346114 -0.2848489
  vertex -0.36802396 -0.20556575 -0.3063907
 endloop
endfacet
facet normal -0.67010134 -0.44315824 -0.595462
 outer loop
  vertex -0.33001482 -0.2563124 -0.3113972
  vertex -0.36802396 -0.20556575 -0.3063907
  vertex -0.33008745 -0.22455963 -0.3349467
 endloop
endfacet
facet normal 0.5963308 -0.47731167 -0.645417
 outer loop
  vertex 0.33118325 -0.25480062 -0.31139743
  vertex 0.29015064 -0.27422124 -0.33494705
  vertex 0.29007253 -0.24006715 -0.36027753
 endloop
endfacet
facet normal 0.5963313 -0.4773109 -0.6454171
 outer loop
  vertex 0.33118325 -0.25480062 -0.31139743
  vertex 0.29007253 -0.24006715 -0.36027753
  vertex 0.33111063 -0.22304785 -0.33494693
 endloop
endfacet
facet normal -0.5941425 -0.4800335 -0.6454167
 outer loop
  vertex -0.2888939 -0.27554512 -0.33494684
  vertex -0.33001482 -0.2563124 -0.3113972
  vertex -0.33008745 -0.22455963 -0.3349467
 endloop
endfacet
facet normal -0.594143 -0.4800339 -0.64541584
 outer loop
  vertex -0.2888939 -0.27554512 -0.33494684
  vertex -0.33008745 -0.22455963 -0.3349467
  vertex -0.28897202 -0.24139106 -0.36027732
 endloop
endfacet
facet normal 0.67212063 -0.4400887 -0.59546274
 outer loop
  vertex 0.36902633 -0.23292632 -0.2848492
  vertex 0.33118325 -0.25480062 -0.31139743
  vertex 0.33111063 -0.22304785 -0.33494693
 endloop
endfacet
facet normal 0.67211986 -0.4400901 -0.59546244
 outer loop
  vertex 0.36902633 -0.23292632 -0.2848492
  vertex 0.33111063 -0.22304785 -0.33494693
  vertex 0.36895993 -0.20388067 -0.306391
 endloop
endfacet
facet normal -0.5124741 -0.5122859 -0.6891542
 outer loop
  vertex -0.24499075 -0.29212397 -0.35527048
  vertex -0.2888939 -0.27554512 -0.33494684
  vertex -0.28897202 -0.24139106 -0.36027732
 endloop
endfacet
facet normal -0.5124736 -0.5122855 -0.68915486
 outer loop
  vertex -0.24499075 -0.29212397 -0.35527048
  vertex -0.28897202 -0.24139106 -0.36027732
  vertex -0.24507359 -0.25589752 -0.38213792
 endloop
endfacet
facet normal 0.74146193 -0.39861777 -0.5397574
 outer loop
  vertex 0.40331554 -0.2088088 -0.2555574
  vertex 0.36902633 -0.23292632 -0.2848492
  vertex 0.36895993 -0.20388067 -0.306391
 endloop
endfacet
facet normal 0.74146193 -0.3986178 -0.5397574
 outer loop
  vertex 0.40331554 -0.2088088 -0.2555574
  vertex 0.36895993 -0.20388067 -0.306391
  vertex 0.40325597 -0.18274996 -0.27488402
 endloop
endfacet
facet normal -0.42590266 -0.5395994 -0.72625023
 outer loop
  vertex -0.19872819 -0.30588964 -0.37217292
  vertex -0.24499075 -0.29212397 -0.35527048
  vertex -0.24507359 -0.25589752 -0.38213792
 endloop
endfacet
facet normal -0.42590252 -0.5395993 -0.72625035
 outer loop
  vertex -0.19872819 -0.30588964 -0.37217292
  vertex -0.24507359 -0.25589752 -0.38213792
  vertex -0.19881497 -0.2679397 -0.4003186
 endloop
endfacet
facet normal 0.8036722 -0.35329857 -0.47884348
 outer loop
  vertex 0.43372062 -0.18268047 -0.22380461
  vertex 0.40331554 -0.2088088 -0.2555574
  vertex 0.40325597 -0.18274996 -0.27488402
 endloop
endfacet
facet normal 0.8036724 -0.35329798 -0.4788436
 outer loop
  vertex 0.43372062 -0.18268047 -0.22380461
  vertex 0.40325597 -0.18274996 -0.27488402
  vertex 0.43366843 -0.15985943 -0.2407299
 endloop
endfacet
facet normal -0.33524892 -0.5617213 -0.7563579
 outer loop
  vertex -0.15055175 -0.3167095 -0.38549116
  vertex -0.19872819 -0.30588964 -0.37217292
  vertex -0.19881497 -0.2679397 -0.4003186
 endloop
endfacet
facet normal -0.33524883 -0.5617212 -0.75635797
 outer loop
  vertex -0.15055175 -0.3167095 -0.38549116
  vertex -0.19881497 -0.2679397 -0.4003186
  vertex -0.15064164 -0.27740145 -0.41464406
 endloop
endfacet
facet normal 0.85815495 -0.30455986 -0.41329595
 outer loop
  vertex 0.45994863 -0.15479255 -0.18989633
  vertex 0.43372062 -0.18268047 -0.22380461
  vertex 0.43366843 -0.15985943 -0.2407299
 endloop
endfacet
facet normal 0.85815495 -0.30455944 -0.413296
 outer loop
  vertex 0.45994863 -0.15479255 -0.18989633
  vertex 0.43366843 -0.15985943 -0.2407299
  vertex 0.45990434 -0.13542908 -0.2042573
 endloop
endfacet
facet normal -0.24138331 -0.57844126 -0.77919173
 outer loop
  vertex -0.10092549 -0.32447922 -0.39509678
  vertex -0.15055175 -0.3167095 -0.38549116
  vertex -0.15064164 -0.27740145 -0.41464406
 endloop
endfacet
facet normal -0.24138398 -0.5784418 -0.77919114
 outer loop
  vertex -0.10092549 -0.32447922 -0.39509678
  vertex -0.15064164 -0.27740145 -0.41464406
  vertex -0.10101761 -0.28419173 -0.42497614
 endloop
endfacet
facet normal 0.9043709 -0.25287712 -0.34375325
 outer loop
  vertex 0.48174715 -0.1254139 -0.15415919
  vertex 0.45994863 -0.15479255 -0.18989633
  vertex 0.45990434 -0.13542908 -0.2042573
 endloop
endfacet
facet normal 0.90437084 -0.25287807 -0.343753
 outer loop
  vertex 0.48174715 -0.1254139 -0.15415919
  vertex 0.45990434 -0.13542908 -0.2042573
  vertex 0.4817112 -0.10969452 -0.16581753
 endloop
endfacet
facet normal -0.14520882 -0.5896012 -0.7945343
 outer loop
  vertex -0.050327193 -0.3291239 -0.4008974
  vertex -0.10092549 -0.32447922 -0.39509678
  vertex -0.10101761 -0.28419173 -0.42497614
 endloop
endfacet
facet normal -0.14520894 -0.58960134 -0.79453427
 outer loop
  vertex -0.050327193 -0.3291239 -0.4008974
  vertex -0.10101761 -0.28419173 -0.42497614
  vertex -0.050420675 -0.28824496 -0.43121544
 endloop
endfacet
facet normal -0.98894817 -0.089776546 -0.117989644
 outer loop
  vertex -0.5109656 -0.06566545 -0.07858953
  vertex -0.5185429 -0.03359024 -0.039484777
  vertex -0.5185521 -0.029564008 -0.04247084
 endloop
endfacet
facet normal -0.98894817 -0.08977439 -0.11799169
 outer loop
  vertex -0.5109656 -0.06566545 -0.07858953
  vertex -0.5185521 -0.029564008 -0.04247084
  vertex -0.51098394 -0.05765177 -0.0845329
 endloop
endfacet
facet normal 0.9418712 -0.19874822 -0.27088335
 outer loop
  vertex 0.4989062 -0.09482773 -0.116937764
  vertex 0.48174715 -0.1254139 -0.15415919
  vertex 0.4817112 -0.10969452 -0.16581753
 endloop
endfacet
facet normal 0.9418713 -0.19874737 -0.27088368
 outer loop
  vertex 0.4989062 -0.09482773 -0.116937764
  vertex 0.4817112 -0.10969452 -0.16581753
  vertex 0.49887893 -0.08290376 -0.1257812
 endloop
endfacet
facet normal 0.147719 -0.5082149 -0.8484673
 outer loop
  vertex 0.10231581 -0.2837268 -0.4249762
  vertex 0.051737927 -0.28801137 -0.4312155
  vertex 0.051638108 -0.24435753 -0.45738065
 endloop
endfacet
facet normal 0.14771912 -0.50821483 -0.84846735
 outer loop
  vertex 0.10231581 -0.2837268 -0.4249762
  vertex 0.051638108 -0.24435753 -0.45738065
  vertex 0.102217436 -0.24070463 -0.45076275
 endloop
endfacet
facet normal -0.90328515 -0.22208893 -0.3670865
 outer loop
  vertex -0.45928043 -0.13753071 -0.2042569
  vertex -0.4812047 -0.11189617 -0.16581717
  vertex -0.48124307 -0.09510976 -0.17587857
 endloop
endfacet
facet normal -0.9032851 -0.22208863 -0.3670868
 outer loop
  vertex -0.45928043 -0.13753071 -0.2042569
  vertex -0.48124307 -0.09510976 -0.17587857
  vertex -0.4593277 -0.11685288 -0.21665075
 endloop
endfacet
facet normal 0.24384385 -0.4981747 -0.8320831
 outer loop
  vertex 0.15190834 -0.27670968 -0.4146442
  vertex 0.10231581 -0.2837268 -0.4249762
  vertex 0.102217436 -0.24070463 -0.45076275
 endloop
endfacet
facet normal 0.24384356 -0.49817497 -0.8320829
 outer loop
  vertex 0.15190834 -0.27670968 -0.4146442
  vertex 0.102217436 -0.24070463 -0.45076275
  vertex 0.15181234 -0.23473348 -0.43980384
 endloop
endfacet
facet normal -0.85684896 -0.26649472 -0.44135073
 outer loop
  vertex -0.432933 -0.16184087 -0.24072957
  vertex -0.45928043 -0.13753071 -0.2042569
  vertex -0.4593277 -0.11685288 -0.21665075
 endloop
endfacet
facet normal -0.85684925 -0.26649544 -0.44134966
 outer loop
  vertex -0.432933 -0.16184087 -0.24072957
  vertex -0.4593277 -0.11685288 -0.21665075
  vertex -0.43298873 -0.13747075 -0.25533652
 endloop
endfacet
facet normal 0.33763653 -0.48334557 -0.80769956
 outer loop
  vertex 0.20003784 -0.26702774 -0.4003189
  vertex 0.15190834 -0.27670968 -0.4146442
  vertex 0.15181234 -0.23473348 -0.43980384
 endloop
endfacet
facet normal 0.3376365 -0.4833456 -0.80769956
 outer loop
  vertex 0.20003784 -0.26702774 -0.4003189
  vertex 0.15181234 -0.23473348 -0.43980384
  vertex 0.19994517 -0.22650173 -0.4246093
 endloop
endfacet
facet normal -0.8021606 -0.3083245 -0.5113455
 outer loop
  vertex -0.40241626 -0.1845921 -0.27488372
  vertex -0.432933 -0.16184087 -0.24072957
  vertex -0.43298873 -0.13747075 -0.25533652
 endloop
endfacet
facet normal -0.8021604 -0.308324 -0.5113463
 outer loop
  vertex -0.40241626 -0.1845921 -0.27488372
  vertex -0.43298873 -0.13747075 -0.25533652
  vertex -0.4024799 -0.1567644 -0.29156303
 endloop
endfacet
facet normal 0.42819768 -0.46386734 -0.7755475
 outer loop
  vertex 0.24624087 -0.25477415 -0.3821382
  vertex 0.20003784 -0.26702774 -0.4003189
  vertex 0.19994517 -0.22650173 -0.4246093
 endloop
endfacet
facet normal 0.4281977 -0.46386725 -0.7755475
 outer loop
  vertex 0.24624087 -0.25477415 -0.3821382
  vertex 0.19994517 -0.22650173 -0.4246093
  vertex 0.2461524 -0.21608867 -0.40532544
 endloop
endfacet
facet normal -0.7397569 -0.3471707 -0.5763959
 outer loop
  vertex -0.36802396 -0.20556575 -0.3063907
  vertex -0.40241626 -0.1845921 -0.27488372
  vertex -0.4024799 -0.1567644 -0.29156303
 endloop
endfacet
facet normal -0.7397568 -0.34717062 -0.57639605
 outer loop
  vertex -0.36802396 -0.20556575 -0.3063907
  vertex -0.4024799 -0.1567644 -0.29156303
  vertex -0.3680949 -0.17454846 -0.32498178
 endloop
endfacet
facet normal 0.51465094 -0.4399263 -0.7359343
 outer loop
  vertex 0.29007253 -0.24006715 -0.36027753
  vertex 0.24624087 -0.25477415 -0.3821382
  vertex 0.2461524 -0.21608867 -0.40532544
 endloop
endfacet
facet normal 0.5146506 -0.4399267 -0.73593426
 outer loop
  vertex 0.29007253 -0.24006715 -0.36027753
  vertex 0.2461524 -0.21608867 -0.40532544
  vertex 0.28998914 -0.20359471 -0.38213834
 endloop
endfacet
facet normal -0.67023957 -0.3826661 -0.6358817
 outer loop
  vertex -0.33008745 -0.22455963 -0.3349467
  vertex -0.36802396 -0.20556575 -0.3063907
  vertex -0.3680949 -0.17454846 -0.32498178
 endloop
endfacet
facet normal -0.67023945 -0.38266596 -0.63588196
 outer loop
  vertex -0.33008745 -0.22455963 -0.3349467
  vertex -0.3680949 -0.17454846 -0.32498178
  vertex -0.33016497 -0.19065152 -0.35527048
 endloop
endfacet
facet normal 0.5961814 -0.41174498 -0.689227
 outer loop
  vertex 0.33111063 -0.22304785 -0.33494693
  vertex 0.29007253 -0.24006715 -0.36027753
  vertex 0.28998914 -0.20359471 -0.38213834
 endloop
endfacet
facet normal 0.5961815 -0.41174474 -0.689227
 outer loop
  vertex 0.33111063 -0.22304785 -0.33494693
  vertex 0.28998914 -0.20359471 -0.38213834
  vertex 0.3310331 -0.18913974 -0.3552707
 endloop
endfacet
facet normal -0.59429294 -0.41446614 -0.6892269
 outer loop
  vertex -0.28897202 -0.24139106 -0.36027732
  vertex -0.33008745 -0.22455963 -0.3349467
  vertex -0.33016497 -0.19065152 -0.35527048
 endloop
endfacet
facet normal -0.59429324 -0.41446644 -0.6892264
 outer loop
  vertex -0.28897202 -0.24139106 -0.36027732
  vertex -0.33016497 -0.19065152 -0.35527048
  vertex -0.2890554 -0.20491862 -0.38213813
 endloop
endfacet
facet normal 0.67198145 -0.37959784 -0.6358824
 outer loop
  vertex 0.36895993 -0.20388067 -0.306391
  vertex 0.33111063 -0.22304785 -0.33494693
  vertex 0.3310331 -0.18913974 -0.3552707
 endloop
endfacet
facet normal 0.67198175 -0.37959722 -0.63588244
 outer loop
  vertex 0.36895993 -0.20388067 -0.306391
  vertex 0.3310331 -0.18913974 -0.3552707
  vertex 0.368889 -0.17286338 -0.32498208
 endloop
endfacet
facet normal -0.5126337 -0.44227543 -0.73593426
 outer loop
  vertex -0.24507359 -0.25589752 -0.38213792
  vertex -0.28897202 -0.24139106 -0.36027732
  vertex -0.2890554 -0.20491862 -0.38213813
 endloop
endfacet
facet normal -0.5126341 -0.44227585 -0.7359337
 outer loop
  vertex -0.24507359 -0.25589752 -0.38213792
  vertex -0.2890554 -0.20491862 -0.38213813
  vertex -0.24516205 -0.21721204 -0.4053252
 endloop
endfacet
facet normal 0.7413366 -0.3437839 -0.5763963
 outer loop
  vertex 0.40325597 -0.18274996 -0.27488402
  vertex 0.36895993 -0.20388067 -0.306391
  vertex 0.368889 -0.17286338 -0.32498208
 endloop
endfacet
facet normal 0.74133646 -0.3437843 -0.5763962
 outer loop
  vertex 0.40325597 -0.18274996 -0.27488402
  vertex 0.368889 -0.17286338 -0.32498208
  vertex 0.40319234 -0.15492226 -0.29156333
 endloop
endfacet
facet normal -0.42607126 -0.4658214 -0.7755473
 outer loop
  vertex -0.19881497 -0.2679397 -0.4003186
  vertex -0.24507359 -0.25589752 -0.38213792
  vertex -0.24516205 -0.21721204 -0.4053252
 endloop
endfacet
facet normal -0.42607048 -0.46582076 -0.77554816
 outer loop
  vertex -0.19881497 -0.2679397 -0.4003186
  vertex -0.24516205 -0.21721204 -0.4053252
  vertex -0.19890764 -0.2274137 -0.42460898
 endloop
endfacet
facet normal 0.8035612 -0.30465302 -0.5113471
 outer loop
  vertex 0.43366843 -0.15985943 -0.2407299
  vertex 0.40325597 -0.18274996 -0.27488402
  vertex 0.40319234 -0.15492226 -0.29156333
 endloop
endfacet
facet normal 0.8035613 -0.3046528 -0.5113471
 outer loop
  vertex 0.43366843 -0.15985943 -0.2407299
  vertex 0.40319234 -0.15492226 -0.29156333
  vertex 0.4336127 -0.13548931 -0.25533682
 endloop
endfacet
facet normal -0.33542466 -0.48488402 -0.8076991
 outer loop
  vertex -0.15064164 -0.27740145 -0.41464406
  vertex -0.19881497 -0.2679397 -0.4003186
  vertex -0.19890764 -0.2274137 -0.42460898
 endloop
endfacet
facet normal -0.33542502 -0.48488432 -0.8076988
 outer loop
  vertex -0.15064164 -0.27740145 -0.41464406
  vertex -0.19890764 -0.2274137 -0.42460898
  vertex -0.15073763 -0.23542525 -0.4398037
 endloop
endfacet
facet normal 0.8580589 -0.26257354 -0.44135025
 outer loop
  vertex 0.45990434 -0.13542908 -0.2042573
  vertex 0.43366843 -0.15985943 -0.2407299
  vertex 0.4336127 -0.13548931 -0.25533682
 endloop
endfacet
facet normal 0.85805863 -0.26257476 -0.4413501
 outer loop
  vertex 0.45990434 -0.13542908 -0.2042573
  vertex 0.4336127 -0.13548931 -0.25533682
  vertex 0.45985708 -0.11475126 -0.21665116
 endloop
endfacet
facet normal -0.24156491 -0.49928468 -0.83208245
 outer loop
  vertex -0.10101761 -0.28419173 -0.42497614
  vertex -0.15064164 -0.27740145 -0.41464406
  vertex -0.15073763 -0.23542525 -0.4398037
 endloop
endfacet
facet normal -0.24156457 -0.49928445 -0.8320827
 outer loop
  vertex -0.10101761 -0.28419173 -0.42497614
  vertex -0.15073763 -0.23542525 -0.4398037
  vertex -0.10111599 -0.24116954 -0.4507627
 endloop
endfacet
facet normal 0.904291 -0.21795703 -0.3670866
 outer loop
  vertex 0.4817112 -0.10969452 -0.16581753
  vertex 0.45990434 -0.13542908 -0.2042573
  vertex 0.45985708 -0.11475126 -0.21665116
 endloop
endfacet
facet normal 0.90429115 -0.21795571 -0.3670868
 outer loop
  vertex 0.4817112 -0.10969452 -0.16581753
  vertex 0.45985708 -0.11475126 -0.21665116
  vertex 0.48167282 -0.09290811 -0.17587893
 endloop
endfacet
facet normal -0.14539358 -0.5088851 -0.8484673
 outer loop
  vertex -0.050420675 -0.28824496 -0.43121544
  vertex -0.10101761 -0.28419173 -0.42497614
  vertex -0.10111599 -0.24116954 -0.4507627
 endloop
endfacet
facet normal -0.14539365 -0.508885 -0.84846723
 outer loop
  vertex -0.050420675 -0.28824496 -0.43121544
  vertex -0.10111599 -0.24116954 -0.4507627
  vertex -0.050520495 -0.24459112 -0.4573806
 endloop
endfacet
facet normal -0.9889757 -0.0777854 -0.1260026
 outer loop
  vertex -0.51098394 -0.05765177 -0.0845329
  vertex -0.5185521 -0.029564008 -0.04247084
  vertex -0.51856196 -0.02526448 -0.045047883
 endloop
endfacet
facet normal -0.9889756 -0.07778349 -0.12600413
 outer loop
  vertex -0.51098394 -0.05765177 -0.0845329
  vertex -0.51856196 -0.02526448 -0.045047883
  vertex -0.5110035 -0.04909412 -0.08966217
 endloop
endfacet
facet normal 0.94180846 -0.17122887 -0.28927094
 outer loop
  vertex 0.49887893 -0.08290376 -0.1257812
  vertex 0.4817112 -0.10969452 -0.16581753
  vertex 0.48167282 -0.09290811 -0.17587893
 endloop
endfacet
facet normal 0.9418084 -0.17122893 -0.28927088
 outer loop
  vertex 0.49887893 -0.08290376 -0.1257812
  vertex 0.48167282 -0.09290811 -0.17587893
  vertex 0.4988498 -0.0701704 -0.13341329
 endloop
endfacet
facet normal -0.047833893 -0.5135954 -0.8566981
 outer loop
  vertex 0.000661846 -0.2895222 -0.43330193
  vertex -0.050420675 -0.28824496 -0.43121544
  vertex -0.050520495 -0.24459112 -0.4573806
 endloop
endfacet
facet normal -0.047833998 -0.51359546 -0.85669804
 outer loop
  vertex 0.000661846 -0.2895222 -0.43330193
  vertex -0.050520495 -0.24459112 -0.4573806
  vertex 0.00056154066 -0.24565715 -0.45959368
 endloop
endfacet
facet normal -0.9696737 -0.12727447 -0.20864823
 outer loop
  vertex -0.4984947 -0.085184194 -0.1257808
  vertex -0.51098394 -0.05765177 -0.0845329
  vertex -0.5110035 -0.04909412 -0.08966217
 endloop
endfacet
facet normal -0.9696739 -0.12727588 -0.2086469
 outer loop
  vertex -0.4984947 -0.085184194 -0.1257808
  vertex -0.5110035 -0.04909412 -0.08966217
  vertex -0.49852383 -0.07245084 -0.13341291
 endloop
endfacet
facet normal 0.97024554 -0.12284025 -0.20864779
 outer loop
  vertex 0.51124215 -0.05531447 -0.08453327
  vertex 0.49887893 -0.08290376 -0.1257812
  vertex 0.4988498 -0.0701704 -0.13341329
 endloop
endfacet
facet normal 0.97024536 -0.122842126 -0.20864716
 outer loop
  vertex 0.51124215 -0.05531447 -0.08453327
  vertex 0.4988498 -0.0701704 -0.13341329
  vertex 0.5112226 -0.04675682 -0.08966254
 endloop
endfacet
facet normal 0.050181177 -0.5133714 -0.8566981
 outer loop
  vertex 0.051737927 -0.28801137 -0.4312155
  vertex 0.000661846 -0.2895222 -0.43330193
  vertex 0.00056154066 -0.24565715 -0.45959368
 endloop
endfacet
facet normal 0.05018127 -0.51337135 -0.85669816
 outer loop
  vertex 0.051737927 -0.28801137 -0.4312155
  vertex 0.00056154066 -0.24565715 -0.45959368
  vertex 0.051638108 -0.24435753 -0.45738065
 endloop
endfacet
facet normal -0.9410157 -0.17553419 -0.28927004
 outer loop
  vertex -0.4812047 -0.11189617 -0.16581717
  vertex -0.4984947 -0.085184194 -0.1257808
  vertex -0.49852383 -0.07245084 -0.13341291
 endloop
endfacet
facet normal -0.94101566 -0.1755339 -0.2892703
 outer loop
  vertex -0.4812047 -0.11189617 -0.16581717
  vertex -0.49852383 -0.07245084 -0.13341291
  vertex -0.48124307 -0.09510976 -0.17587857
 endloop
endfacet
facet normal 0.98932093 -0.07326296 -0.12600239
 outer loop
  vertex 0.5186818 -0.027192404 -0.04247122
  vertex 0.51124215 -0.05531447 -0.08453327
  vertex 0.5112226 -0.04675682 -0.08966254
 endloop
endfacet
facet normal 0.989321 -0.073260605 -0.12600335
 outer loop
  vertex 0.5186818 -0.027192404 -0.04247122
  vertex 0.5112226 -0.04675682 -0.08966254
  vertex 0.518672 -0.022892876 -0.045048263
 endloop
endfacet
facet normal 0.3374501 -0.4018462 -0.8512621
 outer loop
  vertex 0.19994517 -0.22650173 -0.4246093
  vertex 0.15181234 -0.23473348 -0.43980384
  vertex 0.15171118 -0.1904933 -0.46072793
 endloop
endfacet
facet normal 0.3374504 -0.40184584 -0.8512621
 outer loop
  vertex 0.19994517 -0.22650173 -0.4246093
  vertex 0.15171118 -0.1904933 -0.46072793
  vertex 0.1998475 -0.18378998 -0.44481048
 endloop
endfacet
facet normal -0.80227846 -0.25672823 -0.53892475
 outer loop
  vertex -0.4024799 -0.1567644 -0.29156303
  vertex -0.43298873 -0.13747075 -0.25533652
  vertex -0.43304747 -0.11178627 -0.26748443
 endloop
endfacet
facet normal -0.80227816 -0.2567277 -0.53892547
 outer loop
  vertex -0.4024799 -0.1567644 -0.29156303
  vertex -0.43304747 -0.11178627 -0.26748443
  vertex -0.40254694 -0.12743586 -0.30543444
 endloop
endfacet
facet normal 0.42801878 -0.3856118 -0.8173759
 outer loop
  vertex 0.2461524 -0.21608867 -0.40532544
  vertex 0.19994517 -0.22650173 -0.4246093
  vertex 0.1998475 -0.18378998 -0.44481048
 endloop
endfacet
facet normal 0.42801878 -0.38561192 -0.81737596
 outer loop
  vertex 0.2461524 -0.21608867 -0.40532544
  vertex 0.1998475 -0.18378998 -0.44481048
  vertex 0.24605916 -0.17531669 -0.42460918
 endloop
endfacet
facet normal -0.73988986 -0.28901058 -0.60748327
 outer loop
  vertex -0.3680949 -0.17454846 -0.32498178
  vertex -0.4024799 -0.1567644 -0.29156303
  vertex -0.40254694 -0.12743586 -0.30543444
 endloop
endfacet
facet normal -0.7398898 -0.2890105 -0.6074834
 outer loop
  vertex -0.3680949 -0.17454846 -0.32498178
  vertex -0.40254694 -0.12743586 -0.30543444
  vertex -0.36816964 -0.1418583 -0.3404431
 endloop
endfacet
facet normal 0.5144809 -0.3656681 -0.77562636
 outer loop
  vertex 0.28998914 -0.20359471 -0.38213834
  vertex 0.2461524 -0.21608867 -0.40532544
  vertex 0.24605916 -0.17531669 -0.42460918
 endloop
endfacet
facet normal 0.5144804 -0.36566883 -0.77562636
 outer loop
  vertex 0.28998914 -0.20359471 -0.38213834
  vertex 0.24605916 -0.17531669 -0.42460918
  vertex 0.28990126 -0.16515517 -0.40031895
 endloop
endfacet
facet normal -0.670386 -0.31850377 -0.6701775
 outer loop
  vertex -0.33016497 -0.19065152 -0.35527048
  vertex -0.3680949 -0.17454846 -0.32498178
  vertex -0.36816964 -0.1418583 -0.3404431
 endloop
endfacet
facet normal -0.6703862 -0.31850404 -0.67017716
 outer loop
  vertex -0.33016497 -0.19065152 -0.35527048
  vertex -0.36816964 -0.1418583 -0.3404431
  vertex -0.3302467 -0.15491459 -0.37217283
 endloop
endfacet
facet normal 0.5960224 -0.3421998 -0.72639966
 outer loop
  vertex 0.3310331 -0.18913974 -0.3552707
  vertex 0.28998914 -0.20359471 -0.38213834
  vertex 0.28990126 -0.16515517 -0.40031895
 endloop
endfacet
facet normal 0.5960227 -0.3421995 -0.72639966
 outer loop
  vertex 0.3310331 -0.18913974 -0.3552707
  vertex 0.28990126 -0.16515517 -0.40031895
  vertex 0.3309514 -0.1534028 -0.37217307
 endloop
endfacet
facet normal -0.59445226 -0.34492144 -0.7263991
 outer loop
  vertex -0.2890554 -0.20491862 -0.38213813
  vertex -0.33016497 -0.19065152 -0.35527048
  vertex -0.3302467 -0.15491459 -0.37217283
 endloop
endfacet
facet normal -0.5944523 -0.34492144 -0.7263991
 outer loop
  vertex -0.2890554 -0.20491862 -0.38213813
  vertex -0.3302467 -0.15491459 -0.37217283
  vertex -0.2891433 -0.16647908 -0.40031874
 endloop
endfacet
facet normal 0.671835 -0.3154352 -0.67017794
 outer loop
  vertex 0.368889 -0.17286338 -0.32498208
  vertex 0.3310331 -0.18913974 -0.3552707
  vertex 0.3309514 -0.1534028 -0.37217307
 endloop
endfacet
facet normal 0.671835 -0.31543502 -0.67017794
 outer loop
  vertex 0.368889 -0.17286338 -0.32498208
  vertex 0.3309514 -0.1534028 -0.37217307
  vertex 0.36881426 -0.14017321 -0.3404434
 endloop
endfacet
facet normal -0.51280385 -0.36801738 -0.7756258
 outer loop
  vertex -0.24516205 -0.21721204 -0.4053252
  vertex -0.2890554 -0.20491862 -0.38213813
  vertex -0.2891433 -0.16647908 -0.40031874
 endloop
endfacet
facet normal -0.5128036 -0.36801714 -0.7756261
 outer loop
  vertex -0.24516205 -0.21721204 -0.4053252
  vertex -0.2891433 -0.16647908 -0.40031874
  vertex -0.24525529 -0.17644006 -0.42460895
 endloop
endfacet
facet normal 0.7412035 -0.2856241 -0.60748357
 outer loop
  vertex 0.40319234 -0.15492226 -0.29156333
  vertex 0.368889 -0.17286338 -0.32498208
  vertex 0.36881426 -0.14017321 -0.3404434
 endloop
endfacet
facet normal 0.74120337 -0.2856244 -0.60748357
 outer loop
  vertex 0.40319234 -0.15492226 -0.29156333
  vertex 0.36881426 -0.14017321 -0.3404434
  vertex 0.4031253 -0.12559372 -0.30543473
 endloop
endfacet
facet normal -0.4262494 -0.38756567 -0.8173765
 outer loop
  vertex -0.19890764 -0.2274137 -0.42460898
  vertex -0.24516205 -0.21721204 -0.4053252
  vertex -0.24525529 -0.17644006 -0.42460895
 endloop
endfacet
facet normal -0.4262501 -0.3875663 -0.8173758
 outer loop
  vertex -0.19890764 -0.2274137 -0.42460898
  vertex -0.24525529 -0.17644006 -0.42460895
  vertex -0.1990053 -0.18470196 -0.4448102
 endloop
endfacet
facet normal 0.8034434 -0.25305662 -0.5389258
 outer loop
  vertex 0.4336127 -0.13548931 -0.25533682
  vertex 0.40319234 -0.15492226 -0.29156333
  vertex 0.4031253 -0.12559372 -0.30543473
 endloop
endfacet
facet normal 0.8034435 -0.25305635 -0.5389258
 outer loop
  vertex 0.4336127 -0.13548931 -0.25533682
  vertex 0.4031253 -0.12559372 -0.30543473
  vertex 0.43355396 -0.10980482 -0.26748472
 endloop
endfacet
facet normal -0.33561143 -0.40338555 -0.85126084
 outer loop
  vertex -0.15073763 -0.23542525 -0.4398037
  vertex -0.19890764 -0.2274137 -0.42460898
  vertex -0.1990053 -0.18470196 -0.4448102
 endloop
endfacet
facet normal -0.3356108 -0.40338498 -0.8512614
 outer loop
  vertex -0.15073763 -0.23542525 -0.4398037
  vertex -0.1990053 -0.18470196 -0.4448102
  vertex -0.15083879 -0.19118507 -0.46072778
 endloop
endfacet
facet normal 0.85795677 -0.21804024 -0.46515438
 outer loop
  vertex 0.45985708 -0.11475126 -0.21665116
  vertex 0.4336127 -0.13548931 -0.25533682
  vertex 0.43355396 -0.10980482 -0.26748472
 endloop
endfacet
facet normal 0.85795677 -0.21804063 -0.46515438
 outer loop
  vertex 0.45985708 -0.11475126 -0.21665116
  vertex 0.43355396 -0.10980482 -0.26748472
  vertex 0.45980725 -0.09295819 -0.22695854
 endloop
endfacet
facet normal -0.24175648 -0.41532496 -0.8769601
 outer loop
  vertex -0.10111599 -0.24116954 -0.4507627
  vertex -0.15073763 -0.23542525 -0.4398037
  vertex -0.15083879 -0.19118507 -0.46072778
 endloop
endfacet
facet normal -0.24175672 -0.41532516 -0.8769599
 outer loop
  vertex -0.10111599 -0.24116954 -0.4507627
  vertex -0.15083879 -0.19118507 -0.46072778
  vertex -0.10121967 -0.195827 -0.47220817
 endloop
endfacet
facet normal 0.9042065 -0.1809161 -0.38688496
 outer loop
  vertex 0.48167282 -0.09290811 -0.17587893
  vertex 0.45985708 -0.11475126 -0.21665116
  vertex 0.45980725 -0.09295819 -0.22695854
 endloop
endfacet
facet normal 0.9042064 -0.18091674 -0.3868849
 outer loop
  vertex 0.48167282 -0.09290811 -0.17587893
  vertex 0.45980725 -0.09295819 -0.22695854
  vertex 0.48163238 -0.075216345 -0.18424654
 endloop
endfacet
facet normal -0.14558955 -0.42327255 -0.8942281
 outer loop
  vertex -0.050520495 -0.24459112 -0.4573806
  vertex -0.10111599 -0.24116954 -0.4507627
  vertex -0.10121967 -0.195827 -0.47220817
 endloop
endfacet
facet normal -0.14558971 -0.4232727 -0.89422804
 outer loop
  vertex -0.050520495 -0.24459112 -0.4573806
  vertex -0.10121967 -0.195827 -0.47220817
  vertex -0.0506257 -0.19858289 -0.47914094
 endloop
endfacet
facet normal -0.98900455 -0.065062284 -0.13280377
 outer loop
  vertex -0.5110035 -0.04909412 -0.08966217
  vertex -0.51856196 -0.02526448 -0.045047883
  vertex -0.5185723 -0.020733062 -0.04719109
 endloop
endfacet
facet normal -0.9890048 -0.06507048 -0.13279836
 outer loop
  vertex -0.5110035 -0.04909412 -0.08966217
  vertex -0.5185723 -0.020733062 -0.04719109
  vertex -0.5110241 -0.040074915 -0.09392794
 endloop
endfacet
facet normal 0.9417416 -0.14204153 -0.30487198
 outer loop
  vertex 0.4988498 -0.0701704 -0.13341329
  vertex 0.48167282 -0.09290811 -0.17587893
  vertex 0.48163238 -0.075216345 -0.18424654
 endloop
endfacet
facet normal 0.9417415 -0.1420423 -0.30487186
 outer loop
  vertex 0.4988498 -0.0701704 -0.13341329
  vertex 0.48163238 -0.075216345 -0.18424654
  vertex 0.49881914 -0.05675029 -0.13976055
 endloop
endfacet
facet normal -0.04803182 -0.42715254 -0.90290296
 outer loop
  vertex 0.00056154066 -0.24565715 -0.45959368
  vertex -0.050520495 -0.24459112 -0.4573806
  vertex -0.0506257 -0.19858289 -0.47914094
 endloop
endfacet
facet normal -0.04803086 -0.42715165 -0.9029033
 outer loop
  vertex 0.00056154066 -0.24565715 -0.45959368
  vertex -0.0506257 -0.19858289 -0.47914094
  vertex 0.00045582766 -0.19942631 -0.48145926
 endloop
endfacet
facet normal -0.96972203 -0.1062225 -0.21990016
 outer loop
  vertex -0.49852383 -0.07245084 -0.13341291
  vertex -0.5110035 -0.04909412 -0.08966217
  vertex -0.5110241 -0.040074915 -0.09392794
 endloop
endfacet
facet normal -0.9697219 -0.1062215 -0.21990089
 outer loop
  vertex -0.49852383 -0.07245084 -0.13341291
  vertex -0.5110241 -0.040074915 -0.09392794
  vertex -0.4985545 -0.059030723 -0.13976017
 endloop
endfacet
facet normal 0.97019726 -0.10178864 -0.2199005
 outer loop
  vertex 0.5112226 -0.04675682 -0.08966254
  vertex 0.4988498 -0.0701704 -0.13341329
  vertex 0.49881914 -0.05675029 -0.13976055
 endloop
endfacet
facet normal 0.9701974 -0.10178706 -0.21990085
 outer loop
  vertex 0.5112226 -0.04675682 -0.08966254
  vertex 0.49881914 -0.05675029 -0.13976055
  vertex 0.511202 -0.03773762 -0.09392831
 endloop
endfacet
facet normal 0.04998372 -0.42692757 -0.9029034
 outer loop
  vertex 0.051638108 -0.24435753 -0.45738065
  vertex 0.00056154066 -0.24565715 -0.45959368
  vertex 0.00045582766 -0.19942631 -0.48145926
 endloop
endfacet
facet normal 0.049982764 -0.42692846 -0.902903
 outer loop
  vertex 0.051638108 -0.24435753 -0.45738065
  vertex 0.00045582766 -0.19942631 -0.48145926
  vertex 0.0515329 -0.1983493 -0.479141
 endloop
endfacet
facet normal -0.9410824 -0.14634465 -0.30487236
 outer loop
  vertex -0.48124307 -0.09510976 -0.17587857
  vertex -0.49852383 -0.07245084 -0.13341291
  vertex -0.4985545 -0.059030723 -0.13976017
 endloop
endfacet
facet normal -0.94108254 -0.14634533 -0.30487168
 outer loop
  vertex -0.48124307 -0.09510976 -0.17587857
  vertex -0.4985545 -0.059030723 -0.13976017
  vertex -0.48128352 -0.077418 -0.18424618
 endloop
endfacet
facet normal 0.98929197 -0.060547188 -0.1327989
 outer loop
  vertex 0.518672 -0.022892876 -0.045048263
  vertex 0.5112226 -0.04675682 -0.08966254
  vertex 0.511202 -0.03773762 -0.09392831
 endloop
endfacet
facet normal 0.9892918 -0.060556855 -0.13279594
 outer loop
  vertex 0.518672 -0.022892876 -0.045048263
  vertex 0.511202 -0.03773762 -0.09392831
  vertex 0.5186617 -0.01836146 -0.04719147
 endloop
endfacet
facet normal 0.14752352 -0.4226025 -0.89422816
 outer loop
  vertex 0.102217436 -0.24070463 -0.45076275
  vertex 0.051638108 -0.24435753 -0.45738065
  vertex 0.0515329 -0.1983493 -0.479141
 endloop
endfacet
facet normal 0.14752369 -0.4226023 -0.89422816
 outer loop
  vertex 0.102217436 -0.24070463 -0.45076275
  vertex 0.0515329 -0.1983493 -0.479141
  vertex 0.10211375 -0.19536209 -0.47220823
 endloop
endfacet
facet normal -0.9033697 -0.18504874 -0.38688508
 outer loop
  vertex -0.4593277 -0.11685288 -0.21665075
  vertex -0.48124307 -0.09510976 -0.17587857
  vertex -0.48128352 -0.077418 -0.18424618
 endloop
endfacet
facet normal -0.9033698 -0.18504883 -0.38688496
 outer loop
  vertex -0.4593277 -0.11685288 -0.21665075
  vertex -0.48128352 -0.077418 -0.18424618
  vertex -0.45937753 -0.09505981 -0.22695813
 endloop
endfacet
facet normal 0.24365146 -0.41421542 -0.8769604
 outer loop
  vertex 0.15181234 -0.23473348 -0.43980384
  vertex 0.102217436 -0.24070463 -0.45076275
  vertex 0.10211375 -0.19536209 -0.47220823
 endloop
endfacet
facet normal 0.2436517 -0.4142152 -0.87696046
 outer loop
  vertex 0.15181234 -0.23473348 -0.43980384
  vertex 0.10211375 -0.19536209 -0.47220823
  vertex 0.15171118 -0.1904933 -0.46072793
 endloop
endfacet
facet normal -0.85695106 -0.2219612 -0.46515387
 outer loop
  vertex -0.43298873 -0.13747075 -0.25533652
  vertex -0.4593277 -0.11685288 -0.21665075
  vertex -0.45937753 -0.09505981 -0.22695813
 endloop
endfacet
facet normal -0.8569513 -0.2219618 -0.46515325
 outer loop
  vertex -0.43298873 -0.13747075 -0.25533652
  vertex -0.45937753 -0.09505981 -0.22695813
  vertex -0.43304747 -0.11178627 -0.26748443
 endloop
endfacet
facet normal 0.5143027 -0.28787822 -0.8078483
 outer loop
  vertex 0.28990126 -0.16515517 -0.40031895
  vertex 0.24605916 -0.17531669 -0.42460918
  vertex 0.24596207 -0.13285093 -0.43980375
 endloop
endfacet
facet normal 0.514303 -0.28787765 -0.80784833
 outer loop
  vertex 0.28990126 -0.16515517 -0.40031895
  vertex 0.24596207 -0.13285093 -0.43980375
  vertex 0.2898097 -0.12511872 -0.41464427
 endloop
endfacet
facet normal -0.6705398 -0.25128883 -0.6980188
 outer loop
  vertex -0.3302467 -0.15491459 -0.37217283
  vertex -0.36816964 -0.1418583 -0.3404431
  vertex -0.3682475 -0.10781007 -0.35262576
 endloop
endfacet
facet normal -0.6705399 -0.251289 -0.6980186
 outer loop
  vertex -0.3302467 -0.15491459 -0.37217283
  vertex -0.3682475 -0.10781007 -0.35262576
  vertex -0.3303318 -0.11769302 -0.38549095
 endloop
endfacet
facet normal 0.595856 -0.26934582 -0.7565767
 outer loop
  vertex 0.3309514 -0.1534028 -0.37217307
  vertex 0.28990126 -0.16515517 -0.40031895
  vertex 0.2898097 -0.12511872 -0.41464427
 endloop
endfacet
facet normal 0.59585613 -0.26934567 -0.7565768
 outer loop
  vertex 0.3309514 -0.1534028 -0.37217307
  vertex 0.2898097 -0.12511872 -0.41464427
  vertex 0.33086628 -0.116181254 -0.3854912
 endloop
endfacet
facet normal -0.59461886 -0.2720677 -0.75657624
 outer loop
  vertex -0.2891433 -0.16647908 -0.40031874
  vertex -0.3302467 -0.15491459 -0.37217283
  vertex -0.3303318 -0.11769302 -0.38549095
 endloop
endfacet
facet normal -0.59461904 -0.2720679 -0.75657606
 outer loop
  vertex -0.2891433 -0.16647908 -0.40031874
  vertex -0.3303318 -0.11769302 -0.38549095
  vertex -0.28923485 -0.12644263 -0.41464406
 endloop
endfacet
facet normal 0.6716812 -0.24822012 -0.6980195
 outer loop
  vertex 0.36881426 -0.14017321 -0.3404434
  vertex 0.3309514 -0.1534028 -0.37217307
  vertex 0.33086628 -0.116181254 -0.3854912
 endloop
endfacet
facet normal 0.67168164 -0.24821915 -0.6980193
 outer loop
  vertex 0.36881426 -0.14017321 -0.3404434
  vertex 0.33086628 -0.116181254 -0.3854912
  vertex 0.3687364 -0.10612499 -0.35262606
 endloop
endfacet
facet normal -0.51298153 -0.2902267 -0.80784804
 outer loop
  vertex -0.24525529 -0.17644006 -0.42460895
  vertex -0.2891433 -0.16647908 -0.40031874
  vertex -0.28923485 -0.12644263 -0.41464406
 endloop
endfacet
facet normal -0.5129817 -0.29022685 -0.8078478
 outer loop
  vertex -0.24525529 -0.17644006 -0.42460895
  vertex -0.28923485 -0.12644263 -0.41464406
  vertex -0.24535239 -0.1339743 -0.4398035
 endloop
endfacet
facet normal 0.7410641 -0.22469626 -0.63272077
 outer loop
  vertex 0.4031253 -0.12559372 -0.30543473
  vertex 0.36881426 -0.14017321 -0.3404434
  vertex 0.3687364 -0.10612499 -0.35262606
 endloop
endfacet
facet normal 0.74106395 -0.22469662 -0.6327208
 outer loop
  vertex 0.4031253 -0.12559372 -0.30543473
  vertex 0.3687364 -0.10612499 -0.35262606
  vertex 0.40305543 -0.09504677 -0.31636462
 endloop
endfacet
facet normal -0.4264376 -0.3055881 -0.8513324
 outer loop
  vertex -0.1990053 -0.18470196 -0.4448102
  vertex -0.24525529 -0.17644006 -0.42460895
  vertex -0.24535239 -0.1339743 -0.4398035
 endloop
endfacet
facet normal -0.42643705 -0.30558753 -0.8513329
 outer loop
  vertex -0.1990053 -0.18470196 -0.4448102
  vertex -0.24535239 -0.1339743 -0.4398035
  vertex -0.19910702 -0.14021586 -0.46072763
 endloop
endfacet
facet normal 0.80332 -0.19900468 -0.56131464
 outer loop
  vertex 0.43355396 -0.10980482 -0.26748472
  vertex 0.4031253 -0.12559372 -0.30543473
  vertex 0.40305543 -0.09504677 -0.31636462
 endloop
endfacet
facet normal 0.8033198 -0.19900508 -0.56131476
 outer loop
  vertex 0.43355396 -0.10980482 -0.26748472
  vertex 0.40305543 -0.09504677 -0.31636462
  vertex 0.43349278 -0.0830533 -0.2770566
 endloop
endfacet
facet normal -0.33580607 -0.31800827 -0.8866257
 outer loop
  vertex -0.15083879 -0.19118507 -0.46072778
  vertex -0.1990053 -0.18470196 -0.4448102
  vertex -0.19910702 -0.14021586 -0.46072763
 endloop
endfacet
facet normal -0.33580568 -0.31800792 -0.88662595
 outer loop
  vertex -0.15083879 -0.19118507 -0.46072778
  vertex -0.19910702 -0.14021586 -0.46072763
  vertex -0.15094416 -0.14510702 -0.47721478
 endloop
endfacet
facet normal 0.85784996 -0.17138785 -0.4844787
 outer loop
  vertex 0.45980725 -0.09295819 -0.22695854
  vertex 0.43355396 -0.10980482 -0.26748472
  vertex 0.43349278 -0.0830533 -0.2770566
 endloop
endfacet
facet normal 0.85785013 -0.1713873 -0.48447868
 outer loop
  vertex 0.45980725 -0.09295819 -0.22695854
  vertex 0.43349278 -0.0830533 -0.2770566
  vertex 0.45975533 -0.07025975 -0.23508018
 endloop
endfacet
facet normal -0.24195774 -0.32737043 -0.91339207
 outer loop
  vertex -0.10121967 -0.195827 -0.47220817
  vertex -0.15083879 -0.19118507 -0.46072778
  vertex -0.15094416 -0.14510702 -0.47721478
 endloop
endfacet
facet normal -0.24195878 -0.3273714 -0.91339135
 outer loop
  vertex -0.10121967 -0.195827 -0.47220817
  vertex -0.15094416 -0.14510702 -0.47721478
  vertex -0.10132766 -0.14860079 -0.48910606
 endloop
endfacet
facet normal 0.90411764 -0.14211293 -0.402958
 outer loop
  vertex 0.48163238 -0.075216345 -0.18424654
  vertex 0.45980725 -0.09295819 -0.22695854
  vertex 0.45975533 -0.07025975 -0.23508018
 endloop
endfacet
facet normal 0.9041176 -0.14211309 -0.402958
 outer loop
  vertex 0.48163238 -0.075216345 -0.18424654
  vertex 0.45975533 -0.07025975 -0.23508018
  vertex 0.48159024 -0.056789596 -0.19083974
 endloop
endfacet
facet normal -0.14579496 -0.33358696 -0.93137723
 outer loop
  vertex -0.0506257 -0.19858289 -0.47914094
  vertex -0.10121967 -0.195827 -0.47220817
  vertex -0.10132766 -0.14860079 -0.48910606
 endloop
endfacet
facet normal -0.1457942 -0.33358625 -0.9313776
 outer loop
  vertex -0.0506257 -0.19858289 -0.47914094
  vertex -0.10132766 -0.14860079 -0.48910606
  vertex -0.050735272 -0.15066332 -0.49628687
 endloop
endfacet
facet normal -0.98903525 -0.051761884 -0.13831097
 outer loop
  vertex -0.5110241 -0.040074915 -0.09392794
  vertex -0.5185723 -0.020733062 -0.04719109
  vertex -0.5185831 -0.016013393 -0.04887982
 endloop
endfacet
facet normal -0.98903495 -0.05175005 -0.13831726
 outer loop
  vertex -0.5110241 -0.040074915 -0.09392794
  vertex -0.5185831 -0.016013393 -0.04887982
  vertex -0.5110456 -0.03068103 -0.09728914
 endloop
endfacet
facet normal 0.94167167 -0.11146345 -0.3175381
 outer loop
  vertex 0.49881914 -0.05675029 -0.13976055
  vertex 0.48163238 -0.075216345 -0.18424654
  vertex 0.48159024 -0.056789596 -0.19083974
 endloop
endfacet
facet normal 0.94167167 -0.11146294 -0.3175381
 outer loop
  vertex 0.49881914 -0.05675029 -0.13976055
  vertex 0.48159024 -0.056789596 -0.19083974
  vertex 0.49878716 -0.04277266 -0.14476185
 endloop
endfacet
facet normal -0.048238028 -0.33659604 -0.94041276
 outer loop
  vertex 0.00045582766 -0.19942631 -0.48145926
  vertex -0.0506257 -0.19858289 -0.47914094
  vertex -0.050735272 -0.15066332 -0.49628687
 endloop
endfacet
facet normal -0.04823808 -0.3365961 -0.94041276
 outer loop
  vertex 0.00045582766 -0.19942631 -0.48145926
  vertex -0.050735272 -0.15066332 -0.49628687
  vertex 0.00034572498 -0.15127486 -0.49868816
 endloop
endfacet
facet normal -0.9697724 -0.08416602 -0.22903661
 outer loop
  vertex -0.4985545 -0.059030723 -0.13976017
  vertex -0.5110241 -0.040074915 -0.09392794
  vertex -0.5110456 -0.03068103 -0.09728914
 endloop
endfacet
facet normal -0.9697725 -0.08416901 -0.22903463
 outer loop
  vertex -0.4985545 -0.059030723 -0.13976017
  vertex -0.5110456 -0.03068103 -0.09728914
  vertex -0.49858648 -0.04505309 -0.14476147
 endloop
endfacet
facet normal 0.97014695 -0.07973137 -0.2290366
 outer loop
  vertex 0.511202 -0.03773762 -0.09392831
  vertex 0.49881914 -0.05675029 -0.13976055
  vertex 0.49878716 -0.04277266 -0.14476185
 endloop
endfacet
facet normal 0.9701467 -0.079734705 -0.22903626
 outer loop
  vertex 0.511202 -0.03773762 -0.09392831
  vertex 0.49878716 -0.04277266 -0.14476185
  vertex 0.5111805 -0.028343733 -0.0972895
 endloop
endfacet
facet normal 0.049775768 -0.336372 -0.9404128
 outer loop
  vertex 0.0515329 -0.1983493 -0.479141
  vertex 0.00045582766 -0.19942631 -0.48145926
  vertex 0.00034572498 -0.15127486 -0.49868816
 endloop
endfacet
facet normal 0.04977582 -0.336372 -0.9404129
 outer loop
  vertex 0.0515329 -0.1983493 -0.479141
  vertex 0.00034572498 -0.15127486 -0.49868816
  vertex 0.05142333 -0.15042973 -0.49628693
 endloop
endfacet
facet normal -0.9411525 -0.115770176 -0.31753638
 outer loop
  vertex -0.48128352 -0.077418 -0.18424618
  vertex -0.4985545 -0.059030723 -0.13976017
  vertex -0.49858648 -0.04505309 -0.14476147
 endloop
endfacet
facet normal -0.94115233 -0.115769066 -0.31753722
 outer loop
  vertex -0.48128352 -0.077418 -0.18424618
  vertex -0.49858648 -0.04505309 -0.14476147
  vertex -0.48132566 -0.058991257 -0.19083938
 endloop
endfacet
facet normal 0.9892613 -0.047230642 -0.13831583
 outer loop
  vertex 0.5186617 -0.01836146 -0.04719147
  vertex 0.511202 -0.03773762 -0.09392831
  vertex 0.5111805 -0.028343733 -0.0972895
 endloop
endfacet
facet normal 0.98926157 -0.047217544 -0.13831846
 outer loop
  vertex 0.5186617 -0.01836146 -0.04719147
  vertex 0.5111805 -0.028343733 -0.0972895
  vertex 0.5186508 -0.013641792 -0.0488802
 endloop
endfacet
facet normal 0.14731881 -0.33291605 -0.93137753
 outer loop
  vertex 0.10211375 -0.19536209 -0.47220823
  vertex 0.0515329 -0.1983493 -0.479141
  vertex 0.05142333 -0.15042973 -0.49628693
 endloop
endfacet
facet normal 0.14731807 -0.33291677 -0.9313774
 outer loop
  vertex 0.10211375 -0.19536209 -0.47220823
  vertex 0.05142333 -0.15042973 -0.49628693
  vertex 0.102005765 -0.14813587 -0.48910612
 endloop
endfacet
facet normal -0.9034584 -0.14624667 -0.4029574
 outer loop
  vertex -0.45937753 -0.09505981 -0.22695813
  vertex -0.48128352 -0.077418 -0.18424618
  vertex -0.48132566 -0.058991257 -0.19083938
 endloop
endfacet
facet normal -0.90345854 -0.14624697 -0.4029571
 outer loop
  vertex -0.45937753 -0.09505981 -0.22695813
  vertex -0.48132566 -0.058991257 -0.19083938
  vertex -0.45942944 -0.07236139 -0.23507977
 endloop
endfacet
facet normal 0.24345046 -0.3262617 -0.9133921
 outer loop
  vertex 0.15171118 -0.1904933 -0.46072793
  vertex 0.10211375 -0.19536209 -0.47220823
  vertex 0.102005765 -0.14813587 -0.48910612
 endloop
endfacet
facet normal 0.24345158 -0.3262605 -0.91339225
 outer loop
  vertex 0.15171118 -0.1904933 -0.46072793
  vertex 0.102005765 -0.14813587 -0.48910612
  vertex 0.15160581 -0.14441524 -0.47721493
 endloop
endfacet
facet normal -0.85705787 -0.17530932 -0.48447743
 outer loop
  vertex -0.43304747 -0.11178627 -0.26748443
  vertex -0.45937753 -0.09505981 -0.22695813
  vertex -0.45942944 -0.07236139 -0.23507977
 endloop
endfacet
facet normal -0.857058 -0.1753095 -0.48447716
 outer loop
  vertex -0.43304747 -0.11178627 -0.26748443
  vertex -0.45942944 -0.07236139 -0.23507977
  vertex -0.43310866 -0.08503475 -0.2770563
 endloop
endfacet
facet normal 0.33725512 -0.31646898 -0.88662636
 outer loop
  vertex 0.1998475 -0.18378998 -0.44481048
  vertex 0.15171118 -0.1904933 -0.46072793
  vertex 0.15160581 -0.14441524 -0.47721493
 endloop
endfacet
facet normal 0.3372548 -0.31646937 -0.8866263
 outer loop
  vertex 0.1998475 -0.18378998 -0.44481048
  vertex 0.15160581 -0.14441524 -0.47721493
  vertex 0.19974577 -0.13930386 -0.4607279
 endloop
endfacet
facet normal -0.8024018 -0.2026772 -0.56131387
 outer loop
  vertex -0.40254694 -0.12743586 -0.30543444
  vertex -0.43304747 -0.11178627 -0.26748443
  vertex -0.43310866 -0.08503475 -0.2770563
 endloop
endfacet
facet normal -0.8024016 -0.20267665 -0.5613144
 outer loop
  vertex -0.40254694 -0.12743586 -0.30543444
  vertex -0.43310866 -0.08503475 -0.2770563
  vertex -0.4026168 -0.096888915 -0.31636432
 endloop
endfacet
facet normal 0.42783132 -0.30363387 -0.85133237
 outer loop
  vertex 0.24605916 -0.17531669 -0.42460918
  vertex 0.1998475 -0.18378998 -0.44481048
  vertex 0.19974577 -0.13930386 -0.4607279
 endloop
endfacet
facet normal 0.42783055 -0.30363485 -0.85133237
 outer loop
  vertex 0.24605916 -0.17531669 -0.42460918
  vertex 0.19974577 -0.13930386 -0.4607279
  vertex 0.24596207 -0.13285093 -0.43980375
 endloop
endfacet
facet normal -0.74002916 -0.22808342 -0.6327202
 outer loop
  vertex -0.36816964 -0.1418583 -0.3404431
  vertex -0.40254694 -0.12743586 -0.30543444
  vertex -0.4026168 -0.096888915 -0.31636432
 endloop
endfacet
facet normal -0.74002916 -0.22808348 -0.6327201
 outer loop
  vertex -0.36816964 -0.1418583 -0.3404431
  vertex -0.4026168 -0.096888915 -0.31636432
  vertex -0.3682475 -0.10781007 -0.35262576
 endloop
endfacet
facet normal 0.6715224 -0.17859967 -0.7191383
 outer loop
  vertex 0.3687364 -0.10612499 -0.35262606
  vertex 0.33086628 -0.116181254 -0.3854912
  vertex 0.3307786 -0.07783354 -0.3950968
 endloop
endfacet
facet normal 0.6715224 -0.17859966 -0.7191383
 outer loop
  vertex 0.3687364 -0.10612499 -0.35262606
  vertex 0.3307786 -0.07783354 -0.3950968
  vertex 0.3686562 -0.07104663 -0.36141273
 endloop
endfacet
facet normal -0.513166 -0.20965156 -0.8322901
 outer loop
  vertex -0.24535239 -0.1339743 -0.4398035
  vertex -0.28923485 -0.12644263 -0.41464406
  vertex -0.28932917 -0.085194826 -0.4249761
 endloop
endfacet
facet normal -0.51316595 -0.20965147 -0.8322902
 outer loop
  vertex -0.24535239 -0.1339743 -0.4398035
  vertex -0.28932917 -0.085194826 -0.4249761
  vertex -0.24545242 -0.09022371 -0.45076248
 endloop
endfacet
facet normal 0.74091965 -0.16158965 -0.6518641
 outer loop
  vertex 0.40305543 -0.09504677 -0.31636462
  vertex 0.3687364 -0.10612499 -0.35262606
  vertex 0.3686562 -0.07104663 -0.36141273
 endloop
endfacet
facet normal 0.7409198 -0.16158926 -0.651864
 outer loop
  vertex 0.40305543 -0.09504677 -0.31636462
  vertex 0.3686562 -0.07104663 -0.36141273
  vertex 0.40298346 -0.0635756 -0.32424775
 endloop
endfacet
facet normal -0.42663112 -0.22067562 -0.87709075
 outer loop
  vertex -0.19910702 -0.14021586 -0.46072763
  vertex -0.24535239 -0.1339743 -0.4398035
  vertex -0.24545242 -0.09022371 -0.45076248
 endloop
endfacet
facet normal -0.4266309 -0.22067532 -0.877091
 outer loop
  vertex -0.19910702 -0.14021586 -0.46072763
  vertex -0.24545242 -0.09022371 -0.45076248
  vertex -0.19921182 -0.09438379 -0.47220796
 endloop
endfacet
facet normal 0.80319184 -0.14301944 -0.5782977
 outer loop
  vertex 0.43349278 -0.0830533 -0.2770566
  vertex 0.40305543 -0.09504677 -0.31636462
  vertex 0.40298346 -0.0635756 -0.32424775
 endloop
endfacet
facet normal 0.8031915 -0.14302072 -0.5782979
 outer loop
  vertex 0.43349278 -0.0830533 -0.2770566
  vertex 0.40298346 -0.0635756 -0.32424775
  vertex 0.43342978 -0.055492397 -0.28396028
 endloop
endfacet
facet normal -0.33600795 -0.22957593 -0.91345143
 outer loop
  vertex -0.15094416 -0.14510702 -0.47721478
  vertex -0.19910702 -0.14021586 -0.46072763
  vertex -0.19921182 -0.09438379 -0.47220796
 endloop
endfacet
facet normal -0.3360088 -0.22957677 -0.9134509
 outer loop
  vertex -0.15094416 -0.14510702 -0.47721478
  vertex -0.19921182 -0.09438379 -0.47220796
  vertex -0.1510527 -0.09763483 -0.489106
 endloop
endfacet
facet normal 0.85773957 -0.123067036 -0.49913654
 outer loop
  vertex 0.45975533 -0.07025975 -0.23508018
  vertex 0.43349278 -0.0830533 -0.2770566
  vertex 0.43342978 -0.055492397 -0.28396028
 endloop
endfacet
facet normal 0.8577397 -0.12306653 -0.49913645
 outer loop
  vertex 0.45975533 -0.07025975 -0.23508018
  vertex 0.43342978 -0.055492397 -0.28396028
  vertex 0.45970187 -0.046874557 -0.24093789
 endloop
endfacet
facet normal -0.2421671 -0.23626971 -0.9410269
 outer loop
  vertex -0.10132766 -0.14860079 -0.48910606
  vertex -0.15094416 -0.14510702 -0.47721478
  vertex -0.1510527 -0.09763483 -0.489106
 endloop
endfacet
facet normal -0.24216643 -0.23626907 -0.9410272
 outer loop
  vertex -0.10132766 -0.14860079 -0.48910606
  vertex -0.1510527 -0.09763483 -0.489106
  vertex -0.10143891 -0.099945694 -0.50129354
 endloop
endfacet
facet normal 0.9040257 -0.10192304 -0.41514957
 outer loop
  vertex 0.48159024 -0.056789596 -0.19083974
  vertex 0.45975533 -0.07025975 -0.23508018
  vertex 0.45970187 -0.046874557 -0.24093789
 endloop
endfacet
facet normal 0.9040259 -0.10192205 -0.41514945
 outer loop
  vertex 0.48159024 -0.056789596 -0.19083974
  vertex 0.45970187 -0.046874557 -0.24093789
  vertex 0.48154682 -0.037805337 -0.19559506
 endloop
endfacet
facet normal -0.14600675 -0.24069072 -0.9595572
 outer loop
  vertex -0.050735272 -0.15066332 -0.49628687
  vertex -0.10132766 -0.14860079 -0.48910606
  vertex -0.10143891 -0.099945694 -0.50129354
 endloop
endfacet
facet normal -0.1460067 -0.24069066 -0.9595572
 outer loop
  vertex -0.050735272 -0.15066332 -0.49628687
  vertex -0.10143891 -0.099945694 -0.50129354
  vertex -0.05084816 -0.10129388 -0.5086533
 endloop
endfacet
facet normal -0.9890665 -0.037950404 -0.14250332
 outer loop
  vertex -0.5110456 -0.03068103 -0.09728914
  vertex -0.5185831 -0.016013393 -0.04887982
  vertex -0.5185942 -0.011150928 -0.05009781
 endloop
endfacet
facet normal -0.9890667 -0.037960447 -0.14249924
 outer loop
  vertex -0.5110456 -0.03068103 -0.09728914
  vertex -0.5185942 -0.011150928 -0.05009781
  vertex -0.51106775 -0.021002924 -0.09971339
 endloop
endfacet
facet normal 0.9415992 -0.07979212 -0.32714534
 outer loop
  vertex 0.49878716 -0.04277266 -0.14476185
  vertex 0.48159024 -0.056789596 -0.19083974
  vertex 0.48154682 -0.037805337 -0.19559506
 endloop
endfacet
facet normal 0.94159913 -0.07979258 -0.32714537
 outer loop
  vertex 0.49878716 -0.04277266 -0.14476185
  vertex 0.48154682 -0.037805337 -0.19559506
  vertex 0.49875423 -0.028372118 -0.148369
 endloop
endfacet
facet normal -0.048452705 -0.2427993 -0.96886575
 outer loop
  vertex 0.00034572498 -0.15127486 -0.49868816
  vertex -0.050735272 -0.15066332 -0.49628687
  vertex -0.05084816 -0.10129388 -0.5086533
 endloop
endfacet
facet normal -0.048452996 -0.24279958 -0.96886563
 outer loop
  vertex 0.00034572498 -0.15127486 -0.49868816
  vertex -0.05084816 -0.10129388 -0.5086533
  vertex 0.00023229307 -0.10166658 -0.5111144
 endloop
endfacet
facet normal -0.96982485 -0.06132804 -0.2359634
 outer loop
  vertex -0.49858648 -0.04505309 -0.14476147
  vertex -0.5110456 -0.03068103 -0.09728914
  vertex -0.51106775 -0.021002924 -0.09971339
 endloop
endfacet
facet normal -0.96982455 -0.061324257 -0.23596537
 outer loop
  vertex -0.49858648 -0.04505309 -0.14476147
  vertex -0.51106775 -0.021002924 -0.09971339
  vertex -0.4986194 -0.030652557 -0.14836863
 endloop
endfacet
facet normal 0.9700946 -0.056888238 -0.23596665
 outer loop
  vertex 0.5111805 -0.028343733 -0.0972895
  vertex 0.49878716 -0.04277266 -0.14476185
  vertex 0.49875423 -0.028372118 -0.148369
 endloop
endfacet
facet normal 0.97009474 -0.056884304 -0.23596671
 outer loop
  vertex 0.5111805 -0.028343733 -0.0972895
  vertex 0.49875423 -0.028372118 -0.148369
  vertex 0.51115835 -0.018665627 -0.09971375
 endloop
endfacet
facet normal 0.049561463 -0.24257548 -0.9688657
 outer loop
  vertex 0.05142333 -0.15042973 -0.49628693
  vertex 0.00034572498 -0.15127486 -0.49868816
  vertex 0.00023229307 -0.10166658 -0.5111144
 endloop
endfacet
facet normal 0.049562823 -0.24257413 -0.96886593
 outer loop
  vertex 0.05142333 -0.15042973 -0.49628693
  vertex 0.00023229307 -0.10166658 -0.5111144
  vertex 0.051310442 -0.1010603 -0.5086533
 endloop
endfacet
facet normal -0.9412247 -0.08409805 -0.32714456
 outer loop
  vertex -0.48132566 -0.058991257 -0.19083938
  vertex -0.49858648 -0.04505309 -0.14476147
  vertex -0.4986194 -0.030652557 -0.14836863
 endloop
endfacet
facet normal -0.94122475 -0.08409842 -0.32714438
 outer loop
  vertex -0.48132566 -0.058991257 -0.19083938
  vertex -0.4986194 -0.030652557 -0.14836863
  vertex -0.48136908 -0.040007 -0.1955947
 endloop
endfacet
facet normal 0.9892299 -0.033428483 -0.14250134
 outer loop
  vertex 0.5186508 -0.013641792 -0.0488802
  vertex 0.5111805 -0.028343733 -0.0972895
  vertex 0.51115835 -0.018665627 -0.09971375
 endloop
endfacet
facet normal 0.98922974 -0.03343906 -0.14250025
 outer loop
  vertex 0.5186508 -0.013641792 -0.0488802
  vertex 0.51115835 -0.018665627 -0.09971375
  vertex 0.51863974 -0.008779328 -0.05009819
 endloop
endfacet
facet normal 0.1471058 -0.24001944 -0.9595575
 outer loop
  vertex 0.102005765 -0.14813587 -0.48910612
  vertex 0.05142333 -0.15042973 -0.49628693
  vertex 0.051310442 -0.1010603 -0.5086533
 endloop
endfacet
facet normal 0.14710364 -0.24002169 -0.9595573
 outer loop
  vertex 0.102005765 -0.14813587 -0.48910612
  vertex 0.051310442 -0.1010603 -0.5086533
  vertex 0.10189451 -0.09948078 -0.50129366
 endloop
endfacet
facet normal -0.90355045 -0.106056236 -0.41514888
 outer loop
  vertex -0.45942944 -0.07236139 -0.23507977
  vertex -0.48132566 -0.058991257 -0.19083938
  vertex -0.48136908 -0.040007 -0.1955947
 endloop
endfacet
facet normal -0.90355027 -0.106055506 -0.41514945
 outer loop
  vertex -0.45942944 -0.07236139 -0.23507977
  vertex -0.48136908 -0.040007 -0.1955947
  vertex -0.4594829 -0.048976213 -0.24093746
 endloop
endfacet
facet normal 0.24324319 -0.2351603 -0.9410273
 outer loop
  vertex 0.15160581 -0.14441524 -0.47721493
  vertex 0.102005765 -0.14813587 -0.48910612
  vertex 0.10189451 -0.09948078 -0.50129366
 endloop
endfacet
facet normal 0.24324352 -0.23515998 -0.94102734
 outer loop
  vertex 0.15160581 -0.14441524 -0.47721493
  vertex 0.10189451 -0.09948078 -0.50129366
  vertex 0.15149727 -0.09694306 -0.48910615
 endloop
endfacet
facet normal -0.85716844 -0.12698695 -0.49913576
 outer loop
  vertex -0.43310866 -0.08503475 -0.2770563
  vertex -0.45942944 -0.07236139 -0.23507977
  vertex -0.4594829 -0.048976213 -0.24093746
 endloop
endfacet
facet normal -0.85716844 -0.12698704 -0.49913576
 outer loop
  vertex -0.43310866 -0.08503475 -0.2770563
  vertex -0.4594829 -0.048976213 -0.24093746
  vertex -0.43317166 -0.05747385 -0.28395998
 endloop
endfacet
facet normal 0.33705258 -0.22803813 -0.91345173
 outer loop
  vertex 0.19974577 -0.13930386 -0.4607279
  vertex 0.15160581 -0.14441524 -0.47721493
  vertex 0.15149727 -0.09694306 -0.48910615
 endloop
endfacet
facet normal 0.3370536 -0.22803695 -0.91345173
 outer loop
  vertex 0.19974577 -0.13930386 -0.4607279
  vertex 0.15149727 -0.09694306 -0.48910615
  vertex 0.19964099 -0.09347177 -0.47220823
 endloop
endfacet
facet normal -0.8025297 -0.14669116 -0.5782974
 outer loop
  vertex -0.4026168 -0.096888915 -0.31636432
  vertex -0.43310866 -0.08503475 -0.2770563
  vertex -0.43317166 -0.05747385 -0.28395998
 endloop
endfacet
facet normal -0.8025298 -0.14669141 -0.57829714
 outer loop
  vertex -0.4026168 -0.096888915 -0.31636432
  vertex -0.43317166 -0.05747385 -0.28395998
  vertex -0.40268877 -0.065417744 -0.32424745
 endloop
endfacet
facet normal 0.42763644 -0.21872188 -0.8770905
 outer loop
  vertex 0.24596207 -0.13285093 -0.43980375
  vertex 0.19974577 -0.13930386 -0.4607279
  vertex 0.19964099 -0.09347177 -0.47220823
 endloop
endfacet
facet normal 0.4276361 -0.21872237 -0.87709063
 outer loop
  vertex 0.24596207 -0.13285093 -0.43980375
  vertex 0.19964099 -0.09347177 -0.47220823
  vertex 0.24586204 -0.08910034 -0.45076272
 endloop
endfacet
facet normal -0.7401735 -0.1649763 -0.6518634
 outer loop
  vertex -0.3682475 -0.10781007 -0.35262576
  vertex -0.4026168 -0.096888915 -0.31636432
  vertex -0.40268877 -0.065417744 -0.32424745
 endloop
endfacet
facet normal -0.7401732 -0.16497575 -0.65186393
 outer loop
  vertex -0.3682475 -0.10781007 -0.35262576
  vertex -0.40268877 -0.065417744 -0.32424745
  vertex -0.3683277 -0.07273171 -0.36141244
 endloop
endfacet
facet normal 0.51411897 -0.20730272 -0.8322904
 outer loop
  vertex 0.2898097 -0.12511872 -0.41464427
  vertex 0.24596207 -0.13285093 -0.43980375
  vertex 0.24586204 -0.08910034 -0.45076272
 endloop
endfacet
facet normal 0.51411873 -0.20730308 -0.8322905
 outer loop
  vertex 0.2898097 -0.12511872 -0.41464427
  vertex 0.24586204 -0.08910034 -0.45076272
  vertex 0.28971538 -0.08387092 -0.42497635
 endloop
endfacet
facet normal -0.670699 -0.1816682 -0.71913797
 outer loop
  vertex -0.3303318 -0.11769302 -0.38549095
  vertex -0.3682475 -0.10781007 -0.35262576
  vertex -0.3683277 -0.07273171 -0.36141244
 endloop
endfacet
facet normal -0.6706992 -0.18166836 -0.71913785
 outer loop
  vertex -0.3303318 -0.11769302 -0.38549095
  vertex -0.3683277 -0.07273171 -0.36141244
  vertex -0.33041948 -0.0793453 -0.39509657
 endloop
endfacet
facet normal 0.59568346 -0.19388507 -0.77946764
 outer loop
  vertex 0.33086628 -0.116181254 -0.3854912
  vertex 0.2898097 -0.12511872 -0.41464427
  vertex 0.28971538 -0.08387092 -0.42497635
 endloop
endfacet
facet normal 0.59568363 -0.19388479 -0.7794675
 outer loop
  vertex 0.33086628 -0.116181254 -0.3854912
  vertex 0.28971538 -0.08387092 -0.42497635
  vertex 0.3307786 -0.07783354 -0.3950968
 endloop
endfacet
facet normal -0.5947915 -0.19660653 -0.7794671
 outer loop
  vertex -0.28923485 -0.12644263 -0.41464406
  vertex -0.3303318 -0.11769302 -0.38549095
  vertex -0.33041948 -0.0793453 -0.39509657
 endloop
endfacet
facet normal -0.5947916 -0.1966067 -0.779467
 outer loop
  vertex -0.28923485 -0.12644263 -0.41464406
  vertex -0.33041948 -0.0793453 -0.39509657
  vertex -0.28932917 -0.085194826 -0.4249761
 endloop
endfacet
facet normal 0.80306035 -0.08563943 -0.5897117
 outer loop
  vertex 0.43342978 -0.055492397 -0.28396028
  vertex 0.40298346 -0.0635756 -0.32424775
  vertex 0.40291008 -0.0314833 -0.3290082
 endloop
endfacet
facet normal 0.8030602 -0.08564003 -0.58971196
 outer loop
  vertex 0.43342978 -0.055492397 -0.28396028
  vertex 0.40291008 -0.0314833 -0.3290082
  vertex 0.43336552 -0.02738753 -0.28812927
 endloop
endfacet
facet normal -0.33621618 -0.13894092 -0.93147945
 outer loop
  vertex -0.1510527 -0.09763483 -0.489106
  vertex -0.19921182 -0.09438379 -0.47220796
  vertex -0.19931869 -0.04764714 -0.4791407
 endloop
endfacet
facet normal -0.33621642 -0.13894114 -0.9314794
 outer loop
  vertex -0.1510527 -0.09763483 -0.489106
  vertex -0.19931869 -0.04764714 -0.4791407
  vertex -0.15116338 -0.049225707 -0.49628684
 endloop
endfacet
facet normal 0.85762644 -0.073540926 -0.5089878
 outer loop
  vertex 0.45970187 -0.046874557 -0.24093789
  vertex 0.43342978 -0.055492397 -0.28396028
  vertex 0.43336552 -0.02738753 -0.28812927
 endloop
endfacet
facet normal 0.8576267 -0.073540054 -0.5089876
 outer loop
  vertex 0.45970187 -0.046874557 -0.24093789
  vertex 0.43336552 -0.02738753 -0.28812927
  vertex 0.45964733 -0.023027819 -0.24447523
 endloop
endfacet
facet normal -0.24237984 -0.1428979 -0.95960003
 outer loop
  vertex -0.10143891 -0.099945694 -0.50129354
  vertex -0.1510527 -0.09763483 -0.489106
  vertex -0.15116338 -0.049225707 -0.49628684
 endloop
endfacet
facet normal -0.24237934 -0.14289737 -0.95960015
 outer loop
  vertex -0.10143891 -0.099945694 -0.50129354
  vertex -0.15116338 -0.049225707 -0.49628684
  vertex -0.10155235 -0.050330315 -0.5086533
 endloop
endfacet
facet normal 0.9039317 -0.060729913 -0.423343
 outer loop
  vertex 0.48154682 -0.037805337 -0.19559506
  vertex 0.45970187 -0.046874557 -0.24093789
  vertex 0.45964733 -0.023027819 -0.24447523
 endloop
endfacet
facet normal 0.9039315 -0.060730714 -0.42334318
 outer loop
  vertex 0.48154682 -0.037805337 -0.19559506
  vertex 0.45964733 -0.023027819 -0.24447523
  vertex 0.48150256 -0.018446393 -0.19846669
 endloop
endfacet
facet normal -0.14622459 -0.14548041 -0.9784957
 outer loop
  vertex -0.05084816 -0.10129388 -0.5086533
  vertex -0.10143891 -0.099945694 -0.50129354
  vertex -0.10155235 -0.050330315 -0.5086533
 endloop
endfacet
facet normal -0.14622483 -0.14548065 -0.97849566
 outer loop
  vertex -0.05084816 -0.10129388 -0.5086533
  vertex -0.10155235 -0.050330315 -0.5086533
  vertex -0.05096327 -0.05095008 -0.5161211
 endloop
endfacet
facet normal -0.98909914 -0.023814317 -0.14531308
 outer loop
  vertex -0.51106775 -0.021002924 -0.09971339
  vertex -0.5185942 -0.011150928 -0.05009781
  vertex -0.51860553 -0.0061924923 -0.050833326
 endloop
endfacet
facet normal -0.989099 -0.023813216 -0.14531341
 outer loop
  vertex -0.51106775 -0.021002924 -0.09971339
  vertex -0.51860553 -0.0061924923 -0.050833326
  vertex -0.5110903 -0.011133802 -0.101177335
 endloop
endfacet
facet normal 0.94152504 -0.04733285 -0.33360207
 outer loop
  vertex 0.49875423 -0.028372118 -0.148369
  vertex 0.48154682 -0.037805337 -0.19559506
  vertex 0.48150256 -0.018446393 -0.19846669
 endloop
endfacet
facet normal 0.94152486 -0.047334015 -0.33360225
 outer loop
  vertex 0.49875423 -0.028372118 -0.148369
  vertex 0.48150256 -0.018446393 -0.19846669
  vertex 0.49872068 -0.013687358 -0.1505473
 endloop
endfacet
facet normal -0.04867291 -0.14666565 -0.987988
 outer loop
  vertex 0.00023229307 -0.10166658 -0.5111144
  vertex -0.05084816 -0.10129388 -0.5086533
  vertex -0.05096327 -0.05095008 -0.5161211
 endloop
endfacet
facet normal -0.04867264 -0.14666536 -0.98798794
 outer loop
  vertex 0.00023229307 -0.10166658 -0.5111144
  vertex -0.05096327 -0.05095008 -0.5161211
  vertex 0.00011662431 -0.05107918 -0.51861835
 endloop
endfacet
facet normal -0.9698781 -0.037907165 -0.24062328
 outer loop
  vertex -0.4986194 -0.030652557 -0.14836863
  vertex -0.51106775 -0.021002924 -0.09971339
  vertex -0.5110903 -0.011133802 -0.101177335
 endloop
endfacet
facet normal -0.9698782 -0.03790953 -0.2406223
 outer loop
  vertex -0.4986194 -0.030652557 -0.14836863
  vertex -0.5110903 -0.011133802 -0.101177335
  vertex -0.49865296 -0.015967797 -0.15054692
 endloop
endfacet
facet normal 0.9700413 -0.03347659 -0.24062279
 outer loop
  vertex 0.51115835 -0.018665627 -0.09971375
  vertex 0.49875423 -0.028372118 -0.148369
  vertex 0.49872068 -0.013687358 -0.1505473
 endloop
endfacet
facet normal 0.97004116 -0.033478376 -0.24062298
 outer loop
  vertex 0.51115835 -0.018665627 -0.09971375
  vertex 0.49872068 -0.013687358 -0.1505473
  vertex 0.5111358 -0.008796506 -0.10117769
 endloop
endfacet
facet normal 0.049343143 -0.14644128 -0.98798805
 outer loop
  vertex 0.051310442 -0.1010603 -0.5086533
  vertex 0.00023229307 -0.10166658 -0.5111144
  vertex 0.00011662431 -0.05107918 -0.51861835
 endloop
endfacet
facet normal 0.049342882 -0.14644152 -0.98798794
 outer loop
  vertex 0.051310442 -0.1010603 -0.5086533
  vertex 0.00011662431 -0.05107918 -0.51861835
  vertex 0.05119533 -0.050716497 -0.5161211
 endloop
endfacet
facet normal -0.94129896 -0.051636558 -0.33360144
 outer loop
  vertex -0.48136908 -0.040007 -0.1955947
  vertex -0.4986194 -0.030652557 -0.14836863
  vertex -0.49865296 -0.015967797 -0.15054692
 endloop
endfacet
facet normal -0.9412991 -0.051637065 -0.33360124
 outer loop
  vertex -0.48136908 -0.040007 -0.1955947
  vertex -0.49865296 -0.015967797 -0.15054692
  vertex -0.48141333 -0.020648055 -0.19846633
 endloop
endfacet
facet normal 0.9891975 -0.019296873 -0.14531335
 outer loop
  vertex 0.51863974 -0.008779328 -0.05009819
  vertex 0.51115835 -0.018665627 -0.09971375
  vertex 0.5111358 -0.008796506 -0.10117769
 endloop
endfacet
facet normal 0.98919743 -0.019296046 -0.14531334
 outer loop
  vertex 0.51863974 -0.008779328 -0.05009819
  vertex 0.5111358 -0.008796506 -0.10117769
  vertex 0.5186284 -0.0038208938 -0.050833706
 endloop
endfacet
facet normal 0.14688605 -0.14481047 -0.978496
 outer loop
  vertex 0.10189451 -0.09948078 -0.50129366
  vertex 0.051310442 -0.1010603 -0.5086533
  vertex 0.05119533 -0.050716497 -0.5161211
 endloop
endfacet
facet normal 0.14688624 -0.14481027 -0.97849596
 outer loop
  vertex 0.10189451 -0.09948078 -0.50129366
  vertex 0.05119533 -0.050716497 -0.5161211
  vertex 0.10178107 -0.0498654 -0.5086534
 endloop
endfacet
facet normal -0.90364456 -0.064862944 -0.42334318
 outer loop
  vertex -0.4594829 -0.048976213 -0.24093746
  vertex -0.48136908 -0.040007 -0.1955947
  vertex -0.48141333 -0.020648055 -0.19846633
 endloop
endfacet
facet normal -0.9036447 -0.06486388 -0.42334267
 outer loop
  vertex -0.4594829 -0.048976213 -0.24093746
  vertex -0.48141333 -0.020648055 -0.19846633
  vertex -0.45953745 -0.025129478 -0.2444748
 endloop
endfacet
facet normal 0.24302994 -0.14178753 -0.9596003
 outer loop
  vertex 0.15149727 -0.09694306 -0.48910615
  vertex 0.10189451 -0.09948078 -0.50129366
  vertex 0.10178107 -0.0498654 -0.5086534
 endloop
endfacet
facet normal 0.24302945 -0.1417881 -0.9596003
 outer loop
  vertex 0.15149727 -0.09694306 -0.48910615
  vertex 0.10178107 -0.0498654 -0.5086534
  vertex 0.15138659 -0.048533935 -0.496287
 endloop
endfacet
facet normal -0.8572817 -0.077461995 -0.508987
 outer loop
  vertex -0.43317166 -0.05747385 -0.28395998
  vertex -0.4594829 -0.048976213 -0.24093746
  vertex -0.45953745 -0.025129478 -0.2444748
 endloop
endfacet
facet normal -0.85728157 -0.07746148 -0.5089873
 outer loop
  vertex -0.43317166 -0.05747385 -0.28395998
  vertex -0.45953745 -0.025129478 -0.2444748
  vertex -0.4332359 -0.029368978 -0.28812897
 endloop
endfacet
facet normal 0.33684638 -0.13740231 -0.9314801
 outer loop
  vertex 0.19964099 -0.09347177 -0.47220823
  vertex 0.15149727 -0.09694306 -0.48910615
  vertex 0.15138659 -0.048533935 -0.496287
 endloop
endfacet
facet normal 0.3368462 -0.13740255 -0.93148017
 outer loop
  vertex 0.19964099 -0.09347177 -0.47220823
  vertex 0.15138659 -0.048533935 -0.496287
  vertex 0.19953412 -0.04673512 -0.479141
 endloop
endfacet
facet normal -0.80266106 -0.089310884 -0.5897108
 outer loop
  vertex -0.40268877 -0.065417744 -0.32424745
  vertex -0.43317166 -0.05747385 -0.28395998
  vertex -0.4332359 -0.029368978 -0.28812897
 endloop
endfacet
facet normal -0.80266094 -0.08931048 -0.589711
 outer loop
  vertex -0.40268877 -0.065417744 -0.32424745
  vertex -0.4332359 -0.029368978 -0.28812897
  vertex -0.40276214 -0.033325434 -0.3290079
 endloop
endfacet
facet normal 0.42743713 -0.13169521 -0.8944014
 outer loop
  vertex 0.24586204 -0.08910034 -0.45076272
  vertex 0.19964099 -0.09347177 -0.47220823
  vertex 0.19953412 -0.04673512 -0.479141
 endloop
endfacet
facet normal 0.42743775 -0.1316945 -0.8944012
 outer loop
  vertex 0.24586204 -0.08910034 -0.45076272
  vertex 0.19953412 -0.04673512 -0.479141
  vertex 0.24576002 -0.04448624 -0.4573806
 endloop
endfacet
facet normal -0.74032116 -0.10029591 -0.66472954
 outer loop
  vertex -0.3683277 -0.07273171 -0.36141244
  vertex -0.40268877 -0.065417744 -0.32424745
  vertex -0.40276214 -0.033325434 -0.3290079
 endloop
endfacet
facet normal -0.7403215 -0.1002966 -0.66472906
 outer loop
  vertex -0.3683277 -0.07273171 -0.36141244
  vertex -0.40276214 -0.033325434 -0.3290079
  vertex -0.3684095 -0.03696101 -0.36671853
 endloop
endfacet
facet normal 0.51393 -0.12472013 -0.8487172
 outer loop
  vertex 0.28971538 -0.08387092 -0.42497635
  vertex 0.24586204 -0.08910034 -0.45076272
  vertex 0.24576002 -0.04448624 -0.4573806
 endloop
endfacet
facet normal 0.5139294 -0.12472094 -0.84871745
 outer loop
  vertex 0.28971538 -0.08387092 -0.42497635
  vertex 0.24576002 -0.04448624 -0.4573806
  vertex 0.2896192 -0.04180903 -0.43121567
 endloop
endfacet
facet normal -0.67086226 -0.11031393 -0.7333312
 outer loop
  vertex -0.33041948 -0.0793453 -0.39509657
  vertex -0.3683277 -0.07273171 -0.36141244
  vertex -0.3684095 -0.03696101 -0.36671853
 endloop
endfacet
facet normal -0.6708623 -0.1103141 -0.7333311
 outer loop
  vertex -0.33041948 -0.0793453 -0.39509657
  vertex -0.3684095 -0.03696101 -0.36671853
  vertex -0.33050892 -0.040240727 -0.4008972
 endloop
endfacet
facet normal 0.5955068 -0.11654414 -0.79485166
 outer loop
  vertex 0.3307786 -0.07783354 -0.3950968
  vertex 0.28971538 -0.08387092 -0.42497635
  vertex 0.2896192 -0.04180903 -0.43121567
 endloop
endfacet
facet normal 0.5955072 -0.11654341 -0.7948515
 outer loop
  vertex 0.3307786 -0.07783354 -0.3950968
  vertex 0.2896192 -0.04180903 -0.43121567
  vertex 0.33068916 -0.038728956 -0.40089744
 endloop
endfacet
facet normal -0.59496844 -0.11926618 -0.7948511
 outer loop
  vertex -0.28932917 -0.085194826 -0.4249761
  vertex -0.33041948 -0.0793453 -0.39509657
  vertex -0.33050892 -0.040240727 -0.4008972
 endloop
endfacet
facet normal -0.59496826 -0.11926603 -0.79485124
 outer loop
  vertex -0.28932917 -0.085194826 -0.4249761
  vertex -0.33050892 -0.040240727 -0.4008972
  vertex -0.28942534 -0.04313293 -0.43121544
 endloop
endfacet
facet normal 0.67135906 -0.10724435 -0.73333186
 outer loop
  vertex 0.3686562 -0.07104663 -0.36141273
  vertex 0.3307786 -0.07783354 -0.3950968
  vertex 0.33068916 -0.038728956 -0.40089744
 endloop
endfacet
facet normal 0.67135906 -0.107244335 -0.7333319
 outer loop
  vertex 0.3686562 -0.07104663 -0.36141273
  vertex 0.33068916 -0.038728956 -0.40089744
  vertex 0.36857438 -0.03527593 -0.36671883
 endloop
endfacet
facet normal -0.51335484 -0.12706965 -0.84871674
 outer loop
  vertex -0.24545242 -0.09022371 -0.45076248
  vertex -0.28932917 -0.085194826 -0.4249761
  vertex -0.28942534 -0.04313293 -0.43121544
 endloop
endfacet
facet normal -0.5133544 -0.12706907 -0.8487171
 outer loop
  vertex -0.24545242 -0.09022371 -0.45076248
  vertex -0.28942534 -0.04313293 -0.43121544
  vertex -0.24555443 -0.045609612 -0.45738035
 endloop
endfacet
facet normal 0.740772 -0.09690942 -0.6647296
 outer loop
  vertex 0.40298346 -0.0635756 -0.32424775
  vertex 0.3686562 -0.07104663 -0.36141273
  vertex 0.36857438 -0.03527593 -0.36671883
 endloop
endfacet
facet normal 0.7407719 -0.09690976 -0.6647297
 outer loop
  vertex 0.40298346 -0.0635756 -0.32424775
  vertex 0.36857438 -0.03527593 -0.36671883
  vertex 0.40291008 -0.0314833 -0.3290082
 endloop
endfacet
facet normal -0.42682981 -0.1336479 -0.8944017
 outer loop
  vertex -0.19921182 -0.09438379 -0.47220796
  vertex -0.24545242 -0.09022371 -0.45076248
  vertex -0.24555443 -0.045609612 -0.45738035
 endloop
endfacet
facet normal -0.42682996 -0.13364813 -0.8944016
 outer loop
  vertex -0.19921182 -0.09438379 -0.47220796
  vertex -0.24555443 -0.045609612 -0.45738035
  vertex -0.19931869 -0.04764714 -0.4791407
 endloop
endfacet
facet normal 0.90383595 -0.018933399 -0.42745987
 outer loop
  vertex 0.48150256 -0.018446393 -0.19846669
  vertex 0.45964733 -0.023027819 -0.24447523
  vertex 0.45959228 0.0010508099 -0.24565813
 endloop
endfacet
facet normal 0.90383583 -0.018934345 -0.42746022
 outer loop
  vertex 0.48150256 -0.018446393 -0.19846669
  vertex 0.45959228 0.0010508099 -0.24565813
  vertex 0.4814579 0.0011008007 -0.199427
 endloop
endfacet
facet normal -0.14644587 -0.048873574 -0.9880106
 outer loop
  vertex -0.05096327 -0.05095008 -0.5161211
  vertex -0.10155235 -0.050330315 -0.5086533
  vertex -0.1016669 -0.0002324575 -0.5111145
 endloop
endfacet
facet normal -0.14644563 -0.04887333 -0.9880107
 outer loop
  vertex -0.05096327 -0.05095008 -0.5161211
  vertex -0.1016669 -0.0002324575 -0.5111145
  vertex -0.0510795 -0.000116717674 -0.5186184
 endloop
endfacet
facet normal -0.98913187 -0.009469168 -0.14672618
 outer loop
  vertex -0.5110903 -0.011133802 -0.101177335
  vertex -0.51860553 -0.0061924923 -0.050833326
  vertex -0.518617 -0.0011858407 -0.051079288
 endloop
endfacet
facet normal -0.9891319 -0.009474044 -0.14672525
 outer loop
  vertex -0.5110903 -0.011133802 -0.101177335
  vertex -0.518617 -0.0011858407 -0.051079288
  vertex -0.5111131 -0.0011687124 -0.10166688
 endloop
endfacet
facet normal 0.9414496 -0.014396813 -0.33684632
 outer loop
  vertex 0.49872068 -0.013687358 -0.1505473
  vertex 0.48150256 -0.018446393 -0.19846669
  vertex 0.4814579 0.0011008007 -0.199427
 endloop
endfacet
facet normal 0.94144976 -0.014394752 -0.33684573
 outer loop
  vertex 0.49872068 -0.013687358 -0.1505473
  vertex 0.4814579 0.0011008007 -0.199427
  vertex 0.49868676 0.0011401998 -0.15127572
 endloop
endfacet
facet normal -0.048895787 -0.04912114 -0.9975952
 outer loop
  vertex 0.00011662431 -0.05107918 -0.51861835
  vertex -0.05096327 -0.05095008 -0.5161211
  vertex -0.0510795 -0.000116717674 -0.5186184
 endloop
endfacet
facet normal -0.048894968 -0.04912031 -0.9975953
 outer loop
  vertex 0.00011662431 -0.05107918 -0.51861835
  vertex -0.0510795 -0.000116717674 -0.5186184
  vertex -1.6735373e-07 1.3528448e-07 -0.5211277
 endloop
endfacet
facet normal -0.96993256 -0.014157779 -0.24296167
 outer loop
  vertex -0.49865296 -0.015967797 -0.15054692
  vertex -0.5110903 -0.011133802 -0.101177335
  vertex -0.5111131 -0.0011687124 -0.10166688
 endloop
endfacet
facet normal -0.9699323 -0.014154446 -0.24296261
 outer loop
  vertex -0.49865296 -0.015967797 -0.15054692
  vertex -0.5111131 -0.0011687124 -0.10166688
  vertex -0.49868688 -0.0011402413 -0.15127535
 endloop
endfacet
facet normal 0.96998686 -0.009717321 -0.24296321
 outer loop
  vertex 0.5111358 -0.008796506 -0.10117769
  vertex 0.49872068 -0.013687358 -0.1505473
  vertex 0.49868676 0.0011401998 -0.15127572
 endloop
endfacet
facet normal 0.96998703 -0.009713737 -0.24296252
 outer loop
  vertex 0.5111358 -0.008796506 -0.10117769
  vertex 0.49868676 0.0011401998 -0.15127572
  vertex 0.511113 0.0011685838 -0.10166724
 endloop
endfacet
facet normal 0.04911997 -0.0488962 -0.9975953
 outer loop
  vertex 0.05119533 -0.050716497 -0.5161211
  vertex 0.00011662431 -0.05107918 -0.51861835
  vertex -1.6735373e-07 1.3528448e-07 -0.5211277
 endloop
endfacet
facet normal 0.049119134 -0.048897043 -0.9975953
 outer loop
  vertex 0.05119533 -0.050716497 -0.5161211
  vertex -1.6735373e-07 1.3528448e-07 -0.5211277
  vertex 0.0510791 0.000116863856 -0.5186184
 endloop
endfacet
facet normal -0.94137424 -0.01870128 -0.3368451
 outer loop
  vertex -0.48141333 -0.020648055 -0.19846633
  vertex -0.49865296 -0.015967797 -0.15054692
  vertex -0.49868688 -0.0011402413 -0.15127535
 endloop
endfacet
facet normal -0.9413742 -0.01869983 -0.33684567
 outer loop
  vertex -0.48141333 -0.020648055 -0.19846633
  vertex -0.49868688 -0.0011402413 -0.15127535
  vertex -0.481458 -0.0011008597 -0.19942664
 endloop
endfacet
facet normal 0.9891647 -0.0049421242 -0.14672709
 outer loop
  vertex 0.5186284 -0.0038208938 -0.050833706
  vertex 0.5111358 -0.008796506 -0.10117769
  vertex 0.511113 0.0011685838 -0.10166724
 endloop
endfacet
facet normal 0.9891646 -0.00494731 -0.14672758
 outer loop
  vertex 0.5186284 -0.0038208938 -0.050833706
  vertex 0.511113 0.0011685838 -0.10166724
  vertex 0.518617 0.0011857568 -0.051079668
 endloop
endfacet
facet normal 0.14666548 -0.048203155 -0.98801094
 outer loop
  vertex 0.10178107 -0.0498654 -0.5086534
  vertex 0.05119533 -0.050716497 -0.5161211
  vertex 0.0510791 0.000116863856 -0.5186184
 endloop
endfacet
facet normal 0.14666525 -0.048203412 -0.98801106
 outer loop
  vertex 0.10178107 -0.0498654 -0.5086534
  vertex 0.0510791 0.000116863856 -0.5186184
  vertex 0.101666525 0.00023245616 -0.5111146
 endloop
endfacet
facet normal -0.9037402 -0.023065457 -0.42745942
 outer loop
  vertex -0.45953745 -0.025129478 -0.2444748
  vertex -0.48141333 -0.020648055 -0.19846633
  vertex -0.481458 -0.0011008597 -0.19942664
 endloop
endfacet
facet normal -0.90374035 -0.023065634 -0.42745942
 outer loop
  vertex -0.45953745 -0.025129478 -0.2444748
  vertex -0.481458 -0.0011008597 -0.19942664
  vertex -0.4595925 -0.0010508613 -0.2456577
 endloop
endfacet
facet normal 0.24281272 -0.047046263 -0.9689317
 outer loop
  vertex 0.15138659 -0.048533935 -0.496287
  vertex 0.10178107 -0.0498654 -0.5086534
  vertex 0.101666525 0.00023245616 -0.5111146
 endloop
endfacet
facet normal 0.24281393 -0.04704496 -0.96893144
 outer loop
  vertex 0.15138659 -0.048533935 -0.496287
  vertex 0.101666525 0.00023245616 -0.5111146
  vertex 0.15127483 0.00034592627 -0.49868828
 endloop
endfacet
facet normal -0.8573964 -0.027207986 -0.51393694
 outer loop
  vertex -0.4332359 -0.029368978 -0.28812897
  vertex -0.45953745 -0.025129478 -0.2444748
  vertex -0.4595925 -0.0010508613 -0.2456577
 endloop
endfacet
facet normal -0.85739684 -0.027209634 -0.5139361
 outer loop
  vertex -0.4332359 -0.029368978 -0.28812897
  vertex -0.4595925 -0.0010508613 -0.2456577
  vertex -0.43330082 -0.0009908105 -0.28952312
 endloop
endfacet
facet normal 0.33663592 -0.04543558 -0.9405381
 outer loop
  vertex 0.19953412 -0.04673512 -0.479141
  vertex 0.15138659 -0.048533935 -0.496287
  vertex 0.15127483 0.00034592627 -0.49868828
 endloop
endfacet
facet normal 0.3366361 -0.045435406 -0.94053805
 outer loop
  vertex 0.19953412 -0.04673512 -0.479141
  vertex 0.15127483 0.00034592627 -0.49868828
  vertex 0.19942622 0.00045601858 -0.48145932
 endloop
endfacet
facet normal -0.8027941 -0.031089056 -0.5954452
 outer loop
  vertex -0.40276214 -0.033325434 -0.3290079
  vertex -0.4332359 -0.029368978 -0.28812897
  vertex -0.43330082 -0.0009908105 -0.28952312
 endloop
endfacet
facet normal -0.8027937 -0.03108781 -0.59544593
 outer loop
  vertex -0.40276214 -0.033325434 -0.3290079
  vertex -0.43330082 -0.0009908105 -0.28952312
  vertex -0.40283623 -0.00092105544 -0.3305998
 endloop
endfacet
facet normal 0.4272359 -0.043388978 -0.9030985
 outer loop
  vertex 0.24576002 -0.04448624 -0.4573806
  vertex 0.19953412 -0.04673512 -0.479141
  vertex 0.19942622 0.00045601858 -0.48145932
 endloop
endfacet
facet normal 0.42723545 -0.043389555 -0.90309876
 outer loop
  vertex 0.24576002 -0.04448624 -0.4573806
  vertex 0.19942622 0.00045601858 -0.48145932
  vertex 0.24565703 0.0005616885 -0.45959365
 endloop
endfacet
facet normal -0.7404716 -0.034666505 -0.67119294
 outer loop
  vertex -0.3684095 -0.03696101 -0.36671853
  vertex -0.40276214 -0.033325434 -0.3290079
  vertex -0.40283623 -0.00092105544 -0.3305998
 endloop
endfacet
facet normal -0.7404718 -0.034666795 -0.6711928
 outer loop
  vertex -0.3684095 -0.03696101 -0.36671853
  vertex -0.40283623 -0.00092105544 -0.3305998
  vertex -0.3684921 -0.00084246875 -0.36849293
 endloop
endfacet
facet normal 0.513738 -0.04092562 -0.8569705
 outer loop
  vertex 0.2896192 -0.04180903 -0.43121567
  vertex 0.24576002 -0.04448624 -0.4573806
  vertex 0.24565703 0.0005616885 -0.45959365
 endloop
endfacet
facet normal 0.51373744 -0.040926322 -0.8569708
 outer loop
  vertex 0.2896192 -0.04180903 -0.43121567
  vertex 0.24565703 0.0005616885 -0.45959365
  vertex 0.2895221 0.00066188327 -0.43330216
 endloop
endfacet
facet normal -0.6710279 -0.037911046 -0.7404623
 outer loop
  vertex -0.33050892 -0.040240727 -0.4008972
  vertex -0.3684095 -0.03696101 -0.36671853
  vertex -0.3684921 -0.00084246875 -0.36849293
 endloop
endfacet
facet normal -0.6710278 -0.03791086 -0.74046236
 outer loop
  vertex -0.33050892 -0.040240727 -0.4008972
  vertex -0.3684921 -0.00084246875 -0.36849293
  vertex -0.3305992 -0.00075589033 -0.40283698
 endloop
endfacet
facet normal 0.5953277 -0.038067773 -0.8025808
 outer loop
  vertex 0.33068916 -0.038728956 -0.40089744
  vertex 0.2896192 -0.04180903 -0.43121567
  vertex 0.2895221 0.00066188327 -0.43330216
 endloop
endfacet
facet normal 0.5953275 -0.038068023 -0.80258083
 outer loop
  vertex 0.33068916 -0.038728956 -0.40089744
  vertex 0.2895221 0.00066188327 -0.43330216
  vertex 0.3305989 0.0007558814 -0.40283725
 endloop
endfacet
facet normal -0.5951476 -0.040789057 -0.80258054
 outer loop
  vertex -0.28942534 -0.04313293 -0.43121544
  vertex -0.33050892 -0.040240727 -0.4008972
  vertex -0.3305992 -0.00075589033 -0.40283698
 endloop
endfacet
facet normal -0.5951475 -0.040788803 -0.8025806
 outer loop
  vertex -0.28942534 -0.04313293 -0.43121544
  vertex -0.3305992 -0.00075589033 -0.40283698
  vertex -0.28952244 -0.0006620165 -0.4333019
 endloop
endfacet
facet normal 0.6711935 -0.034842815 -0.74046296
 outer loop
  vertex 0.36857438 -0.03527593 -0.36671883
  vertex 0.33068916 -0.038728956 -0.40089744
  vertex 0.3305989 0.0007558814 -0.40283725
 endloop
endfacet
facet normal 0.6711938 -0.034842156 -0.7404626
 outer loop
  vertex 0.36857438 -0.03527593 -0.36671883
  vertex 0.3305989 0.0007558814 -0.40283725
  vertex 0.3684918 0.0008426152 -0.36849323
 endloop
endfacet
facet normal -0.513546 -0.04327427 -0.85697013
 outer loop
  vertex -0.24555443 -0.045609612 -0.45738035
  vertex -0.28942534 -0.04313293 -0.43121544
  vertex -0.28952244 -0.0006620165 -0.4333019
 endloop
endfacet
facet normal -0.5135461 -0.043274373 -0.85697013
 outer loop
  vertex -0.24555443 -0.045609612 -0.45738035
  vertex -0.28952244 -0.0006620165 -0.4333019
  vertex -0.24565743 -0.0005616899 -0.45959342
 endloop
endfacet
facet normal 0.7406218 -0.03128044 -0.67119354
 outer loop
  vertex 0.40291008 -0.0314833 -0.3290082
  vertex 0.36857438 -0.03527593 -0.36671883
  vertex 0.3684918 0.0008426152 -0.36849323
 endloop
endfacet
facet normal 0.740622 -0.031280205 -0.6711935
 outer loop
  vertex 0.40291008 -0.0314833 -0.3290082
  vertex 0.3684918 0.0008426152 -0.36849323
  vertex 0.402836 0.00092108164 -0.3306001
 endloop
endfacet
facet normal -0.42703184 -0.045342732 -0.90309894
 outer loop
  vertex -0.19931869 -0.04764714 -0.4791407
  vertex -0.24555443 -0.045609612 -0.45738035
  vertex -0.24565743 -0.0005616899 -0.45959342
 endloop
endfacet
facet normal -0.4270319 -0.045342818 -0.903099
 outer loop
  vertex -0.19931869 -0.04764714 -0.4791407
  vertex -0.24565743 -0.0005616899 -0.45959342
  vertex -0.19942659 -0.00045601992 -0.48145905
 endloop
endfacet
facet normal 0.8029271 -0.02741653 -0.59544635
 outer loop
  vertex 0.43336552 -0.02738753 -0.28812927
  vertex 0.40291008 -0.0314833 -0.3290082
  vertex 0.402836 0.00092108164 -0.3306001
 endloop
endfacet
facet normal 0.80292714 -0.027416298 -0.5954462
 outer loop
  vertex 0.43336552 -0.02738753 -0.28812927
  vertex 0.402836 0.00092108164 -0.3306001
  vertex 0.4333006 0.0009906387 -0.28952342
 endloop
endfacet
facet normal -0.33642682 -0.04697488 -0.9405373
 outer loop
  vertex -0.15116338 -0.049225707 -0.49628684
  vertex -0.19931869 -0.04764714 -0.4791407
  vertex -0.19942659 -0.00045601992 -0.48145905
 endloop
endfacet
facet normal -0.33642644 -0.04697443 -0.94053745
 outer loop
  vertex -0.15116338 -0.049225707 -0.49628684
  vertex -0.19942659 -0.00045601992 -0.48145905
  vertex -0.15127514 -0.0003458459 -0.49868813
 endloop
endfacet
facet normal 0.85751176 -0.02328713 -0.51393706
 outer loop
  vertex 0.45964733 -0.023027819 -0.24447523
  vertex 0.43336552 -0.02738753 -0.28812927
  vertex 0.4333006 0.0009906387 -0.28952342
 endloop
endfacet
facet normal 0.85751164 -0.023287598 -0.5139373
 outer loop
  vertex 0.45964733 -0.023027819 -0.24447523
  vertex 0.4333006 0.0009906387 -0.28952342
  vertex 0.45959228 0.0010508099 -0.24565813
 endloop
endfacet
facet normal -0.24259584 -0.048154805 -0.96893156
 outer loop
  vertex -0.10155235 -0.050330315 -0.5086533
  vertex -0.15116338 -0.049225707 -0.49628684
  vertex -0.15127514 -0.0003458459 -0.49868813
 endloop
endfacet
facet normal -0.24259706 -0.048156083 -0.96893126
 outer loop
  vertex -0.10155235 -0.050330315 -0.5086533
  vertex -0.15127514 -0.0003458459 -0.49868813
  vertex -0.1016669 -0.0002324575 -0.5111145
 endloop
endfacet
facet normal -0.9699869 0.009719733 -0.24296258
 outer loop
  vertex -0.49868688 -0.0011402413 -0.15127535
  vertex -0.5111131 -0.0011687124 -0.10166688
  vertex -0.5111359 0.008796377 -0.10117733
 endloop
endfacet
facet normal -0.969987 0.009719217 -0.2429625
 outer loop
  vertex -0.49868688 -0.0011402413 -0.15127535
  vertex -0.5111359 0.008796377 -0.10117733
  vertex -0.49872077 0.013687314 -0.15054692
 endloop
endfacet
facet normal 0.96993244 0.014152514 -0.24296252
 outer loop
  vertex 0.511113 0.0011685838 -0.10166724
  vertex 0.49868676 0.0011401998 -0.15127572
  vertex 0.49865288 0.015967757 -0.1505473
 endloop
endfacet
facet normal 0.96993244 0.014152204 -0.24296261
 outer loop
  vertex 0.511113 0.0011685838 -0.10166724
  vertex 0.49865288 0.015967757 -0.1505473
  vertex 0.5110902 0.011133672 -0.101177685
 endloop
endfacet
facet normal 0.048895136 0.049120307 -0.9975953
 outer loop
  vertex 0.0510791 0.000116863856 -0.5186184
  vertex -1.6735373e-07 1.3528448e-07 -0.5211277
  vertex -0.00011695714 0.05107945 -0.51861835
 endloop
endfacet
facet normal 0.048895985 0.04912115 -0.9975953
 outer loop
  vertex 0.0510791 0.000116863856 -0.5186184
  vertex -0.00011695714 0.05107945 -0.51861835
  vertex 0.050962877 0.05095022 -0.5161211
 endloop
endfacet
facet normal -0.9414499 0.01439662 -0.33684567
 outer loop
  vertex -0.481458 -0.0011008597 -0.19942664
  vertex -0.49868688 -0.0011402413 -0.15127535
  vertex -0.49872077 0.013687314 -0.15054692
 endloop
endfacet
facet normal -0.94145 0.01439533 -0.33684534
 outer loop
  vertex -0.481458 -0.0011008597 -0.19942664
  vertex -0.49872077 0.013687314 -0.15054692
  vertex -0.4815027 0.018446336 -0.19846633
 endloop
endfacet
facet normal 0.98913157 0.009468333 -0.14672759
 outer loop
  vertex 0.518617 0.0011857568 -0.051079668
  vertex 0.511113 0.0011685838 -0.10166724
  vertex 0.5110902 0.011133672 -0.101177685
 endloop
endfacet
facet normal 0.98913175 0.009469179 -0.14672743
 outer loop
  vertex 0.518617 0.0011857568 -0.051079668
  vertex 0.5110902 0.011133672 -0.101177685
  vertex 0.51860553 0.0061924076 -0.050833706
 endloop
endfacet
facet normal 0.14644341 0.048873328 -0.98801094
 outer loop
  vertex 0.101666525 0.00023245616 -0.5111146
  vertex 0.0510791 0.000116863856 -0.5186184
  vertex 0.050962877 0.05095022 -0.5161211
 endloop
endfacet
facet normal 0.14644371 0.048873622 -0.98801094
 outer loop
  vertex 0.101666525 0.00023245616 -0.5111146
  vertex 0.050962877 0.05095022 -0.5161211
  vertex 0.101551965 0.050330315 -0.5086534
 endloop
endfacet
facet normal -0.9038363 0.018932993 -0.4274594
 outer loop
  vertex -0.4595925 -0.0010508613 -0.2456577
  vertex -0.481458 -0.0011008597 -0.19942664
  vertex -0.4815027 0.018446336 -0.19846633
 endloop
endfacet
facet normal -0.90383625 0.018933415 -0.4274595
 outer loop
  vertex -0.4595925 -0.0010508613 -0.2456577
  vertex -0.4815027 0.018446336 -0.19846633
  vertex -0.45964754 0.023027759 -0.2444748
 endloop
endfacet
facet normal 0.24259616 0.048156165 -0.96893144
 outer loop
  vertex 0.15127483 0.00034592627 -0.49868828
  vertex 0.101666525 0.00023245616 -0.5111146
  vertex 0.101551965 0.050330315 -0.5086534
 endloop
endfacet
facet normal 0.24259494 0.048154905 -0.9689318
 outer loop
  vertex 0.15127483 0.00034592627 -0.49868828
  vertex 0.101551965 0.050330315 -0.5086534
  vertex 0.15116306 0.049225792 -0.496287
 endloop
endfacet
facet normal -0.8575123 0.023287583 -0.5139362
 outer loop
  vertex -0.43330082 -0.0009908105 -0.28952312
  vertex -0.4595925 -0.0010508613 -0.2456577
  vertex -0.45964754 0.023027759 -0.2444748
 endloop
endfacet
facet normal -0.8575122 0.023288008 -0.51393634
 outer loop
  vertex -0.43330082 -0.0009908105 -0.28952312
  vertex -0.45964754 0.023027759 -0.2444748
  vertex -0.4333657 0.027387358 -0.28812897
 endloop
endfacet
facet normal 0.33642477 0.046974555 -0.940538
 outer loop
  vertex 0.19942622 0.00045601858 -0.48145932
  vertex 0.15127483 0.00034592627 -0.49868828
  vertex 0.15116306 0.049225792 -0.496287
 endloop
endfacet
facet normal 0.3364246 0.046974298 -0.9405381
 outer loop
  vertex 0.19942622 0.00045601858 -0.48145932
  vertex 0.15116306 0.049225792 -0.496287
  vertex 0.19931832 0.047647156 -0.479141
 endloop
endfacet
facet normal -0.8029275 0.02741716 -0.5954459
 outer loop
  vertex -0.40283623 -0.00092105544 -0.3305998
  vertex -0.43330082 -0.0009908105 -0.28952312
  vertex -0.4333657 0.027387358 -0.28812897
 endloop
endfacet
facet normal -0.80292755 0.027417067 -0.59544575
 outer loop
  vertex -0.40283623 -0.00092105544 -0.3305998
  vertex -0.4333657 0.027387358 -0.28812897
  vertex -0.40291032 0.031483322 -0.32900786
 endloop
endfacet
facet normal 0.42703262 0.045342214 -0.9030987
 outer loop
  vertex 0.24565703 0.0005616885 -0.45959365
  vertex 0.19942622 0.00045601858 -0.48145932
  vertex 0.19931832 0.047647156 -0.479141
 endloop
endfacet
facet normal 0.42703366 0.045343447 -0.90309817
 outer loop
  vertex 0.24565703 0.0005616885 -0.45959365
  vertex 0.19931832 0.047647156 -0.479141
  vertex 0.24555402 0.045609616 -0.45738056
 endloop
endfacet
facet normal -0.7406225 0.031280775 -0.6711927
 outer loop
  vertex -0.3684921 -0.00084246875 -0.36849293
  vertex -0.40283623 -0.00092105544 -0.3305998
  vertex -0.40291032 0.031483322 -0.32900786
 endloop
endfacet
facet normal -0.74062276 0.031280376 -0.6711925
 outer loop
  vertex -0.3684921 -0.00084246875 -0.36849293
  vertex -0.40291032 0.031483322 -0.32900786
  vertex -0.36857468 0.035276074 -0.36671853
 endloop
endfacet
facet normal 0.5135451 0.043275133 -0.85697067
 outer loop
  vertex 0.2895221 0.00066188327 -0.43330216
  vertex 0.24565703 0.0005616885 -0.45959365
  vertex 0.24555402 0.045609616 -0.45738056
 endloop
endfacet
facet normal 0.51354474 0.043274682 -0.8569709
 outer loop
  vertex 0.2895221 0.00066188327 -0.43330216
  vertex 0.24555402 0.045609616 -0.45738056
  vertex 0.289425 0.0431328 -0.4312157
 endloop
endfacet
facet normal -0.671194 0.034842167 -0.74046236
 outer loop
  vertex -0.3305992 -0.00075589033 -0.40283698
  vertex -0.3684921 -0.00084246875 -0.36849293
  vertex -0.36857468 0.035276074 -0.36671853
 endloop
endfacet
facet normal -0.67119396 0.03484226 -0.7404625
 outer loop
  vertex -0.3305992 -0.00075589033 -0.40283698
  vertex -0.36857468 0.035276074 -0.36671853
  vertex -0.33068946 0.03872895 -0.4008972
 endloop
endfacet
facet normal 0.59514713 0.04078927 -0.8025809
 outer loop
  vertex 0.3305989 0.0007558814 -0.40283725
  vertex 0.2895221 0.00066188327 -0.43330216
  vertex 0.289425 0.0431328 -0.4312157
 endloop
endfacet
facet normal 0.595147 0.040789086 -0.802581
 outer loop
  vertex 0.3305989 0.0007558814 -0.40283725
  vertex 0.289425 0.0431328 -0.4312157
  vertex 0.33050862 0.040240724 -0.40089747
 endloop
endfacet
facet normal -0.59532773 0.038067367 -0.8025807
 outer loop
  vertex -0.28952244 -0.0006620165 -0.4333019
  vertex -0.3305992 -0.00075589033 -0.40283698
  vertex -0.33068946 0.03872895 -0.4008972
 endloop
endfacet
facet normal -0.5953281 0.03806677 -0.8025805
 outer loop
  vertex -0.28952244 -0.0006620165 -0.4333019
  vertex -0.33068946 0.03872895 -0.4008972
  vertex -0.28961957 0.0418089 -0.43121544
 endloop
endfacet
facet normal 0.67102736 0.037910864 -0.7404628
 outer loop
  vertex 0.3684918 0.0008426152 -0.36849323
  vertex 0.3305989 0.0007558814 -0.40283725
  vertex 0.33050862 0.040240724 -0.40089747
 endloop
endfacet
facet normal 0.6710275 0.037911072 -0.74046266
 outer loop
  vertex 0.3684918 0.0008426152 -0.36849323
  vertex 0.33050862 0.040240724 -0.40089747
  vertex 0.36840922 0.036961157 -0.36671883
 endloop
endfacet
facet normal -0.51373863 0.040925346 -0.85697013
 outer loop
  vertex -0.24565743 -0.0005616899 -0.45959342
  vertex -0.28952244 -0.0006620165 -0.4333019
  vertex -0.28961957 0.0418089 -0.43121544
 endloop
endfacet
facet normal -0.51373816 0.04092602 -0.8569703
 outer loop
  vertex -0.24565743 -0.0005616899 -0.45959342
  vertex -0.28961957 0.0418089 -0.43121544
  vertex -0.24576044 0.044486232 -0.45738032
 endloop
endfacet
facet normal 0.7404712 0.034666836 -0.6711934
 outer loop
  vertex 0.402836 0.00092108164 -0.3306001
  vertex 0.3684918 0.0008426152 -0.36849323
  vertex 0.36840922 0.036961157 -0.36671883
 endloop
endfacet
facet normal 0.7404713 0.034667127 -0.67119324
 outer loop
  vertex 0.402836 0.00092108164 -0.3306001
  vertex 0.36840922 0.036961157 -0.36671883
  vertex 0.4027619 0.033325456 -0.32900816
 endloop
endfacet
facet normal -0.4272347 0.043390006 -0.90309894
 outer loop
  vertex -0.19942659 -0.00045601992 -0.48145905
  vertex -0.24565743 -0.0005616899 -0.45959342
  vertex -0.24576044 0.044486232 -0.45738032
 endloop
endfacet
facet normal -0.42723507 0.043389585 -0.9030989
 outer loop
  vertex -0.19942659 -0.00045601992 -0.48145905
  vertex -0.24576044 0.044486232 -0.45738032
  vertex -0.19953449 0.046735104 -0.4791407
 endloop
endfacet
facet normal 0.80279344 0.031088362 -0.5954462
 outer loop
  vertex 0.4333006 0.0009906387 -0.28952342
  vertex 0.402836 0.00092108164 -0.3306001
  vertex 0.4027619 0.033325456 -0.32900816
 endloop
endfacet
facet normal 0.80279344 0.031088255 -0.5954462
 outer loop
  vertex 0.4333006 0.0009906387 -0.28952342
  vertex 0.4027619 0.033325456 -0.32900816
  vertex 0.43323573 0.029368807 -0.28812927
 endloop
endfacet
facet normal -0.33663785 0.04543596 -0.94053733
 outer loop
  vertex -0.15127514 -0.0003458459 -0.49868813
  vertex -0.19942659 -0.00045601992 -0.48145905
  vertex -0.19953449 0.046735104 -0.4791407
 endloop
endfacet
facet normal -0.3366383 0.04543544 -0.9405373
 outer loop
  vertex -0.15127514 -0.0003458459 -0.49868813
  vertex -0.19953449 0.046735104 -0.4791407
  vertex -0.15138692 0.048534017 -0.49628684
 endloop
endfacet
facet normal 0.8573961 0.027208755 -0.51393735
 outer loop
  vertex 0.45959228 0.0010508099 -0.24565813
  vertex 0.4333006 0.0009906387 -0.28952342
  vertex 0.43323573 0.029368807 -0.28812927
 endloop
endfacet
facet normal 0.85739595 0.027207987 -0.5139377
 outer loop
  vertex 0.45959228 0.0010508099 -0.24565813
  vertex 0.43323573 0.029368807 -0.28812927
  vertex 0.45953724 0.02512944 -0.24447523
 endloop
endfacet
facet normal -0.2428147 0.04704488 -0.96893126
 outer loop
  vertex -0.1016669 -0.0002324575 -0.5111145
  vertex -0.15127514 -0.0003458459 -0.49868813
  vertex -0.15138692 0.048534017 -0.49628684
 endloop
endfacet
facet normal -0.24281348 0.047046196 -0.96893156
 outer loop
  vertex -0.1016669 -0.0002324575 -0.5111145
  vertex -0.15138692 0.048534017 -0.49628684
  vertex -0.10178146 0.0498654 -0.5086533
 endloop
endfacet
facet normal 0.9037398 0.02306562 -0.42746022
 outer loop
  vertex 0.4814579 0.0011008007 -0.199427
  vertex 0.45959228 0.0010508099 -0.24565813
  vertex 0.45953724 0.02512944 -0.24447523
 endloop
endfacet
facet normal 0.9037401 0.023066835 -0.4274597
 outer loop
  vertex 0.4814579 0.0011008007 -0.199427
  vertex 0.45953724 0.02512944 -0.24447523
  vertex 0.4814132 0.020647997 -0.19846669
 endloop
endfacet
facet normal -0.14666775 0.04820335 -0.98801064
 outer loop
  vertex -0.0510795 -0.000116717674 -0.5186184
  vertex -0.1016669 -0.0002324575 -0.5111145
  vertex -0.10178146 0.0498654 -0.5086533
 endloop
endfacet
facet normal -0.14666793 0.048203133 -0.9880106
 outer loop
  vertex -0.0510795 -0.000116717674 -0.5186184
  vertex -0.10178146 0.0498654 -0.5086533
  vertex -0.051195726 0.05071664 -0.5161211
 endloop
endfacet
facet normal -0.98916495 0.0049471757 -0.14672525
 outer loop
  vertex -0.5111131 -0.0011687124 -0.10166688
  vertex -0.518617 -0.0011858407 -0.051079288
  vertex -0.5186284 0.003820811 -0.050833326
 endloop
endfacet
facet normal -0.9891648 0.004948059 -0.14672533
 outer loop
  vertex -0.5111131 -0.0011687124 -0.10166688
  vertex -0.5186284 0.003820811 -0.050833326
  vertex -0.5111359 0.008796377 -0.10117733
 endloop
endfacet
facet normal 0.9413741 0.018701274 -0.3368458
 outer loop
  vertex 0.49868676 0.0011401998 -0.15127572
  vertex 0.4814579 0.0011008007 -0.199427
  vertex 0.4814132 0.020647997 -0.19846669
 endloop
endfacet
facet normal 0.9413739 0.018699473 -0.33684638
 outer loop
  vertex 0.49868676 0.0011401998 -0.15127572
  vertex 0.4814132 0.020647997 -0.19846669
  vertex 0.49865288 0.015967757 -0.1505473
 endloop
endfacet
facet normal -0.049119197 0.04889705 -0.9975953
 outer loop
  vertex -1.6735373e-07 1.3528448e-07 -0.5211277
  vertex -0.0510795 -0.000116717674 -0.5186184
  vertex -0.051195726 0.05071664 -0.5161211
 endloop
endfacet
facet normal -0.049120028 0.04889621 -0.9975953
 outer loop
  vertex -1.6735373e-07 1.3528448e-07 -0.5211277
  vertex -0.051195726 0.05071664 -0.5161211
  vertex -0.00011695714 0.05107945 -0.51861835
 endloop
endfacet
facet normal -0.90393174 0.060730588 -0.42334282
 outer loop
  vertex -0.45964754 0.023027759 -0.2444748
  vertex -0.4815027 0.018446336 -0.19846633
  vertex -0.48154697 0.03780528 -0.1955947
 endloop
endfacet
facet normal -0.90393186 0.060730126 -0.42334276
 outer loop
  vertex -0.45964754 0.023027759 -0.2444748
  vertex -0.48154697 0.03780528 -0.1955947
  vertex -0.45970207 0.046874482 -0.24093744
 endloop
endfacet
facet normal 0.24237825 0.14289732 -0.9596005
 outer loop
  vertex 0.15116306 0.049225792 -0.496287
  vertex 0.101551965 0.050330315 -0.5086534
  vertex 0.10143854 0.099945694 -0.50129366
 endloop
endfacet
facet normal 0.24237876 0.14289784 -0.95960027
 outer loop
  vertex 0.15116306 0.049225792 -0.496287
  vertex 0.10143854 0.099945694 -0.50129366
  vertex 0.15105239 0.09763492 -0.48910615
 endloop
endfacet
facet normal -0.85762703 0.07354029 -0.508987
 outer loop
  vertex -0.4333657 0.027387358 -0.28812897
  vertex -0.45964754 0.023027759 -0.2444748
  vertex -0.45970207 0.046874482 -0.24093744
 endloop
endfacet
facet normal -0.85762703 0.07354024 -0.50898695
 outer loop
  vertex -0.4333657 0.027387358 -0.28812897
  vertex -0.45970207 0.046874482 -0.24093744
  vertex -0.43342996 0.05549223 -0.28396
 endloop
endfacet
facet normal 0.3362143 0.13894114 -0.93148017
 outer loop
  vertex 0.19931832 0.047647156 -0.479141
  vertex 0.15116306 0.049225792 -0.496287
  vertex 0.15105239 0.09763492 -0.48910615
 endloop
endfacet
facet normal 0.3362146 0.13894144 -0.93148
 outer loop
  vertex 0.19931832 0.047647156 -0.479141
  vertex 0.15105239 0.09763492 -0.48910615
  vertex 0.19921146 0.09438382 -0.47220823
 endloop
endfacet
facet normal -0.8030607 0.085639305 -0.58971125
 outer loop
  vertex -0.40291032 0.031483322 -0.32900786
  vertex -0.4333657 0.027387358 -0.28812897
  vertex -0.43342996 0.05549223 -0.28396
 endloop
endfacet
facet normal -0.80306053 0.08563998 -0.58971155
 outer loop
  vertex -0.40291032 0.031483322 -0.32900786
  vertex -0.43342996 0.05549223 -0.28396
  vertex -0.4029837 0.063575625 -0.3242474
 endloop
endfacet
facet normal 0.42683175 0.13364841 -0.8944008
 outer loop
  vertex 0.24555402 0.045609616 -0.45738056
  vertex 0.19931832 0.047647156 -0.479141
  vertex 0.19921146 0.09438382 -0.47220823
 endloop
endfacet
facet normal 0.42683163 0.13364822 -0.89440084
 outer loop
  vertex 0.24555402 0.045609616 -0.45738056
  vertex 0.19921146 0.09438382 -0.47220823
  vertex 0.24545202 0.09022371 -0.45076266
 endloop
endfacet
facet normal -0.74077284 0.09691015 -0.6647285
 outer loop
  vertex -0.36857468 0.035276074 -0.36671853
  vertex -0.40291032 0.031483322 -0.32900786
  vertex -0.4029837 0.063575625 -0.3242474
 endloop
endfacet
facet normal -0.74077296 0.09690989 -0.6647284
 outer loop
  vertex -0.36857468 0.035276074 -0.36671853
  vertex -0.4029837 0.063575625 -0.3242474
  vertex -0.36865646 0.07104678 -0.36141244
 endloop
endfacet
facet normal 0.5133533 0.12706955 -0.84871775
 outer loop
  vertex 0.289425 0.0431328 -0.4312157
  vertex 0.24555402 0.045609616 -0.45738056
  vertex 0.24545202 0.09022371 -0.45076266
 endloop
endfacet
facet normal 0.51335305 0.12706922 -0.84871787
 outer loop
  vertex 0.289425 0.0431328 -0.4312157
  vertex 0.24545202 0.09022371 -0.45076266
  vertex 0.2893288 0.0851947 -0.4249764
 endloop
endfacet
facet normal -0.6713595 0.107244864 -0.73333144
 outer loop
  vertex -0.33068946 0.03872895 -0.4008972
  vertex -0.36857468 0.035276074 -0.36671853
  vertex -0.36865646 0.07104678 -0.36141244
 endloop
endfacet
facet normal -0.6713598 0.1072442 -0.7333312
 outer loop
  vertex -0.33068946 0.03872895 -0.4008972
  vertex -0.36865646 0.07104678 -0.36141244
  vertex -0.33077887 0.07783353 -0.3950966
 endloop
endfacet
facet normal 0.5949675 0.11926553 -0.79485184
 outer loop
  vertex 0.33050862 0.040240724 -0.40089747
  vertex 0.289425 0.0431328 -0.4312157
  vertex 0.2893288 0.0851947 -0.4249764
 endloop
endfacet
facet normal 0.59496725 0.119265296 -0.79485196
 outer loop
  vertex 0.33050862 0.040240724 -0.40089747
  vertex 0.2893288 0.0851947 -0.4249764
  vertex 0.3304192 0.07934529 -0.39509687
 endloop
endfacet
facet normal -0.5955075 0.11654326 -0.79485124
 outer loop
  vertex -0.28961957 0.0418089 -0.43121544
  vertex -0.33068946 0.03872895 -0.4008972
  vertex -0.33077887 0.07783353 -0.3950966
 endloop
endfacet
facet normal -0.5955073 0.11654349 -0.7948513
 outer loop
  vertex -0.28961957 0.0418089 -0.43121544
  vertex -0.33077887 0.07783353 -0.3950966
  vertex -0.28971574 0.0838708 -0.42497614
 endloop
endfacet
facet normal 0.67086184 0.11031314 -0.7333318
 outer loop
  vertex 0.36840922 0.036961157 -0.36671883
  vertex 0.33050862 0.040240724 -0.40089747
  vertex 0.3304192 0.07934529 -0.39509687
 endloop
endfacet
facet normal 0.67086196 0.11031339 -0.73333156
 outer loop
  vertex 0.36840922 0.036961157 -0.36671883
  vertex 0.3304192 0.07934529 -0.39509687
  vertex 0.36832744 0.07273186 -0.36141273
 endloop
endfacet
facet normal -0.5139298 0.12472027 -0.8487173
 outer loop
  vertex -0.24576044 0.044486232 -0.45738032
  vertex -0.28961957 0.0418089 -0.43121544
  vertex -0.28971574 0.0838708 -0.42497614
 endloop
endfacet
facet normal -0.51392937 0.12472096 -0.84871745
 outer loop
  vertex -0.24576044 0.044486232 -0.45738032
  vertex -0.28971574 0.0838708 -0.42497614
  vertex -0.24586244 0.08910032 -0.45076242
 endloop
endfacet
facet normal 0.74032134 0.10029599 -0.66472924
 outer loop
  vertex 0.4027619 0.033325456 -0.32900816
  vertex 0.36840922 0.036961157 -0.36671883
  vertex 0.36832744 0.07273186 -0.36141273
 endloop
endfacet
facet normal 0.7403216 0.100296415 -0.66472894
 outer loop
  vertex 0.4027619 0.033325456 -0.32900816
  vertex 0.36832744 0.07273186 -0.36141273
  vertex 0.40268853 0.06541777 -0.3242477
 endloop
endfacet
facet normal -0.4274369 0.13169527 -0.8944015
 outer loop
  vertex -0.19953449 0.046735104 -0.4791407
  vertex -0.24576044 0.044486232 -0.45738032
  vertex -0.24586244 0.08910032 -0.45076242
 endloop
endfacet
facet normal -0.42743725 0.13169488 -0.89440143
 outer loop
  vertex -0.19953449 0.046735104 -0.4791407
  vertex -0.24586244 0.08910032 -0.45076242
  vertex -0.19964135 0.09347174 -0.47220796
 endloop
endfacet
facet normal 0.80266035 0.089311145 -0.58971167
 outer loop
  vertex 0.43323573 0.029368807 -0.28812927
  vertex 0.4027619 0.033325456 -0.32900816
  vertex 0.40268853 0.06541777 -0.3242477
 endloop
endfacet
facet normal 0.80266005 0.08931044 -0.5897122
 outer loop
  vertex 0.43323573 0.029368807 -0.28812927
  vertex 0.40268853 0.06541777 -0.3242477
  vertex 0.43317148 0.057473682 -0.2839603
 endloop
endfacet
facet normal -0.3368487 0.13740194 -0.9314793
 outer loop
  vertex -0.15138692 0.048534017 -0.49628684
  vertex -0.19953449 0.046735104 -0.4791407
  vertex -0.19964135 0.09347174 -0.47220796
 endloop
endfacet
facet normal -0.33684844 0.13740227 -0.9314794
 outer loop
  vertex -0.15138692 0.048534017 -0.49628684
  vertex -0.19964135 0.09347174 -0.47220796
  vertex -0.15149759 0.09694315 -0.489106
 endloop
endfacet
facet normal 0.85728097 0.07746108 -0.50898826
 outer loop
  vertex 0.45953724 0.02512944 -0.24447523
  vertex 0.43323573 0.029368807 -0.28812927
  vertex 0.43317148 0.057473682 -0.2839603
 endloop
endfacet
facet normal 0.8572813 0.0774621 -0.5089876
 outer loop
  vertex 0.45953724 0.02512944 -0.24447523
  vertex 0.43317148 0.057473682 -0.2839603
  vertex 0.4594827 0.04897618 -0.24093789
 endloop
endfacet
facet normal -0.24303001 0.1417881 -0.95960015
 outer loop
  vertex -0.10178146 0.0498654 -0.5086533
  vertex -0.15138692 0.048534017 -0.49628684
  vertex -0.15149759 0.09694315 -0.489106
 endloop
endfacet
facet normal -0.24303052 0.14178756 -0.95960015
 outer loop
  vertex -0.10178146 0.0498654 -0.5086533
  vertex -0.15149759 0.09694315 -0.489106
  vertex -0.101894885 0.09948078 -0.50129354
 endloop
endfacet
facet normal 0.9036445 0.06486388 -0.42334303
 outer loop
  vertex 0.4814132 0.020647997 -0.19846669
  vertex 0.45953724 0.02512944 -0.24447523
  vertex 0.4594827 0.04897618 -0.24093789
 endloop
endfacet
facet normal 0.90364426 0.06486298 -0.42334357
 outer loop
  vertex 0.4814132 0.020647997 -0.19846669
  vertex 0.4594827 0.04897618 -0.24093789
  vertex 0.48136893 0.040006943 -0.19559506
 endloop
endfacet
facet normal -0.14688893 0.14481024 -0.9784956
 outer loop
  vertex -0.051195726 0.05071664 -0.5161211
  vertex -0.10178146 0.0498654 -0.5086533
  vertex -0.101894885 0.09948078 -0.50129354
 endloop
endfacet
facet normal -0.14688766 0.14481157 -0.97849554
 outer loop
  vertex -0.051195726 0.05071664 -0.5161211
  vertex -0.101894885 0.09948078 -0.50129354
  vertex -0.051310834 0.10106045 -0.5086532
 endloop
endfacet
facet normal -0.9891978 0.019284118 -0.14531338
 outer loop
  vertex -0.5111359 0.008796377 -0.10117733
  vertex -0.5186284 0.003820811 -0.050833326
  vertex -0.5186398 0.008779245 -0.05009781
 endloop
endfacet
facet normal -0.9891975 0.019297002 -0.14531334
 outer loop
  vertex -0.5111359 0.008796377 -0.10117733
  vertex -0.5186398 0.008779245 -0.05009781
  vertex -0.5111584 0.0186655 -0.09971338
 endloop
endfacet
facet normal 0.9412986 0.051637206 -0.33360237
 outer loop
  vertex 0.49865288 0.015967757 -0.1505473
  vertex 0.4814132 0.020647997 -0.19846669
  vertex 0.48136893 0.040006943 -0.19559506
 endloop
endfacet
facet normal 0.9412988 0.051638488 -0.33360174
 outer loop
  vertex 0.49865288 0.015967757 -0.1505473
  vertex 0.48136893 0.040006943 -0.19559506
  vertex 0.4986193 0.03065252 -0.148369
 endloop
endfacet
facet normal -0.049343184 0.14644264 -0.9879877
 outer loop
  vertex -0.00011695714 0.05107945 -0.51861835
  vertex -0.051195726 0.05071664 -0.5161211
  vertex -0.051310834 0.10106045 -0.5086532
 endloop
endfacet
facet normal -0.049343377 0.14644243 -0.98798776
 outer loop
  vertex -0.00011695714 0.05107945 -0.51861835
  vertex -0.051310834 0.10106045 -0.5086532
  vertex -0.00023262031 0.10166683 -0.51111436
 endloop
endfacet
facet normal -0.9700413 0.033478506 -0.24062239
 outer loop
  vertex -0.49872077 0.013687314 -0.15054692
  vertex -0.5111359 0.008796377 -0.10117733
  vertex -0.5111584 0.0186655 -0.09971338
 endloop
endfacet
facet normal -0.97004145 0.033474527 -0.240622
 outer loop
  vertex -0.49872077 0.013687314 -0.15054692
  vertex -0.5111584 0.0186655 -0.09971338
  vertex -0.49875435 0.028372072 -0.14836863
 endloop
endfacet
facet normal 0.9698781 0.037911586 -0.2406225
 outer loop
  vertex 0.5110902 0.011133672 -0.101177685
  vertex 0.49865288 0.015967757 -0.1505473
  vertex 0.4986193 0.03065252 -0.148369
 endloop
endfacet
facet normal 0.96987784 0.03790758 -0.24062407
 outer loop
  vertex 0.5110902 0.011133672 -0.101177685
  vertex 0.4986193 0.03065252 -0.148369
  vertex 0.5110677 0.021002788 -0.09971373
 endloop
endfacet
facet normal 0.04867305 0.14666653 -0.98798776
 outer loop
  vertex 0.050962877 0.05095022 -0.5161211
  vertex -0.00011695714 0.05107945 -0.51861835
  vertex -0.00023262031 0.10166683 -0.51111436
 endloop
endfacet
facet normal 0.048673265 0.14666675 -0.9879877
 outer loop
  vertex 0.050962877 0.05095022 -0.5161211
  vertex -0.00023262031 0.10166683 -0.51111436
  vertex 0.05084777 0.101294026 -0.5086532
 endloop
endfacet
facet normal -0.9415252 0.047332026 -0.3336013
 outer loop
  vertex -0.4815027 0.018446336 -0.19846633
  vertex -0.49872077 0.013687314 -0.15054692
  vertex -0.49875435 0.028372072 -0.14836863
 endloop
endfacet
facet normal -0.94152516 0.04733276 -0.33360144
 outer loop
  vertex -0.4815027 0.018446336 -0.19846633
  vertex -0.49875435 0.028372072 -0.14836863
  vertex -0.48154697 0.03780528 -0.1955947
 endloop
endfacet
facet normal 0.9890989 0.023813616 -0.14531463
 outer loop
  vertex 0.51860553 0.0061924076 -0.050833706
  vertex 0.5110902 0.011133672 -0.101177685
  vertex 0.5110677 0.021002788 -0.09971373
 endloop
endfacet
facet normal 0.98909914 0.023825884 -0.14531091
 outer loop
  vertex 0.51860553 0.0061924076 -0.050833706
  vertex 0.5110677 0.021002788 -0.09971373
  vertex 0.51859415 0.0111508425 -0.05009819
 endloop
endfacet
facet normal 0.14622293 0.14548177 -0.9784957
 outer loop
  vertex 0.101551965 0.050330315 -0.5086534
  vertex 0.050962877 0.05095022 -0.5161211
  vertex 0.05084777 0.101294026 -0.5086532
 endloop
endfacet
facet normal 0.14622156 0.14548042 -0.97849613
 outer loop
  vertex 0.101551965 0.050330315 -0.5086534
  vertex 0.05084777 0.101294026 -0.5086532
  vertex 0.10143854 0.099945694 -0.50129366
 endloop
endfacet
facet normal -0.8031918 0.14302002 -0.57829773
 outer loop
  vertex -0.4029837 0.063575625 -0.3242474
  vertex -0.43342996 0.05549223 -0.28396
  vertex -0.43349296 0.083053134 -0.27705637
 endloop
endfacet
facet normal -0.80319196 0.14301942 -0.5782976
 outer loop
  vertex -0.4029837 0.063575625 -0.3242474
  vertex -0.43349296 0.083053134 -0.27705637
  vertex -0.40305567 0.09504679 -0.31636426
 endloop
endfacet
facet normal 0.42663273 0.2206749 -0.87709016
 outer loop
  vertex 0.24545202 0.09022371 -0.45076266
  vertex 0.19921146 0.09438382 -0.47220823
  vertex 0.19910668 0.1402159 -0.4607279
 endloop
endfacet
facet normal 0.42663312 0.22067535 -0.87708986
 outer loop
  vertex 0.24545202 0.09022371 -0.45076266
  vertex 0.19910668 0.1402159 -0.4607279
  vertex 0.24535199 0.1339743 -0.4398037
 endloop
endfacet
facet normal -0.7409209 0.16158903 -0.65186286
 outer loop
  vertex -0.36865646 0.07104678 -0.36141244
  vertex -0.4029837 0.063575625 -0.3242474
  vertex -0.40305567 0.09504679 -0.31636426
 endloop
endfacet
facet normal -0.7409208 0.16158928 -0.651863
 outer loop
  vertex -0.36865646 0.07104678 -0.36141244
  vertex -0.40305567 0.09504679 -0.31636426
  vertex -0.36873665 0.106125146 -0.35262576
 endloop
endfacet
facet normal 0.51316434 0.2096517 -0.8322911
 outer loop
  vertex 0.2893288 0.0851947 -0.4249764
  vertex 0.24545202 0.09022371 -0.45076266
  vertex 0.24535199 0.1339743 -0.4398037
 endloop
endfacet
facet normal 0.51316404 0.20965143 -0.8322913
 outer loop
  vertex 0.2893288 0.0851947 -0.4249764
  vertex 0.24535199 0.1339743 -0.4398037
  vertex 0.28923452 0.1264425 -0.41464436
 endloop
endfacet
facet normal -0.6715229 0.17859946 -0.7191378
 outer loop
  vertex -0.33077887 0.07783353 -0.3950966
  vertex -0.36865646 0.07104678 -0.36141244
  vertex -0.36873665 0.106125146 -0.35262576
 endloop
endfacet
facet normal -0.6715229 0.1785996 -0.71913785
 outer loop
  vertex -0.33077887 0.07783353 -0.3950966
  vertex -0.36873665 0.106125146 -0.35262576
  vertex -0.33086655 0.11618125 -0.38549098
 endloop
endfacet
facet normal 0.59479034 0.19660646 -0.77946794
 outer loop
  vertex 0.3304192 0.07934529 -0.39509687
  vertex 0.2893288 0.0851947 -0.4249764
  vertex 0.28923452 0.1264425 -0.41464436
 endloop
endfacet
facet normal 0.5947906 0.19660671 -0.77946776
 outer loop
  vertex 0.3304192 0.07934529 -0.39509687
  vertex 0.28923452 0.1264425 -0.41464436
  vertex 0.33033153 0.117693014 -0.38549125
 endloop
endfacet
facet normal -0.5956842 0.19388469 -0.7794672
 outer loop
  vertex -0.28971574 0.0838708 -0.42497614
  vertex -0.33077887 0.07783353 -0.3950966
  vertex -0.33086655 0.11618125 -0.38549098
 endloop
endfacet
facet normal -0.5956837 0.19388539 -0.77946734
 outer loop
  vertex -0.28971574 0.0838708 -0.42497614
  vertex -0.33086655 0.11618125 -0.38549098
  vertex -0.28981003 0.1251186 -0.41464406
 endloop
endfacet
facet normal 0.67069876 0.18166846 -0.71913815
 outer loop
  vertex 0.36832744 0.07273186 -0.36141273
  vertex 0.3304192 0.07934529 -0.39509687
  vertex 0.33033153 0.117693014 -0.38549125
 endloop
endfacet
facet normal 0.67069864 0.1816683 -0.7191384
 outer loop
  vertex 0.36832744 0.07273186 -0.36141273
  vertex 0.33033153 0.117693014 -0.38549125
  vertex 0.36824724 0.10781023 -0.35262606
 endloop
endfacet
facet normal -0.5141182 0.20730351 -0.8322907
 outer loop
  vertex -0.24586244 0.08910032 -0.45076242
  vertex -0.28971574 0.0838708 -0.42497614
  vertex -0.28981003 0.1251186 -0.41464406
 endloop
endfacet
facet normal -0.5141187 0.20730276 -0.83229053
 outer loop
  vertex -0.24586244 0.08910032 -0.45076242
  vertex -0.28981003 0.1251186 -0.41464406
  vertex -0.24596247 0.13285092 -0.43980345
 endloop
endfacet
facet normal 0.74017376 0.16497557 -0.65186334
 outer loop
  vertex 0.40268853 0.06541777 -0.3242477
  vertex 0.36832744 0.07273186 -0.36141273
  vertex 0.36824724 0.10781023 -0.35262606
 endloop
endfacet
facet normal 0.74017406 0.16497618 -0.65186286
 outer loop
  vertex 0.40268853 0.06541777 -0.3242477
  vertex 0.36824724 0.10781023 -0.35262606
  vertex 0.40261656 0.09688893 -0.31636456
 endloop
endfacet
facet normal -0.42763618 0.21872233 -0.8770906
 outer loop
  vertex -0.19964135 0.09347174 -0.47220796
  vertex -0.24586244 0.08910032 -0.45076242
  vertex -0.24596247 0.13285092 -0.43980345
 endloop
endfacet
facet normal -0.4276365 0.21872193 -0.8770905
 outer loop
  vertex -0.19964135 0.09347174 -0.47220796
  vertex -0.24596247 0.13285092 -0.43980345
  vertex -0.19974613 0.13930382 -0.46072763
 endloop
endfacet
facet normal 0.802529 0.14669178 -0.5782982
 outer loop
  vertex 0.43317148 0.057473682 -0.2839603
  vertex 0.40268853 0.06541777 -0.3242477
  vertex 0.40261656 0.09688893 -0.31636456
 endloop
endfacet
facet normal 0.8025286 0.14669088 -0.5782989
 outer loop
  vertex 0.43317148 0.057473682 -0.2839603
  vertex 0.40261656 0.09688893 -0.31636456
  vertex 0.43310848 0.08503459 -0.27705666
 endloop
endfacet
facet normal -0.33705583 0.22803682 -0.9134509
 outer loop
  vertex -0.15149759 0.09694315 -0.489106
  vertex -0.19964135 0.09347174 -0.47220796
  vertex -0.19974613 0.13930382 -0.46072763
 endloop
endfacet
facet normal -0.33705488 0.22803794 -0.91345096
 outer loop
  vertex -0.15149759 0.09694315 -0.489106
  vertex -0.19974613 0.13930382 -0.46072763
  vertex -0.15160613 0.14441533 -0.47721478
 endloop
endfacet
facet normal 0.857168 0.12698665 -0.4991366
 outer loop
  vertex 0.4594827 0.04897618 -0.24093789
  vertex 0.43317148 0.057473682 -0.2839603
  vertex 0.43310848 0.08503459 -0.27705666
 endloop
endfacet
facet normal 0.85716826 0.1269873 -0.4991361
 outer loop
  vertex 0.4594827 0.04897618 -0.24093789
  vertex 0.43310848 0.08503459 -0.27705666
  vertex 0.45942923 0.072361365 -0.23508018
 endloop
endfacet
facet normal -0.2432439 0.23515992 -0.94102716
 outer loop
  vertex -0.101894885 0.09948078 -0.50129354
  vertex -0.15149759 0.09694315 -0.489106
  vertex -0.15160613 0.14441533 -0.47721478
 endloop
endfacet
facet normal -0.24324465 0.23515911 -0.9410272
 outer loop
  vertex -0.101894885 0.09948078 -0.50129354
  vertex -0.15160613 0.14441533 -0.47721478
  vertex -0.10200614 0.14813587 -0.48910606
 endloop
endfacet
facet normal 0.90355015 0.106055774 -0.4151498
 outer loop
  vertex 0.48136893 0.040006943 -0.19559506
  vertex 0.4594827 0.04897618 -0.24093789
  vertex 0.45942923 0.072361365 -0.23508018
 endloop
endfacet
facet normal 0.90355015 0.10605637 -0.41514933
 outer loop
  vertex 0.48136893 0.040006943 -0.19559506
  vertex 0.45942923 0.072361365 -0.23508018
  vertex 0.4813255 0.058991197 -0.19083974
 endloop
endfacet
facet normal -0.14710549 0.2400205 -0.9595573
 outer loop
  vertex -0.051310834 0.10106045 -0.5086532
  vertex -0.101894885 0.09948078 -0.50129354
  vertex -0.10200614 0.14813587 -0.48910606
 endloop
endfacet
facet normal -0.14710471 0.24002124 -0.9595571
 outer loop
  vertex -0.051310834 0.10106045 -0.5086532
  vertex -0.10200614 0.14813587 -0.48910606
  vertex -0.05142371 0.15042984 -0.49628678
 endloop
endfacet
facet normal -0.98922974 0.033439096 -0.14250028
 outer loop
  vertex -0.5111584 0.0186655 -0.09971338
  vertex -0.5186398 0.008779245 -0.05009781
  vertex -0.5186509 0.013641711 -0.04887982
 endloop
endfacet
facet normal -0.9892299 0.033428602 -0.14250132
 outer loop
  vertex -0.5111584 0.0186655 -0.09971338
  vertex -0.5186509 0.013641711 -0.04887982
  vertex -0.5111806 0.028343607 -0.09728912
 endloop
endfacet
facet normal 0.9412246 0.084098555 -0.32714498
 outer loop
  vertex 0.4986193 0.03065252 -0.148369
  vertex 0.48136893 0.040006943 -0.19559506
  vertex 0.4813255 0.058991197 -0.19083974
 endloop
endfacet
facet normal 0.94122446 0.08409816 -0.3271452
 outer loop
  vertex 0.4986193 0.03065252 -0.148369
  vertex 0.4813255 0.058991197 -0.19083974
  vertex 0.49858636 0.045053057 -0.14476185
 endloop
endfacet
facet normal -0.04956326 0.24257593 -0.9688656
 outer loop
  vertex -0.00023262031 0.10166683 -0.51111436
  vertex -0.051310834 0.10106045 -0.5086532
  vertex -0.05142371 0.15042984 -0.49628678
 endloop
endfacet
facet normal -0.049563166 0.24257597 -0.96886545
 outer loop
  vertex -0.00023262031 0.10166683 -0.51111436
  vertex -0.05142371 0.15042984 -0.49628678
  vertex -0.00034604294 0.15127511 -0.49868807
 endloop
endfacet
facet normal -0.9700951 0.056884136 -0.23596554
 outer loop
  vertex -0.49875435 0.028372072 -0.14836863
  vertex -0.5111584 0.0186655 -0.09971338
  vertex -0.5111806 0.028343607 -0.09728912
 endloop
endfacet
facet normal -0.97009486 0.056887936 -0.23596549
 outer loop
  vertex -0.49875435 0.028372072 -0.14836863
  vertex -0.5111806 0.028343607 -0.09728912
  vertex -0.49878728 0.042772613 -0.14476147
 endloop
endfacet
facet normal 0.9698244 0.061324384 -0.23596616
 outer loop
  vertex 0.5110677 0.021002788 -0.09971373
  vertex 0.4986193 0.03065252 -0.148369
  vertex 0.49858636 0.045053057 -0.14476185
 endloop
endfacet
facet normal 0.96982455 0.061328206 -0.23596418
 outer loop
  vertex 0.5110677 0.021002788 -0.09971373
  vertex 0.49858636 0.045053057 -0.14476185
  vertex 0.5110455 0.030680891 -0.09728947
 endloop
endfacet
facet normal 0.048453547 0.24280013 -0.9688655
 outer loop
  vertex 0.05084777 0.101294026 -0.5086532
  vertex -0.00023262031 0.10166683 -0.51111436
  vertex -0.00034604294 0.15127511 -0.49868807
 endloop
endfacet
facet normal 0.048452266 0.24279885 -0.9688659
 outer loop
  vertex 0.05084777 0.101294026 -0.5086532
  vertex -0.00034604294 0.15127511 -0.49868807
  vertex 0.050734892 0.15066344 -0.49628684
 endloop
endfacet
facet normal -0.94159937 0.079792365 -0.32714483
 outer loop
  vertex -0.48154697 0.03780528 -0.1955947
  vertex -0.49875435 0.028372072 -0.14836863
  vertex -0.49878728 0.042772613 -0.14476147
 endloop
endfacet
facet normal -0.9415994 0.079792015 -0.3271448
 outer loop
  vertex -0.48154697 0.03780528 -0.1955947
  vertex -0.49878728 0.042772613 -0.14476147
  vertex -0.4815904 0.056789536 -0.19083938
 endloop
endfacet
facet normal 0.9890666 0.037960466 -0.14249937
 outer loop
  vertex 0.51859415 0.0111508425 -0.05009819
  vertex 0.5110677 0.021002788 -0.09971373
  vertex 0.5110455 0.030680891 -0.09728947
 endloop
endfacet
facet normal 0.9890665 0.03795049 -0.1425035
 outer loop
  vertex 0.51859415 0.0111508425 -0.05009819
  vertex 0.5110455 0.030680891 -0.09728947
  vertex 0.51858306 0.016013307 -0.0488802
 endloop
endfacet
facet normal 0.14600404 0.24069034 -0.95955765
 outer loop
  vertex 0.10143854 0.099945694 -0.50129366
  vertex 0.05084777 0.101294026 -0.5086532
  vertex 0.050734892 0.15066344 -0.49628684
 endloop
endfacet
facet normal 0.14600563 0.24069186 -0.9595571
 outer loop
  vertex 0.10143854 0.099945694 -0.50129366
  vertex 0.050734892 0.15066344 -0.49628684
  vertex 0.101327285 0.14860079 -0.48910612
 endloop
endfacet
facet normal -0.904026 0.10192192 -0.41514915
 outer loop
  vertex -0.45970207 0.046874482 -0.24093744
  vertex -0.48154697 0.03780528 -0.1955947
  vertex -0.4815904 0.056789536 -0.19083938
 endloop
endfacet
facet normal -0.90402585 0.10192276 -0.4151493
 outer loop
  vertex -0.45970207 0.046874482 -0.24093744
  vertex -0.4815904 0.056789536 -0.19083938
  vertex -0.45975554 0.07025966 -0.23507975
 endloop
endfacet
facet normal 0.24216521 0.23627022 -0.94102734
 outer loop
  vertex 0.15105239 0.09763492 -0.48910615
  vertex 0.10143854 0.099945694 -0.50129366
  vertex 0.101327285 0.14860079 -0.48910612
 endloop
endfacet
facet normal 0.2421648 0.23626982 -0.9410275
 outer loop
  vertex 0.15105239 0.09763492 -0.48910615
  vertex 0.101327285 0.14860079 -0.48910612
  vertex 0.15094385 0.1451071 -0.47721493
 endloop
endfacet
facet normal -0.8577402 0.12306611 -0.49913567
 outer loop
  vertex -0.43342996 0.05549223 -0.28396
  vertex -0.45970207 0.046874482 -0.24093744
  vertex -0.45975554 0.07025966 -0.23507975
 endloop
endfacet
facet normal -0.85774016 0.123066224 -0.49913567
 outer loop
  vertex -0.43342996 0.05549223 -0.28396
  vertex -0.45975554 0.07025966 -0.23507975
  vertex -0.43349296 0.083053134 -0.27705637
 endloop
endfacet
facet normal 0.33600736 0.22957695 -0.91345143
 outer loop
  vertex 0.19921146 0.09438382 -0.47220823
  vertex 0.15105239 0.09763492 -0.48910615
  vertex 0.15094385 0.1451071 -0.47721493
 endloop
endfacet
facet normal 0.3360063 0.22957589 -0.913452
 outer loop
  vertex 0.19921146 0.09438382 -0.47220823
  vertex 0.15094385 0.1451071 -0.47721493
  vertex 0.19910668 0.1402159 -0.4607279
 endloop
endfacet
facet normal 0.33580416 0.31800798 -0.8866265
 outer loop
  vertex 0.19910668 0.1402159 -0.4607279
  vertex 0.15094385 0.1451071 -0.47721493
  vertex 0.1508385 0.19118516 -0.46072793
 endloop
endfacet
facet normal 0.335805 0.31800875 -0.8866259
 outer loop
  vertex 0.19910668 0.1402159 -0.4607279
  vertex 0.1508385 0.19118516 -0.46072793
  vertex 0.19900496 0.18470204 -0.44481045
 endloop
endfacet
facet normal -0.80332005 0.19900428 -0.5613147
 outer loop
  vertex -0.40305567 0.09504679 -0.31636426
  vertex -0.43349296 0.083053134 -0.27705637
  vertex -0.43355414 0.10980467 -0.26748452
 endloop
endfacet
facet normal -0.80331945 0.19900621 -0.5613149
 outer loop
  vertex -0.40305567 0.09504679 -0.31636426
  vertex -0.43355414 0.10980467 -0.26748452
  vertex -0.4031255 0.12559372 -0.30543435
 endloop
endfacet
facet normal 0.42643905 0.30558753 -0.8513319
 outer loop
  vertex 0.24535199 0.1339743 -0.4398037
  vertex 0.19910668 0.1402159 -0.4607279
  vertex 0.19900496 0.18470204 -0.44481045
 endloop
endfacet
facet normal 0.42643937 0.30558783 -0.85133165
 outer loop
  vertex 0.24535199 0.1339743 -0.4398037
  vertex 0.19900496 0.18470204 -0.44481045
  vertex 0.24525489 0.17644006 -0.42460912
 endloop
endfacet
facet normal -0.7410651 0.22469747 -0.63271916
 outer loop
  vertex -0.36873665 0.106125146 -0.35262576
  vertex -0.40305567 0.09504679 -0.31636426
  vertex -0.4031255 0.12559372 -0.30543435
 endloop
endfacet
facet normal -0.7410651 0.22469749 -0.6327191
 outer loop
  vertex -0.36873665 0.106125146 -0.35262576
  vertex -0.4031255 0.12559372 -0.30543435
  vertex -0.3688145 0.14017336 -0.34044304
 endloop
endfacet
facet normal 0.51298004 0.2902272 -0.80784875
 outer loop
  vertex 0.28923452 0.1264425 -0.41464436
  vertex 0.24535199 0.1339743 -0.4398037
  vertex 0.24525489 0.17644006 -0.42460912
 endloop
endfacet
facet normal 0.5129798 0.29022697 -0.80784893
 outer loop
  vertex 0.28923452 0.1264425 -0.41464436
  vertex 0.24525489 0.17644006 -0.42460912
  vertex 0.28914297 0.16647896 -0.40031904
 endloop
endfacet
facet normal -0.67168194 0.24822073 -0.6980185
 outer loop
  vertex -0.33086655 0.11618125 -0.38549098
  vertex -0.36873665 0.106125146 -0.35262576
  vertex -0.3688145 0.14017336 -0.34044304
 endloop
endfacet
facet normal -0.67168236 0.24821977 -0.6980183
 outer loop
  vertex -0.33086655 0.11618125 -0.38549098
  vertex -0.3688145 0.14017336 -0.34044304
  vertex -0.33095166 0.15340279 -0.37217286
 endloop
endfacet
facet normal 0.59461796 0.27206814 -0.7565768
 outer loop
  vertex 0.33033153 0.117693014 -0.38549125
  vertex 0.28923452 0.1264425 -0.41464436
  vertex 0.28914297 0.16647896 -0.40031904
 endloop
endfacet
facet normal 0.5946178 0.27206793 -0.756577
 outer loop
  vertex 0.33033153 0.117693014 -0.38549125
  vertex 0.28914297 0.16647896 -0.40031904
  vertex 0.33024642 0.15491459 -0.37217313
 endloop
endfacet
facet normal -0.5958562 0.26934576 -0.7565767
 outer loop
  vertex -0.28981003 0.1251186 -0.41464406
  vertex -0.33086655 0.11618125 -0.38549098
  vertex -0.33095166 0.15340279 -0.37217286
 endloop
endfacet
facet normal -0.5958562 0.26934567 -0.75657666
 outer loop
  vertex -0.28981003 0.1251186 -0.41464406
  vertex -0.33095166 0.15340279 -0.37217286
  vertex -0.28990158 0.16515507 -0.40031874
 endloop
endfacet
facet normal 0.6705393 0.25128916 -0.69801915
 outer loop
  vertex 0.36824724 0.10781023 -0.35262606
  vertex 0.33033153 0.117693014 -0.38549125
  vertex 0.33024642 0.15491459 -0.37217313
 endloop
endfacet
facet normal 0.6705397 0.25128952 -0.6980188
 outer loop
  vertex 0.36824724 0.10781023 -0.35262606
  vertex 0.33024642 0.15491459 -0.37217313
  vertex 0.3681694 0.14185844 -0.34044334
 endloop
endfacet
facet normal -0.51430297 0.28787756 -0.80784833
 outer loop
  vertex -0.24596247 0.13285092 -0.43980345
  vertex -0.28981003 0.1251186 -0.41464406
  vertex -0.28990158 0.16515507 -0.40031874
 endloop
endfacet
facet normal -0.51430243 0.28787833 -0.80784845
 outer loop
  vertex -0.24596247 0.13285092 -0.43980345
  vertex -0.28990158 0.16515507 -0.40031874
  vertex -0.24605957 0.17531666 -0.4246089
 endloop
endfacet
facet normal 0.7400298 0.22808373 -0.6327193
 outer loop
  vertex 0.40261656 0.09688893 -0.31636456
  vertex 0.36824724 0.10781023 -0.35262606
  vertex 0.3681694 0.14185844 -0.34044334
 endloop
endfacet
facet normal 0.7400296 0.2280833 -0.6327197
 outer loop
  vertex 0.40261656 0.09688893 -0.31636456
  vertex 0.3681694 0.14185844 -0.34044334
  vertex 0.40254673 0.12743586 -0.30543464
 endloop
endfacet
facet normal -0.42783055 0.30363497 -0.85133237
 outer loop
  vertex -0.19974613 0.13930382 -0.46072763
  vertex -0.24596247 0.13285092 -0.43980345
  vertex -0.24605957 0.17531666 -0.4246089
 endloop
endfacet
facet normal -0.42783073 0.30363467 -0.85133237
 outer loop
  vertex -0.19974613 0.13930382 -0.46072763
  vertex -0.24605957 0.17531666 -0.4246089
  vertex -0.19984785 0.18378992 -0.44481018
 endloop
endfacet
facet normal 0.8024007 0.20267695 -0.5613156
 outer loop
  vertex 0.43310848 0.08503459 -0.27705666
  vertex 0.40261656 0.09688893 -0.31636456
  vertex 0.40254673 0.12743586 -0.30543464
 endloop
endfacet
facet normal 0.8024007 0.20267706 -0.5613155
 outer loop
  vertex 0.43310848 0.08503459 -0.27705666
  vertex 0.40254673 0.12743586 -0.30543464
  vertex 0.4330473 0.11178612 -0.2674848
 endloop
endfacet
facet normal -0.33725727 0.3164698 -0.8866253
 outer loop
  vertex -0.15160613 0.14441533 -0.47721478
  vertex -0.19974613 0.13930382 -0.46072763
  vertex -0.19984785 0.18378992 -0.44481018
 endloop
endfacet
facet normal -0.33725816 0.3164687 -0.8866253
 outer loop
  vertex -0.15160613 0.14441533 -0.47721478
  vertex -0.19984785 0.18378992 -0.44481018
  vertex -0.15171148 0.19049339 -0.46072778
 endloop
endfacet
facet normal 0.8570577 0.17530912 -0.48447788
 outer loop
  vertex 0.45942923 0.072361365 -0.23508018
  vertex 0.43310848 0.08503459 -0.27705666
  vertex 0.4330473 0.11178612 -0.2674848
 endloop
endfacet
facet normal 0.85705763 0.17530876 -0.48447818
 outer loop
  vertex 0.45942923 0.072361365 -0.23508018
  vertex 0.4330473 0.11178612 -0.2674848
  vertex 0.45937735 0.0950598 -0.22695853
 endloop
endfacet
facet normal -0.24345286 0.32626045 -0.9133919
 outer loop
  vertex -0.10200614 0.14813587 -0.48910606
  vertex -0.15160613 0.14441533 -0.47721478
  vertex -0.15171148 0.19049339 -0.46072778
 endloop
endfacet
facet normal -0.24345176 0.32626167 -0.91339177
 outer loop
  vertex -0.10200614 0.14813587 -0.48910606
  vertex -0.15171148 0.19049339 -0.46072778
  vertex -0.10211411 0.19536209 -0.47220817
 endloop
endfacet
facet normal 0.90345836 0.14624625 -0.4029578
 outer loop
  vertex 0.4813255 0.058991197 -0.19083974
  vertex 0.45942923 0.072361365 -0.23508018
  vertex 0.45937735 0.0950598 -0.22695853
 endloop
endfacet
facet normal 0.9034582 0.14624567 -0.40295836
 outer loop
  vertex 0.4813255 0.058991197 -0.19083974
  vertex 0.45937735 0.0950598 -0.22695853
  vertex 0.4812834 0.07741793 -0.18424654
 endloop
endfacet
facet normal -0.14731725 0.33291686 -0.9313775
 outer loop
  vertex -0.05142371 0.15042984 -0.49628678
  vertex -0.10200614 0.14813587 -0.48910606
  vertex -0.10211411 0.19536209 -0.47220817
 endloop
endfacet
facet normal -0.14731789 0.33291623 -0.9313776
 outer loop
  vertex -0.05142371 0.15042984 -0.49628678
  vertex -0.10211411 0.19536209 -0.47220817
  vertex -0.05153327 0.1983494 -0.47914085
 endloop
endfacet
facet normal -0.98926157 0.04722881 -0.13831511
 outer loop
  vertex -0.5111806 0.028343607 -0.09728912
  vertex -0.5186509 0.013641711 -0.04887982
  vertex -0.5186617 0.018361378 -0.04719109
 endloop
endfacet
facet normal -0.98926157 0.047230266 -0.13831481
 outer loop
  vertex -0.5111806 0.028343607 -0.09728912
  vertex -0.5186617 0.018361378 -0.04719109
  vertex -0.51120204 0.037737492 -0.09392793
 endloop
endfacet
facet normal 0.94115204 0.11576794 -0.3175383
 outer loop
  vertex 0.49858636 0.045053057 -0.14476185
  vertex 0.4813255 0.058991197 -0.19083974
  vertex 0.4812834 0.07741793 -0.18424654
 endloop
endfacet
facet normal 0.94115216 0.115768395 -0.317538
 outer loop
  vertex 0.49858636 0.045053057 -0.14476185
  vertex 0.4812834 0.07741793 -0.18424654
  vertex 0.4985544 0.059030693 -0.13976055
 endloop
endfacet
facet normal -0.04977773 0.33637202 -0.94041276
 outer loop
  vertex -0.00034604294 0.15127511 -0.49868807
  vertex -0.05142371 0.15042984 -0.49628678
  vertex -0.05153327 0.1983494 -0.47914085
 endloop
endfacet
facet normal -0.049777683 0.33637202 -0.9404127
 outer loop
  vertex -0.00034604294 0.15127511 -0.49868807
  vertex -0.05153327 0.1983494 -0.47914085
  vertex -0.00045613278 0.19942655 -0.48145917
 endloop
endfacet
facet normal -0.9701472 0.079734266 -0.22903508
 outer loop
  vertex -0.49878728 0.042772613 -0.14476147
  vertex -0.5111806 0.028343607 -0.09728912
  vertex -0.51120204 0.037737492 -0.09392793
 endloop
endfacet
facet normal -0.9701472 0.079733156 -0.2290352
 outer loop
  vertex -0.49878728 0.042772613 -0.14476147
  vertex -0.51120204 0.037737492 -0.09392793
  vertex -0.49881923 0.056750245 -0.13976017
 endloop
endfacet
facet normal 0.96977234 0.08416719 -0.22903602
 outer loop
  vertex 0.5110455 0.030680891 -0.09728947
  vertex 0.49858636 0.045053057 -0.14476185
  vertex 0.4985544 0.059030693 -0.13976055
 endloop
endfacet
facet normal 0.9697722 0.08416605 -0.22903672
 outer loop
  vertex 0.5110455 0.030680891 -0.09728947
  vertex 0.4985544 0.059030693 -0.13976055
  vertex 0.51102406 0.040074773 -0.09392828
 endloop
endfacet
facet normal 0.048237924 0.3365962 -0.9404127
 outer loop
  vertex 0.050734892 0.15066344 -0.49628684
  vertex -0.00034604294 0.15127511 -0.49868807
  vertex -0.00045613278 0.19942655 -0.48145917
 endloop
endfacet
facet normal 0.048237875 0.33659613 -0.94041276
 outer loop
  vertex 0.050734892 0.15066344 -0.49628684
  vertex -0.00045613278 0.19942655 -0.48145917
  vertex 0.05062533 0.19858299 -0.4791409
 endloop
endfacet
facet normal -0.9416719 0.111464866 -0.31753695
 outer loop
  vertex -0.4815904 0.056789536 -0.19083938
  vertex -0.49878728 0.042772613 -0.14476147
  vertex -0.49881923 0.056750245 -0.13976017
 endloop
endfacet
facet normal -0.9416719 0.11146458 -0.31753692
 outer loop
  vertex -0.4815904 0.056789536 -0.19083938
  vertex -0.49881923 0.056750245 -0.13976017
  vertex -0.4816325 0.07521628 -0.18424618
 endloop
endfacet
facet normal 0.98903495 0.05175009 -0.13831742
 outer loop
  vertex 0.51858306 0.016013307 -0.0488802
  vertex 0.5110455 0.030680891 -0.09728947
  vertex 0.51102406 0.040074773 -0.09392828
 endloop
endfacet
facet normal 0.989035 0.0517515 -0.13831674
 outer loop
  vertex 0.51858306 0.016013307 -0.0488802
  vertex 0.51102406 0.040074773 -0.09392828
  vertex 0.5185723 0.020732975 -0.04719147
 endloop
endfacet
facet normal 0.14579336 0.3335864 -0.93137765
 outer loop
  vertex 0.101327285 0.14860079 -0.48910612
  vertex 0.050734892 0.15066344 -0.49628684
  vertex 0.05062533 0.19858299 -0.4791409
 endloop
endfacet
facet normal 0.14579399 0.33358693 -0.9313774
 outer loop
  vertex 0.101327285 0.14860079 -0.48910612
  vertex 0.05062533 0.19858299 -0.4791409
  vertex 0.10121931 0.195827 -0.47220823
 endloop
endfacet
facet normal -0.9041178 0.14211431 -0.4029573
 outer loop
  vertex -0.45975554 0.07025966 -0.23507975
  vertex -0.4815904 0.056789536 -0.19083938
  vertex -0.4816325 0.07521628 -0.18424618
 endloop
endfacet
facet normal -0.9041178 0.14211416 -0.40295726
 outer loop
  vertex -0.45975554 0.07025966 -0.23507975
  vertex -0.4816325 0.07521628 -0.18424618
  vertex -0.45980743 0.092958085 -0.2269581
 endloop
endfacet
facet normal 0.24195641 0.3273715 -0.913392
 outer loop
  vertex 0.15094385 0.1451071 -0.47721493
  vertex 0.101327285 0.14860079 -0.48910612
  vertex 0.10121931 0.195827 -0.47220823
 endloop
endfacet
facet normal 0.24195533 0.32737052 -0.9133926
 outer loop
  vertex 0.15094385 0.1451071 -0.47721493
  vertex 0.10121931 0.195827 -0.47220823
  vertex 0.1508385 0.19118516 -0.46072793
 endloop
endfacet
facet normal -0.8578506 0.17138842 -0.4844773
 outer loop
  vertex -0.43349296 0.083053134 -0.27705637
  vertex -0.45975554 0.07025966 -0.23507975
  vertex -0.45980743 0.092958085 -0.2269581
 endloop
endfacet
facet normal -0.8578511 0.17138661 -0.4844772
 outer loop
  vertex -0.43349296 0.083053134 -0.27705637
  vertex -0.45980743 0.092958085 -0.2269581
  vertex -0.43355414 0.10980467 -0.26748452
 endloop
endfacet
facet normal 0.5128022 0.3680173 -0.775627
 outer loop
  vertex 0.28914297 0.16647896 -0.40031904
  vertex 0.24525489 0.17644006 -0.42460912
  vertex 0.24516168 0.21721202 -0.40532538
 endloop
endfacet
facet normal 0.5128017 0.36801687 -0.7756275
 outer loop
  vertex 0.28914297 0.16647896 -0.40031904
  vertex 0.24516168 0.21721202 -0.40532538
  vertex 0.2890551 0.20491853 -0.38213846
 endloop
endfacet
facet normal -0.6718361 0.31543487 -0.67017704
 outer loop
  vertex -0.33095166 0.15340279 -0.37217286
  vertex -0.3688145 0.14017336 -0.34044304
  vertex -0.36888924 0.1728635 -0.32498172
 endloop
endfacet
facet normal -0.6718355 0.31543604 -0.6701771
 outer loop
  vertex -0.33095166 0.15340279 -0.37217286
  vertex -0.36888924 0.1728635 -0.32498172
  vertex -0.33103335 0.18913971 -0.35527048
 endloop
endfacet
facet normal 0.5944511 0.34492078 -0.72640043
 outer loop
  vertex 0.33024642 0.15491459 -0.37217313
  vertex 0.28914297 0.16647896 -0.40031904
  vertex 0.2890551 0.20491853 -0.38213846
 endloop
endfacet
facet normal 0.594452 0.34492174 -0.72639924
 outer loop
  vertex 0.33024642 0.15491459 -0.37217313
  vertex 0.2890551 0.20491853 -0.38213846
  vertex 0.33016473 0.1906515 -0.35527074
 endloop
endfacet
facet normal -0.5960227 0.34220052 -0.7263992
 outer loop
  vertex -0.28990158 0.16515507 -0.40031874
  vertex -0.33095166 0.15340279 -0.37217286
  vertex -0.33103335 0.18913971 -0.35527048
 endloop
endfacet
facet normal -0.59602326 0.3421995 -0.7263991
 outer loop
  vertex -0.28990158 0.16515507 -0.40031874
  vertex -0.33103335 0.18913971 -0.35527048
  vertex -0.28998944 0.20359461 -0.38213816
 endloop
endfacet
facet normal 0.67038584 0.31850427 -0.67017746
 outer loop
  vertex 0.3681694 0.14185844 -0.34044334
  vertex 0.33024642 0.15491459 -0.37217313
  vertex 0.33016473 0.1906515 -0.35527074
 endloop
endfacet
facet normal 0.67038566 0.31850412 -0.67017776
 outer loop
  vertex 0.3681694 0.14185844 -0.34044334
  vertex 0.33016473 0.1906515 -0.35527074
  vertex 0.36809465 0.17454858 -0.32498202
 endloop
endfacet
facet normal -0.5144803 0.36566865 -0.7756264
 outer loop
  vertex -0.24605957 0.17531666 -0.4246089
  vertex -0.28990158 0.16515507 -0.40031874
  vertex -0.28998944 0.20359461 -0.38213816
 endloop
endfacet
facet normal -0.5144802 0.36566892 -0.7756265
 outer loop
  vertex -0.24605957 0.17531666 -0.4246089
  vertex -0.28998944 0.20359461 -0.38213816
  vertex -0.24615277 0.2160886 -0.40532514
 endloop
endfacet
facet normal 0.7398903 0.28901047 -0.60748273
 outer loop
  vertex 0.40254673 0.12743586 -0.30543464
  vertex 0.3681694 0.14185844 -0.34044334
  vertex 0.36809465 0.17454858 -0.32498202
 endloop
endfacet
facet normal 0.73989004 0.28901002 -0.6074833
 outer loop
  vertex 0.40254673 0.12743586 -0.30543464
  vertex 0.36809465 0.17454858 -0.32498202
  vertex 0.40247968 0.1567644 -0.29156327
 endloop
endfacet
facet normal -0.42801806 0.38561264 -0.8173759
 outer loop
  vertex -0.19984785 0.18378992 -0.44481018
  vertex -0.24605957 0.17531666 -0.4246089
  vertex -0.24615277 0.2160886 -0.40532514
 endloop
endfacet
facet normal -0.42801797 0.38561276 -0.81737596
 outer loop
  vertex -0.19984785 0.18378992 -0.44481018
  vertex -0.24615277 0.2160886 -0.40532514
  vertex -0.1999455 0.22650164 -0.42460898
 endloop
endfacet
facet normal 0.80227727 0.25672778 -0.53892684
 outer loop
  vertex 0.4330473 0.11178612 -0.2674848
  vertex 0.40254673 0.12743586 -0.30543464
  vertex 0.40247968 0.1567644 -0.29156327
 endloop
endfacet
facet normal 0.80227715 0.25672776 -0.5389269
 outer loop
  vertex 0.4330473 0.11178612 -0.2674848
  vertex 0.40247968 0.1567644 -0.29156327
  vertex 0.43298858 0.1374706 -0.25533694
 endloop
endfacet
facet normal -0.33745357 0.4018462 -0.8512607
 outer loop
  vertex -0.15171148 0.19049339 -0.46072778
  vertex -0.19984785 0.18378992 -0.44481018
  vertex -0.1999455 0.22650164 -0.42460898
 endloop
endfacet
facet normal -0.33745348 0.40184617 -0.85126066
 outer loop
  vertex -0.15171148 0.19049339 -0.46072778
  vertex -0.1999455 0.22650164 -0.42460898
  vertex -0.15181263 0.23473357 -0.43980366
 endloop
endfacet
facet normal 0.85695094 0.22196077 -0.46515432
 outer loop
  vertex 0.45937735 0.0950598 -0.22695853
  vertex 0.4330473 0.11178612 -0.2674848
  vertex 0.43298858 0.1374706 -0.25533694
 endloop
endfacet
facet normal 0.8569511 0.22196129 -0.46515372
 outer loop
  vertex 0.45937735 0.0950598 -0.22695853
  vertex 0.43298858 0.1374706 -0.25533694
  vertex 0.45932752 0.11685288 -0.21665114
 endloop
endfacet
facet normal -0.24365278 0.41421562 -0.8769599
 outer loop
  vertex -0.10211411 0.19536209 -0.47220817
  vertex -0.15171148 0.19049339 -0.46072778
  vertex -0.15181263 0.23473357 -0.43980366
 endloop
endfacet
facet normal -0.24365301 0.41421527 -0.87696
 outer loop
  vertex -0.10211411 0.19536209 -0.47220817
  vertex -0.15181263 0.23473357 -0.43980366
  vertex -0.10221778 0.24070463 -0.4507627
 endloop
endfacet
facet normal 0.90336955 0.18504918 -0.3868854
 outer loop
  vertex 0.4812834 0.07741793 -0.18424654
  vertex 0.45937735 0.0950598 -0.22695853
  vertex 0.45932752 0.11685288 -0.21665114
 endloop
endfacet
facet normal 0.9033697 0.18504998 -0.3868846
 outer loop
  vertex 0.4812834 0.07741793 -0.18424654
  vertex 0.45932752 0.11685288 -0.21665114
  vertex 0.48124292 0.0951097 -0.17587893
 endloop
endfacet
facet normal -0.14752305 0.42260242 -0.8942283
 outer loop
  vertex -0.05153327 0.1983494 -0.47914085
  vertex -0.10211411 0.19536209 -0.47220817
  vertex -0.10221778 0.24070463 -0.4507627
 endloop
endfacet
facet normal -0.14752285 0.4226026 -0.8942282
 outer loop
  vertex -0.05153327 0.1983494 -0.47914085
  vertex -0.10221778 0.24070463 -0.4507627
  vertex -0.051638458 0.24435763 -0.4573805
 endloop
endfacet
facet normal -0.9892919 0.060545452 -0.13279946
 outer loop
  vertex -0.51120204 0.037737492 -0.09392793
  vertex -0.5186617 0.018361378 -0.04719109
  vertex -0.51867205 0.022892796 -0.045047883
 endloop
endfacet
facet normal -0.9892919 0.060547203 -0.13279893
 outer loop
  vertex -0.51120204 0.037737492 -0.09392793
  vertex -0.51867205 0.022892796 -0.045047883
  vertex -0.51122266 0.04675669 -0.08966216
 endloop
endfacet
facet normal 0.94108224 0.14634699 -0.30487186
 outer loop
  vertex 0.4985544 0.059030693 -0.13976055
  vertex 0.4812834 0.07741793 -0.18424654
  vertex 0.48124292 0.0951097 -0.17587893
 endloop
endfacet
facet normal 0.9410821 0.14634676 -0.30487198
 outer loop
  vertex 0.4985544 0.059030693 -0.13976055
  vertex 0.48124292 0.0951097 -0.17587893
  vertex 0.4985237 0.07245082 -0.13341329
 endloop
endfacet
facet normal -0.04998487 0.42692834 -0.9029029
 outer loop
  vertex -0.00045613278 0.19942655 -0.48145917
  vertex -0.05153327 0.1983494 -0.47914085
  vertex -0.051638458 0.24435763 -0.4573805
 endloop
endfacet
facet normal -0.049985178 0.4269281 -0.902903
 outer loop
  vertex -0.00045613278 0.19942655 -0.48145917
  vertex -0.051638458 0.24435763 -0.4573805
  vertex -0.0005618296 0.24565737 -0.45959356
 endloop
endfacet
facet normal -0.9701976 0.10178683 -0.21990025
 outer loop
  vertex -0.49881923 0.056750245 -0.13976017
  vertex -0.51120204 0.037737492 -0.09392793
  vertex -0.51122266 0.04675669 -0.08966216
 endloop
endfacet
facet normal -0.9701976 0.101786174 -0.21990037
 outer loop
  vertex -0.49881923 0.056750245 -0.13976017
  vertex -0.51122266 0.04675669 -0.08966216
  vertex -0.49884993 0.07017036 -0.13341291
 endloop
endfacet
facet normal 0.96972185 0.10622351 -0.2199002
 outer loop
  vertex 0.51102406 0.040074773 -0.09392828
  vertex 0.4985544 0.059030693 -0.13976055
  vertex 0.4985237 0.07245082 -0.13341329
 endloop
endfacet
facet normal 0.96972185 0.10622285 -0.21990064
 outer loop
  vertex 0.51102406 0.040074773 -0.09392828
  vertex 0.4985237 0.07245082 -0.13341329
  vertex 0.51100343 0.049093965 -0.08966251
 endloop
endfacet
facet normal 0.04803099 0.42715225 -0.90290314
 outer loop
  vertex 0.05062533 0.19858299 -0.4791409
  vertex -0.00045613278 0.19942655 -0.48145917
  vertex -0.0005618296 0.24565737 -0.45959356
 endloop
endfacet
facet normal 0.048031297 0.42715254 -0.9029029
 outer loop
  vertex 0.05062533 0.19858299 -0.4791409
  vertex -0.0005618296 0.24565737 -0.45959356
  vertex 0.050520144 0.24459122 -0.45738056
 endloop
endfacet
facet normal -0.94174176 0.14204001 -0.30487216
 outer loop
  vertex -0.4816325 0.07521628 -0.18424618
  vertex -0.49881923 0.056750245 -0.13976017
  vertex -0.49884993 0.07017036 -0.13341291
 endloop
endfacet
facet normal -0.94174176 0.14203994 -0.30487213
 outer loop
  vertex -0.4816325 0.07521628 -0.18424618
  vertex -0.49884993 0.07017036 -0.13341291
  vertex -0.48167297 0.09290805 -0.17587857
 endloop
endfacet
facet normal 0.98900455 0.06507109 -0.13279952
 outer loop
  vertex 0.5185723 0.020732975 -0.04719147
  vertex 0.51102406 0.040074773 -0.09392828
  vertex 0.51100343 0.049093965 -0.08966251
 endloop
endfacet
facet normal 0.9890047 0.06507283 -0.13279845
 outer loop
  vertex 0.5185723 0.020732975 -0.04719147
  vertex 0.51100343 0.049093965 -0.08966251
  vertex 0.5185619 0.025264394 -0.045048263
 endloop
endfacet
facet normal 0.145589 0.42327264 -0.89422816
 outer loop
  vertex 0.10121931 0.195827 -0.47220823
  vertex 0.05062533 0.19858299 -0.4791409
  vertex 0.050520144 0.24459122 -0.45738056
 endloop
endfacet
facet normal 0.14558883 0.42327255 -0.89422834
 outer loop
  vertex 0.10121931 0.195827 -0.47220823
  vertex 0.050520144 0.24459122 -0.45738056
  vertex 0.101115644 0.24116954 -0.45076275
 endloop
endfacet
facet normal -0.9042065 0.18091531 -0.38688532
 outer loop
  vertex -0.45980743 0.092958085 -0.2269581
  vertex -0.4816325 0.07521628 -0.18424618
  vertex -0.48167297 0.09290805 -0.17587857
 endloop
endfacet
facet normal -0.9042064 0.1809163 -0.38688523
 outer loop
  vertex -0.45980743 0.092958085 -0.2269581
  vertex -0.48167297 0.09290805 -0.17587857
  vertex -0.45985726 0.114751145 -0.21665071
 endloop
endfacet
facet normal 0.24175425 0.41532534 -0.8769605
 outer loop
  vertex 0.1508385 0.19118516 -0.46072793
  vertex 0.10121931 0.195827 -0.47220823
  vertex 0.101115644 0.24116954 -0.45076275
 endloop
endfacet
facet normal 0.24175453 0.41532564 -0.87696034
 outer loop
  vertex 0.1508385 0.19118516 -0.46072793
  vertex 0.101115644 0.24116954 -0.45076275
  vertex 0.15073735 0.23542534 -0.4398038
 endloop
endfacet
facet normal -0.85795766 0.21803997 -0.46515283
 outer loop
  vertex -0.43355414 0.10980467 -0.26748452
  vertex -0.45980743 0.092958085 -0.2269581
  vertex -0.45985726 0.114751145 -0.21665071
 endloop
endfacet
facet normal -0.8579578 0.2180399 -0.46515283
 outer loop
  vertex -0.43355414 0.10980467 -0.26748452
  vertex -0.45985726 0.114751145 -0.21665071
  vertex -0.43361285 0.13548917 -0.25533664
 endloop
endfacet
facet normal 0.33560973 0.40338546 -0.8512615
 outer loop
  vertex 0.19900496 0.18470204 -0.44481045
  vertex 0.1508385 0.19118516 -0.46072793
  vertex 0.15073735 0.23542534 -0.4398038
 endloop
endfacet
facet normal 0.33561006 0.4033858 -0.85126126
 outer loop
  vertex 0.19900496 0.18470204 -0.44481045
  vertex 0.15073735 0.23542534 -0.4398038
  vertex 0.19890732 0.22741376 -0.4246092
 endloop
endfacet
facet normal -0.8034431 0.25305682 -0.53892624
 outer loop
  vertex -0.4031255 0.12559372 -0.30543435
  vertex -0.43355414 0.10980467 -0.26748452
  vertex -0.43361285 0.13548917 -0.25533664
 endloop
endfacet
facet normal -0.8034432 0.2530563 -0.53892624
 outer loop
  vertex -0.4031255 0.12559372 -0.30543435
  vertex -0.43361285 0.13548917 -0.25533664
  vertex -0.40319255 0.15492226 -0.29156297
 endloop
endfacet
facet normal 0.42625192 0.38756594 -0.817375
 outer loop
  vertex 0.24525489 0.17644006 -0.42460912
  vertex 0.19900496 0.18470204 -0.44481045
  vertex 0.19890732 0.22741376 -0.4246092
 endloop
endfacet
facet normal 0.42625105 0.38756517 -0.8173758
 outer loop
  vertex 0.24525489 0.17644006 -0.42460912
  vertex 0.19890732 0.22741376 -0.4246092
  vertex 0.24516168 0.21721202 -0.40532538
 endloop
endfacet
facet normal -0.74120444 0.28562337 -0.6074827
 outer loop
  vertex -0.3688145 0.14017336 -0.34044304
  vertex -0.4031255 0.12559372 -0.30543435
  vertex -0.40319255 0.15492226 -0.29156297
 endloop
endfacet
facet normal -0.74120426 0.28562394 -0.6074827
 outer loop
  vertex -0.3688145 0.14017336 -0.34044304
  vertex -0.40319255 0.15492226 -0.29156297
  vertex -0.36888924 0.1728635 -0.32498172
 endloop
endfacet
facet normal 0.670239 0.38266665 -0.63588214
 outer loop
  vertex 0.36809465 0.17454858 -0.32498202
  vertex 0.33016473 0.1906515 -0.35527074
  vertex 0.33008718 0.22455962 -0.33494696
 endloop
endfacet
facet normal 0.67023885 0.38266656 -0.6358822
 outer loop
  vertex 0.36809465 0.17454858 -0.32498202
  vertex 0.33008718 0.22455962 -0.33494696
  vertex 0.36802375 0.20556585 -0.3063909
 endloop
endfacet
facet normal -0.51465 0.43992636 -0.73593485
 outer loop
  vertex -0.24615277 0.2160886 -0.40532514
  vertex -0.28998944 0.20359461 -0.38213816
  vertex -0.29007283 0.24006706 -0.36027738
 endloop
endfacet
facet normal -0.51464945 0.43992716 -0.73593485
 outer loop
  vertex -0.24615277 0.2160886 -0.40532514
  vertex -0.29007283 0.24006706 -0.36027738
  vertex -0.24624123 0.2547741 -0.38213786
 endloop
endfacet
facet normal 0.739757 0.34717053 -0.57639575
 outer loop
  vertex 0.40247968 0.1567644 -0.29156327
  vertex 0.36809465 0.17454858 -0.32498202
  vertex 0.36802375 0.20556585 -0.3063909
 endloop
endfacet
facet normal 0.7397575 0.34717098 -0.57639515
 outer loop
  vertex 0.40247968 0.1567644 -0.29156327
  vertex 0.36802375 0.20556585 -0.3063909
  vertex 0.40241605 0.18459208 -0.27488393
 endloop
endfacet
facet normal -0.42819682 0.46386793 -0.77554756
 outer loop
  vertex -0.1999455 0.22650164 -0.42460898
  vertex -0.24615277 0.2160886 -0.40532514
  vertex -0.24624123 0.2547741 -0.38213786
 endloop
endfacet
facet normal -0.42819723 0.46386734 -0.7755477
 outer loop
  vertex -0.1999455 0.22650164 -0.42460898
  vertex -0.24624123 0.2547741 -0.38213786
  vertex -0.20003815 0.26702762 -0.4003186
 endloop
endfacet
facet normal 0.80215925 0.3083253 -0.51134723
 outer loop
  vertex 0.43298858 0.1374706 -0.25533694
  vertex 0.40247968 0.1567644 -0.29156327
  vertex 0.40241605 0.18459208 -0.27488393
 endloop
endfacet
facet normal 0.802159 0.30832487 -0.51134783
 outer loop
  vertex 0.43298858 0.1374706 -0.25533694
  vertex 0.40241605 0.18459208 -0.27488393
  vertex 0.43293285 0.16184072 -0.24073003
 endloop
endfacet
facet normal -0.33764002 0.48334485 -0.80769855
 outer loop
  vertex -0.15181263 0.23473357 -0.43980366
  vertex -0.1999455 0.22650164 -0.42460898
  vertex -0.20003815 0.26702762 -0.4003186
 endloop
endfacet
facet normal -0.33763963 0.48334533 -0.8076985
 outer loop
  vertex -0.15181263 0.23473357 -0.43980366
  vertex -0.20003815 0.26702762 -0.4003186
  vertex -0.15190859 0.2767098 -0.414644
 endloop
endfacet
facet normal 0.85684925 0.2664949 -0.44135007
 outer loop
  vertex 0.45932752 0.11685288 -0.21665114
  vertex 0.43298858 0.1374706 -0.25533694
  vertex 0.43293285 0.16184072 -0.24073003
 endloop
endfacet
facet normal 0.85684913 0.26649457 -0.4413505
 outer loop
  vertex 0.45932752 0.11685288 -0.21665114
  vertex 0.43293285 0.16184072 -0.24073003
  vertex 0.45928025 0.13753071 -0.2042573
 endloop
endfacet
facet normal -0.24384488 0.49817505 -0.8320825
 outer loop
  vertex -0.10221778 0.24070463 -0.4507627
  vertex -0.15181263 0.23473357 -0.43980366
  vertex -0.15190859 0.2767098 -0.414644
 endloop
endfacet
facet normal -0.24384494 0.4981749 -0.8320825
 outer loop
  vertex -0.10221778 0.24070463 -0.4507627
  vertex -0.15190859 0.2767098 -0.414644
  vertex -0.10231614 0.2837268 -0.4249761
 endloop
endfacet
facet normal 0.9032851 0.22208871 -0.3670869
 outer loop
  vertex 0.48124292 0.0951097 -0.17587893
  vertex 0.45932752 0.11685288 -0.21665114
  vertex 0.45928025 0.13753071 -0.2042573
 endloop
endfacet
facet normal 0.9032849 0.22208804 -0.36708775
 outer loop
  vertex 0.48124292 0.0951097 -0.17587893
  vertex 0.45928025 0.13753071 -0.2042573
  vertex 0.48120457 0.11189611 -0.16581753
 endloop
endfacet
facet normal -0.1477187 0.5082153 -0.8484671
 outer loop
  vertex -0.051638458 0.24435763 -0.4573805
  vertex -0.10221778 0.24070463 -0.4507627
  vertex -0.10231614 0.2837268 -0.4249761
 endloop
endfacet
facet normal -0.14771815 0.5082158 -0.8484669
 outer loop
  vertex -0.051638458 0.24435763 -0.4573805
  vertex -0.10231614 0.2837268 -0.4249761
  vertex -0.05173826 0.28801143 -0.43121532
 endloop
endfacet
facet normal -0.989321 0.073260725 -0.1260034
 outer loop
  vertex -0.51122266 0.04675669 -0.08966216
  vertex -0.51867205 0.022892796 -0.045047883
  vertex -0.5186819 0.027192324 -0.04247084
 endloop
endfacet
facet normal -0.98932093 0.07326303 -0.12600243
 outer loop
  vertex -0.51122266 0.04675669 -0.08966216
  vertex -0.5186819 0.027192324 -0.04247084
  vertex -0.5112422 0.055314336 -0.08453289
 endloop
endfacet
facet normal 0.9410155 0.17553306 -0.28927162
 outer loop
  vertex 0.4985237 0.07245082 -0.13341329
  vertex 0.48124292 0.0951097 -0.17587893
  vertex 0.48120457 0.11189611 -0.16581753
 endloop
endfacet
facet normal 0.9410154 0.17553289 -0.28927174
 outer loop
  vertex 0.4985237 0.07245082 -0.13341329
  vertex 0.48120457 0.11189611 -0.16581753
  vertex 0.49849463 0.08518418 -0.12578118
 endloop
endfacet
facet normal -0.05018291 0.5133721 -0.85669756
 outer loop
  vertex -0.0005618296 0.24565737 -0.45959356
  vertex -0.051638458 0.24435763 -0.4573805
  vertex -0.05173826 0.28801143 -0.43121532
 endloop
endfacet
facet normal -0.050182812 0.51337224 -0.85669756
 outer loop
  vertex -0.0005618296 0.24565737 -0.45959356
  vertex -0.05173826 0.28801143 -0.43121532
  vertex -0.00066211534 0.28952238 -0.43330178
 endloop
endfacet
facet normal -0.9702457 0.122841395 -0.20864606
 outer loop
  vertex -0.49884993 0.07017036 -0.13341291
  vertex -0.51122266 0.04675669 -0.08966216
  vertex -0.5112422 0.055314336 -0.08453289
 endloop
endfacet
facet normal -0.9702458 0.122841634 -0.20864598
 outer loop
  vertex -0.49884993 0.07017036 -0.13341291
  vertex -0.5112422 0.055314336 -0.08453289
  vertex -0.49887902 0.08290372 -0.1257808
 endloop
endfacet
facet normal 0.96967363 0.12727442 -0.20864837
 outer loop
  vertex 0.51100343 0.049093965 -0.08966251
  vertex 0.4985237 0.07245082 -0.13341329
  vertex 0.49849463 0.08518418 -0.12578118
 endloop
endfacet
facet normal 0.9696737 0.12727454 -0.20864825
 outer loop
  vertex 0.51100343 0.049093965 -0.08966251
  vertex 0.49849463 0.08518418 -0.12578118
  vertex 0.5109839 0.057651613 -0.08453324
 endloop
endfacet
facet normal 0.047833756 0.5135963 -0.8566976
 outer loop
  vertex 0.050520144 0.24459122 -0.45738056
  vertex -0.0005618296 0.24565737 -0.45959356
  vertex -0.00066211534 0.28952238 -0.43330178
 endloop
endfacet
facet normal 0.047833662 0.51359624 -0.8566976
 outer loop
  vertex 0.050520144 0.24459122 -0.45738056
  vertex -0.00066211534 0.28952238 -0.43330178
  vertex 0.050420344 0.28824502 -0.43121538
 endloop
endfacet
facet normal -0.9418086 0.17123055 -0.28926945
 outer loop
  vertex -0.48167297 0.09290805 -0.17587857
  vertex -0.49884993 0.07017036 -0.13341291
  vertex -0.49887902 0.08290372 -0.1257808
 endloop
endfacet
facet normal -0.9418086 0.17123021 -0.28926954
 outer loop
  vertex -0.48167297 0.09290805 -0.17587857
  vertex -0.49887902 0.08290372 -0.1257808
  vertex -0.48171133 0.10969446 -0.16581714
 endloop
endfacet
facet normal 0.9889756 0.07778363 -0.12600431
 outer loop
  vertex 0.5185619 0.025264394 -0.045048263
  vertex 0.51100343 0.049093965 -0.08966251
  vertex 0.5109839 0.057651613 -0.08453324
 endloop
endfacet
facet normal 0.9889756 0.07778554 -0.12600268
 outer loop
  vertex 0.5185619 0.025264394 -0.045048263
  vertex 0.5109839 0.057651613 -0.08453324
  vertex 0.51855206 0.029563919 -0.04247122
 endloop
endfacet
facet normal 0.14539316 0.50888586 -0.8484668
 outer loop
  vertex 0.101115644 0.24116954 -0.45076275
  vertex 0.050520144 0.24459122 -0.45738056
  vertex 0.050420344 0.28824502 -0.43121538
 endloop
endfacet
facet normal 0.14539267 0.5088855 -0.8484672
 outer loop
  vertex 0.101115644 0.24116954 -0.45076275
  vertex 0.050420344 0.28824502 -0.43121538
  vertex 0.10101728 0.28419173 -0.42497617
 endloop
endfacet
facet normal -0.90429103 0.21795762 -0.36708614
 outer loop
  vertex -0.45985726 0.114751145 -0.21665071
  vertex -0.48167297 0.09290805 -0.17587857
  vertex -0.48171133 0.10969446 -0.16581714
 endloop
endfacet
facet normal -0.90429115 0.21795663 -0.36708626
 outer loop
  vertex -0.45985726 0.114751145 -0.21665071
  vertex -0.48171133 0.10969446 -0.16581714
  vertex -0.45990452 0.13542897 -0.20425686
 endloop
endfacet
facet normal 0.2415625 0.49928507 -0.8320829
 outer loop
  vertex 0.15073735 0.23542534 -0.4398038
  vertex 0.101115644 0.24116954 -0.45076275
  vertex 0.10101728 0.28419173 -0.42497617
 endloop
endfacet
facet normal 0.24156252 0.499285 -0.8320829
 outer loop
  vertex 0.15073735 0.23542534 -0.4398038
  vertex 0.10101728 0.28419173 -0.42497617
  vertex 0.15064138 0.27740157 -0.41464415
 endloop
endfacet
facet normal -0.85805947 0.26257384 -0.441349
 outer loop
  vertex -0.43361285 0.13548917 -0.25533664
  vertex -0.45985726 0.114751145 -0.21665071
  vertex -0.45990452 0.13542897 -0.20425686
 endloop
endfacet
facet normal -0.85805964 0.26257312 -0.44134906
 outer loop
  vertex -0.43361285 0.13548917 -0.25533664
  vertex -0.45990452 0.13542897 -0.20425686
  vertex -0.43366858 0.15985928 -0.2407297
 endloop
endfacet
facet normal 0.33542374 0.4848845 -0.8076992
 outer loop
  vertex 0.19890732 0.22741376 -0.4246092
  vertex 0.15073735 0.23542534 -0.4398038
  vertex 0.15064138 0.27740157 -0.41464415
 endloop
endfacet
facet normal 0.33542383 0.48488453 -0.8076992
 outer loop
  vertex 0.19890732 0.22741376 -0.4246092
  vertex 0.15064138 0.27740157 -0.41464415
  vertex 0.19881466 0.26793975 -0.4003188
 endloop
endfacet
facet normal -0.80356133 0.30465305 -0.511347
 outer loop
  vertex -0.40319255 0.15492226 -0.29156297
  vertex -0.43361285 0.13548917 -0.25533664
  vertex -0.43366858 0.15985928 -0.2407297
 endloop
endfacet
facet normal -0.80356115 0.30465364 -0.51134694
 outer loop
  vertex -0.40319255 0.15492226 -0.29156297
  vertex -0.43366858 0.15985928 -0.2407297
  vertex -0.40325618 0.18274994 -0.27488363
 endloop
endfacet
facet normal 0.42607227 0.46582064 -0.77554727
 outer loop
  vertex 0.24516168 0.21721202 -0.40532538
  vertex 0.19890732 0.22741376 -0.4246092
  vertex 0.19881466 0.26793975 -0.4003188
 endloop
endfacet
facet normal 0.42607278 0.46582106 -0.7755467
 outer loop
  vertex 0.24516168 0.21721202 -0.40532538
  vertex 0.19881466 0.26793975 -0.4003188
  vertex 0.24507323 0.2558975 -0.3821381
 endloop
endfacet
facet normal -0.74133724 0.34378445 -0.5763951
 outer loop
  vertex -0.36888924 0.1728635 -0.32498172
  vertex -0.40319255 0.15492226 -0.29156297
  vertex -0.40325618 0.18274994 -0.27488363
 endloop
endfacet
facet normal -0.7413371 0.3437846 -0.5763951
 outer loop
  vertex -0.36888924 0.1728635 -0.32498172
  vertex -0.40325618 0.18274994 -0.27488363
  vertex -0.36896014 0.20388077 -0.3063906
 endloop
endfacet
facet normal 0.51263213 0.4422764 -0.73593473
 outer loop
  vertex 0.2890551 0.20491853 -0.38213846
  vertex 0.24516168 0.21721202 -0.40532538
  vertex 0.24507323 0.2558975 -0.3821381
 endloop
endfacet
facet normal 0.5126312 0.4422755 -0.7359359
 outer loop
  vertex 0.2890551 0.20491853 -0.38213846
  vertex 0.24507323 0.2558975 -0.3821381
  vertex 0.28897172 0.241391 -0.36027768
 endloop
endfacet
facet normal -0.67198205 0.3795981 -0.63588154
 outer loop
  vertex -0.33103335 0.18913971 -0.35527048
  vertex -0.36888924 0.1728635 -0.32498172
  vertex -0.36896014 0.20388077 -0.3063906
 endloop
endfacet
facet normal -0.67198277 0.37959686 -0.6358817
 outer loop
  vertex -0.33103335 0.18913971 -0.35527048
  vertex -0.36896014 0.20388077 -0.3063906
  vertex -0.3311109 0.22304782 -0.3349467
 endloop
endfacet
facet normal 0.5942929 0.41446596 -0.6892271
 outer loop
  vertex 0.33016473 0.1906515 -0.35527074
  vertex 0.2890551 0.20491853 -0.38213846
  vertex 0.28897172 0.241391 -0.36027768
 endloop
endfacet
facet normal 0.5942933 0.41446635 -0.6892264
 outer loop
  vertex 0.33016473 0.1906515 -0.35527074
  vertex 0.28897172 0.241391 -0.36027768
  vertex 0.33008718 0.22455962 -0.33494696
 endloop
endfacet
facet normal -0.5961822 0.41174403 -0.6892268
 outer loop
  vertex -0.28998944 0.20359461 -0.38213816
  vertex -0.33103335 0.18913971 -0.35527048
  vertex -0.3311109 0.22304782 -0.3349467
 endloop
endfacet
facet normal -0.5961822 0.41174418 -0.68922675
 outer loop
  vertex -0.28998944 0.20359461 -0.38213816
  vertex -0.3311109 0.22304782 -0.3349467
  vertex -0.29007283 0.24006706 -0.36027738
 endloop
endfacet
facet normal 0.80204797 0.35696936 -0.47884443
 outer loop
  vertex 0.43293285 0.16184072 -0.24073003
  vertex 0.40241605 0.18459208 -0.27488393
  vertex 0.40235648 0.2106509 -0.25555736
 endloop
endfacet
facet normal 0.8020479 0.35696924 -0.47884458
 outer loop
  vertex 0.43293285 0.16184072 -0.24073003
  vertex 0.40235648 0.2106509 -0.25555736
  vertex 0.4328807 0.18466178 -0.22380474
 endloop
endfacet
facet normal -0.33781555 0.5601821 -0.7563575
 outer loop
  vertex -0.15190859 0.2767098 -0.414644
  vertex -0.20003815 0.26702762 -0.4003186
  vertex -0.20012492 0.3049776 -0.3721729
 endloop
endfacet
facet normal -0.33781537 0.5601823 -0.75635743
 outer loop
  vertex -0.15190859 0.2767098 -0.414644
  vertex -0.20012492 0.3049776 -0.3721729
  vertex -0.15199846 0.3160178 -0.3854911
 endloop
endfacet
facet normal 0.8567531 0.30848035 -0.41329652
 outer loop
  vertex 0.45928025 0.13753071 -0.2042573
  vertex 0.43293285 0.16184072 -0.24073003
  vertex 0.4328807 0.18466178 -0.22380474
 endloop
endfacet
facet normal 0.85675335 0.3084809 -0.4132955
 outer loop
  vertex 0.45928025 0.13753071 -0.2042573
  vertex 0.4328807 0.18466178 -0.22380474
  vertex 0.45923597 0.15689418 -0.18989635
 endloop
endfacet
facet normal -0.2440258 0.5773317 -0.77919155
 outer loop
  vertex -0.10231614 0.2837268 -0.4249761
  vertex -0.15190859 0.2767098 -0.414644
  vertex -0.15199846 0.3160178 -0.3854911
 endloop
endfacet
facet normal -0.24402584 0.5773317 -0.77919155
 outer loop
  vertex -0.10231614 0.2837268 -0.4249761
  vertex -0.15199846 0.3160178 -0.3854911
  vertex -0.102408245 0.3240143 -0.39509678
 endloop
endfacet
facet normal 0.90320504 0.2570108 -0.343753
 outer loop
  vertex 0.48120457 0.11189611 -0.16581753
  vertex 0.45928025 0.13753071 -0.2042573
  vertex 0.45923597 0.15689418 -0.18989635
 endloop
endfacet
facet normal 0.90320504 0.25701058 -0.34375334
 outer loop
  vertex 0.48120457 0.11189611 -0.16581753
  vertex 0.45923597 0.15689418 -0.18989635
  vertex 0.48116863 0.12761551 -0.1541592
 endloop
endfacet
facet normal -0.14790279 0.5889307 -0.79453474
 outer loop
  vertex -0.05173826 0.28801143 -0.43121532
  vertex -0.10231614 0.2837268 -0.4249761
  vertex -0.102408245 0.3240143 -0.39509678
 endloop
endfacet
facet normal -0.14790273 0.5889308 -0.7945347
 outer loop
  vertex -0.05173826 0.28801143 -0.43121532
  vertex -0.102408245 0.3240143 -0.39509678
  vertex -0.05183172 0.32889038 -0.40089732
 endloop
endfacet
facet normal -0.9893483 0.08525285 -0.11799106
 outer loop
  vertex -0.5112422 0.055314336 -0.08453289
  vertex -0.5186819 0.027192324 -0.04247084
  vertex -0.51869106 0.031218551 -0.039484777
 endloop
endfacet
facet normal -0.9893485 0.085245006 -0.11799531
 outer loop
  vertex -0.5112422 0.055314336 -0.08453289
  vertex -0.51869106 0.031218551 -0.039484777
  vertex -0.51126057 0.06332802 -0.07858952
 endloop
endfacet
facet normal 0.94095254 0.2030528 -0.27088356
 outer loop
  vertex 0.49849463 0.08518418 -0.12578118
  vertex 0.48120457 0.11189611 -0.16581753
  vertex 0.48116863 0.12761551 -0.1541592
 endloop
endfacet
facet normal 0.9409526 0.20305306 -0.2708832
 outer loop
  vertex 0.49849463 0.08518418 -0.12578118
  vertex 0.48116863 0.12761551 -0.1541592
  vertex 0.49846736 0.09710814 -0.11693774
 endloop
endfacet
facet normal -0.050369192 0.59487 -0.80224216
 outer loop
  vertex -0.00066211534 0.28952238 -0.43330178
  vertex -0.05173826 0.28801143 -0.43121532
  vertex -0.05183172 0.32889038 -0.40089732
 endloop
endfacet
facet normal -0.050368898 0.5948703 -0.802242
 outer loop
  vertex -0.00066211534 0.28952238 -0.43330178
  vertex -0.05183172 0.32889038 -0.40089732
  vertex -0.00075602427 0.33059913 -0.40283707
 endloop
endfacet
facet normal -0.97029114 0.14268592 -0.19538641
 outer loop
  vertex -0.49887902 0.08290372 -0.1257808
  vertex -0.5112422 0.055314336 -0.08453289
  vertex -0.51126057 0.06332802 -0.07858952
 endloop
endfacet
facet normal -0.9702909 0.14268911 -0.19538505
 outer loop
  vertex -0.49887902 0.08290372 -0.1257808
  vertex -0.51126057 0.06332802 -0.07858952
  vertex -0.49890628 0.09482768 -0.116937354
 endloop
endfacet
facet normal 0.9696284 0.14712496 -0.1953846
 outer loop
  vertex 0.5109839 0.057651613 -0.08453324
  vertex 0.49849463 0.08518418 -0.12578118
  vertex 0.49846736 0.09710814 -0.11693774
 endloop
endfacet
facet normal 0.9696285 0.14712694 -0.1953822
 outer loop
  vertex 0.5109839 0.057651613 -0.08453324
  vertex 0.49846736 0.09710814 -0.11693774
  vertex 0.5109655 0.0656653 -0.07858987
 endloop
endfacet
facet normal 0.04764741 0.5950944 -0.80224204
 outer loop
  vertex 0.050420344 0.28824502 -0.43121538
  vertex -0.00066211534 0.28952238 -0.43330178
  vertex -0.00075602427 0.33059913 -0.40283707
 endloop
endfacet
facet normal 0.047647104 0.59509414 -0.8022423
 outer loop
  vertex 0.050420344 0.28824502 -0.43121538
  vertex -0.00075602427 0.33059913 -0.40283707
  vertex 0.050326884 0.32912397 -0.40089738
 endloop
endfacet
facet normal -0.94187146 0.19874744 -0.27088302
 outer loop
  vertex -0.48171133 0.10969446 -0.16581714
  vertex -0.49887902 0.08290372 -0.1257808
  vertex -0.49890628 0.09482768 -0.116937354
 endloop
endfacet
facet normal -0.9418714 0.19874744 -0.27088302
 outer loop
  vertex -0.48171133 0.10969446 -0.16581714
  vertex -0.49890628 0.09482768 -0.116937354
  vertex -0.48174727 0.12541384 -0.15415883
 endloop
endfacet
facet normal 0.98894817 0.089774504 -0.11799195
 outer loop
  vertex 0.51855206 0.029563919 -0.04247122
  vertex 0.5109839 0.057651613 -0.08453324
  vertex 0.5109655 0.0656653 -0.07858987
 endloop
endfacet
facet normal 0.9889479 0.08976828 -0.11799812
 outer loop
  vertex 0.51855206 0.029563919 -0.04247122
  vertex 0.5109655 0.0656653 -0.07858987
  vertex 0.5185429 0.033590145 -0.039485157
 endloop
endfacet
facet normal 0.14520821 0.5896009 -0.7945347
 outer loop
  vertex 0.10101728 0.28419173 -0.42497617
  vertex 0.050420344 0.28824502 -0.43121538
  vertex 0.050326884 0.32912397 -0.40089738
 endloop
endfacet
facet normal 0.14520814 0.5896008 -0.7945347
 outer loop
  vertex 0.10101728 0.28419173 -0.42497617
  vertex 0.050326884 0.32912397 -0.40089738
  vertex 0.10092518 0.32447922 -0.39509684
 endloop
endfacet
facet normal -0.904371 0.25287738 -0.34375304
 outer loop
  vertex -0.45990452 0.13542897 -0.20425686
  vertex -0.48171133 0.10969446 -0.16581714
  vertex -0.48174727 0.12541384 -0.15415883
 endloop
endfacet
facet normal -0.9043711 0.2528769 -0.34375316
 outer loop
  vertex -0.45990452 0.13542897 -0.20425686
  vertex -0.48174727 0.12541384 -0.15415883
  vertex -0.4599488 0.15479241 -0.18989591
 endloop
endfacet
facet normal 0.24138147 0.5784417 -0.779192
 outer loop
  vertex 0.15064138 0.27740157 -0.41464415
  vertex 0.10101728 0.28419173 -0.42497617
  vertex 0.10092518 0.32447922 -0.39509684
 endloop
endfacet
facet normal 0.24138156 0.5784418 -0.7791919
 outer loop
  vertex 0.15064138 0.27740157 -0.41464415
  vertex 0.10092518 0.32447922 -0.39509684
  vertex 0.15055151 0.31670958 -0.38549125
 endloop
endfacet
facet normal -0.8581556 0.30455875 -0.4132952
 outer loop
  vertex -0.43366858 0.15985928 -0.2407297
  vertex -0.45990452 0.13542897 -0.20425686
  vertex -0.4599488 0.15479241 -0.18989591
 endloop
endfacet
facet normal -0.8581553 0.30455998 -0.41329494
 outer loop
  vertex -0.43366858 0.15985928 -0.2407297
  vertex -0.4599488 0.15479241 -0.18989591
  vertex -0.43372074 0.18268034 -0.22380441
 endloop
endfacet
facet normal 0.33524814 0.5617216 -0.7563581
 outer loop
  vertex 0.19881466 0.26793975 -0.4003188
  vertex 0.15064138 0.27740157 -0.41464415
  vertex 0.15055151 0.31670958 -0.38549125
 endloop
endfacet
facet normal 0.33524847 0.56172186 -0.7563578
 outer loop
  vertex 0.19881466 0.26793975 -0.4003188
  vertex 0.15055151 0.31670958 -0.38549125
  vertex 0.19872789 0.30588973 -0.37217307
 endloop
endfacet
facet normal -0.8036724 0.35329857 -0.47884324
 outer loop
  vertex -0.40325618 0.18274994 -0.27488363
  vertex -0.43366858 0.15985928 -0.2407297
  vertex -0.43372074 0.18268034 -0.22380441
 endloop
endfacet
facet normal -0.8036727 0.35329765 -0.47884336
 outer loop
  vertex -0.40325618 0.18274994 -0.27488363
  vertex -0.43372074 0.18268034 -0.22380441
  vertex -0.40331575 0.20880876 -0.25555706
 endloop
endfacet
facet normal 0.4259041 0.5395992 -0.7262495
 outer loop
  vertex 0.24507323 0.2558975 -0.3821381
  vertex 0.19881466 0.26793975 -0.4003188
  vertex 0.19872789 0.30588973 -0.37217307
 endloop
endfacet
facet normal 0.42590344 0.53959876 -0.72625023
 outer loop
  vertex 0.24507323 0.2558975 -0.3821381
  vertex 0.19872789 0.30588973 -0.37217307
  vertex 0.24499041 0.29212397 -0.35527065
 endloop
endfacet
facet normal -0.7414626 0.39861676 -0.5397573
 outer loop
  vertex -0.36896014 0.20388077 -0.3063906
  vertex -0.40325618 0.18274994 -0.27488363
  vertex -0.40331575 0.20880876 -0.25555706
 endloop
endfacet
facet normal -0.74146235 0.39861736 -0.53975713
 outer loop
  vertex -0.36896014 0.20388077 -0.3063906
  vertex -0.40331575 0.20880876 -0.25555706
  vertex -0.36902654 0.23292644 -0.2848488
 endloop
endfacet
facet normal 0.51247126 0.5122859 -0.6891563
 outer loop
  vertex 0.28897172 0.241391 -0.36027768
  vertex 0.24507323 0.2558975 -0.3821381
  vertex 0.24499041 0.29212397 -0.35527065
 endloop
endfacet
facet normal 0.5124712 0.5122858 -0.68915623
 outer loop
  vertex 0.28897172 0.241391 -0.36027768
  vertex 0.24499041 0.29212397 -0.35527065
  vertex 0.28889364 0.2755451 -0.33494723
 endloop
endfacet
facet normal -0.6721209 0.44008946 -0.59546185
 outer loop
  vertex -0.3311109 0.22304782 -0.3349467
  vertex -0.36896014 0.20388077 -0.3063906
  vertex -0.36902654 0.23292644 -0.2848488
 endloop
endfacet
facet normal -0.6721208 0.4400898 -0.5954618
 outer loop
  vertex -0.3311109 0.22304782 -0.3349467
  vertex -0.36902654 0.23292644 -0.2848488
  vertex -0.33118346 0.2548006 -0.31139717
 endloop
endfacet
facet normal 0.59414333 0.4800328 -0.6454164
 outer loop
  vertex 0.33008718 0.22455962 -0.33494696
  vertex 0.28897172 0.241391 -0.36027768
  vertex 0.28889364 0.2755451 -0.33494723
 endloop
endfacet
facet normal 0.59414345 0.48003286 -0.64541626
 outer loop
  vertex 0.33008718 0.22455962 -0.33494696
  vertex 0.28889364 0.2755451 -0.33494723
  vertex 0.33001462 0.25631237 -0.31139743
 endloop
endfacet
facet normal -0.5963321 0.47731164 -0.6454159
 outer loop
  vertex -0.29007283 0.24006706 -0.36027738
  vertex -0.3311109 0.22304782 -0.3349467
  vertex -0.33118346 0.2548006 -0.31139717
 endloop
endfacet
facet normal -0.59633267 0.4773106 -0.64541614
 outer loop
  vertex -0.29007283 0.24006706 -0.36027738
  vertex -0.33118346 0.2548006 -0.31139717
  vertex -0.2901509 0.27422118 -0.33494693
 endloop
endfacet
facet normal 0.67010045 0.44315833 -0.59546286
 outer loop
  vertex 0.36802375 0.20556585 -0.3063909
  vertex 0.33008718 0.22455962 -0.33494696
  vertex 0.33001462 0.25631237 -0.31139743
 endloop
endfacet
facet normal 0.67010057 0.44315842 -0.5954626
 outer loop
  vertex 0.36802375 0.20556585 -0.3063909
  vertex 0.33001462 0.25631237 -0.31139743
  vertex 0.36795735 0.23461153 -0.2848491
 endloop
endfacet
facet normal -0.5148096 0.5099366 -0.6891559
 outer loop
  vertex -0.24624123 0.2547741 -0.38213786
  vertex -0.29007283 0.24006706 -0.36027738
  vertex -0.2901509 0.27422118 -0.33494693
 endloop
endfacet
facet normal -0.51480913 0.5099373 -0.6891557
 outer loop
  vertex -0.24624123 0.2547741 -0.38213786
  vertex -0.2901509 0.27422118 -0.33494693
  vertex -0.24632405 0.29100055 -0.35527042
 endloop
endfacet
facet normal 0.73963207 0.40200326 -0.53975713
 outer loop
  vertex 0.40241605 0.18459208 -0.27488393
  vertex 0.36802375 0.20556585 -0.3063909
  vertex 0.36795735 0.23461153 -0.2848491
 endloop
endfacet
facet normal 0.7396319 0.40200302 -0.5397576
 outer loop
  vertex 0.40241605 0.18459208 -0.27488393
  vertex 0.36795735 0.23461153 -0.2848491
  vertex 0.40235648 0.2106509 -0.25555736
 endloop
endfacet
facet normal -0.42836574 0.5376462 -0.7262502
 outer loop
  vertex -0.20003815 0.26702762 -0.4003186
  vertex -0.24624123 0.2547741 -0.38213786
  vertex -0.24632405 0.29100055 -0.35527042
 endloop
endfacet
facet normal -0.428366 0.537646 -0.7262503
 outer loop
  vertex -0.20003815 0.26702762 -0.4003186
  vertex -0.24632405 0.29100055 -0.35527042
  vertex -0.20012492 0.3049776 -0.3721729
 endloop
endfacet
facet normal 0.9031307 0.2894762 -0.31710947
 outer loop
  vertex 0.48116863 0.12761551 -0.1541592
  vertex 0.45923597 0.15689418 -0.18989635
  vertex 0.45919514 0.17475678 -0.17370659
 endloop
endfacet
facet normal 0.9031309 0.28947678 -0.31710818
 outer loop
  vertex 0.48116863 0.12761551 -0.1541592
  vertex 0.45919514 0.17475678 -0.17370659
  vertex 0.48113546 0.14211649 -0.14101624
 endloop
endfacet
facet normal -0.14807436 0.66397107 -0.7329505
 outer loop
  vertex -0.05183172 0.32889038 -0.40089732
  vertex -0.102408245 0.3240143 -0.39509678
  vertex -0.1024932 0.3611791 -0.36141247
 endloop
endfacet
facet normal -0.14807495 0.6639705 -0.73295087
 outer loop
  vertex -0.05183172 0.32889038 -0.40089732
  vertex -0.1024932 0.3611791 -0.36141247
  vertex -0.05191793 0.36660084 -0.3667185
 endloop
endfacet
facet normal -0.98937404 0.0963869 -0.108851396
 outer loop
  vertex -0.51126057 0.06332802 -0.07858952
  vertex -0.51869106 0.031218551 -0.039484777
  vertex -0.5186996 0.03493271 -0.03611845
 endloop
endfacet
facet normal -0.9893738 0.096395046 -0.10884594
 outer loop
  vertex -0.51126057 0.06332802 -0.07858952
  vertex -0.5186996 0.03493271 -0.03611845
  vertex -0.51127744 0.07072057 -0.07188928
 endloop
endfacet
facet normal 0.94089407 0.22863713 -0.24988683
 outer loop
  vertex 0.49846736 0.09710814 -0.11693774
  vertex 0.48116863 0.12761551 -0.1541592
  vertex 0.48113546 0.14211649 -0.14101624
 endloop
endfacet
facet normal 0.94089395 0.22863686 -0.2498872
 outer loop
  vertex 0.49846736 0.09710814 -0.11693774
  vertex 0.48113546 0.14211649 -0.14101624
  vertex 0.4984422 0.10810789 -0.10696812
 endloop
endfacet
facet normal -0.050542213 0.67063785 -0.74006104
 outer loop
  vertex -0.00075602427 0.33059913 -0.40283707
  vertex -0.05183172 0.32889038 -0.40089732
  vertex -0.05191793 0.36660084 -0.3667185
 endloop
endfacet
facet normal -0.05054125 0.67063856 -0.74006045
 outer loop
  vertex -0.00075602427 0.33059913 -0.40283707
  vertex -0.05191793 0.36660084 -0.3667185
  vertex -0.00084265205 0.368492 -0.36849284
 endloop
endfacet
facet normal -0.9703331 0.16114515 -0.18023846
 outer loop
  vertex -0.49890628 0.09482768 -0.116937354
  vertex -0.51126057 0.06332802 -0.07858952
  vertex -0.51127744 0.07072057 -0.07188928
 endloop
endfacet
facet normal -0.97033334 0.1611419 -0.18024021
 outer loop
  vertex -0.49890628 0.09482768 -0.116937354
  vertex -0.51127744 0.07072057 -0.07188928
  vertex -0.49893144 0.10582743 -0.10696773
 endloop
endfacet
facet normal 0.9695863 0.16557771 -0.18024
 outer loop
  vertex 0.5109655 0.0656653 -0.07858987
  vertex 0.49846736 0.09710814 -0.11693774
  vertex 0.4984422 0.10810789 -0.10696812
 endloop
endfacet
facet normal 0.9695861 0.16557573 -0.1802429
 outer loop
  vertex 0.5109655 0.0656653 -0.07858987
  vertex 0.4984422 0.10810789 -0.10696812
  vertex 0.51094866 0.07305784 -0.07188963
 endloop
endfacet
facet normal 0.047474004 0.6708627 -0.74006045
 outer loop
  vertex 0.050326884 0.32912397 -0.40089738
  vertex -0.00075602427 0.33059913 -0.40283707
  vertex -0.00084265205 0.368492 -0.36849284
 endloop
endfacet
facet normal 0.047473047 0.670862 -0.74006116
 outer loop
  vertex 0.050326884 0.32912397 -0.40089738
  vertex -0.00084265205 0.368492 -0.36849284
  vertex 0.050240673 0.36683443 -0.36671856
 endloop
endfacet
facet normal -0.94192994 0.22433117 -0.24988696
 outer loop
  vertex -0.48174727 0.12541384 -0.15415883
  vertex -0.49890628 0.09482768 -0.116937354
  vertex -0.49893144 0.10582743 -0.10696773
 endloop
endfacet
facet normal -0.94193 0.22433048 -0.24988726
 outer loop
  vertex -0.48174727 0.12541384 -0.15415883
  vertex -0.49893144 0.10582743 -0.10696773
  vertex -0.48178044 0.13991483 -0.14101587
 endloop
endfacet
facet normal 0.98892254 0.100913905 -0.10885115
 outer loop
  vertex 0.5185429 0.033590145 -0.039485157
  vertex 0.5109655 0.0656653 -0.07858987
  vertex 0.51094866 0.07305784 -0.07188963
 endloop
endfacet
facet normal 0.9889227 0.10091989 -0.10884371
 outer loop
  vertex 0.5185429 0.033590145 -0.039485157
  vertex 0.51094866 0.07305784 -0.07188963
  vertex 0.51853436 0.037304305 -0.03611883
 endloop
endfacet
facet normal 0.14503664 0.6646407 -0.732951
 outer loop
  vertex 0.10092518 0.32447922 -0.39509684
  vertex 0.050326884 0.32912397 -0.40089738
  vertex 0.050240673 0.36683443 -0.36671856
 endloop
endfacet
facet normal 0.14503717 0.6646411 -0.73295057
 outer loop
  vertex 0.10092518 0.32447922 -0.39509684
  vertex 0.050240673 0.36683443 -0.36671856
  vertex 0.100840226 0.36164403 -0.36141253
 endloop
endfacet
facet normal -0.9044453 0.2853427 -0.31710914
 outer loop
  vertex -0.4599488 0.15479241 -0.18989591
  vertex -0.48174727 0.12541384 -0.15415883
  vertex -0.48178044 0.13991483 -0.14101587
 endloop
endfacet
facet normal -0.9044451 0.28534406 -0.31710857
 outer loop
  vertex -0.4599488 0.15479241 -0.18989591
  vertex -0.48178044 0.13991483 -0.14101587
  vertex -0.45998964 0.172655 -0.17370616
 endloop
endfacet
facet normal 0.24121329 0.6520329 -0.7187971
 outer loop
  vertex 0.15055151 0.31670958 -0.38549125
  vertex 0.10092518 0.32447922 -0.39509684
  vertex 0.100840226 0.36164403 -0.36141253
 endloop
endfacet
facet normal 0.2412136 0.6520331 -0.71879673
 outer loop
  vertex 0.15055151 0.31670958 -0.38549125
  vertex 0.100840226 0.36164403 -0.36141253
  vertex 0.15046862 0.35297084 -0.35262585
 endloop
endfacet
facet normal -0.8582445 0.3435938 -0.38126066
 outer loop
  vertex -0.43372074 0.18268034 -0.22380441
  vertex -0.4599488 0.15479241 -0.18989591
  vertex -0.45998964 0.172655 -0.17370616
 endloop
endfacet
facet normal -0.8582446 0.34359327 -0.38126087
 outer loop
  vertex -0.43372074 0.18268034 -0.22380441
  vertex -0.45998964 0.172655 -0.17370616
  vertex -0.43376887 0.20373254 -0.20472378
 endloop
endfacet
facet normal 0.33508515 0.6331563 -0.6977328
 outer loop
  vertex 0.19872789 0.30588973 -0.37217307
  vertex 0.15055151 0.31670958 -0.38549125
  vertex 0.15046862 0.35297084 -0.35262585
 endloop
endfacet
facet normal 0.33508494 0.6331562 -0.697733
 outer loop
  vertex 0.19872789 0.30588973 -0.37217307
  vertex 0.15046862 0.35297084 -0.35262585
  vertex 0.19864786 0.34089825 -0.3404431
 endloop
endfacet
facet normal -0.8037762 0.39852235 -0.44172823
 outer loop
  vertex -0.40331575 0.20880876 -0.25555706
  vertex -0.43372074 0.18268034 -0.22380441
  vertex -0.43376887 0.20373254 -0.20472378
 endloop
endfacet
facet normal -0.80377597 0.39852276 -0.44172812
 outer loop
  vertex -0.40331575 0.20880876 -0.25555706
  vertex -0.43376887 0.20373254 -0.20472378
  vertex -0.4033707 0.23284778 -0.2337693
 endloop
endfacet
facet normal 0.42574665 0.6081901 -0.66995853
 outer loop
  vertex 0.24499041 0.29212397 -0.35527065
  vertex 0.19872789 0.30588973 -0.37217307
  vertex 0.19864786 0.34089825 -0.3404431
 endloop
endfacet
facet normal 0.42574623 0.6081899 -0.669959
 outer loop
  vertex 0.24499041 0.29212397 -0.35527065
  vertex 0.19864786 0.34089825 -0.3404431
  vertex 0.24491401 0.32554254 -0.32498178
 endloop
endfacet
facet normal -0.74157894 0.4495951 -0.49792063
 outer loop
  vertex -0.36902654 0.23292644 -0.2848488
  vertex -0.40331575 0.20880876 -0.25555706
  vertex -0.4033707 0.23284778 -0.2337693
 endloop
endfacet
facet normal -0.74157906 0.44959474 -0.49792072
 outer loop
  vertex -0.36902654 0.23292644 -0.2848488
  vertex -0.4033707 0.23284778 -0.2337693
  vertex -0.36908782 0.25972077 -0.26056376
 endloop
endfacet
facet normal 0.51232266 0.5773734 -0.63574004
 outer loop
  vertex 0.28889364 0.2755451 -0.33494723
  vertex 0.24499041 0.29212397 -0.35527065
  vertex 0.24491401 0.32554254 -0.32498178
 endloop
endfacet
facet normal 0.5123229 0.57737356 -0.63573974
 outer loop
  vertex 0.28889364 0.2755451 -0.33494723
  vertex 0.24491401 0.32554254 -0.32498178
  vertex 0.2888216 0.30705196 -0.306391
 endloop
endfacet
facet normal -0.67224926 0.49632818 -0.54930806
 outer loop
  vertex -0.33118346 0.2548006 -0.31139717
  vertex -0.36902654 0.23292644 -0.2848488
  vertex -0.36908782 0.25972077 -0.26056376
 endloop
endfacet
facet normal -0.6722491 0.49632847 -0.549308
 outer loop
  vertex -0.33118346 0.2548006 -0.31139717
  vertex -0.36908782 0.25972077 -0.26056376
  vertex -0.33125043 0.2840922 -0.28484872
 endloop
endfacet
facet normal 0.594004 0.5409896 -0.5953903
 outer loop
  vertex 0.33001462 0.25631237 -0.31139743
  vertex 0.28889364 0.2755451 -0.33494723
  vertex 0.2888216 0.30705196 -0.306391
 endloop
endfacet
facet normal 0.5940039 0.5409897 -0.5953904
 outer loop
  vertex 0.33001462 0.25631237 -0.31139743
  vertex 0.2888216 0.30705196 -0.306391
  vertex 0.32994765 0.285604 -0.284849
 endloop
endfacet
facet normal -0.59647197 0.53826785 -0.59538966
 outer loop
  vertex -0.2901509 0.27422118 -0.33494693
  vertex -0.33118346 0.2548006 -0.31139717
  vertex -0.33125043 0.2840922 -0.28484872
 endloop
endfacet
facet normal -0.59647197 0.53826785 -0.5953896
 outer loop
  vertex -0.2901509 0.27422118 -0.33494693
  vertex -0.33125043 0.2840922 -0.28484872
  vertex -0.29022294 0.30572802 -0.3063907
 endloop
endfacet
facet normal 0.66997194 0.4993972 -0.5493087
 outer loop
  vertex 0.36795735 0.23461153 -0.2848491
  vertex 0.33001462 0.25631237 -0.31139743
  vertex 0.32994765 0.285604 -0.284849
 endloop
endfacet
facet normal 0.6699723 0.49939752 -0.54930794
 outer loop
  vertex 0.36795735 0.23461153 -0.2848491
  vertex 0.32994765 0.285604 -0.284849
  vertex 0.36789608 0.26140586 -0.26056406
 endloop
endfacet
facet normal -0.514958 0.57502514 -0.63573927
 outer loop
  vertex -0.24632405 0.29100055 -0.35527042
  vertex -0.2901509 0.27422118 -0.33494693
  vertex -0.29022294 0.30572802 -0.3063907
 endloop
endfacet
facet normal -0.51495814 0.5750248 -0.6357394
 outer loop
  vertex -0.24632405 0.29100055 -0.35527042
  vertex -0.29022294 0.30572802 -0.3063907
  vertex -0.24640045 0.32441908 -0.32498154
 endloop
endfacet
facet normal 0.7395153 0.45298153 -0.49792048
 outer loop
  vertex 0.40235648 0.2106509 -0.25555736
  vertex 0.36795735 0.23461153 -0.2848491
  vertex 0.36789608 0.26140586 -0.26056406
 endloop
endfacet
facet normal 0.7395151 0.4529813 -0.49792093
 outer loop
  vertex 0.40235648 0.2106509 -0.25555736
  vertex 0.36789608 0.26140586 -0.26056406
  vertex 0.40230152 0.23468992 -0.2337696
 endloop
endfacet
facet normal -0.42852265 0.60623723 -0.66995883
 outer loop
  vertex -0.20012492 0.3049776 -0.3721729
  vertex -0.24632405 0.29100055 -0.35527042
  vertex -0.24640045 0.32441908 -0.32498154
 endloop
endfacet
facet normal -0.42852244 0.6062375 -0.66995865
 outer loop
  vertex -0.20012492 0.3049776 -0.3721729
  vertex -0.24640045 0.32441908 -0.32498154
  vertex -0.20020494 0.3399861 -0.34044296
 endloop
endfacet
facet normal 0.80194455 0.40219447 -0.44172904
 outer loop
  vertex 0.4328807 0.18466178 -0.22380474
  vertex 0.40235648 0.2106509 -0.25555736
  vertex 0.40230152 0.23468992 -0.2337696
 endloop
endfacet
facet normal 0.8019445 0.40219435 -0.44172922
 outer loop
  vertex 0.4328807 0.18466178 -0.22380474
  vertex 0.40230152 0.23468992 -0.2337696
  vertex 0.43283257 0.20571397 -0.2047241
 endloop
endfacet
facet normal -0.33797893 0.6316169 -0.69773227
 outer loop
  vertex -0.15199846 0.3160178 -0.3854911
  vertex -0.20012492 0.3049776 -0.3721729
  vertex -0.20020494 0.3399861 -0.34044296
 endloop
endfacet
facet normal -0.33797875 0.63161707 -0.69773215
 outer loop
  vertex -0.15199846 0.3160178 -0.3854911
  vertex -0.20020494 0.3399861 -0.34044296
  vertex -0.15208136 0.35227907 -0.3526257
 endloop
endfacet
facet normal 0.85666406 0.3475145 -0.38126147
 outer loop
  vertex 0.45923597 0.15689418 -0.18989635
  vertex 0.4328807 0.18466178 -0.22380474
  vertex 0.43283257 0.20571397 -0.2047241
 endloop
endfacet
facet normal 0.856664 0.3475144 -0.3812618
 outer loop
  vertex 0.45923597 0.15689418 -0.18989635
  vertex 0.43283257 0.20571397 -0.2047241
  vertex 0.45919514 0.17475678 -0.17370659
 endloop
endfacet
facet normal -0.244194 0.6509232 -0.7187965
 outer loop
  vertex -0.102408245 0.3240143 -0.39509678
  vertex -0.15199846 0.3160178 -0.3854911
  vertex -0.15208136 0.35227907 -0.3526257
 endloop
endfacet
facet normal -0.24419422 0.6509229 -0.71879655
 outer loop
  vertex -0.102408245 0.3240143 -0.39509678
  vertex -0.15208136 0.35227907 -0.3526257
  vertex -0.1024932 0.3611791 -0.36141247
 endloop
endfacet
facet normal -0.9703719 0.17802183 -0.16336022
 outer loop
  vertex -0.49893144 0.10582743 -0.10696773
  vertex -0.51127744 0.07072057 -0.07188928
  vertex -0.51129276 0.07742079 -0.06449672
 endloop
endfacet
facet normal -0.9703719 0.17802188 -0.16336024
 outer loop
  vertex -0.49893144 0.10582743 -0.10696773
  vertex -0.51129276 0.07742079 -0.06449672
  vertex -0.49895424 0.11579701 -0.09596795
 endloop
endfacet
facet normal 0.96954757 0.18245815 -0.16336037
 outer loop
  vertex 0.51094866 0.07305784 -0.07188963
  vertex 0.4984422 0.10810789 -0.10696812
  vertex 0.4984194 0.11807748 -0.095968336
 endloop
endfacet
facet normal 0.96954757 0.18245794 -0.16336082
 outer loop
  vertex 0.51094866 0.07305784 -0.07188963
  vertex 0.4984194 0.11807748 -0.095968336
  vertex 0.51093334 0.07975805 -0.06449707
 endloop
endfacet
facet normal 0.047314692 0.740171 -0.6707519
 outer loop
  vertex 0.050240673 0.36683443 -0.36671856
  vertex -0.00084265205 0.368492 -0.36849284
  vertex -0.00092116435 0.40283614 -0.3305998
 endloop
endfacet
facet normal 0.047314852 0.74017113 -0.6707518
 outer loop
  vertex 0.050240673 0.36683443 -0.36671856
  vertex -0.00092116435 0.40283614 -0.3305998
  vertex 0.05016254 0.4010132 -0.32900798
 endloop
endfacet
facet normal -0.9419836 0.2477336 -0.22648416
 outer loop
  vertex -0.48178044 0.13991483 -0.14101587
  vertex -0.49893144 0.10582743 -0.10696773
  vertex -0.49895424 0.11579701 -0.09596795
 endloop
endfacet
facet normal -0.9419835 0.24773413 -0.22648388
 outer loop
  vertex -0.48178044 0.13991483 -0.14101587
  vertex -0.49895424 0.11579701 -0.09596795
  vertex -0.48181048 0.15305775 -0.12651484
 endloop
endfacet
facet normal 0.98889935 0.11110943 -0.09865431
 outer loop
  vertex 0.51853436 0.037304305 -0.03611883
  vertex 0.51094866 0.07305784 -0.07188963
  vertex 0.51093334 0.07975805 -0.06449707
 endloop
endfacet
facet normal 0.9888993 0.111108646 -0.09865535
 outer loop
  vertex 0.51853436 0.037304305 -0.03611883
  vertex 0.51093334 0.07975805 -0.06449707
  vertex 0.5185267 0.04067062 -0.03240466
 endloop
endfacet
facet normal 0.14488028 0.7332839 -0.6643074
 outer loop
  vertex 0.100840226 0.36164403 -0.36141253
  vertex 0.050240673 0.36683443 -0.36671856
  vertex 0.05016254 0.4010132 -0.32900798
 endloop
endfacet
facet normal 0.14487976 0.73328364 -0.6643079
 outer loop
  vertex 0.100840226 0.36164403 -0.36141253
  vertex 0.05016254 0.4010132 -0.32900798
  vertex 0.10076322 0.39532828 -0.3242476
 endloop
endfacet
facet normal -0.904513 0.3150421 -0.2874104
 outer loop
  vertex -0.45998964 0.172655 -0.17370616
  vertex -0.48178044 0.13991483 -0.14101587
  vertex -0.48181048 0.15305775 -0.12651484
 endloop
endfacet
facet normal -0.904513 0.31504175 -0.2874106
 outer loop
  vertex -0.45998964 0.172655 -0.17370616
  vertex -0.48181048 0.15305775 -0.12651484
  vertex -0.46002665 0.18884471 -0.15584351
 endloop
endfacet
facet normal 0.24105963 0.7193498 -0.65147984
 outer loop
  vertex 0.15046862 0.35297084 -0.35262585
  vertex 0.100840226 0.36164403 -0.36141253
  vertex 0.10076322 0.39532828 -0.3242476
 endloop
endfacet
facet normal 0.24105944 0.7193498 -0.6514801
 outer loop
  vertex 0.15046862 0.35297084 -0.35262585
  vertex 0.10076322 0.39532828 -0.3242476
  vertex 0.15039349 0.38583615 -0.3163645
 endloop
endfacet
facet normal -0.8583262 0.37929952 -0.34555456
 outer loop
  vertex -0.43376887 0.20373254 -0.20472378
  vertex -0.45998964 0.172655 -0.17370616
  vertex -0.46002665 0.18884471 -0.15584351
 endloop
endfacet
facet normal -0.8583264 0.37929913 -0.34555477
 outer loop
  vertex -0.43376887 0.20373254 -0.20472378
  vertex -0.46002665 0.18884471 -0.15584351
  vertex -0.4338125 0.22281313 -0.18367153
 endloop
endfacet
facet normal 0.33493555 0.69850034 -0.6323888
 outer loop
  vertex 0.19864786 0.34089825 -0.3404431
  vertex 0.15046862 0.35297084 -0.35262585
  vertex 0.15039349 0.38583615 -0.3163645
 endloop
endfacet
facet normal 0.33493656 0.6985008 -0.63238764
 outer loop
  vertex 0.19864786 0.34089825 -0.3404431
  vertex 0.15039349 0.38583615 -0.3163645
  vertex 0.19857533 0.37262806 -0.3054345
 endloop
endfacet
facet normal -0.8038706 0.43989128 -0.4003593
 outer loop
  vertex -0.4033707 0.23284778 -0.2337693
  vertex -0.43376887 0.20373254 -0.20472378
  vertex -0.4338125 0.22281313 -0.18367153
 endloop
endfacet
facet normal -0.8038706 0.43989152 -0.4003592
 outer loop
  vertex -0.4033707 0.23284778 -0.2337693
  vertex -0.4338125 0.22281313 -0.18367153
  vertex -0.4034205 0.25463548 -0.20973024
 endloop
endfacet
facet normal 0.4256029 0.67093396 -0.6072148
 outer loop
  vertex 0.24491401 0.32554254 -0.32498178
  vertex 0.19864786 0.34089825 -0.3404431
  vertex 0.19857533 0.37262806 -0.3054345
 endloop
endfacet
facet normal 0.42560244 0.6709337 -0.6072154
 outer loop
  vertex 0.24491401 0.32554254 -0.32498178
  vertex 0.19857533 0.37262806 -0.3054345
  vertex 0.24484478 0.35583135 -0.29156312
 endloop
endfacet
facet normal -0.74168575 0.49622622 -0.4512891
 outer loop
  vertex -0.36908782 0.25972077 -0.26056376
  vertex -0.4033707 0.23284778 -0.2337693
  vertex -0.4034205 0.25463548 -0.20973024
 endloop
endfacet
facet normal -0.7416858 0.496226 -0.45128915
 outer loop
  vertex -0.36908782 0.25972077 -0.26056376
  vertex -0.4034205 0.25463548 -0.20973024
  vertex -0.36914334 0.28400576 -0.23376936
 endloop
endfacet
facet normal 0.512187 0.63691217 -0.5762008
 outer loop
  vertex 0.2888216 0.30705196 -0.306391
  vertex 0.24491401 0.32554254 -0.32498178
  vertex 0.24484478 0.35583135 -0.29156312
 endloop
endfacet
facet normal 0.51218706 0.6369122 -0.57620054
 outer loop
  vertex 0.2888216 0.30705196 -0.306391
  vertex 0.24484478 0.35583135 -0.29156312
  vertex 0.2887563 0.33560807 -0.2748841
 endloop
endfacet
facet normal -0.6723666 0.5477722 -0.49786416
 outer loop
  vertex -0.33125043 0.2840922 -0.28484872
  vertex -0.36908782 0.25972077 -0.26056376
  vertex -0.36914334 0.28400576 -0.23376936
 endloop
endfacet
facet normal -0.67236644 0.5477726 -0.49786404
 outer loop
  vertex -0.33125043 0.2840922 -0.28484872
  vertex -0.36914334 0.28400576 -0.23376936
  vertex -0.33131114 0.31064054 -0.25555703
 endloop
endfacet
facet normal 0.59387636 0.5967498 -0.5396302
 outer loop
  vertex 0.32994765 0.285604 -0.284849
  vertex 0.2888216 0.30705196 -0.306391
  vertex 0.2887563 0.33560807 -0.2748841
 endloop
endfacet
facet normal 0.5938764 0.5967497 -0.5396299
 outer loop
  vertex 0.32994765 0.285604 -0.284849
  vertex 0.2887563 0.33560807 -0.2748841
  vertex 0.32988694 0.31215236 -0.2555573
 endloop
endfacet
facet normal -0.5965995 0.59402746 -0.5396299
 outer loop
  vertex -0.29022294 0.30572802 -0.3063907
  vertex -0.33125043 0.2840922 -0.28484872
  vertex -0.33131114 0.31064054 -0.25555703
 endloop
endfacet
facet normal -0.5965996 0.5940273 -0.53962994
 outer loop
  vertex -0.29022294 0.30572802 -0.3063907
  vertex -0.33131114 0.31064054 -0.25555703
  vertex -0.29028824 0.33428413 -0.2748838
 endloop
endfacet
facet normal 0.66985464 0.55084157 -0.4978638
 outer loop
  vertex 0.36789608 0.26140586 -0.26056406
  vertex 0.32994765 0.285604 -0.284849
  vertex 0.32988694 0.31215236 -0.2555573
 endloop
endfacet
facet normal 0.66985446 0.55084145 -0.49786413
 outer loop
  vertex 0.36789608 0.26140586 -0.26056406
  vertex 0.32988694 0.31215236 -0.2555573
  vertex 0.36784056 0.28569084 -0.23376963
 endloop
endfacet
facet normal -0.51509434 0.6345634 -0.5762007
 outer loop
  vertex -0.24640045 0.32441908 -0.32498154
  vertex -0.29022294 0.30572802 -0.3063907
  vertex -0.29028824 0.33428413 -0.2748838
 endloop
endfacet
facet normal -0.515094 0.63456374 -0.5762005
 outer loop
  vertex -0.24640045 0.32441908 -0.32498154
  vertex -0.29028824 0.33428413 -0.2748838
  vertex -0.24646968 0.3547079 -0.29156289
 endloop
endfacet
facet normal 0.73940855 0.49961287 -0.4512892
 outer loop
  vertex 0.40230152 0.23468992 -0.2337696
  vertex 0.36789608 0.26140586 -0.26056406
  vertex 0.36784056 0.28569084 -0.23376963
 endloop
endfacet
facet normal 0.73940825 0.49961263 -0.45129004
 outer loop
  vertex 0.40230152 0.23468992 -0.2337696
  vertex 0.36784056 0.28569084 -0.23376963
  vertex 0.40225172 0.25647762 -0.20973054
 endloop
endfacet
facet normal -0.4286658 0.66898084 -0.60721517
 outer loop
  vertex -0.20020494 0.3399861 -0.34044296
  vertex -0.24640045 0.32441908 -0.32498154
  vertex -0.24646968 0.3547079 -0.29156289
 endloop
endfacet
facet normal -0.4286657 0.66898096 -0.60721517
 outer loop
  vertex -0.20020494 0.3399861 -0.34044296
  vertex -0.24646968 0.3547079 -0.29156289
  vertex -0.20027748 0.3717159 -0.30543438
 endloop
endfacet
facet normal 0.80185 0.44356298 -0.40036035
 outer loop
  vertex 0.43283257 0.20571397 -0.2047241
  vertex 0.40230152 0.23468992 -0.2337696
  vertex 0.40225172 0.25647762 -0.20973054
 endloop
endfacet
facet normal 0.80185026 0.44356322 -0.4003595
 outer loop
  vertex 0.43283257 0.20571397 -0.2047241
  vertex 0.40225172 0.25647762 -0.20973054
  vertex 0.43278894 0.22479457 -0.18367186
 endloop
endfacet
facet normal -0.33812836 0.6969615 -0.6323875
 outer loop
  vertex -0.15208136 0.35227907 -0.3526257
  vertex -0.20020494 0.3399861 -0.34044296
  vertex -0.20027748 0.3717159 -0.30543438
 endloop
endfacet
facet normal -0.33812904 0.69696075 -0.6323879
 outer loop
  vertex -0.15208136 0.35227907 -0.3526257
  vertex -0.20027748 0.3717159 -0.30543438
  vertex -0.15215649 0.38514438 -0.31636435
 endloop
endfacet
facet normal 0.8565823 0.38322103 -0.34555522
 outer loop
  vertex 0.45919514 0.17475678 -0.17370659
  vertex 0.43283257 0.20571397 -0.2047241
  vertex 0.43278894 0.22479457 -0.18367186
 endloop
endfacet
facet normal 0.8565822 0.38322094 -0.34555545
 outer loop
  vertex 0.45919514 0.17475678 -0.17370659
  vertex 0.43278894 0.22479457 -0.18367186
  vertex 0.45915812 0.1909465 -0.15584394
 endloop
endfacet
facet normal -0.244348 0.7182397 -0.6514797
 outer loop
  vertex -0.1024932 0.3611791 -0.36141247
  vertex -0.15208136 0.35227907 -0.3526257
  vertex -0.15215649 0.38514438 -0.31636435
 endloop
endfacet
facet normal -0.24434783 0.71823984 -0.6514796
 outer loop
  vertex -0.1024932 0.3611791 -0.36141247
  vertex -0.15215649 0.38514438 -0.31636435
  vertex -0.102570206 0.39486337 -0.32424754
 endloop
endfacet
facet normal 0.9030631 0.3191742 -0.28741068
 outer loop
  vertex 0.48113546 0.14211649 -0.14101624
  vertex 0.45919514 0.17475678 -0.17370659
  vertex 0.45915812 0.1909465 -0.15584394
 endloop
endfacet
facet normal 0.90306306 0.31917417 -0.28741077
 outer loop
  vertex 0.48113546 0.14211649 -0.14101624
  vertex 0.45915812 0.1909465 -0.15584394
  vertex 0.48110542 0.15525942 -0.12651521
 endloop
endfacet
facet normal -0.14823197 0.7326134 -0.6643078
 outer loop
  vertex -0.05191793 0.36660084 -0.3667185
  vertex -0.1024932 0.3611791 -0.36141247
  vertex -0.102570206 0.39486337 -0.32424754
 endloop
endfacet
facet normal -0.14823142 0.7326139 -0.6643075
 outer loop
  vertex -0.05191793 0.36660084 -0.3667185
  vertex -0.102570206 0.39486337 -0.32424754
  vertex -0.051996063 0.4007796 -0.32900792
 endloop
endfacet
facet normal -0.98939717 0.10658766 -0.09865326
 outer loop
  vertex -0.51127744 0.07072057 -0.07188928
  vertex -0.5186996 0.03493271 -0.03611845
  vertex -0.5187073 0.038299024 -0.03240428
 endloop
endfacet
facet normal -0.9893971 0.106586374 -0.09865438
 outer loop
  vertex -0.51127744 0.07072057 -0.07188928
  vertex -0.5187073 0.038299024 -0.03240428
  vertex -0.51129276 0.07742079 -0.06449672
 endloop
endfacet
facet normal 0.94084054 0.25203905 -0.22648506
 outer loop
  vertex 0.4984422 0.10810789 -0.10696812
  vertex 0.48113546 0.14211649 -0.14101624
  vertex 0.48110542 0.15525942 -0.12651521
 endloop
endfacet
facet normal 0.94084054 0.2520393 -0.22648439
 outer loop
  vertex 0.4984422 0.10810789 -0.10696812
  vertex 0.48110542 0.15525942 -0.12651521
  vertex 0.4984194 0.11807748 -0.095968336
 endloop
endfacet
facet normal -0.05069977 0.739947 -0.67075175
 outer loop
  vertex -0.00084265205 0.368492 -0.36849284
  vertex -0.05191793 0.36660084 -0.3667185
  vertex -0.051996063 0.4007796 -0.32900792
 endloop
endfacet
facet normal -0.050699927 0.7399469 -0.6707518
 outer loop
  vertex -0.00084265205 0.368492 -0.36849284
  vertex -0.051996063 0.4007796 -0.32900792
  vertex -0.00092116435 0.40283614 -0.3305998
 endloop
endfacet
facet normal -0.904574 0.3416862 -0.2549442
 outer loop
  vertex -0.46002665 0.18884471 -0.15584351
  vertex -0.48181048 0.15305775 -0.12651484
  vertex -0.48183712 0.16471605 -0.1107954
 endloop
endfacet
facet normal -0.9045739 0.34168643 -0.25494406
 outer loop
  vertex -0.46002665 0.18884471 -0.15584351
  vertex -0.48183712 0.16471605 -0.1107954
  vertex -0.46005946 0.20320562 -0.13648002
 endloop
endfacet
facet normal 0.24092133 0.7797451 -0.577888
 outer loop
  vertex 0.15039349 0.38583615 -0.3163645
  vertex 0.10076322 0.39532828 -0.3242476
  vertex 0.10069491 0.4252075 -0.28396
 endloop
endfacet
facet normal 0.24092074 0.7797448 -0.57788855
 outer loop
  vertex 0.15039349 0.38583615 -0.3163645
  vertex 0.10069491 0.4252075 -0.28396
  vertex 0.15032685 0.414989 -0.27705637
 endloop
endfacet
facet normal -0.8583995 0.41133422 -0.30652
 outer loop
  vertex -0.4338125 0.22281313 -0.18367153
  vertex -0.46002665 0.18884471 -0.15584351
  vertex -0.46005946 0.20320562 -0.13648002
 endloop
endfacet
facet normal -0.8583997 0.41133365 -0.30652028
 outer loop
  vertex -0.4338125 0.22281313 -0.18367153
  vertex -0.46005946 0.20320562 -0.13648002
  vertex -0.43385118 0.23973837 -0.16085044
 endloop
endfacet
facet normal 0.33480248 0.75712514 -0.56095356
 outer loop
  vertex 0.19857533 0.37262806 -0.3054345
  vertex 0.15039349 0.38583615 -0.3163645
  vertex 0.15032685 0.414989 -0.27705637
 endloop
endfacet
facet normal 0.33480313 0.7571253 -0.56095284
 outer loop
  vertex 0.19857533 0.37262806 -0.3054345
  vertex 0.15032685 0.414989 -0.27705637
  vertex 0.19851099 0.40077367 -0.2674844
 endloop
endfacet
facet normal -0.8039555 0.47700655 -0.3551342
 outer loop
  vertex -0.4034205 0.25463548 -0.20973024
  vertex -0.4338125 0.22281313 -0.18367153
  vertex -0.43385118 0.23973837 -0.16085044
 endloop
endfacet
facet normal -0.80395555 0.47700638 -0.35513437
 outer loop
  vertex -0.4034205 0.25463548 -0.20973024
  vertex -0.43385118 0.23973837 -0.16085044
  vertex -0.4034647 0.27396202 -0.18367133
 endloop
endfacet
facet normal 0.42547384 0.72722524 -0.5386237
 outer loop
  vertex 0.24484478 0.35583135 -0.29156312
  vertex 0.19857533 0.37262806 -0.3054345
  vertex 0.19851099 0.40077367 -0.2674844
 endloop
endfacet
facet normal 0.42547348 0.7272251 -0.53862417
 outer loop
  vertex 0.24484478 0.35583135 -0.29156312
  vertex 0.19851099 0.40077367 -0.2674844
  vertex 0.24478336 0.38269874 -0.25533655
 endloop
endfacet
facet normal -0.74178153 0.5380625 -0.40031105
 outer loop
  vertex -0.36914334 0.28400576 -0.23376936
  vertex -0.4034205 0.25463548 -0.20973024
  vertex -0.4034647 0.27396202 -0.18367133
 endloop
endfacet
facet normal -0.7417814 0.5380627 -0.40031093
 outer loop
  vertex -0.36914334 0.28400576 -0.23376936
  vertex -0.4034647 0.27396202 -0.18367133
  vertex -0.36919257 0.3055475 -0.20472361
 endloop
endfacet
facet normal 0.51206523 0.6903281 -0.5111128
 outer loop
  vertex 0.2887563 0.33560807 -0.2748841
  vertex 0.24484478 0.35583135 -0.29156312
  vertex 0.24478336 0.38269874 -0.25533655
 endloop
endfacet
facet normal 0.5120654 0.69032824 -0.51111245
 outer loop
  vertex 0.2887563 0.33560807 -0.2748841
  vertex 0.24478336 0.38269874 -0.25533655
  vertex 0.2886984 0.36093846 -0.24072991
 endloop
endfacet
facet normal -0.6724719 0.5939268 -0.44162494
 outer loop
  vertex -0.33131114 0.31064054 -0.25555703
  vertex -0.36914334 0.28400576 -0.23376936
  vertex -0.36919257 0.3055475 -0.20472361
 endloop
endfacet
facet normal -0.6724719 0.5939267 -0.44162497
 outer loop
  vertex -0.33131114 0.31064054 -0.25555703
  vertex -0.36919257 0.3055475 -0.20472361
  vertex -0.33136496 0.33419 -0.22380418
 endloop
endfacet
facet normal 0.593762 0.64677554 -0.47867322
 outer loop
  vertex 0.32988694 0.31215236 -0.2555573
  vertex 0.2887563 0.33560807 -0.2748841
  vertex 0.2886984 0.36093846 -0.24072991
 endloop
endfacet
facet normal 0.5937617 0.6467755 -0.47867382
 outer loop
  vertex 0.32988694 0.31215236 -0.2555573
  vertex 0.2886984 0.36093846 -0.24072991
  vertex 0.32983312 0.33570182 -0.22380444
 endloop
endfacet
facet normal -0.59671384 0.6440534 -0.4786729
 outer loop
  vertex -0.29028824 0.33428413 -0.2748838
  vertex -0.33131114 0.31064054 -0.25555703
  vertex -0.33136496 0.33419 -0.22380418
 endloop
endfacet
facet normal -0.596714 0.6440532 -0.47867295
 outer loop
  vertex -0.29028824 0.33428413 -0.2748838
  vertex -0.33136496 0.33419 -0.22380418
  vertex -0.29034615 0.35961452 -0.24072964
 endloop
endfacet
facet normal 0.6697488 0.5969952 -0.44162557
 outer loop
  vertex 0.36784056 0.28569084 -0.23376963
  vertex 0.32988694 0.31215236 -0.2555573
  vertex 0.32983312 0.33570182 -0.22380444
 endloop
endfacet
facet normal 0.66974884 0.5969953 -0.44162562
 outer loop
  vertex 0.36784056 0.28569084 -0.23376963
  vertex 0.32983312 0.33570182 -0.22380444
  vertex 0.36779132 0.3072326 -0.20472388
 endloop
endfacet
facet normal -0.5152161 0.6879797 -0.51111287
 outer loop
  vertex -0.24646968 0.3547079 -0.29156289
  vertex -0.29028824 0.33428413 -0.2748838
  vertex -0.29034615 0.35961452 -0.24072964
 endloop
endfacet
facet normal -0.5152161 0.68797964 -0.5111128
 outer loop
  vertex -0.24646968 0.3547079 -0.29156289
  vertex -0.29034615 0.35961452 -0.24072964
  vertex -0.2465311 0.3815753 -0.2553363
 endloop
endfacet
facet normal 0.73931265 0.54144907 -0.400312
 outer loop
  vertex 0.40225172 0.25647762 -0.20973054
  vertex 0.36784056 0.28569084 -0.23376963
  vertex 0.36779132 0.3072326 -0.20472388
 endloop
endfacet
facet normal 0.7393131 0.5414493 -0.4003109
 outer loop
  vertex 0.40225172 0.25647762 -0.20973054
  vertex 0.36779132 0.3072326 -0.20472388
  vertex 0.40220752 0.27580416 -0.18367162
 endloop
endfacet
facet normal -0.4287943 0.725272 -0.5386241
 outer loop
  vertex -0.20027748 0.3717159 -0.30543438
  vertex -0.24646968 0.3547079 -0.29156289
  vertex -0.2465311 0.3815753 -0.2553363
 endloop
endfacet
facet normal -0.42879453 0.72527176 -0.5386243
 outer loop
  vertex -0.20027748 0.3717159 -0.30543438
  vertex -0.2465311 0.3815753 -0.2553363
  vertex -0.20034182 0.39986154 -0.2674843
 endloop
endfacet
facet normal 0.80176556 0.48067835 -0.3551343
 outer loop
  vertex 0.43278894 0.22479457 -0.18367186
  vertex 0.40225172 0.25647762 -0.20973054
  vertex 0.40220752 0.27580416 -0.18367162
 endloop
endfacet
facet normal 0.80176514 0.48067814 -0.35513547
 outer loop
  vertex 0.43278894 0.22479457 -0.18367186
  vertex 0.40220752 0.27580416 -0.18367162
  vertex 0.43275025 0.24171981 -0.16085076
 endloop
endfacet
facet normal -0.33826333 0.7555856 -0.560953
 outer loop
  vertex -0.15215649 0.38514438 -0.31636435
  vertex -0.20027748 0.3717159 -0.30543438
  vertex -0.20034182 0.39986154 -0.2674843
 endloop
endfacet
facet normal -0.33826318 0.75558573 -0.56095296
 outer loop
  vertex -0.15215649 0.38514438 -0.31636435
  vertex -0.20034182 0.39986154 -0.2674843
  vertex -0.15222313 0.41429722 -0.27705622
 endloop
endfacet
facet normal 0.85650903 0.41525516 -0.30652174
 outer loop
  vertex 0.45915812 0.1909465 -0.15584394
  vertex 0.43278894 0.22479457 -0.18367186
  vertex 0.43275025 0.24171981 -0.16085076
 endloop
endfacet
facet normal 0.856509 0.41525516 -0.30652153
 outer loop
  vertex 0.45915812 0.1909465 -0.15584394
  vertex 0.43275025 0.24171981 -0.16085076
  vertex 0.4591253 0.20530741 -0.13648042
 endloop
endfacet
facet normal -0.24448578 0.7786347 -0.5778882
 outer loop
  vertex -0.102570206 0.39486337 -0.32424754
  vertex -0.15215649 0.38514438 -0.31636435
  vertex -0.15222313 0.41429722 -0.27705622
 endloop
endfacet
facet normal -0.24448527 0.77863514 -0.57788783
 outer loop
  vertex -0.102570206 0.39486337 -0.32424754
  vertex -0.15222313 0.41429722 -0.27705622
  vertex -0.10263851 0.42474258 -0.28395995
 endloop
endfacet
facet normal 0.90300214 0.34581813 -0.25494495
 outer loop
  vertex 0.48110542 0.15525942 -0.12651521
  vertex 0.45915812 0.1909465 -0.15584394
  vertex 0.4591253 0.20530741 -0.13648042
 endloop
endfacet
facet normal 0.9030022 0.3458181 -0.2549449
 outer loop
  vertex 0.48110542 0.15525942 -0.12651521
  vertex 0.4591253 0.20530741 -0.13648042
  vertex 0.48107877 0.16691771 -0.11079577
 endloop
endfacet
facet normal -0.14837226 0.7941978 -0.5892669
 outer loop
  vertex -0.051996063 0.4007796 -0.32900792
  vertex -0.102570206 0.39486337 -0.32424754
  vertex -0.10263851 0.42474258 -0.28395995
 endloop
endfacet
facet normal -0.14837295 0.7941974 -0.58926743
 outer loop
  vertex -0.051996063 0.4007796 -0.32900792
  vertex -0.10263851 0.42474258 -0.28395995
  vertex -0.05206537 0.43109754 -0.28812885
 endloop
endfacet
facet normal -0.9894179 0.115736045 -0.08750535
 outer loop
  vertex -0.51129276 0.07742079 -0.06449672
  vertex -0.5187073 0.038299024 -0.03240428
  vertex -0.5187141 0.04128508 -0.028378045
 endloop
endfacet
facet normal -0.98941815 0.11573145 -0.08750998
 outer loop
  vertex -0.51129276 0.07742079 -0.06449672
  vertex -0.5187141 0.04128508 -0.028378045
  vertex -0.51130635 0.08336415 -0.05648301
 endloop
endfacet
facet normal 0.94079256 0.2730348 -0.20090128
 outer loop
  vertex 0.4984194 0.11807748 -0.095968336
  vertex 0.48110542 0.15525942 -0.12651521
  vertex 0.48107877 0.16691771 -0.11079577
 endloop
endfacet
facet normal 0.94079256 0.27303484 -0.2009012
 outer loop
  vertex 0.4984194 0.11807748 -0.095968336
  vertex 0.48107877 0.16691771 -0.11079577
  vertex 0.4983992 0.12692088 -0.08404433
 endloop
endfacet
facet normal -0.05084214 0.802128 -0.5949839
 outer loop
  vertex -0.00092116435 0.40283614 -0.3305998
  vertex -0.051996063 0.4007796 -0.32900792
  vertex -0.05206537 0.43109754 -0.28812885
 endloop
endfacet
facet normal -0.050841175 0.8021286 -0.5949831
 outer loop
  vertex -0.00092116435 0.40283614 -0.3305998
  vertex -0.05206537 0.43109754 -0.28812885
  vertex -0.0009908051 0.43330073 -0.28952292
 endloop
endfacet
facet normal -0.97040653 0.19316594 -0.14490698
 outer loop
  vertex -0.49895424 0.11579701 -0.09596795
  vertex -0.51129276 0.07742079 -0.06449672
  vertex -0.51130635 0.08336415 -0.05648301
 endloop
endfacet
facet normal -0.9704065 0.19316684 -0.14490622
 outer loop
  vertex -0.49895424 0.11579701 -0.09596795
  vertex -0.51130635 0.08336415 -0.05648301
  vertex -0.49897444 0.12464043 -0.08404394
 endloop
endfacet
facet normal 0.9695129 0.1976018 -0.14490783
 outer loop
  vertex 0.51093334 0.07975805 -0.06449707
  vertex 0.4984194 0.11807748 -0.095968336
  vertex 0.4983992 0.12692088 -0.08404433
 endloop
endfacet
facet normal 0.9695128 0.19760211 -0.14490719
 outer loop
  vertex 0.51093334 0.07975805 -0.06449707
  vertex 0.4983992 0.12692088 -0.08404433
  vertex 0.51091975 0.0857014 -0.056483366
 endloop
endfacet
facet normal 0.047172785 0.8023527 -0.59498304
 outer loop
  vertex 0.05016254 0.4010132 -0.32900798
  vertex -0.00092116435 0.40283614 -0.3305998
  vertex -0.0009908051 0.43330073 -0.28952292
 endloop
endfacet
facet normal 0.04717182 0.8023521 -0.59498394
 outer loop
  vertex 0.05016254 0.4010132 -0.32900798
  vertex -0.0009908051 0.43330073 -0.28952292
  vertex 0.050093234 0.43133113 -0.2881289
 endloop
endfacet
facet normal -0.94203144 0.26873046 -0.20089974
 outer loop
  vertex -0.48181048 0.15305775 -0.12651484
  vertex -0.49895424 0.11579701 -0.09596795
  vertex -0.49897444 0.12464043 -0.08404394
 endloop
endfacet
facet normal -0.9420315 0.26873013 -0.20089997
 outer loop
  vertex -0.48181048 0.15305775 -0.12651484
  vertex -0.49897444 0.12464043 -0.08404394
  vertex -0.48183712 0.16471605 -0.1107954
 endloop
endfacet
facet normal 0.9888785 0.12025532 -0.087510206
 outer loop
  vertex 0.5185267 0.04067062 -0.03240466
  vertex 0.51093334 0.07975805 -0.06449707
  vertex 0.51091975 0.0857014 -0.056483366
 endloop
endfacet
facet normal 0.98887837 0.12025229 -0.087515965
 outer loop
  vertex 0.5185267 0.04067062 -0.03240466
  vertex 0.51091975 0.0857014 -0.056483366
  vertex 0.5185199 0.043656673 -0.028378421
 endloop
endfacet
facet normal 0.14473902 0.7948676 -0.5892676
 outer loop
  vertex 0.10076322 0.39532828 -0.3242476
  vertex 0.05016254 0.4010132 -0.32900798
  vertex 0.050093234 0.43133113 -0.2881289
 endloop
endfacet
facet normal 0.1447397 0.7948679 -0.58926696
 outer loop
  vertex 0.10076322 0.39532828 -0.3242476
  vertex 0.050093234 0.43133113 -0.2881289
  vertex 0.10069491 0.4252075 -0.28396
 endloop
endfacet
facet normal -0.80403 0.5095098 -0.30648923
 outer loop
  vertex -0.4034647 0.27396202 -0.18367133
  vertex -0.43385118 0.23973837 -0.16085044
  vertex -0.43388456 0.25434527 -0.13648027
 endloop
endfacet
facet normal -0.80402994 0.5095098 -0.3064892
 outer loop
  vertex -0.4034647 0.27396202 -0.18367133
  vertex -0.43388456 0.25434527 -0.13648027
  vertex -0.40350282 0.2906413 -0.15584357
 endloop
endfacet
facet normal 0.4253609 0.7765222 -0.46484554
 outer loop
  vertex 0.24478336 0.38269874 -0.25533655
  vertex 0.19851099 0.40077367 -0.2674844
  vertex 0.19845547 0.425064 -0.22695833
 endloop
endfacet
facet normal 0.42536107 0.7765223 -0.4648454
 outer loop
  vertex 0.24478336 0.38269874 -0.25533655
  vertex 0.19845547 0.425064 -0.22695833
  vertex 0.24473035 0.40588593 -0.21665095
 endloop
endfacet
facet normal -0.7418653 0.5747008 -0.345478
 outer loop
  vertex -0.36919257 0.3055475 -0.20472361
  vertex -0.4034647 0.27396202 -0.18367133
  vertex -0.40350282 0.2906413 -0.15584357
 endloop
endfacet
facet normal -0.7418652 0.5747007 -0.34547797
 outer loop
  vertex -0.36919257 0.3055475 -0.20472361
  vertex -0.40350282 0.2906413 -0.15584357
  vertex -0.36923507 0.32413855 -0.17370625
 endloop
endfacet
facet normal 0.5119586 0.7371072 -0.44110233
 outer loop
  vertex 0.2886984 0.36093846 -0.24072991
  vertex 0.24478336 0.38269874 -0.25533655
  vertex 0.24473035 0.40588593 -0.21665095
 endloop
endfacet
facet normal 0.5119581 0.7371072 -0.441103
 outer loop
  vertex 0.2886984 0.36093846 -0.24072991
  vertex 0.24473035 0.40588593 -0.21665095
  vertex 0.28864846 0.3827992 -0.20425738
 endloop
endfacet
facet normal -0.67256415 0.6343461 -0.381133
 outer loop
  vertex -0.33136496 0.33419 -0.22380418
  vertex -0.36919257 0.3055475 -0.20472361
  vertex -0.36923507 0.32413855 -0.17370625
 endloop
endfacet
facet normal -0.67256397 0.6343466 -0.38113275
 outer loop
  vertex -0.33136496 0.33419 -0.22380418
  vertex -0.36923507 0.32413855 -0.17370625
  vertex -0.33141142 0.35451373 -0.18989596
 endloop
endfacet
facet normal 0.5936614 0.6905856 -0.41310725
 outer loop
  vertex 0.32983312 0.33570182 -0.22380444
  vertex 0.2886984 0.36093846 -0.24072991
  vertex 0.28864846 0.3827992 -0.20425738
 endloop
endfacet
facet normal 0.593662 0.69058573 -0.41310605
 outer loop
  vertex 0.32983312 0.33570182 -0.22380444
  vertex 0.28864846 0.3827992 -0.20425738
  vertex 0.32978666 0.35602555 -0.18989623
 endloop
endfacet
facet normal -0.5968141 0.6878637 -0.41310576
 outer loop
  vertex -0.29034615 0.35961452 -0.24072964
  vertex -0.33136496 0.33419 -0.22380418
  vertex -0.33141142 0.35451373 -0.18989596
 endloop
endfacet
facet normal -0.5968142 0.6878636 -0.4131059
 outer loop
  vertex -0.29034615 0.35961452 -0.24072964
  vertex -0.33141142 0.35451373 -0.18989596
  vertex -0.2903961 0.38147527 -0.2042571
 endloop
endfacet
facet normal 0.6696563 0.6374152 -0.38113287
 outer loop
  vertex 0.36779132 0.3072326 -0.20472388
  vertex 0.32983312 0.33570182 -0.22380444
  vertex 0.32978666 0.35602555 -0.18989623
 endloop
endfacet
facet normal 0.66965604 0.6374152 -0.38113347
 outer loop
  vertex 0.36779132 0.3072326 -0.20472388
  vertex 0.32978666 0.35602555 -0.18989623
  vertex 0.36774883 0.32582363 -0.17370652
 endloop
endfacet
facet normal -0.5153231 0.73475903 -0.4411023
 outer loop
  vertex -0.2465311 0.3815753 -0.2553363
  vertex -0.29034615 0.35961452 -0.24072964
  vertex -0.2903961 0.38147527 -0.2042571
 endloop
endfacet
facet normal -0.51532334 0.7347587 -0.44110256
 outer loop
  vertex -0.2465311 0.3815753 -0.2553363
  vertex -0.2903961 0.38147527 -0.2042571
  vertex -0.2465841 0.40476248 -0.21665074
 endloop
endfacet
facet normal 0.7392294 0.57808703 -0.34547836
 outer loop
  vertex 0.40220752 0.27580416 -0.18367162
  vertex 0.36779132 0.3072326 -0.20472388
  vertex 0.36774883 0.32582363 -0.17370652
 endloop
endfacet
facet normal 0.73922914 0.57808703 -0.34547886
 outer loop
  vertex 0.40220752 0.27580416 -0.18367162
  vertex 0.36774883 0.32582363 -0.17370652
  vertex 0.4021694 0.29248345 -0.15584387
 endloop
endfacet
facet normal -0.42890716 0.7745691 -0.46484548
 outer loop
  vertex -0.20034182 0.39986154 -0.2674843
  vertex -0.2465311 0.3815753 -0.2553363
  vertex -0.2465841 0.40476248 -0.21665074
 endloop
endfacet
facet normal -0.42890686 0.7745694 -0.46484524
 outer loop
  vertex -0.20034182 0.39986154 -0.2674843
  vertex -0.2465841 0.40476248 -0.21665074
  vertex -0.20039734 0.42415187 -0.22695823
 endloop
endfacet
facet normal 0.80169094 0.51318145 -0.3064905
 outer loop
  vertex 0.43275025 0.24171981 -0.16085076
  vertex 0.40220752 0.27580416 -0.18367162
  vertex 0.4021694 0.29248345 -0.15584387
 endloop
endfacet
facet normal 0.80169094 0.5131814 -0.3064906
 outer loop
  vertex 0.43275025 0.24171981 -0.16085076
  vertex 0.4021694 0.29248345 -0.15584387
  vertex 0.43271688 0.2563267 -0.1364806
 endloop
endfacet
facet normal -0.3383808 0.80692667 -0.4841154
 outer loop
  vertex -0.15222313 0.41429722 -0.27705622
  vertex -0.20034182 0.39986154 -0.2674843
  vertex -0.20039734 0.42415187 -0.22695823
 endloop
endfacet
facet normal -0.33838043 0.8069271 -0.4841151
 outer loop
  vertex -0.15222313 0.41429722 -0.27705622
  vertex -0.20039734 0.42415187 -0.22695823
  vertex -0.15228064 0.43945676 -0.23507988
 endloop
endfacet
facet normal 0.85644484 0.4433092 -0.26453587
 outer loop
  vertex 0.4591253 0.20530741 -0.13648042
  vertex 0.43275025 0.24171981 -0.16085076
  vertex 0.43271688 0.2563267 -0.1364806
 endloop
endfacet
facet normal 0.8564451 0.44330922 -0.2645352
 outer loop
  vertex 0.4591253 0.20530741 -0.13648042
  vertex 0.43271688 0.2563267 -0.1364806
  vertex 0.45909697 0.21770124 -0.11580254
 endloop
endfacet
facet normal -0.24460596 0.8315261 -0.49873057
 outer loop
  vertex -0.10263851 0.42474258 -0.28395995
  vertex -0.15222313 0.41429722 -0.27705622
  vertex -0.15228064 0.43945676 -0.23507988
 endloop
endfacet
facet normal -0.2446067 0.83152556 -0.49873123
 outer loop
  vertex -0.10263851 0.42474258 -0.28395995
  vertex -0.15228064 0.43945676 -0.23507988
  vertex -0.10269745 0.4505291 -0.24093765
 endloop
endfacet
facet normal 0.9029488 0.36915195 -0.22002333
 outer loop
  vertex 0.48107877 0.16691771 -0.11079577
  vertex 0.4591253 0.20530741 -0.13648042
  vertex 0.45909697 0.21770124 -0.11580254
 endloop
endfacet
facet normal 0.9029489 0.36915207 -0.22002289
 outer loop
  vertex 0.48107877 0.16691771 -0.11079577
  vertex 0.45909697 0.21770124 -0.11580254
  vertex 0.48105577 0.1769791 -0.09400931
 endloop
endfacet
facet normal -0.14849637 0.84812975 -0.50855166
 outer loop
  vertex -0.05206537 0.43109754 -0.28812885
  vertex -0.10263851 0.42474258 -0.28395995
  vertex -0.10269745 0.4505291 -0.24093765
 endloop
endfacet
facet normal -0.14849597 0.84813 -0.50855136
 outer loop
  vertex -0.05206537 0.43109754 -0.28812885
  vertex -0.10269745 0.4505291 -0.24093765
  vertex -0.05212518 0.4572626 -0.24447493
 endloop
endfacet
facet normal -0.98943645 0.12373986 -0.075524524
 outer loop
  vertex -0.51130635 0.08336415 -0.05648301
  vertex -0.5187141 0.04128508 -0.028378045
  vertex -0.51872 0.043862116 -0.024078505
 endloop
endfacet
facet normal -0.9894364 0.123740025 -0.07552432
 outer loop
  vertex -0.51130635 0.08336415 -0.05648301
  vertex -0.51872 0.043862116 -0.024078505
  vertex -0.5113181 0.08849341 -0.04792534
 endloop
endfacet
facet normal 0.94075054 0.2914226 -0.17338197
 outer loop
  vertex 0.4983992 0.12692088 -0.08404433
  vertex 0.48107877 0.16691771 -0.11079577
  vertex 0.48105577 0.1769791 -0.09400931
 endloop
endfacet
facet normal 0.9407504 0.29142222 -0.17338352
 outer loop
  vertex 0.4983992 0.12692088 -0.08404433
  vertex 0.48105577 0.1769791 -0.09400931
  vertex 0.49838176 0.13455297 -0.07131094
 endloop
endfacet
facet normal -0.050965738 0.8565839 -0.5134848
 outer loop
  vertex -0.0009908051 0.43330073 -0.28952292
  vertex -0.05206537 0.43109754 -0.28812885
  vertex -0.05212518 0.4572626 -0.24447493
 endloop
endfacet
facet normal -0.0509652 0.85658413 -0.5134843
 outer loop
  vertex -0.0009908051 0.43330073 -0.28952292
  vertex -0.05212518 0.4572626 -0.24447493
  vertex -0.0010509036 0.45959237 -0.24565777
 endloop
endfacet
facet normal -0.9704368 0.20642804 -0.12505935
 outer loop
  vertex -0.49897444 0.12464043 -0.08404394
  vertex -0.51130635 0.08336415 -0.05648301
  vertex -0.5113181 0.08849341 -0.04792534
 endloop
endfacet
facet normal -0.9704367 0.20642985 -0.12505743
 outer loop
  vertex -0.49897444 0.12464043 -0.08404394
  vertex -0.5113181 0.08849341 -0.04792534
  vertex -0.49899188 0.1322725 -0.07131055
 endloop
endfacet
facet normal 0.96948266 0.21086389 -0.1250594
 outer loop
  vertex 0.51091975 0.0857014 -0.056483366
  vertex 0.4983992 0.12692088 -0.08404433
  vertex 0.49838176 0.13455297 -0.07131094
 endloop
endfacet
facet normal 0.96948284 0.21086462 -0.1250571
 outer loop
  vertex 0.51091975 0.0857014 -0.056483366
  vertex 0.49838176 0.13455297 -0.07131094
  vertex 0.510908 0.09083066 -0.0479257
 endloop
endfacet
facet normal 0.047047444 0.8568082 -0.51348436
 outer loop
  vertex 0.050093234 0.43133113 -0.2881289
  vertex -0.0009908051 0.43330073 -0.28952292
  vertex -0.0010509036 0.45959237 -0.24565777
 endloop
endfacet
facet normal 0.047047205 0.8568081 -0.51348454
 outer loop
  vertex 0.050093234 0.43133113 -0.2881289
  vertex -0.0010509036 0.45959237 -0.24565777
  vertex 0.050033424 0.4574962 -0.24447496
 endloop
endfacet
facet normal -0.94207346 0.28711775 -0.1733809
 outer loop
  vertex -0.48183712 0.16471605 -0.1107954
  vertex -0.49897444 0.12464043 -0.08404394
  vertex -0.49899188 0.1322725 -0.07131055
 endloop
endfacet
facet normal -0.94207364 0.28711674 -0.17338176
 outer loop
  vertex -0.48183712 0.16471605 -0.1107954
  vertex -0.49899188 0.1322725 -0.07131055
  vertex -0.48186013 0.17477743 -0.09400894
 endloop
endfacet
facet normal 0.9888601 0.12826584 -0.07552268
 outer loop
  vertex 0.5185199 0.043656673 -0.028378421
  vertex 0.51091975 0.0857014 -0.056483366
  vertex 0.510908 0.09083066 -0.0479257
 endloop
endfacet
facet normal 0.9888601 0.128266 -0.07552224
 outer loop
  vertex 0.5185199 0.043656673 -0.028378421
  vertex 0.510908 0.09083066 -0.0479257
  vertex 0.518514 0.04623371 -0.024078881
 endloop
endfacet
facet normal 0.14461651 0.84880024 -0.5085512
 outer loop
  vertex 0.10069491 0.4252075 -0.28396
  vertex 0.050093234 0.43133113 -0.2881289
  vertex 0.050033424 0.4574962 -0.24447496
 endloop
endfacet
facet normal 0.14461549 0.84879977 -0.50855213
 outer loop
  vertex 0.10069491 0.4252075 -0.28396
  vertex 0.050033424 0.4574962 -0.24447496
  vertex 0.100635976 0.450994 -0.24093774
 endloop
endfacet
facet normal -0.9046272 0.36501962 -0.22002342
 outer loop
  vertex -0.46005946 0.20320562 -0.13648002
  vertex -0.48183712 0.16471605 -0.1107954
  vertex -0.48186013 0.17477743 -0.09400894
 endloop
endfacet
facet normal -0.9046272 0.36501965 -0.22002338
 outer loop
  vertex -0.46005946 0.20320562 -0.13648002
  vertex -0.48186013 0.17477743 -0.09400894
  vertex -0.4600878 0.21559942 -0.115802124
 endloop
endfacet
facet normal 0.24079975 0.8326356 -0.49873194
 outer loop
  vertex 0.15032685 0.414989 -0.27705637
  vertex 0.10069491 0.4252075 -0.28396
  vertex 0.100635976 0.450994 -0.24093774
 endloop
endfacet
facet normal 0.2408009 0.83263594 -0.4987307
 outer loop
  vertex 0.15032685 0.414989 -0.27705637
  vertex 0.100635976 0.450994 -0.24093774
  vertex 0.15026933 0.44014853 -0.23508003
 endloop
endfacet
facet normal -0.8584637 0.4393877 -0.2645344
 outer loop
  vertex -0.43385118 0.23973837 -0.16085044
  vertex -0.46005946 0.20320562 -0.13648002
  vertex -0.4600878 0.21559942 -0.115802124
 endloop
endfacet
facet normal -0.8584637 0.43938774 -0.26453426
 outer loop
  vertex -0.43385118 0.23973837 -0.16085044
  vertex -0.4600878 0.21559942 -0.115802124
  vertex -0.43388456 0.25434527 -0.13648027
 endloop
endfacet
facet normal 0.33468574 0.8084663 -0.48411536
 outer loop
  vertex 0.19851099 0.40077367 -0.2674844
  vertex 0.15032685 0.414989 -0.27705637
  vertex 0.15026933 0.44014853 -0.23508003
 endloop
endfacet
facet normal 0.33468506 0.8084661 -0.48411614
 outer loop
  vertex 0.19851099 0.40077367 -0.2674844
  vertex 0.15026933 0.44014853 -0.23508003
  vertex 0.19845547 0.425064 -0.22695833
 endloop
endfacet
facet normal -0.6726422 0.6686425 -0.3169695
 outer loop
  vertex -0.33141142 0.35451373 -0.18989596
  vertex -0.36923507 0.32413855 -0.17370625
  vertex -0.3692704 0.3395998 -0.14101599
 endloop
endfacet
facet normal -0.67264265 0.66864175 -0.31697005
 outer loop
  vertex -0.33141142 0.35451373 -0.18989596
  vertex -0.3692704 0.3395998 -0.14101599
  vertex -0.33145005 0.37141603 -0.15415895
 endloop
endfacet
facet normal 0.593577 0.72775817 -0.34356147
 outer loop
  vertex 0.32978666 0.35602555 -0.18989623
  vertex 0.28864846 0.3827992 -0.20425738
  vertex 0.28860688 0.4009798 -0.16581772
 endloop
endfacet
facet normal 0.593577 0.7277581 -0.34356147
 outer loop
  vertex 0.32978666 0.35602555 -0.18989623
  vertex 0.28860688 0.4009798 -0.16581772
  vertex 0.32974803 0.37292784 -0.15415922
 endloop
endfacet
facet normal -0.59689915 0.72503614 -0.3435607
 outer loop
  vertex -0.2903961 0.38147527 -0.2042571
  vertex -0.33141142 0.35451373 -0.18989596
  vertex -0.33145005 0.37141603 -0.15415895
 endloop
endfacet
facet normal -0.5968997 0.7250353 -0.34356135
 outer loop
  vertex -0.2903961 0.38147527 -0.2042571
  vertex -0.33145005 0.37141603 -0.15415895
  vertex -0.29043767 0.39965585 -0.16581745
 endloop
endfacet
facet normal 0.6695776 0.6717108 -0.31697097
 outer loop
  vertex 0.36774883 0.32582363 -0.17370652
  vertex 0.32978666 0.35602555 -0.18989623
  vertex 0.32974803 0.37292784 -0.15415922
 endloop
endfacet
facet normal 0.6695783 0.6717107 -0.31696942
 outer loop
  vertex 0.36774883 0.32582363 -0.17370652
  vertex 0.32974803 0.37292784 -0.15415922
  vertex 0.36771348 0.34128487 -0.14101626
 endloop
endfacet
facet normal -0.51541424 0.77445024 -0.36684474
 outer loop
  vertex -0.2465841 0.40476248 -0.21665074
  vertex -0.2903961 0.38147527 -0.2042571
  vertex -0.29043767 0.39965585 -0.16581745
 endloop
endfacet
facet normal -0.5154138 0.7744506 -0.36684433
 outer loop
  vertex -0.2465841 0.40476248 -0.21665074
  vertex -0.29043767 0.39965585 -0.16581745
  vertex -0.24662818 0.4240462 -0.17587867
 endloop
endfacet
facet normal 0.73915815 0.60917497 -0.28731722
 outer loop
  vertex 0.4021694 0.29248345 -0.15584387
  vertex 0.36774883 0.32582363 -0.17370652
  vertex 0.36771348 0.34128487 -0.14101626
 endloop
endfacet
facet normal 0.7391577 0.60917497 -0.28731835
 outer loop
  vertex 0.4021694 0.29248345 -0.15584387
  vertex 0.36771348 0.34128487 -0.14101626
  vertex 0.4021377 0.30635482 -0.12651524
 endloop
endfacet
facet normal -0.42900229 0.8163975 -0.38659027
 outer loop
  vertex -0.20039734 0.42415187 -0.22695823
  vertex -0.2465841 0.40476248 -0.21665074
  vertex -0.24662818 0.4240462 -0.17587867
 endloop
endfacet
facet normal -0.4290023 0.81639755 -0.38659027
 outer loop
  vertex -0.20039734 0.42415187 -0.22695823
  vertex -0.24662818 0.4240462 -0.17587867
  vertex -0.20044352 0.444353 -0.1842464
 endloop
endfacet
facet normal 0.801628 0.54076046 -0.25489327
 outer loop
  vertex 0.43271688 0.2563267 -0.1364806
  vertex 0.4021694 0.29248345 -0.15584387
  vertex 0.4021377 0.30635482 -0.12651524
 endloop
endfacet
facet normal 0.80162805 0.5407605 -0.25489318
 outer loop
  vertex 0.43271688 0.2563267 -0.1364806
  vertex 0.4021377 0.30635482 -0.12651524
  vertex 0.4326891 0.26847458 -0.11079603
 endloop
endfacet
facet normal -0.33848023 0.8504888 -0.40261635
 outer loop
  vertex -0.15228064 0.43945676 -0.23507988
  vertex -0.20039734 0.42415187 -0.22695823
  vertex -0.20044352 0.444353 -0.1842464
 endloop
endfacet
facet normal -0.33847976 0.8504892 -0.40261596
 outer loop
  vertex -0.15228064 0.43945676 -0.23507988
  vertex -0.20044352 0.444353 -0.1842464
  vertex -0.15232846 0.4603808 -0.19083959
 endloop
endfacet
facet normal 0.8563906 0.46711305 -0.22000144
 outer loop
  vertex 0.45909697 0.21770124 -0.11580254
  vertex 0.43271688 0.2563267 -0.1364806
  vertex 0.4326891 0.26847458 -0.11079603
 endloop
endfacet
facet normal 0.85639066 0.46711305 -0.2200011
 outer loop
  vertex 0.45909697 0.21770124 -0.11580254
  vertex 0.4326891 0.26847458 -0.11079603
  vertex 0.4590734 0.2280086 -0.09400941
 endloop
endfacet
facet normal -0.24470916 0.8764032 -0.41477096
 outer loop
  vertex -0.10269745 0.4505291 -0.24093765
  vertex -0.15228064 0.43945676 -0.23507988
  vertex -0.15232846 0.4603808 -0.19083959
 endloop
endfacet
facet normal -0.24470904 0.8764033 -0.41477084
 outer loop
  vertex -0.10269745 0.4505291 -0.24093765
  vertex -0.15232846 0.4603808 -0.19083959
  vertex -0.10274647 0.4719745 -0.195595
 endloop
endfacet
facet normal 0.9029036 0.3889504 -0.18298265
 outer loop
  vertex 0.48105577 0.1769791 -0.09400931
  vertex 0.45909697 0.21770124 -0.11580254
  vertex 0.4590734 0.2280086 -0.09400941
 endloop
endfacet
facet normal 0.9029034 0.3889503 -0.18298429
 outer loop
  vertex 0.48105577 0.1769791 -0.09400931
  vertex 0.4590734 0.2280086 -0.09400941
  vertex 0.48103666 0.18534668 -0.07631749
 endloop
endfacet
facet normal -0.14860067 0.89389104 -0.42293805
 outer loop
  vertex -0.05212518 0.4572626 -0.24447493
  vertex -0.10269745 0.4505291 -0.24093765
  vertex -0.10274647 0.4719745 -0.195595
 endloop
endfacet
facet normal -0.14860012 0.89389145 -0.42293754
 outer loop
  vertex -0.05212518 0.4572626 -0.24447493
  vertex -0.10274647 0.4719745 -0.195595
  vertex -0.052174915 0.47902283 -0.19846655
 endloop
endfacet
facet normal -0.98945206 0.13053767 -0.062806815
 outer loop
  vertex -0.5113181 0.08849341 -0.04792534
  vertex -0.51872 0.043862116 -0.024078505
  vertex -0.51872486 0.046005316 -0.019547079
 endloop
endfacet
facet normal -0.98945194 0.13053839 -0.06280576
 outer loop
  vertex -0.5113181 0.08849341 -0.04792534
  vertex -0.51872486 0.046005316 -0.019547079
  vertex -0.5113278 0.09275917 -0.038906116
 endloop
endfacet
facet normal 0.9407148 0.3070237 -0.1441952
 outer loop
  vertex 0.49838176 0.13455297 -0.07131094
  vertex 0.48105577 0.1769791 -0.09400931
  vertex 0.48103666 0.18534668 -0.07631749
 endloop
endfacet
facet normal 0.9407149 0.30702388 -0.14419368
 outer loop
  vertex 0.49838176 0.13455297 -0.07131094
  vertex 0.48103666 0.18534668 -0.07631749
  vertex 0.49836725 0.14090021 -0.057890788
 endloop
endfacet
facet normal -0.051070888 0.9027892 -0.4270404
 outer loop
  vertex -0.0010509036 0.45959237 -0.24565777
  vertex -0.05212518 0.4572626 -0.24447493
  vertex -0.052174915 0.47902283 -0.19846655
 endloop
endfacet
facet normal -0.05107176 0.9027887 -0.42704117
 outer loop
  vertex -0.0010509036 0.45959237 -0.24565777
  vertex -0.052174915 0.47902283 -0.19846655
  vertex -0.001100881 0.48145792 -0.19942681
 endloop
endfacet
facet normal -0.9704624 0.21768415 -0.10400204
 outer loop
  vertex -0.49899188 0.1322725 -0.07131055
  vertex -0.5113181 0.08849341 -0.04792534
  vertex -0.5113278 0.09275917 -0.038906116
 endloop
endfacet
facet normal -0.97046256 0.21768163 -0.10400523
 outer loop
  vertex -0.49899188 0.1322725 -0.07131055
  vertex -0.5113278 0.09275917 -0.038906116
  vertex -0.4990064 0.13861975 -0.057890397
 endloop
endfacet
facet normal 0.96945703 0.22211722 -0.104004845
 outer loop
  vertex 0.510908 0.09083066 -0.0479257
  vertex 0.49838176 0.13455297 -0.07131094
  vertex 0.49836725 0.14090021 -0.057890788
 endloop
endfacet
facet normal 0.9694568 0.22211638 -0.10400876
 outer loop
  vertex 0.510908 0.09083066 -0.0479257
  vertex 0.49836725 0.14090021 -0.057890788
  vertex 0.5108983 0.095096424 -0.03890648
 endloop
endfacet
facet normal 0.046941645 0.90301293 -0.4270412
 outer loop
  vertex 0.050033424 0.4574962 -0.24447496
  vertex -0.0010509036 0.45959237 -0.24565777
  vertex -0.001100881 0.48145792 -0.19942681
 endloop
endfacet
facet normal 0.046942525 0.9030132 -0.42704043
 outer loop
  vertex 0.050033424 0.4574962 -0.24447496
  vertex -0.001100881 0.48145792 -0.19942681
  vertex 0.049983688 0.47925642 -0.19846658
 endloop
endfacet
facet normal -0.9421093 0.30271804 -0.14419372
 outer loop
  vertex -0.48186013 0.17477743 -0.09400894
  vertex -0.49899188 0.1322725 -0.07131055
  vertex -0.4990064 0.13861975 -0.057890397
 endloop
endfacet
facet normal -0.9421091 0.30271947 -0.1441922
 outer loop
  vertex -0.48186013 0.17477743 -0.09400894
  vertex -0.4990064 0.13861975 -0.057890397
  vertex -0.48187923 0.183145 -0.07631712
 endloop
endfacet
facet normal 0.9888446 0.13505931 -0.06281296
 outer loop
  vertex 0.518514 0.04623371 -0.024078881
  vertex 0.510908 0.09083066 -0.0479257
  vertex 0.5108983 0.095096424 -0.03890648
 endloop
endfacet
facet normal 0.98884463 0.13505967 -0.06281179
 outer loop
  vertex 0.518514 0.04623371 -0.024078881
  vertex 0.5108983 0.095096424 -0.03890648
  vertex 0.5185091 0.04837691 -0.019547455
 endloop
endfacet
facet normal 0.144511 0.8945616 -0.4229376
 outer loop
  vertex 0.100635976 0.450994 -0.24093774
  vertex 0.050033424 0.4574962 -0.24447496
  vertex 0.049983688 0.47925642 -0.19846658
 endloop
endfacet
facet normal 0.1445105 0.8945614 -0.42293814
 outer loop
  vertex 0.100635976 0.450994 -0.24093774
  vertex 0.049983688 0.47925642 -0.19846658
  vertex 0.10058695 0.4724394 -0.19559509
 endloop
endfacet
facet normal -0.9046724 0.3848188 -0.18298171
 outer loop
  vertex -0.4600878 0.21559942 -0.115802124
  vertex -0.48186013 0.17477743 -0.09400894
  vertex -0.48187923 0.183145 -0.07631712
 endloop
endfacet
facet normal -0.9046728 0.38481727 -0.18298322
 outer loop
  vertex -0.4600878 0.21559942 -0.115802124
  vertex -0.48187923 0.183145 -0.07631712
  vertex -0.46011138 0.22590677 -0.094009005
 endloop
endfacet
facet normal 0.24069822 0.8775131 -0.41477096
 outer loop
  vertex 0.15026933 0.44014853 -0.23508003
  vertex 0.100635976 0.450994 -0.24093774
  vertex 0.10058695 0.4724394 -0.19559509
 endloop
endfacet
facet normal 0.24069797 0.8775131 -0.4147713
 outer loop
  vertex 0.15026933 0.44014853 -0.23508003
  vertex 0.10058695 0.4724394 -0.19559509
  vertex 0.15022151 0.46107256 -0.19083974
 endloop
endfacet
facet normal -0.858518 0.46319127 -0.22000137
 outer loop
  vertex -0.43388456 0.25434527 -0.13648027
  vertex -0.4600878 0.21559942 -0.115802124
  vertex -0.46011138 0.22590677 -0.094009005
 endloop
endfacet
facet normal -0.858518 0.4631914 -0.22000119
 outer loop
  vertex -0.43388456 0.25434527 -0.13648027
  vertex -0.46011138 0.22590677 -0.094009005
  vertex -0.43391234 0.26649314 -0.1107957
 endloop
endfacet
facet normal 0.33458552 0.8520285 -0.4026165
 outer loop
  vertex 0.19845547 0.425064 -0.22695833
  vertex 0.15026933 0.44014853 -0.23508003
  vertex 0.15022151 0.46107256 -0.19083974
 endloop
endfacet
facet normal 0.33458528 0.8520284 -0.4026167
 outer loop
  vertex 0.19845547 0.425064 -0.22695833
  vertex 0.15022151 0.46107256 -0.19083974
  vertex 0.19840929 0.44526514 -0.1842465
 endloop
endfacet
facet normal -0.8040931 0.53708833 -0.25489295
 outer loop
  vertex -0.40350282 0.2906413 -0.15584357
  vertex -0.43388456 0.25434527 -0.13648027
  vertex -0.43391234 0.26649314 -0.1107957
 endloop
endfacet
facet normal -0.804093 0.5370886 -0.2548927
 outer loop
  vertex -0.40350282 0.2906413 -0.15584357
  vertex -0.43391234 0.26649314 -0.1107957
  vertex -0.40353453 0.30451268 -0.12651494
 endloop
endfacet
facet normal 0.42526546 0.8183504 -0.38659018
 outer loop
  vertex 0.24473035 0.40588593 -0.21665095
  vertex 0.19845547 0.425064 -0.22695833
  vertex 0.19840929 0.44526514 -0.1842465
 endloop
endfacet
facet normal 0.42526543 0.8183504 -0.38659024
 outer loop
  vertex 0.24473035 0.40588593 -0.21665095
  vertex 0.19840929 0.44526514 -0.1842465
  vertex 0.24468628 0.42516965 -0.17587887
 endloop
endfacet
facet normal -0.7419363 0.60578793 -0.28731775
 outer loop
  vertex -0.36923507 0.32413855 -0.17370625
  vertex -0.40350282 0.2906413 -0.15584357
  vertex -0.40353453 0.30451268 -0.12651494
 endloop
endfacet
facet normal -0.7419358 0.6057888 -0.28731704
 outer loop
  vertex -0.36923507 0.32413855 -0.17370625
  vertex -0.40353453 0.30451268 -0.12651494
  vertex -0.3692704 0.3395998 -0.14101599
 endloop
endfacet
facet normal 0.51186764 0.776799 -0.36684436
 outer loop
  vertex 0.28864846 0.3827992 -0.20425738
  vertex 0.24473035 0.40588593 -0.21665095
  vertex 0.24468628 0.42516965 -0.17587887
 endloop
endfacet
facet normal 0.5118676 0.776799 -0.36684445
 outer loop
  vertex 0.28864846 0.3827992 -0.20425738
  vertex 0.24468628 0.42516965 -0.17587887
  vertex 0.28860688 0.4009798 -0.16581772
 endloop
endfacet
facet normal -0.5154876 0.8066728 -0.28905296
 outer loop
  vertex -0.24662818 0.4240462 -0.17587867
  vertex -0.29043767 0.39965585 -0.16581745
  vertex -0.2904704 0.41398114 -0.12578088
 endloop
endfacet
facet normal -0.5154877 0.8066726 -0.28905308
 outer loop
  vertex -0.24662818 0.4240462 -0.17587867
  vertex -0.2904704 0.41398114 -0.12578088
  vertex -0.2466629 0.4392407 -0.13341281
 endloop
endfacet
facet normal 0.7391 0.6344119 -0.22639082
 outer loop
  vertex 0.4021377 0.30635482 -0.12651524
  vertex 0.36771348 0.34128487 -0.14101626
  vertex 0.36768565 0.3534675 -0.10696794
 endloop
endfacet
facet normal 0.7390997 0.63441193 -0.2263915
 outer loop
  vertex 0.4021377 0.30635482 -0.12651524
  vertex 0.36768565 0.3534675 -0.10696794
  vertex 0.40211272 0.3172847 -0.0959682
 endloop
endfacet
facet normal -0.4290798 0.8503542 -0.30461195
 outer loop
  vertex -0.20044352 0.444353 -0.1842464
  vertex -0.24662818 0.4240462 -0.17587867
  vertex -0.2466629 0.4392407 -0.13341281
 endloop
endfacet
facet normal -0.42907962 0.85035425 -0.30461177
 outer loop
  vertex -0.20044352 0.444353 -0.1842464
  vertex -0.2466629 0.4392407 -0.13341281
  vertex -0.2004799 0.4602704 -0.13976018
 endloop
endfacet
facet normal 0.801577 0.563149 -0.2008422
 outer loop
  vertex 0.4326891 0.26847458 -0.11079603
  vertex 0.4021377 0.30635482 -0.12651524
  vertex 0.40211272 0.3172847 -0.0959682
 endloop
endfacet
facet normal 0.8015768 0.56314903 -0.20084265
 outer loop
  vertex 0.4326891 0.26847458 -0.11079603
  vertex 0.40211272 0.3172847 -0.0959682
  vertex 0.43266723 0.27804646 -0.084044434
 endloop
endfacet
facet normal -0.33856082 0.88585305 -0.31723943
 outer loop
  vertex -0.15232846 0.4603808 -0.19083959
  vertex -0.20044352 0.444353 -0.1842464
  vertex -0.2004799 0.4602704 -0.13976018
 endloop
endfacet
facet normal -0.3385605 0.88585335 -0.3172391
 outer loop
  vertex -0.15232846 0.4603808 -0.19083959
  vertex -0.2004799 0.4602704 -0.13976018
  vertex -0.15236615 0.47686777 -0.14476141
 endloop
endfacet
facet normal 0.85634637 0.48643672 -0.17334972
 outer loop
  vertex 0.4590734 0.2280086 -0.09400941
  vertex 0.4326891 0.26847458 -0.11079603
  vertex 0.43266723 0.27804646 -0.084044434
 endloop
endfacet
facet normal 0.85634637 0.4864368 -0.17334989
 outer loop
  vertex 0.4590734 0.2280086 -0.09400941
  vertex 0.43266723 0.27804646 -0.084044434
  vertex 0.45905486 0.23613022 -0.07131091
 endloop
endfacet
facet normal -0.24479215 0.91283506 -0.3268166
 outer loop
  vertex -0.10274647 0.4719745 -0.195595
  vertex -0.15232846 0.4603808 -0.19083959
  vertex -0.15236615 0.47686777 -0.14476141
 endloop
endfacet
facet normal -0.2447927 0.9128347 -0.3268171
 outer loop
  vertex -0.10274647 0.4719745 -0.195595
  vertex -0.15236615 0.47686777 -0.14476141
  vertex -0.10278508 0.48887232 -0.14836866
 endloop
endfacet
facet normal 0.90286666 0.4050229 -0.14418165
 outer loop
  vertex 0.48103666 0.18534668 -0.07631749
  vertex 0.4590734 0.2280086 -0.09400941
  vertex 0.45905486 0.23613022 -0.07131091
 endloop
endfacet
facet normal 0.90286696 0.4050228 -0.14418
 outer loop
  vertex 0.48103666 0.18534668 -0.07631749
  vertex 0.45905486 0.23613022 -0.07131091
  vertex 0.48102158 0.19193986 -0.057890702
 endloop
endfacet
facet normal -0.14868514 0.93104 -0.33325246
 outer loop
  vertex -0.052174915 0.47902283 -0.19846655
  vertex -0.10274647 0.4719745 -0.195595
  vertex -0.10278508 0.48887232 -0.14836866
 endloop
endfacet
facet normal -0.148685 0.93104005 -0.3332523
 outer loop
  vertex -0.052174915 0.47902283 -0.19846655
  vertex -0.10278508 0.48887232 -0.14836866
  vertex -0.052214097 0.49616873 -0.15054686
 endloop
endfacet
facet normal -0.9894646 0.13605285 -0.049492627
 outer loop
  vertex -0.5113278 0.09275917 -0.038906116
  vertex -0.51872486 0.046005316 -0.019547079
  vertex -0.51872873 0.047694042 -0.014827396
 endloop
endfacet
facet normal -0.9894645 0.13605389 -0.04949068
 outer loop
  vertex -0.5113278 0.09275917 -0.038906116
  vertex -0.51872873 0.047694042 -0.014827396
  vertex -0.5113355 0.09612036 -0.02951221
 endloop
endfacet
facet normal 0.9406859 0.31968942 -0.11361639
 outer loop
  vertex 0.49836725 0.14090021 -0.057890788
  vertex 0.48103666 0.18534668 -0.07631749
  vertex 0.48102158 0.19193986 -0.057890702
 endloop
endfacet
facet normal 0.940686 0.31968936 -0.11361586
 outer loop
  vertex 0.49836725 0.14090021 -0.057890788
  vertex 0.48102158 0.19193986 -0.057890702
  vertex 0.4983558 0.14590147 -0.043913115
 endloop
endfacet
facet normal -0.051157553 0.94029814 -0.33648518
 outer loop
  vertex -0.001100881 0.48145792 -0.19942681
  vertex -0.052174915 0.47902283 -0.19846655
  vertex -0.052214097 0.49616873 -0.15054686
 endloop
endfacet
facet normal -0.051157158 0.9402984 -0.33648482
 outer loop
  vertex -0.001100881 0.48145792 -0.19942681
  vertex -0.052214097 0.49616873 -0.15054686
  vertex -0.0011402563 0.49868676 -0.15127526
 endloop
endfacet
facet normal -0.9704835 0.2268169 -0.081950605
 outer loop
  vertex -0.4990064 0.13861975 -0.057890397
  vertex -0.5113278 0.09275917 -0.038906116
  vertex -0.5113355 0.09612036 -0.02951221
 endloop
endfacet
facet normal -0.9704835 0.22681695 -0.08195045
 outer loop
  vertex -0.4990064 0.13861975 -0.057890397
  vertex -0.5113355 0.09612036 -0.02951221
  vertex -0.49901783 0.14362101 -0.043912724
 endloop
endfacet
facet normal 0.969436 0.23125353 -0.08194963
 outer loop
  vertex 0.5108983 0.095096424 -0.03890648
  vertex 0.49836725 0.14090021 -0.057890788
  vertex 0.4983558 0.14590147 -0.043913115
 endloop
endfacet
facet normal 0.969436 0.23125347 -0.08195009
 outer loop
  vertex 0.5108983 0.095096424 -0.03890648
  vertex 0.4983558 0.14590147 -0.043913115
  vertex 0.5108906 0.098457605 -0.029512575
 endloop
endfacet
facet normal 0.046856824 0.9405224 -0.33648482
 outer loop
  vertex 0.049983688 0.47925642 -0.19846658
  vertex -0.001100881 0.48145792 -0.19942681
  vertex -0.0011402563 0.49868676 -0.15127526
 endloop
endfacet
facet normal 0.046856433 0.94052225 -0.3364852
 outer loop
  vertex 0.049983688 0.47925642 -0.19846658
  vertex -0.0011402563 0.49868676 -0.15127526
  vertex 0.049944505 0.49640232 -0.1505469
 endloop
endfacet
facet normal -0.942138 0.31538412 -0.113616936
 outer loop
  vertex -0.48187923 0.183145 -0.07631712
  vertex -0.4990064 0.13861975 -0.057890397
  vertex -0.49901783 0.14362101 -0.043912724
 endloop
endfacet
facet normal -0.942138 0.3153842 -0.11361683
 outer loop
  vertex -0.48187923 0.183145 -0.07631712
  vertex -0.49901783 0.14362101 -0.043912724
  vertex -0.4818943 0.18973818 -0.05789033
 endloop
endfacet
facet normal 0.988832 0.14057773 -0.049489953
 outer loop
  vertex 0.5185091 0.04837691 -0.019547455
  vertex 0.5108983 0.095096424 -0.03890648
  vertex 0.5108906 0.098457605 -0.029512575
 endloop
endfacet
facet normal 0.988832 0.14057812 -0.049487766
 outer loop
  vertex 0.5185091 0.04837691 -0.019547455
  vertex 0.5108906 0.098457605 -0.029512575
  vertex 0.5185052 0.050065637 -0.014827773
 endloop
endfacet
facet normal 0.14442576 0.93171024 -0.33325243
 outer loop
  vertex 0.10058695 0.4724394 -0.19559509
  vertex 0.049983688 0.47925642 -0.19846658
  vertex 0.049944505 0.49640232 -0.1505469
 endloop
endfacet
facet normal 0.14442556 0.93171024 -0.33325264
 outer loop
  vertex 0.10058695 0.4724394 -0.19559509
  vertex 0.049944505 0.49640232 -0.1505469
  vertex 0.10054834 0.48933724 -0.14836875
 endloop
endfacet
facet normal -0.9047095 0.40088984 -0.14418049
 outer loop
  vertex -0.46011138 0.22590677 -0.094009005
  vertex -0.48187923 0.183145 -0.07631712
  vertex -0.4818943 0.18973818 -0.05789033
 endloop
endfacet
facet normal -0.9047093 0.40089086 -0.14417928
 outer loop
  vertex -0.46011138 0.22590677 -0.094009005
  vertex -0.4818943 0.18973818 -0.05789033
  vertex -0.46012992 0.23402838 -0.07131053
 endloop
endfacet
facet normal 0.24061455 0.9139447 -0.3268174
 outer loop
  vertex 0.15022151 0.46107256 -0.19083974
  vertex 0.10058695 0.4724394 -0.19559509
  vertex 0.10054834 0.48933724 -0.14836875
 endloop
endfacet
facet normal 0.24061525 0.9139448 -0.32681668
 outer loop
  vertex 0.15022151 0.46107256 -0.19083974
  vertex 0.10054834 0.48933724 -0.14836875
  vertex 0.15018383 0.47755954 -0.14476156
 endloop
endfacet
facet normal -0.85856205 0.48251608 -0.17334741
 outer loop
  vertex -0.43391234 0.26649314 -0.1107957
  vertex -0.46011138 0.22590677 -0.094009005
  vertex -0.46012992 0.23402838 -0.07131053
 endloop
endfacet
facet normal -0.8585626 0.48251483 -0.1733488
 outer loop
  vertex -0.43391234 0.26649314 -0.1107957
  vertex -0.46012992 0.23402838 -0.07131053
  vertex -0.4339342 0.27606502 -0.08404411
 endloop
endfacet
facet normal 0.33450451 0.8873928 -0.31723946
 outer loop
  vertex 0.19840929 0.44526514 -0.1842465
  vertex 0.15022151 0.46107256 -0.19083974
  vertex 0.15018383 0.47755954 -0.14476156
 endloop
endfacet
facet normal 0.33450457 0.88739276 -0.31723928
 outer loop
  vertex 0.19840929 0.44526514 -0.1842465
  vertex 0.15018383 0.47755954 -0.14476156
  vertex 0.19837292 0.4611825 -0.13976026
 endloop
endfacet
facet normal -0.80414426 0.559477 -0.20084175
 outer loop
  vertex -0.40353453 0.30451268 -0.12651494
  vertex -0.43391234 0.26649314 -0.1107957
  vertex -0.4339342 0.27606502 -0.08404411
 endloop
endfacet
facet normal -0.804144 0.5594775 -0.2008413
 outer loop
  vertex -0.40353453 0.30451268 -0.12651494
  vertex -0.4339342 0.27606502 -0.08404411
  vertex -0.4035595 0.31544256 -0.095967904
 endloop
endfacet
facet normal 0.4251878 0.852307 -0.30461133
 outer loop
  vertex 0.24468628 0.42516965 -0.17587887
  vertex 0.19840929 0.44526514 -0.1842465
  vertex 0.19837292 0.4611825 -0.13976026
 endloop
endfacet
facet normal 0.42518708 0.8523071 -0.30461222
 outer loop
  vertex 0.24468628 0.42516965 -0.17587887
  vertex 0.19837292 0.4611825 -0.13976026
  vertex 0.24465156 0.44036415 -0.133413
 endloop
endfacet
facet normal -0.74199355 0.63102525 -0.22639063
 outer loop
  vertex -0.3692704 0.3395998 -0.14101599
  vertex -0.40353453 0.30451268 -0.12651494
  vertex -0.4035595 0.31544256 -0.095967904
 endloop
endfacet
facet normal -0.74199325 0.63102573 -0.22639012
 outer loop
  vertex -0.3692704 0.3395998 -0.14101599
  vertex -0.4035595 0.31544256 -0.095967904
  vertex -0.36929825 0.3517824 -0.10696767
 endloop
endfacet
facet normal 0.5117942 0.80902094 -0.2890534
 outer loop
  vertex 0.28860688 0.4009798 -0.16581772
  vertex 0.24468628 0.42516965 -0.17587887
  vertex 0.24465156 0.44036415 -0.133413
 endloop
endfacet
facet normal 0.51179403 0.8090209 -0.28905362
 outer loop
  vertex 0.28860688 0.4009798 -0.16581772
  vertex 0.24465156 0.44036415 -0.133413
  vertex 0.28857416 0.41530508 -0.12578116
 endloop
endfacet
facet normal -0.6727062 0.6964833 -0.24975446
 outer loop
  vertex -0.33145005 0.37141603 -0.15415895
  vertex -0.3692704 0.3395998 -0.14101599
  vertex -0.36929825 0.3517824 -0.10696767
 endloop
endfacet
facet normal -0.67270654 0.6964829 -0.2497549
 outer loop
  vertex -0.33145005 0.37141603 -0.15415895
  vertex -0.36929825 0.3517824 -0.10696767
  vertex -0.3314805 0.3847341 -0.116937295
 endloop
endfacet
facet normal 0.59350795 0.757935 -0.27070802
 outer loop
  vertex 0.32974803 0.37292784 -0.15415922
  vertex 0.28860688 0.4009798 -0.16581772
  vertex 0.28857416 0.41530508 -0.12578116
 endloop
endfacet
facet normal 0.5935084 0.7579349 -0.27070722
 outer loop
  vertex 0.32974803 0.37292784 -0.15415922
  vertex 0.28857416 0.41530508 -0.12578116
  vertex 0.32971758 0.38624594 -0.11693756
 endloop
endfacet
facet normal -0.59696865 0.7552127 -0.2707067
 outer loop
  vertex -0.29043767 0.39965585 -0.16581745
  vertex -0.33145005 0.37141603 -0.15415895
  vertex -0.3314805 0.3847341 -0.116937295
 endloop
endfacet
facet normal -0.59696877 0.75521255 -0.27070683
 outer loop
  vertex -0.29043767 0.39965585 -0.16581745
  vertex -0.3314805 0.3847341 -0.116937295
  vertex -0.2904704 0.41398114 -0.12578088
 endloop
endfacet
facet normal 0.66951454 0.69955164 -0.24975517
 outer loop
  vertex 0.36771348 0.34128487 -0.14101626
  vertex 0.32974803 0.37292784 -0.15415922
  vertex 0.32971758 0.38624594 -0.11693756
 endloop
endfacet
facet normal 0.66951466 0.69955164 -0.24975504
 outer loop
  vertex 0.36771348 0.34128487 -0.14101626
  vertex 0.32971758 0.38624594 -0.11693756
  vertex 0.36768565 0.3534675 -0.10696794
 endloop
endfacet
facet normal -0.338622 0.9126788 -0.22880673
 outer loop
  vertex -0.15236615 0.47686777 -0.14476141
  vertex -0.2004799 0.4602704 -0.13976018
  vertex -0.20050614 0.4717507 -0.093927994
 endloop
endfacet
facet normal -0.33862284 0.9126783 -0.22880758
 outer loop
  vertex -0.15236615 0.47686777 -0.14476141
  vertex -0.20050614 0.4717507 -0.093927994
  vertex -0.15239331 0.48875895 -0.09728909
 endloop
endfacet
facet normal 0.8563128 0.5010952 -0.12502764
 outer loop
  vertex 0.45905486 0.23613022 -0.07131091
  vertex 0.43266723 0.27804646 -0.084044434
  vertex 0.43265146 0.2849501 -0.05648345
 endloop
endfacet
facet normal 0.85631293 0.5010952 -0.12502731
 outer loop
  vertex 0.45905486 0.23613022 -0.07131091
  vertex 0.43265146 0.2849501 -0.05648345
  vertex 0.45904148 0.2419879 -0.047925655
 endloop
endfacet
facet normal -0.24485569 0.9404701 -0.23571539
 outer loop
  vertex -0.10278508 0.48887232 -0.14836866
  vertex -0.15236615 0.47686777 -0.14476141
  vertex -0.15239331 0.48875895 -0.09728909
 endloop
endfacet
facet normal -0.2448551 0.94047034 -0.23571481
 outer loop
  vertex -0.10278508 0.48887232 -0.14836866
  vertex -0.15239331 0.48875895 -0.09728909
  vertex -0.10281293 0.5010598 -0.09971344
 endloop
endfacet
facet normal 0.902839 0.4172144 -0.10398972
 outer loop
  vertex 0.48102158 0.19193986 -0.057890702
  vertex 0.45905486 0.23613022 -0.07131091
  vertex 0.45904148 0.2419879 -0.047925655
 endloop
endfacet
facet normal 0.90283906 0.4172143 -0.103989445
 outer loop
  vertex 0.48102158 0.19193986 -0.057890702
  vertex 0.45904148 0.2419879 -0.047925655
  vertex 0.4810107 0.19669518 -0.03890639
 endloop
endfacet
facet normal -0.14874952 0.9592197 -0.24035625
 outer loop
  vertex -0.052214097 0.49616873 -0.15054686
  vertex -0.10278508 0.48887232 -0.14836866
  vertex -0.10281293 0.5010598 -0.09971344
 endloop
endfacet
facet normal -0.14875008 0.95921946 -0.24035679
 outer loop
  vertex -0.052214097 0.49616873 -0.15054686
  vertex -0.10281293 0.5010598 -0.09971344
  vertex -0.052242357 0.50853515 -0.101177305
 endloop
endfacet
facet normal -0.9894741 0.14023791 -0.035697725
 outer loop
  vertex -0.5113355 0.09612036 -0.02951221
  vertex -0.51872873 0.047694042 -0.014827396
  vertex -0.51873153 0.048912026 -0.009964917
 endloop
endfacet
facet normal -0.989474 0.14023915 -0.035694733
 outer loop
  vertex -0.5113355 0.09612036 -0.02951221
  vertex -0.51873153 0.048912026 -0.009964917
  vertex -0.51134104 0.0985446 -0.019834083
 endloop
endfacet
facet normal 0.940664 0.3292965 -0.08194542
 outer loop
  vertex 0.4983558 0.14590147 -0.043913115
  vertex 0.48102158 0.19193986 -0.057890702
  vertex 0.4810107 0.19669518 -0.03890639
 endloop
endfacet
facet normal 0.9406638 0.32929662 -0.08194707
 outer loop
  vertex 0.4983558 0.14590147 -0.043913115
  vertex 0.4810107 0.19669518 -0.03890639
  vertex 0.49834758 0.14950863 -0.029512534
 endloop
endfacet
facet normal -0.05122223 0.9687511 -0.2426885
 outer loop
  vertex -0.0011402563 0.49868676 -0.15127526
  vertex -0.052214097 0.49616873 -0.15054686
  vertex -0.052242357 0.50853515 -0.101177305
 endloop
endfacet
facet normal -0.0512219 0.9687512 -0.2426882
 outer loop
  vertex -0.0011402563 0.49868676 -0.15127526
  vertex -0.052242357 0.50853515 -0.101177305
  vertex -0.0011686498 0.511113 -0.101666845
 endloop
endfacet
facet normal -0.97049934 0.23374665 -0.05910624
 outer loop
  vertex -0.49901783 0.14362101 -0.043912724
  vertex -0.5113355 0.09612036 -0.02951221
  vertex -0.51134104 0.0985446 -0.019834083
 endloop
endfacet
facet normal -0.9704992 0.23374741 -0.059104756
 outer loop
  vertex -0.49901783 0.14362101 -0.043912724
  vertex -0.51134104 0.0985446 -0.019834083
  vertex -0.49902606 0.14722815 -0.02951215
 endloop
endfacet
facet normal 0.96942014 0.23818251 -0.059107833
 outer loop
  vertex 0.5108906 0.098457605 -0.029512575
  vertex 0.4983558 0.14590147 -0.043913115
  vertex 0.49834758 0.14950863 -0.029512534
 endloop
endfacet
facet normal 0.96942025 0.23818257 -0.0591063
 outer loop
  vertex 0.5108906 0.098457605 -0.029512575
  vertex 0.49834758 0.14950863 -0.029512534
  vertex 0.51088506 0.100881845 -0.019834448
 endloop
endfacet
facet normal 0.04679144 0.9689752 -0.24268821
 outer loop
  vertex 0.049944505 0.49640232 -0.1505469
  vertex -0.0011402563 0.49868676 -0.15127526
  vertex -0.0011686498 0.511113 -0.101666845
 endloop
endfacet
facet normal 0.046792176 0.96897537 -0.24268748
 outer loop
  vertex 0.049944505 0.49640232 -0.1505469
  vertex -0.0011686498 0.511113 -0.101666845
  vertex 0.049916245 0.5087687 -0.10117735
 endloop
endfacet
facet normal -0.94215995 0.32499206 -0.08194403
 outer loop
  vertex -0.4818943 0.18973818 -0.05789033
  vertex -0.49901783 0.14362101 -0.043912724
  vertex -0.49902606 0.14722815 -0.02951215
 endloop
endfacet
facet normal -0.9421601 0.32499096 -0.08194577
 outer loop
  vertex -0.4818943 0.18973818 -0.05789033
  vertex -0.49902606 0.14722815 -0.02951215
  vertex -0.4819052 0.1944935 -0.03890602
 endloop
endfacet
facet normal 0.9888225 0.14476229 -0.035694644
 outer loop
  vertex 0.5185052 0.050065637 -0.014827773
  vertex 0.5108906 0.098457605 -0.029512575
  vertex 0.51088506 0.100881845 -0.019834448
 endloop
endfacet
facet normal 0.98882246 0.1447626 -0.035691448
 outer loop
  vertex 0.5185052 0.050065637 -0.014827773
  vertex 0.51088506 0.100881845 -0.019834448
  vertex 0.5185024 0.05128362 -0.009965295
 endloop
endfacet
facet normal 0.14436133 0.95989 -0.24035588
 outer loop
  vertex 0.10054834 0.48933724 -0.14836875
  vertex 0.049944505 0.49640232 -0.1505469
  vertex 0.049916245 0.5087687 -0.10117735
 endloop
endfacet
facet normal 0.14436094 0.95988995 -0.24035631
 outer loop
  vertex 0.10054834 0.48933724 -0.14836875
  vertex 0.049916245 0.5087687 -0.10117735
  vertex 0.10052049 0.5015247 -0.09971351
 endloop
endfacet
facet normal -0.90473706 0.41308215 -0.10399001
 outer loop
  vertex -0.46012992 0.23402838 -0.07131053
  vertex -0.4818943 0.18973818 -0.05789033
  vertex -0.4819052 0.1944935 -0.03890602
 endloop
endfacet
facet normal -0.90473694 0.4130826 -0.10398941
 outer loop
  vertex -0.46012992 0.23402838 -0.07131053
  vertex -0.4819052 0.1944935 -0.03890602
  vertex -0.4601433 0.23988608 -0.04792529
 endloop
endfacet
facet normal 0.24055201 0.9415802 -0.23571491
 outer loop
  vertex 0.15018383 0.47755954 -0.14476156
  vertex 0.10054834 0.48933724 -0.14836875
  vertex 0.10052049 0.5015247 -0.09971351
 endloop
endfacet
facet normal 0.24055122 0.9415801 -0.23571572
 outer loop
  vertex 0.15018383 0.47755954 -0.14476156
  vertex 0.10052049 0.5015247 -0.09971351
  vertex 0.15015666 0.48945072 -0.09728925
 endloop
endfacet
facet normal -0.858596 0.49717322 -0.12502658
 outer loop
  vertex -0.4339342 0.27606502 -0.08404411
  vertex -0.46012992 0.23402838 -0.07131053
  vertex -0.4601433 0.23988608 -0.04792529
 endloop
endfacet
facet normal -0.8585959 0.49717346 -0.12502629
 outer loop
  vertex -0.4339342 0.27606502 -0.08404411
  vertex -0.4601433 0.23988608 -0.04792529
  vertex -0.43394998 0.28296867 -0.05648313
 endloop
endfacet
facet normal 0.33444327 0.914218 -0.22880813
 outer loop
  vertex 0.19837292 0.4611825 -0.13976026
  vertex 0.15018383 0.47755954 -0.14476156
  vertex 0.15015666 0.48945072 -0.09728925
 endloop
endfacet
facet normal 0.3344439 0.914218 -0.2288074
 outer loop
  vertex 0.19837292 0.4611825 -0.13976026
  vertex 0.15015666 0.48945072 -0.09728925
  vertex 0.19834667 0.47266284 -0.09392805
 endloop
endfacet
facet normal -0.804183 0.5764604 -0.14485548
 outer loop
  vertex -0.4035595 0.31544256 -0.095967904
  vertex -0.4339342 0.27606502 -0.08404411
  vertex -0.43394998 0.28296867 -0.05648313
 endloop
endfacet
facet normal -0.804183 0.5764603 -0.14485562
 outer loop
  vertex -0.4035595 0.31544256 -0.095967904
  vertex -0.43394998 0.28296867 -0.05648313
  vertex -0.4035775 0.3233257 -0.064496644
 endloop
endfacet
facet normal 0.42512825 0.878065 -0.2196997
 outer loop
  vertex 0.24465156 0.44036415 -0.133413
  vertex 0.19837292 0.4611825 -0.13976026
  vertex 0.19834667 0.47266284 -0.09392805
 endloop
endfacet
facet normal 0.42512834 0.87806493 -0.2196995
 outer loop
  vertex 0.24465156 0.44036415 -0.133413
  vertex 0.19834667 0.47266284 -0.09392805
  vertex 0.2446265 0.4513231 -0.089662276
 endloop
endfacet
facet normal -0.742037 0.65016896 -0.1632831
 outer loop
  vertex -0.36929825 0.3517824 -0.10696767
  vertex -0.4035595 0.31544256 -0.095967904
  vertex -0.4035775 0.3233257 -0.064496644
 endloop
endfacet
facet normal -0.7420371 0.65016884 -0.16328332
 outer loop
  vertex -0.36929825 0.3517824 -0.10696767
  vertex -0.4035775 0.3233257 -0.064496644
  vertex -0.36931834 0.3605691 -0.0718892
 endloop
endfacet
facet normal 0.5117384 0.83346313 -0.20847778
 outer loop
  vertex 0.28857416 0.41530508 -0.12578116
  vertex 0.24465156 0.44036415 -0.133413
  vertex 0.2446265 0.4513231 -0.089662276
 endloop
endfacet
facet normal 0.51173836 0.83346313 -0.2084778
 outer loop
  vertex 0.28857416 0.41530508 -0.12578116
  vertex 0.2446265 0.4513231 -0.089662276
  vertex 0.28855056 0.4256371 -0.08453324
 endloop
endfacet
facet normal -0.6727547 0.71760195 -0.18013471
 outer loop
  vertex -0.3314805 0.3847341 -0.116937295
  vertex -0.36929825 0.3517824 -0.10696767
  vertex -0.36931834 0.3605691 -0.0718892
 endloop
endfacet
facet normal -0.6727543 0.71760255 -0.18013412
 outer loop
  vertex -0.3314805 0.3847341 -0.116937295
  vertex -0.36931834 0.3605691 -0.0718892
  vertex -0.33150244 0.39433968 -0.07858948
 endloop
endfacet
facet normal 0.59345603 0.78082585 -0.19524616
 outer loop
  vertex 0.32971758 0.38624594 -0.11693756
  vertex 0.28857416 0.41530508 -0.12578116
  vertex 0.28855056 0.4256371 -0.08453324
 endloop
endfacet
facet normal 0.5934558 0.78082585 -0.19524632
 outer loop
  vertex 0.32971758 0.38624594 -0.11693756
  vertex 0.28855056 0.4256371 -0.08453324
  vertex 0.32969564 0.39585152 -0.078589745
 endloop
endfacet
facet normal -0.597021 0.77810353 -0.19524541
 outer loop
  vertex -0.2904704 0.41398114 -0.12578088
  vertex -0.3314805 0.3847341 -0.116937295
  vertex -0.33150244 0.39433968 -0.07858948
 endloop
endfacet
facet normal -0.5970211 0.77810335 -0.1952455
 outer loop
  vertex -0.2904704 0.41398114 -0.12578088
  vertex -0.33150244 0.39433968 -0.07858948
  vertex -0.290494 0.42431316 -0.08453297
 endloop
endfacet
facet normal 0.6694663 0.72067076 -0.18013492
 outer loop
  vertex 0.36768565 0.3534675 -0.10696794
  vertex 0.32971758 0.38624594 -0.11693756
  vertex 0.32969564 0.39585152 -0.078589745
 endloop
endfacet
facet normal 0.66946626 0.72067076 -0.1801348
 outer loop
  vertex 0.36768565 0.3534675 -0.10696794
  vertex 0.32969564 0.39585152 -0.078589745
  vertex 0.36766556 0.36225417 -0.07188947
 endloop
endfacet
facet normal -0.51554364 0.83111477 -0.20847751
 outer loop
  vertex -0.2466629 0.4392407 -0.13341281
  vertex -0.2904704 0.41398114 -0.12578088
  vertex -0.290494 0.42431316 -0.08453297
 endloop
endfacet
facet normal -0.51554376 0.8311147 -0.20847772
 outer loop
  vertex -0.2466629 0.4392407 -0.13341281
  vertex -0.290494 0.42431316 -0.08453297
  vertex -0.24668795 0.45019963 -0.08966209
 endloop
endfacet
facet normal 0.739056 0.6535555 -0.16328354
 outer loop
  vertex 0.40211272 0.3172847 -0.0959682
  vertex 0.36768565 0.3534675 -0.10696794
  vertex 0.36766556 0.36225417 -0.07188947
 endloop
endfacet
facet normal 0.7390557 0.65355563 -0.16328423
 outer loop
  vertex 0.40211272 0.3172847 -0.0959682
  vertex 0.36766556 0.36225417 -0.07188947
  vertex 0.40209472 0.32516783 -0.06449694
 endloop
endfacet
facet normal -0.42913836 0.8761121 -0.21969946
 outer loop
  vertex -0.2004799 0.4602704 -0.13976018
  vertex -0.2466629 0.4392407 -0.13341281
  vertex -0.24668795 0.45019963 -0.08966209
 endloop
endfacet
facet normal -0.4291381 0.87611234 -0.21969919
 outer loop
  vertex -0.2004799 0.4602704 -0.13976018
  vertex -0.24668795 0.45019963 -0.08966209
  vertex -0.20050614 0.4717507 -0.093927994
 endloop
endfacet
facet normal 0.80153817 0.58013195 -0.14485687
 outer loop
  vertex 0.43266723 0.27804646 -0.084044434
  vertex 0.40211272 0.3172847 -0.0959682
  vertex 0.40209472 0.32516783 -0.06449694
 endloop
endfacet
facet normal 0.80153817 0.5801319 -0.1448566
 outer loop
  vertex 0.43266723 0.27804646 -0.084044434
  vertex 0.40209472 0.32516783 -0.06449694
  vertex 0.43265146 0.2849501 -0.05648345
 endloop
endfacet
facet normal -0.14879352 0.97815806 -0.14514598
 outer loop
  vertex -0.052242357 0.50853515 -0.101177305
  vertex -0.10281293 0.5010598 -0.09971344
  vertex -0.10282974 0.5084195 -0.050097924
 endloop
endfacet
facet normal -0.14879376 0.97815794 -0.14514622
 outer loop
  vertex -0.052242357 0.50853515 -0.101177305
  vertex -0.10282974 0.5084195 -0.050097924
  vertex -0.05225941 0.51600295 -0.050833374
 endloop
endfacet
facet normal -0.98948044 0.14305216 -0.021552762
 outer loop
  vertex -0.51134104 0.0985446 -0.019834083
  vertex -0.51873153 0.048912026 -0.009964917
  vertex -0.5187332 0.04964754 -0.00500647
 endloop
endfacet
facet normal -0.9894805 0.14305168 -0.021554327
 outer loop
  vertex -0.51134104 0.0985446 -0.019834083
  vertex -0.5187332 0.04964754 -0.00500647
  vertex -0.5113444 0.10000855 -0.009964938
 endloop
endfacet
facet normal 0.9406491 0.33575365 -0.049485207
 outer loop
  vertex 0.49834758 0.14950863 -0.029512534
  vertex 0.4810107 0.19669518 -0.03890639
  vertex 0.48100415 0.19956678 -0.019547397
 endloop
endfacet
facet normal 0.94064903 0.33575368 -0.0494851
 outer loop
  vertex 0.49834758 0.14950863 -0.029512534
  vertex 0.48100415 0.19956678 -0.019547397
  vertex 0.4983426 0.15168689 -0.014827734
 endloop
endfacet
facet normal -0.051265612 0.9878733 -0.14655432
 outer loop
  vertex -0.0011686498 0.511113 -0.101666845
  vertex -0.052242357 0.50853515 -0.101177305
  vertex -0.05225941 0.51600295 -0.050833374
 endloop
endfacet
facet normal -0.05126536 0.9878734 -0.14655408
 outer loop
  vertex -0.0011686498 0.511113 -0.101666845
  vertex -0.05225941 0.51600295 -0.050833374
  vertex -0.0011857884 0.5186169 -0.05107932
 endloop
endfacet
facet normal -0.9705099 0.2384044 -0.0356922
 outer loop
  vertex -0.49902606 0.14722815 -0.02951215
  vertex -0.51134104 0.0985446 -0.019834083
  vertex -0.5113444 0.10000855 -0.009964938
 endloop
endfacet
facet normal -0.9705098 0.23840424 -0.035692606
 outer loop
  vertex -0.49902606 0.14722815 -0.02951215
  vertex -0.5113444 0.10000855 -0.009964938
  vertex -0.49903104 0.14940642 -0.014827352
 endloop
endfacet
facet normal 0.9694095 0.24283968 -0.03569302
 outer loop
  vertex 0.51088506 0.100881845 -0.019834448
  vertex 0.49834758 0.14950863 -0.029512534
  vertex 0.4983426 0.15168689 -0.014827734
 endloop
endfacet
facet normal 0.96940947 0.24283978 -0.03569378
 outer loop
  vertex 0.51088506 0.100881845 -0.019834448
  vertex 0.4983426 0.15168689 -0.014827734
  vertex 0.5108817 0.10234579 -0.009965307
 endloop
endfacet
facet normal 0.04674855 0.9880974 -0.14655411
 outer loop
  vertex 0.049916245 0.5087687 -0.10117735
  vertex -0.0011686498 0.511113 -0.101666845
  vertex -0.0011857884 0.5186169 -0.05107932
 endloop
endfacet
facet normal 0.046748307 0.98809737 -0.14655435
 outer loop
  vertex 0.049916245 0.5087687 -0.10117735
  vertex -0.0011857884 0.5186169 -0.05107932
  vertex 0.04989919 0.5162365 -0.05083341
 endloop
endfacet
facet normal -0.9421749 0.3314479 -0.04948458
 outer loop
  vertex -0.4819052 0.1944935 -0.03890602
  vertex -0.49902606 0.14722815 -0.02951215
  vertex -0.49903104 0.14940642 -0.014827352
 endloop
endfacet
facet normal -0.9421749 0.3314481 -0.049484216
 outer loop
  vertex -0.4819052 0.1944935 -0.03890602
  vertex -0.49903104 0.14940642 -0.014827352
  vertex -0.48191175 0.1973651 -0.019547023
 endloop
endfacet
facet normal 0.9888161 0.14757429 -0.021556053
 outer loop
  vertex 0.5185024 0.05128362 -0.009965295
  vertex 0.51088506 0.100881845 -0.019834448
  vertex 0.5108817 0.10234579 -0.009965307
 endloop
endfacet
facet normal 0.98881596 0.14757428 -0.02155774
 outer loop
  vertex 0.5185024 0.05128362 -0.009965295
  vertex 0.5108817 0.10234579 -0.009965307
  vertex 0.51850075 0.052019134 -0.0050068474
 endloop
endfacet
facet normal 0.1443178 0.9788283 -0.14514636
 outer loop
  vertex 0.10052049 0.5015247 -0.09971351
  vertex 0.049916245 0.5087687 -0.10117735
  vertex 0.04989919 0.5162365 -0.05083341
 endloop
endfacet
facet normal 0.14431804 0.9788283 -0.1451461
 outer loop
  vertex 0.10052049 0.5015247 -0.09971351
  vertex 0.04989919 0.5162365 -0.05083341
  vertex 0.10050368 0.50888443 -0.050098
 endloop
endfacet
facet normal -0.9047557 0.42127645 -0.06279617
 outer loop
  vertex -0.4601433 0.23988608 -0.04792529
  vertex -0.4819052 0.1944935 -0.03890602
  vertex -0.48191175 0.1973651 -0.019547023
 endloop
endfacet
facet normal -0.9047559 0.42127573 -0.062797435
 outer loop
  vertex -0.4601433 0.23988608 -0.04792529
  vertex -0.48191175 0.1973651 -0.019547023
  vertex -0.4601514 0.24342339 -0.024078501
 endloop
endfacet
facet normal 0.2405087 0.9601531 -0.14234334
 outer loop
  vertex 0.15015666 0.48945072 -0.09728925
  vertex 0.10052049 0.5015247 -0.09971351
  vertex 0.10050368 0.50888443 -0.050098
 endloop
endfacet
facet normal 0.2405088 0.9601531 -0.14234322
 outer loop
  vertex 0.15015666 0.48945072 -0.09728925
  vertex 0.10050368 0.50888443 -0.050098
  vertex 0.15014026 0.49663153 -0.048879985
 endloop
endfacet
facet normal -0.8586183 0.50702465 -0.075501345
 outer loop
  vertex -0.43394998 0.28296867 -0.05648313
  vertex -0.4601433 0.23988608 -0.04792529
  vertex -0.4601514 0.24342339 -0.024078501
 endloop
endfacet
facet normal -0.85861844 0.5070245 -0.07550152
 outer loop
  vertex -0.43394998 0.28296867 -0.05648313
  vertex -0.4601514 0.24342339 -0.024078501
  vertex -0.4339595 0.28713766 -0.028378183
 endloop
endfacet
facet normal 0.33440268 0.9322464 -0.13817185
 outer loop
  vertex 0.19834667 0.47266284 -0.09392805
  vertex 0.15015666 0.48945072 -0.09728925
  vertex 0.15014026 0.49663153 -0.048879985
 endloop
endfacet
facet normal 0.33440286 0.9322463 -0.13817166
 outer loop
  vertex 0.19834667 0.47266284 -0.09392805
  vertex 0.15014026 0.49663153 -0.048879985
  vertex 0.19833085 0.47959554 -0.04719127
 endloop
endfacet
facet normal -0.8042093 0.58787364 -0.087475955
 outer loop
  vertex -0.4035775 0.3233257 -0.064496644
  vertex -0.43394998 0.28296867 -0.05648313
  vertex -0.4339595 0.28713766 -0.028378183
 endloop
endfacet
facet normal -0.80420876 0.58787453 -0.08747469
 outer loop
  vertex -0.4035775 0.3233257 -0.064496644
  vertex -0.4339595 0.28713766 -0.028378183
  vertex -0.40358838 0.3280861 -0.032404248
 endloop
endfacet
facet normal 0.4250888 0.8953757 -0.13267174
 outer loop
  vertex 0.2446265 0.4513231 -0.089662276
  vertex 0.19834667 0.47266284 -0.09392805
  vertex 0.19833085 0.47959554 -0.04719127
 endloop
endfacet
facet normal 0.42508847 0.89537585 -0.13267207
 outer loop
  vertex 0.2446265 0.4513231 -0.089662276
  vertex 0.19833085 0.47959554 -0.04719127
  vertex 0.2446114 0.45794097 -0.04504806
 endloop
endfacet
facet normal -0.7420665 0.66303456 -0.09860252
 outer loop
  vertex -0.36931834 0.3605691 -0.0718892
  vertex -0.4035775 0.3233257 -0.064496644
  vertex -0.40358838 0.3280861 -0.032404248
 endloop
endfacet
facet normal -0.74206674 0.6630343 -0.09860284
 outer loop
  vertex -0.36931834 0.3605691 -0.0718892
  vertex -0.40358838 0.3280861 -0.032404248
  vertex -0.36933044 0.36587518 -0.036118403
 endloop
endfacet
facet normal 0.5117011 0.84988964 -0.12589554
 outer loop
  vertex 0.28855056 0.4256371 -0.08453324
  vertex 0.2446265 0.4513231 -0.089662276
  vertex 0.2446114 0.45794097 -0.04504806
 endloop
endfacet
facet normal 0.51170087 0.8498897 -0.12589593
 outer loop
  vertex 0.28855056 0.4256371 -0.08453324
  vertex 0.2446114 0.45794097 -0.04504806
  vertex 0.28853628 0.43187642 -0.04247123
 endloop
endfacet
facet normal -0.6727866 0.7317959 -0.10877921
 outer loop
  vertex -0.33150244 0.39433968 -0.07858948
  vertex -0.36931834 0.3605691 -0.0718892
  vertex -0.36933044 0.36587518 -0.036118403
 endloop
endfacet
facet normal -0.672787 0.73179543 -0.108779825
 outer loop
  vertex -0.33150244 0.39433968 -0.07858948
  vertex -0.36933044 0.36587518 -0.036118403
  vertex -0.3315157 0.40014032 -0.039484795
 endloop
endfacet
facet normal 0.5934205 0.79620993 -0.11790547
 outer loop
  vertex 0.32969564 0.39585152 -0.078589745
  vertex 0.28855056 0.4256371 -0.08453324
  vertex 0.28853628 0.43187642 -0.04247123
 endloop
endfacet
facet normal 0.5934206 0.79621 -0.117905386
 outer loop
  vertex 0.32969564 0.39585152 -0.078589745
  vertex 0.28853628 0.43187642 -0.04247123
  vertex 0.32968238 0.40165216 -0.039485067
 endloop
endfacet
facet normal -0.5970562 0.7934874 -0.11790529
 outer loop
  vertex -0.290494 0.42431316 -0.08453297
  vertex -0.33150244 0.39433968 -0.07858948
  vertex -0.3315157 0.40014032 -0.039484795
 endloop
endfacet
facet normal -0.5970565 0.7934872 -0.11790564
 outer loop
  vertex -0.290494 0.42431316 -0.08453297
  vertex -0.3315157 0.40014032 -0.039484795
  vertex -0.29050827 0.43055248 -0.042470954
 endloop
endfacet
facet normal 0.6694337 0.7348642 -0.10877984
 outer loop
  vertex 0.36766556 0.36225417 -0.07188947
  vertex 0.32969564 0.39585152 -0.078589745
  vertex 0.32968238 0.40165216 -0.039485067
 endloop
endfacet
facet normal 0.6694335 0.73486435 -0.10878039
 outer loop
  vertex 0.36766556 0.36225417 -0.07188947
  vertex 0.32968238 0.40165216 -0.039485067
  vertex 0.36765346 0.36756027 -0.03611868
 endloop
endfacet
facet normal -0.5155815 0.8475411 -0.12589611
 outer loop
  vertex -0.24668795 0.45019963 -0.08966209
  vertex -0.290494 0.42431316 -0.08453297
  vertex -0.29050827 0.43055248 -0.042470954
 endloop
endfacet
facet normal -0.51558083 0.84754163 -0.12589517
 outer loop
  vertex -0.24668795 0.45019963 -0.08966209
  vertex -0.29050827 0.43055248 -0.042470954
  vertex -0.24670306 0.4568175 -0.045047883
 endloop
endfacet
facet normal 0.73902637 0.66642123 -0.09860427
 outer loop
  vertex 0.40209472 0.32516783 -0.06449694
  vertex 0.36766556 0.36225417 -0.07188947
  vertex 0.36765346 0.36756027 -0.03611868
 endloop
endfacet
facet normal 0.73902696 0.6664208 -0.098602735
 outer loop
  vertex 0.40209472 0.32516783 -0.06449694
  vertex 0.36765346 0.36756027 -0.03611868
  vertex 0.40208384 0.32992825 -0.032404546
 endloop
endfacet
facet normal -0.42917746 0.89342314 -0.13267179
 outer loop
  vertex -0.20050614 0.4717507 -0.093927994
  vertex -0.24668795 0.45019963 -0.08966209
  vertex -0.24670306 0.4568175 -0.045047883
 endloop
endfacet
facet normal -0.42917758 0.893423 -0.13267195
 outer loop
  vertex -0.20050614 0.4717507 -0.093927994
  vertex -0.24670306 0.4568175 -0.045047883
  vertex -0.20052196 0.47868344 -0.04719123
 endloop
endfacet
facet normal 0.8015123 0.5915456 -0.08747503
 outer loop
  vertex 0.43265146 0.2849501 -0.05648345
  vertex 0.40209472 0.32516783 -0.06449694
  vertex 0.40208384 0.32992825 -0.032404546
 endloop
endfacet
facet normal 0.801512 0.5915459 -0.08747579
 outer loop
  vertex 0.43265146 0.2849501 -0.05648345
  vertex 0.40208384 0.32992825 -0.032404546
  vertex 0.43264192 0.2891191 -0.028378503
 endloop
endfacet
facet normal -0.3386643 0.9307067 -0.13817178
 outer loop
  vertex -0.15239331 0.48875895 -0.09728909
  vertex -0.20050614 0.4717507 -0.093927994
  vertex -0.20052196 0.47868344 -0.04719123
 endloop
endfacet
facet normal -0.33866414 0.9307068 -0.13817163
 outer loop
  vertex -0.15239331 0.48875895 -0.09728909
  vertex -0.20052196 0.47868344 -0.04719123
  vertex -0.15240972 0.49593976 -0.04887984
 endloop
endfacet
facet normal 0.8562904 0.5109465 -0.07550141
 outer loop
  vertex 0.45904148 0.2419879 -0.047925655
  vertex 0.43265146 0.2849501 -0.05648345
  vertex 0.43264192 0.2891191 -0.028378503
 endloop
endfacet
facet normal 0.8562906 0.5109462 -0.07550044
 outer loop
  vertex 0.45904148 0.2419879 -0.047925655
  vertex 0.43264192 0.2891191 -0.028378503
  vertex 0.45903337 0.24552523 -0.024078853
 endloop
endfacet
facet normal -0.24489737 0.95904315 -0.14234313
 outer loop
  vertex -0.10281293 0.5010598 -0.09971344
  vertex -0.15239331 0.48875895 -0.09728909
  vertex -0.15240972 0.49593976 -0.04887984
 endloop
endfacet
facet normal -0.24489738 0.9590432 -0.14234312
 outer loop
  vertex -0.10281293 0.5010598 -0.09971344
  vertex -0.15240972 0.49593976 -0.04887984
  vertex -0.10282974 0.5084195 -0.050097924
 endloop
endfacet
facet normal 0.90282035 0.42540815 -0.062796235
 outer loop
  vertex 0.4810107 0.19669518 -0.03890639
  vertex 0.45904148 0.2419879 -0.047925655
  vertex 0.45903337 0.24552523 -0.024078853
 endloop
endfacet
facet normal 0.9028202 0.42540827 -0.062796846
 outer loop
  vertex 0.4810107 0.19669518 -0.03890639
  vertex 0.45903337 0.24552523 -0.024078853
  vertex 0.48100415 0.19956678 -0.019547397
 endloop
endfacet
facet normal 0.046726443 0.9977045 -0.049013298
 outer loop
  vertex 0.04989919 0.5162365 -0.05083341
  vertex -0.0011857884 0.5186169 -0.05107932
  vertex -0.0011915076 0.5211265 -8.05091e-15
 endloop
endfacet
facet normal 0.046727937 0.9977045 -0.049011793
 outer loop
  vertex 0.04989919 0.5162365 -0.05083341
  vertex -0.0011915076 0.5211265 -8.05091e-15
  vertex 0.0498935 0.5187339 -1.8971075e-08
 endloop
endfacet
facet normal -0.94218224 0.334692 -0.0165477
 outer loop
  vertex -0.48191175 0.1973651 -0.019547023
  vertex -0.49903104 0.14940642 -0.014827352
  vertex -0.4990327 0.15013482 1.8521447e-07
 endloop
endfacet
facet normal -0.9421827 0.33469063 -0.01655143
 outer loop
  vertex -0.48191175 0.1973651 -0.019547023
  vertex -0.4990327 0.15013482 1.8521447e-07
  vertex -0.48191392 0.19832565 1.788156e-07
 endloop
endfacet
facet normal 0.9888128 0.1489877 -0.007206936
 outer loop
  vertex 0.51850075 0.052019134 -0.0050068474
  vertex 0.5108817 0.10234579 -0.009965307
  vertex 0.5108806 0.10283534 -1.9798291e-07
 endloop
endfacet
facet normal 0.9888127 0.14898834 -0.0072135488
 outer loop
  vertex 0.51850075 0.052019134 -0.0050068474
  vertex 0.5108806 0.10283534 -1.9798291e-07
  vertex 0.5185002 0.052265104 -1.9261662e-07
 endloop
endfacet
facet normal 0.1442965 0.9883432 -0.048540946
 outer loop
  vertex 0.10050368 0.50888443 -0.050098
  vertex 0.04989919 0.5162365 -0.05083341
  vertex 0.0498935 0.5187339 -1.8971075e-08
 endloop
endfacet
facet normal 0.14429861 0.988343 -0.048538767
 outer loop
  vertex 0.10050368 0.50888443 -0.050098
  vertex 0.0498935 0.5187339 -1.8971075e-08
  vertex 0.100498065 0.5113456 -9.997722e-09
 endloop
endfacet
facet normal -0.90476537 0.425392 -0.021004338
 outer loop
  vertex -0.4601514 0.24342339 -0.024078501
  vertex -0.48191175 0.1973651 -0.019547023
  vertex -0.48191392 0.19832565 1.788156e-07
 endloop
endfacet
facet normal -0.9047644 0.42539445 -0.020998929
 outer loop
  vertex -0.4601514 0.24342339 -0.024078501
  vertex -0.48191392 0.19832565 1.788156e-07
  vertex -0.4601541 0.24460629 1.7710151e-07
 endloop
endfacet
facet normal 0.24048743 0.9694843 -0.047601495
 outer loop
  vertex 0.15014026 0.49663153 -0.048879985
  vertex 0.10050368 0.50888443 -0.050098
  vertex 0.100498065 0.5113456 -9.997722e-09
 endloop
endfacet
facet normal 0.24048859 0.96948415 -0.047600236
 outer loop
  vertex 0.15014026 0.49663153 -0.048879985
  vertex 0.100498065 0.5113456 -9.997722e-09
  vertex 0.15013479 0.49903283 1.8169999e-08
 endloop
endfacet
facet normal -0.8586297 0.5119743 -0.025247103
 outer loop
  vertex -0.4339595 0.28713766 -0.028378183
  vertex -0.4601514 0.24342339 -0.024078501
  vertex -0.4601541 0.24460629 1.7710151e-07
 endloop
endfacet
facet normal -0.8586297 0.5119742 -0.025247125
 outer loop
  vertex -0.4339595 0.28713766 -0.028378183
  vertex -0.4601541 0.24460629 1.7710151e-07
  vertex -0.43396267 0.28853178 6.444496e-08
 endloop
endfacet
facet normal 0.3343822 0.9413042 -0.04620535
 outer loop
  vertex 0.19833085 0.47959554 -0.04719127
  vertex 0.15014026 0.49663153 -0.048879985
  vertex 0.15013479 0.49903283 1.8169999e-08
 endloop
endfacet
facet normal 0.33437815 0.9413054 -0.046210002
 outer loop
  vertex 0.19833085 0.47959554 -0.04719127
  vertex 0.15013479 0.49903283 1.8169999e-08
  vertex 0.19832556 0.4819141 -7.406784e-08
 endloop
endfacet
facet normal -0.804222 0.5936088 -0.029251426
 outer loop
  vertex -0.40358838 0.3280861 -0.032404248
  vertex -0.4339595 0.28713766 -0.028378183
  vertex -0.43396267 0.28853178 6.444496e-08
 endloop
endfacet
facet normal -0.80422264 0.5936078 -0.029253317
 outer loop
  vertex -0.40358838 0.3280861 -0.032404248
  vertex -0.43396267 0.28853178 6.444496e-08
  vertex -0.40359202 0.3296781 1.496151e-07
 endloop
endfacet
facet normal 0.4250687 0.90407294 -0.04437056
 outer loop
  vertex 0.2446114 0.45794097 -0.04504806
  vertex 0.19833085 0.47959554 -0.04719127
  vertex 0.19832556 0.4819141 -7.406784e-08
 endloop
endfacet
facet normal 0.42507258 0.9040714 -0.04436576
 outer loop
  vertex 0.2446114 0.45794097 -0.04504806
  vertex 0.19832556 0.4819141 -7.406784e-08
  vertex 0.24460635 0.460154 -1.3001255e-08
 endloop
endfacet
facet normal -0.7420815 0.6694981 -0.032974724
 outer loop
  vertex -0.36933044 0.36587518 -0.036118403
  vertex -0.40358838 0.3280861 -0.032404248
  vertex -0.40359202 0.3296781 1.496151e-07
 endloop
endfacet
facet normal -0.7420808 0.6694989 -0.03297329
 outer loop
  vertex -0.36933044 0.36587518 -0.036118403
  vertex -0.40359202 0.3296781 1.496151e-07
  vertex -0.3693345 0.36764956 1.3685954e-07
 endloop
endfacet
facet normal 0.5116823 0.85814273 -0.04209975
 outer loop
  vertex 0.28853628 0.43187642 -0.04247123
  vertex 0.2446114 0.45794097 -0.04504806
  vertex 0.24460635 0.460154 -1.3001255e-08
 endloop
endfacet
facet normal 0.5116812 0.85814327 -0.04210123
 outer loop
  vertex 0.28853628 0.43187642 -0.04247123
  vertex 0.24460635 0.460154 -1.3001255e-08
  vertex 0.28853154 0.4339629 -1.9624926e-07
 endloop
endfacet
facet normal -0.6728032 0.73892665 -0.036376245
 outer loop
  vertex -0.3315157 0.40014032 -0.039484795
  vertex -0.36933044 0.36587518 -0.036118403
  vertex -0.3693345 0.36764956 1.3685954e-07
 endloop
endfacet
facet normal -0.67280567 0.73892415 -0.03638076
 outer loop
  vertex -0.3315157 0.40014032 -0.039484795
  vertex -0.3693345 0.36764956 1.3685954e-07
  vertex -0.3315201 0.40208033 1.2278593e-07
 endloop
endfacet
facet normal 0.59340286 0.8039393 -0.03942922
 outer loop
  vertex 0.32968238 0.40165216 -0.039485067
  vertex 0.28853628 0.43187642 -0.04247123
  vertex 0.28853154 0.4339629 -1.9624926e-07
 endloop
endfacet
facet normal 0.5934031 0.80393904 -0.039428715
 outer loop
  vertex 0.32968238 0.40165216 -0.039485067
  vertex 0.28853154 0.4339629 -1.9624926e-07
  vertex 0.32967797 0.40359193 -1.2608584e-07
 endloop
endfacet
facet normal -0.59707415 0.80121624 -0.039432846
 outer loop
  vertex -0.29050827 0.43055248 -0.042470954
  vertex -0.3315157 0.40014032 -0.039484795
  vertex -0.3315201 0.40208033 1.2278593e-07
 endloop
endfacet
facet normal -0.5970709 0.801219 -0.03942783
 outer loop
  vertex -0.29050827 0.43055248 -0.042470954
  vertex -0.3315201 0.40208033 1.2278593e-07
  vertex -0.290513 0.43263894 8.093372e-08
 endloop
endfacet
facet normal 0.66941714 0.74199563 -0.03637718
 outer loop
  vertex 0.36765346 0.36756027 -0.03611868
  vertex 0.32968238 0.40165216 -0.039485067
  vertex 0.32967797 0.40359193 -1.2608584e-07
 endloop
endfacet
facet normal 0.66941726 0.74199545 -0.036376864
 outer loop
  vertex 0.36765346 0.36756027 -0.03611868
  vertex 0.32967797 0.40359193 -1.2608584e-07
  vertex 0.3676494 0.36933467 -3.1443697e-08
 endloop
endfacet
facet normal -0.5155998 0.85579467 -0.04209987
 outer loop
  vertex -0.24670306 0.4568175 -0.045047883
  vertex -0.29050827 0.43055248 -0.042470954
  vertex -0.290513 0.43263894 8.093372e-08
 endloop
endfacet
facet normal -0.5156037 0.855792 -0.042105176
 outer loop
  vertex -0.24670306 0.4568175 -0.045047883
  vertex -0.290513 0.43263894 8.093372e-08
  vertex -0.24670811 0.45903084 9.123819e-08
 endloop
endfacet
facet normal 0.73901224 0.6728846 -0.032973863
 outer loop
  vertex 0.40208384 0.32992825 -0.032404546
  vertex 0.36765346 0.36756027 -0.03611868
  vertex 0.3676494 0.36933467 -3.1443697e-08
 endloop
endfacet
facet normal 0.7390117 0.67288506 -0.03297497
 outer loop
  vertex 0.40208384 0.32992825 -0.032404546
  vertex 0.3676494 0.36933467 -3.1443697e-08
  vertex 0.4020802 0.33152023 -1.496151e-07
 endloop
endfacet
facet normal -0.42919734 0.9021202 -0.044371743
 outer loop
  vertex -0.20052196 0.47868344 -0.04719123
  vertex -0.24670306 0.4568175 -0.045047883
  vertex -0.24670811 0.45903084 9.123819e-08
 endloop
endfacet
facet normal -0.42919296 0.9021225 -0.04436647
 outer loop
  vertex -0.20052196 0.47868344 -0.04719123
  vertex -0.24670811 0.45903084 9.123819e-08
  vertex -0.20052725 0.4810018 1.2527366e-08
 endloop
endfacet
facet normal 0.801499 0.59728014 -0.029253561
 outer loop
  vertex 0.43264192 0.2891191 -0.028378503
  vertex 0.40208384 0.32992825 -0.032404546
  vertex 0.4020802 0.33152023 -1.496151e-07
 endloop
endfacet
facet normal 0.80149925 0.59727985 -0.02925303
 outer loop
  vertex 0.43264192 0.2891191 -0.028378503
  vertex 0.4020802 0.33152023 -1.496151e-07
  vertex 0.43263876 0.29051322 -2.5741463e-07
 endloop
endfacet
facet normal -0.3386851 0.9397645 -0.046205543
 outer loop
  vertex -0.15240972 0.49593976 -0.04887984
  vertex -0.20052196 0.47868344 -0.04719123
  vertex -0.20052725 0.4810018 1.2527366e-08
 endloop
endfacet
facet normal -0.33868572 0.93976426 -0.046206255
 outer loop
  vertex -0.15240972 0.49593976 -0.04887984
  vertex -0.20052725 0.4810018 1.2527366e-08
  vertex -0.15241519 0.4983411 5.6184188e-08
 endloop
endfacet
facet normal 0.8562793 0.51589566 -0.025248807
 outer loop
  vertex 0.45903337 0.24552523 -0.024078853
  vertex 0.43264192 0.2891191 -0.028378503
  vertex 0.43263876 0.29051322 -2.5741463e-07
 endloop
endfacet
facet normal 0.8562793 0.5158956 -0.025248725
 outer loop
  vertex 0.45903337 0.24552523 -0.024078853
  vertex 0.43263876 0.29051322 -2.5741463e-07
  vertex 0.4590307 0.24670812 -1.6040507e-07
 endloop
endfacet
facet normal -0.24491856 0.9683744 -0.047601312
 outer loop
  vertex -0.10282974 0.5084195 -0.050097924
  vertex -0.15240972 0.49593976 -0.04887984
  vertex -0.15241519 0.4983411 5.6184188e-08
 endloop
endfacet
facet normal -0.24491864 0.9683744 -0.04760143
 outer loop
  vertex -0.10282974 0.5084195 -0.050097924
  vertex -0.15241519 0.4983411 5.6184188e-08
  vertex -0.10283536 0.5108807 3.7759467e-08
 endloop
endfacet
facet normal 0.90281075 0.42952487 -0.021000432
 outer loop
  vertex 0.48100415 0.19956678 -0.019547397
  vertex 0.45903337 0.24552523 -0.024078853
  vertex 0.4590307 0.24670812 -1.6040507e-07
 endloop
endfacet
facet normal 0.9028097 0.4295269 -0.02100665
 outer loop
  vertex 0.48100415 0.19956678 -0.019547397
  vertex 0.4590307 0.24670812 -1.6040507e-07
  vertex 0.48100197 0.20052734 -1.788156e-07
 endloop
endfacet
facet normal -0.14881566 0.987673 -0.04853874
 outer loop
  vertex -0.05225941 0.51600295 -0.050833374
  vertex -0.10282974 0.5084195 -0.050097924
  vertex -0.10283536 0.5108807 3.7759467e-08
 endloop
endfacet
facet normal -0.14881769 0.9876725 -0.04854082
 outer loop
  vertex -0.05225941 0.51600295 -0.050833374
  vertex -0.10283536 0.5108807 3.7759467e-08
  vertex -0.052265104 0.5185004 1.897108e-08
 endloop
endfacet
facet normal -0.98948365 0.14446506 -0.007204013
 outer loop
  vertex -0.5113444 0.10000855 -0.009964938
  vertex -0.5187332 0.04964754 -0.00500647
  vertex -0.51873374 0.049893532 1.9261662e-07
 endloop
endfacet
facet normal -0.98948383 0.14446396 -0.007209659
 outer loop
  vertex -0.5113444 0.10000855 -0.009964938
  vertex -0.51873374 0.049893532 1.9261662e-07
  vertex -0.5113455 0.10049811 1.748816e-07
 endloop
endfacet
facet normal 0.94064176 0.33899716 -0.016553774
 outer loop
  vertex 0.4983426 0.15168689 -0.014827734
  vertex 0.48100415 0.19956678 -0.019547397
  vertex 0.48100197 0.20052734 -1.788156e-07
 endloop
endfacet
facet normal 0.9406425 0.33899537 -0.016547188
 outer loop
  vertex 0.4983426 0.15168689 -0.014827734
  vertex 0.48100197 0.20052734 -1.788156e-07
  vertex 0.49834093 0.15241529 -1.8521447e-07
 endloop
endfacet
facet normal -0.05128734 0.9974805 -0.049011767
 outer loop
  vertex -0.0011857884 0.5186169 -0.05107932
  vertex -0.05225941 0.51600295 -0.050833374
  vertex -0.052265104 0.5185004 1.897108e-08
 endloop
endfacet
facet normal -0.051288832 0.9974804 -0.049013257
 outer loop
  vertex -0.0011857884 0.5186169 -0.05107932
  vertex -0.052265104 0.5185004 1.897108e-08
  vertex -0.0011915076 0.5211265 -8.05091e-15
 endloop
endfacet
facet normal -0.97051525 0.24074389 -0.0119374795
 outer loop
  vertex -0.49903104 0.14940642 -0.014827352
  vertex -0.5113444 0.10000855 -0.009964938
  vertex -0.5113455 0.10049811 1.748816e-07
 endloop
endfacet
facet normal -0.97051513 0.2407444 -0.011935737
 outer loop
  vertex -0.49903104 0.14940642 -0.014827352
  vertex -0.5113455 0.10049811 1.748816e-07
  vertex -0.4990327 0.15013482 1.8521447e-07
 endloop
endfacet
facet normal 0.96940416 0.24517977 -0.011935265
 outer loop
  vertex 0.5108817 0.10234579 -0.009965307
  vertex 0.4983426 0.15168689 -0.014827734
  vertex 0.49834093 0.15241529 -1.8521447e-07
 endloop
endfacet
facet normal 0.9694042 0.24517965 -0.011934747
 outer loop
  vertex 0.5108817 0.10234579 -0.009965307
  vertex 0.49834093 0.15241529 -1.8521447e-07
  vertex 0.5108806 0.10283534 -1.9798291e-07
 endloop
endfacet
endsolid 
