solid 
facet normal -0.9940373 -0.108600356 0.009802673
 outer loop
  vertex -0.17785367 -0.028328493 0.0014520788
  vertex -0.17784859 -0.028218945 0.003180987
  vertex -0.17977536 -0.010760627 0.0012125212
 endloop
endfacet
facet normal 0.999936 0.010719326 -0.0036180404
 outer loop
  vertex 0.1799657 -0.0069165435 -0.0009574932
  vertex 0.17977536 0.010754939 -0.0012086947
  vertex 0.17997079 -0.006806994 0.00077141565
 endloop
endfacet
facet normal 0.9999077 0.010650436 -0.008442848
 outer loop
  vertex 0.17995045 -0.0068564042 -0.0026887655
  vertex 0.17977536 0.010754939 -0.0012086947
  vertex 0.1799657 -0.0069165435 -0.0009574932
 endloop
endfacet
facet normal -0.9940656 -0.10866914 0.0049866023
 outer loop
  vertex -0.17786893 -0.028268356 -0.00027919246
  vertex -0.17785367 -0.028328493 0.0014520788
  vertex -0.17977536 -0.010760627 0.0012125212
 endloop
endfacet
facet normal 0.9998513 0.011053135 -0.013241228
 outer loop
  vertex 0.17992517 -0.0066271555 -0.0044057276
  vertex 0.17977536 0.010754939 -0.0012086947
  vertex 0.17995045 -0.0068564042 -0.0026887655
 endloop
endfacet
facet normal -0.994122 -0.10826551 0.00017710646
 outer loop
  vertex -0.1778942 -0.028039107 -0.0019961542
  vertex -0.17786893 -0.028268356 -0.00027919246
  vertex -0.17977536 -0.010760627 0.0012125212
 endloop
endfacet
facet normal -0.99420595 -0.107395336 -0.004557871
 outer loop
  vertex -0.17792927 -0.02764296 -0.0036822704
  vertex -0.1778942 -0.028039107 -0.0019961542
  vertex -0.17977536 -0.010760627 0.0012125212
 endloop
endfacet
facet normal 0.99976707 0.011925484 -0.01798809
 outer loop
  vertex 0.17989011 -0.006231008 -0.0060918443
  vertex 0.17977536 0.010754939 -0.0012086947
  vertex 0.17992517 -0.0066271555 -0.0044057276
 endloop
endfacet
facet normal -0.9943168 -0.10606523 -0.009187239
 outer loop
  vertex -0.17797378 -0.027083728 -0.0053213025
  vertex -0.17792927 -0.02764296 -0.0036822704
  vertex -0.17977536 -0.010760627 0.0012125212
 endloop
endfacet
facet normal 0.9996561 0.01325731 -0.022623427
 outer loop
  vertex 0.1798456 -0.005671777 -0.007730878
  vertex 0.17977536 0.010754939 -0.0012086947
  vertex 0.17989011 -0.006231008 -0.0060918443
 endloop
endfacet
facet normal 0.99951977 0.015032408 -0.02709564
 outer loop
  vertex 0.17979209 -0.0049548466 -0.009307043
  vertex 0.17977536 0.010754939 -0.0012086947
  vertex 0.1798456 -0.005671777 -0.007730878
 endloop
endfacet
facet normal -0.99445355 -0.10428457 -0.013673495
 outer loop
  vertex -0.17802729 -0.026366796 -0.006897467
  vertex -0.17797378 -0.027083728 -0.0053213025
  vertex -0.17977536 -0.010760627 0.0012125212
 endloop
endfacet
facet normal 0.9993587 0.017242825 -0.031383906
 outer loop
  vertex 0.17973007 -0.0040871194 -0.010805161
  vertex 0.17977536 0.010754939 -0.0012086947
  vertex 0.17979209 -0.0049548466 -0.009307043
 endloop
endfacet
facet normal -0.99461424 -0.10207972 -0.017950958
 outer loop
  vertex -0.1780893 -0.02549907 -0.008395584
  vertex -0.17802729 -0.026366796 -0.006897467
  vertex -0.17977536 -0.010760627 0.0012125212
 endloop
endfacet
facet normal 0.9991749 0.019857995 -0.03542771
 outer loop
  vertex 0.17966016 -0.0030769538 -0.012210803
  vertex 0.17977536 0.010754939 -0.0012086947
  vertex 0.17973007 -0.0040871194 -0.010805161
 endloop
endfacet
facet normal -0.9947981 -0.09946265 -0.021997705
 outer loop
  vertex -0.17815922 -0.024488907 -0.009801227
  vertex -0.1780893 -0.02549907 -0.008395584
  vertex -0.17977536 -0.010760627 0.0012125212
 endloop
endfacet
facet normal 0.9989704 0.02285202 -0.039189667
 outer loop
  vertex 0.17958303 -0.0019340804 -0.013510432
  vertex 0.17977536 0.010754939 -0.0012086947
  vertex 0.17966016 -0.0030769538 -0.012210803
 endloop
endfacet
facet normal -0.99500334 -0.096457645 -0.025773453
 outer loop
  vertex -0.17823635 -0.023346033 -0.011100857
  vertex -0.17815922 -0.024488907 -0.009801227
  vertex -0.17977536 -0.010760627 0.0012125212
 endloop
endfacet
facet normal 0.9987458 0.026216812 -0.04265688
 outer loop
  vertex 0.17949939 -0.00066950265 -0.014691534
  vertex 0.17977536 0.010754939 -0.0012086947
  vertex 0.17958303 -0.0019340804 -0.013510432
 endloop
endfacet
facet normal -0.99522656 -0.09311459 -0.02921825
 outer loop
  vertex -0.17831999 -0.022081455 -0.012281957
  vertex -0.17823635 -0.023346033 -0.011100857
  vertex -0.17977536 -0.010760627 0.0012125212
 endloop
endfacet
facet normal -0.995468 -0.08943131 -0.032334287
 outer loop
  vertex -0.1784093 -0.020707354 -0.013333155
  vertex -0.17831999 -0.022081455 -0.012281957
  vertex -0.17977536 -0.010760627 0.0012125212
 endloop
endfacet
facet normal 0.9985053 0.029885482 -0.045760524
 outer loop
  vertex 0.17941009 0.00070459954 -0.015742734
  vertex 0.17977536 0.010754939 -0.0012086947
  vertex 0.17949939 -0.00066950265 -0.014691534
 endloop
endfacet
facet normal -0.9957237 -0.08546563 -0.035070147
 outer loop
  vertex -0.17850341 -0.01923696 -0.014244326
  vertex -0.1784093 -0.020707354 -0.013333155
  vertex -0.17977536 -0.010760627 0.0012125212
 endloop
endfacet
facet normal 0.99825 0.033845443 -0.048492443
 outer loop
  vertex 0.17931597 0.002174994 -0.016653905
  vertex 0.17977536 0.010754939 -0.0012086947
  vertex 0.17941009 0.00070459954 -0.015742734
 endloop
endfacet
facet normal 0.9979821 0.038059924 -0.05082566
 outer loop
  vertex 0.17921793 0.003727517 -0.017416276
  vertex 0.17977536 0.010754939 -0.0012086947
  vertex 0.17931597 0.002174994 -0.016653905
 endloop
endfacet
facet normal -0.9959913 -0.08125759 -0.037399795
 outer loop
  vertex -0.17860144 -0.017684437 -0.015006696
  vertex -0.17850341 -0.01923696 -0.014244326
  vertex -0.17977536 -0.010760627 0.0012125212
 endloop
endfacet
facet normal 0.9977043 0.04248546 -0.05273496
 outer loop
  vertex 0.17911692 0.00534722 -0.018022502
  vertex 0.17977536 0.010754939 -0.0012086947
  vertex 0.17921793 0.003727517 -0.017416276
 endloop
endfacet
facet normal -0.99626815 -0.07684432 -0.039303813
 outer loop
  vertex -0.17870246 -0.016064733 -0.015612924
  vertex -0.17860144 -0.017684437 -0.015006696
  vertex -0.17977536 -0.010760627 0.0012125212
 endloop
endfacet
facet normal 0.9974206 0.047062617 -0.054195978
 outer loop
  vertex 0.17901392 0.0070185037 -0.018466745
  vertex 0.17977536 0.010754939 -0.0012086947
  vertex 0.17911692 0.00534722 -0.018022502
 endloop
endfacet
facet normal -0.9965528 -0.07225195 -0.040769678
 outer loop
  vertex -0.17880546 -0.014393452 -0.016057165
  vertex -0.17870246 -0.016064733 -0.015612924
  vertex -0.17977536 -0.010760627 0.0012125212
 endloop
endfacet
facet normal 0.9971319 0.051773917 -0.05520326
 outer loop
  vertex 0.17890991 0.0087252725 -0.01874473
  vertex 0.17977536 0.010754939 -0.0012086947
  vertex 0.17901392 0.0070185037 -0.018466745
 endloop
endfacet
facet normal -0.99684095 -0.06755123 -0.041774698
 outer loop
  vertex -0.17890947 -0.012686684 -0.01633515
  vertex -0.17880546 -0.014393452 -0.016057165
  vertex -0.17977536 -0.010760627 0.0012125212
 endloop
endfacet
facet normal 0.99684227 0.0565548 -0.055742312
 outer loop
  vertex 0.1788059 0.010451089 -0.018853774
  vertex 0.17977536 0.010754939 -0.0012086947
  vertex 0.17890991 0.0087252725 -0.01874473
 endloop
endfacet
facet normal -0.99713075 -0.0627679 -0.042314027
 outer loop
  vertex -0.17901348 -0.010960869 -0.016444195
  vertex -0.17890947 -0.012686684 -0.01633515
  vertex -0.17977536 -0.010760627 0.0012125212
 endloop
endfacet
facet normal -0.99741966 -0.05794802 -0.042381153
 outer loop
  vertex -0.17911647 -0.009232625 -0.016383253
  vertex -0.17901348 -0.010960869 -0.016444195
  vertex -0.17977536 -0.010760627 0.0012125212
 endloop
endfacet
facet normal 0.99655426 0.061358865 -0.055809215
 outer loop
  vertex 0.1787029 0.012179332 -0.018792834
  vertex 0.17977536 0.010754939 -0.0012086947
  vertex 0.1788059 0.010451089 -0.018853774
 endloop
endfacet
facet normal -0.9977035 -0.053157993 -0.04197582
 outer loop
  vertex -0.17921749 -0.0075185993 -0.01615291
  vertex -0.17911647 -0.009232625 -0.016383253
  vertex -0.17977536 -0.010760627 0.0012125212
 endloop
endfacet
facet normal 0.9962698 0.066159874 -0.055402968
 outer loop
  vertex 0.17860189 0.013893359 -0.018562492
  vertex 0.17977536 0.010754939 -0.0012086947
  vertex 0.1787029 0.012179332 -0.018792834
 endloop
endfacet
facet normal 0.99599195 0.070900664 -0.05452681
 outer loop
  vertex 0.17850383 0.0155766625 -0.018164966
  vertex 0.17977536 0.010754939 -0.0012086947
  vertex 0.17860189 0.013893359 -0.018562492
 endloop
endfacet
facet normal -0.9979804 -0.048432864 -0.041102562
 outer loop
  vertex -0.17931555 -0.0058352966 -0.015755385
  vertex -0.17921749 -0.0075185993 -0.01615291
  vertex -0.17977536 -0.010760627 0.0012125212
 endloop
endfacet
facet normal 0.995725 0.075511545 -0.053195614
 outer loop
  vertex 0.1784097 0.01721303 -0.017604087
  vertex 0.17977536 0.010754939 -0.0012086947
  vertex 0.17850383 0.0155766625 -0.018164966
 endloop
endfacet
facet normal -0.99824893 -0.043794192 -0.039763357
 outer loop
  vertex -0.17940968 -0.0041989293 -0.015194506
  vertex -0.17931555 -0.0058352966 -0.015755385
  vertex -0.17977536 -0.010760627 0.0012125212
 endloop
endfacet
facet normal 0.99546885 0.07999252 -0.051409267
 outer loop
  vertex 0.17832036 0.018786706 -0.016885255
  vertex 0.17977536 0.010754939 -0.0012086947
  vertex 0.1784097 0.01721303 -0.017604087
 endloop
endfacet
facet normal -0.9985041 -0.039331295 -0.03798418
 outer loop
  vertex -0.17949902 -0.002625255 -0.014475676
  vertex -0.17940968 -0.0041989293 -0.015194506
  vertex -0.17977536 -0.010760627 0.0012125212
 endloop
endfacet
facet normal 0.995228 0.08426797 -0.049196422
 outer loop
  vertex 0.17823671 0.02028253 -0.016015394
  vertex 0.17977536 0.010754939 -0.0012086947
  vertex 0.17832036 0.018786706 -0.016885255
 endloop
endfacet
facet normal -0.9987451 -0.035054103 -0.03577042
 outer loop
  vertex -0.17958267 -0.0011294307 -0.0136058135
  vertex -0.17949902 -0.002625255 -0.014475676
  vertex -0.17977536 -0.010760627 0.0012125212
 endloop
endfacet
facet normal -0.9989691 -0.031014476 -0.03314777
 outer loop
  vertex -0.17965984 0.00027413946 -0.0125933
  vertex -0.17958267 -0.0011294307 -0.0136058135
  vertex -0.17977536 -0.010760627 0.0012125212
 endloop
endfacet
facet normal 0.9950039 0.088306665 -0.046574287
 outer loop
  vertex 0.17815953 0.021686101 -0.015002877
  vertex 0.17977536 0.010754939 -0.0012086947
  vertex 0.17823671 0.02028253 -0.016015394
 endloop
endfacet
facet normal -0.9991742 -0.027249897 -0.03014052
 outer loop
  vertex -0.17972979 0.0015719384 -0.011447885
  vertex -0.17965984 0.00027413946 -0.0125933
  vertex -0.17977536 -0.010760627 0.0012125212
 endloop
endfacet
facet normal 0.994799 0.09206891 -0.043569032
 outer loop
  vertex 0.17808959 0.0229839 -0.013857462
  vertex 0.17977536 0.010754939 -0.0012086947
  vertex 0.17815953 0.021686101 -0.015002877
 endloop
endfacet
facet normal 0.9946151 0.095520295 -0.040207602
 outer loop
  vertex 0.17802754 0.024163427 -0.012590176
  vertex 0.17977536 0.010754939 -0.0012086947
  vertex 0.17808959 0.0229839 -0.013857462
 endloop
endfacet
facet normal -0.9993581 -0.023798818 -0.02677947
 outer loop
  vertex -0.17979184 0.002751465 -0.010180598
  vertex -0.17972979 0.0015719384 -0.011447885
  vertex -0.17977536 -0.010760627 0.0012125212
 endloop
endfacet
facet normal 0.994454 0.09862694 -0.036522903
 outer loop
  vertex 0.17797399 0.025213324 -0.011213223
  vertex 0.17977536 0.010754939 -0.0012086947
  vertex 0.17802754 0.024163427 -0.012590176
 endloop
endfacet
facet normal -0.99951905 -0.020693645 -0.023096543
 outer loop
  vertex -0.1798454 0.0038013626 -0.008803647
  vertex -0.17979184 0.002751465 -0.010180598
  vertex -0.17977536 -0.010760627 0.0012125212
 endloop
endfacet
facet normal -0.9996557 -0.017961761 -0.019123841
 outer loop
  vertex -0.17988993 0.004711518 -0.00733029
  vertex -0.1798454 0.0038013626 -0.008803647
  vertex -0.17977536 -0.010760627 0.0012125212
 endloop
endfacet
facet normal 0.9943175 0.10135622 -0.032554068
 outer loop
  vertex 0.17792945 0.026123483 -0.0097398665
  vertex 0.17977536 0.010754939 -0.0012086947
  vertex 0.17797399 0.025213324 -0.011213223
 endloop
endfacet
facet normal -0.9997667 -0.01563489 -0.014908089
 outer loop
  vertex -0.17992504 0.0054731686 -0.005774717
  vertex -0.17988993 0.004711518 -0.00733029
  vertex -0.17977536 -0.010760627 0.0012125212
 endloop
endfacet
facet normal 0.99420637 0.10368753 -0.02833022
 outer loop
  vertex 0.17789434 0.026885131 -0.008184293
  vertex 0.17977536 0.010754939 -0.0012086947
  vertex 0.17792945 0.026123483 -0.0097398665
 endloop
endfacet
facet normal -0.9998509 -0.01372717 -0.010473979
 outer loop
  vertex -0.17995036 0.006078979 -0.0041519105
  vertex -0.17992504 0.0054731686 -0.005774717
  vertex -0.17977536 -0.010760627 0.0012125212
 endloop
endfacet
facet normal 0.9941224 0.10558991 -0.023908472
 outer loop
  vertex 0.17786902 0.02749094 -0.006561486
  vertex 0.17977536 0.010754939 -0.0012086947
  vertex 0.17789434 0.026885131 -0.008184293
 endloop
endfacet
facet normal 0.99406564 0.10705411 -0.019310586
 outer loop
  vertex 0.17785372 0.027935075 -0.0048870724
  vertex 0.17977536 0.010754939 -0.0012086947
  vertex 0.17786902 0.02749094 -0.006561486
 endloop
endfacet
facet normal -0.99990743 -0.012265972 -0.005885258
 outer loop
  vertex -0.17996566 0.006523112 -0.002477497
  vertex -0.17995036 0.006078979 -0.0041519105
  vertex -0.17977536 -0.010760627 0.0012125212
 endloop
endfacet
facet normal 0.9940372 0.10805947 -0.014599943
 outer loop
  vertex 0.17784859 0.028213253 -0.0031771779
  vertex 0.17977536 0.010754939 -0.0012086947
  vertex 0.17785372 0.027935075 -0.0048870724
 endloop
endfacet
facet normal -0.999936 -0.01125874 -0.0011659964
 outer loop
  vertex -0.17997079 0.0068012904 -0.0007676026
  vertex -0.17996566 0.006523112 -0.002477497
  vertex -0.17977536 -0.010760627 0.0012125212
 endloop
endfacet
facet normal 0.9940372 0.10860036 -0.009802804
 outer loop
  vertex 0.17785367 0.028322803 -0.0014482696
  vertex 0.17977536 0.010754939 -0.0012086947
  vertex 0.17784859 0.028213253 -0.0031771779
 endloop
endfacet
facet normal -0.999936 -0.010719334 0.0036180473
 outer loop
  vertex -0.1799657 0.00691084 0.0009613051
  vertex -0.17997079 0.0068012904 -0.0007676026
  vertex -0.17977536 -0.010760627 0.0012125212
 endloop
endfacet
facet normal 0.9940656 0.108669154 -0.004986281
 outer loop
  vertex 0.17786893 0.028262662 0.00028300157
  vertex 0.17977536 0.010754939 -0.0012086947
  vertex 0.17785367 0.028322803 -0.0014482696
 endloop
endfacet
facet normal -0.9999077 -0.010650439 0.008442847
 outer loop
  vertex -0.17995045 0.006850699 0.0026925756
  vertex -0.1799657 0.00691084 0.0009613051
  vertex -0.17977536 -0.010760627 0.0012125212
 endloop
endfacet
facet normal -0.9998513 -0.011053137 0.013241251
 outer loop
  vertex -0.17992517 0.006621452 0.0044095367
  vertex -0.17995045 0.006850699 0.0026925756
  vertex -0.17977536 -0.010760627 0.0012125212
 endloop
endfacet
facet normal 0.9941221 0.10826555 -0.00017724877
 outer loop
  vertex 0.1778942 0.028033415 0.001999963
  vertex 0.17977536 0.010754939 -0.0012086947
  vertex 0.17786893 0.028262662 0.00028300157
 endloop
endfacet
facet normal -0.99976707 -0.011925479 0.0179881
 outer loop
  vertex -0.17989011 0.0062253047 0.0060956525
  vertex -0.17992517 0.006621452 0.0044095367
  vertex -0.17977536 -0.010760627 0.0012125212
 endloop
endfacet
facet normal 0.994206 0.10739539 0.0045577916
 outer loop
  vertex 0.17792927 0.02763727 0.0036860795
  vertex 0.17977536 0.010754939 -0.0012086947
  vertex 0.1778942 0.028033415 0.001999963
 endloop
endfacet
facet normal 0.99431676 0.106065236 0.009187374
 outer loop
  vertex 0.17797378 0.027078036 0.0053251125
  vertex 0.17977536 0.010754939 -0.0012086947
  vertex 0.17792927 0.02763727 0.0036860795
 endloop
endfacet
facet normal -0.9996561 -0.013257301 0.02262344
 outer loop
  vertex -0.1798456 0.0056660734 0.007734685
  vertex -0.17989011 0.0062253047 0.0060956525
  vertex -0.17977536 -0.010760627 0.0012125212
 endloop
endfacet
facet normal 0.99445355 0.10428466 0.0136733735
 outer loop
  vertex 0.17802729 0.026361106 0.006901278
  vertex 0.17977536 0.010754939 -0.0012086947
  vertex 0.17797378 0.027078036 0.0053251125
 endloop
endfacet
facet normal -0.99951977 -0.015032394 0.027095657
 outer loop
  vertex -0.17979209 0.004949143 0.009310849
  vertex -0.1798456 0.0056660734 0.007734685
  vertex -0.17977536 -0.010760627 0.0012125212
 endloop
endfacet
facet normal 0.99461424 0.102079764 0.017950963
 outer loop
  vertex 0.1780893 0.02549338 0.008399395
  vertex 0.17977536 0.010754939 -0.0012086947
  vertex 0.17802729 0.026361106 0.006901278
 endloop
endfacet
facet normal -0.9993587 -0.017242808 0.03138392
 outer loop
  vertex -0.17973007 0.004081415 0.010808966
  vertex -0.17979209 0.004949143 0.009310849
  vertex -0.17977536 -0.010760627 0.0012125212
 endloop
endfacet
facet normal 0.9947984 0.09945799 0.022005035
 outer loop
  vertex 0.1781592 0.024483215 0.009805037
  vertex 0.17977536 0.010754939 -0.0012086947
  vertex 0.1780893 0.02549338 0.008399395
 endloop
endfacet
facet normal -0.9991749 -0.019858006 0.035427768
 outer loop
  vertex -0.17966016 0.0030712523 0.012214608
  vertex -0.17973007 0.004081415 0.010808966
  vertex -0.17977536 -0.010760627 0.0012125212
 endloop
endfacet
facet normal 0.995003 0.09646367 0.02576741
 outer loop
  vertex 0.17823635 0.02334034 0.011104666
  vertex 0.17977536 0.010754939 -0.0012086947
  vertex 0.1781592 0.024483215 0.009805037
 endloop
endfacet
facet normal -0.9989704 -0.022851976 0.039189663
 outer loop
  vertex -0.17958303 0.0019283779 0.0135142375
  vertex -0.17966016 0.0030712523 0.012214608
  vertex -0.17977536 -0.010760627 0.0012125212
 endloop
endfacet
facet normal -0.99874616 -0.02621084 0.042650767
 outer loop
  vertex -0.1794994 0.0006638011 0.014695338
  vertex -0.17958303 0.0019283779 0.0135142375
  vertex -0.17977536 -0.010760627 0.0012125212
 endloop
endfacet
facet normal 0.99522704 0.09310869 0.029224446
 outer loop
  vertex 0.17831998 0.022075763 0.012285768
  vertex 0.17977536 0.010754939 -0.0012086947
  vertex 0.17823635 0.02334034 0.011104666
 endloop
endfacet
facet normal -0.99850494 -0.029892575 0.045765482
 outer loop
  vertex -0.17941009 -0.0007103011 0.015746536
  vertex -0.1794994 0.0006638011 0.014695338
  vertex -0.17977536 -0.010760627 0.0012125212
 endloop
endfacet
facet normal 0.99546754 0.08943839 0.032329474
 outer loop
  vertex 0.1784093 0.020701662 0.013336966
  vertex 0.17977536 0.010754939 -0.0012086947
  vertex 0.17831998 0.022075763 0.012285768
 endloop
endfacet
facet normal 0.99572366 0.08546567 0.03507019
 outer loop
  vertex 0.17850341 0.019231267 0.014248137
  vertex 0.17977536 0.010754939 -0.0012086947
  vertex 0.1784093 0.020701662 0.013336966
 endloop
endfacet
facet normal -0.99825 -0.033845402 0.04849247
 outer loop
  vertex -0.17931597 -0.0021806937 0.016657708
  vertex -0.17941009 -0.0007103011 0.015746536
  vertex -0.17977536 -0.010760627 0.0012125212
 endloop
endfacet
facet normal 0.9959912 0.08125766 0.03739984
 outer loop
  vertex 0.17860144 0.017678745 0.015010507
  vertex 0.17977536 0.010754939 -0.0012086947
  vertex 0.17850341 0.019231267 0.014248137
 endloop
endfacet
facet normal -0.9979821 -0.038059935 0.050825715
 outer loop
  vertex -0.17921793 -0.0037332173 0.017420078
  vertex -0.17931597 -0.0021806937 0.016657708
  vertex -0.17977536 -0.010760627 0.0012125212
 endloop
endfacet
facet normal 0.99626815 0.07684437 0.03930382
 outer loop
  vertex 0.17870246 0.016059043 0.0156167345
  vertex 0.17977536 0.010754939 -0.0012086947
  vertex 0.17860144 0.017678745 0.015010507
 endloop
endfacet
facet normal -0.9977044 -0.0424854 0.052734986
 outer loop
  vertex -0.17911692 -0.005352919 0.018026305
  vertex -0.17921793 -0.0037332173 0.017420078
  vertex -0.17977536 -0.010760627 0.0012125212
 endloop
endfacet
facet normal 0.9965528 0.07225193 0.040769737
 outer loop
  vertex 0.17880546 0.014387759 0.016060978
  vertex 0.17977536 0.010754939 -0.0012086947
  vertex 0.17870246 0.016059043 0.0156167345
 endloop
endfacet
facet normal -0.9974206 -0.047062628 0.05419602
 outer loop
  vertex -0.17901392 -0.007024202 0.018470548
  vertex -0.17911692 -0.005352919 0.018026305
  vertex -0.17977536 -0.010760627 0.0012125212
 endloop
endfacet
facet normal 0.99684095 0.0675512 0.041774753
 outer loop
  vertex 0.17890947 0.012680992 0.016338961
  vertex 0.17977536 0.010754939 -0.0012086947
  vertex 0.17880546 0.014387759 0.016060978
 endloop
endfacet
facet normal -0.99713194 -0.051774025 0.05520332
 outer loop
  vertex -0.17890991 -0.008730969 0.018748531
  vertex -0.17901392 -0.007024202 0.018470548
  vertex -0.17977536 -0.010760627 0.0012125212
 endloop
endfacet
facet normal -0.99684274 -0.056546293 0.055741396
 outer loop
  vertex -0.17880592 -0.010456785 0.018857578
  vertex -0.17890991 -0.008730969 0.018748531
  vertex -0.17977536 -0.010760627 0.0012125212
 endloop
endfacet
facet normal 0.99713117 0.06275937 0.04231503
 outer loop
  vertex 0.17901346 0.010955175 0.016448008
  vertex 0.17977536 0.010754939 -0.0012086947
  vertex 0.17890947 0.012680992 0.016338961
 endloop
endfacet
facet normal -0.99655384 -0.06136735 0.055808537
 outer loop
  vertex -0.1787029 -0.012185028 0.018796638
  vertex -0.17880592 -0.010456785 0.018857578
  vertex -0.17977536 -0.010760627 0.0012125212
 endloop
endfacet
facet normal 0.99741906 0.057956498 0.04238192
 outer loop
  vertex 0.17911647 0.009226932 0.016387064
  vertex 0.17977536 0.010754939 -0.0012086947
  vertex 0.17901346 0.010955175 0.016448008
 endloop
endfacet
facet normal 0.99770343 0.053157985 0.04197587
 outer loop
  vertex 0.17921749 0.007512906 0.016156722
  vertex 0.17977536 0.010754939 -0.0012086947
  vertex 0.17911647 0.009226932 0.016387064
 endloop
endfacet
facet normal -0.9962698 -0.066159956 0.055402994
 outer loop
  vertex -0.17860189 -0.013899054 0.018566294
  vertex -0.1787029 -0.012185028 0.018796638
  vertex -0.17977536 -0.010760627 0.0012125212
 endloop
endfacet
facet normal 0.9979808 0.048424434 0.041101046
 outer loop
  vertex 0.17931554 0.005829604 0.015759196
  vertex 0.17977536 0.010754939 -0.0012086947
  vertex 0.17921749 0.007512906 0.016156722
 endloop
endfacet
facet normal -0.99599254 -0.07089229 0.054528397
 outer loop
  vertex -0.17850384 -0.015582357 0.018168768
  vertex -0.17860189 -0.013899054 0.018566294
  vertex -0.17977536 -0.010760627 0.0012125212
 endloop
endfacet
facet normal 0.9982486 0.043802164 0.03976658
 outer loop
  vertex 0.17940968 0.004193236 0.015198319
  vertex 0.17977536 0.010754939 -0.0012086947
  vertex 0.17931554 0.005829604 0.015759196
 endloop
endfacet
facet normal -0.99572456 -0.075519435 0.053192522
 outer loop
  vertex -0.1784097 -0.017218724 0.01760789
  vertex -0.17850384 -0.015582357 0.018168768
  vertex -0.17977536 -0.010760627 0.0012125212
 endloop
endfacet
facet normal 0.9985041 0.039331216 0.037984207
 outer loop
  vertex 0.17949902 0.0026195608 0.014479487
  vertex 0.17977536 0.010754939 -0.0012086947
  vertex 0.17940968 0.004193236 0.015198319
 endloop
endfacet
facet normal -0.9954689 -0.0799926 0.051409252
 outer loop
  vertex -0.17832036 -0.018792398 0.016889058
  vertex -0.1784097 -0.017218724 0.01760789
  vertex -0.17977536 -0.010760627 0.0012125212
 endloop
endfacet
facet normal 0.9987451 0.035054136 0.03577049
 outer loop
  vertex 0.17958267 0.0011237366 0.013609625
  vertex 0.17977536 0.010754939 -0.0012086947
  vertex 0.17949902 0.0026195608 0.014479487
 endloop
endfacet
facet normal -0.99522805 -0.08426794 0.049196463
 outer loop
  vertex -0.17823671 -0.020288223 0.016019195
  vertex -0.17832036 -0.018792398 0.016889058
  vertex -0.17977536 -0.010760627 0.0012125212
 endloop
endfacet
facet normal 0.9989691 0.031014465 0.03314781
 outer loop
  vertex 0.17965984 -0.00027983263 0.012597112
  vertex 0.17977536 0.010754939 -0.0012086947
  vertex 0.17958267 0.0011237366 0.013609625
 endloop
endfacet
facet normal -0.9950039 -0.08830683 0.046574276
 outer loop
  vertex -0.17815953 -0.021691792 0.015006681
  vertex -0.17823671 -0.020288223 0.016019195
  vertex -0.17977536 -0.010760627 0.0012125212
 endloop
endfacet
facet normal -0.994799 -0.092068925 0.043568995
 outer loop
  vertex -0.17808959 -0.02298959 0.013861265
  vertex -0.17815953 -0.021691792 0.015006681
  vertex -0.17977536 -0.010760627 0.0012125212
 endloop
endfacet
facet normal 0.9991742 0.027249876 0.030140549
 outer loop
  vertex 0.17972979 -0.0015776306 0.011451696
  vertex 0.17977536 0.010754939 -0.0012086947
  vertex 0.17965984 -0.00027983263 0.012597112
 endloop
endfacet
facet normal -0.9946151 -0.09552033 0.04020764
 outer loop
  vertex -0.17802754 -0.024169117 0.01259398
  vertex -0.17808959 -0.02298959 0.013861265
  vertex -0.17977536 -0.010760627 0.0012125212
 endloop
endfacet
facet normal 0.9993581 0.023798812 0.026779508
 outer loop
  vertex 0.17979184 -0.0027571572 0.01018441
  vertex 0.17977536 0.010754939 -0.0012086947
  vertex 0.17972979 -0.0015776306 0.011451696
 endloop
endfacet
facet normal 0.99951905 0.02069361 0.023096537
 outer loop
  vertex 0.1798454 -0.0038070548 0.008807458
  vertex 0.17977536 0.010754939 -0.0012086947
  vertex 0.17979184 -0.0027571572 0.01018441
 endloop
endfacet
facet normal -0.994454 -0.09862697 0.036522966
 outer loop
  vertex -0.17797399 -0.025219014 0.011217028
  vertex -0.17802754 -0.024169117 0.01259398
  vertex -0.17977536 -0.010760627 0.0012125212
 endloop
endfacet
facet normal 0.9996557 0.01796173 0.019123837
 outer loop
  vertex 0.17988993 -0.004717212 0.007334102
  vertex 0.17977536 0.010754939 -0.0012086947
  vertex 0.1798454 -0.0038070548 0.008807458
 endloop
endfacet
facet normal -0.9943175 -0.10135627 0.03255403
 outer loop
  vertex -0.17792945 -0.026129171 0.009743672
  vertex -0.17797399 -0.025219014 0.011217028
  vertex -0.17977536 -0.010760627 0.0012125212
 endloop
endfacet
facet normal 0.9997667 0.015634887 0.014908118
 outer loop
  vertex 0.17992504 -0.005478861 0.0057785297
  vertex 0.17977536 0.010754939 -0.0012086947
  vertex 0.17988993 -0.004717212 0.007334102
 endloop
endfacet
facet normal -0.9942064 -0.10368758 0.028330239
 outer loop
  vertex -0.17789434 -0.02689082 0.008188099
  vertex -0.17792945 -0.026129171 0.009743672
  vertex -0.17977536 -0.010760627 0.0012125212
 endloop
endfacet
facet normal 0.9998509 0.013727152 0.010473974
 outer loop
  vertex 0.17995036 -0.0060846712 0.0041557215
  vertex 0.17977536 0.010754939 -0.0012086947
  vertex 0.17992504 -0.005478861 0.0057785297
 endloop
endfacet
facet normal -0.9941223 -0.10558988 0.023908684
 outer loop
  vertex -0.17786902 -0.02749663 0.0065652914
  vertex -0.17789434 -0.02689082 0.008188099
  vertex -0.17977536 -0.010760627 0.0012125212
 endloop
endfacet
facet normal -0.9940657 -0.10705414 0.01931039
 outer loop
  vertex -0.17785372 -0.027940763 0.0048908778
  vertex -0.17786902 -0.02749663 0.0065652914
  vertex -0.17977536 -0.010760627 0.0012125212
 endloop
endfacet
facet normal 0.99990743 0.012265961 0.0058852616
 outer loop
  vertex 0.17996566 -0.006528804 0.0024813083
  vertex 0.17977536 0.010754939 -0.0012086947
  vertex 0.17995036 -0.0060846712 0.0041557215
 endloop
endfacet
facet normal -0.99403715 -0.10805941 0.014600222
 outer loop
  vertex -0.17784859 -0.028218945 0.003180987
  vertex -0.17785372 -0.027940763 0.0048908778
  vertex -0.17977536 -0.010760627 0.0012125212
 endloop
endfacet
facet normal 0.999936 0.01125872 0.0011659305
 outer loop
  vertex 0.17997079 -0.006806994 0.00077141565
  vertex 0.17977536 0.010754939 -0.0012086947
  vertex 0.17996566 -0.006528804 0.0024813083
 endloop
endfacet
facet normal 0.9828128 -0.1843955 0.008789792
 outer loop
  vertex 0.17842287 -0.024521425 -0.00069703755
  vertex 0.178433 -0.024303384 0.0027441345
  vertex 0.17517683 -0.041565735 0.0046904325
 endloop
endfacet
facet normal 0.98281276 -0.18439561 0.008789419
 outer loop
  vertex 0.17516175 -0.041890174 -0.00042984996
  vertex 0.17842287 -0.024521425 -0.00069703755
  vertex 0.17517683 -0.041565735 0.0046904325
 endloop
endfacet
facet normal -0.9536038 -0.30027133 0.021834536
 outer loop
  vertex -0.16890684 -0.062479295 0.0018871244
  vertex -0.16889176 -0.06215486 0.007007408
  vertex -0.17420904 -0.045405515 0.005118838
 endloop
endfacet
facet normal -0.9536038 -0.30027148 0.021835286
 outer loop
  vertex -0.17421918 -0.04562357 0.0016776706
  vertex -0.16890684 -0.062479295 0.0018871244
  vertex -0.17420904 -0.045405515 0.005118838
 endloop
endfacet
facet normal 0.011045325 -0.99793977 0.063199826
 outer loop
  vertex 0.01077377 -0.17976388 0.002505418
  vertex 0.010825671 -0.17864624 0.020144247
  vertex -0.006847509 -0.17884047 0.020165917
 endloop
endfacet
facet normal 0.011044611 -0.9979398 0.06319911
 outer loop
  vertex -0.0068991603 -0.17995273 0.002612022
  vertex 0.01077377 -0.17976388 0.002505418
  vertex -0.006847509 -0.17884047 0.020165917
 endloop
endfacet
facet normal 0.9599602 -0.27973992 0.01489809
 outer loop
  vertex 0.17516175 -0.041890174 -0.00042984996
  vertex 0.17517683 -0.041565735 0.0046904325
  vertex 0.17023358 -0.058427833 0.0065915845
 endloop
endfacet
facet normal 0.9599604 -0.2797391 0.01490006
 outer loop
  vertex 0.17021371 -0.058855534 -0.00015850458
  vertex 0.17516175 -0.041890174 -0.00042984996
  vertex 0.17023358 -0.058427833 0.0065915845
 endloop
endfacet
facet normal -0.97854257 -0.2054304 0.015898887
 outer loop
  vertex -0.17421918 -0.04562357 0.0016776706
  vertex -0.17420904 -0.045405515 0.005118838
  vertex -0.17784859 -0.028218945 0.003180987
 endloop
endfacet
facet normal -0.97854275 -0.2054299 0.015892535
 outer loop
  vertex -0.17785367 -0.028328493 0.0014520788
  vertex -0.17421918 -0.04562357 0.0016776706
  vertex -0.17784859 -0.028218945 0.003180987
 endloop
endfacet
facet normal -0.08690502 -0.9942066 0.06325078
 outer loop
  vertex -0.0068991603 -0.17995273 0.002612022
  vertex -0.006847509 -0.17884047 0.020165917
  vertex -0.024454765 -0.17731237 0.019993385
 endloop
endfacet
facet normal -0.086904146 -0.99420667 0.06325169
 outer loop
  vertex -0.024505667 -0.17840855 0.0026934927
  vertex -0.0068991603 -0.17995273 0.002612022
  vertex -0.024454765 -0.17731237 0.019993385
 endloop
endfacet
facet normal 0.92784965 -0.37237042 0.020863865
 outer loop
  vertex 0.17021371 -0.058855534 -0.00015850458
  vertex 0.17023358 -0.058427833 0.0065915845
  vertex 0.1636509 -0.07472718 0.008429263
 endloop
endfacet
facet normal 0.9278501 -0.37236896 0.02086696
 outer loop
  vertex 0.16362643 -0.0752541 0.000114385504
  vertex 0.17021371 -0.058855534 -0.00015850458
  vertex 0.1636509 -0.07472718 0.008429263
 endloop
endfacet
facet normal -0.1840233 -0.9809204 0.06269558
 outer loop
  vertex -0.024505667 -0.17840855 0.0026934927
  vertex -0.024454765 -0.17731237 0.019993385
  vertex -0.04182651 -0.17407672 0.01962832
 endloop
endfacet
facet normal -0.1840237 -0.98092026 0.06269518
 outer loop
  vertex -0.041876175 -0.17514624 0.0027490405
  vertex -0.024505667 -0.17840855 0.0026934927
  vertex -0.04182651 -0.17407672 0.01962832
 endloop
endfacet
facet normal 0.8867988 -0.4613879 0.026628962
 outer loop
  vertex 0.16362643 -0.0752541 0.000114385504
  vertex 0.1636509 -0.07472718 0.008429263
  vertex 0.15549217 -0.09030707 0.01018584
 endloop
endfacet
facet normal 0.8867975 -0.4613908 0.026623579
 outer loop
  vertex 0.15546334 -0.09092796 0.00038619258
  vertex 0.16362643 -0.0752541 0.000114385504
  vertex 0.15549217 -0.09030707 0.01018584
 endloop
endfacet
facet normal -0.27938572 -0.9582051 0.06153648
 outer loop
  vertex -0.041876175 -0.17514624 0.0027490405
  vertex -0.04182651 -0.17407672 0.01962832
  vertex -0.058795422 -0.16916464 0.019074285
 endloop
endfacet
facet normal -0.27938604 -0.958205 0.06153608
 outer loop
  vertex -0.05884337 -0.1701972 0.0027781313
  vertex -0.041876175 -0.17514624 0.0027490405
  vertex -0.058795422 -0.16916464 0.019074285
 endloop
endfacet
facet normal 0.83720356 -0.54594696 0.032126818
 outer loop
  vertex 0.15546334 -0.09092796 0.00038619258
  vertex 0.15549217 -0.09030707 0.01018584
  vertex 0.14583598 -0.10501714 0.011844253
 endloop
endfacet
facet normal 0.83720404 -0.545946 0.032128476
 outer loop
  vertex 0.14580305 -0.10572616 0.0006542983
  vertex 0.15546334 -0.09092796 0.00038619258
  vertex 0.14583598 -0.10501714 0.011844253
 endloop
endfacet
facet normal -0.3720814 -0.9262728 0.059785504
 outer loop
  vertex -0.05884337 -0.1701972 0.0027781313
  vertex -0.058795422 -0.16916464 0.019074285
  vertex -0.07519811 -0.16262335 0.01833651
 endloop
endfacet
facet normal -0.3720768 -0.92627424 0.059791
 outer loop
  vertex -0.075243875 -0.1636091 0.002780486
  vertex -0.05884337 -0.1701972 0.0027781313
  vertex -0.07519811 -0.16262335 0.01833651
 endloop
endfacet
facet normal 0.7795539 -0.6252222 0.03732123
 outer loop
  vertex 0.14580305 -0.10572616 0.0006542983
  vertex 0.14583598 -0.10501714 0.011844253
  vertex 0.13477528 -0.118715905 0.013388657
 endloop
endfacet
facet normal 0.7795546 -0.6252213 0.03732293
 outer loop
  vertex 0.1347386 -0.1195062 0.00091612147
  vertex 0.14580305 -0.10572616 0.0006542983
  vertex 0.13477528 -0.118715905 0.013388657
 endloop
endfacet
facet normal -0.46120074 -0.885433 0.0574652
 outer loop
  vertex -0.075243875 -0.1636091 0.002780486
  vertex -0.07519811 -0.16262335 0.01833651
  vertex -0.0908766 -0.15451613 0.017422266
 endloop
endfacet
facet normal -0.4612054 -0.885431 0.05745899
 outer loop
  vertex -0.090919755 -0.1554454 0.002756081
  vertex -0.075243875 -0.1636091 0.002780486
  vertex -0.0908766 -0.15451613 0.017422266
 endloop
endfacet
facet normal 0.7144099 -0.6984565 0.042154975
 outer loop
  vertex 0.1347386 -0.1195062 0.00091612147
  vertex 0.13477528 -0.118715905 0.013388657
  vertex 0.122416645 -0.13127139 0.014804139
 endloop
endfacet
facet normal 0.7144095 -0.698457 0.042154152
 outer loop
  vertex 0.122376524 -0.13213535 0.0011691408
  vertex 0.1347386 -0.1195062 0.00091612147
  vertex 0.122416645 -0.13127139 0.014804139
 endloop
endfacet
facet normal -0.5459211 -0.8360569 0.05457984
 outer loop
  vertex -0.090919755 -0.1554454 0.002756081
  vertex -0.0908766 -0.15451613 0.017422266
  vertex -0.10567992 -0.14492063 0.016340144
 endloop
endfacet
facet normal -0.54591656 -0.8360595 0.054586787
 outer loop
  vertex -0.105720036 -0.14578468 0.0027051535
  vertex -0.090919755 -0.1554454 0.002756081
  vertex -0.10567992 -0.14492063 0.016340144
 endloop
endfacet
facet normal 0.64240354 -0.76494974 0.046579216
 outer loop
  vertex 0.122376524 -0.13213535 0.0011691408
  vertex 0.122416645 -0.13127139 0.014804139
  vertex 0.10887907 -0.14256272 0.016077079
 endloop
endfacet
facet normal 0.6424023 -0.76495093 0.04657722
 outer loop
  vertex 0.10883591 -0.14349197 0.0014109178
  vertex 0.122376524 -0.13213535 0.0011691408
  vertex 0.10887907 -0.14256272 0.016077079
 endloop
endfacet
facet normal -0.6253895 -0.7786323 0.051181503
 outer loop
  vertex -0.105720036 -0.14578468 0.0027051535
  vertex -0.10567992 -0.14492063 0.016340144
  vertex -0.11946546 -0.1339297 0.0151006915
 endloop
endfacet
facet normal -0.62539214 -0.7786306 0.05117682
 outer loop
  vertex -0.119502164 -0.13472 0.0026281904
  vertex -0.105720036 -0.14578468 0.0027051535
  vertex -0.11946546 -0.1339297 0.0151006915
 endloop
endfacet
facet normal 0.56422913 -0.8240691 0.050553016
 outer loop
  vertex 0.10883591 -0.14349197 0.0014109178
  vertex 0.10887907 -0.14256272 0.016077079
  vertex 0.094292924 -0.15248106 0.017195184
 endloop
endfacet
facet normal 0.5642302 -0.82406825 0.05055453
 outer loop
  vertex 0.09424715 -0.15346673 0.0016391256
  vertex 0.10883591 -0.14349197 0.0014109178
  vertex 0.094292924 -0.15248106 0.017195184
 endloop
endfacet
facet normal -0.69886345 -0.7136908 0.047278233
 outer loop
  vertex -0.119502164 -0.13472 0.0026281904
  vertex -0.11946546 -0.1339297 0.0151006915
  vertex -0.13210051 -0.12164889 0.013715891
 endloop
endfacet
facet normal -0.69886374 -0.7136906 0.047277678
 outer loop
  vertex -0.13213344 -0.12235791 0.0025259354
  vertex -0.119502164 -0.13472 0.0026281904
  vertex -0.13210051 -0.12164889 0.013715891
 endloop
endfacet
facet normal 0.4806411 -0.8752504 0.054043487
 outer loop
  vertex 0.09424715 -0.15346673 0.0016391256
  vertex 0.094292924 -0.15248106 0.017195184
  vertex 0.07879867 -0.16093087 0.018147726
 endloop
endfacet
facet normal 0.48064703 -0.87524676 0.054050714
 outer loop
  vertex 0.07875072 -0.16196357 0.0018515681
  vertex 0.09424715 -0.15346673 0.0016391256
  vertex 0.07879867 -0.16093087 0.018147726
 endloop
endfacet
facet normal -0.76561934 -0.6418603 0.04292283
 outer loop
  vertex -0.13213344 -0.12235791 0.0025259354
  vertex -0.13210051 -0.12164889 0.013715891
  vertex -0.14346333 -0.10819661 0.01219902
 endloop
endfacet
facet normal -0.7656205 -0.6418591 0.042919636
 outer loop
  vertex -0.14349216 -0.108817495 0.0023993729
  vertex -0.13213344 -0.12235791 0.0025259354
  vertex -0.14346333 -0.10819661 0.01219902
 endloop
endfacet
facet normal 0.3924628 -0.91799873 0.057019357
 outer loop
  vertex 0.07875072 -0.16196357 0.0018515681
  vertex 0.07879867 -0.16093087 0.018147726
  vertex 0.06254555 -0.1678311 0.018925501
 endloop
endfacet
facet normal 0.3924564 -0.91800195 0.05701218
 outer loop
  vertex 0.062495887 -0.16890061 0.0020461942
  vertex 0.07875072 -0.16196357 0.0018515681
  vertex 0.06254555 -0.1678311 0.018925501
 endloop
endfacet
facet normal -0.8250134 -0.5638239 0.03815025
 outer loop
  vertex -0.14349216 -0.108817495 0.0023993729
  vertex -0.14346333 -0.10819661 0.01219902
  vertex -0.15344451 -0.093702264 0.010564602
 endloop
endfacet
facet normal -0.8250118 -0.56382585 0.038155764
 outer loop
  vertex -0.15346898 -0.094229154 0.002249722
  vertex -0.14349216 -0.108817495 0.0023993729
  vertex -0.15344451 -0.093702264 0.010564602
 endloop
endfacet
facet normal 0.300508 -0.95192575 0.059432235
 outer loop
  vertex 0.062495887 -0.16890061 0.0020461942
  vertex 0.06254555 -0.1678311 0.018925501
  vertex 0.045690104 -0.17311491 0.019521037
 endloop
endfacet
facet normal 0.30050763 -0.95192593 0.059431892
 outer loop
  vertex 0.045639202 -0.17421107 0.0022211338
  vertex 0.062495887 -0.16890061 0.0020461942
  vertex 0.045690104 -0.17311491 0.019521037
 endloop
endfacet
facet normal -0.8764607 -0.48033994 0.03301688
 outer loop
  vertex -0.15346898 -0.094229154 0.002249722
  vertex -0.15344451 -0.093702264 0.010564602
  vertex -0.16194797 -0.078305624 0.008828511
 endloop
endfacet
facet normal -0.8764611 -0.48033944 0.03301494
 outer loop
  vertex -0.16196783 -0.07873333 0.0020784214
  vertex -0.15346898 -0.094229154 0.002249722
  vertex -0.16194797 -0.078305624 0.008828511
 endloop
endfacet
facet normal 0.20568149 -0.9766985 0.06128054
 outer loop
  vertex 0.045639202 -0.17421107 0.0022211338
  vertex 0.045690104 -0.17311491 0.019521037
  vertex 0.028394613 -0.17673157 0.019928593
 endloop
endfacet
facet normal 0.20568144 -0.97669846 0.061280508
 outer loop
  vertex 0.028342962 -0.17784382 0.0023747
  vertex 0.045639202 -0.17421107 0.0022211338
  vertex 0.028394613 -0.17673157 0.019928593
 endloop
endfacet
facet normal 0.9961819 -0.08726266 0.0026014647
 outer loop
  vertex 0.1799657 -0.0069165435 -0.0009574932
  vertex 0.17997079 -0.006806994 0.00077141565
  vertex 0.178433 -0.024303384 0.0027441345
 endloop
endfacet
facet normal 0.99618185 -0.08726383 0.0025959252
 outer loop
  vertex 0.17842287 -0.024521425 -0.00069703755
  vertex 0.1799657 -0.0069165435 -0.0009574932
  vertex 0.178433 -0.024303384 0.0027441345
 endloop
endfacet
facet normal -0.9194655 -0.3922039 0.027557014
 outer loop
  vertex -0.16196783 -0.07873333 0.0020784214
  vertex -0.16194797 -0.078305624 0.008828511
  vertex -0.16889176 -0.06215486 0.007007408
 endloop
endfacet
facet normal -0.9194652 -0.39220437 0.027559154
 outer loop
  vertex -0.16890684 -0.062479295 0.0018871244
  vertex -0.16196783 -0.07873333 0.0020784214
  vertex -0.16889176 -0.06215486 0.007007408
 endloop
endfacet
facet normal 0.108885184 -0.9920851 0.062540255
 outer loop
  vertex 0.028342962 -0.17784382 0.0023747
  vertex 0.028394613 -0.17673157 0.019928593
  vertex 0.010825671 -0.17864624 0.020144247
 endloop
endfacet
facet normal 0.108885884 -0.9920849 0.06254095
 outer loop
  vertex 0.01077377 -0.17976388 0.002505418
  vertex 0.028342962 -0.17784382 0.0023747
  vertex 0.010825671 -0.17864624 0.020144247
 endloop
endfacet
facet normal -0.69925135 -0.7146322 -0.018662518
 outer loop
  vertex -0.11961223 -0.13428614 -0.009861396
  vertex -0.119502164 -0.13472 0.0026281904
  vertex -0.13213344 -0.12235791 0.0025259354
 endloop
endfacet
facet normal -0.69925165 -0.714632 -0.018662952
 outer loop
  vertex -0.13223217 -0.12196867 -0.008679314
  vertex -0.11961223 -0.13428614 -0.009861396
  vertex -0.13213344 -0.12235791 0.0025259354
 endloop
endfacet
facet normal 0.48012546 -0.8765141 -0.034678433
 outer loop
  vertex 0.09410987 -0.15292563 -0.013938195
  vertex 0.09424715 -0.15346673 0.0016391256
  vertex 0.07875072 -0.16196357 0.0018515681
 endloop
endfacet
facet normal 0.48012537 -0.87651414 -0.0346786
 outer loop
  vertex 0.07860692 -0.16139671 -0.014466861
  vertex 0.09410987 -0.15292563 -0.013938195
  vertex 0.07875072 -0.16196357 0.0018515681
 endloop
endfacet
facet normal -0.7659644 -0.64269423 -0.0155762
 outer loop
  vertex -0.13223217 -0.12196867 -0.008679314
  vertex -0.13213344 -0.12235791 0.0025259354
  vertex -0.14349216 -0.108817495 0.0023993729
 endloop
endfacet
facet normal -0.76596415 -0.64269465 -0.0155755
 outer loop
  vertex -0.14357863 -0.108476624 -0.0074136285
  vertex -0.13223217 -0.12196867 -0.008679314
  vertex -0.14349216 -0.108817495 0.0023993729
 endloop
endfacet
facet normal 0.39191315 -0.91932136 -0.035388242
 outer loop
  vertex 0.07860692 -0.16139671 -0.014466861
  vertex 0.07875072 -0.16196357 0.0018515681
  vertex 0.062495887 -0.16890061 0.0020461942
 endloop
endfacet
facet normal 0.3919139 -0.91932106 -0.035387345
 outer loop
  vertex 0.06234693 -0.16831349 -0.014856186
  vertex 0.07860692 -0.16139671 -0.014466861
  vertex 0.062495887 -0.16890061 0.0020461942
 endloop
endfacet
facet normal -0.82530874 -0.56454694 -0.012337951
 outer loop
  vertex -0.14357863 -0.108476624 -0.0074136285
  vertex -0.14349216 -0.108817495 0.0023993729
  vertex -0.15346898 -0.094229154 0.002249722
 endloop
endfacet
facet normal -0.82530874 -0.5645468 -0.012337904
 outer loop
  vertex -0.15354235 -0.09393992 -0.006076532
  vertex -0.14357863 -0.108476624 -0.0074136285
  vertex -0.15346898 -0.094229154 0.002249722
 endloop
endfacet
facet normal 0.299948 -0.9532852 -0.035756648
 outer loop
  vertex 0.06234693 -0.16831349 -0.014856186
  vertex 0.062495887 -0.16890061 0.0020461942
  vertex 0.045639202 -0.17421107 0.0022211338
 endloop
endfacet
facet normal 0.299947 -0.9532854 -0.03575767
 outer loop
  vertex 0.045486532 -0.1736093 -0.01510242
  vertex 0.06234693 -0.16831349 -0.014856186
  vertex 0.045639202 -0.17421107 0.0022211338
 endloop
endfacet
facet normal -0.87670803 -0.48093915 -0.008980722
 outer loop
  vertex -0.15354235 -0.09393992 -0.006076532
  vertex -0.15346898 -0.094229154 0.002249722
  vertex -0.16196783 -0.07873333 0.0020784214
 endloop
endfacet
facet normal -0.8767082 -0.4809387 -0.008981666
 outer loop
  vertex -0.16202739 -0.07849853 -0.0046808943
  vertex -0.15354235 -0.09393992 -0.006076532
  vertex -0.16196783 -0.07873333 0.0020784214
 endloop
endfacet
facet normal 0.20511074 -0.9780844 -0.035783336
 outer loop
  vertex 0.045486532 -0.1736093 -0.01510242
  vertex 0.045639202 -0.17421107 0.0022211338
  vertex 0.028342962 -0.17784382 0.0023747
 endloop
endfacet
facet normal 0.20511073 -0.9780845 -0.03578341
 outer loop
  vertex 0.028188054 -0.17723322 -0.015203188
  vertex 0.045486532 -0.1736093 -0.01510242
  vertex 0.028342962 -0.17784382 0.0023747
 endloop
endfacet
facet normal 0.9960971 -0.08746965 -0.011817662
 outer loop
  vertex 0.17995045 -0.0068564042 -0.0026887655
  vertex 0.1799657 -0.0069165435 -0.0009574932
  vertex 0.17842287 -0.024521425 -0.00069703755
 endloop
endfacet
facet normal 0.9960972 -0.08746911 -0.011812693
 outer loop
  vertex 0.17839251 -0.024401728 -0.004142907
  vertex 0.17995045 -0.0068564042 -0.0026887655
  vertex 0.17842287 -0.024521425 -0.00069703755
 endloop
endfacet
facet normal -0.9196598 -0.39267698 -0.0055371956
 outer loop
  vertex -0.16202739 -0.07849853 -0.0046808943
  vertex -0.16196783 -0.07873333 0.0020784214
  vertex -0.16890684 -0.062479295 0.0018871244
 endloop
endfacet
facet normal -0.91965973 -0.3926772 -0.005536588
 outer loop
  vertex -0.16895202 -0.06230119 -0.0032401588
  vertex -0.16202739 -0.07849853 -0.0046808943
  vertex -0.16890684 -0.062479295 0.0018871244
 endloop
endfacet
facet normal 0.10830964 -0.9934844 -0.035465267
 outer loop
  vertex 0.028188054 -0.17723322 -0.015203188
  vertex 0.028342962 -0.17784382 0.0023747
  vertex 0.01077377 -0.17976388 0.002505418
 endloop
endfacet
facet normal 0.108309045 -0.99348444 -0.03546587
 outer loop
  vertex 0.010618112 -0.17915031 -0.015157523
  vertex 0.028188054 -0.17723322 -0.015203188
  vertex 0.01077377 -0.17976388 0.002505418
 endloop
endfacet
facet normal 0.9826725 -0.18473636 -0.015073165
 outer loop
  vertex 0.17839251 -0.024401728 -0.004142907
  vertex 0.17842287 -0.024521425 -0.00069703755
  vertex 0.17516175 -0.041890174 -0.00042984996
 endloop
endfacet
facet normal 0.98267233 -0.18473701 -0.015076373
 outer loop
  vertex 0.17511657 -0.041712064 -0.005557132
  vertex 0.17839251 -0.024401728 -0.004142907
  vertex 0.17516175 -0.041890174 -0.00042984996
 endloop
endfacet
facet normal -0.95374423 -0.30061236 -0.0020382006
 outer loop
  vertex -0.16895202 -0.06230119 -0.0032401588
  vertex -0.16890684 -0.062479295 0.0018871244
  vertex -0.17421918 -0.04562357 0.0016776706
 endloop
endfacet
facet normal -0.9537445 -0.30061153 -0.00204127
 outer loop
  vertex -0.17424953 -0.04550387 -0.0017681984
  vertex -0.16895202 -0.06230119 -0.0032401588
  vertex -0.17421918 -0.04562357 0.0016776706
 endloop
endfacet
facet normal 0.010468388 -0.9993392 -0.03480702
 outer loop
  vertex 0.010618112 -0.17915031 -0.015157523
  vertex 0.01077377 -0.17976388 0.002505418
  vertex -0.0068991603 -0.17995273 0.002612022
 endloop
endfacet
facet normal 0.0104690045 -0.9993392 -0.034806408
 outer loop
  vertex -0.007054069 -0.17934212 -0.014965867
  vertex 0.010618112 -0.17915031 -0.015157523
  vertex -0.0068991603 -0.17995273 0.002612022
 endloop
endfacet
facet normal 0.95976585 -0.2802116 -0.018191114
 outer loop
  vertex 0.17511657 -0.041712064 -0.005557132
  vertex 0.17516175 -0.041890174 -0.00042984996
  vertex 0.17021371 -0.058855534 -0.00015850458
 endloop
endfacet
facet normal 0.9597659 -0.28021163 -0.018191015
 outer loop
  vertex 0.17015415 -0.05862073 -0.00691782
  vertex 0.17511657 -0.041712064 -0.005557132
  vertex 0.17021371 -0.058855534 -0.00015850458
 endloop
endfacet
facet normal -0.9786275 -0.20563574 0.0014771663
 outer loop
  vertex -0.17424953 -0.04550387 -0.0017681984
  vertex -0.17421918 -0.04562357 0.0016776706
  vertex -0.17785367 -0.028328493 0.0014520788
 endloop
endfacet
facet normal -0.97862726 -0.20563664 0.0014821931
 outer loop
  vertex -0.17786893 -0.028268356 -0.00027919246
  vertex -0.17424953 -0.04550387 -0.0017681984
  vertex -0.17785367 -0.028328493 0.0014520788
 endloop
endfacet
facet normal -0.08747484 -0.9955927 -0.03381311
 outer loop
  vertex -0.007054069 -0.17934212 -0.014965867
  vertex -0.0068991603 -0.17995273 0.002612022
  vertex -0.024505667 -0.17840855 0.0026934927
 endloop
endfacet
facet normal -0.08747475 -0.99559265 -0.033813015
 outer loop
  vertex -0.024658337 -0.17780678 -0.014630061
  vertex -0.007054069 -0.17934212 -0.014965867
  vertex -0.024505667 -0.17840855 0.0026934927
 endloop
endfacet
facet normal 0.92760324 -0.37296864 -0.02112979
 outer loop
  vertex 0.17015415 -0.05862073 -0.00691782
  vertex 0.17021371 -0.058855534 -0.00015850458
  vertex 0.16362643 -0.0752541 0.000114385504
 endloop
endfacet
facet normal 0.92760324 -0.3729688 -0.021130204
 outer loop
  vertex 0.16355306 -0.074964866 -0.008211866
  vertex 0.17015415 -0.05862073 -0.00691782
  vertex 0.16362643 -0.0752541 0.000114385504
 endloop
endfacet
facet normal -0.18458337 -0.98227954 -0.032494754
 outer loop
  vertex -0.024658337 -0.17780678 -0.014630061
  vertex -0.024505667 -0.17840855 0.0026934927
  vertex -0.041876175 -0.17514624 0.0027490405
 endloop
endfacet
facet normal -0.18458323 -0.98227954 -0.03249463
 outer loop
  vertex -0.04202513 -0.1745591 -0.014153337
  vertex -0.024658337 -0.17780678 -0.014630061
  vertex -0.041876175 -0.17514624 0.0027490405
 endloop
endfacet
facet normal 0.88650054 -0.46211165 -0.023864612
 outer loop
  vertex 0.16355306 -0.074964866 -0.008211866
  vertex 0.16362643 -0.0752541 0.000114385504
  vertex 0.15546334 -0.09092796 0.00038619258
 endloop
endfacet
facet normal 0.88650084 -0.46211135 -0.023863684
 outer loop
  vertex 0.15537687 -0.090587094 -0.009426811
  vertex 0.16355306 -0.074964866 -0.008211866
  vertex 0.15546334 -0.09092796 0.00038619258
 endloop
endfacet
facet normal -0.27992934 -0.9595244 -0.030863928
 outer loop
  vertex -0.04202513 -0.1745591 -0.014153337
  vertex -0.041876175 -0.17514624 0.0027490405
  vertex -0.05884337 -0.1701972 0.0027781313
 endloop
endfacet
facet normal -0.27992877 -0.9595245 -0.030863341
 outer loop
  vertex -0.058987178 -0.16963036 -0.0135403
  vertex -0.04202513 -0.1745591 -0.014153337
  vertex -0.05884337 -0.1701972 0.0027781313
 endloop
endfacet
facet normal 0.8368602 -0.5467813 -0.026367322
 outer loop
  vertex 0.15537687 -0.090587094 -0.009426811
  vertex 0.15546334 -0.09092796 0.00038619258
  vertex 0.14580305 -0.10572616 0.0006542983
 endloop
endfacet
facet normal 0.83686006 -0.54678154 -0.02636771
 outer loop
  vertex 0.14570431 -0.10533692 -0.010550952
  vertex 0.15537687 -0.090587094 -0.009426811
  vertex 0.14580305 -0.10572616 0.0006542983
 endloop
endfacet
facet normal -0.37259856 -0.9275414 -0.0289357
 outer loop
  vertex -0.058987178 -0.16963036 -0.0135403
  vertex -0.05884337 -0.1701972 0.0027781313
  vertex -0.075243875 -0.1636091 0.002780486
 endloop
endfacet
facet normal -0.37259898 -0.92754114 -0.028936222
 outer loop
  vertex -0.07538115 -0.163068 -0.012796839
  vertex -0.058987178 -0.16963036 -0.0135403
  vertex -0.075243875 -0.1636091 0.002780486
 endloop
endfacet
facet normal 0.779167 -0.62616277 -0.02861687
 outer loop
  vertex 0.14570431 -0.10533692 -0.010550952
  vertex 0.14580305 -0.10572616 0.0006542983
  vertex 0.1347386 -0.1195062 0.00091612147
 endloop
endfacet
facet normal 0.7791662 -0.62616366 -0.028618667
 outer loop
  vertex 0.13462852 -0.11907234 -0.011573465
  vertex 0.14570431 -0.10533692 -0.010550952
  vertex 0.1347386 -0.1195062 0.00091612147
 endloop
endfacet
facet normal -0.46170038 -0.8866331 -0.026729979
 outer loop
  vertex -0.07538115 -0.163068 -0.012796839
  vertex -0.075243875 -0.1636091 0.002780486
  vertex -0.090919755 -0.1554454 0.002756081
 endloop
endfacet
facet normal -0.4616999 -0.8866334 -0.026729416
 outer loop
  vertex -0.09104918 -0.15493526 -0.011930116
  vertex -0.07538115 -0.163068 -0.012796839
  vertex -0.090919755 -0.1554454 0.002756081
 endloop
endfacet
facet normal 0.7139817 -0.6994958 -0.030591585
 outer loop
  vertex 0.13462852 -0.11907234 -0.011573465
  vertex 0.1347386 -0.1195062 0.00091612147
  vertex 0.122376524 -0.13213535 0.0011691408
 endloop
endfacet
facet normal 0.71398216 -0.6994953 -0.030590726
 outer loop
  vertex 0.1222562 -0.13166106 -0.012484497
  vertex 0.13462852 -0.11907234 -0.011573465
  vertex 0.122376524 -0.13213535 0.0011691408
 endloop
endfacet
facet normal -0.5463803 -0.8371856 -0.024265518
 outer loop
  vertex -0.09104918 -0.15493526 -0.011930116
  vertex -0.090919755 -0.1554454 0.002756081
  vertex -0.105720036 -0.14578468 0.0027051535
 endloop
endfacet
facet normal -0.5463808 -0.83718526 -0.024266295
 outer loop
  vertex -0.10584036 -0.14531039 -0.010948484
  vertex -0.09104918 -0.15493526 -0.011930116
  vertex -0.105720036 -0.14578468 0.0027051535
 endloop
endfacet
facet normal 0.6419387 -0.7660767 -0.032268636
 outer loop
  vertex 0.1222562 -0.13166106 -0.012484497
  vertex 0.122376524 -0.13213535 0.0011691408
  vertex 0.10883591 -0.14349197 0.0014109178
 endloop
endfacet
facet normal 0.6419393 -0.7660762 -0.032267638
 outer loop
  vertex 0.10870649 -0.14298183 -0.0132752815
  vertex 0.1222562 -0.13166106 -0.012484497
  vertex 0.10883591 -0.14349197 0.0014109178
 endloop
endfacet
facet normal -0.62581986 -0.77966934 -0.021568293
 outer loop
  vertex -0.10584036 -0.14531039 -0.010948484
  vertex -0.105720036 -0.14578468 0.0027051535
  vertex -0.119502164 -0.13472 0.0026281904
 endloop
endfacet
facet normal -0.6258203 -0.77966905 -0.021568934
 outer loop
  vertex -0.11961223 -0.13428614 -0.009861396
  vertex -0.10584036 -0.14531039 -0.010948484
  vertex -0.119502164 -0.13472 0.0026281904
 endloop
endfacet
facet normal 0.56373525 -0.8252705 -0.033634666
 outer loop
  vertex 0.10870649 -0.14298183 -0.0132752815
  vertex 0.10883591 -0.14349197 0.0014109178
  vertex 0.09424715 -0.15346673 0.0016391256
 endloop
endfacet
facet normal 0.5637348 -0.82527065 -0.03363522
 outer loop
  vertex 0.09410987 -0.15292563 -0.013938195
  vertex 0.10870649 -0.14298183 -0.0132752815
  vertex 0.09424715 -0.15346673 0.0016391256
 endloop
endfacet
facet normal -0.8259003 -0.56032425 -0.0626534
 outer loop
  vertex -0.14372192 -0.107177235 -0.01714552
  vertex -0.14357863 -0.108476624 -0.0074136285
  vertex -0.15354235 -0.09393992 -0.006076532
 endloop
endfacet
facet normal -0.8259004 -0.5603242 -0.062653586
 outer loop
  vertex -0.15366393 -0.0928374 -0.014333966
  vertex -0.14372192 -0.107177235 -0.01714552
  vertex -0.15354235 -0.09393992 -0.006076532
 endloop
endfacet
facet normal 0.29883182 -0.94532424 -0.13061975
 outer loop
  vertex 0.06210012 -0.16607533 -0.031618863
  vertex 0.06234693 -0.16831349 -0.014856186
  vertex 0.045486532 -0.1736093 -0.01510242
 endloop
endfacet
facet normal 0.29883224 -0.9453242 -0.13061929
 outer loop
  vertex 0.04523357 -0.17131539 -0.03228278
  vertex 0.06210012 -0.16607533 -0.031618863
  vertex 0.045486532 -0.1736093 -0.01510242
 endloop
endfacet
facet normal -0.8772002 -0.47742665 -0.050829913
 outer loop
  vertex -0.15366393 -0.0928374 -0.014333966
  vertex -0.15354235 -0.09393992 -0.006076532
  vertex -0.16202739 -0.07849853 -0.0046808943
 endloop
endfacet
facet normal -0.8772 -0.47742692 -0.05082929
 outer loop
  vertex -0.1621261 -0.07760349 -0.01138434
  vertex -0.15366393 -0.0928374 -0.014333966
  vertex -0.16202739 -0.07849853 -0.0046808943
 endloop
endfacet
facet normal 0.20397356 -0.96996653 -0.13251281
 outer loop
  vertex 0.04523357 -0.17131539 -0.03228278
  vertex 0.045486532 -0.1736093 -0.01510242
  vertex 0.028188054 -0.17723322 -0.015203188
 endloop
endfacet
facet normal 0.20397449 -0.96996653 -0.13251185
 outer loop
  vertex 0.027931381 -0.17490564 -0.032635786
  vertex 0.04523357 -0.17131539 -0.03228278
  vertex 0.028188054 -0.17723322 -0.015203188
 endloop
endfacet
facet normal 0.99592835 -0.08626359 -0.026177218
 outer loop
  vertex 0.17992517 -0.0066271555 -0.0044057276
  vertex 0.17995045 -0.0068564042 -0.0026887655
  vertex 0.17839251 -0.024401728 -0.004142907
 endloop
endfacet
facet normal 0.9959282 -0.08626366 -0.026182998
 outer loop
  vertex 0.1783422 -0.02394544 -0.0075602946
  vertex 0.17992517 -0.0066271555 -0.0044057276
  vertex 0.17839251 -0.024401728 -0.004142907
 endloop
endfacet
facet normal -0.9200474 -0.38990974 -0.038513117
 outer loop
  vertex -0.1621261 -0.07760349 -0.01138434
  vertex -0.16202739 -0.07849853 -0.0046808943
  vertex -0.16895202 -0.06230119 -0.0032401588
 endloop
endfacet
facet normal -0.92004764 -0.3899088 -0.038514912
 outer loop
  vertex -0.16902688 -0.061622255 -0.008325061
  vertex -0.1621261 -0.07760349 -0.01138434
  vertex -0.16895202 -0.06230119 -0.0032401588
 endloop
endfacet
facet normal 0.10716087 -0.985288 -0.13313212
 outer loop
  vertex 0.027931381 -0.17490564 -0.032635786
  vertex 0.028188054 -0.17723322 -0.015203188
  vertex 0.010618112 -0.17915031 -0.015157523
 endloop
endfacet
facet normal 0.10715985 -0.98528796 -0.13313311
 outer loop
  vertex 0.010360195 -0.17681146 -0.03267447
  vertex 0.027931381 -0.17490564 -0.032635786
  vertex 0.010618112 -0.17915031 -0.015157523
 endloop
endfacet
facet normal 0.98239267 -0.1827406 -0.03886525
 outer loop
  vertex 0.1783422 -0.02394544 -0.0075602946
  vertex 0.17839251 -0.024401728 -0.004142907
  vertex 0.17511657 -0.041712064 -0.005557132
 endloop
endfacet
facet normal 0.9823929 -0.18274036 -0.03886289
 outer loop
  vertex 0.1750417 -0.04103313 -0.010642034
  vertex 0.1783422 -0.02394544 -0.0075602946
  vertex 0.17511657 -0.041712064 -0.005557132
 endloop
endfacet
facet normal -0.95402396 -0.2986155 -0.025825225
 outer loop
  vertex -0.16902688 -0.061622255 -0.008325061
  vertex -0.16895202 -0.06230119 -0.0032401588
  vertex -0.17424953 -0.04550387 -0.0017681984
 endloop
endfacet
facet normal -0.9540238 -0.2986165 -0.025822466
 outer loop
  vertex -0.17429985 -0.04504759 -0.005185586
  vertex -0.16902688 -0.061622255 -0.008325061
  vertex -0.17424953 -0.04550387 -0.0017681984
 endloop
endfacet
facet normal 0.009320827 -0.9911426 -0.13247424
 outer loop
  vertex 0.010360195 -0.17681146 -0.03267447
  vertex 0.010618112 -0.17915031 -0.015157523
  vertex -0.007054069 -0.17934212 -0.014965867
 endloop
endfacet
facet normal 0.009321837 -0.9911428 -0.13247328
 outer loop
  vertex -0.0073107434 -0.17701454 -0.032398462
  vertex 0.010360195 -0.17681146 -0.03267447
  vertex -0.007054069 -0.17934212 -0.014965867
 endloop
endfacet
facet normal 0.95937824 -0.27744403 -0.051168844
 outer loop
  vertex 0.1750417 -0.04103313 -0.010642034
  vertex 0.17511657 -0.041712064 -0.005557132
  vertex 0.17015415 -0.05862073 -0.00691782
 endloop
endfacet
facet normal 0.95937806 -0.2774443 -0.051170524
 outer loop
  vertex 0.17005545 -0.05772569 -0.013621265
  vertex 0.1750417 -0.04103313 -0.010642034
  vertex 0.17015415 -0.05862073 -0.00691782
 endloop
endfacet
facet normal -0.9787962 -0.20443115 -0.012882304
 outer loop
  vertex -0.17429985 -0.04504759 -0.005185586
  vertex -0.17424953 -0.04550387 -0.0017681984
  vertex -0.17786893 -0.028268356 -0.00027919246
 endloop
endfacet
facet normal -0.97879654 -0.20442948 -0.012888294
 outer loop
  vertex -0.1778942 -0.028039107 -0.0019961542
  vertex -0.17429985 -0.04504759 -0.005185586
  vertex -0.17786893 -0.028268356 -0.00027919246
 endloop
endfacet
facet normal -0.088611886 -0.987475 -0.13054158
 outer loop
  vertex -0.0073107434 -0.17701454 -0.032398462
  vertex -0.007054069 -0.17934212 -0.014965867
  vertex -0.024658337 -0.17780678 -0.014630061
 endloop
endfacet
facet normal -0.08861282 -0.98747474 -0.13054249
 outer loop
  vertex -0.024911297 -0.17551287 -0.03181042
  vertex -0.0073107434 -0.17701454 -0.032398462
  vertex -0.024658337 -0.17780678 -0.014630061
 endloop
endfacet
facet normal 0.92711127 -0.3694566 -0.06298084
 outer loop
  vertex 0.17005545 -0.05772569 -0.013621265
  vertex 0.17015415 -0.05862073 -0.00691782
  vertex 0.16355306 -0.074964866 -0.008211866
 endloop
endfacet
facet normal 0.92711145 -0.36945635 -0.062979706
 outer loop
  vertex 0.16343148 -0.073862344 -0.016469298
  vertex 0.17005545 -0.05772569 -0.013621265
  vertex 0.16355306 -0.074964866 -0.008211866
 endloop
endfacet
facet normal -0.18569843 -0.97431844 -0.1273564
 outer loop
  vertex -0.024911297 -0.17551287 -0.03181042
  vertex -0.024658337 -0.17780678 -0.014630061
  vertex -0.04202513 -0.1745591 -0.014153337
 endloop
endfacet
facet normal -0.18569735 -0.9743189 -0.1273553
 outer loop
  vertex -0.042271942 -0.17232098 -0.030916007
  vertex -0.024911297 -0.17551287 -0.03181042
  vertex -0.04202513 -0.1745591 -0.014153337
 endloop
endfacet
facet normal 0.8859093 -0.45788863 -0.07418043
 outer loop
  vertex 0.16343148 -0.073862344 -0.016469298
  vertex 0.16355306 -0.074964866 -0.008211866
  vertex 0.15537687 -0.090587094 -0.009426811
 endloop
endfacet
facet normal 0.8859092 -0.45788872 -0.07418091
 outer loop
  vertex 0.15523358 -0.0892877 -0.019158708
  vertex 0.16343148 -0.073862344 -0.016469298
  vertex 0.15537687 -0.090587094 -0.009426811
 endloop
endfacet
facet normal -0.28101128 -0.95179677 -0.12294478
 outer loop
  vertex -0.042271942 -0.17232098 -0.030916007
  vertex -0.04202513 -0.1745591 -0.014153337
  vertex -0.058987178 -0.16963036 -0.0135403
 endloop
endfacet
facet normal -0.28101137 -0.9517968 -0.12294488
 outer loop
  vertex -0.059225462 -0.16746956 -0.029723845
  vertex -0.042271942 -0.17232098 -0.030916007
  vertex -0.058987178 -0.16963036 -0.0135403
 endloop
endfacet
facet normal 0.8361747 -0.54188913 -0.08466424
 outer loop
  vertex 0.15523358 -0.0892877 -0.019158708
  vertex 0.15537687 -0.090587094 -0.009426811
  vertex 0.14570431 -0.10533692 -0.010550952
 endloop
endfacet
facet normal 0.83617455 -0.5418893 -0.08466481
 outer loop
  vertex 0.14554068 -0.10385317 -0.021663584
  vertex 0.15523358 -0.0892877 -0.019158708
  vertex 0.14570431 -0.10533692 -0.010550952
 endloop
endfacet
facet normal -0.37363842 -0.92012113 -0.11735178
 outer loop
  vertex -0.059225462 -0.16746956 -0.029723845
  vertex -0.058987178 -0.16963036 -0.0135403
  vertex -0.07538115 -0.163068 -0.012796839
 endloop
endfacet
facet normal -0.37363973 -0.9201205 -0.1173532
 outer loop
  vertex -0.07560861 -0.1610053 -0.028245406
  vertex -0.059225462 -0.16746956 -0.029723845
  vertex -0.07538115 -0.163068 -0.012796839
 endloop
endfacet
facet normal 0.7783937 -0.620649 -0.094329916
 outer loop
  vertex 0.14554068 -0.10385317 -0.021663584
  vertex 0.14570431 -0.10533692 -0.010550952
  vertex 0.13462852 -0.11907234 -0.011573465
 endloop
endfacet
facet normal 0.7783941 -0.6206487 -0.094328925
 outer loop
  vertex 0.13444614 -0.117418535 -0.02395982
  vertex 0.14554068 -0.10385317 -0.021663584
  vertex 0.13462852 -0.11907234 -0.011573465
 endloop
endfacet
facet normal -0.46268627 -0.8795921 -0.11063076
 outer loop
  vertex -0.07560861 -0.1610053 -0.028245406
  vertex -0.07538115 -0.163068 -0.012796839
  vertex -0.09104918 -0.15493526 -0.011930116
 endloop
endfacet
facet normal -0.46268603 -0.87959236 -0.11063053
 outer loop
  vertex -0.09126363 -0.15299056 -0.026494926
  vertex -0.07560861 -0.1610053 -0.028245406
  vertex -0.09104918 -0.15493526 -0.011930116
 endloop
endfacet
facet normal 0.71313 -0.69341147 -0.1030832
 outer loop
  vertex 0.13444614 -0.117418535 -0.02395982
  vertex 0.13462852 -0.11907234 -0.011573465
  vertex 0.1222562 -0.13166106 -0.012484497
 endloop
endfacet
facet normal 0.71313 -0.69341147 -0.103083074
 outer loop
  vertex 0.12205683 -0.12985311 -0.026025277
  vertex 0.13444614 -0.117418535 -0.02395982
  vertex 0.1222562 -0.13166106 -0.012484497
 endloop
endfacet
facet normal -0.5473046 -0.8305909 -0.10284193
 outer loop
  vertex -0.09126363 -0.15299056 -0.026494926
  vertex -0.09104918 -0.15493526 -0.011930116
  vertex -0.10584036 -0.14531039 -0.010948484
 endloop
endfacet
facet normal -0.5473044 -0.8305911 -0.102841675
 outer loop
  vertex -0.10603973 -0.14350243 -0.024489272
  vertex -0.09126363 -0.15299056 -0.026494926
  vertex -0.10584036 -0.14531039 -0.010948484
 endloop
endfacet
facet normal 0.6410156 -0.759482 -0.11084291
 outer loop
  vertex 0.12205683 -0.12985311 -0.026025277
  vertex 0.1222562 -0.13166106 -0.012484497
  vertex 0.10870649 -0.14298183 -0.0132752815
 endloop
endfacet
facet normal 0.6410151 -0.75948226 -0.1108437
 outer loop
  vertex 0.10849203 -0.14103715 -0.027840093
  vertex 0.12205683 -0.12985311 -0.026025277
  vertex 0.10870649 -0.14298183 -0.0132752815
 endloop
endfacet
facet normal -0.62667245 -0.7735852 -0.09406171
 outer loop
  vertex -0.10603973 -0.14350243 -0.024489272
  vertex -0.10584036 -0.14531039 -0.010948484
  vertex -0.11961223 -0.13428614 -0.009861396
 endloop
endfacet
facet normal -0.6266719 -0.77358574 -0.094060786
 outer loop
  vertex -0.11979461 -0.13263233 -0.02224775
  vertex -0.10603973 -0.14350243 -0.024489272
  vertex -0.11961223 -0.13428614 -0.009861396
 endloop
endfacet
facet normal 0.56274855 -0.8182296 -0.11753516
 outer loop
  vertex 0.10849203 -0.14103715 -0.027840093
  vertex 0.10870649 -0.14298183 -0.0132752815
  vertex 0.09410987 -0.15292563 -0.013938195
 endloop
endfacet
facet normal 0.562748 -0.81822973 -0.117535785
 outer loop
  vertex 0.09388241 -0.15086293 -0.029386757
  vertex 0.10849203 -0.14103715 -0.027840093
  vertex 0.09410987 -0.15292563 -0.013938195
 endloop
endfacet
facet normal -0.70002407 -0.7091174 -0.08437309
 outer loop
  vertex -0.11979461 -0.13263233 -0.02224775
  vertex -0.11961223 -0.13428614 -0.009861396
  vertex -0.13223217 -0.12196867 -0.008679314
 endloop
endfacet
facet normal -0.700024 -0.7091174 -0.084372915
 outer loop
  vertex -0.1323958 -0.120484926 -0.019791946
  vertex -0.11979461 -0.13263233 -0.02224775
  vertex -0.13223217 -0.12196867 -0.008679314
 endloop
endfacet
facet normal 0.47908592 -0.8690939 -0.12309537
 outer loop
  vertex 0.09388241 -0.15086293 -0.029386757
  vertex 0.09410987 -0.15292563 -0.013938195
  vertex 0.07860692 -0.16139671 -0.014466861
 endloop
endfacet
facet normal 0.47908697 -0.86909354 -0.123094104
 outer loop
  vertex 0.078368634 -0.15923591 -0.030650407
  vertex 0.09388241 -0.15086293 -0.029386757
  vertex 0.07860692 -0.16139671 -0.014466861
 endloop
endfacet
facet normal -0.7666494 -0.63780236 -0.07386999
 outer loop
  vertex -0.1323958 -0.120484926 -0.019791946
  vertex -0.13223217 -0.12196867 -0.008679314
  vertex -0.14357863 -0.108476624 -0.0074136285
 endloop
endfacet
facet normal -0.7666496 -0.63780206 -0.07387054
 outer loop
  vertex -0.14372192 -0.107177235 -0.01714552
  vertex -0.1323958 -0.120484926 -0.019791946
  vertex -0.14357863 -0.108476624 -0.0074136285
 endloop
endfacet
facet normal 0.39083144 -0.91159326 -0.12746912
 outer loop
  vertex 0.078368634 -0.15923591 -0.030650407
  vertex 0.07860692 -0.16139671 -0.014466861
  vertex 0.06234693 -0.16831349 -0.014856186
 endloop
endfacet
facet normal 0.39083013 -0.9115937 -0.12747058
 outer loop
  vertex 0.06210012 -0.16607533 -0.031618863
  vertex 0.078368634 -0.15923591 -0.030650407
  vertex 0.06234693 -0.16831349 -0.014856186
 endloop
endfacet
facet normal 0.9956768 -0.083658285 -0.040360115
 outer loop
  vertex 0.17989011 -0.006231008 -0.0060918443
  vertex 0.17992517 -0.0066271555 -0.0044057276
  vertex 0.1783422 -0.02394544 -0.0075602946
 endloop
endfacet
facet normal 0.9956769 -0.08365842 -0.04035857
 outer loop
  vertex 0.17827241 -0.023156963 -0.010916289
  vertex 0.17989011 -0.006231008 -0.0060918443
  vertex 0.1783422 -0.02394544 -0.0075602946
 endloop
endfacet
facet normal -0.9206247 -0.383928 -0.07105985
 outer loop
  vertex -0.16226298 -0.07605683 -0.017967362
  vertex -0.1621261 -0.07760349 -0.01138434
  vertex -0.16902688 -0.061622255 -0.008325061
 endloop
endfacet
facet normal -0.9206246 -0.383928 -0.071059875
 outer loop
  vertex -0.16913071 -0.060449038 -0.013318615
  vertex -0.16226298 -0.07605683 -0.017967362
  vertex -0.16902688 -0.061622255 -0.008325061
 endloop
endfacet
facet normal 0.105450794 -0.96757454 -0.22952034
 outer loop
  vertex 0.02757541 -0.1708835 -0.0497552
  vertex 0.027931381 -0.17490564 -0.032635786
  vertex 0.010360195 -0.17681146 -0.03267447
 endloop
endfacet
facet normal 0.105450876 -0.96757466 -0.22952032
 outer loop
  vertex 0.010002505 -0.17276986 -0.04987672
  vertex 0.02757541 -0.1708835 -0.0497552
  vertex 0.010360195 -0.17681146 -0.03267447
 endloop
endfacet
facet normal 0.98197657 -0.17842609 -0.062338945
 outer loop
  vertex 0.17827241 -0.023156963 -0.010916289
  vertex 0.1783422 -0.02394544 -0.0075602946
  vertex 0.1750417 -0.04103313 -0.010642034
 endloop
endfacet
facet normal 0.9819766 -0.17842607 -0.06233887
 outer loop
  vertex 0.17493787 -0.039859913 -0.015635585
  vertex 0.17827241 -0.023156963 -0.010916289
  vertex 0.1750417 -0.04103313 -0.010642034
 endloop
endfacet
facet normal -0.95444 -0.29430208 -0.049299438
 outer loop
  vertex -0.16913071 -0.060449038 -0.013318615
  vertex -0.16902688 -0.061622255 -0.008325061
  vertex -0.17429985 -0.04504759 -0.005185586
 endloop
endfacet
facet normal -0.9544401 -0.29430214 -0.04929947
 outer loop
  vertex -0.17436963 -0.04425911 -0.008541578
  vertex -0.16913071 -0.060449038 -0.013318615
  vertex -0.17429985 -0.04504759 -0.005185586
 endloop
endfacet
facet normal 0.00761275 -0.9734293 -0.22886148
 outer loop
  vertex 0.010002505 -0.17276986 -0.04987672
  vertex 0.010360195 -0.17681146 -0.03267447
  vertex -0.0073107434 -0.17701454 -0.032398462
 endloop
endfacet
facet normal 0.007612697 -0.97342926 -0.22886153
 outer loop
  vertex -0.0076667117 -0.17299241 -0.049517877
  vertex 0.010002505 -0.17276986 -0.04987672
  vertex -0.0073107434 -0.17701454 -0.032398462
 endloop
endfacet
facet normal 0.958801 -0.27146336 -0.08371576
 outer loop
  vertex 0.17493787 -0.039859913 -0.015635585
  vertex 0.1750417 -0.04103313 -0.010642034
  vertex 0.17005545 -0.05772569 -0.013621265
 endloop
endfacet
facet normal 0.9588009 -0.2714634 -0.083715945
 outer loop
  vertex 0.16991857 -0.05617903 -0.020204285
  vertex 0.17493787 -0.039859913 -0.015635585
  vertex 0.17005545 -0.05772569 -0.013621265
 endloop
endfacet
facet normal -0.9790477 -0.20182496 -0.027060524
 outer loop
  vertex -0.17436963 -0.04425911 -0.008541578
  vertex -0.17429985 -0.04504759 -0.005185586
  vertex -0.1778942 -0.028039107 -0.0019961542
 endloop
endfacet
facet normal -0.97904766 -0.2018255 -0.027059173
 outer loop
  vertex -0.17792927 -0.02764296 -0.0036822704
  vertex -0.17436963 -0.04425911 -0.008541578
  vertex -0.1778942 -0.028039107 -0.0019961542
 endloop
endfacet
facet normal -0.09030544 -0.9699316 -0.2260037
 outer loop
  vertex -0.0076667117 -0.17299241 -0.049517877
  vertex -0.0073107434 -0.17701454 -0.032398462
  vertex -0.024911297 -0.17551287 -0.03181042
 endloop
endfacet
facet normal -0.090305865 -0.9699315 -0.22600408
 outer loop
  vertex -0.025262116 -0.17154892 -0.048682135
  vertex -0.0076667117 -0.17299241 -0.049517877
  vertex -0.024911297 -0.17551287 -0.03181042
 endloop
endfacet
facet normal 0.92637914 -0.36186612 -0.10428163
 outer loop
  vertex 0.16991857 -0.05617903 -0.020204285
  vertex 0.17005545 -0.05772569 -0.013621265
  vertex 0.16343148 -0.073862344 -0.016469298
 endloop
endfacet
facet normal 0.9263791 -0.36186624 -0.1042821
 outer loop
  vertex 0.16326286 -0.07195715 -0.024578389
  vertex 0.16991857 -0.05617903 -0.020204285
  vertex 0.16343148 -0.073862344 -0.016469298
 endloop
endfacet
facet normal -0.18735735 -0.95711404 -0.22097468
 outer loop
  vertex -0.025262116 -0.17154892 -0.048682135
  vertex -0.024911297 -0.17551287 -0.03181042
  vertex -0.042271942 -0.17232098 -0.030916007
 endloop
endfacet
facet normal -0.18735678 -0.9571143 -0.22097415
 outer loop
  vertex -0.042614233 -0.16845341 -0.047377538
  vertex -0.025262116 -0.17154892 -0.048682135
  vertex -0.042271942 -0.17232098 -0.030916007
 endloop
endfacet
facet normal 0.88502866 -0.44876295 -0.12383831
 outer loop
  vertex 0.16326286 -0.07195715 -0.024578389
  vertex 0.16343148 -0.073862344 -0.016469298
  vertex 0.15523358 -0.0892877 -0.019158708
 endloop
endfacet
facet normal 0.8850289 -0.44876292 -0.12383778
 outer loop
  vertex 0.15503486 -0.0870423 -0.028715769
  vertex 0.16326286 -0.07195715 -0.024578389
  vertex 0.15523358 -0.0892877 -0.019158708
 endloop
endfacet
facet normal -0.28262272 -0.9350964 -0.21382025
 outer loop
  vertex -0.042614233 -0.16845341 -0.047377538
  vertex -0.042271942 -0.17232098 -0.030916007
  vertex -0.059225462 -0.16746956 -0.029723845
 endloop
endfacet
facet normal -0.28262356 -0.935096 -0.21382104
 outer loop
  vertex -0.059555925 -0.1637356 -0.045616653
  vertex -0.042614233 -0.16845341 -0.047377538
  vertex -0.059225462 -0.16746956 -0.029723845
 endloop
endfacet
facet normal 0.8351544 -0.5313165 -0.14219639
 outer loop
  vertex 0.15503486 -0.0870423 -0.028715769
  vertex 0.15523358 -0.0892877 -0.019158708
  vertex 0.14554068 -0.10385317 -0.021663584
 endloop
endfacet
facet normal 0.8351545 -0.5313165 -0.14219624
 outer loop
  vertex 0.14531377 -0.101289205 -0.032576583
  vertex 0.15503486 -0.0870423 -0.028715769
  vertex 0.14554068 -0.10385317 -0.021663584
 endloop
endfacet
facet normal -0.37518683 -0.9040848 -0.2046104
 outer loop
  vertex -0.059555925 -0.1637356 -0.045616653
  vertex -0.059225462 -0.16746956 -0.029723845
  vertex -0.07560861 -0.1610053 -0.028245406
 endloop
endfacet
facet normal -0.37518695 -0.9040848 -0.20461056
 outer loop
  vertex -0.07592407 -0.15744092 -0.043416437
  vertex -0.059555925 -0.1637356 -0.045616653
  vertex -0.07560861 -0.1610053 -0.028245406
 endloop
endfacet
facet normal 0.7772442 -0.6087307 -0.1591803
 outer loop
  vertex 0.14531377 -0.101289205 -0.032576583
  vertex 0.14554068 -0.10385317 -0.021663584
  vertex 0.13444614 -0.117418535 -0.02395982
 endloop
endfacet
facet normal 0.7772438 -0.6087309 -0.15918137
 outer loop
  vertex 0.13419321 -0.11456068 -0.036123652
  vertex 0.14531377 -0.101289205 -0.032576583
  vertex 0.13444614 -0.117418535 -0.02395982
 endloop
endfacet
facet normal -0.46415418 -0.86437565 -0.19343108
 outer loop
  vertex -0.07592407 -0.15744092 -0.043416437
  vertex -0.07560861 -0.1610053 -0.028245406
  vertex -0.09126363 -0.15299056 -0.026494926
 endloop
endfacet
facet normal -0.46415338 -0.86437625 -0.19343019
 outer loop
  vertex -0.09156104 -0.1496301 -0.04079808
  vertex -0.07592407 -0.15744092 -0.043416437
  vertex -0.09126363 -0.15299056 -0.026494926
 endloop
endfacet
facet normal 0.7118614 -0.68026346 -0.17462817
 outer loop
  vertex 0.13419321 -0.11456068 -0.036123652
  vertex 0.13444614 -0.117418535 -0.02395982
  vertex 0.12205683 -0.12985311 -0.026025277
 endloop
endfacet
facet normal 0.7118618 -0.68026316 -0.17462741
 outer loop
  vertex 0.12178033 -0.1267289 -0.0393228
  vertex 0.13419321 -0.11456068 -0.036123652
  vertex 0.12205683 -0.12985311 -0.026025277
 endloop
endfacet
facet normal -0.5486793 -0.81634045 -0.18038675
 outer loop
  vertex -0.09156104 -0.1496301 -0.04079808
  vertex -0.09126363 -0.15299056 -0.026494926
  vertex -0.10603973 -0.14350243 -0.024489272
 endloop
endfacet
facet normal -0.5486793 -0.81634045 -0.1803867
 outer loop
  vertex -0.10631623 -0.14037824 -0.037786793
  vertex -0.09156104 -0.1496301 -0.04079808
  vertex -0.10603973 -0.14350243 -0.024489272
 endloop
endfacet
facet normal 0.63964015 -0.74523133 -0.18838972
 outer loop
  vertex 0.12178033 -0.1267289 -0.0393228
  vertex 0.12205683 -0.12985311 -0.026025277
  vertex 0.10849203 -0.14103715 -0.027840093
 endloop
endfacet
facet normal 0.63964015 -0.7452314 -0.18838978
 outer loop
  vertex 0.10819463 -0.13767667 -0.042143244
  vertex 0.12178033 -0.1267289 -0.0393228
  vertex 0.10849203 -0.14103715 -0.027840093
 endloop
endfacet
facet normal -0.6279405 -0.76043797 -0.16560455
 outer loop
  vertex -0.10631623 -0.14037824 -0.037786793
  vertex -0.10603973 -0.14350243 -0.024489272
  vertex -0.11979461 -0.13263233 -0.02224775
 endloop
endfacet
facet normal -0.6279409 -0.76043755 -0.16560516
 outer loop
  vertex -0.12004753 -0.12977448 -0.034411583
  vertex -0.10631623 -0.14037824 -0.037786793
  vertex -0.11979461 -0.13263233 -0.02224775
 endloop
endfacet
facet normal 0.5612799 -0.8030133 -0.2003361
 outer loop
  vertex 0.10819463 -0.13767667 -0.042143244
  vertex 0.10849203 -0.14103715 -0.027840093
  vertex 0.09388241 -0.15086293 -0.029386757
 endloop
endfacet
facet normal 0.5612796 -0.8030134 -0.20033646
 outer loop
  vertex 0.093566954 -0.14729854 -0.04455779
  vertex 0.10819463 -0.13767667 -0.042143244
  vertex 0.09388241 -0.15086293 -0.029386757
 endloop
endfacet
facet normal -0.7011739 -0.6971994 -0.14922486
 outer loop
  vertex -0.12004753 -0.12977448 -0.034411583
  vertex -0.11979461 -0.13263233 -0.02224775
  vertex -0.1323958 -0.120484926 -0.019791946
 endloop
endfacet
facet normal -0.70117396 -0.69719946 -0.14922482
 outer loop
  vertex -0.13262272 -0.11792096 -0.030704945
  vertex -0.12004753 -0.12977448 -0.034411583
  vertex -0.1323958 -0.120484926 -0.019791946
 endloop
endfacet
facet normal 0.47753975 -0.85305774 -0.21035296
 outer loop
  vertex 0.093566954 -0.14729854 -0.04455779
  vertex 0.09388241 -0.15086293 -0.029386757
  vertex 0.078368634 -0.15923591 -0.030650407
 endloop
endfacet
facet normal 0.47753993 -0.8530576 -0.21035272
 outer loop
  vertex 0.07803817 -0.15550195 -0.046543214
  vertex 0.093566954 -0.14729854 -0.04455779
  vertex 0.078368634 -0.15923591 -0.030650407
 endloop
endfacet
facet normal -0.7676698 -0.62722915 -0.13140291
 outer loop
  vertex -0.13262272 -0.11792096 -0.030704945
  vertex -0.1323958 -0.120484926 -0.019791946
  vertex -0.14372192 -0.107177235 -0.01714552
 endloop
endfacet
facet normal -0.76766974 -0.62722915 -0.13140282
 outer loop
  vertex -0.14392065 -0.10493184 -0.026702585
  vertex -0.13262272 -0.11792096 -0.030704945
  vertex -0.14372192 -0.107177235 -0.01714552
 endloop
endfacet
facet normal 0.38921887 -0.8948932 -0.21834533
 outer loop
  vertex 0.07803817 -0.15550195 -0.046543214
  vertex 0.078368634 -0.15923591 -0.030650407
  vertex 0.06210012 -0.16607533 -0.031618863
 endloop
endfacet
facet normal 0.38921955 -0.8948932 -0.21834455
 outer loop
  vertex 0.061757833 -0.16220777 -0.048080385
  vertex 0.07803817 -0.15550195 -0.046543214
  vertex 0.06210012 -0.16607533 -0.031618863
 endloop
endfacet
facet normal -0.8267808 -0.55119854 -0.112310596
 outer loop
  vertex -0.14392065 -0.10493184 -0.026702585
  vertex -0.14372192 -0.107177235 -0.01714552
  vertex -0.15366393 -0.0928374 -0.014333966
 endloop
endfacet
facet normal -0.82678115 -0.551198 -0.11231138
 outer loop
  vertex -0.15383254 -0.0909322 -0.022443056
  vertex -0.14392065 -0.10493184 -0.026702585
  vertex -0.15366393 -0.0928374 -0.014333966
 endloop
endfacet
facet normal 0.2971723 -0.9281198 -0.22423707
 outer loop
  vertex 0.061757833 -0.16220777 -0.048080385
  vertex 0.06210012 -0.16607533 -0.031618863
  vertex 0.04523357 -0.17131539 -0.03228278
 endloop
endfacet
facet normal 0.2971719 -0.92811984 -0.22423752
 outer loop
  vertex 0.044882752 -0.16735144 -0.049154494
  vertex 0.061757833 -0.16220777 -0.048080385
  vertex 0.04523357 -0.17131539 -0.03228278
 endloop
endfacet
facet normal -0.8779323 -0.4698366 -0.09213226
 outer loop
  vertex -0.15383254 -0.0909322 -0.022443056
  vertex -0.15366393 -0.0928374 -0.014333966
  vertex -0.1621261 -0.07760349 -0.01138434
 endloop
endfacet
facet normal -0.87793213 -0.46983704 -0.092131644
 outer loop
  vertex -0.16226298 -0.07605683 -0.017967362
  vertex -0.15383254 -0.0909322 -0.022443056
  vertex -0.1621261 -0.07760349 -0.01138434
 endloop
endfacet
facet normal 0.20228186 -0.9524231 -0.22797443
 outer loop
  vertex 0.044882752 -0.16735144 -0.049154494
  vertex 0.04523357 -0.17131539 -0.03228278
  vertex 0.027931381 -0.17490564 -0.032635786
 endloop
endfacet
facet normal 0.20228224 -0.9524231 -0.22797401
 outer loop
  vertex 0.02757541 -0.1708835 -0.0497552
  vertex 0.044882752 -0.16735144 -0.049154494
  vertex 0.027931381 -0.17490564 -0.032635786
 endloop
endfacet
facet normal 0.95804 -0.26232606 -0.115517944
 outer loop
  vertex 0.17480607 -0.038203705 -0.020489696
  vertex 0.17493787 -0.039859913 -0.015635585
  vertex 0.16991857 -0.05617903 -0.020204285
 endloop
endfacet
facet normal 0.9580401 -0.26232606 -0.11551711
 outer loop
  vertex 0.16974482 -0.053995647 -0.026603477
  vertex 0.17480607 -0.038203705 -0.020489696
  vertex 0.16991857 -0.05617903 -0.020204285
 endloop
endfacet
facet normal -0.9793791 -0.19784492 -0.040913414
 outer loop
  vertex -0.1744582 -0.04314603 -0.01180386
  vertex -0.17436963 -0.04425911 -0.008541578
  vertex -0.17792927 -0.02764296 -0.0036822704
 endloop
endfacet
facet normal -0.9793788 -0.19784738 -0.040908553
 outer loop
  vertex -0.17797378 -0.027083728 -0.0053213025
  vertex -0.1744582 -0.04314603 -0.01180386
  vertex -0.17792927 -0.02764296 -0.0036822704
 endloop
endfacet
facet normal -0.09253768 -0.9431313 -0.31928077
 outer loop
  vertex -0.008118547 -0.16731443 -0.066159256
  vertex -0.0076667117 -0.17299241 -0.049517877
  vertex -0.025262116 -0.17154892 -0.048682135
 endloop
endfacet
facet normal -0.09253725 -0.94313145 -0.31928042
 outer loop
  vertex -0.025707413 -0.1659531 -0.06508272
  vertex -0.008118547 -0.16731443 -0.066159256
  vertex -0.025262116 -0.17154892 -0.048682135
 endloop
endfacet
facet normal 0.92541337 -0.35027125 -0.14463785
 outer loop
  vertex 0.16974482 -0.053995647 -0.026603477
  vertex 0.16991857 -0.05617903 -0.020204285
  vertex 0.16326286 -0.07195715 -0.024578389
 endloop
endfacet
facet normal 0.9254137 -0.35027114 -0.14463627
 outer loop
  vertex 0.16304885 -0.06926761 -0.032461036
  vertex 0.16974482 -0.053995647 -0.026603477
  vertex 0.16326286 -0.07195715 -0.024578389
 endloop
endfacet
facet normal -0.18954557 -0.9308316 -0.31244978
 outer loop
  vertex -0.025707413 -0.1659531 -0.06508272
  vertex -0.025262116 -0.17154892 -0.048682135
  vertex -0.042614233 -0.16845341 -0.047377538
 endloop
endfacet
facet normal -0.18954618 -0.9308313 -0.31245032
 outer loop
  vertex -0.043048702 -0.16299362 -0.0633794
  vertex -0.025707413 -0.1659531 -0.06508272
  vertex -0.042614233 -0.16845341 -0.047377538
 endloop
endfacet
facet normal 0.8838679 -0.4348224 -0.172357
 outer loop
  vertex 0.16304885 -0.06926761 -0.032461036
  vertex 0.16326286 -0.07195715 -0.024578389
  vertex 0.15503486 -0.0870423 -0.028715769
 endloop
endfacet
facet normal 0.8838676 -0.43482256 -0.17235845
 outer loop
  vertex 0.15478261 -0.08387253 -0.038005956
  vertex 0.16304885 -0.06926761 -0.032461036
  vertex 0.15503486 -0.0870423 -0.028715769
 endloop
endfacet
facet normal -0.28474814 -0.9095835 -0.3026158
 outer loop
  vertex -0.043048702 -0.16299362 -0.0633794
  vertex -0.042614233 -0.16845341 -0.047377538
  vertex -0.059555925 -0.1637356 -0.045616653
 endloop
endfacet
facet normal -0.2847478 -0.90958375 -0.30261552
 outer loop
  vertex -0.05997539 -0.15846445 -0.06106567
  vertex -0.043048702 -0.16299362 -0.0633794
  vertex -0.059555925 -0.1637356 -0.045616653
 endloop
endfacet
facet normal 0.83380944 -0.5151647 -0.19841173
 outer loop
  vertex 0.15478261 -0.08387253 -0.038005956
  vertex 0.15503486 -0.0870423 -0.028715769
  vertex 0.14531377 -0.101289205 -0.032576583
 endloop
endfacet
facet normal 0.83380973 -0.5151646 -0.19841073
 outer loop
  vertex 0.14502575 -0.09766971 -0.04318484
  vertex 0.15478261 -0.08387253 -0.038005956
  vertex 0.14531377 -0.101289205 -0.032576583
 endloop
endfacet
facet normal -0.37722695 -0.87958807 -0.28987017
 outer loop
  vertex -0.05997539 -0.15846445 -0.06106567
  vertex -0.059555925 -0.1637356 -0.045616653
  vertex -0.07592407 -0.15744092 -0.043416437
 endloop
endfacet
facet normal -0.37722662 -0.8795883 -0.28986982
 outer loop
  vertex -0.07632448 -0.15240917 -0.058163825
  vertex -0.05997539 -0.15846445 -0.06106567
  vertex -0.07592407 -0.15744092 -0.043416437
 endloop
endfacet
facet normal 0.7757276 -0.590525 -0.2225464
 outer loop
  vertex 0.14502575 -0.09766971 -0.04318484
  vertex 0.14531377 -0.101289205 -0.032576583
  vertex 0.13419321 -0.11456068 -0.036123652
 endloop
endfacet
facet normal 0.77572757 -0.59052503 -0.22254671
 outer loop
  vertex 0.13387218 -0.11052631 -0.047947817
  vertex 0.14502575 -0.09766971 -0.04318484
  vertex 0.13419321 -0.11456068 -0.036123652
 endloop
endfacet
facet normal -0.4660893 -0.8411307 -0.27433553
 outer loop
  vertex -0.07632448 -0.15240917 -0.058163825
  vertex -0.07592407 -0.15744092 -0.043416437
  vertex -0.09156104 -0.1496301 -0.04079808
 endloop
endfacet
facet normal -0.4660899 -0.84113014 -0.27433616
 outer loop
  vertex -0.09193855 -0.14488618 -0.054701827
  vertex -0.07632448 -0.15240917 -0.058163825
  vertex -0.09156104 -0.1496301 -0.04079808
 endloop
endfacet
facet normal 0.71018916 -0.6601781 -0.24453276
 outer loop
  vertex 0.13387218 -0.11052631 -0.047947817
  vertex 0.13419321 -0.11456068 -0.036123652
  vertex 0.12178033 -0.1267289 -0.0393228
 endloop
endfacet
facet normal 0.71018875 -0.66017824 -0.24453351
 outer loop
  vertex 0.12142936 -0.12231853 -0.052249
  vertex 0.13387218 -0.11052631 -0.047947817
  vertex 0.12178033 -0.1267289 -0.0393228
 endloop
endfacet
facet normal -0.5504922 -0.7945698 -0.2561583
 outer loop
  vertex -0.09193855 -0.14488618 -0.054701827
  vertex -0.09156104 -0.1496301 -0.04079808
  vertex -0.10631623 -0.14037824 -0.037786793
 endloop
endfacet
facet normal -0.5504922 -0.7945698 -0.25615838
 outer loop
  vertex -0.1066672 -0.13596785 -0.050712995
  vertex -0.09193855 -0.14488618 -0.054701827
  vertex -0.10631623 -0.14037824 -0.037786793
 endloop
endfacet
facet normal 0.6378271 -0.7234609 -0.26416063
 outer loop
  vertex 0.12142936 -0.12231853 -0.052249
  vertex 0.12178033 -0.1267289 -0.0393228
  vertex 0.10819463 -0.13767667 -0.042143244
 endloop
endfacet
facet normal 0.63782716 -0.72346085 -0.2641606
 outer loop
  vertex 0.10781712 -0.13293275 -0.056046996
  vertex 0.12142936 -0.12231853 -0.052249
  vertex 0.10819463 -0.13767667 -0.042143244
 endloop
endfacet
facet normal -0.6296136 -0.7403521 -0.23551118
 outer loop
  vertex -0.1066672 -0.13596785 -0.050712995
  vertex -0.10631623 -0.14037824 -0.037786793
  vertex -0.12004753 -0.12977448 -0.034411583
 endloop
endfacet
facet normal -0.62961364 -0.74035203 -0.23551129
 outer loop
  vertex -0.12036857 -0.12574011 -0.046235748
  vertex -0.1066672 -0.13596785 -0.050712995
  vertex -0.12004753 -0.12977448 -0.034411583
 endloop
endfacet
facet normal 0.55934376 -0.7797678 -0.28124142
 outer loop
  vertex 0.10781712 -0.13293275 -0.056046996
  vertex 0.10819463 -0.13767667 -0.042143244
  vertex 0.093566954 -0.14729854 -0.04455779
 endloop
endfacet
facet normal 0.55934495 -0.7797675 -0.2812396
 outer loop
  vertex 0.093166545 -0.14226681 -0.05930518
  vertex 0.10781712 -0.13293275 -0.056046996
  vertex 0.093566954 -0.14729854 -0.04455779
 endloop
endfacet
facet normal -0.7026901 -0.6789929 -0.21259165
 outer loop
  vertex -0.12036857 -0.12574011 -0.046235748
  vertex -0.12004753 -0.12977448 -0.034411583
  vertex -0.13262272 -0.11792096 -0.030704945
 endloop
endfacet
facet normal -0.7026897 -0.67899364 -0.212591
 outer loop
  vertex -0.13291074 -0.114301465 -0.0413132
  vertex -0.12036857 -0.12574011 -0.046235748
  vertex -0.13262272 -0.11792096 -0.030704945
 endloop
endfacet
facet normal 0.4754999 -0.8285613 -0.29561132
 outer loop
  vertex 0.093166545 -0.14226681 -0.05930518
  vertex 0.093566954 -0.14729854 -0.04455779
  vertex 0.07803817 -0.15550195 -0.046543214
 endloop
endfacet
facet normal 0.47549865 -0.82856137 -0.29561293
 outer loop
  vertex 0.0776187 -0.1502308 -0.06199223
  vertex 0.093166545 -0.14226681 -0.05930518
  vertex 0.07803817 -0.15550195 -0.046543214
 endloop
endfacet
facet normal -0.76901484 -0.61107755 -0.18761759
 outer loop
  vertex -0.13291074 -0.114301465 -0.0413132
  vertex -0.13262272 -0.11792096 -0.030704945
  vertex -0.14392065 -0.10493184 -0.026702585
 endloop
endfacet
facet normal -0.76901466 -0.61107796 -0.18761717
 outer loop
  vertex -0.14417289 -0.101762064 -0.03599277
  vertex -0.13291074 -0.114301465 -0.0413132
  vertex -0.14392065 -0.10493184 -0.026702585
 endloop
endfacet
facet normal 0.38709494 -0.86938053 -0.30713996
 outer loop
  vertex 0.0776187 -0.1502308 -0.06199223
  vertex 0.07803817 -0.15550195 -0.046543214
  vertex 0.061757833 -0.16220777 -0.048080385
 endloop
endfacet
facet normal 0.38709545 -0.86938053 -0.3071394
 outer loop
  vertex 0.06132336 -0.156748 -0.06408224
  vertex 0.0776187 -0.1502308 -0.06199223
  vertex 0.061757833 -0.16220777 -0.048080385
 endloop
endfacet
facet normal -0.82794195 -0.5372576 -0.16082992
 outer loop
  vertex -0.14417289 -0.101762064 -0.03599277
  vertex -0.14392065 -0.10493184 -0.026702585
  vertex -0.15383254 -0.0909322 -0.022443056
 endloop
endfacet
facet normal -0.8279422 -0.53725713 -0.16083045
 outer loop
  vertex -0.15404657 -0.088242665 -0.030325703
  vertex -0.14417289 -0.101762064 -0.03599277
  vertex -0.15383254 -0.0909322 -0.022443056
 endloop
endfacet
facet normal 0.2949832 -0.9018373 -0.31571254
 outer loop
  vertex 0.06132336 -0.156748 -0.06408224
  vertex 0.061757833 -0.16220777 -0.048080385
  vertex 0.044882752 -0.16735144 -0.049154494
 endloop
endfacet
facet normal 0.294983 -0.90183735 -0.31571275
 outer loop
  vertex 0.044437457 -0.16175562 -0.06555507
  vertex 0.06132336 -0.156748 -0.06408224
  vertex 0.044882752 -0.16735144 -0.049154494
 endloop
endfacet
facet normal -0.87889785 -0.45824206 -0.13248731
 outer loop
  vertex -0.15404657 -0.088242665 -0.030325703
  vertex -0.15383254 -0.0909322 -0.022443056
  vertex -0.16226298 -0.07605683 -0.017967362
 endloop
endfacet
facet normal -0.8788978 -0.45824203 -0.13248742
 outer loop
  vertex -0.16243672 -0.073873445 -0.024366556
  vertex -0.15404657 -0.088242665 -0.030325703
  vertex -0.16226298 -0.07605683 -0.017967362
 endloop
endfacet
facet normal 0.20005035 -0.9256229 -0.3212508
 outer loop
  vertex 0.044437457 -0.16175562 -0.06555507
  vertex 0.044882752 -0.16735144 -0.049154494
  vertex 0.02757541 -0.1708835 -0.0497552
 endloop
endfacet
facet normal 0.20004992 -0.92562294 -0.32125118
 outer loop
  vertex 0.027123578 -0.16520552 -0.06639657
  vertex 0.044437457 -0.16175562 -0.06555507
  vertex 0.02757541 -0.1708835 -0.0497552
 endloop
endfacet
facet normal 0.9953453 -0.07967714 -0.0542152
 outer loop
  vertex 0.1798456 -0.005671777 -0.007730878
  vertex 0.17989011 -0.006231008 -0.0060918443
  vertex 0.17827241 -0.023156963 -0.010916289
 endloop
endfacet
facet normal 0.9953455 -0.07967811 -0.05421001
 outer loop
  vertex 0.17818384 -0.022043884 -0.01417857
  vertex 0.1798456 -0.005671777 -0.007730878
  vertex 0.17827241 -0.023156963 -0.010916289
 endloop
endfacet
facet normal -0.9213856 -0.37479103 -0.10286057
 outer loop
  vertex -0.16243672 -0.073873445 -0.024366556
  vertex -0.16226298 -0.07605683 -0.017967362
  vertex -0.16913071 -0.060449038 -0.013318615
 endloop
endfacet
facet normal -0.92138547 -0.37479147 -0.10285992
 outer loop
  vertex -0.16926251 -0.05879283 -0.018172726
  vertex -0.16243672 -0.073873445 -0.024366556
  vertex -0.16913071 -0.060449038 -0.013318615
 endloop
endfacet
facet normal 0.10319738 -0.94051427 -0.32370242
 outer loop
  vertex 0.027123578 -0.16520552 -0.06639657
  vertex 0.02757541 -0.1708835 -0.0497552
  vertex 0.010002505 -0.17276986 -0.04987672
 endloop
endfacet
facet normal 0.103197895 -0.9405144 -0.32370198
 outer loop
  vertex 0.009548483 -0.16706441 -0.06659861
  vertex 0.027123578 -0.16520552 -0.06639657
  vertex 0.010002505 -0.17276986 -0.04987672
 endloop
endfacet
facet normal 0.9814278 -0.17183578 -0.08527603
 outer loop
  vertex 0.17818384 -0.022043884 -0.01417857
  vertex 0.17827241 -0.023156963 -0.010916289
  vertex 0.17493787 -0.039859913 -0.015635585
 endloop
endfacet
facet normal 0.98142767 -0.1718356 -0.085277915
 outer loop
  vertex 0.17480607 -0.038203705 -0.020489696
  vertex 0.17818384 -0.022043884 -0.01417857
  vertex 0.17493787 -0.039859913 -0.015635585
 endloop
endfacet
facet normal -0.9549889 -0.28771195 -0.07223622
 outer loop
  vertex -0.16926251 -0.05879283 -0.018172726
  vertex -0.16913071 -0.060449038 -0.013318615
  vertex -0.17436963 -0.04425911 -0.008541578
 endloop
endfacet
facet normal -0.954989 -0.28771102 -0.07223761
 outer loop
  vertex -0.1744582 -0.04314603 -0.01180386
  vertex -0.16926251 -0.05879283 -0.018172726
  vertex -0.17436963 -0.04425911 -0.008541578
 endloop
endfacet
facet normal 0.0053591416 -0.9463691 -0.3230431
 outer loop
  vertex 0.009548483 -0.16706441 -0.06659861
  vertex 0.010002505 -0.17276986 -0.04987672
  vertex -0.0076667117 -0.17299241 -0.049517877
 endloop
endfacet
facet normal 0.0053587444 -0.94636893 -0.32304347
 outer loop
  vertex -0.008118547 -0.16731443 -0.066159256
  vertex 0.009548483 -0.16706441 -0.06659861
  vertex -0.0076667117 -0.17299241 -0.049517877
 endloop
endfacet
facet normal 0.88243735 -0.4162013 -0.21927336
 outer loop
  vertex 0.16279148 -0.06581966 -0.04004133
  vertex 0.16304885 -0.06926761 -0.032461036
  vertex 0.15478261 -0.08387253 -0.038005956
 endloop
endfacet
facet normal 0.88243717 -0.41620126 -0.2192739
 outer loop
  vertex 0.15447928 -0.07980889 -0.046939798
  vertex 0.16279148 -0.06581966 -0.04004133
  vertex 0.15478261 -0.08387253 -0.038005956
 endloop
endfacet
facet normal -0.2873653 -0.8755049 -0.38847446
 outer loop
  vertex -0.04357117 -0.15599422 -0.07876747
  vertex -0.043048702 -0.16299362 -0.0633794
  vertex -0.05997539 -0.15846445 -0.06106567
 endloop
endfacet
facet normal -0.2873645 -0.87550545 -0.3884738
 outer loop
  vertex -0.060479805 -0.15170687 -0.07592212
  vertex -0.04357117 -0.15599422 -0.07876747
  vertex -0.05997539 -0.15846445 -0.06106567
 endloop
endfacet
facet normal 0.83215266 -0.49358958 -0.25276735
 outer loop
  vertex 0.15447928 -0.07980889 -0.046939798
  vertex 0.15478261 -0.08387253 -0.038005956
  vertex 0.14502575 -0.09766971 -0.04318484
 endloop
endfacet
facet normal 0.8321528 -0.49358958 -0.25276706
 outer loop
  vertex 0.14467938 -0.093029544 -0.053386193
  vertex 0.15447928 -0.07980889 -0.046939798
  vertex 0.14502575 -0.09766971 -0.04318484
 endloop
endfacet
facet normal -0.37973982 -0.84686625 -0.37231064
 outer loop
  vertex -0.060479805 -0.15170687 -0.07592212
  vertex -0.05997539 -0.15846445 -0.06106567
  vertex -0.07632448 -0.15240917 -0.058163825
 endloop
endfacet
facet normal -0.3797395 -0.8468666 -0.37231037
 outer loop
  vertex -0.07680599 -0.1459585 -0.07234556
  vertex -0.060479805 -0.15170687 -0.07592212
  vertex -0.07632448 -0.15240917 -0.058163825
 endloop
endfacet
facet normal 0.7738597 -0.5662055 -0.28381777
 outer loop
  vertex 0.14467938 -0.093029544 -0.053386193
  vertex 0.14502575 -0.09766971 -0.04318484
  vertex 0.13387218 -0.11052631 -0.047947817
 endloop
endfacet
facet normal 0.7738594 -0.56620556 -0.28381857
 outer loop
  vertex 0.1334861 -0.10535429 -0.059318442
  vertex 0.14467938 -0.093029544 -0.053386193
  vertex 0.13387218 -0.11052631 -0.047947817
 endloop
endfacet
facet normal -0.46847478 -0.8100799 -0.35256484
 outer loop
  vertex -0.07680599 -0.1459585 -0.07234556
  vertex -0.07632448 -0.15240917 -0.058163825
  vertex -0.09193855 -0.14488618 -0.054701827
 endloop
endfacet
facet normal -0.46847516 -0.81007946 -0.35256514
 outer loop
  vertex -0.09239251 -0.13880453 -0.068072274
  vertex -0.07680599 -0.1459585 -0.07234556
  vertex -0.09193855 -0.14488618 -0.054701827
 endloop
endfacet
facet normal 0.70812804 -0.63334906 -0.31212753
 outer loop
  vertex 0.1334861 -0.10535429 -0.059318442
  vertex 0.13387218 -0.11052631 -0.047947817
  vertex 0.12142936 -0.12231853 -0.052249
 endloop
endfacet
facet normal 0.70812804 -0.6333491 -0.3121275
 outer loop
  vertex 0.121007316 -0.116664454 -0.064679384
  vertex 0.1334861 -0.10535429 -0.059318442
  vertex 0.12142936 -0.12231853 -0.052249
 endloop
endfacet
facet normal -0.55272573 -0.7654899 -0.3294227
 outer loop
  vertex -0.09239251 -0.13880453 -0.068072274
  vertex -0.09193855 -0.14488618 -0.054701827
  vertex -0.1066672 -0.13596785 -0.050712995
 endloop
endfacet
facet normal -0.55272603 -0.7654897 -0.329423
 outer loop
  vertex -0.107089244 -0.13031378 -0.06314338
  vertex -0.09239251 -0.13880453 -0.068072274
  vertex -0.1066672 -0.13596785 -0.050712995
 endloop
endfacet
facet normal 0.63559365 -0.6943808 -0.3374256
 outer loop
  vertex 0.121007316 -0.116664454 -0.064679384
  vertex 0.12142936 -0.12231853 -0.052249
  vertex 0.10781712 -0.13293275 -0.056046996
 endloop
endfacet
facet normal 0.63559395 -0.69438076 -0.33742517
 outer loop
  vertex 0.10736316 -0.1268511 -0.06941743
  vertex 0.121007316 -0.116664454 -0.064679384
  vertex 0.10781712 -0.13293275 -0.056046996
 endloop
endfacet
facet normal -0.63167423 -0.713523 -0.303105
 outer loop
  vertex -0.107089244 -0.13031378 -0.06314338
  vertex -0.1066672 -0.13596785 -0.050712995
  vertex -0.12036857 -0.12574011 -0.046235748
 endloop
endfacet
facet normal -0.63167393 -0.7135233 -0.30310473
 outer loop
  vertex -0.12075464 -0.12056809 -0.057606373
  vertex -0.107089244 -0.13031378 -0.06314338
  vertex -0.12036857 -0.12574011 -0.046235748
 endloop
endfacet
facet normal 0.55696005 -0.74871665 -0.35947046
 outer loop
  vertex 0.10736316 -0.1268511 -0.06941743
  vertex 0.10781712 -0.13293275 -0.056046996
  vertex 0.093166545 -0.14226681 -0.05930518
 endloop
endfacet
facet normal 0.55695957 -0.7487166 -0.35947105
 outer loop
  vertex 0.09268503 -0.13581613 -0.0734869
  vertex 0.10736316 -0.1268511 -0.06941743
  vertex 0.093166545 -0.14226681 -0.05930518
 endloop
endfacet
facet normal -0.7045576 -0.6546741 -0.273862
 outer loop
  vertex -0.12075464 -0.12056809 -0.057606373
  vertex -0.12036857 -0.12574011 -0.046235748
  vertex -0.13291074 -0.114301465 -0.0413132
 endloop
endfacet
facet normal -0.7045577 -0.6546739 -0.27386224
 outer loop
  vertex -0.1332571 -0.109661296 -0.051514555
  vertex -0.12075464 -0.12056809 -0.057606373
  vertex -0.13291074 -0.114301465 -0.0413132
 endloop
endfacet
facet normal 0.4729854 -0.79583925 -0.37805396
 outer loop
  vertex 0.09268503 -0.13581613 -0.0734869
  vertex 0.093166545 -0.14226681 -0.05930518
  vertex 0.0776187 -0.1502308 -0.06199223
 endloop
endfacet
facet normal 0.47298613 -0.7958392 -0.37805295
 outer loop
  vertex 0.07711429 -0.14347322 -0.07684867
  vertex 0.09268503 -0.13581613 -0.0734869
  vertex 0.0776187 -0.1502308 -0.06199223
 endloop
endfacet
facet normal -0.7706717 -0.5895029 -0.24197392
 outer loop
  vertex -0.1332571 -0.109661296 -0.051514555
  vertex -0.13291074 -0.114301465 -0.0413132
  vertex -0.14417289 -0.101762064 -0.03599277
 endloop
endfacet
facet normal -0.7706716 -0.5895031 -0.24197376
 outer loop
  vertex -0.14447622 -0.097698435 -0.044926614
  vertex -0.1332571 -0.109661296 -0.051514555
  vertex -0.14417289 -0.101762064 -0.03599277
 endloop
endfacet
facet normal 0.384478 -0.835302 -0.39299783
 outer loop
  vertex 0.07711429 -0.14347322 -0.07684867
  vertex 0.0776187 -0.1502308 -0.06199223
  vertex 0.06132336 -0.156748 -0.06408224
 endloop
endfacet
facet normal 0.38447794 -0.83530194 -0.39299795
 outer loop
  vertex 0.06080089 -0.14974861 -0.079470314
  vertex 0.07711429 -0.14347322 -0.07684867
  vertex 0.06132336 -0.156748 -0.06408224
 endloop
endfacet
facet normal -0.82937247 -0.5186356 -0.20774604
 outer loop
  vertex -0.14447622 -0.097698435 -0.044926614
  vertex -0.14417289 -0.101762064 -0.03599277
  vertex -0.15404657 -0.088242665 -0.030325703
 endloop
endfacet
facet normal -0.8293724 -0.51863575 -0.20774588
 outer loop
  vertex -0.15430394 -0.08479471 -0.037906002
  vertex -0.14447622 -0.097698435 -0.044926614
  vertex -0.15404657 -0.088242665 -0.030325703
 endloop
endfacet
facet normal 0.29228655 -0.8667299 -0.40416306
 outer loop
  vertex 0.06080089 -0.14974861 -0.079470314
  vertex 0.06132336 -0.156748 -0.06408224
  vertex 0.044437457 -0.16175562 -0.06555507
 endloop
endfacet
facet normal 0.2922861 -0.86672986 -0.40416345
 outer loop
  vertex 0.04390197 -0.15458182 -0.08132658
  vertex 0.06080089 -0.14974861 -0.079470314
  vertex 0.044437457 -0.16175562 -0.06555507
 endloop
endfacet
facet normal -0.8800874 -0.4427539 -0.17150855
 outer loop
  vertex -0.15430394 -0.08479471 -0.037906002
  vertex -0.15404657 -0.088242665 -0.030325703
  vertex -0.16243672 -0.073873445 -0.024366556
 endloop
endfacet
facet normal -0.8800876 -0.44275302 -0.17150937
 outer loop
  vertex -0.16264565 -0.07107437 -0.030520298
  vertex -0.15430394 -0.08479471 -0.037906002
  vertex -0.16243672 -0.073873445 -0.024366556
 endloop
endfacet
facet normal 0.19730037 -0.88982415 -0.41144308
 outer loop
  vertex 0.04390197 -0.15458182 -0.08132658
  vertex 0.044437457 -0.16175562 -0.06555507
  vertex 0.027123578 -0.16520552 -0.06639657
 endloop
endfacet
facet normal 0.19730045 -0.8898242 -0.41144308
 outer loop
  vertex 0.02658023 -0.1579264 -0.08239963
  vertex 0.04390197 -0.15458182 -0.08132658
  vertex 0.027123578 -0.16520552 -0.06639657
 endloop
endfacet
facet normal 0.99493724 -0.07436259 -0.067602046
 outer loop
  vertex 0.17979209 -0.0049548466 -0.009307043
  vertex 0.1798456 -0.005671777 -0.007730878
  vertex 0.17818384 -0.022043884 -0.01417857
 endloop
endfacet
facet normal 0.9949372 -0.074361876 -0.067604534
 outer loop
  vertex 0.17807733 -0.020616926 -0.01731572
  vertex 0.17979209 -0.0049548466 -0.009307043
  vertex 0.17818384 -0.022043884 -0.01417857
 endloop
endfacet
facet normal -0.9223229 -0.36258593 -0.13361083
 outer loop
  vertex -0.16264565 -0.07107437 -0.030520298
  vertex -0.16243672 -0.073873445 -0.024366556
  vertex -0.16926251 -0.05879283 -0.018172726
 endloop
endfacet
facet normal -0.92232263 -0.36258698 -0.13360971
 outer loop
  vertex -0.169421 -0.056669593 -0.02284065
  vertex -0.16264565 -0.07107437 -0.030520298
  vertex -0.16926251 -0.05879283 -0.018172726
 endloop
endfacet
facet normal 0.10042165 -0.9043683 -0.41476923
 outer loop
  vertex 0.02658023 -0.1579264 -0.08239963
  vertex 0.027123578 -0.16520552 -0.06639657
  vertex 0.009548483 -0.16706441 -0.06659861
 endloop
endfacet
facet normal 0.10042159 -0.9043683 -0.41476932
 outer loop
  vertex 0.009002506 -0.15975006 -0.08267911
  vertex 0.02658023 -0.1579264 -0.08239963
  vertex 0.009548483 -0.16706441 -0.06659861
 endloop
endfacet
facet normal 0.9807515 -0.1630329 -0.107455626
 outer loop
  vertex 0.17807733 -0.020616926 -0.01731572
  vertex 0.17818384 -0.022043884 -0.01417857
  vertex 0.17480607 -0.038203705 -0.020489696
 endloop
endfacet
facet normal 0.9807515 -0.16303287 -0.10745579
 outer loop
  vertex 0.17464758 -0.03608047 -0.025157621
  vertex 0.17807733 -0.020616926 -0.01731572
  vertex 0.17480607 -0.038203705 -0.020489696
 endloop
endfacet
facet normal -0.9556652 -0.2789082 -0.094415806
 outer loop
  vertex -0.169421 -0.056669593 -0.02284065
  vertex -0.16926251 -0.05879283 -0.018172726
  vertex -0.1744582 -0.04314603 -0.01180386
 endloop
endfacet
facet normal -0.95566523 -0.2789077 -0.0944163
 outer loop
  vertex -0.17456472 -0.04171907 -0.014941011
  vertex -0.169421 -0.056669593 -0.02284065
  vertex -0.1744582 -0.04314603 -0.01180386
 endloop
endfacet
facet normal 0.0025825268 -0.910223 -0.4141105
 outer loop
  vertex 0.009002506 -0.15975006 -0.08267911
  vertex 0.009548483 -0.16706441 -0.06659861
  vertex -0.008118547 -0.16731443 -0.066159256
 endloop
endfacet
facet normal 0.0025826038 -0.91022295 -0.4141104
 outer loop
  vertex -0.008661895 -0.1600353 -0.08216231
  vertex 0.009002506 -0.15975006 -0.08267911
  vertex -0.008118547 -0.16731443 -0.066159256
 endloop
endfacet
facet normal 0.9571028 -0.2501215 -0.14626567
 outer loop
  vertex 0.17464758 -0.03608047 -0.025157621
  vertex 0.17480607 -0.038203705 -0.020489696
  vertex 0.16974482 -0.053995647 -0.026603477
 endloop
endfacet
facet normal 0.9571028 -0.25012156 -0.14626493
 outer loop
  vertex 0.16953589 -0.051196568 -0.03275722
  vertex 0.17464758 -0.03608047 -0.025157621
  vertex 0.16974482 -0.053995647 -0.026603477
 endloop
endfacet
facet normal -0.97978735 -0.19252919 -0.054307364
 outer loop
  vertex -0.17456472 -0.04171907 -0.014941011
  vertex -0.1744582 -0.04314603 -0.01180386
  vertex -0.17797378 -0.027083728 -0.0053213025
 endloop
endfacet
facet normal -0.97978747 -0.1925278 -0.054309636
 outer loop
  vertex -0.17802729 -0.026366796 -0.006897467
  vertex -0.17456472 -0.04171907 -0.014941011
  vertex -0.17797378 -0.027083728 -0.0053213025
 endloop
endfacet
facet normal -0.095286794 -0.90733266 -0.40947276
 outer loop
  vertex -0.008661895 -0.1600353 -0.08216231
  vertex -0.008118547 -0.16731443 -0.066159256
  vertex -0.025707413 -0.1659531 -0.06508272
 endloop
endfacet
facet normal -0.095286824 -0.9073326 -0.4094728
 outer loop
  vertex -0.0262429 -0.1587793 -0.08085423
  vertex -0.008661895 -0.1600353 -0.08216231
  vertex -0.025707413 -0.1659531 -0.06508272
 endloop
endfacet
facet normal 0.92422414 -0.334783 -0.18365759
 outer loop
  vertex 0.16953589 -0.051196568 -0.03275722
  vertex 0.16974482 -0.053995647 -0.026603477
  vertex 0.16304885 -0.06926761 -0.032461036
 endloop
endfacet
facet normal 0.924224 -0.33478293 -0.18365844
 outer loop
  vertex 0.16279148 -0.06581966 -0.04004133
  vertex 0.16953589 -0.051196568 -0.03275722
  vertex 0.16304885 -0.06926761 -0.032461036
 endloop
endfacet
facet normal -0.19224264 -0.895724 -0.40090057
 outer loop
  vertex -0.0262429 -0.1587793 -0.08085423
  vertex -0.025707413 -0.1659531 -0.06508272
  vertex -0.043048702 -0.16299362 -0.0633794
 endloop
endfacet
facet normal -0.192243 -0.8957238 -0.40090087
 outer loop
  vertex -0.04357117 -0.15599422 -0.07876747
  vertex -0.0262429 -0.1587793 -0.08085423
  vertex -0.043048702 -0.16299362 -0.0633794
 endloop
endfacet
facet normal 0.7716578 -0.53600764 -0.34240326
 outer loop
  vertex 0.14427802 -0.08741339 -0.063082404
  vertex 0.14467938 -0.093029544 -0.053386193
  vertex 0.1334861 -0.10535429 -0.059318442
 endloop
endfacet
facet normal 0.7716579 -0.5360077 -0.34240317
 outer loop
  vertex 0.13303874 -0.09909441 -0.07012603
  vertex 0.14427802 -0.08741339 -0.063082404
  vertex 0.1334861 -0.10535429 -0.059318442
 endloop
endfacet
facet normal -0.4712861 -0.77152306 -0.42736587
 outer loop
  vertex -0.07736396 -0.13815103 -0.08582505
  vertex -0.07680599 -0.1459585 -0.07234556
  vertex -0.09239251 -0.13880453 -0.068072274
 endloop
endfacet
facet normal -0.47128645 -0.7715227 -0.42736617
 outer loop
  vertex -0.09291856 -0.1314437 -0.08078065
  vertex -0.07736396 -0.13815103 -0.08582505
  vertex -0.09239251 -0.13880453 -0.068072274
 endloop
endfacet
facet normal 0.70569927 -0.6000349 -0.3767582
 outer loop
  vertex 0.13303874 -0.09909441 -0.07012603
  vertex 0.1334861 -0.10535429 -0.059318442
  vertex 0.121007316 -0.116664454 -0.064679384
 endloop
endfacet
facet normal 0.70569897 -0.60003483 -0.3767586
 outer loop
  vertex 0.12051825 -0.10982115 -0.076494254
  vertex 0.13303874 -0.09909441 -0.07012603
  vertex 0.121007316 -0.116664454 -0.064679384
 endloop
endfacet
facet normal -0.5553585 -0.7293801 -0.39947665
 outer loop
  vertex -0.09291856 -0.1314437 -0.08078065
  vertex -0.09239251 -0.13880453 -0.068072274
  vertex -0.107089244 -0.13031378 -0.06314338
 endloop
endfacet
facet normal -0.555358 -0.72938067 -0.3994762
 outer loop
  vertex -0.10757831 -0.12347049 -0.07495825
  vertex -0.09291856 -0.1314437 -0.08078065
  vertex -0.107089244 -0.13031378 -0.06314338
 endloop
endfacet
facet normal 0.63296145 -0.65827113 -0.4074788
 outer loop
  vertex 0.12051825 -0.10982115 -0.076494254
  vertex 0.121007316 -0.116664454 -0.064679384
  vertex 0.10736316 -0.1268511 -0.06941743
 endloop
endfacet
facet normal 0.6329616 -0.65827113 -0.4074787
 outer loop
  vertex 0.10683711 -0.119490266 -0.082125805
  vertex 0.12051825 -0.10982115 -0.076494254
  vertex 0.10736316 -0.1268511 -0.06941743
 endloop
endfacet
facet normal -0.63410276 -0.68020886 -0.3677358
 outer loop
  vertex -0.10757831 -0.12347049 -0.07495825
  vertex -0.107089244 -0.13031378 -0.06314338
  vertex -0.12075464 -0.12056809 -0.057606373
 endloop
endfacet
facet normal -0.63410306 -0.6802084 -0.36773613
 outer loop
  vertex -0.12120201 -0.114308216 -0.06841396
  vertex -0.10757831 -0.12347049 -0.07495825
  vertex -0.12075464 -0.12056809 -0.057606373
 endloop
endfacet
facet normal 0.55414855 -0.71016055 -0.4342712
 outer loop
  vertex 0.10683711 -0.119490266 -0.082125805
  vertex 0.10736316 -0.1268511 -0.06941743
  vertex 0.09268503 -0.13581613 -0.0734869
 endloop
endfacet
facet normal 0.5541486 -0.7101605 -0.43427113
 outer loop
  vertex 0.09212706 -0.12800866 -0.08696638
  vertex 0.10683711 -0.119490266 -0.082125805
  vertex 0.09268503 -0.13581613 -0.0734869
 endloop
endfacet
facet normal -0.70675933 -0.6244756 -0.33244756
 outer loop
  vertex -0.12120201 -0.114308216 -0.06841396
  vertex -0.12075464 -0.12056809 -0.057606373
  vertex -0.1332571 -0.109661296 -0.051514555
 endloop
endfacet
facet normal -0.7067594 -0.62447554 -0.33244765
 outer loop
  vertex -0.13365847 -0.104045145 -0.061210766
  vertex -0.12120201 -0.114308216 -0.06841396
  vertex -0.1332571 -0.109661296 -0.051514555
 endloop
endfacet
facet normal 0.47002396 -0.75520706 -0.4568804
 outer loop
  vertex 0.09212706 -0.12800866 -0.08696638
  vertex 0.09268503 -0.13581613 -0.0734869
  vertex 0.07711429 -0.14347322 -0.07684867
 endloop
endfacet
facet normal 0.4700231 -0.75520706 -0.45688152
 outer loop
  vertex 0.07652977 -0.13529429 -0.09096946
  vertex 0.09212706 -0.12800866 -0.08696638
  vertex 0.07711429 -0.14347322 -0.07684867
 endloop
endfacet
facet normal -0.77262473 -0.5627129 -0.29394752
 outer loop
  vertex -0.13365847 -0.104045145 -0.061210766
  vertex -0.1332571 -0.109661296 -0.051514555
  vertex -0.14447622 -0.097698435 -0.044926614
 endloop
endfacet
facet normal -0.7726243 -0.56271374 -0.29394692
 outer loop
  vertex -0.14482772 -0.09278009 -0.053418078
  vertex -0.13365847 -0.104045145 -0.061210766
  vertex -0.14447622 -0.097698435 -0.044926614
 endloop
endfacet
facet normal 0.38139278 -0.79298484 -0.47509414
 outer loop
  vertex 0.07652977 -0.13529429 -0.09096946
  vertex 0.07711429 -0.14347322 -0.07684867
  vertex 0.06080089 -0.14974861 -0.079470314
 endloop
endfacet
facet normal 0.38139328 -0.792985 -0.4750936
 outer loop
  vertex 0.060195457 -0.141277 -0.094096415
  vertex 0.07652977 -0.13529429 -0.09096946
  vertex 0.06080089 -0.14974861 -0.079470314
 endloop
endfacet
facet normal -0.83105814 -0.49551308 -0.25260472
 outer loop
  vertex -0.14482772 -0.09278009 -0.053418078
  vertex -0.14447622 -0.097698435 -0.044926614
  vertex -0.15430394 -0.08479471 -0.037906002
 endloop
endfacet
facet normal -0.8310584 -0.49551263 -0.25260505
 outer loop
  vertex -0.15460218 -0.080621526 -0.04511094
  vertex -0.14482772 -0.09278009 -0.053418078
  vertex -0.15430394 -0.08479471 -0.037906002
 endloop
endfacet
facet normal 0.2891079 -0.82313573 -0.4887372
 outer loop
  vertex 0.060195457 -0.141277 -0.094096415
  vertex 0.06080089 -0.14974861 -0.079470314
  vertex 0.04390197 -0.15458182 -0.08132658
 endloop
endfacet
facet normal 0.2891087 -0.82313603 -0.48873645
 outer loop
  vertex 0.04328145 -0.14589913 -0.09631713
  vertex 0.060195457 -0.141277 -0.094096415
  vertex 0.04390197 -0.15458182 -0.08132658
 endloop
endfacet
facet normal -0.8814897 -0.42352137 -0.20881931
 outer loop
  vertex -0.15460218 -0.080621526 -0.04511094
  vertex -0.15430394 -0.08479471 -0.037906002
  vertex -0.16264565 -0.07107437 -0.030520298
 endloop
endfacet
facet normal -0.88148993 -0.42352062 -0.20881991
 outer loop
  vertex -0.16288777 -0.06768654 -0.03636932
  vertex -0.15460218 -0.080621526 -0.04511094
  vertex -0.16264565 -0.07107437 -0.030520298
 endloop
endfacet
facet normal 0.19405967 -0.8453722 -0.49768138
 outer loop
  vertex 0.04328145 -0.14589913 -0.09631713
  vertex 0.04390197 -0.15458182 -0.08132658
  vertex 0.02658023 -0.1579264 -0.08239963
 endloop
endfacet
facet normal 0.1940594 -0.8453721 -0.4976817
 outer loop
  vertex 0.0259506 -0.14911623 -0.09761026
  vertex 0.04328145 -0.14589913 -0.09631713
  vertex 0.02658023 -0.1579264 -0.08239963
 endloop
endfacet
facet normal 0.99445575 -0.06775873 -0.08041482
 outer loop
  vertex 0.17973007 -0.0040871194 -0.010805161
  vertex 0.17979209 -0.0049548466 -0.009307043
  vertex 0.17807733 -0.020616926 -0.01731572
 endloop
endfacet
facet normal 0.9944557 -0.06775865 -0.08041509
 outer loop
  vertex 0.17795388 -0.018889833 -0.020297525
  vertex 0.17973007 -0.0040871194 -0.010805161
  vertex 0.17807733 -0.020616926 -0.01731572
 endloop
endfacet
facet normal -0.92342764 -0.3474313 -0.16301206
 outer loop
  vertex -0.16288777 -0.06768654 -0.03636932
  vertex -0.16264565 -0.07107437 -0.030520298
  vertex -0.169421 -0.056669593 -0.02284065
 endloop
endfacet
facet normal -0.9234276 -0.34743142 -0.16301203
 outer loop
  vertex -0.16960466 -0.054099753 -0.027277436
  vertex -0.16288777 -0.06768654 -0.03636932
  vertex -0.169421 -0.056669593 -0.02284065
 endloop
endfacet
facet normal 0.09714945 -0.85948485 -0.5018444
 outer loop
  vertex 0.0259506 -0.14911623 -0.09761026
  vertex 0.02658023 -0.1579264 -0.08239963
  vertex 0.009002506 -0.15975006 -0.08267911
 endloop
endfacet
facet normal 0.09714998 -0.85948503 -0.501844
 outer loop
  vertex 0.008369828 -0.15089728 -0.09796333
  vertex 0.0259506 -0.14911623 -0.09761026
  vertex 0.009002506 -0.15975006 -0.08267911
 endloop
endfacet
facet normal 0.9799545 -0.15209986 -0.12866612
 outer loop
  vertex 0.17795388 -0.018889833 -0.020297525
  vertex 0.17807733 -0.020616926 -0.01731572
  vertex 0.17464758 -0.03608047 -0.025157621
 endloop
endfacet
facet normal 0.9799547 -0.15210082 -0.12866293
 outer loop
  vertex 0.17446393 -0.033510633 -0.029594403
  vertex 0.17795388 -0.018889833 -0.020297525
  vertex 0.17464758 -0.03608047 -0.025157621
 endloop
endfacet
facet normal -0.9564622 -0.2679765 -0.11562329
 outer loop
  vertex -0.16960466 -0.054099753 -0.027277436
  vertex -0.169421 -0.056669593 -0.02284065
  vertex -0.17456472 -0.04171907 -0.014941011
 endloop
endfacet
facet normal -0.95646185 -0.26797882 -0.115620755
 outer loop
  vertex -0.17468816 -0.039991975 -0.017922815
  vertex -0.16960466 -0.054099753 -0.027277436
  vertex -0.17456472 -0.04171907 -0.014941011
 endloop
endfacet
facet normal -0.0006896329 -0.8653398 -0.5011852
 outer loop
  vertex 0.008369828 -0.15089728 -0.09796333
  vertex 0.009002506 -0.15975006 -0.08267911
  vertex -0.008661895 -0.1600353 -0.08216231
 endloop
endfacet
facet normal -0.0006901771 -0.8653396 -0.5011856
 outer loop
  vertex -0.009291525 -0.15122513 -0.09737294
  vertex 0.008369828 -0.15089728 -0.09796333
  vertex -0.008661895 -0.1600353 -0.08216231
 endloop
endfacet
facet normal 0.9559979 -0.23496576 -0.17566763
 outer loop
  vertex 0.17446393 -0.033510633 -0.029594403
  vertex 0.17464758 -0.03608047 -0.025157621
  vertex 0.16953589 -0.051196568 -0.03275722
 endloop
endfacet
facet normal 0.9559977 -0.23496537 -0.17566939
 outer loop
  vertex 0.16929376 -0.04780875 -0.03860624
  vertex 0.17446393 -0.033510633 -0.029594403
  vertex 0.16953589 -0.051196568 -0.03275722
 endloop
endfacet
facet normal -0.98026854 -0.18592915 -0.06711107
 outer loop
  vertex -0.17468816 -0.039991975 -0.017922815
  vertex -0.17456472 -0.04171907 -0.014941011
  vertex -0.17802729 -0.026366796 -0.006897467
 endloop
endfacet
facet normal -0.98026866 -0.18592897 -0.06711134
 outer loop
  vertex -0.1780893 -0.02549907 -0.008395584
  vertex -0.17468816 -0.039991975 -0.017922815
  vertex -0.17802729 -0.026366796 -0.006897467
 endloop
endfacet
facet normal -0.098527536 -0.86288047 -0.4957113
 outer loop
  vertex -0.009291525 -0.15122513 -0.09737294
  vertex -0.008661895 -0.1600353 -0.08216231
  vertex -0.0262429 -0.1587793 -0.08085423
 endloop
endfacet
facet normal -0.098527275 -0.8628806 -0.49571118
 outer loop
  vertex -0.02686342 -0.15009661 -0.095844775
  vertex -0.009291525 -0.15122513 -0.09737294
  vertex -0.0262429 -0.1587793 -0.08085423
 endloop
endfacet
facet normal 0.92282176 -0.3155497 -0.22097135
 outer loop
  vertex 0.16929376 -0.04780875 -0.03860624
  vertex 0.16953589 -0.051196568 -0.03275722
  vertex 0.16279148 -0.06581966 -0.04004133
 endloop
endfacet
facet normal 0.92282194 -0.3155499 -0.22097044
 outer loop
  vertex 0.16249323 -0.06164647 -0.04724627
  vertex 0.16929376 -0.04780875 -0.03860624
  vertex 0.16279148 -0.06581966 -0.04004133
 endloop
endfacet
facet normal -0.19542113 -0.85213023 -0.48547357
 outer loop
  vertex -0.02686342 -0.15009661 -0.095844775
  vertex -0.0262429 -0.1587793 -0.08085423
  vertex -0.04357117 -0.15599422 -0.07876747
 endloop
endfacet
facet normal -0.19542135 -0.8521301 -0.48547372
 outer loop
  vertex -0.044176605 -0.14752263 -0.093393564
  vertex -0.02686342 -0.15009661 -0.095844775
  vertex -0.04357117 -0.15599422 -0.07876747
 endloop
endfacet
facet normal 0.8807514 -0.39307785 -0.26413405
 outer loop
  vertex 0.16249323 -0.06164647 -0.04724627
  vertex 0.16279148 -0.06581966 -0.04004133
  vertex 0.15447928 -0.07980889 -0.046939798
 endloop
endfacet
facet normal 0.88075167 -0.39307797 -0.2641331
 outer loop
  vertex 0.15412778 -0.074890554 -0.05543126
  vertex 0.16249323 -0.06164647 -0.04724627
  vertex 0.15447928 -0.07980889 -0.046939798
 endloop
endfacet
facet normal -0.2904496 -0.8331889 -0.47056916
 outer loop
  vertex -0.044176605 -0.14752263 -0.093393564
  vertex -0.04357117 -0.15599422 -0.07876747
  vertex -0.060479805 -0.15170687 -0.07592212
 endloop
endfacet
facet normal -0.29045027 -0.8331883 -0.4705697
 outer loop
  vertex -0.061064325 -0.14352794 -0.09004291
  vertex -0.044176605 -0.14752263 -0.093393564
  vertex -0.060479805 -0.15170687 -0.07592212
 endloop
endfacet
facet normal 0.83019966 -0.46679938 -0.30474073
 outer loop
  vertex 0.15412778 -0.074890554 -0.05543126
  vertex 0.15447928 -0.07980889 -0.046939798
  vertex 0.14467938 -0.093029544 -0.053386193
 endloop
endfacet
facet normal 0.8301997 -0.4667994 -0.3047404
 outer loop
  vertex 0.14427802 -0.08741339 -0.063082404
  vertex 0.15412778 -0.074890554 -0.05543126
  vertex 0.14467938 -0.093029544 -0.053386193
 endloop
endfacet
facet normal -0.38270175 -0.806234 -0.4511388
 outer loop
  vertex -0.061064325 -0.14352794 -0.09004291
  vertex -0.060479805 -0.15170687 -0.07592212
  vertex -0.07680599 -0.1459585 -0.07234556
 endloop
endfacet
facet normal -0.38270095 -0.80623466 -0.4511381
 outer loop
  vertex -0.07736396 -0.13815103 -0.08582505
  vertex -0.061064325 -0.14352794 -0.09004291
  vertex -0.07680599 -0.1459585 -0.07234556
 endloop
endfacet
facet normal 0.6299553 -0.615479 -0.4736474
 outer loop
  vertex 0.11996687 -0.1018545 -0.08757982
  vertex 0.12051825 -0.10982115 -0.076494254
  vertex 0.10683711 -0.119490266 -0.082125805
 endloop
endfacet
facet normal 0.62995565 -0.6154791 -0.47364688
 outer loop
  vertex 0.106244035 -0.110921144 -0.09404972
  vertex 0.11996687 -0.1018545 -0.08757982
  vertex 0.10683711 -0.119490266 -0.082125805
 endloop
endfacet
facet normal -0.6368766 -0.64072865 -0.42878306
 outer loop
  vertex -0.10812969 -0.11550384 -0.08604381
  vertex -0.10757831 -0.12347049 -0.07495825
  vertex -0.12120201 -0.114308216 -0.06841396
 endloop
endfacet
facet normal -0.63687646 -0.64072883 -0.42878297
 outer loop
  vertex -0.121706374 -0.10702077 -0.078554414
  vertex -0.10812969 -0.11550384 -0.08604381
  vertex -0.12120201 -0.114308216 -0.06841396
 endloop
endfacet
facet normal 0.55093855 -0.6644691 -0.5049233
 outer loop
  vertex 0.106244035 -0.110921144 -0.09404972
  vertex 0.10683711 -0.119490266 -0.082125805
  vertex 0.09212706 -0.12800866 -0.08696638
 endloop
endfacet
facet normal 0.55093837 -0.6644691 -0.50492346
 outer loop
  vertex 0.091498 -0.11891958 -0.099613816
  vertex 0.106244035 -0.110921144 -0.09404972
  vertex 0.09212706 -0.12800866 -0.08696638
 endloop
endfacet
facet normal -0.7092735 -0.5886891 -0.38778374
 outer loop
  vertex -0.121706374 -0.10702077 -0.078554414
  vertex -0.12120201 -0.114308216 -0.06841396
  vertex -0.13365847 -0.104045145 -0.061210766
 endloop
endfacet
facet normal -0.70927346 -0.58868915 -0.38778368
 outer loop
  vertex -0.13411097 -0.09750708 -0.07030846
  vertex -0.121706374 -0.10702077 -0.078554414
  vertex -0.13365847 -0.104045145 -0.061210766
 endloop
endfacet
facet normal 0.4666404 -0.70705634 -0.531336
 outer loop
  vertex 0.091498 -0.11891958 -0.099613816
  vertex 0.09212706 -0.12800866 -0.08696638
  vertex 0.07652977 -0.13529429 -0.09096946
 endloop
endfacet
facet normal 0.46664026 -0.7070563 -0.53133625
 outer loop
  vertex 0.07587078 -0.12577279 -0.104218595
  vertex 0.091498 -0.11891958 -0.099613816
  vertex 0.07652977 -0.13529429 -0.09096946
 endloop
endfacet
facet normal -0.7748548 -0.53096557 -0.34303874
 outer loop
  vertex -0.13411097 -0.09750708 -0.07030846
  vertex -0.13365847 -0.104045145 -0.061210766
  vertex -0.14482772 -0.09278009 -0.053418078
 endloop
endfacet
facet normal -0.77485526 -0.5309645 -0.34303933
 outer loop
  vertex -0.14522399 -0.08705438 -0.061385386
  vertex -0.13411097 -0.09750708 -0.07030846
  vertex -0.14482772 -0.09278009 -0.053418078
 endloop
endfacet
facet normal 0.37787026 -0.74283785 -0.55263543
 outer loop
  vertex 0.07587078 -0.12577279 -0.104218595
  vertex 0.07652977 -0.13529429 -0.09096946
  vertex 0.060195457 -0.141277 -0.094096415
 endloop
endfacet
facet normal 0.37787095 -0.7428381 -0.5526348
 outer loop
  vertex 0.059512887 -0.13141479 -0.10781968
  vertex 0.07587078 -0.12577279 -0.104218595
  vertex 0.060195457 -0.141277 -0.094096415
 endloop
endfacet
facet normal -0.83298343 -0.46810985 -0.29497772
 outer loop
  vertex -0.14522399 -0.08705438 -0.061385386
  vertex -0.14482772 -0.09278009 -0.053418078
  vertex -0.15460218 -0.080621526 -0.04511094
 endloop
endfacet
facet normal -0.83298284 -0.46811175 -0.29497656
 outer loop
  vertex -0.15493843 -0.075763315 -0.051871136
  vertex -0.14522399 -0.08705438 -0.061385386
  vertex -0.15460218 -0.080621526 -0.04511094
 endloop
endfacet
facet normal 0.2854793 -0.771475 -0.5686193
 outer loop
  vertex 0.059512887 -0.13141479 -0.10781968
  vertex 0.060195457 -0.141277 -0.094096415
  vertex 0.04328145 -0.14589913 -0.09631713
 endloop
endfacet
facet normal 0.28547835 -0.77147466 -0.5686202
 outer loop
  vertex 0.04258187 -0.13579115 -0.11038234
  vertex 0.059512887 -0.13141479 -0.10781968
  vertex 0.04328145 -0.14589913 -0.09631713
 endloop
endfacet
facet normal -0.8830911 -0.4007302 -0.24406059
 outer loop
  vertex -0.15493843 -0.075763315 -0.051871136
  vertex -0.15460218 -0.080621526 -0.04511094
  vertex -0.16288777 -0.06768654 -0.03636932
 endloop
endfacet
facet normal -0.8830908 -0.40073094 -0.24406008
 outer loop
  vertex -0.16316074 -0.06374261 -0.041857295
  vertex -0.15493843 -0.075763315 -0.051871136
  vertex -0.16288777 -0.06768654 -0.03636932
 endloop
endfacet
facet normal 0.19035855 -0.79269344 -0.579138
 outer loop
  vertex 0.04258187 -0.13579115 -0.11038234
  vertex 0.04328145 -0.14589913 -0.09631713
  vertex 0.0259506 -0.14911623 -0.09761026
 endloop
endfacet
facet normal 0.1903595 -0.7926938 -0.5791371
 outer loop
  vertex 0.02524075 -0.13885987 -0.11188198
  vertex 0.04258187 -0.13579115 -0.11038234
  vertex 0.0259506 -0.14911623 -0.09761026
 endloop
endfacet
facet normal 0.99390626 -0.059936654 -0.09251011
 outer loop
  vertex 0.17966016 -0.0030769538 -0.012210803
  vertex 0.17973007 -0.0040871194 -0.010805161
  vertex 0.17795388 -0.018889833 -0.020297525
 endloop
endfacet
facet normal 0.9939064 -0.059938293 -0.09250692
 outer loop
  vertex 0.17781474 -0.016879234 -0.023095272
  vertex 0.17966016 -0.0030769538 -0.012210803
  vertex 0.17795388 -0.018889833 -0.020297525
 endloop
endfacet
facet normal -0.9246893 -0.32947278 -0.19078127
 outer loop
  vertex -0.16316074 -0.06374261 -0.041857295
  vertex -0.16288777 -0.06768654 -0.03636932
  vertex -0.16960466 -0.054099753 -0.027277436
 endloop
endfacet
facet normal -0.9246896 -0.32947108 -0.19078247
 outer loop
  vertex -0.16981171 -0.051108085 -0.031440344
  vertex -0.16316074 -0.06374261 -0.041857295
  vertex -0.16960466 -0.054099753 -0.027277436
 endloop
endfacet
facet normal 0.0934133 -0.80629563 -0.5840902
 outer loop
  vertex 0.02524075 -0.13885987 -0.11188198
  vertex 0.0259506 -0.14911623 -0.09761026
  vertex 0.008369828 -0.15089728 -0.09796333
 endloop
endfacet
facet normal 0.093412764 -0.8062954 -0.5840906
 outer loop
  vertex 0.007656545 -0.14059128 -0.11230411
  vertex 0.02524075 -0.13885987 -0.11188198
  vertex 0.008369828 -0.15089728 -0.09796333
 endloop
endfacet
facet normal 0.97904474 -0.13914797 -0.14869174
 outer loop
  vertex 0.17781474 -0.016879234 -0.023095272
  vertex 0.17795388 -0.018889833 -0.020297525
  vertex 0.17446393 -0.033510633 -0.029594403
 endloop
endfacet
facet normal 0.97904456 -0.13914739 -0.14869311
 outer loop
  vertex 0.17425688 -0.030518964 -0.03375731
  vertex 0.17781474 -0.016879234 -0.023095272
  vertex 0.17446393 -0.033510633 -0.029594403
 endloop
endfacet
facet normal -0.95737207 -0.2550227 -0.13565472
 outer loop
  vertex -0.16981171 -0.051108085 -0.031440344
  vertex -0.16960466 -0.054099753 -0.027277436
  vertex -0.17468816 -0.039991975 -0.017922815
 endloop
endfacet
facet normal -0.9573722 -0.2550216 -0.13565567
 outer loop
  vertex -0.17482731 -0.037981376 -0.020720566
  vertex -0.16981171 -0.051108085 -0.031440344
  vertex -0.17468816 -0.039991975 -0.017922815
 endloop
endfacet
facet normal -0.0044269166 -0.8121501 -0.5834317
 outer loop
  vertex 0.007656545 -0.14059128 -0.11230411
  vertex 0.008369828 -0.15089728 -0.09796333
  vertex -0.009291525 -0.15122513 -0.09737294
 endloop
endfacet
facet normal -0.0044263643 -0.8121504 -0.58343136
 outer loop
  vertex -0.010001374 -0.14096877 -0.11164466
  vertex 0.007656545 -0.14059128 -0.11230411
  vertex -0.009291525 -0.15122513 -0.09737294
 endloop
endfacet
facet normal 0.95473605 -0.21700719 -0.20343792
 outer loop
  vertex 0.17425688 -0.030518964 -0.03375731
  vertex 0.17446393 -0.033510633 -0.029594403
  vertex 0.16929376 -0.04780875 -0.03860624
 endloop
endfacet
facet normal 0.95473593 -0.21700698 -0.20343858
 outer loop
  vertex 0.1690208 -0.043864816 -0.044094216
  vertex 0.17425688 -0.030518964 -0.03375731
  vertex 0.16929376 -0.04780875 -0.03860624
 endloop
endfacet
facet normal -0.98081833 -0.1781032 -0.079212226
 outer loop
  vertex -0.17482731 -0.037981376 -0.020720566
  vertex -0.17468816 -0.039991975 -0.017922815
  vertex -0.1780893 -0.02549907 -0.008395584
 endloop
endfacet
facet normal -0.9808181 -0.17810565 -0.07920968
 outer loop
  vertex -0.17815922 -0.024488907 -0.009801227
  vertex -0.17482731 -0.037981376 -0.020720566
  vertex -0.1780893 -0.02549907 -0.008395584
 endloop
endfacet
facet normal -0.10222802 -0.8102024 -0.5771669
 outer loop
  vertex -0.010001374 -0.14096877 -0.11164466
  vertex -0.009291525 -0.15122513 -0.09737294
  vertex -0.02686342 -0.15009661 -0.095844775
 endloop
endfacet
facet normal -0.10222904 -0.81020164 -0.5771676
 outer loop
  vertex -0.027562998 -0.13998863 -0.10990999
  vertex -0.010001374 -0.14096877 -0.11164466
  vertex -0.02686342 -0.15009661 -0.095844775
 endloop
endfacet
facet normal 0.92122084 -0.29275936 -0.25621104
 outer loop
  vertex 0.1690208 -0.043864816 -0.044094216
  vertex 0.16929376 -0.04780875 -0.03860624
  vertex 0.16249323 -0.06164647 -0.04724627
 endloop
endfacet
facet normal 0.9212206 -0.2927591 -0.25621215
 outer loop
  vertex 0.16215698 -0.05678825 -0.05400646
  vertex 0.1690208 -0.043864816 -0.044094216
  vertex 0.16249323 -0.06164647 -0.04724627
 endloop
endfacet
facet normal -0.19905071 -0.8004686 -0.56535715
 outer loop
  vertex -0.027562998 -0.13998863 -0.10990999
  vertex -0.02686342 -0.15009661 -0.095844775
  vertex -0.044176605 -0.14752263 -0.093393564
 endloop
endfacet
facet normal -0.19905044 -0.80046886 -0.56535697
 outer loop
  vertex -0.044859175 -0.1376604 -0.107116826
  vertex -0.027562998 -0.13998863 -0.10990999
  vertex -0.044176605 -0.14752263 -0.093393564
 endloop
endfacet
facet normal 0.8788265 -0.36567566 -0.30650505
 outer loop
  vertex 0.16215698 -0.05678825 -0.05400646
  vertex 0.16249323 -0.06164647 -0.04724627
  vertex 0.15412778 -0.074890554 -0.05543126
 endloop
endfacet
facet normal 0.87882686 -0.36567593 -0.3065034
 outer loop
  vertex 0.15373151 -0.06916484 -0.06339856
  vertex 0.16215698 -0.05678825 -0.05400646
  vertex 0.15412778 -0.074890554 -0.05543126
 endloop
endfacet
facet normal -0.29397318 -0.78304136 -0.5481114
 outer loop
  vertex -0.044859175 -0.1376604 -0.107116826
  vertex -0.044176605 -0.14752263 -0.093393564
  vertex -0.061064325 -0.14352794 -0.09004291
 endloop
endfacet
facet normal -0.29397255 -0.7830419 -0.54811096
 outer loop
  vertex -0.06172331 -0.13400646 -0.10329205
  vertex -0.044859175 -0.1376604 -0.107116826
  vertex -0.061064325 -0.14352794 -0.09004291
 endloop
endfacet
facet normal 0.82796943 -0.43505195 -0.35383108
 outer loop
  vertex 0.15373151 -0.06916484 -0.06339856
  vertex 0.15412778 -0.074890554 -0.05543126
  vertex 0.14427802 -0.08741339 -0.063082404
 endloop
endfacet
facet normal 0.827969 -0.43505177 -0.35383224
 outer loop
  vertex 0.14382552 -0.08087533 -0.07218009
  vertex 0.15373151 -0.06916484 -0.06339856
  vertex 0.14427802 -0.08741339 -0.063082404
 endloop
endfacet
facet normal -0.3860838 -0.7580837 -0.5255934
 outer loop
  vertex -0.06172331 -0.13400646 -0.10329205
  vertex -0.061064325 -0.14352794 -0.09004291
  vertex -0.07736396 -0.13815103 -0.08582505
 endloop
endfacet
facet normal -0.3860842 -0.75808334 -0.5255937
 outer loop
  vertex -0.07799302 -0.12906195 -0.09847248
  vertex -0.06172331 -0.13400646 -0.10329205
  vertex -0.07736396 -0.13815103 -0.08582505
 endloop
endfacet
facet normal 0.76914376 -0.5002207 -0.39774
 outer loop
  vertex 0.14382552 -0.08087533 -0.07218009
  vertex 0.14427802 -0.08741339 -0.063082404
  vertex 0.13303874 -0.09909441 -0.07012603
 endloop
endfacet
facet normal 0.76914376 -0.50022066 -0.39774013
 outer loop
  vertex 0.13253437 -0.09180697 -0.08026648
  vertex 0.14382552 -0.08087533 -0.07218009
  vertex 0.13303874 -0.09909441 -0.07012603
 endloop
endfacet
facet normal -0.4744964 -0.7258313 -0.49801826
 outer loop
  vertex -0.07799302 -0.12906195 -0.09847248
  vertex -0.07736396 -0.13815103 -0.08582505
  vertex -0.09291856 -0.1314437 -0.08078065
 endloop
endfacet
facet normal -0.47449678 -0.72583085 -0.4980185
 outer loop
  vertex -0.09351163 -0.12287456 -0.092704564
  vertex -0.07799302 -0.12906195 -0.09847248
  vertex -0.09291856 -0.1314437 -0.08078065
 endloop
endfacet
facet normal 0.70292544 -0.56055504 -0.4378058
 outer loop
  vertex 0.13253437 -0.09180697 -0.08026648
  vertex 0.13303874 -0.09909441 -0.07012603
  vertex 0.12051825 -0.10982115 -0.076494254
 endloop
endfacet
facet normal 0.70292544 -0.56055504 -0.43780568
 outer loop
  vertex 0.11996687 -0.1018545 -0.08757982
  vertex 0.13253437 -0.09180697 -0.08026648
  vertex 0.12051825 -0.10982115 -0.076494254
 endloop
endfacet
facet normal -0.55836433 -0.68658835 -0.46564546
 outer loop
  vertex -0.09351163 -0.12287456 -0.092704564
  vertex -0.09291856 -0.1314437 -0.08078065
  vertex -0.10757831 -0.12347049 -0.07495825
 endloop
endfacet
facet normal -0.5583642 -0.68658847 -0.4656454
 outer loop
  vertex -0.10812969 -0.11550384 -0.08604381
  vertex -0.09351163 -0.12287456 -0.092704564
  vertex -0.10757831 -0.12347049 -0.07495825
 endloop
endfacet
facet normal 0.46286967 -0.6518504 -0.6007019
 outer loop
  vertex 0.090803914 -0.10863643 -0.11130738
  vertex 0.091498 -0.11891958 -0.099613816
  vertex 0.07587078 -0.12577279 -0.104218595
 endloop
endfacet
facet normal 0.4628698 -0.65185046 -0.6007017
 outer loop
  vertex 0.07514367 -0.115000404 -0.116468504
  vertex 0.090803914 -0.10863643 -0.11130738
  vertex 0.07587078 -0.12577279 -0.104218595
 endloop
endfacet
facet normal -0.7773413 -0.49456677 -0.3887726
 outer loop
  vertex -0.13461027 -0.0901101 -0.07872001
  vertex -0.13411097 -0.09750708 -0.07030846
  vertex -0.14522399 -0.08705438 -0.061385386
 endloop
endfacet
facet normal -0.7773416 -0.49456608 -0.38877302
 outer loop
  vertex -0.14566123 -0.08057647 -0.068751805
  vertex -0.13461027 -0.0901101 -0.07872001
  vertex -0.14522399 -0.08705438 -0.061385386
 endloop
endfacet
facet normal 0.37394395 -0.68534327 -0.62487644
 outer loop
  vertex 0.07514367 -0.115000404 -0.116468504
  vertex 0.07587078 -0.12577279 -0.104218595
  vertex 0.059512887 -0.13141479 -0.10781968
 endloop
endfacet
facet normal 0.37394404 -0.6853433 -0.6248763
 outer loop
  vertex 0.058759756 -0.120256916 -0.12050795
  vertex 0.07514367 -0.115000404 -0.116468504
  vertex 0.059512887 -0.13141479 -0.10781968
 endloop
endfacet
facet normal -0.83512855 -0.4366947 -0.33445182
 outer loop
  vertex -0.14566123 -0.08057647 -0.068751805
  vertex -0.14522399 -0.08705438 -0.061385386
  vertex -0.15493843 -0.075763315 -0.051871136
 endloop
endfacet
facet normal -0.83512896 -0.43669358 -0.33445236
 outer loop
  vertex -0.15530942 -0.07026685 -0.05812148
  vertex -0.14566123 -0.08057647 -0.068751805
  vertex -0.15493843 -0.075763315 -0.051871136
 endloop
endfacet
facet normal 0.2814329 -0.71224475 -0.6430419
 outer loop
  vertex 0.058759756 -0.120256916 -0.12050795
  vertex 0.059512887 -0.13141479 -0.10781968
  vertex 0.04258187 -0.13579115 -0.11038234
 endloop
endfacet
facet normal 0.28143373 -0.7122451 -0.6430412
 outer loop
  vertex 0.041809976 -0.12435527 -0.12338678
  vertex 0.058759756 -0.120256916 -0.12050795
  vertex 0.04258187 -0.13579115 -0.11038234
 endloop
endfacet
facet normal -0.88487566 -0.37459904 -0.2768946
 outer loop
  vertex -0.15530942 -0.07026685 -0.05812148
  vertex -0.15493843 -0.075763315 -0.051871136
  vertex -0.16316074 -0.06374261 -0.041857295
 endloop
endfacet
facet normal -0.8848759 -0.37459826 -0.27689496
 outer loop
  vertex -0.16346191 -0.059280545 -0.046931367
  vertex -0.15530942 -0.07026685 -0.05812148
  vertex -0.16316074 -0.06374261 -0.041857295
 endloop
endfacet
facet normal 0.18623435 -0.7322977 -0.6550244
 outer loop
  vertex 0.041809976 -0.12435527 -0.12338678
  vertex 0.04258187 -0.13579115 -0.11038234
  vertex 0.02524075 -0.13885987 -0.11188198
 endloop
endfacet
facet normal 0.18623376 -0.73229736 -0.6550249
 outer loop
  vertex 0.02445752 -0.12725608 -0.12507734
  vertex 0.041809976 -0.12435527 -0.12338678
  vertex 0.02524075 -0.13885987 -0.11188198
 endloop
endfacet
facet normal 0.99329394 -0.050972242 -0.10377269
 outer loop
  vertex 0.17958303 -0.0019340804 -0.013510432
  vertex 0.17966016 -0.0030769538 -0.012210803
  vertex 0.17781474 -0.016879234 -0.023095272
 endloop
endfacet
facet normal 0.9932936 -0.050967954 -0.10377935
 outer loop
  vertex 0.1776612 -0.014604491 -0.02568202
  vertex 0.17958303 -0.0019340804 -0.013510432
  vertex 0.17781474 -0.016879234 -0.023095272
 endloop
endfacet
facet normal -0.92609596 -0.30887917 -0.21665603
 outer loop
  vertex -0.16346191 -0.059280545 -0.046931367
  vertex -0.16316074 -0.06374261 -0.041857295
  vertex -0.16981171 -0.051108085 -0.031440344
 endloop
endfacet
facet normal -0.92609555 -0.30888137 -0.21665469
 outer loop
  vertex -0.17004018 -0.04772338 -0.03528929
  vertex -0.16346191 -0.059280545 -0.046931367
  vertex -0.16981171 -0.051108085 -0.031440344
 endloop
endfacet
facet normal 0.08924765 -0.7453133 -0.66071403
 outer loop
  vertex 0.02445752 -0.12725608 -0.12507734
  vertex 0.02524075 -0.13885987 -0.11188198
  vertex 0.007656545 -0.14059128 -0.11230411
 endloop
endfacet
facet normal 0.08924746 -0.7453131 -0.6607141
 outer loop
  vertex 0.0068695247 -0.12893134 -0.12556331
  vertex 0.02445752 -0.12725608 -0.12507734
  vertex 0.007656545 -0.14059128 -0.11230411
 endloop
endfacet
facet normal 0.97803015 -0.12429453 -0.16735557
 outer loop
  vertex 0.1776612 -0.014604491 -0.02568202
  vertex 0.17781474 -0.016879234 -0.023095272
  vertex 0.17425688 -0.030518964 -0.03375731
 endloop
endfacet
facet normal 0.97803015 -0.124294296 -0.16735597
 outer loop
  vertex 0.17402841 -0.027134262 -0.037606258
  vertex 0.1776612 -0.014604491 -0.02568202
  vertex 0.17425688 -0.030518964 -0.03375731
 endloop
endfacet
facet normal -0.95838654 -0.24017107 -0.15431519
 outer loop
  vertex -0.17004018 -0.04772338 -0.03528929
  vertex -0.16981171 -0.051108085 -0.031440344
  vertex -0.17482731 -0.037981376 -0.020720566
 endloop
endfacet
facet normal -0.9583865 -0.24017115 -0.15431514
 outer loop
  vertex -0.17498085 -0.03570664 -0.023307312
  vertex -0.17004018 -0.04772338 -0.03528929
  vertex -0.17482731 -0.037981376 -0.020720566
 endloop
endfacet
facet normal -0.00859161 -0.7511679 -0.66005534
 outer loop
  vertex 0.0068695247 -0.12893134 -0.12556331
  vertex 0.007656545 -0.14059128 -0.11230411
  vertex -0.010001374 -0.14096877 -0.11164466
 endloop
endfacet
facet normal -0.008591426 -0.751168 -0.6600552
 outer loop
  vertex -0.010784604 -0.12936498 -0.12484002
  vertex 0.0068695247 -0.12893134 -0.12556331
  vertex -0.010001374 -0.14096877 -0.11164466
 endloop
endfacet
facet normal 0.95332944 -0.19641525 -0.22931181
 outer loop
  vertex 0.17402841 -0.027134262 -0.037606258
  vertex 0.17425688 -0.030518964 -0.03375731
  vertex 0.1690208 -0.043864816 -0.044094216
 endloop
endfacet
facet normal 0.95332986 -0.1964162 -0.22930975
 outer loop
  vertex 0.16871963 -0.039402753 -0.049168285
  vertex 0.17402841 -0.027134262 -0.037606258
  vertex 0.1690208 -0.043864816 -0.044094216
 endloop
endfacet
facet normal -0.9814308 -0.16913587 -0.090480134
 outer loop
  vertex -0.17498085 -0.03570664 -0.023307312
  vertex -0.17482731 -0.037981376 -0.020720566
  vertex -0.17815922 -0.024488907 -0.009801227
 endloop
endfacet
facet normal -0.9814314 -0.16912961 -0.09048549
 outer loop
  vertex -0.17823635 -0.023346033 -0.011100857
  vertex -0.17498085 -0.03570664 -0.023307312
  vertex -0.17815922 -0.024488907 -0.009801227
 endloop
endfacet
facet normal -0.106354065 -0.74980575 -0.6530544
 outer loop
  vertex -0.010784604 -0.12936498 -0.12484002
  vertex -0.010001374 -0.14096877 -0.11164466
  vertex -0.027562998 -0.13998863 -0.10990999
 endloop
endfacet
facet normal -0.10635348 -0.74980617 -0.65305406
 outer loop
  vertex -0.028334895 -0.12855275 -0.122914426
  vertex -0.010784604 -0.12936498 -0.12484002
  vertex -0.027562998 -0.13998863 -0.10990999
 endloop
endfacet
facet normal 0.9194359 -0.26663002 -0.28904304
 outer loop
  vertex 0.16871963 -0.039402753 -0.049168285
  vertex 0.1690208 -0.043864816 -0.044094216
  vertex 0.16215698 -0.05678825 -0.05400646
 endloop
endfacet
facet normal 0.919436 -0.2666299 -0.28904343
 outer loop
  vertex 0.16178599 -0.0512918 -0.060256813
  vertex 0.16871963 -0.039402753 -0.049168285
  vertex 0.16215698 -0.05678825 -0.05400646
 endloop
endfacet
facet normal -0.20309587 -0.7412393 -0.63977826
 outer loop
  vertex -0.028334895 -0.12855275 -0.122914426
  vertex -0.027562998 -0.13998863 -0.10990999
  vertex -0.044859175 -0.1376604 -0.107116826
 endloop
endfacet
facet normal -0.20309636 -0.741239 -0.6397786
 outer loop
  vertex -0.045612305 -0.12650254 -0.11980509
  vertex -0.028334895 -0.12855275 -0.122914426
  vertex -0.044859175 -0.1376604 -0.107116826
 endloop
endfacet
facet normal 0.87668115 -0.3342595 -0.34597805
 outer loop
  vertex 0.16178599 -0.0512918 -0.060256813
  vertex 0.16215698 -0.05678825 -0.05400646
  vertex 0.15373151 -0.06916484 -0.06339856
 endloop
endfacet
facet normal 0.87668097 -0.33425936 -0.34597862
 outer loop
  vertex 0.15329427 -0.062686935 -0.07076499
  vertex 0.16178599 -0.0512918 -0.060256813
  vertex 0.15373151 -0.06916484 -0.06339856
 endloop
endfacet
facet normal -0.29789954 -0.72554725 -0.6203523
 outer loop
  vertex -0.045612305 -0.12650254 -0.11980509
  vertex -0.044859175 -0.1376604 -0.107116826
  vertex -0.06172331 -0.13400646 -0.10329205
 endloop
endfacet
facet normal -0.29789945 -0.72554743 -0.62035227
 outer loop
  vertex -0.062450424 -0.12323408 -0.115541965
  vertex -0.045612305 -0.12650254 -0.11980509
  vertex -0.06172331 -0.13400646 -0.10329205
 endloop
endfacet
facet normal 0.825483 -0.3986533 -0.3995665
 outer loop
  vertex 0.15329427 -0.062686935 -0.07076499
  vertex 0.15373151 -0.06916484 -0.06339856
  vertex 0.14382552 -0.08087533 -0.07218009
 endloop
endfacet
facet normal 0.8254824 -0.3986529 -0.39956802
 outer loop
  vertex 0.14332622 -0.07347835 -0.08059164
  vertex 0.15329427 -0.062686935 -0.07076499
  vertex 0.14382552 -0.08087533 -0.07218009
 endloop
endfacet
facet normal -0.3898548 -0.7028778 -0.5949589
 outer loop
  vertex -0.062450424 -0.12323408 -0.115541965
  vertex -0.06172331 -0.13400646 -0.10329205
  vertex -0.07799302 -0.12906195 -0.09847248
 endloop
endfacet
facet normal -0.38985524 -0.7028774 -0.59495914
 outer loop
  vertex -0.07868711 -0.11877881 -0.11016605
  vertex -0.062450424 -0.12323408 -0.115541965
  vertex -0.07799302 -0.12906195 -0.09847248
 endloop
endfacet
facet normal 0.7663413 -0.4591908 -0.44929355
 outer loop
  vertex 0.14332622 -0.07347835 -0.08059164
  vertex 0.14382552 -0.08087533 -0.07218009
  vertex 0.13253437 -0.09180697 -0.08026648
 endloop
endfacet
facet normal 0.76634204 -0.4591912 -0.44929203
 outer loop
  vertex 0.13197787 -0.08356215 -0.08964216
  vertex 0.14332622 -0.07347835 -0.08059164
  vertex 0.13253437 -0.09180697 -0.08026648
 endloop
endfacet
facet normal -0.47807476 -0.67344517 -0.5638405
 outer loop
  vertex -0.07868711 -0.11877881 -0.11016605
  vertex -0.07799302 -0.12906195 -0.09847248
  vertex -0.09351163 -0.12287456 -0.092704564
 endloop
endfacet
facet normal -0.47807437 -0.67344564 -0.5638403
 outer loop
  vertex -0.09416602 -0.11317968 -0.10372919
  vertex -0.07868711 -0.11877881 -0.11016605
  vertex -0.09351163 -0.12287456 -0.092704564
 endloop
endfacet
facet normal 0.69983387 -0.51529187 -0.4946785
 outer loop
  vertex 0.13197787 -0.08356215 -0.08964216
  vertex 0.13253437 -0.09180697 -0.08026648
  vertex 0.11996687 -0.1018545 -0.08757982
 endloop
endfacet
facet normal 0.6998336 -0.51529175 -0.49467915
 outer loop
  vertex 0.1193585 -0.09284125 -0.09782931
  vertex 0.13197787 -0.08356215 -0.08964216
  vertex 0.11996687 -0.1018545 -0.08757982
 endloop
endfacet
facet normal -0.56171525 -0.63752764 -0.52728987
 outer loop
  vertex -0.09416602 -0.11317968 -0.10372919
  vertex -0.09351163 -0.12287456 -0.092704564
  vertex -0.10812969 -0.11550384 -0.08604381
 endloop
endfacet
facet normal -0.5617155 -0.63752717 -0.52729005
 outer loop
  vertex -0.10873806 -0.10649059 -0.096293315
  vertex -0.09416602 -0.11317968 -0.10372919
  vertex -0.10812969 -0.11550384 -0.08604381
 endloop
endfacet
facet normal 0.62660474 -0.56641775 -0.5352919
 outer loop
  vertex 0.1193585 -0.09284125 -0.09782931
  vertex 0.11996687 -0.1018545 -0.08757982
  vertex 0.106244035 -0.110921144 -0.09404972
 endloop
endfacet
facet normal 0.6266047 -0.5664177 -0.535292
 outer loop
  vertex 0.10558965 -0.10122626 -0.105074346
  vertex 0.1193585 -0.09284125 -0.09782931
  vertex 0.106244035 -0.110921144 -0.09404972
 endloop
endfacet
facet normal -0.63996804 -0.59546506 -0.4856566
 outer loop
  vertex -0.10873806 -0.10649059 -0.096293315
  vertex -0.10812969 -0.11550384 -0.08604381
  vertex -0.121706374 -0.10702077 -0.078554414
 endloop
endfacet
facet normal -0.639968 -0.5954653 -0.48565653
 outer loop
  vertex -0.12226288 -0.09877595 -0.08793009
  vertex -0.10873806 -0.10649059 -0.096293315
  vertex -0.121706374 -0.10702077 -0.078554414
 endloop
endfacet
facet normal 0.54736024 -0.6120832 -0.57074577
 outer loop
  vertex 0.10558965 -0.10122626 -0.105074346
  vertex 0.106244035 -0.110921144 -0.09404972
  vertex 0.091498 -0.11891958 -0.099613816
 endloop
endfacet
facet normal 0.54736 -0.61208314 -0.5707462
 outer loop
  vertex 0.090803914 -0.10863643 -0.11130738
  vertex 0.10558965 -0.10122626 -0.105074346
  vertex 0.091498 -0.11891958 -0.099613816
 endloop
endfacet
facet normal -0.7120759 -0.54765964 -0.43933684
 outer loop
  vertex -0.12226288 -0.09877595 -0.08793009
  vertex -0.121706374 -0.10702077 -0.078554414
  vertex -0.13411097 -0.09750708 -0.07030846
 endloop
endfacet
facet normal -0.7120754 -0.5476605 -0.4393365
 outer loop
  vertex -0.13461027 -0.0901101 -0.07872001
  vertex -0.12226288 -0.09877595 -0.08793009
  vertex -0.13411097 -0.09750708 -0.07030846
 endloop
endfacet
facet normal 0.27701098 -0.64601576 -0.7112866
 outer loop
  vertex 0.057943318 -0.10791087 -0.13203903
  vertex 0.058759756 -0.120256916 -0.12050795
  vertex 0.041809976 -0.12435527 -0.12338678
 endloop
endfacet
facet normal 0.27701026 -0.6460153 -0.71128726
 outer loop
  vertex 0.04097319 -0.11170158 -0.13520518
  vertex 0.057943318 -0.10791087 -0.13203903
  vertex 0.041809976 -0.12435527 -0.12338678
 endloop
endfacet
facet normal -0.8868269 -0.34538102 -0.3070015
 outer loop
  vertex -0.1557116 -0.06418508 -0.06380178
  vertex -0.15530942 -0.07026685 -0.05812148
  vertex -0.16346191 -0.059280545 -0.046931367
 endloop
endfacet
facet normal -0.8868268 -0.34538156 -0.3070013
 outer loop
  vertex -0.16378841 -0.05434332 -0.051542677
  vertex -0.1557116 -0.06418508 -0.06380178
  vertex -0.16346191 -0.059280545 -0.046931367
 endloop
endfacet
facet normal 0.18172388 -0.6647637 -0.72461414
 outer loop
  vertex 0.04097319 -0.11170158 -0.13520518
  vertex 0.041809976 -0.12435527 -0.12338678
  vertex 0.02445752 -0.12725608 -0.12507734
 endloop
endfacet
facet normal 0.1817248 -0.6647642 -0.72461337
 outer loop
  vertex 0.02360845 -0.114416614 -0.13706927
  vertex 0.04097319 -0.11170158 -0.13520518
  vertex 0.02445752 -0.12725608 -0.12507734
 endloop
endfacet
facet normal 0.99262345 -0.040933352 -0.114119366
 outer loop
  vertex 0.17949939 -0.00066950265 -0.014691534
  vertex 0.17958303 -0.0019340804 -0.013510432
  vertex 0.1776612 -0.014604491 -0.02568202
 endloop
endfacet
facet normal 0.9926239 -0.04093859 -0.11411276
 outer loop
  vertex 0.17749475 -0.012087517 -0.028032849
  vertex 0.17949939 -0.00066950265 -0.014691534
  vertex 0.1776612 -0.014604491 -0.02568202
 endloop
endfacet
facet normal -0.92763317 -0.28585678 -0.24038017
 outer loop
  vertex -0.16378841 -0.05434332 -0.051542677
  vertex -0.16346191 -0.059280545 -0.046931367
  vertex -0.17004018 -0.04772338 -0.03528929
 endloop
endfacet
facet normal -0.9276334 -0.28585556 -0.24038075
 outer loop
  vertex -0.17028783 -0.043978248 -0.038787205
  vertex -0.16378841 -0.05434332 -0.051542677
  vertex -0.17004018 -0.04772338 -0.03528929
 endloop
endfacet
facet normal 0.08469397 -0.67712516 -0.7309778
 outer loop
  vertex 0.02360845 -0.114416614 -0.13706927
  vertex 0.02445752 -0.12725608 -0.12507734
  vertex 0.0068695247 -0.12893134 -0.12556331
 endloop
endfacet
facet normal 0.084693804 -0.67712504 -0.73097783
 outer loop
  vertex 0.0060163476 -0.11602975 -0.13761327
  vertex 0.02360845 -0.114416614 -0.13706927
  vertex 0.0068695247 -0.12893134 -0.12556331
 endloop
endfacet
facet normal 0.9769212 -0.10768797 -0.18446779
 outer loop
  vertex 0.17749475 -0.012087517 -0.028032849
  vertex 0.1776612 -0.014604491 -0.02568202
  vertex 0.17402841 -0.027134262 -0.037606258
 endloop
endfacet
facet normal 0.97692126 -0.10768858 -0.18446691
 outer loop
  vertex 0.17378075 -0.023389127 -0.041104175
  vertex 0.17749475 -0.012087517 -0.028032849
  vertex 0.17402841 -0.027134262 -0.037606258
 endloop
endfacet
facet normal -0.9594956 -0.2235625 -0.17142928
 outer loop
  vertex -0.17028783 -0.043978248 -0.038787205
  vertex -0.17004018 -0.04772338 -0.03528929
  vertex -0.17498085 -0.03570664 -0.023307312
 endloop
endfacet
facet normal -0.9594954 -0.22356349 -0.17142878
 outer loop
  vertex -0.1751473 -0.03318966 -0.025658142
  vertex -0.17028783 -0.043978248 -0.038787205
  vertex -0.17498085 -0.03570664 -0.023307312
 endloop
endfacet
facet normal -0.013145036 -0.6829797 -0.730319
 outer loop
  vertex 0.0060163476 -0.11602975 -0.13761327
  vertex 0.0068695247 -0.12893134 -0.12556331
  vertex -0.010784604 -0.12936498 -0.12484002
 endloop
endfacet
facet normal -0.013145467 -0.68297946 -0.7303193
 outer loop
  vertex -0.011633674 -0.1165255 -0.13683195
  vertex 0.0060163476 -0.11602975 -0.13761327
  vertex -0.010784604 -0.12936498 -0.12484002
 endloop
endfacet
facet normal 0.9517923 -0.17339201 -0.2530348
 outer loop
  vertex 0.17378075 -0.023389127 -0.041104175
  vertex 0.17402841 -0.027134262 -0.037606258
  vertex 0.16871963 -0.039402753 -0.049168285
 endloop
endfacet
facet normal 0.95179206 -0.17339101 -0.2530365
 outer loop
  vertex 0.16839314 -0.03446553 -0.053779595
  vertex 0.17378075 -0.023389127 -0.041104175
  vertex 0.16871963 -0.039402753 -0.049168285
 endloop
endfacet
facet normal -0.98210067 -0.15910546 -0.100814685
 outer loop
  vertex -0.1751473 -0.03318966 -0.025658142
  vertex -0.17498085 -0.03570664 -0.023307312
  vertex -0.17823635 -0.023346033 -0.011100857
 endloop
endfacet
facet normal -0.98210007 -0.15911219 -0.10081008
 outer loop
  vertex -0.17831999 -0.022081455 -0.012281957
  vertex -0.1751473 -0.03318966 -0.025658142
  vertex -0.17823635 -0.023346033 -0.011100857
 endloop
endfacet
facet normal -0.11086326 -0.6822724 -0.7226435
 outer loop
  vertex -0.011633674 -0.1165255 -0.13683195
  vertex -0.010784604 -0.12936498 -0.12484002
  vertex -0.028334895 -0.12855275 -0.122914426
 endloop
endfacet
facet normal -0.110864244 -0.68227166 -0.7226441
 outer loop
  vertex -0.02917168 -0.115899056 -0.13473281
  vertex -0.011633674 -0.1165255 -0.13683195
  vertex -0.028334895 -0.12855275 -0.122914426
 endloop
endfacet
facet normal 0.9174847 -0.23741077 -0.3191519
 outer loop
  vertex 0.16839314 -0.03446553 -0.053779595
  vertex 0.16871963 -0.039402753 -0.049168285
  vertex 0.16178599 -0.0512918 -0.060256813
 endloop
endfacet
facet normal 0.9174848 -0.23741102 -0.31915146
 outer loop
  vertex 0.16138381 -0.045210034 -0.06593711
  vertex 0.16839314 -0.03446553 -0.053779595
  vertex 0.16178599 -0.0512918 -0.060256813
 endloop
endfacet
facet normal -0.20751914 -0.67500895 -0.7080245
 outer loop
  vertex -0.02917168 -0.115899056 -0.13473281
  vertex -0.028334895 -0.12855275 -0.122914426
  vertex -0.045612305 -0.12650254 -0.11980509
 endloop
endfacet
facet normal -0.20751849 -0.67500955 -0.70802414
 outer loop
  vertex -0.046428744 -0.1141565 -0.13133615
  vertex -0.02917168 -0.115899056 -0.13473281
  vertex -0.045612305 -0.12650254 -0.11980509
 endloop
endfacet
facet normal 0.87433505 -0.2991299 -0.38217738
 outer loop
  vertex 0.16138381 -0.045210034 -0.06593711
  vertex 0.16178599 -0.0512918 -0.060256813
  vertex 0.15329427 -0.062686935 -0.07076499
 endloop
endfacet
facet normal 0.8743348 -0.2991296 -0.38217825
 outer loop
  vertex 0.15282026 -0.05551919 -0.077459574
  vertex 0.16138381 -0.045210034 -0.06593711
  vertex 0.15329427 -0.062686935 -0.07076499
 endloop
endfacet
facet normal -0.30219257 -0.6612585 -0.68659806
 outer loop
  vertex -0.046428744 -0.1141565 -0.13133615
  vertex -0.045612305 -0.12650254 -0.11980509
  vertex -0.062450424 -0.12323408 -0.115541965
 endloop
endfacet
facet normal -0.30219254 -0.6612585 -0.686598
 outer loop
  vertex -0.06323866 -0.111314565 -0.12667465
  vertex -0.046428744 -0.1141565 -0.13133615
  vertex -0.062450424 -0.12323408 -0.115541965
 endloop
endfacet
facet normal 0.8227645 -0.3579525 -0.44150725
 outer loop
  vertex 0.15282026 -0.05551919 -0.077459574
  vertex 0.15329427 -0.062686935 -0.07076499
  vertex 0.14332622 -0.07347835 -0.08059164
 endloop
endfacet
facet normal 0.82276523 -0.35795325 -0.44150522
 outer loop
  vertex 0.14278498 -0.06529367 -0.08823605
  vertex 0.15282026 -0.05551919 -0.077459574
  vertex 0.14332622 -0.07347835 -0.08059164
 endloop
endfacet
facet normal -0.3939775 -0.641148 -0.6585674
 outer loop
  vertex -0.06323866 -0.111314565 -0.12667465
  vertex -0.062450424 -0.12323408 -0.115541965
  vertex -0.07868711 -0.11877881 -0.11016605
 endloop
endfacet
facet normal -0.39397758 -0.6411479 -0.65856755
 outer loop
  vertex -0.07943954 -0.107400626 -0.12079314
  vertex -0.06323866 -0.111314565 -0.12667465
  vertex -0.07868711 -0.11877881 -0.11016605
 endloop
endfacet
facet normal 0.7632785 -0.41331345 -0.4965662
 outer loop
  vertex 0.14278498 -0.06529367 -0.08823605
  vertex 0.14332622 -0.07347835 -0.08059164
  vertex 0.13197787 -0.08356215 -0.08964216
 endloop
endfacet
facet normal 0.763278 -0.4133131 -0.4965672
 outer loop
  vertex 0.13137458 -0.074439354 -0.098162755
  vertex 0.14278498 -0.06529367 -0.08823605
  vertex 0.13197787 -0.08356215 -0.08964216
 endloop
endfacet
facet normal -0.48198602 -0.61486894 -0.6242
 outer loop
  vertex -0.07943954 -0.107400626 -0.12079314
  vertex -0.07868711 -0.11877881 -0.11016605
  vertex -0.09416602 -0.11317968 -0.10372919
 endloop
endfacet
facet normal -0.48198575 -0.61486936 -0.62419987
 outer loop
  vertex -0.09487541 -0.102452405 -0.11374835
  vertex -0.07943954 -0.107400626 -0.12079314
  vertex -0.09416602 -0.11317968 -0.10372919
 endloop
endfacet
facet normal 0.6964537 -0.46467927 -0.54683226
 outer loop
  vertex 0.13137458 -0.074439354 -0.098162755
  vertex 0.13197787 -0.08356215 -0.08964216
  vertex 0.1193585 -0.09284125 -0.09782931
 endloop
endfacet
facet normal 0.6964533 -0.46467903 -0.5468328
 outer loop
  vertex 0.118698984 -0.08286818 -0.10714404
  vertex 0.13137458 -0.074439354 -0.098162755
  vertex 0.1193585 -0.09284125 -0.09782931
 endloop
endfacet
facet normal -0.56537896 -0.5826685 -0.58381855
 outer loop
  vertex -0.09487541 -0.102452405 -0.11374835
  vertex -0.09416602 -0.11317968 -0.10372919
  vertex -0.10873806 -0.10649059 -0.096293315
 endloop
endfacet
facet normal -0.56537944 -0.5826678 -0.58381873
 outer loop
  vertex -0.109397575 -0.096517526 -0.10560803
  vertex -0.09487541 -0.102452405 -0.11374835
  vertex -0.10873806 -0.10649059 -0.096293315
 endloop
endfacet
facet normal 0.62294126 -0.51155865 -0.5918208
 outer loop
  vertex 0.118698984 -0.08286818 -0.10714404
  vertex 0.1193585 -0.09284125 -0.09782931
  vertex 0.10558965 -0.10122626 -0.105074346
 endloop
endfacet
facet normal 0.62294173 -0.51155895 -0.59182006
 outer loop
  vertex 0.10488026 -0.09049899 -0.11509351
  vertex 0.118698984 -0.08286818 -0.10714404
  vertex 0.10558965 -0.10122626 -0.105074346
 endloop
endfacet
facet normal -0.64334774 -0.5448524 -0.53781
 outer loop
  vertex -0.109397575 -0.096517526 -0.10560803
  vertex -0.10873806 -0.10649059 -0.096293315
  vertex -0.12226288 -0.09877595 -0.08793009
 endloop
endfacet
facet normal -0.64334726 -0.54485315 -0.5378098
 outer loop
  vertex -0.12286617 -0.08965316 -0.09645069
  vertex -0.109397575 -0.096517526 -0.10560803
  vertex -0.12226288 -0.09877595 -0.08793009
 endloop
endfacet
facet normal 0.5434483 -0.55350745 -0.631105
 outer loop
  vertex 0.10488026 -0.09049899 -0.11509351
  vertex 0.10558965 -0.10122626 -0.105074346
  vertex 0.090803914 -0.10863643 -0.11130738
 endloop
endfacet
facet normal 0.54344785 -0.5535072 -0.6311056
 outer loop
  vertex 0.09005148 -0.097258255 -0.121934466
  vertex 0.10488026 -0.09049899 -0.11509351
  vertex 0.090803914 -0.10863643 -0.11130738
 endloop
endfacet
facet normal -0.7151392 -0.501782 -0.4866115
 outer loop
  vertex -0.12286617 -0.08965316 -0.09645069
  vertex -0.12226288 -0.09877595 -0.08793009
  vertex -0.13461027 -0.0901101 -0.07872001
 endloop
endfacet
facet normal -0.71513945 -0.50178146 -0.4866117
 outer loop
  vertex -0.1351515 -0.08192542 -0.08636442
  vertex -0.12286617 -0.08965316 -0.09645069
  vertex -0.13461027 -0.0901101 -0.07872001
 endloop
endfacet
facet normal 0.45874768 -0.590121 -0.66431004
 outer loop
  vertex 0.09005148 -0.097258255 -0.121934466
  vertex 0.090803914 -0.10863643 -0.11130738
  vertex 0.07514367 -0.115000404 -0.116468504
 endloop
endfacet
facet normal 0.4587486 -0.59012145 -0.6643089
 outer loop
  vertex 0.07435544 -0.103080906 -0.1276012
  vertex 0.09005148 -0.097258255 -0.121934466
  vertex 0.07514367 -0.115000404 -0.116468504
 endloop
endfacet
facet normal -0.7800596 -0.45386526 -0.43071258
 outer loop
  vertex -0.1351515 -0.08192542 -0.08636442
  vertex -0.13461027 -0.0901101 -0.07872001
  vertex -0.14566123 -0.08057647 -0.068751805
 endloop
endfacet
facet normal -0.78005934 -0.4538659 -0.4307124
 outer loop
  vertex -0.14613524 -0.07340873 -0.07544639
  vertex -0.1351515 -0.08192542 -0.08636442
  vertex -0.14566123 -0.08057647 -0.068751805
 endloop
endfacet
facet normal 0.36965093 -0.6210556 -0.69112086
 outer loop
  vertex 0.07435544 -0.103080906 -0.1276012
  vertex 0.07514367 -0.115000404 -0.116468504
  vertex 0.058759756 -0.120256916 -0.12050795
 endloop
endfacet
facet normal 0.36965048 -0.6210554 -0.6911214
 outer loop
  vertex 0.057943318 -0.10791087 -0.13203903
  vertex 0.07435544 -0.103080906 -0.1276012
  vertex 0.058759756 -0.120256916 -0.12050795
 endloop
endfacet
facet normal -0.8374747 -0.4015652 -0.37064996
 outer loop
  vertex -0.14613524 -0.07340873 -0.07544639
  vertex -0.14566123 -0.08057647 -0.068751805
  vertex -0.15530942 -0.07026685 -0.05812148
 endloop
endfacet
facet normal -0.837475 -0.40156448 -0.3706502
 outer loop
  vertex -0.1557116 -0.06418508 -0.06380178
  vertex -0.14613524 -0.07340873 -0.07544639
  vertex -0.15530942 -0.07026685 -0.05812148
 endloop
endfacet
facet normal 0.07979577 -0.6023869 -0.79420567
 outer loop
  vertex 0.022701718 -0.10046513 -0.14774226
  vertex 0.02360845 -0.114416614 -0.13706927
  vertex 0.0060163476 -0.11602975 -0.13761327
 endloop
endfacet
facet normal 0.07979543 -0.60238665 -0.7942059
 outer loop
  vertex 0.0051052296 -0.10201076 -0.14833789
  vertex 0.022701718 -0.10046513 -0.14774226
  vertex 0.0060163476 -0.11602975 -0.13761327
 endloop
endfacet
facet normal 0.9757282 -0.089484185 -0.19986759
 outer loop
  vertex 0.177317 -0.009352547 -0.030125124
  vertex 0.17749475 -0.012087517 -0.028032849
  vertex 0.17378075 -0.023389127 -0.041104175
 endloop
endfacet
facet normal 0.9757281 -0.08948358 -0.19986835
 outer loop
  vertex 0.17351626 -0.019319627 -0.04421737
  vertex 0.177317 -0.009352547 -0.030125124
  vertex 0.17378075 -0.023389127 -0.041104175
 endloop
endfacet
facet normal -0.9606884 -0.20536293 -0.18682623
 outer loop
  vertex -0.17055233 -0.039908744 -0.041900404
  vertex -0.17028783 -0.043978248 -0.038787205
  vertex -0.1751473 -0.03318966 -0.025658142
 endloop
endfacet
facet normal -0.9606884 -0.2053625 -0.18682642
 outer loop
  vertex -0.17532505 -0.030454693 -0.027750416
  vertex -0.17055233 -0.039908744 -0.041900404
  vertex -0.1751473 -0.03318966 -0.025658142
 endloop
endfacet
facet normal -0.01804361 -0.6082414 -0.79354703
 outer loop
  vertex 0.0051052296 -0.10201076 -0.14833789
  vertex 0.0060163476 -0.11602975 -0.13761327
  vertex -0.011633674 -0.1165255 -0.13683195
 endloop
endfacet
facet normal -0.01804327 -0.6082416 -0.79354686
 outer loop
  vertex -0.012540405 -0.10257401 -0.14750494
  vertex 0.0051052296 -0.10201076 -0.14833789
  vertex -0.011633674 -0.1165255 -0.13683195
 endloop
endfacet
facet normal 0.95013803 -0.14815399 -0.27438688
 outer loop
  vertex 0.17351626 -0.019319627 -0.04421737
  vertex 0.17378075 -0.023389127 -0.041104175
  vertex 0.16839314 -0.03446553 -0.053779595
 endloop
endfacet
facet normal 0.95013833 -0.14815515 -0.2743852
 outer loop
  vertex 0.16804446 -0.029100688 -0.057883736
  vertex 0.17351626 -0.019319627 -0.04421737
  vertex 0.16839314 -0.03446553 -0.053779595
 endloop
endfacet
facet normal -0.9828209 -0.14811504 -0.11011355
 outer loop
  vertex -0.17532505 -0.030454693 -0.027750416
  vertex -0.1751473 -0.03318966 -0.025658142
  vertex -0.17831999 -0.022081455 -0.012281957
 endloop
endfacet
facet normal -0.98282117 -0.14811224 -0.110115096
 outer loop
  vertex -0.1784093 -0.020707354 -0.013333155
  vertex -0.17532505 -0.030454693 -0.027750416
  vertex -0.17831999 -0.022081455 -0.012281957
 endloop
endfacet
facet normal -0.1157153 -0.60825264 -0.7852634
 outer loop
  vertex -0.012540405 -0.10257401 -0.14750494
  vertex -0.011633674 -0.1165255 -0.13683195
  vertex -0.02917168 -0.115899056 -0.13473281
 endloop
endfacet
facet normal -0.115714416 -0.6082533 -0.78526306
 outer loop
  vertex -0.030065289 -0.10214945 -0.14525138
  vertex -0.012540405 -0.10257401 -0.14750494
  vertex -0.02917168 -0.115899056 -0.13473281
 endloop
endfacet
facet normal 0.9153861 -0.20538624 -0.346244
 outer loop
  vertex 0.16804446 -0.029100688 -0.057883736
  vertex 0.16839314 -0.03446553 -0.053779595
  vertex 0.16138381 -0.045210034 -0.06593711
 endloop
endfacet
facet normal 0.9153861 -0.2053863 -0.3462439
 outer loop
  vertex 0.16095431 -0.038601525 -0.070992656
  vertex 0.16804446 -0.029100688 -0.057883736
  vertex 0.16138381 -0.045210034 -0.06593711
 endloop
endfacet
facet normal -0.21227585 -0.6024199 -0.76943433
 outer loop
  vertex -0.030065289 -0.10214945 -0.14525138
  vertex -0.02917168 -0.115899056 -0.13473281
  vertex -0.046428744 -0.1141565 -0.13133615
 endloop
endfacet
facet normal -0.21227647 -0.6024194 -0.7694346
 outer loop
  vertex -0.04730063 -0.10074116 -0.14159898
  vertex -0.030065289 -0.10214945 -0.14525138
  vertex -0.046428744 -0.1141565 -0.13133615
 endloop
endfacet
facet normal 0.8718114 -0.26062682 -0.41475126
 outer loop
  vertex 0.16095431 -0.038601525 -0.070992656
  vertex 0.16138381 -0.045210034 -0.06593711
  vertex 0.15282026 -0.05551919 -0.077459574
 endloop
endfacet
facet normal 0.8718114 -0.26062682 -0.41475126
 outer loop
  vertex 0.15231407 -0.04773066 -0.083417855
  vertex 0.16095431 -0.038601525 -0.070992656
  vertex 0.15282026 -0.05551919 -0.077459574
 endloop
endfacet
facet normal -0.30681038 -0.5907956 -0.746209
 outer loop
  vertex -0.04730063 -0.10074116 -0.14159898
  vertex -0.046428744 -0.1141565 -0.13133615
  vertex -0.06323866 -0.111314565 -0.12667465
 endloop
endfacet
facet normal -0.30680993 -0.590796 -0.74620885
 outer loop
  vertex -0.06408042 -0.098362714 -0.13658293
  vertex -0.04730063 -0.10074116 -0.14159898
  vertex -0.06323866 -0.111314565 -0.12667465
 endloop
endfacet
facet normal 0.8198416 -0.31334278 -0.47924522
 outer loop
  vertex 0.15231407 -0.04773066 -0.083417855
  vertex 0.15282026 -0.05551919 -0.077459574
  vertex 0.14278498 -0.06529367 -0.08823605
 endloop
endfacet
facet normal 0.81984144 -0.31334257 -0.47924575
 outer loop
  vertex 0.14220697 -0.056400113 -0.09503968
  vertex 0.15231407 -0.04773066 -0.083417855
  vertex 0.14278498 -0.06529367 -0.08823605
 endloop
endfacet
facet normal -0.3984117 -0.57349026 -0.7158052
 outer loop
  vertex -0.06408042 -0.098362714 -0.13658293
  vertex -0.06323866 -0.111314565 -0.12667465
  vertex -0.07943954 -0.107400626 -0.12079314
 endloop
endfacet
facet normal -0.39841187 -0.5734901 -0.71580523
 outer loop
  vertex -0.08024308 -0.09503698 -0.13025142
  vertex -0.06408042 -0.098362714 -0.13658293
  vertex -0.07943954 -0.107400626 -0.12079314
 endloop
endfacet
facet normal 0.7599825 -0.36302787 -0.53910786
 outer loop
  vertex 0.14220697 -0.056400113 -0.09503968
  vertex 0.14278498 -0.06529367 -0.08823605
  vertex 0.13137458 -0.074439354 -0.098162755
 endloop
endfacet
facet normal 0.7599827 -0.3630281 -0.53910744
 outer loop
  vertex 0.13073032 -0.06452643 -0.10574622
  vertex 0.14220697 -0.056400113 -0.09503968
  vertex 0.13137458 -0.074439354 -0.098162755
 endloop
endfacet
facet normal -0.48619336 -0.5506673 -0.6785143
 outer loop
  vertex -0.08024308 -0.09503698 -0.13025142
  vertex -0.07943954 -0.107400626 -0.12079314
  vertex -0.09487541 -0.102452405 -0.11374835
 endloop
endfacet
facet normal -0.48619357 -0.550667 -0.67851436
 outer loop
  vertex -0.09563298 -0.09079604 -0.122665554
  vertex -0.08024308 -0.09503698 -0.13025142
  vertex -0.09487541 -0.102452405 -0.11374835
 endloop
endfacet
facet normal 0.6928177 -0.40920535 -0.5937631
 outer loop
  vertex 0.13073032 -0.06452643 -0.10574622
  vertex 0.13137458 -0.074439354 -0.098162755
  vertex 0.118698984 -0.08286818 -0.10714404
 endloop
endfacet
facet normal 0.69281757 -0.40920526 -0.5937633
 outer loop
  vertex 0.11799468 -0.07203136 -0.11543428
  vertex 0.13073032 -0.06452643 -0.10574622
  vertex 0.118698984 -0.08286818 -0.10714404
 endloop
endfacet
facet normal -0.56932 -0.52254045 -0.6346859
 outer loop
  vertex -0.09563298 -0.09079604 -0.122665554
  vertex -0.09487541 -0.102452405 -0.11374835
  vertex -0.109397575 -0.096517526 -0.10560803
 endloop
endfacet
facet normal -0.56931996 -0.5225406 -0.6346858
 outer loop
  vertex -0.11010188 -0.0856807 -0.113898285
  vertex -0.09563298 -0.09079604 -0.122665554
  vertex -0.109397575 -0.096517526 -0.10560803
 endloop
endfacet
facet normal 0.61900115 -0.45143056 -0.64268816
 outer loop
  vertex 0.11799468 -0.07203136 -0.11543428
  vertex 0.118698984 -0.08286818 -0.10714404
  vertex 0.10488026 -0.09049899 -0.11509351
 endloop
endfacet
facet normal 0.61900145 -0.45143077 -0.6426877
 outer loop
  vertex 0.10412269 -0.078842625 -0.12401071
  vertex 0.11799468 -0.07203136 -0.11543428
  vertex 0.10488026 -0.09049899 -0.11509351
 endloop
endfacet
facet normal -0.6469828 -0.48937926 -0.5847403
 outer loop
  vertex -0.11010188 -0.0856807 -0.113898285
  vertex -0.109397575 -0.096517526 -0.10560803
  vertex -0.12286617 -0.08965316 -0.09645069
 endloop
endfacet
facet normal -0.6469827 -0.48937935 -0.5847402
 outer loop
  vertex -0.12351043 -0.07974023 -0.10403415
  vertex -0.11010188 -0.0856807 -0.113898285
  vertex -0.12286617 -0.08965316 -0.09645069
 endloop
endfacet
facet normal 0.5392401 -0.4893051 -0.68542
 outer loop
  vertex 0.10412269 -0.078842625 -0.12401071
  vertex 0.10488026 -0.09049899 -0.11509351
  vertex 0.09005148 -0.097258255 -0.121934466
 endloop
endfacet
facet normal 0.5392407 -0.4893055 -0.68541926
 outer loop
  vertex 0.08924794 -0.08489461 -0.13139276
  vertex 0.10412269 -0.078842625 -0.12401071
  vertex 0.09005148 -0.097258255 -0.121934466
 endloop
endfacet
facet normal -0.718435 -0.45149735 -0.5291515
 outer loop
  vertex -0.12351043 -0.07974023 -0.10403415
  vertex -0.12286617 -0.08965316 -0.09645069
  vertex -0.1351515 -0.08192542 -0.08636442
 endloop
endfacet
facet normal -0.7184349 -0.45149752 -0.52915144
 outer loop
  vertex -0.13572952 -0.073031865 -0.09316805
  vertex -0.12351043 -0.07974023 -0.10403415
  vertex -0.1351515 -0.08192542 -0.08636442
 endloop
endfacet
facet normal 0.45431462 -0.5224632 -0.7215472
 outer loop
  vertex 0.08924794 -0.08489461 -0.13139276
  vertex 0.09005148 -0.097258255 -0.121934466
  vertex 0.07435544 -0.103080906 -0.1276012
 endloop
endfacet
facet normal 0.45431307 -0.52246225 -0.721549
 outer loop
  vertex 0.07351368 -0.09012904 -0.13750945
  vertex 0.08924794 -0.08489461 -0.13139276
  vertex 0.07435544 -0.103080906 -0.1276012
 endloop
endfacet
facet normal -0.78298295 -0.40925664 -0.46845135
 outer loop
  vertex -0.13572952 -0.073031865 -0.09316805
  vertex -0.1351515 -0.08192542 -0.08636442
  vertex -0.14613524 -0.07340873 -0.07544639
 endloop
endfacet
facet normal -0.78298295 -0.4092567 -0.46845132
 outer loop
  vertex -0.14664143 -0.0656202 -0.08140468
  vertex -0.13572952 -0.073031865 -0.09316805
  vertex -0.14613524 -0.07340873 -0.07544639
 endloop
endfacet
facet normal 0.36503237 -0.55059105 -0.7507335
 outer loop
  vertex 0.07351368 -0.09012904 -0.13750945
  vertex 0.07435544 -0.103080906 -0.1276012
  vertex 0.057943318 -0.10791087 -0.13203903
 endloop
endfacet
facet normal 0.36503354 -0.5505917 -0.7507324
 outer loop
  vertex 0.057071432 -0.094495535 -0.14230186
  vertex 0.07351368 -0.09012904 -0.13750945
  vertex 0.057943318 -0.10791087 -0.13203903
 endloop
endfacet
facet normal -0.8399983 -0.36306202 -0.403223
 outer loop
  vertex -0.14664143 -0.0656202 -0.08140468
  vertex -0.14613524 -0.07340873 -0.07544639
  vertex -0.1557116 -0.06418508 -0.06380178
 endloop
endfacet
facet normal -0.83999836 -0.36306173 -0.4032231
 outer loop
  vertex -0.1561411 -0.057576578 -0.06885734
  vertex -0.14664143 -0.0656202 -0.08140468
  vertex -0.1557116 -0.06418508 -0.06380178
 endloop
endfacet
facet normal 0.27225295 -0.57342535 -0.77269775
 outer loop
  vertex 0.057071432 -0.094495535 -0.14230186
  vertex 0.057943318 -0.10791087 -0.13203903
  vertex 0.04097319 -0.11170158 -0.13520518
 endloop
endfacet
facet normal 0.27225354 -0.57342565 -0.7726972
 outer loop
  vertex 0.04007958 -0.09795197 -0.14572375
  vertex 0.057071432 -0.094495535 -0.14230186
  vertex 0.04097319 -0.11170158 -0.13520518
 endloop
endfacet
facet normal -0.8889256 -0.31335708 -0.33409375
 outer loop
  vertex -0.1561411 -0.057576578 -0.06885734
  vertex -0.1557116 -0.06418508 -0.06380178
  vertex -0.16378841 -0.05434332 -0.051542677
 endloop
endfacet
facet normal -0.8889255 -0.31335744 -0.3340937
 outer loop
  vertex -0.16413708 -0.048978485 -0.055646818
  vertex -0.1561411 -0.057576578 -0.06885734
  vertex -0.16378841 -0.05434332 -0.051542677
 endloop
endfacet
facet normal 0.1768738 -0.5907448 -0.78723323
 outer loop
  vertex 0.04007958 -0.09795197 -0.14572375
  vertex 0.04097319 -0.11170158 -0.13520518
  vertex 0.02360845 -0.114416614 -0.13706927
 endloop
endfacet
facet normal 0.17687288 -0.5907442 -0.78723395
 outer loop
  vertex 0.022701718 -0.10046513 -0.14774226
  vertex 0.04007958 -0.09795197 -0.14572375
  vertex 0.02360845 -0.114416614 -0.13706927
 endloop
endfacet
facet normal 0.99190366 -0.029947152 -0.12341146
 outer loop
  vertex 0.17941009 0.00070459954 -0.015742734
  vertex 0.17949939 -0.00066950265 -0.014691534
  vertex 0.17749475 -0.012087517 -0.028032849
 endloop
endfacet
facet normal 0.9919034 -0.029945 -0.12341367
 outer loop
  vertex 0.177317 -0.009352547 -0.030125124
  vertex 0.17941009 0.00070459954 -0.015742734
  vertex 0.17749475 -0.012087517 -0.028032849
 endloop
endfacet
facet normal -0.9292872 -0.26062107 -0.26172894
 outer loop
  vertex -0.16413708 -0.048978485 -0.055646818
  vertex -0.16378841 -0.05434332 -0.051542677
  vertex -0.17028783 -0.043978248 -0.038787205
 endloop
endfacet
facet normal -0.9292869 -0.26062265 -0.2617283
 outer loop
  vertex -0.17055233 -0.039908744 -0.041900404
  vertex -0.16413708 -0.048978485 -0.055646818
  vertex -0.17028783 -0.043978248 -0.038787205
 endloop
endfacet
facet normal -0.12086007 -0.52845985 -0.8403113
 outer loop
  vertex -0.0134960655 -0.08764486 -0.15675622
  vertex -0.012540405 -0.10257401 -0.14750494
  vertex -0.030065289 -0.10214945 -0.14525138
 endloop
endfacet
facet normal -0.12086045 -0.52845955 -0.84031147
 outer loop
  vertex -0.031007122 -0.08743632 -0.15436879
  vertex -0.0134960655 -0.08764486 -0.15675622
  vertex -0.030065289 -0.10214945 -0.14525138
 endloop
endfacet
facet normal 0.91315985 -0.17086323 -0.3700608
 outer loop
  vertex 0.16767697 -0.023359908 -0.061441172
  vertex 0.16804446 -0.029100688 -0.057883736
  vertex 0.16095431 -0.038601525 -0.070992656
 endloop
endfacet
facet normal 0.91315985 -0.17086367 -0.3700602
 outer loop
  vertex 0.16050163 -0.031529926 -0.07537478
  vertex 0.16767697 -0.023359908 -0.061441172
  vertex 0.16095431 -0.038601525 -0.070992656
 endloop
endfacet
facet normal -0.21732268 -0.52416694 -0.82341963
 outer loop
  vertex -0.031007122 -0.08743632 -0.15436879
  vertex -0.030065289 -0.10214945 -0.14525138
  vertex -0.04730063 -0.10074116 -0.14159898
 endloop
endfacet
facet normal -0.21732216 -0.52416736 -0.82341945
 outer loop
  vertex -0.048219565 -0.08638574 -0.15049474
  vertex -0.031007122 -0.08743632 -0.15436879
  vertex -0.04730063 -0.10074116 -0.14159898
 endloop
endfacet
facet normal 0.8691348 -0.21912031 -0.44338596
 outer loop
  vertex 0.16050163 -0.031529926 -0.07537478
  vertex 0.16095431 -0.038601525 -0.070992656
  vertex 0.15231407 -0.04773066 -0.083417855
 endloop
endfacet
facet normal 0.86913484 -0.21912052 -0.4433856
 outer loop
  vertex 0.15178056 -0.03939634 -0.088582456
  vertex 0.16050163 -0.031529926 -0.07537478
  vertex 0.15231407 -0.04773066 -0.083417855
 endloop
endfacet
facet normal -0.3117082 -0.51483667 -0.7986121
 outer loop
  vertex -0.048219565 -0.08638574 -0.15049474
  vertex -0.04730063 -0.10074116 -0.14159898
  vertex -0.06408042 -0.098362714 -0.13658293
 endloop
endfacet
facet normal -0.3117085 -0.5148364 -0.7986121
 outer loop
  vertex -0.06496761 -0.08450324 -0.14517134
  vertex -0.048219565 -0.08638574 -0.15049474
  vertex -0.06408042 -0.098362714 -0.13658293
 endloop
endfacet
facet normal 0.8167404 -0.26525426 -0.512421
 outer loop
  vertex 0.15178056 -0.03939634 -0.088582456
  vertex 0.15231407 -0.04773066 -0.083417855
  vertex 0.14220697 -0.056400113 -0.09503968
 endloop
endfacet
facet normal 0.816741 -0.26525506 -0.5124197
 outer loop
  vertex 0.14159778 -0.046883337 -0.10093704
  vertex 0.15178056 -0.03939634 -0.088582456
  vertex 0.14220697 -0.056400113 -0.09503968
 endloop
endfacet
facet normal -0.4031152 -0.50055444 -0.7661224
 outer loop
  vertex -0.06496761 -0.08450324 -0.14517134
  vertex -0.06408042 -0.098362714 -0.13658293
  vertex -0.08024308 -0.09503698 -0.13025142
 endloop
endfacet
facet normal -0.4031157 -0.50055385 -0.76612246
 outer loop
  vertex -0.08108997 -0.08180694 -0.13844979
  vertex -0.06496761 -0.08450324 -0.14517134
  vertex -0.08024308 -0.09503698 -0.13025142
 endloop
endfacet
facet normal 0.7564873 -0.30882296 -0.5765027
 outer loop
  vertex 0.14159778 -0.046883337 -0.10093704
  vertex 0.14220697 -0.056400113 -0.09503968
  vertex 0.13073032 -0.06452643 -0.10574622
 endloop
endfacet
facet normal 0.75648683 -0.30882242 -0.5765036
 outer loop
  vertex 0.1300513 -0.053918853 -0.11231951
  vertex 0.14159778 -0.046883337 -0.10093704
  vertex 0.13073032 -0.06452643 -0.10574622
 endloop
endfacet
facet normal -0.4906566 -0.4814566 -0.72626144
 outer loop
  vertex -0.08108997 -0.08180694 -0.13844979
  vertex -0.08024308 -0.09503698 -0.13025142
  vertex -0.09563298 -0.09079604 -0.122665554
 endloop
endfacet
facet normal -0.49065566 -0.4814578 -0.72626126
 outer loop
  vertex -0.09643143 -0.07832285 -0.13039494
  vertex -0.08108997 -0.08180694 -0.13844979
  vertex -0.09563298 -0.09079604 -0.122665554
 endloop
endfacet
facet normal 0.68896127 -0.34940526 -0.63501835
 outer loop
  vertex 0.1300513 -0.053918853 -0.11231951
  vertex 0.13073032 -0.06452643 -0.10574622
  vertex 0.11799468 -0.07203136 -0.11543428
 endloop
endfacet
facet normal 0.6889615 -0.3494055 -0.63501805
 outer loop
  vertex 0.11725237 -0.06043514 -0.122620225
  vertex 0.1300513 -0.053918853 -0.11231951
  vertex 0.11799468 -0.07203136 -0.11543428
 endloop
endfacet
facet normal -0.5734998 -0.45772332 -0.67940223
 outer loop
  vertex -0.09643143 -0.07832285 -0.13039494
  vertex -0.09563298 -0.09079604 -0.122665554
  vertex -0.11010188 -0.0856807 -0.113898285
 endloop
endfacet
facet normal -0.5734999 -0.4577231 -0.67940223
 outer loop
  vertex -0.11084419 -0.074084476 -0.12108423
  vertex -0.09643143 -0.07832285 -0.13039494
  vertex -0.11010188 -0.0856807 -0.113898285
 endloop
endfacet
facet normal 0.61482173 -0.38661376 -0.68740386
 outer loop
  vertex 0.11725237 -0.06043514 -0.122620225
  vertex 0.11799468 -0.07203136 -0.11543428
  vertex 0.10412269 -0.078842625 -0.12401071
 endloop
endfacet
facet normal 0.61482143 -0.38661352 -0.6874042
 outer loop
  vertex 0.10332424 -0.06636943 -0.1317401
  vertex 0.11725237 -0.06043514 -0.122620225
  vertex 0.10412269 -0.078842625 -0.12401071
 endloop
endfacet
facet normal -0.65083903 -0.4295789 -0.6259957
 outer loop
  vertex -0.11084419 -0.074084476 -0.12108423
  vertex -0.11010188 -0.0856807 -0.113898285
  vertex -0.12351043 -0.07974023 -0.10403415
 endloop
endfacet
facet normal -0.6508392 -0.42957845 -0.62599576
 outer loop
  vertex -0.12418945 -0.069132656 -0.11060744
  vertex -0.11084419 -0.074084476 -0.12108423
  vertex -0.12351043 -0.07974023 -0.10403415
 endloop
endfacet
facet normal 0.5347776 -0.42009526 -0.7331664
 outer loop
  vertex 0.10332424 -0.06636943 -0.1317401
  vertex 0.10412269 -0.078842625 -0.12401071
  vertex 0.08924794 -0.08489461 -0.13139276
 endloop
endfacet
facet normal 0.53477776 -0.42009538 -0.7331661
 outer loop
  vertex 0.08840105 -0.07166458 -0.13959114
  vertex 0.10332424 -0.06636943 -0.1317401
  vertex 0.08924794 -0.08489461 -0.13139276
 endloop
endfacet
facet normal -0.7219306 -0.39729065 -0.5665479
 outer loop
  vertex -0.12418945 -0.069132656 -0.11060744
  vertex -0.12351043 -0.07974023 -0.10403415
  vertex -0.13572952 -0.073031865 -0.09316805
 endloop
endfacet
facet normal -0.72193044 -0.3972909 -0.5665479
 outer loop
  vertex -0.13633871 -0.06351509 -0.09906541
  vertex -0.12418945 -0.069132656 -0.11060744
  vertex -0.13572952 -0.073031865 -0.09316805
 endloop
endfacet
facet normal 0.44960988 -0.4495281 -0.77186495
 outer loop
  vertex 0.08840105 -0.07166458 -0.13959114
  vertex 0.08924794 -0.08489461 -0.13139276
  vertex 0.07351368 -0.09012904 -0.13750945
 endloop
endfacet
facet normal 0.44961047 -0.44952855 -0.7718643
 outer loop
  vertex 0.07262649 -0.076269574 -0.1460979
  vertex 0.08840105 -0.07166458 -0.13959114
  vertex 0.07351368 -0.09012904 -0.13750945
 endloop
endfacet
facet normal -0.78608406 -0.36116743 -0.5016272
 outer loop
  vertex -0.13633871 -0.06351509 -0.09906541
  vertex -0.13572952 -0.073031865 -0.09316805
  vertex -0.14664143 -0.0656202 -0.08140468
 endloop
endfacet
facet normal -0.7860841 -0.3611673 -0.5016272
 outer loop
  vertex -0.14717494 -0.057285875 -0.08656928
  vertex -0.13633871 -0.06351509 -0.09906541
  vertex -0.14664143 -0.0656202 -0.08140468
 endloop
endfacet
facet normal 0.36013535 -0.47463378 -0.8031346
 outer loop
  vertex 0.07262649 -0.076269574 -0.1460979
  vertex 0.07351368 -0.09012904 -0.13750945
  vertex 0.057071432 -0.094495535 -0.14230186
 endloop
endfacet
facet normal 0.36013386 -0.47463277 -0.803136
 outer loop
  vertex 0.056152496 -0.0801401 -0.15119761
  vertex 0.07262649 -0.076269574 -0.1460979
  vertex 0.057071432 -0.094495535 -0.14230186
 endloop
endfacet
facet normal -0.8426749 -0.32155526 -0.4318578
 outer loop
  vertex -0.14717494 -0.057285875 -0.08656928
  vertex -0.14664143 -0.0656202 -0.08140468
  vertex -0.1561411 -0.057576578 -0.06885734
 endloop
endfacet
facet normal -0.8426747 -0.3215563 -0.43185765
 outer loop
  vertex -0.15659378 -0.050504975 -0.07323947
  vertex -0.14717494 -0.057285875 -0.08656928
  vertex -0.1561411 -0.057576578 -0.06885734
 endloop
endfacet
facet normal 0.26720732 -0.4951727 -0.8266827
 outer loop
  vertex 0.056152496 -0.0801401 -0.15119761
  vertex 0.057071432 -0.094495535 -0.14230186
  vertex 0.04007958 -0.09795197 -0.14572375
 endloop
endfacet
facet normal 0.26720732 -0.4951727 -0.8266826
 outer loop
  vertex 0.039137747 -0.08323884 -0.15484115
  vertex 0.056152496 -0.0801401 -0.15119761
  vertex 0.04007958 -0.09795197 -0.14572375
 endloop
endfacet
facet normal -0.8911517 -0.27883554 -0.35790977
 outer loop
  vertex -0.15659378 -0.050504975 -0.07323947
  vertex -0.1561411 -0.057576578 -0.06885734
  vertex -0.16413708 -0.048978485 -0.055646818
 endloop
endfacet
facet normal -0.8911518 -0.27883518 -0.3579098
 outer loop
  vertex -0.16450457 -0.0432377 -0.059204254
  vertex -0.15659378 -0.050504975 -0.07323947
  vertex -0.16413708 -0.048978485 -0.055646818
 endloop
endfacet
facet normal 0.1717274 -0.51095116 -0.8422819
 outer loop
  vertex 0.039137747 -0.08323884 -0.15484115
  vertex 0.04007958 -0.09795197 -0.14572375
  vertex 0.022701718 -0.10046513 -0.14774226
 endloop
endfacet
facet normal 0.17172778 -0.5109514 -0.8422816
 outer loop
  vertex 0.021746058 -0.08553597 -0.15699354
  vertex 0.039137747 -0.08323884 -0.15484115
  vertex 0.022701718 -0.10046513 -0.14774226
 endloop
endfacet
facet normal 0.99113965 -0.01810034 -0.1315851
 outer loop
  vertex 0.17931597 0.002174994 -0.016653905
  vertex 0.17941009 0.00070459954 -0.015742734
  vertex 0.177317 -0.009352547 -0.030125124
 endloop
endfacet
facet normal 0.99113935 -0.018097706 -0.13158731
 outer loop
  vertex 0.17712966 -0.00642592 -0.031938694
  vertex 0.17931597 0.002174994 -0.016653905
  vertex 0.177317 -0.009352547 -0.030125124
 endloop
endfacet
facet normal -0.93104124 -0.23341754 -0.28049672
 outer loop
  vertex -0.16450457 -0.0432377 -0.059204254
  vertex -0.16413708 -0.048978485 -0.055646818
  vertex -0.17055233 -0.039908744 -0.041900404
 endloop
endfacet
facet normal -0.9310414 -0.23341689 -0.28049693
 outer loop
  vertex -0.17083108 -0.03555407 -0.044598904
  vertex -0.16450457 -0.0432377 -0.059204254
  vertex -0.17055233 -0.039908744 -0.041900404
 endloop
endfacet
facet normal 0.07460006 -0.52182007 -0.8497875
 outer loop
  vertex 0.021746058 -0.08553597 -0.15699354
  vertex 0.022701718 -0.10046513 -0.14774226
  vertex 0.0051052296 -0.10201076 -0.14833789
 endloop
endfacet
facet normal 0.074599616 -0.5218197 -0.8497877
 outer loop
  vertex 0.004144945 -0.08700938 -0.15763392
  vertex 0.021746058 -0.08553597 -0.15699354
  vertex 0.0051052296 -0.10201076 -0.14833789
 endloop
endfacet
facet normal 0.974463 -0.06986472 -0.21340303
 outer loop
  vertex 0.17712966 -0.00642592 -0.031938694
  vertex 0.177317 -0.009352547 -0.030125124
  vertex 0.17351626 -0.019319627 -0.04421737
 endloop
endfacet
facet normal 0.97446275 -0.069863565 -0.21340418
 outer loop
  vertex 0.1732375 -0.014964954 -0.046915866
  vertex 0.17712966 -0.00642592 -0.031938694
  vertex 0.17351626 -0.019319627 -0.04421737
 endloop
endfacet
facet normal -0.9619538 -0.1857391 -0.20036423
 outer loop
  vertex -0.17083108 -0.03555407 -0.044598904
  vertex -0.17055233 -0.039908744 -0.041900404
  vertex -0.17532505 -0.030454693 -0.027750416
 endloop
endfacet
facet normal -0.96195394 -0.18573779 -0.20036468
 outer loop
  vertex -0.17551239 -0.027528064 -0.029563988
  vertex -0.17083108 -0.03555407 -0.044598904
  vertex -0.17532505 -0.030454693 -0.027750416
 endloop
endfacet
facet normal -0.023238705 -0.52767426 -0.84912884
 outer loop
  vertex 0.004144945 -0.08700938 -0.15763392
  vertex 0.0051052296 -0.10201076 -0.14833789
  vertex -0.012540405 -0.10257401 -0.14750494
 endloop
endfacet
facet normal -0.023238266 -0.5276747 -0.8491286
 outer loop
  vertex -0.0134960655 -0.08764486 -0.15675622
  vertex 0.004144945 -0.08700938 -0.15763392
  vertex -0.012540405 -0.10257401 -0.14750494
 endloop
endfacet
facet normal 0.94838405 -0.12095134 -0.2931527
 outer loop
  vertex 0.1732375 -0.014964954 -0.046915866
  vertex 0.17351626 -0.019319627 -0.04421737
  vertex 0.16804446 -0.029100688 -0.057883736
 endloop
endfacet
facet normal 0.94838387 -0.12095061 -0.29315352
 outer loop
  vertex 0.16767697 -0.023359908 -0.061441172
  vertex 0.1732375 -0.014964954 -0.046915866
  vertex 0.16804446 -0.029100688 -0.057883736
 endloop
endfacet
facet normal -0.9835853 -0.1362625 -0.118290044
 outer loop
  vertex -0.17551239 -0.027528064 -0.029563988
  vertex -0.17532505 -0.030454693 -0.027750416
  vertex -0.1784093 -0.020707354 -0.013333155
 endloop
endfacet
facet normal -0.9835856 -0.1362592 -0.11829143
 outer loop
  vertex -0.17850341 -0.01923696 -0.014244326
  vertex -0.17551239 -0.027528064 -0.029563988
  vertex -0.1784093 -0.020707354 -0.013333155
 endloop
endfacet
facet normal -0.31683987 -0.43411273 -0.84330213
 outer loop
  vertex -0.0491767 -0.07122847 -0.15793775
  vertex -0.048219565 -0.08638574 -0.15049474
  vertex -0.06496761 -0.08450324 -0.14517134
 endloop
endfacet
facet normal -0.31683934 -0.4341133 -0.84330213
 outer loop
  vertex -0.065891676 -0.06986963 -0.15235722
  vertex -0.0491767 -0.07122847 -0.15793775
  vertex -0.06496761 -0.08450324 -0.14517134
 endloop
endfacet
facet normal 0.8134923 -0.21414925 -0.54071283
 outer loop
  vertex 0.15122488 -0.030596491 -0.092903644
  vertex 0.15178056 -0.03939634 -0.088582456
  vertex 0.14159778 -0.046883337 -0.10093704
 endloop
endfacet
facet normal 0.8134919 -0.21414855 -0.54071367
 outer loop
  vertex 0.14096326 -0.036834985 -0.10587129
  vertex 0.15122488 -0.030596491 -0.092903644
  vertex 0.14159778 -0.046883337 -0.10093704
 endloop
endfacet
facet normal -0.40804282 -0.42304453 -0.809033
 outer loop
  vertex -0.065891676 -0.06986963 -0.15235722
  vertex -0.06496761 -0.08450324 -0.14517134
  vertex -0.08108997 -0.08180694 -0.13844979
 endloop
endfacet
facet normal -0.4080434 -0.42304388 -0.80903304
 outer loop
  vertex -0.08197208 -0.067837924 -0.1453093
  vertex -0.065891676 -0.06986963 -0.15235722
  vertex -0.08108997 -0.08180694 -0.13844979
 endloop
endfacet
facet normal 0.75282484 -0.25121492 -0.6083961
 outer loop
  vertex 0.14096326 -0.036834985 -0.10587129
  vertex 0.14159778 -0.046883337 -0.10093704
  vertex 0.1300513 -0.053918853 -0.11231951
 endloop
endfacet
facet normal 0.7528247 -0.2512147 -0.60839635
 outer loop
  vertex 0.12934405 -0.042718768 -0.11781932
  vertex 0.14096326 -0.036834985 -0.10587129
  vertex 0.1300513 -0.053918853 -0.11231951
 endloop
endfacet
facet normal -0.4953312 -0.4079061 -0.7669809
 outer loop
  vertex -0.08197208 -0.067837924 -0.1453093
  vertex -0.08108997 -0.08180694 -0.13844979
  vertex -0.09643143 -0.07832285 -0.13039494
 endloop
endfacet
facet normal -0.49533197 -0.40790507 -0.76698095
 outer loop
  vertex -0.09726306 -0.06515295 -0.13686202
  vertex -0.08197208 -0.067837924 -0.1453093
  vertex -0.09643143 -0.07832285 -0.13039494
 endloop
endfacet
facet normal 0.6849214 -0.28585243 -0.6702022
 outer loop
  vertex 0.12934405 -0.042718768 -0.11781932
  vertex 0.1300513 -0.053918853 -0.11231951
  vertex 0.11725237 -0.06043514 -0.122620225
 endloop
endfacet
facet normal 0.6849213 -0.28585228 -0.67020243
 outer loop
  vertex 0.1164792 -0.048191186 -0.12863262
  vertex 0.12934405 -0.042718768 -0.11781932
  vertex 0.11725237 -0.06043514 -0.122620225
 endloop
endfacet
facet normal -0.57787883 -0.38883856 -0.7175379
 outer loop
  vertex -0.09726306 -0.06515295 -0.13686202
  vertex -0.09643143 -0.07832285 -0.13039494
  vertex -0.11084419 -0.074084476 -0.12108423
 endloop
endfacet
facet normal -0.57787883 -0.38883853 -0.7175379
 outer loop
  vertex -0.11161736 -0.061840527 -0.12709662
  vertex -0.09726306 -0.06515295 -0.13686202
  vertex -0.11084419 -0.074084476 -0.12108423
 endloop
endfacet
facet normal 0.61044264 -0.31772888 -0.7255399
 outer loop
  vertex 0.1164792 -0.048191186 -0.12863262
  vertex 0.11725237 -0.06043514 -0.122620225
  vertex 0.10332424 -0.06636943 -0.1317401
 endloop
endfacet
facet normal 0.6104431 -0.31772935 -0.7255394
 outer loop
  vertex 0.10249261 -0.053199533 -0.13820718
  vertex 0.1164792 -0.048191186 -0.12863262
  vertex 0.10332424 -0.06636943 -0.1317401
 endloop
endfacet
facet normal -0.6548791 -0.36602607 -0.6611795
 outer loop
  vertex -0.11161736 -0.061840527 -0.12709662
  vertex -0.11084419 -0.074084476 -0.12108423
  vertex -0.12418945 -0.069132656 -0.11060744
 endloop
endfacet
facet normal -0.65487885 -0.3660264 -0.6611795
 outer loop
  vertex -0.124896705 -0.05793257 -0.11610725
  vertex -0.11161736 -0.061840527 -0.12709662
  vertex -0.12418945 -0.069132656 -0.11060744
 endloop
endfacet
facet normal 0.5301021 -0.34654325 -0.7738859
 outer loop
  vertex 0.10249261 -0.053199533 -0.13820718
  vertex 0.10332424 -0.06636943 -0.1317401
  vertex 0.08840105 -0.07166458 -0.13959114
 endloop
endfacet
facet normal 0.53010267 -0.34654373 -0.7738854
 outer loop
  vertex 0.08751895 -0.057695568 -0.14645065
  vertex 0.10249261 -0.053199533 -0.13820718
  vertex 0.08840105 -0.07166458 -0.13959114
 endloop
endfacet
facet normal -0.72559243 -0.33968362 -0.59844023
 outer loop
  vertex -0.124896705 -0.05793257 -0.11610725
  vertex -0.12418945 -0.069132656 -0.11060744
  vertex -0.13633871 -0.06351509 -0.09906541
 endloop
endfacet
facet normal -0.72559243 -0.3396834 -0.59844023
 outer loop
  vertex -0.13697323 -0.053466737 -0.10399966
  vertex -0.124896705 -0.05793257 -0.11610725
  vertex -0.13633871 -0.06351509 -0.09906541
 endloop
endfacet
facet normal 0.44468337 -0.37201712 -0.814776
 outer loop
  vertex 0.08751895 -0.057695568 -0.14645065
  vertex 0.08840105 -0.07166458 -0.13959114
  vertex 0.07262649 -0.076269574 -0.1460979
 endloop
endfacet
facet normal 0.44468194 -0.37201598 -0.81477726
 outer loop
  vertex 0.07170242 -0.061635964 -0.15328373
  vertex 0.08751895 -0.057695568 -0.14645065
  vertex 0.07262649 -0.076269574 -0.1460979
 endloop
endfacet
facet normal -0.7893329 -0.3100616 -0.5299202
 outer loop
  vertex -0.13697323 -0.053466737 -0.10399966
  vertex -0.13633871 -0.06351509 -0.09906541
  vertex -0.14717494 -0.057285875 -0.08656928
 endloop
endfacet
facet normal -0.7893326 -0.31006226 -0.5299202
 outer loop
  vertex -0.14773062 -0.048486028 -0.09089047
  vertex -0.13697323 -0.053466737 -0.10399966
  vertex -0.14717494 -0.057285875 -0.08656928
 endloop
endfacet
facet normal 0.35500222 -0.39390785 -0.84782666
 outer loop
  vertex 0.07170242 -0.061635964 -0.15328373
  vertex 0.07262649 -0.076269574 -0.1460979
  vertex 0.056152496 -0.0801401 -0.15119761
 endloop
endfacet
facet normal 0.35500342 -0.39390874 -0.8478257
 outer loop
  vertex 0.05519536 -0.06498284 -0.15864061
  vertex 0.07170242 -0.061635964 -0.15328373
  vertex 0.056152496 -0.0801401 -0.15119761
 endloop
endfacet
facet normal -0.8454787 -0.27744558 -0.45627818
 outer loop
  vertex -0.14773062 -0.048486028 -0.09089047
  vertex -0.14717494 -0.057285875 -0.08656928
  vertex -0.15659378 -0.050504975 -0.07323947
 endloop
endfacet
facet normal -0.84547895 -0.27744484 -0.45627823
 outer loop
  vertex -0.15706527 -0.043038376 -0.07690595
  vertex -0.14773062 -0.048486028 -0.09089047
  vertex -0.15659378 -0.050504975 -0.07323947
 endloop
endfacet
facet normal 0.26192087 -0.41201192 -0.87272197
 outer loop
  vertex 0.05519536 -0.06498284 -0.15864061
  vertex 0.056152496 -0.0801401 -0.15119761
  vertex 0.039137747 -0.08323884 -0.15484115
 endloop
endfacet
facet normal 0.2619213 -0.41201225 -0.87272173
 outer loop
  vertex 0.038156763 -0.06770389 -0.16246963
  vertex 0.05519536 -0.06498284 -0.15864061
  vertex 0.039137747 -0.08323884 -0.15484115
 endloop
endfacet
facet normal -0.89348406 -0.24214627 -0.37822148
 outer loop
  vertex -0.15706527 -0.043038376 -0.07690595
  vertex -0.15659378 -0.050504975 -0.07323947
  vertex -0.16450457 -0.0432377 -0.059204254
 endloop
endfacet
facet normal -0.8934842 -0.24214561 -0.37822154
 outer loop
  vertex -0.16488732 -0.037176266 -0.06218073
  vertex -0.15706527 -0.043038376 -0.07690595
  vertex -0.16450457 -0.0432377 -0.059204254
 endloop
endfacet
facet normal 0.16633742 -0.42615324 -0.88922733
 outer loop
  vertex 0.038156763 -0.06770389 -0.16246963
  vertex 0.039137747 -0.08323884 -0.15484115
  vertex 0.021746058 -0.08553597 -0.15699354
 endloop
endfacet
facet normal 0.16633739 -0.4261532 -0.8892274
 outer loop
  vertex 0.020750672 -0.069772944 -0.164734
  vertex 0.038156763 -0.06770389 -0.16246963
  vertex 0.021746058 -0.08553597 -0.15699354
 endloop
endfacet
facet normal 0.99033886 -0.005504521 -0.13855913
 outer loop
  vertex 0.17921793 0.003727517 -0.017416276
  vertex 0.17931597 0.002174994 -0.016653905
  vertex 0.17712966 -0.00642592 -0.031938694
 endloop
endfacet
facet normal 0.99033874 -0.005503234 -0.13856001
 outer loop
  vertex 0.17693453 -0.0033358233 -0.033456095
  vertex 0.17921793 0.003727517 -0.017416276
  vertex 0.17712966 -0.00642592 -0.031938694
 endloop
endfacet
facet normal -0.9328792 -0.20450518 -0.29650292
 outer loop
  vertex -0.16488732 -0.037176266 -0.06218073
  vertex -0.16450457 -0.0432377 -0.059204254
  vertex -0.17083108 -0.03555407 -0.044598904
 endloop
endfacet
facet normal -0.93287927 -0.2045049 -0.29650292
 outer loop
  vertex -0.17112142 -0.03095616 -0.046856716
  vertex -0.16488732 -0.037176266 -0.06218073
  vertex -0.17083108 -0.03555407 -0.044598904
 endloop
endfacet
facet normal 0.06915683 -0.43619928 -0.89718866
 outer loop
  vertex 0.020750672 -0.069772944 -0.164734
  vertex 0.021746058 -0.08553597 -0.15699354
  vertex 0.004144945 -0.08700938 -0.15763392
 endloop
endfacet
facet normal 0.06915648 -0.43619904 -0.89718884
 outer loop
  vertex 0.0031447427 -0.07117008 -0.16541183
  vertex 0.020750672 -0.069772944 -0.164734
  vertex 0.004144945 -0.08700938 -0.15763392
 endloop
endfacet
facet normal 0.97313726 -0.049010813 -0.22494866
 outer loop
  vertex 0.17693453 -0.0033358233 -0.033456095
  vertex 0.17712966 -0.00642592 -0.031938694
  vertex 0.1732375 -0.014964954 -0.046915866
 endloop
endfacet
facet normal 0.97313744 -0.04901231 -0.22494741
 outer loop
  vertex 0.17294717 -0.010367048 -0.04917368
  vertex 0.17693453 -0.0033358233 -0.033456095
  vertex 0.1732375 -0.014964954 -0.046915866
 endloop
endfacet
facet normal -0.96327955 -0.16488464 -0.21190938
 outer loop
  vertex -0.17112142 -0.03095616 -0.046856716
  vertex -0.17083108 -0.03555407 -0.044598904
  vertex -0.17551239 -0.027528064 -0.029563988
 endloop
endfacet
facet normal -0.9632793 -0.16488658 -0.21190889
 outer loop
  vertex -0.17570752 -0.024437968 -0.031081386
  vertex -0.17112142 -0.03095616 -0.046856716
  vertex -0.17551239 -0.027528064 -0.029563988
 endloop
endfacet
facet normal -0.028680956 -0.44205362 -0.89653
 outer loop
  vertex 0.0031447427 -0.07117008 -0.16541183
  vertex 0.004144945 -0.08700938 -0.15763392
  vertex -0.0134960655 -0.08764486 -0.15675622
 endloop
endfacet
facet normal -0.0286806 -0.44205388 -0.8965299
 outer loop
  vertex -0.014491452 -0.07188183 -0.16449669
  vertex 0.0031447427 -0.07117008 -0.16541183
  vertex -0.0134960655 -0.08764486 -0.15675622
 endloop
endfacet
facet normal 0.9465463 -0.09204291 -0.30915734
 outer loop
  vertex 0.17294717 -0.010367048 -0.04917368
  vertex 0.1732375 -0.014964954 -0.046915866
  vertex 0.16767697 -0.023359908 -0.061441172
 endloop
endfacet
facet normal 0.94654626 -0.09204279 -0.30915746
 outer loop
  vertex 0.16729422 -0.017298471 -0.06441766
  vertex 0.17294717 -0.010367048 -0.04917368
  vertex 0.16767697 -0.023359908 -0.061441172
 endloop
endfacet
facet normal -0.9843858 -0.12367066 -0.12526071
 outer loop
  vertex -0.17570752 -0.024437968 -0.031081386
  vertex -0.17551239 -0.027528064 -0.029563988
  vertex -0.17850341 -0.01923696 -0.014244326
 endloop
endfacet
facet normal -0.9843858 -0.12366933 -0.1252612
 outer loop
  vertex -0.17860144 -0.017684437 -0.015006696
  vertex -0.17570752 -0.024437968 -0.031081386
  vertex -0.17850341 -0.01923696 -0.014244326
 endloop
endfacet
facet normal -0.12625107 -0.4436617 -0.88725704
 outer loop
  vertex -0.014491452 -0.07188183 -0.16449669
  vertex -0.0134960655 -0.08764486 -0.15675622
  vertex -0.031007122 -0.08743632 -0.15436879
 endloop
endfacet
facet normal -0.12625103 -0.44366175 -0.8872569
 outer loop
  vertex -0.031988107 -0.071901366 -0.16199726
  vertex -0.014491452 -0.07188183 -0.16449669
  vertex -0.031007122 -0.08743632 -0.15436879
 endloop
endfacet
facet normal 0.9108279 -0.13417801 -0.39037007
 outer loop
  vertex 0.16729422 -0.017298471 -0.06441766
  vertex 0.16767697 -0.023359908 -0.061441172
  vertex 0.16050163 -0.031529926 -0.07537478
 endloop
endfacet
facet normal 0.9108276 -0.13417701 -0.3903712
 outer loop
  vertex 0.16003014 -0.02406333 -0.079041265
  vertex 0.16729422 -0.017298471 -0.06441766
  vertex 0.16050163 -0.031529926 -0.07537478
 endloop
endfacet
facet normal -0.22260854 -0.44100663 -0.8694588
 outer loop
  vertex -0.031988107 -0.071901366 -0.16199726
  vertex -0.031007122 -0.08743632 -0.15436879
  vertex -0.048219565 -0.08638574 -0.15049474
 endloop
endfacet
facet normal -0.2226086 -0.44100657 -0.86945885
 outer loop
  vertex -0.0491767 -0.07122847 -0.15793775
  vertex -0.031988107 -0.071901366 -0.16199726
  vertex -0.048219565 -0.08638574 -0.15049474
 endloop
endfacet
facet normal 0.8663309 -0.17501102 -0.46780553
 outer loop
  vertex 0.16003014 -0.02406333 -0.079041265
  vertex 0.16050163 -0.031529926 -0.07537478
  vertex 0.15178056 -0.03939634 -0.088582456
 endloop
endfacet
facet normal 0.866331 -0.17501125 -0.4678052
 outer loop
  vertex 0.15122488 -0.030596491 -0.092903644
  vertex 0.16003014 -0.02406333 -0.079041265
  vertex 0.15178056 -0.03939634 -0.088582456
 endloop
endfacet
facet normal -0.5001748 -0.33072224 -0.8002799
 outer loop
  vertex -0.082880884 -0.053264458 -0.1507639
  vertex -0.08197208 -0.067837924 -0.1453093
  vertex -0.09726306 -0.06515295 -0.13686202
 endloop
endfacet
facet normal -0.50017494 -0.33072206 -0.8002799
 outer loop
  vertex -0.098119885 -0.051413182 -0.14200458
  vertex -0.082880884 -0.053264458 -0.1507639
  vertex -0.09726306 -0.06515295 -0.13686202
 endloop
endfacet
facet normal 0.6807367 -0.21916245 -0.6989745
 outer loop
  vertex 0.12861538 -0.031034056 -0.122192696
  vertex 0.12934405 -0.042718768 -0.11781932
  vertex 0.1164792 -0.048191186 -0.12863262
 endloop
endfacet
facet normal 0.6807371 -0.21916279 -0.6989741
 outer loop
  vertex 0.115682624 -0.03541744 -0.13341361
  vertex 0.12861538 -0.031034056 -0.122192696
  vertex 0.1164792 -0.048191186 -0.12863262
 endloop
endfacet
facet normal -0.5824143 -0.31655404 -0.7487236
 outer loop
  vertex -0.098119885 -0.051413182 -0.14200458
  vertex -0.09726306 -0.06515295 -0.13686202
  vertex -0.11161736 -0.061840527 -0.12709662
 endloop
endfacet
facet normal -0.5824144 -0.316554 -0.7487236
 outer loop
  vertex -0.112413935 -0.04906678 -0.13187762
  vertex -0.098119885 -0.051413182 -0.14200458
  vertex -0.11161736 -0.061840527 -0.12709662
 endloop
endfacet
facet normal 0.60590756 -0.24544446 -0.7567252
 outer loop
  vertex 0.115682624 -0.03541744 -0.13341361
  vertex 0.1164792 -0.048191186 -0.12863262
  vertex 0.10249261 -0.053199533 -0.13820718
 endloop
endfacet
facet normal 0.6059074 -0.24544416 -0.7567255
 outer loop
  vertex 0.101635784 -0.039459765 -0.14334974
  vertex 0.115682624 -0.03541744 -0.13341361
  vertex 0.10249261 -0.053199533 -0.13820718
 endloop
endfacet
facet normal -0.6590633 -0.29933652 -0.68995166
 outer loop
  vertex -0.112413935 -0.04906678 -0.13187762
  vertex -0.11161736 -0.061840527 -0.12709662
  vertex -0.124896705 -0.05793257 -0.11610725
 endloop
endfacet
facet normal -0.6590635 -0.29933617 -0.6899516
 outer loop
  vertex -0.12562537 -0.04624786 -0.12048063
  vertex -0.112413935 -0.04906678 -0.13187762
  vertex -0.124896705 -0.05793257 -0.11610725
 endloop
endfacet
facet normal 0.5252596 -0.26935956 -0.80718505
 outer loop
  vertex 0.101635784 -0.039459765 -0.14334974
  vertex 0.10249261 -0.053199533 -0.13820718
  vertex 0.08751895 -0.057695568 -0.14645065
 endloop
endfacet
facet normal 0.5252594 -0.26935932 -0.80718535
 outer loop
  vertex 0.08661014 -0.043122105 -0.15190524
  vertex 0.101635784 -0.039459765 -0.14334974
  vertex 0.08751895 -0.057695568 -0.14645065
 endloop
endfacet
facet normal -0.7293855 -0.27923197 -0.6245208
 outer loop
  vertex -0.12562537 -0.04624786 -0.12048063
  vertex -0.124896705 -0.05793257 -0.11610725
  vertex -0.13697323 -0.053466737 -0.10399966
 endloop
endfacet
facet normal -0.7293855 -0.27923208 -0.62452084
 outer loop
  vertex -0.13762698 -0.04298359 -0.10792331
  vertex -0.12562537 -0.04624786 -0.12048063
  vertex -0.13697323 -0.053466737 -0.10399966
 endloop
endfacet
facet normal 0.43957838 -0.2906781 -0.8498689
 outer loop
  vertex 0.08661014 -0.043122105 -0.15190524
  vertex 0.08751895 -0.057695568 -0.14645065
  vertex 0.07170242 -0.061635964 -0.15328373
 endloop
endfacet
facet normal 0.43957904 -0.29067868 -0.84986824
 outer loop
  vertex 0.07075038 -0.04636915 -0.15899783
  vertex 0.08661014 -0.043122105 -0.15190524
  vertex 0.07170242 -0.061635964 -0.15328373
 endloop
endfacet
facet normal -0.7926976 -0.25643292 -0.55305755
 outer loop
  vertex -0.13762698 -0.04298359 -0.10792331
  vertex -0.13697323 -0.053466737 -0.10399966
  vertex -0.14773062 -0.048486028 -0.09089047
 endloop
endfacet
facet normal -0.79269797 -0.25643194 -0.55305743
 outer loop
  vertex -0.14830312 -0.039305408 -0.09432661
  vertex -0.13762698 -0.04298359 -0.10792331
  vertex -0.14773062 -0.048486028 -0.09089047
 endloop
endfacet
facet normal 0.3496882 -0.3091986 -0.8843723
 outer loop
  vertex 0.07075038 -0.04636915 -0.15899783
  vertex 0.07170242 -0.061635964 -0.15328373
  vertex 0.05519536 -0.06498284 -0.15864061
 endloop
endfacet
facet normal 0.34968796 -0.3091984 -0.88437253
 outer loop
  vertex 0.054209247 -0.049169708 -0.16455919
  vertex 0.07075038 -0.04636915 -0.15899783
  vertex 0.05519536 -0.06498284 -0.15864061
 endloop
endfacet
facet normal -0.84838325 -0.23115632 -0.47624847
 outer loop
  vertex -0.14830312 -0.039305408 -0.09432661
  vertex -0.14773062 -0.048486028 -0.09089047
  vertex -0.15706527 -0.043038376 -0.07690595
 endloop
endfacet
facet normal -0.8483828 -0.23115791 -0.4762486
 outer loop
  vertex -0.15755105 -0.035248693 -0.07982149
  vertex -0.14830312 -0.039305408 -0.09432661
  vertex -0.15706527 -0.043038376 -0.07690595
 endloop
endfacet
facet normal 0.25644562 -0.32474414 -0.91037184
 outer loop
  vertex 0.054209247 -0.049169708 -0.16455919
  vertex 0.05519536 -0.06498284 -0.15864061
  vertex 0.038156763 -0.06770389 -0.16246963
 endloop
endfacet
facet normal 0.2564462 -0.32474458 -0.9103715
 outer loop
  vertex 0.037146077 -0.05149672 -0.1685357
  vertex 0.054209247 -0.049169708 -0.16455919
  vertex 0.038156763 -0.06770389 -0.16246963
 endloop
endfacet
facet normal -0.8958997 -0.20364787 -0.3948306
 outer loop
  vertex -0.15755105 -0.035248693 -0.07982149
  vertex -0.15706527 -0.043038376 -0.07690595
  vertex -0.16488732 -0.037176266 -0.06218073
 endloop
endfacet
facet normal -0.8958997 -0.20364773 -0.39483064
 outer loop
  vertex -0.16528168 -0.030852541 -0.06454758
  vertex -0.15755105 -0.035248693 -0.07982149
  vertex -0.16488732 -0.037176266 -0.06218073
 endloop
endfacet
facet normal 0.16075405 -0.33716732 -0.9276186
 outer loop
  vertex 0.037146077 -0.05149672 -0.1685357
  vertex 0.038156763 -0.06770389 -0.16246963
  vertex 0.020750672 -0.069772944 -0.164734
 endloop
endfacet
facet normal 0.16075335 -0.3371668 -0.927619
 outer loop
  vertex 0.019725146 -0.053327825 -0.17088912
  vertex 0.037146077 -0.05149672 -0.1685357
  vertex 0.020750672 -0.069772944 -0.164734
 endloop
endfacet
facet normal 0.9895092 0.007716824 -0.14426354
 outer loop
  vertex 0.17911692 0.00534722 -0.018022502
  vertex 0.17921793 0.003727517 -0.017416276
  vertex 0.17693453 -0.0033358233 -0.033456095
 endloop
endfacet
facet normal 0.98950976 0.0077101453 -0.1442599
 outer loop
  vertex 0.1767335 -0.000112015754 -0.034662712
  vertex 0.17911692 0.00534722 -0.018022502
  vertex 0.17693453 -0.0033358233 -0.033456095
 endloop
endfacet
facet normal -0.93478274 -0.17416887 -0.30959088
 outer loop
  vertex -0.16528168 -0.030852541 -0.06454758
  vertex -0.16488732 -0.037176266 -0.06218073
  vertex -0.17112142 -0.03095616 -0.046856716
 endloop
endfacet
facet normal -0.9347828 -0.17416851 -0.3095909
 outer loop
  vertex -0.17142056 -0.026159294 -0.04865209
  vertex -0.16528168 -0.030852541 -0.06454758
  vertex -0.17112142 -0.03095616 -0.046856716
 endloop
endfacet
facet normal 0.0635188 -0.34634957 -0.93595266
 outer loop
  vertex 0.019725146 -0.053327825 -0.17088912
  vertex 0.020750672 -0.069772944 -0.164734
  vertex 0.0031447427 -0.07117008 -0.16541183
 endloop
endfacet
facet normal 0.063519314 -0.34634995 -0.9359525
 outer loop
  vertex 0.0021142547 -0.054645397 -0.17159674
  vertex 0.019725146 -0.053327825 -0.17088912
  vertex 0.0031447427 -0.07117008 -0.16541183
 endloop
endfacet
facet normal 0.97176445 -0.027129903 -0.23438816
 outer loop
  vertex 0.1767335 -0.000112015754 -0.034662712
  vertex 0.17693453 -0.0033358233 -0.033456095
  vertex 0.17294717 -0.010367048 -0.04917368
 endloop
endfacet
facet normal 0.971764 -0.027126832 -0.23439017
 outer loop
  vertex 0.17264803 -0.0055701835 -0.050969053
  vertex 0.1767335 -0.000112015754 -0.034662712
  vertex 0.17294717 -0.010367048 -0.04917368
 endloop
endfacet
facet normal -0.9646523 -0.14300422 -0.22134963
 outer loop
  vertex -0.17142056 -0.026159294 -0.04865209
  vertex -0.17112142 -0.03095616 -0.046856716
  vertex -0.17570752 -0.024437968 -0.031081386
 endloop
endfacet
facet normal -0.96465266 -0.14300194 -0.22134992
 outer loop
  vertex -0.17590855 -0.021214161 -0.032288004
  vertex -0.17142056 -0.026159294 -0.04865209
  vertex -0.17570752 -0.024437968 -0.031081386
 endloop
endfacet
facet normal -0.03431815 -0.35220456 -0.9352936
 outer loop
  vertex 0.0021142547 -0.054645397 -0.17159674
  vertex 0.0031447427 -0.07117008 -0.16541183
  vertex -0.014491452 -0.07188183 -0.16449669
 endloop
endfacet
facet normal -0.034318507 -0.35220426 -0.9352938
 outer loop
  vertex -0.015516978 -0.05543672 -0.17065181
  vertex 0.0021142547 -0.054645397 -0.17159674
  vertex -0.014491452 -0.07188183 -0.16449669
 endloop
endfacet
facet normal 0.9446425 -0.061701518 -0.32224762
 outer loop
  vertex 0.17264803 -0.0055701835 -0.050969053
  vertex 0.17294717 -0.010367048 -0.04917368
  vertex 0.16729422 -0.017298471 -0.06441766
 endloop
endfacet
facet normal 0.9446425 -0.061701458 -0.32224765
 outer loop
  vertex 0.16689986 -0.010974748 -0.06678451
  vertex 0.17264803 -0.0055701835 -0.050969053
  vertex 0.16729422 -0.017298471 -0.06441766
 endloop
endfacet
facet normal -0.985215 -0.11045368 -0.13096276
 outer loop
  vertex -0.17590855 -0.021214161 -0.032288004
  vertex -0.17570752 -0.024437968 -0.031081386
  vertex -0.17860144 -0.017684437 -0.015006696
 endloop
endfacet
facet normal -0.98521453 -0.11046071 -0.13096124
 outer loop
  vertex -0.17870246 -0.016064733 -0.015612924
  vertex -0.17590855 -0.021214161 -0.032288004
  vertex -0.17860144 -0.017684437 -0.015006696
 endloop
endfacet
facet normal -0.13183469 -0.35467535 -0.9256484
 outer loop
  vertex -0.015516978 -0.05543672 -0.17065181
  vertex -0.014491452 -0.07188183 -0.16449669
  vertex -0.031988107 -0.071901366 -0.16199726
 endloop
endfacet
facet normal -0.13183416 -0.35467583 -0.92564833
 outer loop
  vertex -0.032998793 -0.0556942 -0.16806333
  vertex -0.015516978 -0.05543672 -0.17065181
  vertex -0.031988107 -0.071901366 -0.16199726
 endloop
endfacet
facet normal 0.9084118 -0.0956753 -0.406982
 outer loop
  vertex 0.16689986 -0.010974748 -0.06678451
  vertex 0.16729422 -0.017298471 -0.06441766
  vertex 0.16003014 -0.02406333 -0.079041265
 endloop
endfacet
facet normal 0.9084119 -0.09567581 -0.40698153
 outer loop
  vertex 0.15954436 -0.016273651 -0.081956804
  vertex 0.16689986 -0.010974748 -0.06678451
  vertex 0.16003014 -0.02406333 -0.079041265
 endloop
endfacet
facet normal -0.2280842 -0.35373896 -0.9071088
 outer loop
  vertex -0.032998793 -0.0556942 -0.16806333
  vertex -0.031988107 -0.071901366 -0.16199726
  vertex -0.0491767 -0.07122847 -0.15793775
 endloop
endfacet
facet normal -0.22808485 -0.3537383 -0.90710884
 outer loop
  vertex -0.050162815 -0.055415332 -0.16385633
  vertex -0.032998793 -0.0556942 -0.16806333
  vertex -0.0491767 -0.07122847 -0.15793775
 endloop
endfacet
facet normal 0.86342645 -0.1287212 -0.48777616
 outer loop
  vertex 0.15954436 -0.016273651 -0.081956804
  vertex 0.16003014 -0.02406333 -0.079041265
  vertex 0.15122488 -0.030596491 -0.092903644
 endloop
endfacet
facet normal 0.86342686 -0.1287222 -0.48777518
 outer loop
  vertex 0.15065238 -0.02141587 -0.096339785
  vertex 0.15954436 -0.016273651 -0.081956804
  vertex 0.15122488 -0.030596491 -0.092903644
 endloop
endfacet
facet normal -0.32215452 -0.34940177 -0.8798493
 outer loop
  vertex -0.050162815 -0.055415332 -0.16385633
  vertex -0.0491767 -0.07122847 -0.15793775
  vertex -0.065891676 -0.06986963 -0.15235722
 endloop
endfacet
facet normal -0.32215512 -0.34940118 -0.87984943
 outer loop
  vertex -0.06684372 -0.054602817 -0.15807131
  vertex -0.050162815 -0.055415332 -0.16385633
  vertex -0.065891676 -0.06986963 -0.15235722
 endloop
endfacet
facet normal 0.81012696 -0.16051976 -0.5638508
 outer loop
  vertex 0.15065238 -0.02141587 -0.096339785
  vertex 0.15122488 -0.030596491 -0.092903644
  vertex 0.14096326 -0.036834985 -0.10587129
 endloop
endfacet
facet normal 0.81012636 -0.16051865 -0.56385183
 outer loop
  vertex 0.14030951 -0.026351837 -0.10979494
  vertex 0.15065238 -0.02141587 -0.096339785
  vertex 0.14096326 -0.036834985 -0.10587129
 endloop
endfacet
facet normal -0.41314715 -0.34170464 -0.8441253
 outer loop
  vertex -0.06684372 -0.054602817 -0.15807131
  vertex -0.065891676 -0.06986963 -0.15235722
  vertex -0.08197208 -0.067837924 -0.1453093
 endloop
endfacet
facet normal -0.4131462 -0.34170565 -0.8441252
 outer loop
  vertex -0.082880884 -0.053264458 -0.1507639
  vertex -0.06684372 -0.054602817 -0.15807131
  vertex -0.08197208 -0.067837924 -0.1453093
 endloop
endfacet
facet normal 0.74903154 -0.19076236 -0.6344772
 outer loop
  vertex 0.14030951 -0.026351837 -0.10979494
  vertex 0.14096326 -0.036834985 -0.10587129
  vertex 0.12934405 -0.042718768 -0.11781932
 endloop
endfacet
facet normal 0.7490321 -0.19076307 -0.6344765
 outer loop
  vertex 0.12861538 -0.031034056 -0.122192696
  vertex 0.14030951 -0.026351837 -0.10979494
  vertex 0.12934405 -0.042718768 -0.11781932
 endloop
endfacet
facet normal -0.6633524 -0.23014852 -0.7120361
 outer loop
  vertex -0.11322625 -0.035886243 -0.13538113
  vertex -0.112413935 -0.04906678 -0.13187762
  vertex -0.12562537 -0.04624786 -0.12048063
 endloop
endfacet
facet normal -0.6633523 -0.23014861 -0.712036
 outer loop
  vertex -0.12636843 -0.03419104 -0.12368545
  vertex -0.11322625 -0.035886243 -0.13538113
  vertex -0.12562537 -0.04624786 -0.12048063
 endloop
endfacet
facet normal 0.5202955 -0.18928535 -0.83274466
 outer loop
  vertex 0.10076204 -0.025282446 -0.1471182
  vertex 0.101635784 -0.039459765 -0.14334974
  vertex 0.08661014 -0.043122105 -0.15190524
 endloop
endfacet
facet normal 0.52029663 -0.18928644 -0.8327437
 outer loop
  vertex 0.085683376 -0.028084537 -0.15590239
  vertex 0.10076204 -0.025282446 -0.1471182
  vertex 0.08661014 -0.043122105 -0.15190524
 endloop
endfacet
facet normal -0.73327327 -0.21651655 -0.6445393
 outer loop
  vertex -0.12636843 -0.03419104 -0.12368545
  vertex -0.12562537 -0.04624786 -0.12048063
  vertex -0.13762698 -0.04298359 -0.10792331
 endloop
endfacet
facet normal -0.7332733 -0.21651629 -0.64453924
 outer loop
  vertex -0.13829362 -0.032166604 -0.11079857
  vertex -0.12636843 -0.03419104 -0.12368545
  vertex -0.13762698 -0.04298359 -0.10792331
 endloop
endfacet
facet normal 0.4343483 -0.20629492 -0.8768033
 outer loop
  vertex 0.085683376 -0.028084537 -0.15590239
  vertex 0.08661014 -0.043122105 -0.15190524
  vertex 0.07075038 -0.04636915 -0.15899783
 endloop
endfacet
facet normal 0.43434748 -0.20629415 -0.87680393
 outer loop
  vertex 0.069779515 -0.030616157 -0.16318513
  vertex 0.085683376 -0.028084537 -0.15590239
  vertex 0.07075038 -0.04636915 -0.15899783
 endloop
endfacet
facet normal -0.7961469 -0.20079492 -0.5708165
 outer loop
  vertex -0.13829362 -0.032166604 -0.11079857
  vertex -0.13762698 -0.04298359 -0.10792331
  vertex -0.14830312 -0.039305408 -0.09432661
 endloop
endfacet
facet normal -0.79614615 -0.20079683 -0.5708169
 outer loop
  vertex -0.14888695 -0.029832426 -0.096844636
  vertex -0.13829362 -0.032166604 -0.11079857
  vertex -0.14830312 -0.039305408 -0.09432661
 endloop
endfacet
facet normal 0.34424007 -0.22131574 -0.9124244
 outer loop
  vertex 0.069779515 -0.030616157 -0.16318513
  vertex 0.07075038 -0.04636915 -0.15899783
  vertex 0.054209247 -0.049169708 -0.16455919
 endloop
endfacet
facet normal 0.34424034 -0.22131597 -0.9124242
 outer loop
  vertex 0.053203646 -0.032852996 -0.16889633
  vertex 0.069779515 -0.030616157 -0.16318513
  vertex 0.054209247 -0.049169708 -0.16455919
 endloop
endfacet
facet normal -0.8513596 -0.18313678 -0.49157682
 outer loop
  vertex -0.14888695 -0.029832426 -0.096844636
  vertex -0.14830312 -0.039305408 -0.09432661
  vertex -0.15755105 -0.035248693 -0.07982149
 endloop
endfacet
facet normal -0.8513605 -0.18313402 -0.4915763
 outer loop
  vertex -0.15804641 -0.027210943 -0.081957996
  vertex -0.14888695 -0.029832426 -0.096844636
  vertex -0.15755105 -0.035248693 -0.07982149
 endloop
endfacet
facet normal 0.250834 -0.2342086 -0.9392702
 outer loop
  vertex 0.053203646 -0.032852996 -0.16889633
  vertex 0.054209247 -0.049169708 -0.16455919
  vertex 0.037146077 -0.05149672 -0.1685357
 endloop
endfacet
facet normal 0.25083354 -0.23420824 -0.93927044
 outer loop
  vertex 0.03611542 -0.034773435 -0.1729809
  vertex 0.053203646 -0.032852996 -0.16889633
  vertex 0.037146077 -0.05149672 -0.1685357
 endloop
endfacet
facet normal -0.8983758 -0.16370462 -0.40758035
 outer loop
  vertex -0.15804641 -0.027210943 -0.081957996
  vertex -0.15755105 -0.035248693 -0.07982149
  vertex -0.16528168 -0.030852541 -0.06454758
 endloop
endfacet
facet normal -0.8983757 -0.16370508 -0.40758032
 outer loop
  vertex -0.16568382 -0.024327438 -0.06628202
  vertex -0.15804641 -0.027210943 -0.081957996
  vertex -0.16528168 -0.030852541 -0.06454758
 endloop
endfacet
facet normal 0.15503067 -0.24484827 -0.9570866
 outer loop
  vertex 0.03611542 -0.034773435 -0.1729809
  vertex 0.037146077 -0.05149672 -0.1685357
  vertex 0.019725146 -0.053327825 -0.17088912
 endloop
endfacet
facet normal 0.15502998 -0.2448477 -0.95708686
 outer loop
  vertex 0.018679356 -0.03635901 -0.17539959
  vertex 0.03611542 -0.034773435 -0.1729809
  vertex 0.019725146 -0.053327825 -0.17088912
 endloop
endfacet
facet normal 0.98866 0.021419713 -0.14863592
 outer loop
  vertex 0.17901392 0.0070185037 -0.018466745
  vertex 0.17911692 0.00534722 -0.018022502
  vertex 0.1767335 -0.000112015754 -0.034662712
 endloop
endfacet
facet normal 0.98865944 0.02142585 -0.14863856
 outer loop
  vertex 0.17652847 0.0032144561 -0.03554692
  vertex 0.17901392 0.0070185037 -0.018466745
  vertex 0.1767335 -0.000112015754 -0.034662712
 endloop
endfacet
facet normal -0.9367339 -0.14269307 -0.31963772
 outer loop
  vertex -0.16568382 -0.024327438 -0.06628202
  vertex -0.16528168 -0.030852541 -0.06454758
  vertex -0.17142056 -0.026159294 -0.04865209
 endloop
endfacet
facet normal -0.93673396 -0.14269307 -0.31963775
 outer loop
  vertex -0.1717256 -0.021209672 -0.049967747
  vertex -0.16568382 -0.024327438 -0.06628202
  vertex -0.17142056 -0.026159294 -0.04865209
 endloop
endfacet
facet normal 0.05774087 -0.25313476 -0.9657064
 outer loop
  vertex 0.018679356 -0.03635901 -0.17539959
  vertex 0.019725146 -0.053327825 -0.17088912
  vertex 0.0021142547 -0.054645397 -0.17159674
 endloop
endfacet
facet normal 0.057741202 -0.25313506 -0.9657062
 outer loop
  vertex 0.0010634052 -0.037594475 -0.17612903
  vertex 0.018679356 -0.03635901 -0.17539959
  vertex 0.0021142547 -0.054645397 -0.17159674
 endloop
endfacet
facet normal 0.9703566 -0.0044222483 -0.2416374
 outer loop
  vertex 0.17652847 0.0032144561 -0.03554692
  vertex 0.1767335 -0.000112015754 -0.034662712
  vertex 0.17264803 -0.0055701835 -0.050969053
 endloop
endfacet
facet normal 0.97035706 -0.004426565 -0.24163511
 outer loop
  vertex 0.17234299 -0.00062056165 -0.05228471
  vertex 0.17652847 0.0032144561 -0.03554692
  vertex 0.17264803 -0.0055701835 -0.050969053
 endloop
endfacet
facet normal -0.96605986 -0.12030062 -0.22859608
 outer loop
  vertex -0.1717256 -0.021209672 -0.049967747
  vertex -0.17142056 -0.026159294 -0.04865209
  vertex -0.17590855 -0.021214161 -0.032288004
 endloop
endfacet
facet normal -0.96605927 -0.12030548 -0.22859594
 outer loop
  vertex -0.17611358 -0.01788769 -0.033172213
  vertex -0.1717256 -0.021209672 -0.049967747
  vertex -0.17590855 -0.021214161 -0.032288004
 endloop
endfacet
facet normal -0.040096767 -0.25898972 -0.9650475
 outer loop
  vertex 0.0010634052 -0.037594475 -0.17612903
  vertex 0.0021142547 -0.054645397 -0.17159674
  vertex -0.015516978 -0.05543672 -0.17065181
 endloop
endfacet
facet normal -0.040097103 -0.25898942 -0.96504754
 outer loop
  vertex -0.016562767 -0.038467903 -0.17516227
  vertex 0.0010634052 -0.037594475 -0.17612903
  vertex -0.015516978 -0.05543672 -0.17065181
 endloop
endfacet
facet normal 0.94269145 -0.030229384 -0.33229342
 outer loop
  vertex 0.17234299 -0.00062056165 -0.05228471
  vertex 0.17264803 -0.0055701835 -0.050969053
  vertex 0.16689986 -0.010974748 -0.06678451
 endloop
endfacet
facet normal 0.9426915 -0.03022972 -0.33229324
 outer loop
  vertex 0.16649772 -0.004449645 -0.06851895
  vertex 0.17234299 -0.00062056165 -0.05228471
  vertex 0.16689986 -0.010974748 -0.06678451
 endloop
endfacet
facet normal -0.9860645 -0.0967496 -0.1353378
 outer loop
  vertex -0.17611358 -0.01788769 -0.033172213
  vertex -0.17590855 -0.021214161 -0.032288004
  vertex -0.17870246 -0.016064733 -0.015612924
 endloop
endfacet
facet normal -0.98606503 -0.09674298 -0.13533854
 outer loop
  vertex -0.17880546 -0.014393452 -0.016057165
  vertex -0.17611358 -0.01788769 -0.033172213
  vertex -0.17870246 -0.016064733 -0.015612924
 endloop
endfacet
facet normal -0.13755715 -0.26235607 -0.9551164
 outer loop
  vertex -0.016562767 -0.038467903 -0.17516227
  vertex -0.015516978 -0.05543672 -0.17065181
  vertex -0.032998793 -0.0556942 -0.16806333
 endloop
endfacet
facet normal -0.13755645 -0.26235673 -0.95511633
 outer loop
  vertex -0.03402945 -0.038970914 -0.17250854
  vertex -0.016562767 -0.038467903 -0.17516227
  vertex -0.032998793 -0.0556942 -0.16806333
 endloop
endfacet
facet normal 0.9059361 -0.05573655 -0.41972995
 outer loop
  vertex 0.16649772 -0.004449645 -0.06851895
  vertex 0.16689986 -0.010974748 -0.06678451
  vertex 0.15954436 -0.016273651 -0.081956804
 endloop
endfacet
facet normal 0.9059361 -0.05573639 -0.41973007
 outer loop
  vertex 0.159049 -0.0082359025 -0.08409332
  vertex 0.16649772 -0.004449645 -0.06851895
  vertex 0.15954436 -0.016273651 -0.081956804
 endloop
endfacet
facet normal -0.23369713 -0.26320258 -0.93600756
 outer loop
  vertex -0.03402945 -0.038970914 -0.17250854
  vertex -0.032998793 -0.0556942 -0.16806333
  vertex -0.050162815 -0.055415332 -0.16385633
 endloop
endfacet
facet normal -0.23369749 -0.26320225 -0.9360075
 outer loop
  vertex -0.051168416 -0.03909862 -0.16819346
  vertex -0.03402945 -0.038970914 -0.17250854
  vertex -0.050162815 -0.055415332 -0.16385633
 endloop
endfacet
facet normal 0.8604501 -0.08070112 -0.50310344
 outer loop
  vertex 0.159049 -0.0082359025 -0.08409332
  vertex 0.15954436 -0.016273651 -0.081956804
  vertex 0.15065238 -0.02141587 -0.096339785
 endloop
endfacet
facet normal 0.8604499 -0.080700636 -0.5031038
 outer loop
  vertex 0.15006855 -0.01194289 -0.09885781
  vertex 0.159049 -0.0082359025 -0.08409332
  vertex 0.15065238 -0.02141587 -0.096339785
 endloop
endfacet
facet normal -0.3276029 -0.26151866 -0.9079011
 outer loop
  vertex -0.051168416 -0.03909862 -0.16819346
  vertex -0.050162815 -0.055415332 -0.16385633
  vertex -0.06684372 -0.054602817 -0.15807131
 endloop
endfacet
facet normal -0.32760233 -0.26151922 -0.90790105
 outer loop
  vertex -0.06781458 -0.03884982 -0.16225861
  vertex -0.051168416 -0.03909862 -0.16819346
  vertex -0.06684372 -0.054602817 -0.15807131
 endloop
endfacet
facet normal 0.8066776 -0.104882665 -0.5816107
 outer loop
  vertex 0.15006855 -0.01194289 -0.09885781
  vertex 0.15065238 -0.02141587 -0.096339785
  vertex 0.14030951 -0.026351837 -0.10979494
 endloop
endfacet
facet normal 0.80667746 -0.10488248 -0.58161074
 outer loop
  vertex 0.13964286 -0.015534848 -0.1126702
  vertex 0.15006855 -0.01194289 -0.09885781
  vertex 0.14030951 -0.026351837 -0.10979494
 endloop
endfacet
facet normal -0.4183772 -0.25732115 -0.8710605
 outer loop
  vertex -0.06781458 -0.03884982 -0.16225861
  vertex -0.06684372 -0.054602817 -0.15807131
  vertex -0.082880884 -0.053264458 -0.1507639
 endloop
endfacet
facet normal -0.41837737 -0.2573209 -0.8710605
 outer loop
  vertex -0.08380765 -0.03822689 -0.15476103
  vertex -0.06781458 -0.03884982 -0.16225861
  vertex -0.082880884 -0.053264458 -0.1507639
 endloop
endfacet
facet normal 0.7451444 -0.12804805 -0.6544949
 outer loop
  vertex 0.13964286 -0.015534848 -0.1126702
  vertex 0.14030951 -0.026351837 -0.10979494
  vertex 0.12861538 -0.031034056 -0.122192696
 endloop
endfacet
facet normal 0.7451444 -0.12804805 -0.6544948
 outer loop
  vertex 0.12787232 -0.018977236 -0.12539752
  vertex 0.13964286 -0.015534848 -0.1126702
  vertex 0.12861538 -0.031034056 -0.122192696
 endloop
endfacet
facet normal -0.50513875 -0.25064778 -0.82583934
 outer loop
  vertex -0.08380765 -0.03822689 -0.15476103
  vertex -0.082880884 -0.053264458 -0.1507639
  vertex -0.098119885 -0.051413182 -0.14200458
 endloop
endfacet
facet normal -0.5051392 -0.25064707 -0.82583916
 outer loop
  vertex -0.09899363 -0.037235864 -0.14577304
  vertex -0.08380765 -0.03822689 -0.15476103
  vertex -0.098119885 -0.051413182 -0.14200458
 endloop
endfacet
facet normal 0.67644805 -0.14997506 -0.7210586
 outer loop
  vertex 0.12787232 -0.018977236 -0.12539752
  vertex 0.12861538 -0.031034056 -0.122192696
  vertex 0.115682624 -0.03541744 -0.13341361
 endloop
endfacet
facet normal 0.6764486 -0.14997575 -0.721058
 outer loop
  vertex 0.11487031 -0.022236906 -0.13691714
  vertex 0.12787232 -0.018977236 -0.12539752
  vertex 0.115682624 -0.03541744 -0.13341361
 endloop
endfacet
facet normal -0.58706313 -0.24156083 -0.7726611
 outer loop
  vertex -0.09899363 -0.037235864 -0.14577304
  vertex -0.098119885 -0.051413182 -0.14200458
  vertex -0.112413935 -0.04906678 -0.13187762
 endloop
endfacet
facet normal -0.5870626 -0.24156155 -0.77266127
 outer loop
  vertex -0.11322625 -0.035886243 -0.13538113
  vertex -0.09899363 -0.037235864 -0.14577304
  vertex -0.112413935 -0.04906678 -0.13187762
 endloop
endfacet
facet normal 0.6012587 -0.17045316 -0.78066236
 outer loop
  vertex 0.11487031 -0.022236906 -0.13691714
  vertex 0.115682624 -0.03541744 -0.13341361
  vertex 0.101635784 -0.039459765 -0.14334974
 endloop
endfacet
facet normal 0.6012577 -0.17045203 -0.7806633
 outer loop
  vertex 0.10076204 -0.025282446 -0.1471182
  vertex 0.11487031 -0.022236906 -0.13691714
  vertex 0.101635784 -0.039459765 -0.14334974
 endloop
endfacet
facet normal -0.79964596 -0.14368595 -0.5830271
 outer loop
  vertex -0.13896677 -0.021119948 -0.11259775
  vertex -0.13829362 -0.032166604 -0.11079857
  vertex -0.14888695 -0.029832426 -0.096844636
 endloop
endfacet
facet normal -0.79964626 -0.14368531 -0.58302695
 outer loop
  vertex -0.14947645 -0.02015831 -0.09842026
  vertex -0.13896677 -0.021119948 -0.11259775
  vertex -0.14888695 -0.029832426 -0.096844636
 endloop
endfacet
facet normal 0.33871242 -0.13110913 -0.9317104
 outer loop
  vertex 0.0687992 -0.014528696 -0.16580532
  vertex 0.069779515 -0.030616157 -0.16318513
  vertex 0.053203646 -0.032852996 -0.16889633
 endloop
endfacet
facet normal 0.3387121 -0.13110884 -0.93171054
 outer loop
  vertex 0.052188247 -0.016189843 -0.17161028
  vertex 0.0687992 -0.014528696 -0.16580532
  vertex 0.053203646 -0.032852996 -0.16889633
 endloop
endfacet
facet normal -0.85438097 -0.13384242 -0.5021149
 outer loop
  vertex -0.14947645 -0.02015831 -0.09842026
  vertex -0.14888695 -0.029832426 -0.096844636
  vertex -0.15804641 -0.027210943 -0.081957996
 endloop
endfacet
facet normal -0.8543803 -0.13384439 -0.50211537
 outer loop
  vertex -0.15854661 -0.019002534 -0.08329491
  vertex -0.14947645 -0.02015831 -0.09842026
  vertex -0.15804641 -0.027210943 -0.081957996
 endloop
endfacet
facet normal 0.24513884 -0.14127818 -0.95913893
 outer loop
  vertex 0.052188247 -0.016189843 -0.17161028
  vertex 0.053203646 -0.032852996 -0.16889633
  vertex 0.03611542 -0.034773435 -0.1729809
 endloop
endfacet
facet normal 0.24513942 -0.1412787 -0.95913863
 outer loop
  vertex 0.03507472 -0.017695075 -0.17576249
  vertex 0.052188247 -0.016189843 -0.17161028
  vertex 0.03611542 -0.034773435 -0.1729809
 endloop
endfacet
facet normal -0.9008879 -0.12270896 -0.41634533
 outer loop
  vertex -0.15854661 -0.019002534 -0.08329491
  vertex -0.15804641 -0.027210943 -0.081957996
  vertex -0.16568382 -0.024327438 -0.06628202
 endloop
endfacet
facet normal -0.90088844 -0.12270695 -0.4163449
 outer loop
  vertex -0.16608988 -0.017663792 -0.06736733
  vertex -0.15854661 -0.019002534 -0.08329491
  vertex -0.16568382 -0.024327438 -0.06628202
 endloop
endfacet
facet normal 0.14922331 -0.15008906 -0.9773463
 outer loop
  vertex 0.03507472 -0.017695075 -0.17576249
  vertex 0.03611542 -0.034773435 -0.1729809
  vertex 0.018679356 -0.03635901 -0.17539959
 endloop
endfacet
facet normal 0.14922193 -0.15008783 -0.97734666
 outer loop
  vertex 0.017623374 -0.019029912 -0.17822199
  vertex 0.03507472 -0.017695075 -0.17576249
  vertex 0.018679356 -0.03635901 -0.17539959
 endloop
endfacet
facet normal 0.98779714 0.035497088 -0.15164696
 outer loop
  vertex 0.17890991 0.0087252725 -0.01874473
  vertex 0.17901392 0.0070185037 -0.018466745
  vertex 0.17652847 0.0032144561 -0.03554692
 endloop
endfacet
facet normal 0.9877974 0.035493944 -0.15164599
 outer loop
  vertex 0.17632146 0.0066115563 -0.036100212
  vertex 0.17890991 0.0087252725 -0.01874473
  vertex 0.17652847 0.0032144561 -0.03554692
 endloop
endfacet
facet normal -0.9387136 -0.11038608 -0.32654494
 outer loop
  vertex -0.16608988 -0.017663792 -0.06736733
  vertex -0.16568382 -0.024327438 -0.06628202
  vertex -0.1717256 -0.021209672 -0.049967747
 endloop
endfacet
facet normal -0.9387134 -0.1103877 -0.3265452
 outer loop
  vertex -0.17203362 -0.016154958 -0.050791014
  vertex -0.16608988 -0.017663792 -0.06736733
  vertex -0.1717256 -0.021209672 -0.049967747
 endloop
endfacet
facet normal 0.05187792 -0.1574555 -0.9861624
 outer loop
  vertex 0.017623374 -0.019029912 -0.17822199
  vertex 0.018679356 -0.03635901 -0.17539959
  vertex 0.0010634052 -0.037594475 -0.17612903
 endloop
endfacet
facet normal 0.05187932 -0.15745673 -0.9861622
 outer loop
  vertex 2.3144787e-06 -0.020181535 -0.1789651
  vertex 0.017623374 -0.019029912 -0.17822199
  vertex 0.0010634052 -0.037594475 -0.17612903
 endloop
endfacet
facet normal 0.9689292 0.018876074 -0.2466172
 outer loop
  vertex 0.17632146 0.0066115563 -0.036100212
  vertex 0.17652847 0.0032144561 -0.03554692
  vertex 0.17234299 -0.00062056165 -0.05228471
 endloop
endfacet
facet normal 0.968929 0.018877303 -0.24661767
 outer loop
  vertex 0.17203496 0.004434152 -0.053107977
  vertex 0.17632146 0.0066115563 -0.036100212
  vertex 0.17234299 -0.00062056165 -0.05228471
 endloop
endfacet
facet normal -0.9674875 -0.09699953 -0.23357874
 outer loop
  vertex -0.17203362 -0.016154958 -0.050791014
  vertex -0.1717256 -0.021209672 -0.049967747
  vertex -0.17611358 -0.01788769 -0.033172213
 endloop
endfacet
facet normal -0.96748763 -0.09699825 -0.23357867
 outer loop
  vertex -0.17632058 -0.0144905895 -0.0337255
  vertex -0.17203362 -0.016154958 -0.050791014
  vertex -0.17611358 -0.01788769 -0.033172213
 endloop
endfacet
facet normal -0.045960184 -0.16331148 -0.98550344
 outer loop
  vertex 2.3144787e-06 -0.020181535 -0.1789651
  vertex 0.0010634052 -0.037594475 -0.17612903
  vertex -0.016562767 -0.038467903 -0.17516227
 endloop
endfacet
facet normal -0.04596157 -0.16331026 -0.98550355
 outer loop
  vertex -0.01761875 -0.021138806 -0.17798467
  vertex 2.3144787e-06 -0.020181535 -0.1789651
  vertex -0.016562767 -0.038467903 -0.17516227
 endloop
endfacet
facet normal 0.94071174 0.0020786675 -0.3392008
 outer loop
  vertex 0.17203496 0.004434152 -0.053107977
  vertex 0.17234299 -0.00062056165 -0.05228471
  vertex 0.16649772 -0.004449645 -0.06851895
 endloop
endfacet
facet normal 0.94071186 0.002077961 -0.33920038
 outer loop
  vertex 0.16609167 0.0022140006 -0.069604255
  vertex 0.17203496 0.004434152 -0.053107977
  vertex 0.16649772 -0.004449645 -0.06851895
 endloop
endfacet
facet normal -0.9869273 -0.082672395 -0.13834685
 outer loop
  vertex -0.17632058 -0.0144905895 -0.0337255
  vertex -0.17611358 -0.01788769 -0.033172213
  vertex -0.17880546 -0.014393452 -0.016057165
 endloop
endfacet
facet normal -0.98692703 -0.082675986 -0.13834679
 outer loop
  vertex -0.17890947 -0.012686684 -0.01633515
  vertex -0.17632058 -0.0144905895 -0.0337255
  vertex -0.17880546 -0.014393452 -0.016057165
 endloop
endfacet
facet normal -0.1433635 -0.16759616 -0.9753761
 outer loop
  vertex -0.01761875 -0.021138806 -0.17798467
  vertex -0.016562767 -0.038467903 -0.17516227
  vertex -0.03402945 -0.038970914 -0.17250854
 endloop
endfacet
facet normal -0.14336216 -0.1675974 -0.97537607
 outer loop
  vertex -0.03507015 -0.021892553 -0.17529012
  vertex -0.01761875 -0.021138806 -0.17798467
  vertex -0.03402945 -0.038970914 -0.17250854
 endloop
endfacet
facet normal 0.90342367 -0.0147376815 -0.4284956
 outer loop
  vertex 0.16609167 0.0022140006 -0.069604255
  vertex 0.16649772 -0.004449645 -0.06851895
  vertex 0.159049 -0.0082359025 -0.08409332
 endloop
endfacet
facet normal 0.9034234 -0.014736889 -0.42849612
 outer loop
  vertex 0.1585488 -2.749823e-05 -0.08543023
  vertex 0.16609167 0.0022140006 -0.069604255
  vertex 0.159049 -0.0082359025 -0.08409332
 endloop
endfacet
facet normal -0.23939216 -0.1702731 -0.9558758
 outer loop
  vertex -0.03507015 -0.021892553 -0.17529012
  vertex -0.03402945 -0.038970914 -0.17250854
  vertex -0.051168416 -0.03909862 -0.16819346
 endloop
endfacet
facet normal -0.23939271 -0.17027254 -0.9558757
 outer loop
  vertex -0.052183814 -0.022435473 -0.17090741
  vertex -0.03507015 -0.021892553 -0.17529012
  vertex -0.051168416 -0.03909862 -0.16819346
 endloop
endfacet
facet normal 0.85742915 -0.03140757 -0.51364267
 outer loop
  vertex 0.1585488 -2.749823e-05 -0.08543023
  vertex 0.159049 -0.0082359025 -0.08409332
  vertex 0.15006855 -0.01194289 -0.09885781
 endloop
endfacet
facet normal 0.8574295 -0.031408478 -0.5136421
 outer loop
  vertex 0.14947905 -0.0022687707 -0.10043344
  vertex 0.1585488 -2.749823e-05 -0.08543023
  vertex 0.15006855 -0.01194289 -0.09885781
 endloop
endfacet
facet normal -0.33313015 -0.17131211 -0.9271874
 outer loop
  vertex -0.052183814 -0.022435473 -0.17090741
  vertex -0.051168416 -0.03909862 -0.16819346
  vertex -0.06781458 -0.03884982 -0.16225861
 endloop
endfacet
facet normal -0.33313003 -0.17131229 -0.9271874
 outer loop
  vertex -0.0687949 -0.022762353 -0.1648788
  vertex -0.052183814 -0.022435473 -0.17090741
  vertex -0.06781458 -0.03884982 -0.16225861
 endloop
endfacet
facet normal 0.80317783 -0.04777309 -0.5938208
 outer loop
  vertex 0.14947905 -0.0022687707 -0.10043344
  vertex 0.15006855 -0.01194289 -0.09885781
  vertex 0.13964286 -0.015534848 -0.1126702
 endloop
endfacet
facet normal 0.8031779 -0.047773294 -0.59382063
 outer loop
  vertex 0.13896972 -0.0044881916 -0.11446938
  vertex 0.14947905 -0.0022687707 -0.10043344
  vertex 0.13964286 -0.015534848 -0.1126702
 endloop
endfacet
facet normal -0.42368516 -0.17070507 -0.88957894
 outer loop
  vertex -0.0687949 -0.022762353 -0.1648788
  vertex -0.06781458 -0.03884982 -0.16225861
  vertex -0.08380765 -0.03822689 -0.15476103
 endloop
endfacet
facet normal -0.423686 -0.17070414 -0.88957864
 outer loop
  vertex -0.08474345 -0.022870043 -0.1572622
  vertex -0.0687949 -0.022762353 -0.1648788
  vertex -0.08380765 -0.03822689 -0.15476103
 endloop
endfacet
facet normal 0.74119955 -0.06367378 -0.668258
 outer loop
  vertex 0.13896972 -0.0044881916 -0.11446938
  vertex 0.13964286 -0.015534848 -0.1126702
  vertex 0.12787232 -0.018977236 -0.12539752
 endloop
endfacet
facet normal 0.7411998 -0.06367414 -0.6682577
 outer loop
  vertex 0.12712201 -0.0066644223 -0.12740293
  vertex 0.13896972 -0.0044881916 -0.11446938
  vertex 0.12787232 -0.018977236 -0.12539752
 endloop
endfacet
facet normal -0.51017594 -0.16845533 -0.84341174
 outer loop
  vertex -0.08474345 -0.022870043 -0.1572622
  vertex -0.08380765 -0.03822689 -0.15476103
  vertex -0.09899363 -0.037235864 -0.14577304
 endloop
endfacet
facet normal -0.5101744 -0.16845727 -0.8434122
 outer loop
  vertex -0.0998759 -0.022757526 -0.14813116
  vertex -0.08474345 -0.022870043 -0.1572622
  vertex -0.09899363 -0.037235864 -0.14577304
 endloop
endfacet
facet normal 0.67209655 -0.07895779 -0.7362417
 outer loop
  vertex 0.12712201 -0.0066644223 -0.12740293
  vertex 0.12787232 -0.018977236 -0.12539752
  vertex 0.11487031 -0.022236906 -0.13691714
 endloop
endfacet
facet normal 0.6720959 -0.07895691 -0.7362424
 outer loop
  vertex 0.114050075 -0.008776519 -0.13910945
  vertex 0.12712201 -0.0066644223 -0.12740293
  vertex 0.11487031 -0.022236906 -0.13691714
 endloop
endfacet
facet normal -0.59177965 -0.16458707 -0.78911847
 outer loop
  vertex -0.0998759 -0.022757526 -0.14813116
  vertex -0.09899363 -0.037235864 -0.14577304
  vertex -0.11322625 -0.035886243 -0.13538113
 endloop
endfacet
facet normal -0.59178007 -0.1645864 -0.78911823
 outer loop
  vertex -0.114046484 -0.022425855 -0.13757345
  vertex -0.0998759 -0.022757526 -0.14813116
  vertex -0.11322625 -0.035886243 -0.13538113
 endloop
endfacet
facet normal 0.59654063 -0.09347634 -0.7971208
 outer loop
  vertex 0.114050075 -0.008776519 -0.13910945
  vertex 0.11487031 -0.022236906 -0.13691714
  vertex 0.10076204 -0.025282446 -0.1471182
 endloop
endfacet
facet normal 0.5965415 -0.09347746 -0.7971199
 outer loop
  vertex 0.09987977 -0.010804111 -0.14947632
  vertex 0.114050075 -0.008776519 -0.13910945
  vertex 0.10076204 -0.025282446 -0.1471182
 endloop
endfacet
facet normal -0.66770416 -0.15913144 -0.7272196
 outer loop
  vertex -0.114046484 -0.022425855 -0.13757345
  vertex -0.11322625 -0.035886243 -0.13538113
  vertex -0.12636843 -0.03419104 -0.12368545
 endloop
endfacet
facet normal -0.66770464 -0.15913056 -0.72721934
 outer loop
  vertex -0.12711874 -0.021878224 -0.12569085
  vertex -0.114046484 -0.022425855 -0.13757345
  vertex -0.12636843 -0.03419104 -0.12368545
 endloop
endfacet
facet normal 0.51525986 -0.10709478 -0.8503164
 outer loop
  vertex 0.09987977 -0.010804111 -0.14947632
  vertex 0.10076204 -0.025282446 -0.1471182
  vertex 0.085683376 -0.028084537 -0.15590239
 endloop
endfacet
facet normal 0.5152584 -0.1070932 -0.8503174
 outer loop
  vertex 0.084747575 -0.012727691 -0.15840356
  vertex 0.09987977 -0.010804111 -0.14947632
  vertex 0.085683376 -0.028084537 -0.15590239
 endloop
endfacet
facet normal -0.7372182 -0.15214197 -0.6583025
 outer loop
  vertex -0.12711874 -0.021878224 -0.12569085
  vertex -0.12636843 -0.03419104 -0.12368545
  vertex -0.13829362 -0.032166604 -0.11079857
 endloop
endfacet
facet normal -0.73721814 -0.15214197 -0.65830255
 outer loop
  vertex -0.13896677 -0.021119948 -0.11259775
  vertex -0.12711874 -0.021878224 -0.12569085
  vertex -0.13829362 -0.032166604 -0.11079857
 endloop
endfacet
facet normal 0.4290396 -0.11967708 -0.8953225
 outer loop
  vertex 0.084747575 -0.012727691 -0.15840356
  vertex 0.085683376 -0.028084537 -0.15590239
  vertex 0.069779515 -0.030616157 -0.16318513
 endloop
endfacet
facet normal 0.42904067 -0.11967817 -0.89532185
 outer loop
  vertex 0.0687992 -0.014528696 -0.16580532
  vertex 0.084747575 -0.012727691 -0.15840356
  vertex 0.069779515 -0.030616157 -0.16318513
 endloop
endfacet
facet normal -0.90341294 -0.08104767 -0.42104203
 outer loop
  vertex -0.15904681 -0.01070252 -0.083819345
  vertex -0.15854661 -0.019002534 -0.08329491
  vertex -0.16608988 -0.017663792 -0.06736733
 endloop
endfacet
facet normal -0.90341264 -0.081048846 -0.42104244
 outer loop
  vertex -0.16649595 -0.010925779 -0.06779308
  vertex -0.15904681 -0.01070252 -0.083819345
  vertex -0.16608988 -0.017663792 -0.06736733
 endloop
endfacet
facet normal 0.14338692 -0.053798217 -0.9882034
 outer loop
  vertex 0.03403399 -0.0004261171 -0.17685363
  vertex 0.03507472 -0.017695075 -0.17576249
  vertex 0.017623374 -0.019029912 -0.17822199
 endloop
endfacet
facet normal 0.14338776 -0.053798977 -0.9882032
 outer loop
  vertex 0.016567372 -0.0015074166 -0.17932916
  vertex 0.03403399 -0.0004261171 -0.17685363
  vertex 0.017623374 -0.019029912 -0.17822199
 endloop
endfacet
facet normal 0.98693067 0.04979598 -0.15325856
 outer loop
  vertex 0.1788059 0.010451089 -0.018853774
  vertex 0.17890991 0.0087252725 -0.01874473
  vertex 0.17632146 0.0066115563 -0.036100212
 endloop
endfacet
facet normal 0.98693097 0.04979255 -0.15325782
 outer loop
  vertex 0.17611445 0.010046569 -0.036317255
  vertex 0.1788059 0.010451089 -0.018853774
  vertex 0.17632146 0.0066115563 -0.036100212
 endloop
endfacet
facet normal -0.94070274 -0.077559166 -0.3302467
 outer loop
  vertex -0.16649595 -0.010925779 -0.06779308
  vertex -0.16608988 -0.017663792 -0.06736733
  vertex -0.17203362 -0.016154958 -0.050791014
 endloop
endfacet
facet normal -0.9407029 -0.077558264 -0.3302465
 outer loop
  vertex -0.17234164 -0.011043834 -0.051113963
  vertex -0.16649595 -0.010925779 -0.06779308
  vertex -0.17203362 -0.016154958 -0.050791014
 endloop
endfacet
facet normal 0.04598755 -0.06023255 -0.9971245
 outer loop
  vertex 0.016567372 -0.0015074166 -0.17932916
  vertex 0.017623374 -0.019029912 -0.17822199
  vertex 2.3144787e-06 -0.020181535 -0.1789651
 endloop
endfacet
facet normal 0.0459871 -0.06023215 -0.99712455
 outer loop
  vertex -0.0010587986 -0.002574258 -0.18007763
  vertex 0.016567372 -0.0015074166 -0.17932916
  vertex 2.3144787e-06 -0.020181535 -0.1789651
 endloop
endfacet
facet normal 0.96749425 0.04255356 -0.2492872
 outer loop
  vertex 0.17611445 0.010046569 -0.036317255
  vertex 0.17632146 0.0066115563 -0.036100212
  vertex 0.17203496 0.004434152 -0.053107977
 endloop
endfacet
facet normal 0.96749413 0.04255471 -0.24928756
 outer loop
  vertex 0.17172694 0.009545276 -0.053430926
  vertex 0.17611445 0.010046569 -0.036317255
  vertex 0.17203496 0.004434152 -0.053107977
 endloop
endfacet
facet normal -0.96892256 -0.07331961 -0.23624846
 outer loop
  vertex -0.17234164 -0.011043834 -0.051113963
  vertex -0.17203362 -0.016154958 -0.050791014
  vertex -0.17632058 -0.0144905895 -0.0337255
 endloop
endfacet
facet normal -0.9689227 -0.07331864 -0.23624828
 outer loop
  vertex -0.17652759 -0.011055577 -0.033942547
  vertex -0.17234164 -0.011043834 -0.051113963
  vertex -0.17632058 -0.0144905895 -0.0337255
 endloop
endfacet
facet normal -0.051853195 -0.06608692 -0.9964657
 outer loop
  vertex -0.0010587986 -0.002574258 -0.18007763
  vertex 2.3144787e-06 -0.020181535 -0.1789651
  vertex -0.01761875 -0.021138806 -0.17798467
 endloop
endfacet
facet normal -0.051852755 -0.066087306 -0.9964656
 outer loop
  vertex -0.018674752 -0.0036163102 -0.17909184
  vertex -0.0010587986 -0.002574258 -0.18007763
  vertex -0.01761875 -0.021138806 -0.17798467
 endloop
endfacet
facet normal 0.93872255 0.03490568 -0.34290183
 outer loop
  vertex 0.17172694 0.009545276 -0.053430926
  vertex 0.17203496 0.004434152 -0.053107977
  vertex 0.16609167 0.0022140006 -0.069604255
 endloop
endfacet
facet normal 0.93872243 0.03490619 -0.342902
 outer loop
  vertex 0.1656856 0.008952012 -0.070030004
  vertex 0.17172694 0.009545276 -0.053430926
  vertex 0.16609167 0.0022140006 -0.069604255
 endloop
endfacet
facet normal -0.9877938 -0.06837177 -0.13995959
 outer loop
  vertex -0.17652759 -0.011055577 -0.033942547
  vertex -0.17632058 -0.0144905895 -0.0337255
  vertex -0.17890947 -0.012686684 -0.01633515
 endloop
endfacet
facet normal -0.98779356 -0.06837497 -0.13995987
 outer loop
  vertex -0.17901348 -0.010960869 -0.016444195
  vertex -0.17652759 -0.011055577 -0.033942547
  vertex -0.17890947 -0.012686684 -0.01633515
 endloop
endfacet
facet normal -0.14919738 -0.07130728 -0.9862329
 outer loop
  vertex -0.018674752 -0.0036163102 -0.17909184
  vertex -0.01761875 -0.021138806 -0.17798467
  vertex -0.03507015 -0.021892553 -0.17529012
 endloop
endfacet
facet normal -0.14919816 -0.07130658 -0.9862328
 outer loop
  vertex -0.036110878 -0.0046235956 -0.17638126
  vertex -0.018674752 -0.0036163102 -0.17909184
  vertex -0.03507015 -0.021892553 -0.17529012
 endloop
endfacet
facet normal 0.900899 0.026921604 -0.43319315
 outer loop
  vertex 0.1656856 0.008952012 -0.070030004
  vertex 0.16609167 0.0022140006 -0.069604255
  vertex 0.1585488 -2.749823e-05 -0.08543023
 endloop
endfacet
facet normal 0.900899 0.026921434 -0.43319306
 outer loop
  vertex 0.1580486 0.008272516 -0.085954666
  vertex 0.1656856 0.008952012 -0.070030004
  vertex 0.1585488 -2.749823e-05 -0.08543023
 endloop
endfacet
facet normal -0.24511515 -0.07584171 -0.96652293
 outer loop
  vertex -0.036110878 -0.0046235956 -0.17638126
  vertex -0.03507015 -0.021892553 -0.17529012
  vertex -0.052183814 -0.022435473 -0.17090741
 endloop
endfacet
facet normal -0.24511409 -0.075842746 -0.9665231
 outer loop
  vertex -0.05319924 -0.0055863596 -0.17197204
  vertex -0.036110878 -0.0046235956 -0.17638126
  vertex -0.052183814 -0.022435473 -0.17090741
 endloop
endfacet
facet normal 0.85439426 0.018678788 -0.5192895
 outer loop
  vertex 0.1580486 0.008272516 -0.085954666
  vertex 0.1585488 -2.749823e-05 -0.08543023
  vertex 0.14947905 -0.0022687707 -0.10043344
 endloop
endfacet
facet normal 0.8543937 0.018680416 -0.5192904
 outer loop
  vertex 0.14888951 0.00751331 -0.10105152
  vertex 0.1580486 0.008272516 -0.085954666
  vertex 0.14947905 -0.0022687707 -0.10043344
 endloop
endfacet
facet normal -0.3386847 -0.0796494 -0.93752265
 outer loop
  vertex -0.05319924 -0.0055863596 -0.17197204
  vertex -0.052183814 -0.022435473 -0.17090741
  vertex -0.0687949 -0.022762353 -0.1648788
 endloop
endfacet
facet normal -0.3386861 -0.07964798 -0.93752223
 outer loop
  vertex -0.06977524 -0.0064953477 -0.16590662
  vertex -0.05319924 -0.0055863596 -0.17197204
  vertex -0.0687949 -0.022762353 -0.1648788
 endloop
endfacet
facet normal 0.79966116 0.010259208 -0.6003638
 outer loop
  vertex 0.14888951 0.00751331 -0.10105152
  vertex 0.14947905 -0.0022687707 -0.10043344
  vertex 0.13896972 -0.0044881916 -0.11446938
 endloop
endfacet
facet normal 0.7996617 0.010257973 -0.60036314
 outer loop
  vertex 0.13829656 0.006681747 -0.11517515
  vertex 0.14888951 0.00751331 -0.10105152
  vertex 0.13896972 -0.0044881916 -0.11446938
 endloop
endfacet
facet normal -0.42901963 -0.0826897 -0.89950234
 outer loop
  vertex -0.06977524 -0.0064953477 -0.16590662
  vertex -0.0687949 -0.022762353 -0.1648788
  vertex -0.08474345 -0.022870043 -0.1572622
 endloop
endfacet
facet normal -0.42901924 -0.082690164 -0.8995025
 outer loop
  vertex -0.08567926 -0.0073418124 -0.15824336
  vertex -0.06977524 -0.0064953477 -0.16590662
  vertex -0.08474345 -0.022870043 -0.1572622
 endloop
endfacet
facet normal 0.7372358 0.0017399488 -0.6756333
 outer loop
  vertex 0.13829656 0.006681747 -0.11517515
  vertex 0.13896972 -0.0044881916 -0.11446938
  vertex 0.12712201 -0.0066644223 -0.12740293
 endloop
endfacet
facet normal 0.7372361 0.0017394499 -0.675633
 outer loop
  vertex 0.1263717 0.0057858033 -0.12818961
  vertex 0.13829656 0.006681747 -0.11517515
  vertex 0.12712201 -0.0066644223 -0.12740293
 endloop
endfacet
facet normal -0.5152357 -0.084936954 -0.8528293
 outer loop
  vertex -0.08567926 -0.0073418124 -0.15824336
  vertex -0.08474345 -0.022870043 -0.1572622
  vertex -0.0998759 -0.022757526 -0.14813116
 endloop
endfacet
facet normal -0.51523584 -0.08493677 -0.8528292
 outer loop
  vertex -0.10075818 -0.008117609 -0.14905618
  vertex -0.08567926 -0.0073418124 -0.15824336
  vertex -0.0998759 -0.022757526 -0.14813116
 endloop
endfacet
facet normal 0.6677229 -0.0067935474 -0.744379
 outer loop
  vertex 0.1263717 0.0057858033 -0.12818961
  vertex 0.12712201 -0.0066644223 -0.12740293
  vertex 0.114050075 -0.008776519 -0.13910945
 endloop
endfacet
facet normal 0.66772264 -0.0067931865 -0.74437916
 outer loop
  vertex 0.113229826 0.004834088 -0.13996944
  vertex 0.1263717 0.0057858033 -0.12818961
  vertex 0.114050075 -0.008776519 -0.13910945
 endloop
endfacet
facet normal -0.59652007 -0.08636709 -0.7979376
 outer loop
  vertex -0.10075818 -0.008117609 -0.14905618
  vertex -0.0998759 -0.022757526 -0.14813116
  vertex -0.114046484 -0.022425855 -0.13757345
 endloop
endfacet
facet normal -0.5965205 -0.08636661 -0.79793745
 outer loop
  vertex -0.11486673 -0.008815246 -0.13843343
  vertex -0.10075818 -0.008117609 -0.14905618
  vertex -0.114046484 -0.022425855 -0.13757345
 endloop
endfacet
facet normal 0.5918015 -0.015258357 -0.8059393
 outer loop
  vertex 0.113229826 0.004834088 -0.13996944
  vertex 0.114050075 -0.008776519 -0.13910945
  vertex 0.09987977 -0.010804111 -0.14947632
 endloop
endfacet
facet normal 0.59180117 -0.015257827 -0.8059396
 outer loop
  vertex 0.09899749 0.003835807 -0.15040134
  vertex 0.113229826 0.004834088 -0.13996944
  vertex 0.09987977 -0.010804111 -0.14947632
 endloop
endfacet
facet normal -0.67207766 -0.086965956 -0.73535603
 outer loop
  vertex -0.11486673 -0.008815246 -0.13843343
  vertex -0.114046484 -0.022425855 -0.13757345
  vertex -0.12711874 -0.021878224 -0.12569085
 endloop
endfacet
facet normal -0.672077 -0.08696708 -0.7353565
 outer loop
  vertex -0.12786905 -0.009427997 -0.12647752
  vertex -0.11486673 -0.008815246 -0.13843343
  vertex -0.12711874 -0.021878224 -0.12569085
 endloop
endfacet
facet normal 0.51019716 -0.023574771 -0.85973436
 outer loop
  vertex 0.09899749 0.003835807 -0.15040134
  vertex 0.09987977 -0.010804111 -0.14947632
  vertex 0.084747575 -0.012727691 -0.15840356
 endloop
endfacet
facet normal 0.5101974 -0.023575086 -0.8597342
 outer loop
  vertex 0.08381176 0.0028005391 -0.15938471
  vertex 0.09899749 0.003835807 -0.15040134
  vertex 0.084747575 -0.012727691 -0.15840356
 endloop
endfacet
facet normal -0.7411822 -0.08672902 -0.66567785
 outer loop
  vertex -0.12786905 -0.009427997 -0.12647752
  vertex -0.12711874 -0.021878224 -0.12569085
  vertex -0.13896677 -0.021119948 -0.11259775
 endloop
endfacet
facet normal -0.7411825 -0.08672836 -0.6656776
 outer loop
  vertex -0.13963993 -0.009950009 -0.11330352
  vertex -0.12786905 -0.009427997 -0.12647752
  vertex -0.13896677 -0.021119948 -0.11259775
 endloop
endfacet
facet normal 0.4237071 -0.031663112 -0.90524566
 outer loop
  vertex 0.08381176 0.0028005391 -0.15938471
  vertex 0.084747575 -0.012727691 -0.15840356
  vertex 0.0687992 -0.014528696 -0.16580532
 endloop
endfacet
facet normal 0.42370665 -0.031662606 -0.9052459
 outer loop
  vertex 0.06781886 0.0017383071 -0.16683315
  vertex 0.08381176 0.0028005391 -0.15938471
  vertex 0.0687992 -0.014528696 -0.16580532
 endloop
endfacet
facet normal -0.8031629 -0.08565476 -0.58956987
 outer loop
  vertex -0.13963993 -0.009950009 -0.11330352
  vertex -0.13896677 -0.021119948 -0.11259775
  vertex -0.14947645 -0.02015831 -0.09842026
 endloop
endfacet
facet normal -0.8031624 -0.08565579 -0.58957034
 outer loop
  vertex -0.15006599 -0.010376228 -0.09903834
  vertex -0.13963993 -0.009950009 -0.11330352
  vertex -0.14947645 -0.02015831 -0.09842026
 endloop
endfacet
facet normal 0.33315724 -0.039444797 -0.94204587
 outer loop
  vertex 0.06781886 0.0017383071 -0.16683315
  vertex 0.0687992 -0.014528696 -0.16580532
  vertex 0.052188247 -0.016189843 -0.17161028
 endloop
endfacet
facet normal 0.33315852 -0.03944603 -0.94204533
 outer loop
  vertex 0.051172823 0.00065927114 -0.17267491
  vertex 0.06781886 0.0017383071 -0.16683315
  vertex 0.052188247 -0.016189843 -0.17161028
 endloop
endfacet
facet normal -0.8574156 -0.083756536 -0.50776297
 outer loop
  vertex -0.15006599 -0.010376228 -0.09903834
  vertex -0.14947645 -0.02015831 -0.09842026
  vertex -0.15854661 -0.019002534 -0.08329491
 endloop
endfacet
facet normal -0.8574162 -0.08375503 -0.50776243
 outer loop
  vertex -0.15904681 -0.01070252 -0.083819345
  vertex -0.15006599 -0.010376228 -0.09903834
  vertex -0.15854661 -0.019002534 -0.08329491
 endloop
endfacet
facet normal 0.23941708 -0.046848252 -0.9697859
 outer loop
  vertex 0.051172823 0.00065927114 -0.17267491
  vertex 0.052188247 -0.016189843 -0.17161028
  vertex 0.03507472 -0.017695075 -0.17576249
 endloop
endfacet
facet normal 0.239416 -0.04684728 -0.9697862
 outer loop
  vertex 0.03403399 -0.0004261171 -0.17685363
  vertex 0.051172823 0.00065927114 -0.17267491
  vertex 0.03507472 -0.017695075 -0.17576249
 endloop
endfacet
facet normal 0.966066 0.06638276 -0.24961938
 outer loop
  vertex 0.17590943 0.013486413 -0.036195956
  vertex 0.17611445 0.010046569 -0.036317255
  vertex 0.17172694 0.009545276 -0.053430926
 endloop
endfacet
facet normal 0.9660659 0.06638361 -0.24961957
 outer loop
  vertex 0.17142187 0.014663588 -0.05325044
  vertex 0.17590943 0.013486413 -0.036195956
  vertex 0.17172694 0.009545276 -0.053430926
 endloop
endfacet
facet normal -0.9703505 -0.04949417 -0.23658007
 outer loop
  vertex -0.17264672 -0.0059255185 -0.050933477
  vertex -0.17234164 -0.011043834 -0.051113963
  vertex -0.17652759 -0.011055577 -0.033942547
 endloop
endfacet
facet normal -0.9703507 -0.04949334 -0.23657985
 outer loop
  vertex -0.17673261 -0.007615733 -0.033821248
  vertex -0.17264672 -0.0059255185 -0.050933477
  vertex -0.17652759 -0.011055577 -0.033942547
 endloop
endfacet
facet normal -0.05771627 0.03174678 -0.9978281
 outer loop
  vertex -0.002109715 0.015057781 -0.17945586
  vertex -0.0010587986 -0.002574258 -0.18007763
  vertex -0.018674752 -0.0036163102 -0.17909184
 endloop
endfacet
facet normal -0.057715308 0.03174592 -0.99782825
 outer loop
  vertex -0.019720608 0.013930828 -0.17847309
  vertex -0.002109715 0.015057781 -0.17945586
  vertex -0.018674752 -0.0036163102 -0.17909184
 endloop
endfacet
facet normal 0.9367425 0.06794147 -0.34336215
 outer loop
  vertex 0.17142187 0.014663588 -0.05325044
  vertex 0.17172694 0.009545276 -0.053430926
  vertex 0.1656856 0.008952012 -0.070030004
 endloop
endfacet
facet normal 0.9367427 0.06794006 -0.34336174
 outer loop
  vertex 0.16528343 0.015699502 -0.06979207
  vertex 0.17142187 0.014663588 -0.05325044
  vertex 0.1656856 0.008952012 -0.070030004
 endloop
endfacet
facet normal -0.98865604 -0.053984422 -0.14016028
 outer loop
  vertex -0.17673261 -0.007615733 -0.033821248
  vertex -0.17652759 -0.011055577 -0.033942547
  vertex -0.17901348 -0.010960869 -0.016444195
 endloop
endfacet
facet normal -0.9886566 -0.053977862 -0.14015909
 outer loop
  vertex -0.17911647 -0.009232625 -0.016383253
  vertex -0.17673261 -0.007615733 -0.033821248
  vertex -0.17901348 -0.010960869 -0.016444195
 endloop
endfacet
facet normal -0.15500541 0.025585875 -0.98758227
 outer loop
  vertex -0.019720608 0.013930828 -0.17847309
  vertex -0.018674752 -0.0036163102 -0.17909184
  vertex -0.036110878 -0.0046235956 -0.17638126
 endloop
endfacet
facet normal -0.15500526 0.025585746 -0.98758227
 outer loop
  vertex -0.0371416 0.012669655 -0.17577146
  vertex -0.019720608 0.013930828 -0.17847309
  vertex -0.036110878 -0.0046235956 -0.17638126
 endloop
endfacet
facet normal 0.89838654 0.06884223 -0.43377692
 outer loop
  vertex 0.16528343 0.015699502 -0.06979207
  vertex 0.1656856 0.008952012 -0.070030004
  vertex 0.1580486 0.008272516 -0.085954666
 endloop
endfacet
facet normal 0.8983867 0.068841234 -0.4337766
 outer loop
  vertex 0.15755321 0.0165842 -0.085661575
  vertex 0.16528343 0.015699502 -0.06979207
  vertex 0.1580486 0.008272516 -0.085954666
 endloop
endfacet
facet normal -0.25080916 0.019179668 -0.9678466
 outer loop
  vertex -0.0371416 0.012669655 -0.17577146
  vertex -0.036110878 -0.0046235956 -0.17638126
  vertex -0.05319924 -0.0055863596 -0.17197204
 endloop
endfacet
facet normal -0.25080904 0.019179568 -0.9678465
 outer loop
  vertex -0.054204904 0.011286451 -0.17137706
  vertex -0.0371416 0.012669655 -0.17577146
  vertex -0.05319924 -0.0055863596 -0.17197204
 endloop
endfacet
facet normal 0.85137314 0.06907937 -0.5199923
 outer loop
  vertex 0.15755321 0.0165842 -0.085661575
  vertex 0.1580486 0.008272516 -0.085954666
  vertex 0.14888951 0.00751331 -0.10105152
 endloop
endfacet
facet normal 0.8513728 0.06908015 -0.51999265
 outer loop
  vertex 0.14830565 0.017309148 -0.10070609
  vertex 0.15755321 0.0165842 -0.085661575
  vertex 0.14888951 0.00751331 -0.10105152
 endloop
endfacet
facet normal -0.34421414 0.012588372 -0.93880683
 outer loop
  vertex -0.054204904 0.011286451 -0.17137706
  vertex -0.05319924 -0.0055863596 -0.17197204
  vertex -0.06977524 -0.0064953477 -0.16590662
 endloop
endfacet
facet normal -0.34421286 0.012587093 -0.93880725
 outer loop
  vertex -0.07074616 0.009794535 -0.16533223
  vertex -0.054204904 0.011286451 -0.17137706
  vertex -0.06977524 -0.0064953477 -0.16590662
 endloop
endfacet
facet normal 0.79616195 0.068652175 -0.6011763
 outer loop
  vertex 0.14830565 0.017309148 -0.10070609
  vertex 0.14888951 0.00751331 -0.10105152
  vertex 0.13829656 0.006681747 -0.11517515
 endloop
endfacet
facet normal 0.7961618 0.06865269 -0.60117656
 outer loop
  vertex 0.13762987 0.017867396 -0.11478071
  vertex 0.14830565 0.017309148 -0.10070609
  vertex 0.13829656 0.006681747 -0.11517515
 endloop
endfacet
facet normal -0.4343272 0.005873603 -0.90073603
 outer loop
  vertex -0.07074616 0.009794535 -0.16533223
  vertex -0.06977524 -0.0064953477 -0.16590662
  vertex -0.08567926 -0.0073418124 -0.15824336
 endloop
endfacet
facet normal -0.4343284 0.0058748596 -0.90073544
 outer loop
  vertex -0.08660609 0.008208258 -0.15769503
  vertex -0.07074616 0.009794535 -0.16533223
  vertex -0.08567926 -0.0073418124 -0.15824336
 endloop
endfacet
facet normal 0.7332911 0.067563266 -0.6765497
 outer loop
  vertex 0.13762987 0.017867396 -0.11478071
  vertex 0.13829656 0.006681747 -0.11517515
  vertex 0.1263717 0.0057858033 -0.12818961
 endloop
endfacet
facet normal 0.7332913 0.067562714 -0.67654943
 outer loop
  vertex 0.12562859 0.01825354 -0.12774996
  vertex 0.13762987 0.017867396 -0.11478071
  vertex 0.1263717 0.0057858033 -0.12818961
 endloop
endfacet
facet normal -0.52027285 -0.00089570164 -0.8539997
 outer loop
  vertex -0.08660609 0.008208258 -0.15769503
  vertex -0.08567926 -0.0073418124 -0.15824336
  vertex -0.10075818 -0.008117609 -0.14905618
 endloop
endfacet
facet normal -0.520273 -0.0008954709 -0.8539995
 outer loop
  vertex -0.101631984 0.0065428973 -0.14853922
  vertex -0.08660609 0.008208258 -0.15769503
  vertex -0.10075818 -0.008117609 -0.14905618
 endloop
endfacet
facet normal 0.6633705 0.065822765 -0.7453905
 outer loop
  vertex 0.12562859 0.01825354 -0.12774996
  vertex 0.1263717 0.0057858033 -0.12818961
  vertex 0.113229826 0.004834088 -0.13996944
 endloop
endfacet
facet normal 0.6633701 0.065823354 -0.7453908
 outer loop
  vertex 0.11241745 0.018463839 -0.13948882
  vertex 0.12562859 0.01825354 -0.12774996
  vertex 0.113229826 0.004834088 -0.13996944
 endloop
endfacet
facet normal -0.6012377 -0.0076594064 -0.7990335
 outer loop
  vertex -0.101631984 0.0065428973 -0.14853922
  vertex -0.10075818 -0.008117609 -0.14905618
  vertex -0.11486673 -0.008815246 -0.13843343
 endloop
endfacet
facet normal -0.601237 -0.007660298 -0.799034
 outer loop
  vertex -0.11567911 0.0048145032 -0.13795282
  vertex -0.101631984 0.0065428973 -0.14853922
  vertex -0.11486673 -0.008815246 -0.13843343
 endloop
endfacet
facet normal 0.5870839 0.06345023 -0.8070357
 outer loop
  vertex 0.11241745 0.018463839 -0.13948882
  vertex 0.113229826 0.004834088 -0.13996944
  vertex 0.09899749 0.003835807 -0.15040134
 endloop
endfacet
facet normal 0.5870842 0.06344982 -0.80703557
 outer loop
  vertex 0.098123685 0.018496314 -0.14988437
  vertex 0.11241745 0.018463839 -0.13948882
  vertex 0.09899749 0.003835807 -0.15040134
 endloop
endfacet
facet normal -0.6764291 -0.014351681 -0.73636794
 outer loop
  vertex -0.11567911 0.0048145032 -0.13795282
  vertex -0.11486673 -0.008815246 -0.13843343
  vertex -0.12786905 -0.009427997 -0.12647752
 endloop
endfacet
facet normal -0.67642975 -0.014350619 -0.7363673
 outer loop
  vertex -0.12861216 0.00303974 -0.12603788
  vertex -0.11567911 0.0048145032 -0.13795282
  vertex -0.12786905 -0.009427997 -0.12647752
 endloop
endfacet
facet normal 0.5051604 0.060466506 -0.86090463
 outer loop
  vertex 0.098123685 0.018496314 -0.14988437
  vertex 0.09899749 0.003835807 -0.15040134
  vertex 0.08381176 0.0028005391 -0.15938471
 endloop
endfacet
facet normal 0.5051609 0.06046577 -0.86090434
 outer loop
  vertex 0.08288493 0.018350609 -0.1588364
  vertex 0.098123685 0.018496314 -0.14988437
  vertex 0.08381176 0.0028005391 -0.15938471
 endloop
endfacet
facet normal -0.74512756 -0.020905532 -0.66659427
 outer loop
  vertex -0.12861216 0.00303974 -0.12603788
  vertex -0.12786905 -0.009427997 -0.12647752
  vertex -0.13963993 -0.009950009 -0.11330352
 endloop
endfacet
facet normal -0.7451277 -0.02090531 -0.6665941
 outer loop
  vertex -0.14030662 0.0012356397 -0.11290908
  vertex -0.12861216 0.00303974 -0.12603788
  vertex -0.13963993 -0.009950009 -0.11330352
 endloop
endfacet
facet normal 0.4183987 0.056901574 -0.9064793
 outer loop
  vertex 0.08288493 0.018350609 -0.1588364
  vertex 0.08381176 0.0028005391 -0.15938471
  vertex 0.06781886 0.0017383071 -0.16683315
 endloop
endfacet
facet normal 0.4183992 0.05690102 -0.90647906
 outer loop
  vertex 0.066847935 0.018028185 -0.16625875
  vertex 0.08288493 0.018350609 -0.1588364
  vertex 0.06781886 0.0017383071 -0.16683315
 endloop
endfacet
facet normal -0.8066623 -0.027260322 -0.5903836
 outer loop
  vertex -0.14030662 0.0012356397 -0.11290908
  vertex -0.13963993 -0.009950009 -0.11330352
  vertex -0.15006599 -0.010376228 -0.09903834
 endloop
endfacet
facet normal -0.80666214 -0.02726082 -0.5903839
 outer loop
  vertex -0.15064985 -0.0005803909 -0.09869292
  vertex -0.14030662 0.0012356397 -0.11290908
  vertex -0.15006599 -0.010376228 -0.09903834
 endloop
endfacet
facet normal 0.32763037 0.05279031 -0.94333
 outer loop
  vertex 0.066847935 0.018028185 -0.16625875
  vertex 0.06781886 0.0017383071 -0.16683315
  vertex 0.051172823 0.00065927114 -0.17267491
 endloop
endfacet
facet normal 0.32762837 0.052792314 -0.9433305
 outer loop
  vertex 0.05016716 0.017532088 -0.17207992
  vertex 0.066847935 0.018028185 -0.16625875
  vertex 0.051172823 0.00065927114 -0.17267491
 endloop
endfacet
facet normal -0.8604368 -0.03335464 -0.50846434
 outer loop
  vertex -0.15064985 -0.0005803909 -0.09869292
  vertex -0.15006599 -0.010376228 -0.09903834
  vertex -0.15904681 -0.01070252 -0.083819345
 endloop
endfacet
facet normal -0.860437 -0.0333541 -0.50846404
 outer loop
  vertex -0.1595422 -0.0023908298 -0.08352626
  vertex -0.15064985 -0.0005803909 -0.09869292
  vertex -0.15904681 -0.01070252 -0.083819345
 endloop
endfacet
facet normal 0.23372097 0.04817476 -0.97110957
 outer loop
  vertex 0.05016716 0.017532088 -0.17207992
  vertex 0.051172823 0.00065927114 -0.17267491
  vertex 0.03403399 -0.0004261171 -0.17685363
 endloop
endfacet
facet normal 0.2337218 0.048173986 -0.9711094
 outer loop
  vertex 0.03300327 0.016867133 -0.17624383
  vertex 0.05016716 0.017532088 -0.17207992
  vertex 0.03403399 -0.0004261171 -0.17685363
 endloop
endfacet
facet normal -0.90592515 -0.03912727 -0.42162624
 outer loop
  vertex -0.1595422 -0.0023908298 -0.08352626
  vertex -0.15904681 -0.01070252 -0.083819345
  vertex -0.16649595 -0.010925779 -0.06779308
 endloop
endfacet
facet normal -0.90592504 -0.03912776 -0.42162648
 outer loop
  vertex -0.16689812 -0.00417829 -0.067555144
  vertex -0.1595422 -0.0023908298 -0.08352626
  vertex -0.16649595 -0.010925779 -0.06779308
 endloop
endfacet
facet normal 0.1375807 0.04309408 -0.9895527
 outer loop
  vertex 0.03300327 0.016867133 -0.17624383
  vertex 0.03403399 -0.0004261171 -0.17685363
  vertex 0.016567372 -0.0015074166 -0.17932916
 endloop
endfacet
facet normal 0.1375805 0.043094262 -0.98955274
 outer loop
  vertex 0.015521515 0.016039722 -0.1787104
  vertex 0.03300327 0.016867133 -0.17624383
  vertex 0.016567372 -0.0015074166 -0.17932916
 endloop
endfacet
facet normal 0.98606896 0.06417716 -0.15345818
 outer loop
  vertex 0.1787029 0.012179332 -0.018792834
  vertex 0.1788059 0.010451089 -0.018853774
  vertex 0.17611445 0.010046569 -0.036317255
 endloop
endfacet
facet normal 0.9860683 0.06418407 -0.15345892
 outer loop
  vertex 0.17590943 0.013486413 -0.036195956
  vertex 0.1787029 0.012179332 -0.018792834
  vertex 0.17611445 0.010046569 -0.036317255
 endloop
endfacet
facet normal -0.94268274 -0.04452469 -0.33070657
 outer loop
  vertex -0.16689812 -0.00417829 -0.067555144
  vertex -0.16649595 -0.010925779 -0.06779308
  vertex -0.17234164 -0.011043834 -0.051113963
 endloop
endfacet
facet normal -0.9426825 -0.044525865 -0.33070695
 outer loop
  vertex -0.17264672 -0.0059255185 -0.050933477
  vertex -0.16689812 -0.00417829 -0.067555144
  vertex -0.17234164 -0.011043834 -0.051113963
 endloop
endfacet
facet normal 0.040123526 0.03760061 -0.998487
 outer loop
  vertex 0.015521515 0.016039722 -0.1787104
  vertex 0.016567372 -0.0015074166 -0.17932916
  vertex -0.0010587986 -0.002574258 -0.18007763
 endloop
endfacet
facet normal 0.04012256 0.03760148 -0.99848706
 outer loop
  vertex -0.002109715 0.015057781 -0.17945586
  vertex 0.015521515 0.016039722 -0.1787104
  vertex -0.0010587986 -0.002574258 -0.18007763
 endloop
endfacet
facet normal 0.8959104 0.11062133 -0.43024114
 outer loop
  vertex 0.16488902 0.022391485 -0.06889275
  vertex 0.16528343 0.015699502 -0.06979207
  vertex 0.15755321 0.0165842 -0.085661575
 endloop
endfacet
facet normal 0.8959107 0.110620104 -0.43024087
 outer loop
  vertex 0.15706739 0.024827516 -0.08455377
  vertex 0.16488902 0.022391485 -0.06889275
  vertex 0.15755321 0.0165842 -0.085661575
 endloop
endfacet
facet normal -0.25642177 0.11387664 -0.9598333
 outer loop
  vertex -0.038152397 0.029820647 -0.1734666
  vertex -0.0371416 0.012669655 -0.17577146
  vertex -0.054204904 0.011286451 -0.17137706
 endloop
endfacet
facet normal -0.25642228 0.11387711 -0.9598331
 outer loop
  vertex -0.055191122 0.028020468 -0.16912822
  vertex -0.038152397 0.029820647 -0.1734666
  vertex -0.054204904 0.011286451 -0.17137706
 endloop
endfacet
facet normal 0.8483956 0.119310156 -0.5157422
 outer loop
  vertex 0.15706739 0.024827516 -0.08455377
  vertex 0.15755321 0.0165842 -0.085661575
  vertex 0.14830565 0.017309148 -0.10070609
 endloop
endfacet
facet normal 0.84839624 0.11930815 -0.51574165
 outer loop
  vertex 0.14773309 0.027024403 -0.0994005
  vertex 0.15706739 0.024827516 -0.08455377
  vertex 0.14830565 0.017309148 -0.10070609
 endloop
endfacet
facet normal -0.34966126 0.10451113 -0.93102866
 outer loop
  vertex -0.055191122 0.028020468 -0.16912822
  vertex -0.054204904 0.011286451 -0.17137706
  vertex -0.07074616 0.009794535 -0.16533223
 endloop
endfacet
facet normal -0.34966117 0.10451108 -0.9310288
 outer loop
  vertex -0.07169831 0.025950417 -0.16316108
  vertex -0.055191122 0.028020468 -0.16912822
  vertex -0.07074616 0.009794535 -0.16533223
 endloop
endfacet
facet normal 0.7927126 0.126846 -0.5962522
 outer loop
  vertex 0.14773309 0.027024403 -0.0994005
  vertex 0.14830565 0.017309148 -0.10070609
  vertex 0.13762987 0.017867396 -0.11478071
 endloop
endfacet
facet normal 0.7927119 0.12684773 -0.59625274
 outer loop
  vertex 0.13697605 0.028961029 -0.11328988
  vertex 0.14773309 0.027024403 -0.0994005
  vertex 0.13762987 0.017867396 -0.11478071
 endloop
endfacet
facet normal -0.43955976 0.09413815 -0.8932666
 outer loop
  vertex -0.07169831 0.025950417 -0.16316108
  vertex -0.07074616 0.009794535 -0.16533223
  vertex -0.08660609 0.008208258 -0.15769503
 endloop
endfacet
facet normal -0.4395599 0.094138294 -0.89326656
 outer loop
  vertex -0.087515 0.023630414 -0.15562248
  vertex -0.07169831 0.025950417 -0.16316108
  vertex -0.08660609 0.008208258 -0.15769503
 endloop
endfacet
facet normal 0.72940326 0.1331613 -0.67099845
 outer loop
  vertex 0.13697605 0.028961029 -0.11328988
  vertex 0.13762987 0.017867396 -0.11478071
  vertex 0.12562859 0.01825354 -0.12774996
 endloop
endfacet
facet normal 0.7294033 0.1331612 -0.67099845
 outer loop
  vertex 0.12489984 0.030618716 -0.12608825
  vertex 0.13697605 0.028961029 -0.11328988
  vertex 0.12562859 0.01825354 -0.12774996
 endloop
endfacet
facet normal -0.52523726 0.08285948 -0.8469122
 outer loop
  vertex -0.087515 0.023630414 -0.15562248
  vertex -0.08660609 0.008208258 -0.15769503
  vertex -0.101631984 0.0065428973 -0.14853922
 endloop
endfacet
facet normal -0.52523685 0.082858995 -0.84691244
 outer loop
  vertex -0.1024889 0.02108281 -0.14658524
  vertex -0.087515 0.023630414 -0.15562248
  vertex -0.101631984 0.0065428973 -0.14853922
 endloop
endfacet
facet normal 0.65908074 0.13819113 -0.73926705
 outer loop
  vertex 0.12489984 0.030618716 -0.12608825
  vertex 0.12562859 0.01825354 -0.12774996
  vertex 0.11241745 0.018463839 -0.13948882
 endloop
endfacet
facet normal 0.6590812 0.13819033 -0.73926675
 outer loop
  vertex 0.11162079 0.03198147 -0.13767223
  vertex 0.12489984 0.030618716 -0.12608825
  vertex 0.11241745 0.018463839 -0.13948882
 endloop
endfacet
facet normal -0.6058862 0.07077968 -0.79239655
 outer loop
  vertex -0.1024889 0.02108281 -0.14658524
  vertex -0.101631984 0.0065428973 -0.14853922
  vertex -0.11567911 0.0048145032 -0.13795282
 endloop
endfacet
facet normal -0.605886 0.070779435 -0.79239666
 outer loop
  vertex -0.11647577 0.018332137 -0.13613623
  vertex -0.1024889 0.02108281 -0.14658524
  vertex -0.11567911 0.0048145032 -0.13795282
 endloop
endfacet
facet normal 0.582435 0.1418884 -0.80039805
 outer loop
  vertex 0.11162079 0.03198147 -0.13767223
  vertex 0.11241745 0.018463839 -0.13948882
  vertex 0.098123685 0.018496314 -0.14988437
 endloop
endfacet
facet normal 0.58243465 0.14188904 -0.80039823
 outer loop
  vertex 0.09726677 0.033036225 -0.1479304
  vertex 0.11162079 0.03198147 -0.13767223
  vertex 0.098123685 0.018496314 -0.14988437
 endloop
endfacet
facet normal -0.68071896 0.05801667 -0.7302436
 outer loop
  vertex -0.11647577 0.018332137 -0.13613623
  vertex -0.11567911 0.0048145032 -0.13795282
  vertex -0.12861216 0.00303974 -0.12603788
 endloop
endfacet
facet normal -0.6807189 0.05801663 -0.7302437
 outer loop
  vertex -0.1293409 0.0154049145 -0.12437617
  vertex -0.11647577 0.018332137 -0.13613623
  vertex -0.12861216 0.00303974 -0.12603788
 endloop
endfacet
facet normal 0.5001967 0.1442211 -0.85381705
 outer loop
  vertex 0.09726677 0.033036225 -0.1479304
  vertex 0.098123685 0.018496314 -0.14988437
  vertex 0.08288493 0.018350609 -0.1588364
 endloop
endfacet
facet normal 0.5001966 0.14422125 -0.8538171
 outer loop
  vertex 0.08197603 0.033772767 -0.15676385
  vertex 0.09726677 0.033036225 -0.1479304
  vertex 0.08288493 0.018350609 -0.1588364
 endloop
endfacet
facet normal -0.7490157 0.04469195 -0.6610432
 outer loop
  vertex -0.1293409 0.0154049145 -0.12437617
  vertex -0.12861216 0.00303974 -0.12603788
  vertex -0.14030662 0.0012356397 -0.11290908
 endloop
endfacet
facet normal -0.7490151 0.044690922 -0.66104394
 outer loop
  vertex -0.14096044 0.012329273 -0.11141825
  vertex -0.1293409 0.0154049145 -0.12437617
  vertex -0.14030662 0.0012356397 -0.11290908
 endloop
endfacet
facet normal 0.41316783 0.1451656 -0.8990102
 outer loop
  vertex 0.08197603 0.033772767 -0.15676385
  vertex 0.08288493 0.018350609 -0.1588364
  vertex 0.066847935 0.018028185 -0.16625875
 endloop
endfacet
facet normal 0.4131679 0.1451655 -0.8990101
 outer loop
  vertex 0.06589579 0.03418407 -0.16408761
  vertex 0.08197603 0.033772767 -0.15676385
  vertex 0.066847935 0.018028185 -0.16625875
 endloop
endfacet
facet normal -0.8101113 0.030932685 -0.58545953
 outer loop
  vertex -0.14096044 0.012329273 -0.11141825
  vertex -0.14030662 0.0012356397 -0.11290908
  vertex -0.15064985 -0.0005803909 -0.09869292
 endloop
endfacet
facet normal -0.81011194 0.030934023 -0.5854586
 outer loop
  vertex -0.15122241 0.009134865 -0.09738732
  vertex -0.14096044 0.012329273 -0.11141825
  vertex -0.15064985 -0.0005803909 -0.09869292
 endloop
endfacet
facet normal 0.3221801 0.14471391 -0.9355521
 outer loop
  vertex 0.06589579 0.03418407 -0.16408761
  vertex 0.066847935 0.018028185 -0.16625875
  vertex 0.05016716 0.017532088 -0.17207992
 endloop
endfacet
facet normal 0.3221801 0.14471395 -0.9355521
 outer loop
  vertex 0.04918094 0.034266107 -0.16983108
  vertex 0.06589579 0.03418407 -0.16408761
  vertex 0.05016716 0.017532088 -0.17207992
 endloop
endfacet
facet normal -0.863414 0.016874565 -0.50421375
 outer loop
  vertex -0.15122241 0.009134865 -0.09738732
  vertex -0.15064985 -0.0005803909 -0.09869292
  vertex -0.1595422 -0.0023908298 -0.08352626
 endloop
endfacet
facet normal -0.863414 0.01687436 -0.50421387
 outer loop
  vertex -0.16002803 0.005852486 -0.082418464
  vertex -0.15122241 0.009134865 -0.09738732
  vertex -0.1595422 -0.0023908298 -0.08352626
 endloop
endfacet
facet normal 0.22810906 0.14287141 -0.963096
 outer loop
  vertex 0.04918094 0.034266107 -0.16983108
  vertex 0.05016716 0.017532088 -0.17207992
  vertex 0.03300327 0.016867133 -0.17624383
 endloop
endfacet
facet normal 0.22810942 0.1428711 -0.9630961
 outer loop
  vertex 0.031992473 0.034018125 -0.17393896
  vertex 0.04918094 0.034266107 -0.16983108
  vertex 0.03300327 0.016867133 -0.17624383
 endloop
endfacet
facet normal -0.90840113 0.00264924 -0.41809127
 outer loop
  vertex -0.16002803 0.005852486 -0.082418464
  vertex -0.1595422 -0.0023908298 -0.08352626
  vertex -0.16689812 -0.00417829 -0.067555144
 endloop
endfacet
facet normal -0.90840095 0.0026482781 -0.41809186
 outer loop
  vertex -0.16729252 0.0025136955 -0.06665582
  vertex -0.16002803 0.005852486 -0.082418464
  vertex -0.16689812 -0.00417829 -0.067555144
 endloop
endfacet
facet normal 0.13185734 0.13965575 -0.9813816
 outer loop
  vertex 0.031992473 0.034018125 -0.17393896
  vertex 0.03300327 0.016867133 -0.17624383
  vertex 0.015521515 0.016039722 -0.1787104
 endloop
endfacet
facet normal 0.13185641 0.13965665 -0.98138165
 outer loop
  vertex 0.014495879 0.033442516 -0.17637168
  vertex 0.031992473 0.034018125 -0.17393896
  vertex 0.015521515 0.016039722 -0.1787104
 endloop
endfacet
facet normal 0.9852185 0.0785229 -0.15224558
 outer loop
  vertex 0.17860189 0.013893359 -0.018562492
  vertex 0.1787029 0.012179332 -0.018792834
  vertex 0.17590943 0.013486413 -0.036195956
 endloop
endfacet
facet normal 0.98521835 0.07852403 -0.15224558
 outer loop
  vertex 0.17570837 0.016897961 -0.035737492
  vertex 0.17860189 0.013893359 -0.018562492
  vertex 0.17590943 0.013486413 -0.036195956
 endloop
endfacet
facet normal -0.9446338 -0.011604983 -0.32792124
 outer loop
  vertex -0.16729252 0.0025136955 -0.06665582
  vertex -0.16689812 -0.00417829 -0.067555144
  vertex -0.17264672 -0.0059255185 -0.050933477
 endloop
endfacet
facet normal -0.9446344 -0.011601985 -0.32791984
 outer loop
  vertex -0.17294587 -0.00084930845 -0.0502513
  vertex -0.16729252 0.0025136955 -0.06665582
  vertex -0.17264672 -0.0059255185 -0.050933477
 endloop
endfacet
facet normal 0.03434373 0.13509974 -0.99023664
 outer loop
  vertex 0.014495879 0.033442516 -0.17637168
  vertex 0.015521515 0.016039722 -0.1787104
  vertex -0.002109715 0.015057781 -0.17945586
 endloop
endfacet
facet normal 0.034344975 0.13509859 -0.9902367
 outer loop
  vertex -0.0031403138 0.03254478 -0.17710584
  vertex 0.014495879 0.033442516 -0.17637168
  vertex -0.002109715 0.015057781 -0.17945586
 endloop
endfacet
facet normal 0.96465856 0.09012799 -0.24761032
 outer loop
  vertex 0.17570837 0.016897961 -0.035737492
  vertex 0.17590943 0.013486413 -0.036195956
  vertex 0.17142187 0.014663588 -0.05325044
 endloop
endfacet
facet normal 0.9646588 0.09012559 -0.24761008
 outer loop
  vertex 0.17112271 0.0197398 -0.052568264
  vertex 0.17570837 0.016897961 -0.035737492
  vertex 0.17142187 0.014663588 -0.05325044
 endloop
endfacet
facet normal -0.9717582 -0.025745386 -0.23457028
 outer loop
  vertex -0.17294587 -0.00084930845 -0.0502513
  vertex -0.17264672 -0.0059255185 -0.050933477
  vertex -0.17673261 -0.007615733 -0.033821248
 endloop
endfacet
facet normal -0.9717579 -0.025747761 -0.23457117
 outer loop
  vertex -0.17693368 -0.0042041866 -0.03336278
  vertex -0.17294587 -0.00084930845 -0.0502513
  vertex -0.17673261 -0.007615733 -0.033821248
 endloop
endfacet
facet normal -0.063493975 0.12924393 -0.989578
 outer loop
  vertex -0.0031403138 0.03254478 -0.17710584
  vertex -0.002109715 0.015057781 -0.17945586
  vertex -0.019720608 0.013930828 -0.17847309
 endloop
endfacet
facet normal -0.06349522 0.12924503 -0.9895778
 outer loop
  vertex -0.020746244 0.03133362 -0.17613436
  vertex -0.0031403138 0.03254478 -0.17710584
  vertex -0.019720608 0.013930828 -0.17847309
 endloop
endfacet
facet normal 0.9347916 0.10085886 -0.34057617
 outer loop
  vertex 0.17112271 0.0197398 -0.052568264
  vertex 0.17142187 0.014663588 -0.05325044
  vertex 0.16528343 0.015699502 -0.06979207
 endloop
endfacet
facet normal 0.9347909 0.100863025 -0.34057686
 outer loop
  vertex 0.16488902 0.022391485 -0.06889275
  vertex 0.17112271 0.0197398 -0.052568264
  vertex 0.16528343 0.015699502 -0.06979207
 endloop
endfacet
facet normal -0.98950607 -0.039644517 -0.13894618
 outer loop
  vertex -0.17693368 -0.0042041866 -0.03336278
  vertex -0.17673261 -0.007615733 -0.033821248
  vertex -0.17911647 -0.009232625 -0.016383253
 endloop
endfacet
facet normal -0.9895062 -0.03964342 -0.13894589
 outer loop
  vertex -0.17921749 -0.0075185993 -0.01615291
  vertex -0.17693368 -0.0042041866 -0.03336278
  vertex -0.17911647 -0.009232625 -0.016383253
 endloop
endfacet
facet normal -0.16072863 0.1221483 -0.9794111
 outer loop
  vertex -0.020746244 0.03133362 -0.17613436
  vertex -0.019720608 0.013930828 -0.17847309
  vertex -0.0371416 0.012669655 -0.17577146
 endloop
endfacet
facet normal -0.16072765 0.12214743 -0.97941136
 outer loop
  vertex -0.038152397 0.029820647 -0.1734666
  vertex -0.020746244 0.03133362 -0.17613436
  vertex -0.0371416 0.012669655 -0.17577146
 endloop
endfacet
facet normal 0.78934664 0.18428165 -0.5856383
 outer loop
  vertex 0.14717732 0.03656552 -0.0971473
  vertex 0.14773309 0.027024403 -0.0994005
  vertex 0.13697605 0.028961029 -0.11328988
 endloop
endfacet
facet normal 0.78934646 0.18428198 -0.5856383
 outer loop
  vertex 0.13634144 0.039855815 -0.11071698
  vertex 0.14717732 0.03656552 -0.0971473
  vertex 0.13697605 0.028961029 -0.11328988
 endloop
endfacet
facet normal -0.4446641 0.18124886 -0.8771674
 outer loop
  vertex -0.072622515 0.041816704 -0.15941413
  vertex -0.07169831 0.025950417 -0.16316108
  vertex -0.087515 0.023630414 -0.15562248
 endloop
endfacet
facet normal -0.44466394 0.18124868 -0.87716764
 outer loop
  vertex -0.088397235 0.03877613 -0.1520457
  vertex -0.072622515 0.041816704 -0.15941413
  vertex -0.087515 0.023630414 -0.15562248
 endloop
endfacet
facet normal 0.7256098 0.19790229 -0.65903354
 outer loop
  vertex 0.13634144 0.039855815 -0.11071698
  vertex 0.13697605 0.028961029 -0.11328988
  vertex 0.12489984 0.030618716 -0.12608825
 endloop
endfacet
facet normal 0.7256093 0.1979032 -0.6590337
 outer loop
  vertex 0.12419248 0.04276225 -0.123220444
  vertex 0.13634144 0.039855815 -0.11071698
  vertex 0.12489984 0.030618716 -0.12608825
 endloop
endfacet
facet normal -0.53008044 0.1655204 -0.8316356
 outer loop
  vertex -0.088397235 0.03877613 -0.1520457
  vertex -0.087515 0.023630414 -0.15562248
  vertex -0.1024889 0.02108281 -0.14658524
 endloop
endfacet
facet normal -0.53008026 0.1655203 -0.83163565
 outer loop
  vertex -0.10332066 0.03536209 -0.14321308
  vertex -0.088397235 0.03877613 -0.1520457
  vertex -0.1024889 0.02108281 -0.14658524
 endloop
endfacet
facet normal 0.654896 0.2096146 -0.7260667
 outer loop
  vertex 0.12419248 0.04276225 -0.123220444
  vertex 0.12489984 0.030618716 -0.12608825
  vertex 0.11162079 0.03198147 -0.13767223
 endloop
endfacet
facet normal 0.65489644 0.2096139 -0.7260666
 outer loop
  vertex 0.1108475 0.045256797 -0.13453716
  vertex 0.12419248 0.04276225 -0.123220444
  vertex 0.11162079 0.03198147 -0.13767223
 endloop
endfacet
facet normal -0.61042225 0.14819501 -0.7780892
 outer loop
  vertex -0.10332066 0.03536209 -0.14321308
  vertex -0.1024889 0.02108281 -0.14658524
  vertex -0.11647577 0.018332137 -0.13613623
 endloop
endfacet
facet normal -0.61042196 0.14819466 -0.77808964
 outer loop
  vertex -0.11724906 0.031607468 -0.13300116
  vertex -0.10332066 0.03536209 -0.14321308
  vertex -0.11647577 0.018332137 -0.13613623
 endloop
endfacet
facet normal 0.57789844 0.21930401 -0.786091
 outer loop
  vertex 0.1108475 0.045256797 -0.13453716
  vertex 0.11162079 0.03198147 -0.13767223
  vertex 0.09726677 0.033036225 -0.1479304
 endloop
endfacet
facet normal 0.5778987 0.21930371 -0.78609097
 outer loop
  vertex 0.09643501 0.047315508 -0.14455824
  vertex 0.1108475 0.045256797 -0.13453716
  vertex 0.09726677 0.033036225 -0.1479304
 endloop
endfacet
facet normal -0.684904 0.1294397 -0.7170439
 outer loop
  vertex -0.11724906 0.031607468 -0.13300116
  vertex -0.11647577 0.018332137 -0.13613623
  vertex -0.1293409 0.0154049145 -0.12437617
 endloop
endfacet
facet normal -0.68490434 0.12944023 -0.71704346
 outer loop
  vertex -0.13004826 0.027548447 -0.121508375
  vertex -0.11724906 0.031607468 -0.13300116
  vertex -0.1293409 0.0154049145 -0.12437617
 endloop
endfacet
facet normal 0.49535295 0.22688182 -0.8385405
 outer loop
  vertex 0.09643501 0.047315508 -0.14455824
  vertex 0.09726677 0.033036225 -0.1479304
  vertex 0.08197603 0.033772767 -0.15676385
 endloop
endfacet
facet normal 0.4953524 0.22688264 -0.8385406
 outer loop
  vertex 0.08109379 0.04891848 -0.15318707
  vertex 0.09643501 0.047315508 -0.14455824
  vertex 0.08197603 0.033772767 -0.15676385
 endloop
endfacet
facet normal -0.7528088 0.109434314 -0.64907855
 outer loop
  vertex -0.13004826 0.027548447 -0.121508375
  vertex -0.1293409 0.0154049145 -0.12437617
  vertex -0.14096044 0.012329273 -0.11141825
 endloop
endfacet
facet normal -0.75280917 0.10943478 -0.6490782
 outer loop
  vertex -0.14159505 0.023224061 -0.10884535
  vertex -0.13004826 0.027548447 -0.121508375
  vertex -0.14096044 0.012329273 -0.11141825
 endloop
endfacet
facet normal 0.40806365 0.23227644 -0.8829109
 outer loop
  vertex 0.08109379 0.04891848 -0.15318707
  vertex 0.08197603 0.033772767 -0.15676385
  vertex 0.06589579 0.03418407 -0.16408761
 endloop
endfacet
facet normal 0.4080637 0.23227647 -0.8829109
 outer loop
  vertex 0.06497158 0.050050355 -0.16034065
  vertex 0.08109379 0.04891848 -0.15318707
  vertex 0.06589579 0.03418407 -0.16408761
 endloop
endfacet
facet normal -0.8134774 0.08836983 -0.5748437
 outer loop
  vertex -0.14159505 0.023224061 -0.10884535
  vertex -0.14096044 0.012329273 -0.11141825
  vertex -0.15122241 0.009134865 -0.09738732
 endloop
endfacet
facet normal -0.81347674 0.088368446 -0.57484484
 outer loop
  vertex -0.15177818 0.018675983 -0.095134124
  vertex -0.14159505 0.023224061 -0.10884535
  vertex -0.15122241 0.009134865 -0.09738732
 endloop
endfacet
facet normal 0.31686413 0.23543619 -0.91878563
 outer loop
  vertex 0.06497158 0.050050355 -0.16034065
  vertex 0.06589579 0.03418407 -0.16408761
  vertex 0.04918094 0.034266107 -0.16983108
 endloop
endfacet
facet normal 0.31686506 0.2354352 -0.91878545
 outer loop
  vertex 0.04822366 0.050700165 -0.16595006
  vertex 0.06497158 0.050050355 -0.16034065
  vertex 0.04918094 0.034266107 -0.16983108
 endloop
endfacet
facet normal -0.86631864 0.0664469 -0.49505225
 outer loop
  vertex -0.15177818 0.018675983 -0.095134124
  vertex -0.15122241 0.009134865 -0.09738732
  vertex -0.16002803 0.005852486 -0.082418464
 endloop
endfacet
facet normal -0.8663189 0.066447556 -0.49505177
 outer loop
  vertex -0.16049959 0.013948043 -0.08050664
  vertex -0.15177818 0.018675983 -0.095134124
  vertex -0.16002803 0.005852486 -0.082418464
 endloop
endfacet
facet normal 0.22263305 0.2363314 -0.94582343
 outer loop
  vertex 0.04822366 0.050700165 -0.16595006
  vertex 0.04918094 0.034266107 -0.16983108
  vertex 0.031992473 0.034018125 -0.17393896
 endloop
endfacet
facet normal 0.22263211 0.23633233 -0.9458234
 outer loop
  vertex 0.03101134 0.050861683 -0.16996121
  vertex 0.04822366 0.050700165 -0.16595006
  vertex 0.031992473 0.034018125 -0.17393896
 endloop
endfacet
facet normal -0.91081697 0.043881282 -0.4104715
 outer loop
  vertex -0.16049959 0.013948043 -0.08050664
  vertex -0.16002803 0.005852486 -0.082418464
  vertex -0.16729252 0.0025136955 -0.06665582
 endloop
endfacet
facet normal -0.9108173 0.043882657 -0.41047058
 outer loop
  vertex -0.16767533 0.009085726 -0.06510378
  vertex -0.16049959 0.013948043 -0.08050664
  vertex -0.16729252 0.0025136955 -0.06665582
 endloop
endfacet
facet normal 0.12627229 0.23495732 -0.9637688
 outer loop
  vertex 0.03101134 0.050861683 -0.16996121
  vertex 0.031992473 0.034018125 -0.17393896
  vertex 0.014495879 0.033442516 -0.17637168
 endloop
endfacet
facet normal 0.12627323 0.23495649 -0.96376896
 outer loop
  vertex 0.01350034 0.05053336 -0.17233555
  vertex 0.03101134 0.050861683 -0.16996121
  vertex 0.014495879 0.033442516 -0.17637168
 endloop
endfacet
facet normal 0.98438865 0.09268376 -0.14962868
 outer loop
  vertex 0.17850383 0.0155766625 -0.018164966
  vertex 0.17860189 0.013893359 -0.018562492
  vertex 0.17570837 0.016897961 -0.035737492
 endloop
endfacet
facet normal 0.9843892 0.0926766 -0.14962931
 outer loop
  vertex 0.17551321 0.020248357 -0.034946274
  vertex 0.17850383 0.0155766625 -0.018164966
  vertex 0.17570837 0.016897961 -0.035737492
 endloop
endfacet
facet normal -0.94653803 0.020888807 -0.32191512
 outer loop
  vertex -0.16767533 0.009085726 -0.06510378
  vertex -0.16729252 0.0025136955 -0.06665582
  vertex -0.17294587 -0.00084930845 -0.0502513
 endloop
endfacet
facet normal -0.9465376 0.02088644 -0.32191658
 outer loop
  vertex -0.17323627 0.004135913 -0.049074
  vertex -0.16767533 0.009085726 -0.06510378
  vertex -0.17294587 -0.00084930845 -0.0502513
 endloop
endfacet
facet normal 0.028706511 0.2313241 -0.9724531
 outer loop
  vertex 0.01350034 0.05053336 -0.17233555
  vertex 0.014495879 0.033442516 -0.17637168
  vertex -0.0031403138 0.03254478 -0.17710584
 endloop
endfacet
facet normal 0.028707193 0.2313235 -0.97245324
 outer loop
  vertex -0.00414067 0.049718335 -0.1730502
  vertex 0.01350034 0.05053336 -0.17233555
  vertex -0.0031403138 0.03254478 -0.17710584
 endloop
endfacet
facet normal 0.9632855 0.1135632 -0.24327852
 outer loop
  vertex 0.17551321 0.020248357 -0.034946274
  vertex 0.17570837 0.016897961 -0.035737492
  vertex 0.17112271 0.0197398 -0.052568264
 endloop
endfacet
facet normal 0.9632853 0.113564454 -0.24327852
 outer loop
  vertex 0.17083232 0.024725018 -0.051390965
  vertex 0.17551321 0.020248357 -0.034946274
  vertex 0.17112271 0.0197398 -0.052568264
 endloop
endfacet
facet normal -0.97313106 -0.0023127615 -0.2302401
 outer loop
  vertex -0.17323627 0.004135913 -0.049074
  vertex -0.17294587 -0.00084930845 -0.0502513
  vertex -0.17693368 -0.0042041866 -0.03336278
 endloop
endfacet
facet normal -0.9731312 -0.002312238 -0.23023981
 outer loop
  vertex -0.17712884 -0.00085379183 -0.03257156
  vertex -0.17323627 0.004135913 -0.049074
  vertex -0.17693368 -0.0042041866 -0.03336278
 endloop
endfacet
facet normal -0.06913344 0.22546871 -0.9717945
 outer loop
  vertex -0.00414067 0.049718335 -0.1730502
  vertex -0.0031403138 0.03254478 -0.17710584
  vertex -0.020746244 0.03133362 -0.17613436
 endloop
endfacet
facet normal -0.06913411 0.2254693 -0.9717943
 outer loop
  vertex -0.021741783 0.048424467 -0.17209823
  vertex -0.00414067 0.049718335 -0.1730502
  vertex -0.020746244 0.03133362 -0.17613436
 endloop
endfacet
facet normal 0.9328871 0.13335353 -0.33457226
 outer loop
  vertex 0.17083232 0.024725018 -0.051390965
  vertex 0.17112271 0.0197398 -0.052568264
  vertex 0.16488902 0.022391485 -0.06889275
 endloop
endfacet
facet normal 0.9328874 0.13335155 -0.3345721
 outer loop
  vertex 0.16450621 0.028963516 -0.0673407
  vertex 0.17083232 0.024725018 -0.051390965
  vertex 0.16488902 0.022391485 -0.06889275
 endloop
endfacet
facet normal -0.99033535 -0.02549169 -0.13633047
 outer loop
  vertex -0.17712884 -0.00085379183 -0.03257156
  vertex -0.17693368 -0.0042041866 -0.03336278
  vertex -0.17921749 -0.0075185993 -0.01615291
 endloop
endfacet
facet normal -0.9903349 -0.025497964 -0.13633297
 outer loop
  vertex -0.17931555 -0.0058352966 -0.015755385
  vertex -0.17712884 -0.00085379183 -0.03257156
  vertex -0.17921749 -0.0075185993 -0.01615291
 endloop
endfacet
facet normal -0.16631192 0.21744813 -0.96179867
 outer loop
  vertex -0.021741783 0.048424467 -0.17209823
  vertex -0.020746244 0.03133362 -0.17613436
  vertex -0.038152397 0.029820647 -0.1734666
 endloop
endfacet
facet normal -0.16631289 0.21744896 -0.9617983
 outer loop
  vertex -0.03913353 0.046664204 -0.16948885
  vertex -0.021741783 0.048424467 -0.17209823
  vertex -0.038152397 0.029820647 -0.1734666
 endloop
endfacet
facet normal 0.8934948 0.15185055 -0.42262098
 outer loop
  vertex 0.16450621 0.028963516 -0.0673407
  vertex 0.16488902 0.022391485 -0.06889275
  vertex 0.15706739 0.024827516 -0.08455377
 endloop
endfacet
facet normal 0.8934948 0.1518503 -0.42262092
 outer loop
  vertex 0.15659583 0.032923073 -0.08264195
  vertex 0.16450621 0.028963516 -0.0673407
  vertex 0.15706739 0.024827516 -0.08455377
 endloop
endfacet
facet normal -0.2618987 0.20733792 -0.9425604
 outer loop
  vertex -0.03913353 0.046664204 -0.16948885
  vertex -0.038152397 0.029820647 -0.1734666
  vertex -0.055191122 0.028020468 -0.16912822
 endloop
endfacet
facet normal -0.26189852 0.20733777 -0.94256043
 outer loop
  vertex -0.056148402 0.04445453 -0.16524719
  vertex -0.03913353 0.046664204 -0.16948885
  vertex -0.055191122 0.028020468 -0.16912822
 endloop
endfacet
facet normal 0.8454915 0.16888162 -0.50657994
 outer loop
  vertex 0.15659583 0.032923073 -0.08264195
  vertex 0.15706739 0.024827516 -0.08455377
  vertex 0.14773309 0.027024403 -0.0994005
 endloop
endfacet
facet normal 0.8454914 0.16888191 -0.50658
 outer loop
  vertex 0.14717732 0.03656552 -0.0971473
  vertex 0.15659583 0.032923073 -0.08264195
  vertex 0.14773309 0.027024403 -0.0994005
 endloop
endfacet
facet normal -0.3549771 0.19523309 -0.9142622
 outer loop
  vertex -0.056148402 0.04445453 -0.16524719
  vertex -0.055191122 0.028020468 -0.16912822
  vertex -0.07169831 0.025950417 -0.16316108
 endloop
endfacet
facet normal -0.35497734 0.19523333 -0.91426206
 outer loop
  vertex -0.072622515 0.041816704 -0.15941413
  vertex -0.056148402 0.04445453 -0.16524719
  vertex -0.07169831 0.025950417 -0.16316108
 endloop
endfacet
facet normal 0.65085584 0.2794043 -0.7059178
 outer loop
  vertex 0.123513326 0.054567188 -0.1191742
  vertex 0.12419248 0.04276225 -0.123220444
  vertex 0.1108475 0.045256797 -0.13453716
 endloop
endfacet
facet normal 0.6508557 0.27940458 -0.70591784
 outer loop
  vertex 0.110105045 0.058161974 -0.1301138
  vertex 0.123513326 0.054567188 -0.1191742
  vertex 0.1108475 0.045256797 -0.13453716
 endloop
endfacet
facet normal -0.61480147 0.22383974 -0.75625056
 outer loop
  vertex -0.10411927 0.04924323 -0.13845521
  vertex -0.10332066 0.03536209 -0.14321308
  vertex -0.11724906 0.031607468 -0.13300116
 endloop
endfacet
facet normal -0.61480296 0.2238413 -0.75624895
 outer loop
  vertex -0.117991515 0.044512644 -0.12857778
  vertex -0.10411927 0.04924323 -0.13845521
  vertex -0.11724906 0.031607468 -0.13300116
 endloop
endfacet
facet normal 0.5735191 0.29494968 -0.76425165
 outer loop
  vertex 0.110105045 0.058161974 -0.1301138
  vertex 0.1108475 0.045256797 -0.13453716
  vertex 0.09643501 0.047315508 -0.14455824
 endloop
endfacet
facet normal 0.57351905 0.2949497 -0.76425165
 outer loop
  vertex 0.0956364 0.061196648 -0.13980035
  vertex 0.110105045 0.058161974 -0.1301138
  vertex 0.09643501 0.047315508 -0.14455824
 endloop
endfacet
facet normal -0.6889448 0.19923139 -0.69689447
 outer loop
  vertex -0.117991515 0.044512644 -0.12857778
  vertex -0.11724906 0.031607468 -0.13300116
  vertex -0.13004826 0.027548447 -0.121508375
 endloop
endfacet
facet normal -0.68894416 0.19923049 -0.69689536
 outer loop
  vertex -0.13072743 0.039353386 -0.11746213
  vertex -0.117991515 0.044512644 -0.12857778
  vertex -0.13004826 0.027548447 -0.121508375
 endloop
endfacet
facet normal 0.4906759 0.30765393 -0.8152215
 outer loop
  vertex 0.0956364 0.061196648 -0.13980035
  vertex 0.09643501 0.047315508 -0.14455824
  vertex 0.08109379 0.04891848 -0.15318707
 endloop
endfacet
facet normal 0.4906768 0.3076529 -0.8152214
 outer loop
  vertex 0.080246724 0.06364189 -0.1481405
  vertex 0.0956364 0.061196648 -0.13980035
  vertex 0.08109379 0.04891848 -0.15318707
 endloop
endfacet
facet normal -0.75647163 0.17269565 -0.63081443
 outer loop
  vertex -0.13072743 0.039353386 -0.11746213
  vertex -0.13004826 0.027548447 -0.121508375
  vertex -0.14159505 0.023224061 -0.10884535
 endloop
endfacet
facet normal -0.75647163 0.17269544 -0.63081455
 outer loop
  vertex -0.14220437 0.033815064 -0.1052152
  vertex -0.13072743 0.039353386 -0.11746213
  vertex -0.14159505 0.023224061 -0.10884535
 endloop
endfacet
facet normal 0.40313575 0.31739458 -0.8583369
 outer loop
  vertex 0.080246724 0.06364189 -0.1481405
  vertex 0.08109379 0.04891848 -0.15318707
  vertex 0.06497158 0.050050355 -0.16034065
 endloop
endfacet
facet normal 0.40313458 0.317396 -0.8583369
 outer loop
  vertex 0.06408421 0.06547425 -0.15505397
  vertex 0.080246724 0.06364189 -0.1481405
  vertex 0.06497158 0.050050355 -0.16034065
 endloop
endfacet
facet normal -0.8167261 0.14449114 -0.5586419
 outer loop
  vertex -0.14220437 0.033815064 -0.1052152
  vertex -0.14159505 0.023224061 -0.10884535
  vertex -0.15177818 0.018675983 -0.095134124
 endloop
endfacet
facet normal -0.81672627 0.14449145 -0.5586417
 outer loop
  vertex -0.15231179 0.027951065 -0.09195501
  vertex -0.14220437 0.033815064 -0.1052152
  vertex -0.15177818 0.018675983 -0.095134124
 endloop
endfacet
facet normal 0.31173256 0.32408434 -0.8931921
 outer loop
  vertex 0.06408421 0.06547425 -0.15505397
  vertex 0.06497158 0.050050355 -0.16034065
  vertex 0.04822366 0.050700165 -0.16595006
 endloop
endfacet
facet normal 0.31173256 0.32408428 -0.8931921
 outer loop
  vertex 0.047304537 0.066676006 -0.1604742
  vertex 0.06408421 0.06547425 -0.15505397
  vertex 0.04822366 0.050700165 -0.16595006
 endloop
endfacet
facet normal -0.86912334 0.11488757 -0.481067
 outer loop
  vertex -0.15231179 0.027951065 -0.09195501
  vertex -0.15177818 0.018675983 -0.095134124
  vertex -0.16049959 0.013948043 -0.08050664
 endloop
endfacet
facet normal -0.86912334 0.114887476 -0.48106706
 outer loop
  vertex -0.16095236 0.02181787 -0.07780918
  vertex -0.15231179 0.027951065 -0.09195501
  vertex -0.16049959 0.013948043 -0.08050664
 endloop
endfacet
facet normal 0.21734482 0.32765672 -0.9194577
 outer loop
  vertex 0.047304537 0.066676006 -0.1604742
  vertex 0.04822366 0.050700165 -0.16595006
  vertex 0.03101134 0.050861683 -0.16996121
 endloop
endfacet
facet normal 0.21734442 0.32765707 -0.9194576
 outer loop
  vertex 0.030069314 0.0672356 -0.1643489
  vertex 0.047304537 0.066676006 -0.1604742
  vertex 0.03101134 0.050861683 -0.16996121
 endloop
endfacet
facet normal -0.91314983 0.08417019 -0.39883935
 outer loop
  vertex -0.16095236 0.02181787 -0.07780918
  vertex -0.16049959 0.013948043 -0.08050664
  vertex -0.16767533 0.009085726 -0.06510378
 endloop
endfacet
facet normal -0.9131496 0.08416935 -0.39884007
 outer loop
  vertex -0.1680429 0.015474508 -0.06291397
  vertex -0.16095236 0.02181787 -0.07780918
  vertex -0.16767533 0.009085726 -0.06510378
 endloop
endfacet
facet normal 0.12088179 0.3280803 -0.93688357
 outer loop
  vertex 0.030069314 0.0672356 -0.1643489
  vertex 0.03101134 0.050861683 -0.16996121
  vertex 0.01350034 0.05053336 -0.17233555
 endloop
endfacet
facet normal 0.12088249 0.3280797 -0.93688375
 outer loop
  vertex 0.012544487 0.06714768 -0.16664085
  vertex 0.030069314 0.0672356 -0.1643489
  vertex 0.01350034 0.05053336 -0.17233555
 endloop
endfacet
facet normal 0.98358905 0.10649911 -0.1456387
 outer loop
  vertex 0.1784097 0.01721303 -0.017604087
  vertex 0.17850383 0.0155766625 -0.018164966
  vertex 0.17551321 0.020248357 -0.034946274
 endloop
endfacet
facet normal 0.9835884 0.10650669 -0.14563727
 outer loop
  vertex 0.17532583 0.023505338 -0.033829916
  vertex 0.1784097 0.01721303 -0.017604087
  vertex 0.17551321 0.020248357 -0.034946274
 endloop
endfacet
facet normal -0.94837576 0.052634798 -0.31275064
 outer loop
  vertex -0.1680429 0.015474508 -0.06291397
  vertex -0.16767533 0.009085726 -0.06510378
  vertex -0.17323627 0.004135913 -0.049074
 endloop
endfacet
facet normal -0.9483759 0.052635398 -0.31275025
 outer loop
  vertex -0.17351508 0.008982134 -0.047412917
  vertex -0.1680429 0.015474508 -0.06291397
  vertex -0.17323627 0.004135913 -0.049074
 endloop
endfacet
facet normal 0.023263378 0.32535067 -0.94530725
 outer loop
  vertex 0.012544487 0.06714768 -0.16664085
  vertex 0.01350034 0.05053336 -0.17233555
  vertex -0.00414067 0.049718335 -0.1730502
 endloop
endfacet
facet normal 0.023262551 0.3253514 -0.94530696
 outer loop
  vertex -0.0051011485 0.06641304 -0.16732793
  vertex 0.012544487 0.06714768 -0.16664085
  vertex -0.00414067 0.049718335 -0.1730502
 endloop
endfacet
facet normal 0.9619596 0.13646366 -0.23666741
 outer loop
  vertex 0.17532583 0.023505338 -0.033829916
  vertex 0.17551321 0.020248357 -0.034946274
  vertex 0.17083232 0.024725018 -0.051390965
 endloop
endfacet
facet normal 0.9619595 0.13646413 -0.23666736
 outer loop
  vertex 0.1705535 0.029571235 -0.049729876
  vertex 0.17532583 0.023505338 -0.033829916
  vertex 0.17083232 0.024725018 -0.051390965
 endloop
endfacet
facet normal -0.97445697 0.020587608 -0.22362857
 outer loop
  vertex -0.17351508 0.008982134 -0.047412917
  vertex -0.17323627 0.004135913 -0.049074
  vertex -0.17712884 -0.00085379183 -0.03257156
 endloop
endfacet
facet normal -0.974457 0.020587683 -0.22362854
 outer loop
  vertex -0.17731622 0.0024031885 -0.031455204
  vertex -0.17351508 0.008982134 -0.047412917
  vertex -0.17712884 -0.00085379183 -0.03257156
 endloop
endfacet
facet normal -0.074577905 0.3194966 -0.9446481
 outer loop
  vertex -0.0051011485 0.06641304 -0.16732793
  vertex -0.00414067 0.049718335 -0.1730502
  vertex -0.021741783 0.048424467 -0.17209823
 endloop
endfacet
facet normal -0.07457694 0.3194958 -0.94464844
 outer loop
  vertex -0.022697637 0.06503879 -0.16640353
  vertex -0.0051011485 0.06641304 -0.16732793
  vertex -0.021741783 0.048424467 -0.17209823
 endloop
endfacet
facet normal 0.93104917 0.1651017 -0.32540572
 outer loop
  vertex 0.1705535 0.029571235 -0.049729876
  vertex 0.17083232 0.024725018 -0.051390965
  vertex 0.16450621 0.028963516 -0.0673407
 endloop
endfacet
facet normal 0.93104917 0.16510172 -0.32540572
 outer loop
  vertex 0.16413864 0.035352297 -0.065150894
  vertex 0.1705535 0.029571235 -0.049729876
  vertex 0.16450621 0.028963516 -0.0673407
 endloop
endfacet
facet normal -0.99113595 -0.011662328 -0.13233855
 outer loop
  vertex -0.17731622 0.0024031885 -0.031455204
  vertex -0.17712884 -0.00085379183 -0.03257156
  vertex -0.17931555 -0.0058352966 -0.015755385
 endloop
endfacet
facet normal -0.99113655 -0.0116553195 -0.13233498
 outer loop
  vertex -0.17940968 -0.0041989293 -0.015194506
  vertex -0.17731622 0.0024031885 -0.031455204
  vertex -0.17931555 -0.0058352966 -0.015755385
 endloop
endfacet
facet normal -0.1717043 0.31057113 -0.93491346
 outer loop
  vertex -0.022697637 0.06503879 -0.16640353
  vertex -0.021741783 0.048424467 -0.17209823
  vertex -0.03913353 0.046664204 -0.16948885
 endloop
endfacet
facet normal -0.1717051 0.31057176 -0.9349131
 outer loop
  vertex -0.040075555 0.06303812 -0.16387653
  vertex -0.022697637 0.06503879 -0.16640353
  vertex -0.03913353 0.046664204 -0.16948885
 endloop
endfacet
facet normal 0.89116216 0.19214119 -0.41098878
 outer loop
  vertex 0.16413864 0.035352297 -0.065150894
  vertex 0.16450621 0.028963516 -0.0673407
  vertex 0.15659583 0.032923073 -0.08264195
 endloop
endfacet
facet normal 0.8911622 0.19214107 -0.4109888
 outer loop
  vertex 0.15614305 0.040792897 -0.0799445
  vertex 0.16413864 0.035352297 -0.065150894
  vertex 0.15659583 0.032923073 -0.08264195
 endloop
endfacet
facet normal -0.26718584 0.29866257 -0.9161945
 outer loop
  vertex -0.040075555 0.06303812 -0.16387653
  vertex -0.03913353 0.046664204 -0.16948885
  vertex -0.056148402 0.04445453 -0.16524719
 endloop
endfacet
facet normal -0.26718485 0.29866174 -0.9161951
 outer loop
  vertex -0.057067525 0.060430363 -0.15977134
  vertex -0.040075555 0.06303812 -0.16387653
  vertex -0.056148402 0.04445453 -0.16524719
 endloop
endfacet
facet normal 0.8426868 0.21732326 -0.49259475
 outer loop
  vertex 0.15614305 0.040792897 -0.0799445
  vertex 0.15659583 0.032923073 -0.08264195
  vertex 0.14717732 0.03656552 -0.0971473
 endloop
endfacet
facet normal 0.84268713 0.21732204 -0.49259466
 outer loop
  vertex 0.14664371 0.045840602 -0.09396819
  vertex 0.15614305 0.040792897 -0.0799445
  vertex 0.14717732 0.03656552 -0.0971473
 endloop
endfacet
facet normal -0.3601097 0.2838808 -0.8886691
 outer loop
  vertex -0.057067525 0.060430363 -0.15977134
  vertex -0.056148402 0.04445453 -0.16524719
  vertex -0.072622515 0.041816704 -0.15941413
 endloop
endfacet
facet normal -0.36011 0.2838811 -0.8886689
 outer loop
  vertex -0.07350989 0.05724061 -0.15412745
  vertex -0.057067525 0.060430363 -0.15977134
  vertex -0.072622515 0.041816704 -0.15941413
 endloop
endfacet
facet normal 0.78609735 0.2404042 -0.5694356
 outer loop
  vertex 0.14664371 0.045840602 -0.09396819
  vertex 0.14717732 0.03656552 -0.0971473
  vertex 0.13634144 0.039855815 -0.11071698
 endloop
endfacet
facet normal 0.7860971 0.24040471 -0.56943566
 outer loop
  vertex 0.13573211 0.050446816 -0.10708683
  vertex 0.14664371 0.045840602 -0.09396819
  vertex 0.13634144 0.039855815 -0.11071698
 endloop
endfacet
facet normal -0.44959185 0.2663678 -0.8525933
 outer loop
  vertex -0.07350989 0.05724061 -0.15412745
  vertex -0.072622515 0.041816704 -0.15941413
  vertex -0.088397235 0.03877613 -0.1520457
 endloop
endfacet
facet normal -0.44959125 0.26636726 -0.8525938
 outer loop
  vertex -0.0892443 0.05349954 -0.14699914
  vertex -0.07350989 0.05724061 -0.15412745
  vertex -0.088397235 0.03877613 -0.1520457
 endloop
endfacet
facet normal 0.7219468 0.26116443 -0.6407699
 outer loop
  vertex 0.13573211 0.050446816 -0.10708683
  vertex 0.13634144 0.039855815 -0.11071698
  vertex 0.12419248 0.04276225 -0.123220444
 endloop
endfacet
facet normal 0.72194684 0.26116428 -0.64076984
 outer loop
  vertex 0.123513326 0.054567188 -0.1191742
  vertex 0.13573211 0.050446816 -0.10708683
  vertex 0.12419248 0.04276225 -0.123220444
 endloop
endfacet
facet normal -0.5347568 0.24629125 -0.80831665
 outer loop
  vertex -0.0892443 0.05349954 -0.14699914
  vertex -0.088397235 0.03877613 -0.1520457
  vertex -0.10332066 0.03536209 -0.14321308
 endloop
endfacet
facet normal -0.5347565 0.24629104 -0.8083169
 outer loop
  vertex -0.10411927 0.04924323 -0.13845521
  vertex -0.0892443 0.05349954 -0.14699914
  vertex -0.10332066 0.03536209 -0.14321308
 endloop
endfacet
facet normal 0.48621255 0.38575798 -0.78408426
 outer loop
  vertex 0.09487864 0.074545965 -0.13370258
  vertex 0.0956364 0.061196648 -0.13980035
  vertex 0.080246724 0.06364189 -0.1481405
 endloop
endfacet
facet normal 0.48621258 0.38575795 -0.78408426
 outer loop
  vertex 0.079442985 0.077801205 -0.14167273
  vertex 0.09487864 0.074545965 -0.13370258
  vertex 0.080246724 0.06364189 -0.1481405
 endloop
endfacet
facet normal -0.7599679 0.23386838 -0.6064275
 outer loop
  vertex -0.13137186 0.050706044 -0.11227639
  vertex -0.13072743 0.039353386 -0.11746213
  vertex -0.14220437 0.033815064 -0.1052152
 endloop
endfacet
facet normal -0.7599681 0.23386866 -0.60642713
 outer loop
  vertex -0.14278252 0.044000305 -0.10056273
  vertex -0.13137186 0.050706044 -0.11227639
  vertex -0.14220437 0.033815064 -0.1052152
 endloop
endfacet
facet normal 0.39843026 0.39970416 -0.825524
 outer loop
  vertex 0.079442985 0.077801205 -0.14167273
  vertex 0.080246724 0.06364189 -0.1481405
  vertex 0.06408421 0.06547425 -0.15505397
 endloop
endfacet
facet normal 0.39843044 0.399704 -0.82552403
 outer loop
  vertex 0.063242234 0.08030721 -0.14827849
  vertex 0.079442985 0.077801205 -0.14167273
  vertex 0.06408421 0.06547425 -0.15505397
 endloop
endfacet
facet normal -0.81982803 0.19876054 -0.5370067
 outer loop
  vertex -0.14278252 0.044000305 -0.10056273
  vertex -0.14220437 0.033815064 -0.1052152
  vertex -0.15231179 0.027951065 -0.09195501
 endloop
endfacet
facet normal -0.8198278 0.19876012 -0.5370072
 outer loop
  vertex -0.15281811 0.036870796 -0.087880604
  vertex -0.14278252 0.044000305 -0.10056273
  vertex -0.15231179 0.027951065 -0.09195501
 endloop
endfacet
facet normal 0.30683315 0.4098046 -0.8590189
 outer loop
  vertex 0.063242234 0.08030721 -0.14827849
  vertex 0.06408421 0.06547425 -0.15505397
  vertex 0.047304537 0.066676006 -0.1604742
 endloop
endfacet
facet normal 0.30683398 0.40980372 -0.8590191
 outer loop
  vertex 0.046432424 0.082039766 -0.15345627
  vertex 0.063242234 0.08030721 -0.14827849
  vertex 0.047304537 0.066676006 -0.1604742
 endloop
endfacet
facet normal -0.8718004 0.16172756 -0.46239388
 outer loop
  vertex -0.15281811 0.036870796 -0.087880604
  vertex -0.15231179 0.027951065 -0.09195501
  vertex -0.16095236 0.02181787 -0.07780918
 endloop
endfacet
facet normal -0.87180036 0.16172735 -0.46239415
 outer loop
  vertex -0.16138197 0.029386185 -0.07435208
  vertex -0.15281811 0.036870796 -0.087880604
  vertex -0.16095236 0.02181787 -0.07780918
 endloop
endfacet
facet normal 0.2122972 0.415964 -0.8842533
 outer loop
  vertex 0.046432424 0.082039766 -0.15345627
  vertex 0.047304537 0.066676006 -0.1604742
  vertex 0.030069314 0.0672356 -0.1643489
 endloop
endfacet
facet normal 0.21229702 0.4159642 -0.8842532
 outer loop
  vertex 0.029175473 0.0829822 -0.1571561
  vertex 0.046432424 0.082039766 -0.15345627
  vertex 0.030069314 0.0672356 -0.1643489
 endloop
endfacet
facet normal -0.91537637 0.12312864 -0.38330865
 outer loop
  vertex -0.16138197 0.029386185 -0.07435208
  vertex -0.16095236 0.02181787 -0.07780918
  vertex -0.1680429 0.015474508 -0.06291397
 endloop
endfacet
facet normal -0.9153764 0.12312905 -0.38330826
 outer loop
  vertex -0.16839166 0.02161852 -0.06010747
  vertex -0.16138197 0.029386185 -0.07435208
  vertex -0.1680429 0.015474508 -0.06291397
 endloop
endfacet
facet normal 0.115735926 0.41812617 -0.9009859
 outer loop
  vertex 0.029175473 0.0829822 -0.1571561
  vertex 0.030069314 0.0672356 -0.1643489
  vertex 0.012544487 0.06714768 -0.16664085
 endloop
endfacet
facet normal 0.11573445 0.41812754 -0.90098554
 outer loop
  vertex 0.011637524 0.08312544 -0.15934242
  vertex 0.029175473 0.0829822 -0.1571561
  vertex 0.012544487 0.06714768 -0.16664085
 endloop
endfacet
facet normal 0.982824 0.11988117 -0.14030546
 outer loop
  vertex 0.17832036 0.018786706 -0.016885255
  vertex 0.1784097 0.01721303 -0.017604087
  vertex 0.17532583 0.023505338 -0.033829916
 endloop
endfacet
facet normal 0.9828244 0.11987623 -0.14030689
 outer loop
  vertex 0.17514804 0.026637528 -0.032399174
  vertex 0.17832036 0.018786706 -0.016885255
  vertex 0.17532583 0.023505338 -0.033829916
 endloop
endfacet
facet normal -0.9501305 0.08333573 -0.30051133
 outer loop
  vertex -0.16839166 0.02161852 -0.06010747
  vertex -0.1680429 0.015474508 -0.06291397
  vertex -0.17351508 0.008982134 -0.047412917
 endloop
endfacet
facet normal -0.9501305 0.083335385 -0.3005117
 outer loop
  vertex -0.17377964 0.013642681 -0.045284048
  vertex -0.16839166 0.02161852 -0.06010747
  vertex -0.17351508 0.008982134 -0.047412917
 endloop
endfacet
facet normal 0.018065896 0.416272 -0.90906066
 outer loop
  vertex 0.011637524 0.08312544 -0.15934242
  vertex 0.012544487 0.06714768 -0.16664085
  vertex -0.0051011485 0.06641304 -0.16732793
 endloop
endfacet
facet normal 0.018066913 0.4162712 -0.90906096
 outer loop
  vertex -0.006012501 0.08246812 -0.1599942
  vertex 0.011637524 0.08312544 -0.15934242
  vertex -0.0051011485 0.06641304 -0.16732793
 endloop
endfacet
facet normal 0.9606941 0.15860447 -0.22784093
 outer loop
  vertex 0.17514804 0.026637528 -0.032399174
  vertex 0.17532583 0.023505338 -0.033829916
  vertex 0.1705535 0.029571235 -0.049729876
 endloop
endfacet
facet normal 0.9606937 0.15860754 -0.2278403
 outer loop
  vertex 0.17028895 0.034231782 -0.04760101
  vertex 0.17514804 0.026637528 -0.032399174
  vertex 0.1705535 0.029571235 -0.049729876
 endloop
endfacet
facet normal -0.9757226 0.04273112 -0.21480083
 outer loop
  vertex -0.17377964 0.013642681 -0.045284048
  vertex -0.17351508 0.008982134 -0.047412917
  vertex -0.17731622 0.0024031885 -0.031455204
 endloop
endfacet
facet normal -0.97572297 0.042734027 -0.21479855
 outer loop
  vertex -0.177494 0.005535383 -0.030024463
  vertex -0.17377964 0.013642681 -0.045284048
  vertex -0.17731622 0.0024031885 -0.031455204
 endloop
endfacet
facet normal -0.079773515 0.41041642 -0.9084022
 outer loop
  vertex -0.006012501 0.08246812 -0.1599942
  vertex -0.0051011485 0.06641304 -0.16732793
  vertex -0.022697637 0.06503879 -0.16640353
 endloop
endfacet
facet normal -0.07977453 0.41041726 -0.9084017
 outer loop
  vertex -0.0236046 0.081016555 -0.1591051
  vertex -0.006012501 0.08246812 -0.1599942
  vertex -0.022697637 0.06503879 -0.16640353
 endloop
endfacet
facet normal 0.9292945 0.19580117 -0.31316715
 outer loop
  vertex 0.17028895 0.034231782 -0.04760101
  vertex 0.1705535 0.029571235 -0.049729876
  vertex 0.16413864 0.035352297 -0.065150894
 endloop
endfacet
facet normal 0.92929447 0.19580136 -0.31316712
 outer loop
  vertex 0.16378988 0.041496314 -0.06234439
  vertex 0.17028895 0.034231782 -0.04760101
  vertex 0.16413864 0.035352297 -0.065150894
 endloop
endfacet
facet normal -0.99190056 0.0017132009 -0.12700546
 outer loop
  vertex -0.177494 0.005535383 -0.030024463
  vertex -0.17731622 0.0024031885 -0.031455204
  vertex -0.17940968 -0.0041989293 -0.015194506
 endloop
endfacet
facet normal -0.99190015 0.001708506 -0.12700853
 outer loop
  vertex -0.17949902 -0.002625255 -0.014475676
  vertex -0.177494 0.005535383 -0.030024463
  vertex -0.17940968 -0.0041989293 -0.015194506
 endloop
endfacet
facet normal -0.1768519 0.400619 -0.89901495
 outer loop
  vertex -0.0236046 0.081016555 -0.1591051
  vertex -0.022697637 0.06503879 -0.16640353
  vertex -0.040075555 0.06303812 -0.16387653
 endloop
endfacet
facet normal -0.17685042 0.4006178 -0.8990158
 outer loop
  vertex -0.040969394 0.07878472 -0.15668373
  vertex -0.0236046 0.081016555 -0.1591051
  vertex -0.040075555 0.06303812 -0.16387653
 endloop
endfacet
facet normal 0.8889355 0.23109959 -0.39545763
 outer loop
  vertex 0.16378988 0.041496314 -0.06234439
  vertex 0.16413864 0.035352297 -0.065150894
  vertex 0.15614305 0.040792897 -0.0799445
 endloop
endfacet
facet normal 0.8889354 0.2310999 -0.3954576
 outer loop
  vertex 0.15571344 0.048361212 -0.0764874
  vertex 0.16378988 0.041496314 -0.06234439
  vertex 0.15614305 0.040792897 -0.0799445
 endloop
endfacet
facet normal -0.27223215 0.38696986 -0.8809903
 outer loop
  vertex -0.040969394 0.07878472 -0.15668373
  vertex -0.040075555 0.06303812 -0.16387653
  vertex -0.057067525 0.060430363 -0.15977134
 endloop
endfacet
facet normal -0.27223262 0.38697025 -0.8809901
 outer loop
  vertex -0.057939637 0.07579412 -0.1527534
  vertex -0.040969394 0.07878472 -0.15668373
  vertex -0.057067525 0.060430363 -0.15977134
 endloop
endfacet
facet normal 0.8400098 0.26416352 -0.4739209
 outer loop
  vertex 0.15571344 0.048361212 -0.0764874
  vertex 0.15614305 0.040792897 -0.0799445
  vertex 0.14664371 0.045840602 -0.09396819
 endloop
endfacet
facet normal 0.8400099 0.26416346 -0.47392088
 outer loop
  vertex 0.14613739 0.054760333 -0.08989378
  vertex 0.15571344 0.048361212 -0.0764874
  vertex 0.14664371 0.045840602 -0.09396819
 endloop
endfacet
facet normal -0.36500943 0.36960158 -0.85449564
 outer loop
  vertex -0.057939637 0.07579412 -0.1527534
  vertex -0.057067525 0.060430363 -0.15977134
  vertex -0.07350989 0.05724061 -0.15412745
 endloop
endfacet
facet normal -0.36500973 0.36960185 -0.85449535
 outer loop
  vertex -0.07435186 0.07207357 -0.14735197
  vertex -0.057939637 0.07579412 -0.1527534
  vertex -0.07350989 0.05724061 -0.15412745
 endloop
endfacet
facet normal 0.78299534 0.29467428 -0.54780054
 outer loop
  vertex 0.14613739 0.054760333 -0.08989378
  vertex 0.14664371 0.045840602 -0.09396819
  vertex 0.13573211 0.050446816 -0.10708683
 endloop
endfacet
facet normal 0.78299576 0.2946729 -0.54780054
 outer loop
  vertex 0.13515396 0.060632057 -0.10243436
  vertex 0.14613739 0.054760333 -0.08989378
  vertex 0.13573211 0.050446816 -0.10708683
 endloop
endfacet
facet normal -0.4542957 0.3486764 -0.8197806
 outer loop
  vertex -0.07435186 0.07207357 -0.14735197
  vertex -0.07350989 0.05724061 -0.15412745
  vertex -0.0892443 0.05349954 -0.14699914
 endloop
endfacet
facet normal -0.45429552 0.34867626 -0.8197807
 outer loop
  vertex -0.090048045 0.06765886 -0.14053136
  vertex -0.07435186 0.07207357 -0.14735197
  vertex -0.0892443 0.05349954 -0.14699914
 endloop
endfacet
facet normal 0.7184505 0.32233655 -0.616383
 outer loop
  vertex 0.13515396 0.060632057 -0.10243436
  vertex 0.13573211 0.050446816 -0.10708683
  vertex 0.123513326 0.054567188 -0.1191742
 endloop
endfacet
facet normal 0.71845007 0.32233745 -0.616383
 outer loop
  vertex 0.1228689 0.06591985 -0.11398846
  vertex 0.13515396 0.060632057 -0.10243436
  vertex 0.123513326 0.054567188 -0.1191742
 endloop
endfacet
facet normal -0.5392207 0.324396 -0.77717966
 outer loop
  vertex -0.090048045 0.06765886 -0.14053136
  vertex -0.0892443 0.05349954 -0.14699914
  vertex -0.10411927 0.04924323 -0.13845521
 endloop
endfacet
facet normal -0.5392202 0.3243956 -0.77718014
 outer loop
  vertex -0.10487703 0.06259255 -0.13235745
  vertex -0.090048045 0.06765886 -0.14053136
  vertex -0.10411927 0.04924323 -0.13845521
 endloop
endfacet
facet normal 0.64699847 0.3468905 -0.6790139
 outer loop
  vertex 0.1228689 0.06591985 -0.11398846
  vertex 0.123513326 0.054567188 -0.1191742
  vertex 0.110105045 0.058161974 -0.1301138
 endloop
endfacet
facet normal 0.646999 0.34688962 -0.67901397
 outer loop
  vertex 0.10940056 0.07057272 -0.12444475
  vertex 0.1228689 0.06591985 -0.11398846
  vertex 0.110105045 0.058161974 -0.1301138
 endloop
endfacet
facet normal -0.6189835 0.29698694 -0.7270888
 outer loop
  vertex -0.10487703 0.06259255 -0.13235745
  vertex -0.10411927 0.04924323 -0.13845521
  vertex -0.117991515 0.044512644 -0.12857778
 endloop
endfacet
facet normal -0.6189835 0.2969869 -0.72708887
 outer loop
  vertex -0.118696 0.05692339 -0.12290875
  vertex -0.10487703 0.06259255 -0.13235745
  vertex -0.117991515 0.044512644 -0.12857778
 endloop
endfacet
facet normal 0.5693383 0.36809647 -0.73509103
 outer loop
  vertex 0.10940056 0.07057272 -0.12444475
  vertex 0.110105045 0.058161974 -0.1301138
  vertex 0.0956364 0.061196648 -0.13980035
 endloop
endfacet
facet normal 0.5693379 0.36809713 -0.73509103
 outer loop
  vertex 0.09487864 0.074545965 -0.13370258
  vertex 0.10940056 0.07057272 -0.12444475
  vertex 0.0956364 0.061196648 -0.13980035
 endloop
endfacet
facet normal -0.69280124 0.26671576 -0.66999185
 outer loop
  vertex -0.118696 0.05692339 -0.12290875
  vertex -0.117991515 0.044512644 -0.12857778
  vertex -0.13072743 0.039353386 -0.11746213
 endloop
endfacet
facet normal -0.6928016 0.26671615 -0.6699914
 outer loop
  vertex -0.13137186 0.050706044 -0.11227639
  vertex -0.118696 0.05692339 -0.12290875
  vertex -0.13072743 0.039353386 -0.11746213
 endloop
endfacet
facet normal 0.3022146 0.49177247 -0.8165942
 outer loop
  vertex 0.06245375 0.09440639 -0.14007944
  vertex 0.063242234 0.08030721 -0.14827849
  vertex 0.046432424 0.082039766 -0.15345627
 endloop
endfacet
facet normal 0.30221438 0.4917727 -0.8165942
 outer loop
  vertex 0.045615725 0.09664348 -0.14496382
  vertex 0.06245375 0.09440639 -0.14007944
  vertex 0.046432424 0.082039766 -0.15345627
 endloop
endfacet
facet normal -0.8743245 0.2065171 -0.43921214
 outer loop
  vertex -0.15329227 0.045349266 -0.08295015
  vertex -0.15281811 0.036870796 -0.087880604
  vertex -0.16138197 0.029386185 -0.07435208
 endloop
endfacet
facet normal -0.874325 0.20651814 -0.43921083
 outer loop
  vertex -0.16178428 0.0365801 -0.07016863
  vertex -0.15329227 0.045349266 -0.08295015
  vertex -0.16138197 0.029386185 -0.07435208
 endloop
endfacet
facet normal 0.20753826 0.5004076 -0.8405475
 outer loop
  vertex 0.045615725 0.09664348 -0.14496382
  vertex 0.046432424 0.082039766 -0.15345627
  vertex 0.029175473 0.0829822 -0.1571561
 endloop
endfacet
facet normal 0.20753913 0.5004068 -0.84054774
 outer loop
  vertex 0.028338425 0.0979498 -0.14845204
  vertex 0.045615725 0.09664348 -0.14496382
  vertex 0.029175473 0.0829822 -0.1571561
 endloop
endfacet
facet normal -0.91747594 0.16038328 -0.3640264
 outer loop
  vertex -0.16178428 0.0365801 -0.07016863
  vertex -0.16138197 0.029386185 -0.07435208
  vertex -0.16839166 0.02161852 -0.06010747
 endloop
endfacet
facet normal -0.917476 0.16038358 -0.364026
 outer loop
  vertex -0.16871825 0.027458588 -0.056711316
  vertex -0.16178428 0.0365801 -0.07016863
  vertex -0.16839166 0.02161852 -0.06010747
 endloop
endfacet
facet normal 0.11088208 0.50423163 -0.8564202
 outer loop
  vertex 0.028338425 0.0979498 -0.14845204
  vertex 0.029175473 0.0829822 -0.1571561
  vertex 0.011637524 0.08312544 -0.15934242
 endloop
endfacet
facet normal 0.1108821 0.5042316 -0.8564202
 outer loop
  vertex 0.010788184 0.0983128 -0.15051058
  vertex 0.028338425 0.0979498 -0.14845204
  vertex 0.011637524 0.08312544 -0.15934242
 endloop
endfacet
facet normal 0.9821035 0.13266723 -0.13368657
 outer loop
  vertex 0.17823671 0.02028253 -0.016015394
  vertex 0.17832036 0.018786706 -0.016885255
  vertex 0.17514804 0.026637528 -0.032399174
 endloop
endfacet
facet normal 0.9821035 0.13266721 -0.1336866
 outer loop
  vertex 0.17498153 0.029614776 -0.03066783
  vertex 0.17823671 0.02028253 -0.016015394
  vertex 0.17514804 0.026637528 -0.032399174
 endloop
endfacet
facet normal -0.95178497 0.112693444 -0.28531674
 outer loop
  vertex -0.16871825 0.027458588 -0.056711316
  vertex -0.16839166 0.02161852 -0.06010747
  vertex -0.17377964 0.013642681 -0.045284048
 endloop
endfacet
facet normal -0.951785 0.112693824 -0.2853163
 outer loop
  vertex -0.17402737 0.018072668 -0.04270789
  vertex -0.16871825 0.027458588 -0.056711316
  vertex -0.17377964 0.013642681 -0.045284048
 endloop
endfacet
facet normal 0.01316742 0.50321144 -0.864063
 outer loop
  vertex 0.010788184 0.0983128 -0.15051058
  vertex 0.011637524 0.08312544 -0.15934242
  vertex -0.006012501 0.08246812 -0.1599942
 endloop
endfacet
facet normal 0.013166282 0.5032123 -0.8640625
 outer loop
  vertex -0.0068659503 0.09772896 -0.1511196
  vertex 0.010788184 0.0983128 -0.15051058
  vertex -0.006012501 0.08246812 -0.1599942
 endloop
endfacet
facet normal 0.95950043 0.1797825 -0.21688066
 outer loop
  vertex 0.17498153 0.029614776 -0.03066783
  vertex 0.17514804 0.026637528 -0.032399174
  vertex 0.17028895 0.034231782 -0.04760101
 endloop
endfacet
facet normal 0.95950073 0.17977928 -0.21688166
 outer loop
  vertex 0.17004122 0.03866177 -0.045024853
  vertex 0.17498153 0.029614776 -0.03066783
  vertex 0.17028895 0.034231782 -0.04760101
 endloop
endfacet
facet normal -0.9769162 0.06390758 -0.20383961
 outer loop
  vertex -0.17402737 0.018072668 -0.04270789
  vertex -0.17377964 0.013642681 -0.045284048
  vertex -0.177494 0.005535383 -0.030024463
 endloop
endfacet
facet normal -0.9769158 0.063904524 -0.20384257
 outer loop
  vertex -0.17766051 0.008512627 -0.028293122
  vertex -0.17402737 0.018072668 -0.04270789
  vertex -0.177494 0.005535383 -0.030024463
 endloop
endfacet
facet normal -0.08467401 0.49735752 -0.8634036
 outer loop
  vertex -0.0068659503 0.09772896 -0.1511196
  vertex -0.006012501 0.08246812 -0.1599942
  vertex -0.0236046 0.081016555 -0.1591051
 endloop
endfacet
facet normal -0.084672876 0.49735665 -0.8634042
 outer loop
  vertex -0.02445394 0.096203916 -0.15027326
  vertex -0.0068659503 0.09772896 -0.1511196
  vertex -0.0236046 0.081016555 -0.1591051
 endloop
endfacet
facet normal 0.92764026 0.2251552 -0.29797435
 outer loop
  vertex 0.17004122 0.03866177 -0.045024853
  vertex 0.17028895 0.034231782 -0.04760101
  vertex 0.16378988 0.041496314 -0.06234439
 endloop
endfacet
facet normal 0.92764014 0.22515565 -0.29797423
 outer loop
  vertex 0.1634633 0.047336377 -0.058948237
  vertex 0.17004122 0.03866177 -0.045024853
  vertex 0.16378988 0.041496314 -0.06234439
 endloop
endfacet
facet normal -0.99262077 0.01449632 -0.12038985
 outer loop
  vertex -0.17766051 0.008512627 -0.028293122
  vertex -0.177494 0.005535383 -0.030024463
  vertex -0.17949902 -0.002625255 -0.014475676
 endloop
endfacet
facet normal -0.99262094 0.01449674 -0.120389506
 outer loop
  vertex -0.17958267 -0.0011294307 -0.0136058135
  vertex -0.17766051 0.008512627 -0.028293122
  vertex -0.17949902 -0.002625255 -0.014475676
 endloop
endfacet
facet normal -0.18170291 0.48672315 -0.85444987
 outer loop
  vertex -0.02445394 0.096203916 -0.15027326
  vertex -0.0236046 0.081016555 -0.1591051
  vertex -0.040969394 0.07878472 -0.15668373
 endloop
endfacet
facet normal -0.18170294 0.48672318 -0.8544498
 outer loop
  vertex -0.041806445 0.093752325 -0.14797968
  vertex -0.02445394 0.096203916 -0.15027326
  vertex -0.040969394 0.07878472 -0.15668373
 endloop
endfacet
facet normal 0.8868362 0.26835102 -0.37617737
 outer loop
  vertex 0.1634633 0.047336377 -0.058948237
  vertex 0.16378988 0.041496314 -0.06234439
  vertex 0.15571344 0.048361212 -0.0764874
 endloop
endfacet
facet normal 0.886836 0.26835164 -0.37617728
 outer loop
  vertex 0.15531114 0.05555512 -0.07230394
  vertex 0.1634633 0.047336377 -0.058948237
  vertex 0.15571344 0.048361212 -0.0764874
 endloop
endfacet
facet normal -0.27699134 0.47141245 -0.8372849
 outer loop
  vertex -0.041806445 0.093752325 -0.14797968
  vertex -0.040969394 0.07878472 -0.15668373
  vertex -0.057939637 0.07579412 -0.1527534
 endloop
endfacet
facet normal -0.276992 0.4714129 -0.83728445
 outer loop
  vertex -0.058756337 0.09039784 -0.14426094
  vertex -0.041806445 0.093752325 -0.14797968
  vertex -0.057939637 0.07579412 -0.1527534
 endloop
endfacet
facet normal 0.8374858 0.30895188 -0.4507396
 outer loop
  vertex 0.15531114 0.05555512 -0.07230394
  vertex 0.15571344 0.048361212 -0.0764874
  vertex 0.14613739 0.054760333 -0.08989378
 endloop
endfacet
facet normal 0.8374855 0.30895293 -0.45073956
 outer loop
  vertex 0.14566323 0.0632388 -0.08496333
  vertex 0.15531114 0.05555512 -0.07230394
  vertex 0.14613739 0.054760333 -0.08989378
 endloop
endfacet
facet normal -0.36962903 0.45156986 -0.8120708
 outer loop
  vertex -0.058756337 0.09039784 -0.14426094
  vertex -0.057939637 0.07579412 -0.1527534
  vertex -0.07435186 0.07207357 -0.14735197
 endloop
endfacet
facet normal -0.36962852 0.45156947 -0.8120713
 outer loop
  vertex -0.07514035 0.08617277 -0.13915291
  vertex -0.058756337 0.09039784 -0.14426094
  vertex -0.07435186 0.07207357 -0.14735197
 endloop
endfacet
facet normal 0.7800714 0.34656653 -0.52094173
 outer loop
  vertex 0.14566323 0.0632388 -0.08496333
  vertex 0.14613739 0.054760333 -0.08989378
  vertex 0.13515396 0.060632057 -0.10243436
 endloop
endfacet
facet normal 0.78007126 0.3465669 -0.52094173
 outer loop
  vertex 0.13461253 0.07031343 -0.09680439
  vertex 0.14566323 0.0632388 -0.08496333
  vertex 0.13515396 0.060632057 -0.10243436
 endloop
endfacet
facet normal -0.4587309 0.42738098 -0.7790453
 outer loop
  vertex -0.07514035 0.08617277 -0.13915291
  vertex -0.07435186 0.07207357 -0.14735197
  vertex -0.090048045 0.06765886 -0.14053136
 endloop
endfacet
facet normal -0.45873126 0.4273812 -0.779045
 outer loop
  vertex -0.09080072 0.08111772 -0.13270468
  vertex -0.07514035 0.08617277 -0.13915291
  vertex -0.090048045 0.06765886 -0.14053136
 endloop
endfacet
facet normal 0.71515363 0.3808321 -0.5861077
 outer loop
  vertex 0.13461253 0.07031343 -0.09680439
  vertex 0.13515396 0.060632057 -0.10243436
  vertex 0.1228689 0.06591985 -0.11398846
 endloop
endfacet
facet normal 0.71515393 0.38083148 -0.5861077
 outer loop
  vertex 0.12226542 0.0767109 -0.10771318
  vertex 0.13461253 0.07031343 -0.09680439
  vertex 0.1228689 0.06591985 -0.11398846
 endloop
endfacet
facet normal -0.54342914 0.39908108 -0.73852485
 outer loop
  vertex -0.09080072 0.08111772 -0.13270468
  vertex -0.090048045 0.06765886 -0.14053136
  vertex -0.10487703 0.06259255 -0.13235745
 endloop
endfacet
facet normal -0.54342926 0.39908114 -0.7385248
 outer loop
  vertex -0.10558665 0.07528148 -0.1249785
  vertex -0.09080072 0.08111772 -0.13270468
  vertex -0.10487703 0.06259255 -0.13235745
 endloop
endfacet
facet normal 0.6433623 0.4114211 -0.64561415
 outer loop
  vertex 0.12226542 0.0767109 -0.10771318
  vertex 0.1228689 0.06591985 -0.11398846
  vertex 0.10940056 0.07057272 -0.12444475
 endloop
endfacet
facet normal 0.6433621 0.41142142 -0.64561415
 outer loop
  vertex 0.10874084 0.082369514 -0.1175846
  vertex 0.12226542 0.0767109 -0.10771318
  vertex 0.10940056 0.07057272 -0.12444475
 endloop
endfacet
facet normal -0.6229253 0.36693266 -0.69088674
 outer loop
  vertex -0.10558665 0.07528148 -0.1249785
  vertex -0.10487703 0.06259255 -0.13235745
  vertex -0.118696 0.05692339 -0.12290875
 endloop
endfacet
facet normal -0.62292534 0.36693272 -0.6908867
 outer loop
  vertex -0.11935572 0.06872018 -0.1160486
  vertex -0.10558665 0.07528148 -0.1249785
  vertex -0.118696 0.05692339 -0.12290875
 endloop
endfacet
facet normal 0.5653962 0.43804213 -0.69888926
 outer loop
  vertex 0.10874084 0.082369514 -0.1175846
  vertex 0.10940056 0.07057272 -0.12444475
  vertex 0.09487864 0.074545965 -0.13370258
 endloop
endfacet
facet normal 0.5653969 0.43804103 -0.6988893
 outer loop
  vertex 0.09416902 0.0872349 -0.12632364
  vertex 0.10874084 0.082369514 -0.1175846
  vertex 0.09487864 0.074545965 -0.13370258
 endloop
endfacet
facet normal -0.6964381 0.3312475 -0.6365917
 outer loop
  vertex -0.11935572 0.06872018 -0.1160486
  vertex -0.118696 0.05692339 -0.12290875
  vertex -0.13137186 0.050706044 -0.11227639
 endloop
endfacet
facet normal -0.6964378 0.33124718 -0.6365922
 outer loop
  vertex -0.13197534 0.0614971 -0.10600111
  vertex -0.11935572 0.06872018 -0.1160486
  vertex -0.13137186 0.050706044 -0.11227639
 endloop
endfacet
facet normal 0.48200366 0.46044186 -0.7454299
 outer loop
  vertex 0.09416902 0.0872349 -0.12632364
  vertex 0.09487864 0.074545965 -0.13370258
  vertex 0.079442985 0.077801205 -0.14167273
 endloop
endfacet
facet normal 0.48200282 0.460443 -0.7454298
 outer loop
  vertex 0.078690305 0.09126007 -0.13384604
  vertex 0.09416902 0.0872349 -0.12632364
  vertex 0.079442985 0.077801205 -0.14167273
 endloop
endfacet
facet normal -0.76326454 0.29236257 -0.5761522
 outer loop
  vertex -0.13197534 0.0614971 -0.10600111
  vertex -0.13137186 0.050706044 -0.11227639
  vertex -0.14278252 0.044000305 -0.10056273
 endloop
endfacet
facet normal -0.7632643 0.29236227 -0.5761527
 outer loop
  vertex -0.14332396 0.05368167 -0.09493276
  vertex -0.13197534 0.0614971 -0.10600111
  vertex -0.14278252 0.044000305 -0.10056273
 endloop
endfacet
facet normal 0.3939951 0.47840914 -0.7847882
 outer loop
  vertex 0.078690305 0.09126007 -0.13384604
  vertex 0.079442985 0.077801205 -0.14167273
  vertex 0.063242234 0.08030721 -0.14827849
 endloop
endfacet
facet normal 0.39399508 0.4784091 -0.7847882
 outer loop
  vertex 0.06245375 0.09440639 -0.14007944
  vertex 0.078690305 0.09126007 -0.13384604
  vertex 0.063242234 0.08030721 -0.14827849
 endloop
endfacet
facet normal -0.82275224 0.25065255 -0.5101491
 outer loop
  vertex -0.14332396 0.05368167 -0.09493276
  vertex -0.14278252 0.044000305 -0.10056273
  vertex -0.15281811 0.036870796 -0.087880604
 endloop
endfacet
facet normal -0.8227523 0.2506527 -0.51014876
 outer loop
  vertex -0.15329227 0.045349266 -0.08295015
  vertex -0.14332396 0.05368167 -0.09493276
  vertex -0.15281811 0.036870796 -0.087880604
 endloop
endfacet
facet normal 0.10637075 0.58556515 -0.80361605
 outer loop
  vertex 0.027566226 0.11199428 -0.13832057
  vertex 0.028338425 0.0979498 -0.14845204
  vertex 0.010788184 0.0983128 -0.15051058
 endloop
endfacet
facet normal 0.10636992 0.58556587 -0.8036156
 outer loop
  vertex 0.01000465 0.11256347 -0.14023034
  vertex 0.027566226 0.11199428 -0.13832057
  vertex 0.010788184 0.0983128 -0.15051058
 endloop
endfacet
facet normal 0.9814335 0.14474532 -0.1258451
 outer loop
  vertex 0.17815953 0.021686101 -0.015002877
  vertex 0.17823671 0.02028253 -0.016015394
  vertex 0.17498153 0.029614776 -0.03066783
 endloop
endfacet
facet normal 0.9814335 0.14474489 -0.12584533
 outer loop
  vertex 0.17482793 0.032408398 -0.028652554
  vertex 0.17815953 0.021686101 -0.015002877
  vertex 0.17498153 0.029614776 -0.03066783
 endloop
endfacet
facet normal -0.9533229 0.14042051 -0.26731527
 outer loop
  vertex -0.16901955 0.032938473 -0.05275821
  vertex -0.16871825 0.027458588 -0.056711316
  vertex -0.17402737 0.018072668 -0.04270789
 endloop
endfacet
facet normal -0.9533229 0.14042024 -0.26731572
 outer loop
  vertex -0.17425592 0.022229444 -0.03970926
  vertex -0.16901955 0.032938473 -0.05275821
  vertex -0.17402737 0.018072668 -0.04270789
 endloop
endfacet
facet normal 0.008611113 0.58533466 -0.8107461
 outer loop
  vertex 0.01000465 0.11256347 -0.14023034
  vertex 0.010788184 0.0983128 -0.15051058
  vertex -0.0068659503 0.09772896 -0.1511196
 endloop
endfacet
facet normal 0.008612235 0.58533376 -0.81074667
 outer loop
  vertex -0.007653275 0.11204859 -0.14078964
  vertex 0.01000465 0.11256347 -0.14023034
  vertex -0.0068659503 0.09772896 -0.1511196
 endloop
endfacet
facet normal 0.9583913 0.19978201 -0.20389529
 outer loop
  vertex 0.17482793 0.032408398 -0.028652554
  vertex 0.17498153 0.029614776 -0.03066783
  vertex 0.17004122 0.03866177 -0.045024853
 endloop
endfacet
facet normal 0.95839125 0.19978224 -0.2038952
 outer loop
  vertex 0.16981266 0.042818546 -0.042026225
  vertex 0.17482793 0.032408398 -0.028652554
  vertex 0.17004122 0.03866177 -0.045024853
 endloop
endfacet
facet normal -0.9780252 0.08390595 -0.190857
 outer loop
  vertex -0.17425592 0.022229444 -0.03970926
  vertex -0.17402737 0.018072668 -0.04270789
  vertex -0.17766051 0.008512627 -0.028293122
 endloop
endfacet
facet normal -0.9780253 0.08390642 -0.19085646
 outer loop
  vertex -0.17781411 0.0113062505 -0.026277844
  vertex -0.17425592 0.022229444 -0.03970926
  vertex -0.17766051 0.008512627 -0.028293122
 endloop
endfacet
facet normal -0.08922806 0.5794791 -0.8100879
 outer loop
  vertex -0.007653275 0.11204859 -0.14078964
  vertex -0.0068659503 0.09772896 -0.1511196
  vertex -0.02445394 0.096203916 -0.15027326
 endloop
endfacet
facet normal -0.08922917 0.5794799 -0.81008714
 outer loop
  vertex -0.025237475 0.11045458 -0.13999303
  vertex -0.007653275 0.11204859 -0.14078964
  vertex -0.02445394 0.096203916 -0.15027326
 endloop
endfacet
facet normal 0.92610204 0.25288638 -0.27997062
 outer loop
  vertex 0.16981266 0.042818546 -0.042026225
  vertex 0.17004122 0.03866177 -0.045024853
  vertex 0.1634633 0.047336377 -0.058948237
 endloop
endfacet
facet normal 0.9261019 0.25288662 -0.27997056
 outer loop
  vertex 0.163162 0.052816264 -0.054995127
  vertex 0.16981266 0.042818546 -0.042026225
  vertex 0.1634633 0.047336377 -0.058948237
 endloop
endfacet
facet normal -0.9932909 0.026576031 -0.1125473
 outer loop
  vertex -0.17781411 0.0113062505 -0.026277844
  vertex -0.17766051 0.008512627 -0.028293122
  vertex -0.17958267 -0.0011294307 -0.0136058135
 endloop
endfacet
facet normal -0.9932909 0.026575595 -0.11254769
 outer loop
  vertex -0.17965984 0.00027413946 -0.0125933
  vertex -0.17781411 0.0113062505 -0.026277844
  vertex -0.17958267 -0.0011294307 -0.0136058135
 endloop
endfacet
facet normal -0.18621445 0.5680574 -0.80164516
 outer loop
  vertex -0.025237475 0.11045458 -0.13999303
  vertex -0.02445394 0.096203916 -0.15027326
  vertex -0.041806445 0.093752325 -0.14797968
 endloop
endfacet
facet normal -0.18621366 0.5680569 -0.80164576
 outer loop
  vertex -0.04257864 0.1077968 -0.1378482
  vertex -0.025237475 0.11045458 -0.13999303
  vertex -0.041806445 0.093752325 -0.14797968
 endloop
endfacet
facet normal 0.88488406 0.3035415 -0.35333094
 outer loop
  vertex 0.163162 0.052816264 -0.054995127
  vertex 0.1634633 0.047336377 -0.058948237
  vertex 0.15531114 0.05555512 -0.07230394
 endloop
endfacet
facet normal 0.8848843 0.30354047 -0.35333124
 outer loop
  vertex 0.15494 0.06230535 -0.06743444
  vertex 0.163162 0.052816264 -0.054995127
  vertex 0.15531114 0.05555512 -0.07230394
 endloop
endfacet
facet normal -0.28141618 0.55117536 -0.7855002
 outer loop
  vertex -0.04257864 0.1077968 -0.1378482
  vertex -0.041806445 0.093752325 -0.14797968
  vertex -0.058756337 0.09039784 -0.14426094
 endloop
endfacet
facet normal -0.2814161 0.5511753 -0.78550035
 outer loop
  vertex -0.059509758 0.104100876 -0.13437578
  vertex -0.04257864 0.1077968 -0.1378482
  vertex -0.058756337 0.09039784 -0.14426094
 endloop
endfacet
facet normal 0.8351388 0.35125986 -0.42327267
 outer loop
  vertex 0.15494 0.06230535 -0.06743444
  vertex 0.15531114 0.05555512 -0.07230394
  vertex 0.14566323 0.0632388 -0.08496333
 endloop
endfacet
facet normal 0.8351389 0.35125938 -0.42327276
 outer loop
  vertex 0.14522582 0.071194366 -0.07922431
  vertex 0.15494 0.06230535 -0.06743444
  vertex 0.14566323 0.0632388 -0.08496333
 endloop
endfacet
facet normal -0.37392315 0.52899504 -0.7618042
 outer loop
  vertex -0.059509758 0.104100876 -0.13437578
  vertex -0.058756337 0.09039784 -0.14426094
  vertex -0.07514035 0.08617277 -0.13915291
 endloop
endfacet
facet normal -0.37392384 0.5289955 -0.76180357
 outer loop
  vertex -0.07586774 0.099402376 -0.12960926
  vertex -0.059509758 0.104100876 -0.13437578
  vertex -0.07514035 0.08617277 -0.13915291
 endloop
endfacet
facet normal 0.77735245 0.3955827 -0.48911908
 outer loop
  vertex 0.14522582 0.071194366 -0.07922431
  vertex 0.14566323 0.0632388 -0.08496333
  vertex 0.13461253 0.07031343 -0.09680439
 endloop
endfacet
facet normal 0.77735215 0.3955836 -0.48911896
 outer loop
  vertex 0.13411306 0.07939771 -0.090251125
  vertex 0.14522582 0.071194366 -0.07922431
  vertex 0.13461253 0.07031343 -0.09680439
 endloop
endfacet
facet normal -0.46285495 0.5017249 -0.7307787
 outer loop
  vertex -0.07586774 0.099402376 -0.12960926
  vertex -0.07514035 0.08617277 -0.13915291
  vertex -0.09080072 0.08111772 -0.13270468
 endloop
endfacet
facet normal -0.4628537 0.5017241 -0.73078007
 outer loop
  vertex -0.091495074 0.09374651 -0.12359447
  vertex -0.07586774 0.099402376 -0.12960926
  vertex -0.09080072 0.08111772 -0.13270468
 endloop
endfacet
facet normal 0.7120892 0.43608412 -0.55023587
 outer loop
  vertex 0.13411306 0.07939771 -0.090251125
  vertex 0.13461253 0.07031343 -0.09680439
  vertex 0.12226542 0.0767109 -0.10771318
 endloop
endfacet
facet normal 0.71208936 0.43608382 -0.550236
 outer loop
  vertex 0.1217087 0.08683641 -0.10040879
  vertex 0.13411306 0.07939771 -0.090251125
  vertex 0.12226542 0.0767109 -0.10771318
 endloop
endfacet
facet normal -0.54734236 0.46962628 -0.6927247
 outer loop
  vertex -0.091495074 0.09374651 -0.12359447
  vertex -0.09080072 0.08111772 -0.13270468
  vertex -0.10558665 0.07528148 -0.1249785
 endloop
endfacet
facet normal -0.54734254 0.46962634 -0.6927244
 outer loop
  vertex -0.106241286 0.08718783 -0.116389446
  vertex -0.091495074 0.09374651 -0.12359447
  vertex -0.10558665 0.07528148 -0.1249785
 endloop
endfacet
facet normal 0.639981 0.47237587 -0.6060408
 outer loop
  vertex 0.1217087 0.08683641 -0.10040879
  vertex 0.12226542 0.0767109 -0.10771318
  vertex 0.10874084 0.082369514 -0.1175846
 endloop
endfacet
facet normal 0.6399809 0.47237593 -0.6060408
 outer loop
  vertex 0.10813223 0.09343874 -0.109599434
  vertex 0.1217087 0.08683641 -0.10040879
  vertex 0.10874084 0.082369514 -0.1175846
 endloop
endfacet
facet normal -0.62659 0.4330008 -0.6479933
 outer loop
  vertex -0.106241286 0.08718783 -0.116389446
  vertex -0.10558665 0.07528148 -0.1249785
  vertex -0.11935572 0.06872018 -0.1160486
 endloop
endfacet
facet normal -0.62659 0.43300086 -0.6479932
 outer loop
  vertex -0.11996433 0.07978941 -0.10806343
  vertex -0.106241286 0.08718783 -0.116389446
  vertex -0.11935572 0.06872018 -0.1160486
 endloop
endfacet
facet normal 0.5617323 0.5041101 -0.6559953
 outer loop
  vertex 0.10813223 0.09343874 -0.109599434
  vertex 0.10874084 0.082369514 -0.1175846
  vertex 0.09416902 0.0872349 -0.12632364
 endloop
endfacet
facet normal 0.56173193 0.5041106 -0.65599525
 outer loop
  vertex 0.09351438 0.09914124 -0.11773458
  vertex 0.10813223 0.09343874 -0.109599434
  vertex 0.09416902 0.0872349 -0.12632364
 endloop
endfacet
facet normal -0.6998188 0.3922023 -0.5970185
 outer loop
  vertex -0.11996433 0.07978941 -0.10806343
  vertex -0.11935572 0.06872018 -0.1160486
  vertex -0.13197534 0.0614971 -0.10600111
 endloop
endfacet
facet normal -0.69981885 0.3922023 -0.5970184
 outer loop
  vertex -0.13253206 0.07162261 -0.09869672
  vertex -0.11996433 0.07978941 -0.10806343
  vertex -0.13197534 0.0614971 -0.10600111
 endloop
endfacet
facet normal 0.47808966 0.5309888 -0.6996293
 outer loop
  vertex 0.09351438 0.09914124 -0.11773458
  vertex 0.09416902 0.0872349 -0.12632364
  vertex 0.078690305 0.09126007 -0.13384604
 endloop
endfacet
facet normal 0.47808957 0.53098893 -0.6996293
 outer loop
  vertex 0.07799595 0.10388885 -0.124735825
  vertex 0.09351438 0.09914124 -0.11773458
  vertex 0.078690305 0.09126007 -0.13384604
 endloop
endfacet
facet normal -0.76632917 0.34761548 -0.5402805
 outer loop
  vertex -0.13253206 0.07162261 -0.09869672
  vertex -0.13197534 0.0614971 -0.10600111
  vertex -0.14332396 0.05368167 -0.09493276
 endloop
endfacet
facet normal -0.7663293 0.34761557 -0.5402803
 outer loop
  vertex -0.14382343 0.062765956 -0.088379495
  vertex -0.13253206 0.07162261 -0.09869672
  vertex -0.14332396 0.05368167 -0.09493276
 endloop
endfacet
facet normal 0.38987145 0.5527525 -0.7365222
 outer loop
  vertex 0.07799595 0.10388885 -0.124735825
  vertex 0.078690305 0.09126007 -0.13384604
  vertex 0.06245375 0.09440639 -0.14007944
 endloop
endfacet
facet normal 0.3898715 0.55275244 -0.7365222
 outer loop
  vertex 0.061726354 0.10763601 -0.13053578
  vertex 0.07799595 0.10388885 -0.124735825
  vertex 0.06245375 0.09440639 -0.14007944
 endloop
endfacet
facet normal -0.8254713 0.29967028 -0.47832507
 outer loop
  vertex -0.14382343 0.062765956 -0.088379495
  vertex -0.14332396 0.05368167 -0.09493276
  vertex -0.15329227 0.045349266 -0.08295015
 endloop
endfacet
facet normal -0.8254714 0.2996703 -0.4783249
 outer loop
  vertex -0.15372968 0.053304832 -0.077211134
  vertex -0.14382343 0.062765956 -0.088379495
  vertex -0.15329227 0.045349266 -0.08295015
 endloop
endfacet
facet normal 0.29791963 0.56919783 -0.76632744
 outer loop
  vertex 0.061726354 0.10763601 -0.13053578
  vertex 0.06245375 0.09440639 -0.14007944
  vertex 0.045615725 0.09664348 -0.14496382
 endloop
endfacet
facet normal 0.2979202 0.5691972 -0.7663277
 outer loop
  vertex 0.044862304 0.11034652 -0.13507865
  vertex 0.061726354 0.10763601 -0.13053578
  vertex 0.045615725 0.09664348 -0.14496382
 endloop
endfacet
facet normal -0.87667155 0.24882486 -0.41174403
 outer loop
  vertex -0.15372968 0.053304832 -0.077211134
  vertex -0.15329227 0.045349266 -0.08295015
  vertex -0.16178428 0.0365801 -0.07016863
 endloop
endfacet
facet normal -0.87667143 0.24882469 -0.41174436
 outer loop
  vertex -0.16215542 0.04333033 -0.065299116
  vertex -0.15372968 0.053304832 -0.077211134
  vertex -0.16178428 0.0365801 -0.07016863
 endloop
endfacet
facet normal 0.20311485 0.58016944 -0.7887634
 outer loop
  vertex 0.044862304 0.11034652 -0.13507865
  vertex 0.045615725 0.09664348 -0.14496382
  vertex 0.028338425 0.0979498 -0.14845204
 endloop
endfacet
facet normal 0.20311442 0.5801698 -0.7887633
 outer loop
  vertex 0.027566226 0.11199428 -0.13832057
  vertex 0.044862304 0.11034652 -0.13507865
  vertex 0.028338425 0.0979498 -0.14845204
 endloop
endfacet
facet normal -0.9194277 0.19557081 -0.34118134
 outer loop
  vertex -0.16215542 0.04333033 -0.065299116
  vertex -0.16178428 0.0365801 -0.07016863
  vertex -0.16871825 0.027458588 -0.056711316
 endloop
endfacet
facet normal -0.9194276 0.19557047 -0.34118196
 outer loop
  vertex -0.16901955 0.032938473 -0.05275821
  vertex -0.16215542 0.04333033 -0.065299116
  vertex -0.16871825 0.027458588 -0.056711316
 endloop
endfacet
facet normal -0.09339607 0.655992 -0.7489671
 outer loop
  vertex -0.008366896 0.12528911 -0.12910378
  vertex -0.007653275 0.11204859 -0.14078964
  vertex -0.025237475 0.11045458 -0.13999303
 endloop
endfacet
facet normal -0.09339703 0.6559926 -0.74896646
 outer loop
  vertex -0.025947656 0.12363133 -0.12836343
  vertex -0.008366896 0.12528911 -0.12910378
  vertex -0.025237475 0.11045458 -0.13999303
 endloop
endfacet
facet normal 0.92469484 0.27872175 -0.25933272
 outer loop
  vertex 0.16960551 0.046662062 -0.038634
  vertex 0.16981266 0.042818546 -0.042026225
  vertex 0.163162 0.052816264 -0.054995127
 endloop
endfacet
facet normal 0.92469496 0.27872178 -0.25933272
 outer loop
  vertex 0.1628889 0.05788318 -0.050523143
  vertex 0.16960551 0.046662062 -0.038634
  vertex 0.163162 0.052816264 -0.054995127
 endloop
endfacet
facet normal -0.99390376 0.037829682 -0.103557646
 outer loop
  vertex -0.17795333 0.01388935 -0.023998044
  vertex -0.17781411 0.0113062505 -0.026277844
  vertex -0.17965984 0.00027413946 -0.0125933
 endloop
endfacet
facet normal -0.9939039 0.037830263 -0.10355695
 outer loop
  vertex -0.17972979 0.0015719384 -0.011447885
  vertex -0.17795333 0.01388935 -0.023998044
  vertex -0.17965984 0.00027413946 -0.0125933
 endloop
endfacet
facet normal -0.19034067 0.64383525 -0.7411117
 outer loop
  vertex -0.025947656 0.12363133 -0.12836343
  vertex -0.025237475 0.11045458 -0.13999303
  vertex -0.04257864 0.1077968 -0.1378482
 endloop
endfacet
facet normal -0.19034049 0.6438351 -0.7411119
 outer loop
  vertex -0.043278553 0.120782904 -0.12638687
  vertex -0.025947656 0.12363133 -0.12836343
  vertex -0.04257864 0.1077968 -0.1378482
 endloop
endfacet
facet normal 0.8830987 0.33632633 -0.3271409
 outer loop
  vertex 0.1628889 0.05788318 -0.050523143
  vertex 0.163162 0.052816264 -0.054995127
  vertex 0.15494 0.06230535 -0.06743444
 endloop
endfacet
facet normal 0.88309866 0.33632693 -0.32714075
 outer loop
  vertex 0.15460359 0.068546884 -0.061925758
  vertex 0.1628889 0.05788318 -0.050523143
  vertex 0.15494 0.06230535 -0.06743444
 endloop
endfacet
facet normal -0.28546327 0.62549025 -0.7261354
 outer loop
  vertex -0.043278553 0.120782904 -0.12638687
  vertex -0.04257864 0.1077968 -0.1378482
  vertex -0.059509758 0.104100876 -0.13437578
 endloop
endfacet
facet normal -0.28546196 0.6254896 -0.72613657
 outer loop
  vertex -0.060192652 0.116771266 -0.12319312
  vertex -0.043278553 0.120782904 -0.12638687
  vertex -0.059509758 0.104100876 -0.13437578
 endloop
endfacet
facet normal 0.8329921 0.39067882 -0.39178342
 outer loop
  vertex 0.15460359 0.068546884 -0.061925758
  vertex 0.15494 0.06230535 -0.06743444
  vertex 0.14522582 0.071194366 -0.07922431
 endloop
endfacet
facet normal 0.8329924 0.39067787 -0.39178374
 outer loop
  vertex 0.14482935 0.07855041 -0.072731994
  vertex 0.15460359 0.068546884 -0.061925758
  vertex 0.14522582 0.071194366 -0.07922431
 endloop
endfacet
facet normal -0.37785238 0.60113114 -0.7041795
 outer loop
  vertex -0.060192652 0.116771266 -0.12319312
  vertex -0.059509758 0.104100876 -0.13437578
  vertex -0.07586774 0.099402376 -0.12960926
 endloop
endfacet
facet normal -0.3778536 0.6011318 -0.70417833
 outer loop
  vertex -0.076527044 0.11163502 -0.11881291
  vertex -0.060192652 0.116771266 -0.12319312
  vertex -0.07586774 0.099402376 -0.12960926
 endloop
endfacet
facet normal 0.774865 0.44125286 -0.45263693
 outer loop
  vertex 0.14482935 0.07855041 -0.072731994
  vertex 0.14522582 0.071194366 -0.07922431
  vertex 0.13411306 0.07939771 -0.090251125
 endloop
endfacet
facet normal 0.77486515 0.44125235 -0.45263708
 outer loop
  vertex 0.13366035 0.08779741 -0.082837686
  vertex 0.14482935 0.07855041 -0.072731994
  vertex 0.13411306 0.07939771 -0.090251125
 endloop
endfacet
facet normal -0.46662605 0.57099044 -0.67544806
 outer loop
  vertex -0.076527044 0.11163502 -0.11881291
  vertex -0.07586774 0.099402376 -0.12960926
  vertex -0.091495074 0.09374651 -0.12359447
 endloop
endfacet
facet normal -0.46662596 0.5709904 -0.6754482
 outer loop
  vertex -0.09212443 0.1054236 -0.113288455
  vertex -0.076527044 0.11163502 -0.11881291
  vertex -0.091495074 0.09374651 -0.12359447
 endloop
endfacet
facet normal 0.70928586 0.48756272 -0.50911313
 outer loop
  vertex 0.13366035 0.08779741 -0.082837686
  vertex 0.13411306 0.07939771 -0.090251125
  vertex 0.1217087 0.08683641 -0.10040879
 endloop
endfacet
facet normal 0.7092855 0.4875634 -0.50911295
 outer loop
  vertex 0.12120409 0.09619887 -0.09214563
  vertex 0.13366035 0.08779741 -0.082837686
  vertex 0.1217087 0.08683641 -0.10040879
 endloop
endfacet
facet normal -0.5509222 0.53535444 -0.64021903
 outer loop
  vertex -0.09212443 0.1054236 -0.113288455
  vertex -0.091495074 0.09374651 -0.12359447
  vertex -0.106241286 0.08718783 -0.116389446
 endloop
endfacet
facet normal -0.5509223 0.5353545 -0.6402188
 outer loop
  vertex -0.10683464 0.0981969 -0.106673
  vertex -0.09212443 0.1054236 -0.113288455
  vertex -0.106241286 0.08718783 -0.116389446
 endloop
endfacet
facet normal 0.6368879 0.52916807 -0.5606736
 outer loop
  vertex 0.12120409 0.09619887 -0.09214563
  vertex 0.1217087 0.08683641 -0.10040879
  vertex 0.10813223 0.09343874 -0.109599434
 endloop
endfacet
facet normal 0.63688785 0.52916825 -0.5606736
 outer loop
  vertex 0.10758059 0.10367379 -0.100566134
  vertex 0.12120409 0.09619887 -0.09214563
  vertex 0.10813223 0.09343874 -0.109599434
 endloop
endfacet
facet normal -0.6299425 0.4945575 -0.59882003
 outer loop
  vertex -0.10683464 0.0981969 -0.106673
  vertex -0.106241286 0.08718783 -0.116389446
  vertex -0.11996433 0.07978941 -0.10806343
 endloop
endfacet
facet normal -0.629942 0.49455723 -0.59882075
 outer loop
  vertex -0.12051597 0.090024464 -0.09903014
  vertex -0.10683464 0.0981969 -0.106673
  vertex -0.11996433 0.07978941 -0.10806343
 endloop
endfacet
facet normal 0.55837953 0.56566685 -0.60682225
 outer loop
  vertex 0.10758059 0.10367379 -0.100566134
  vertex 0.10813223 0.09343874 -0.109599434
  vertex 0.09351438 0.09914124 -0.11773458
 endloop
endfacet
facet normal 0.55837977 0.5656665 -0.6068223
 outer loop
  vertex 0.092921026 0.11015033 -0.10801814
  vertex 0.10758059 0.10367379 -0.100566134
  vertex 0.09351438 0.09914124 -0.11773458
 endloop
endfacet
facet normal -0.7029116 0.44899386 -0.55165184
 outer loop
  vertex -0.12051597 0.090024464 -0.09903014
  vertex -0.11996433 0.07978941 -0.10806343
  vertex -0.13253206 0.07162261 -0.09869672
 endloop
endfacet
facet normal -0.7029123 0.44899434 -0.55165064
 outer loop
  vertex -0.13303666 0.08098507 -0.09043356
  vertex -0.12051597 0.090024464 -0.09903014
  vertex -0.13253206 0.07162261 -0.09869672
 endloop
endfacet
facet normal 0.47450984 0.5967162 -0.6471245
 outer loop
  vertex 0.092921026 0.11015033 -0.10801814
  vertex 0.09351438 0.09914124 -0.11773458
  vertex 0.07799595 0.10388885 -0.124735825
 endloop
endfacet
facet normal 0.47450984 0.5967163 -0.64712447
 outer loop
  vertex 0.07736659 0.11556593 -0.11442982
  vertex 0.092921026 0.11015033 -0.10801814
  vertex 0.07799595 0.10388885 -0.124735825
 endloop
endfacet
facet normal -0.7691329 0.39909515 -0.49915692
 outer loop
  vertex -0.13303666 0.08098507 -0.09043356
  vertex -0.13253206 0.07162261 -0.09869672
  vertex -0.14382343 0.062765956 -0.088379495
 endloop
endfacet
facet normal -0.7691326 0.39909494 -0.49915755
 outer loop
  vertex -0.14427614 0.07116566 -0.080966055
  vertex -0.13303666 0.08098507 -0.09043356
  vertex -0.14382343 0.062765956 -0.088379495
 endloop
endfacet
facet normal 0.38609943 0.6220177 -0.6811909
 outer loop
  vertex 0.07736659 0.11556593 -0.11442982
  vertex 0.07799595 0.10388885 -0.124735825
  vertex 0.061726354 0.10763601 -0.13053578
 endloop
endfacet
facet normal 0.3860992 0.6220179 -0.6811909
 outer loop
  vertex 0.061067056 0.11986864 -0.11973945
  vertex 0.07736659 0.11556593 -0.11442982
  vertex 0.061726354 0.10763601 -0.13053578
 endloop
endfacet
facet normal -0.8279585 0.3453395 -0.441843
 outer loop
  vertex -0.14427614 0.07116566 -0.080966055
  vertex -0.14382343 0.062765956 -0.088379495
  vertex -0.15372968 0.053304832 -0.077211134
 endloop
endfacet
facet normal -0.8279581 0.34533903 -0.44184422
 outer loop
  vertex -0.15412615 0.060660873 -0.07071882
  vertex -0.14427614 0.07116566 -0.080966055
  vertex -0.15372968 0.053304832 -0.077211134
 endloop
endfacet
facet normal 0.2939914 0.6413348 -0.7087022
 outer loop
  vertex 0.061067056 0.11986864 -0.11973945
  vertex 0.061726354 0.10763601 -0.13053578
  vertex 0.044862304 0.11034652 -0.13507865
 endloop
endfacet
facet normal 0.2939917 0.6413344 -0.7087023
 outer loop
  vertex 0.04417941 0.12301691 -0.12389597
  vertex 0.061067056 0.11986864 -0.11973945
  vertex 0.044862304 0.11034652 -0.13507865
 endloop
endfacet
facet normal -0.87881815 0.28824183 -0.38025686
 outer loop
  vertex -0.15412615 0.060660873 -0.07071882
  vertex -0.15372968 0.053304832 -0.077211134
  vertex -0.16215542 0.04333033 -0.065299116
 endloop
endfacet
facet normal -0.8788182 0.28824186 -0.3802568
 outer loop
  vertex -0.16249183 0.049571864 -0.059790436
  vertex -0.15412615 0.060660873 -0.07071882
  vertex -0.16215542 0.04333033 -0.065299116
 endloop
endfacet
facet normal 0.19906715 0.65448445 -0.7293986
 outer loop
  vertex 0.04417941 0.12301691 -0.12389597
  vertex 0.044862304 0.11034652 -0.13507865
  vertex 0.027566226 0.11199428 -0.13832057
 endloop
endfacet
facet normal 0.19906674 0.6544848 -0.7293984
 outer loop
  vertex 0.026866317 0.12498038 -0.12685923
  vertex 0.04417941 0.12301691 -0.12389597
  vertex 0.027566226 0.11199428 -0.13832057
 endloop
endfacet
facet normal -0.92121315 0.22835541 -0.3149924
 outer loop
  vertex -0.16249183 0.049571864 -0.059790436
  vertex -0.16215542 0.04333033 -0.065299116
  vertex -0.16901955 0.032938473 -0.05275821
 endloop
endfacet
facet normal -0.9212133 0.22835577 -0.31499162
 outer loop
  vertex -0.16929264 0.038005397 -0.048286222
  vertex -0.16249183 0.049571864 -0.059790436
  vertex -0.16901955 0.032938473 -0.05275821
 endloop
endfacet
facet normal 0.10224307 0.6613434 -0.7430822
 outer loop
  vertex 0.026866317 0.12498038 -0.12685923
  vertex 0.027566226 0.11199428 -0.13832057
  vertex 0.01000465 0.11256347 -0.14023034
 endloop
endfacet
facet normal 0.10224295 0.6613436 -0.74308217
 outer loop
  vertex 0.009294466 0.12574022 -0.12860075
  vertex 0.026866317 0.12498038 -0.12685923
  vertex 0.01000465 0.11256347 -0.14023034
 endloop
endfacet
facet normal 0.9808207 0.1559977 -0.11685629
 outer loop
  vertex 0.17808959 0.0229839 -0.013857462
  vertex 0.17815953 0.021686101 -0.015002877
  vertex 0.17482793 0.032408398 -0.028652554
 endloop
endfacet
facet normal 0.9808207 0.15599826 -0.11685589
 outer loop
  vertex 0.17468871 0.0349915 -0.026372755
  vertex 0.17808959 0.0229839 -0.013857462
  vertex 0.17482793 0.032408398 -0.028652554
 endloop
endfacet
facet normal -0.9547299 0.16625613 -0.2466773
 outer loop
  vertex -0.16929264 0.038005397 -0.048286222
  vertex -0.16901955 0.032938473 -0.05275821
  vertex -0.17425592 0.022229444 -0.03970926
 endloop
endfacet
facet normal -0.9547299 0.16625592 -0.24667768
 outer loop
  vertex -0.17446308 0.026072968 -0.03631703
  vertex -0.16929264 0.038005397 -0.048286222
  vertex -0.17425592 0.022229444 -0.03970926
 endloop
endfacet
facet normal 0.004445238 0.66184753 -0.7496253
 outer loop
  vertex 0.009294466 0.12574022 -0.12860075
  vertex 0.01000465 0.11256347 -0.14023034
  vertex -0.007653275 0.11204859 -0.14078964
 endloop
endfacet
facet normal 0.0044461954 0.6618468 -0.7496259
 outer loop
  vertex -0.008366896 0.12528911 -0.12910378
  vertex 0.009294466 0.12574022 -0.12860075
  vertex -0.007653275 0.11204859 -0.14078964
 endloop
endfacet
facet normal 0.9573765 0.21841636 -0.1890097
 outer loop
  vertex 0.17468871 0.0349915 -0.026372755
  vertex 0.17482793 0.032408398 -0.028652554
  vertex 0.16981266 0.042818546 -0.042026225
 endloop
endfacet
facet normal 0.9573764 0.2184169 -0.18900944
 outer loop
  vertex 0.16960551 0.046662062 -0.038634
  vertex 0.17468871 0.0349915 -0.026372755
  vertex 0.16981266 0.042818546 -0.042026225
 endloop
endfacet
facet normal -0.97904027 0.10254094 -0.17597067
 outer loop
  vertex -0.17446308 0.026072968 -0.03631703
  vertex -0.17425592 0.022229444 -0.03970926
  vertex -0.17781411 0.0113062505 -0.026277844
 endloop
endfacet
facet normal -0.9790402 0.102541104 -0.1759705
 outer loop
  vertex -0.17795333 0.01388935 -0.023998044
  vertex -0.17446308 0.026072968 -0.03631703
  vertex -0.17781411 0.0113062505 -0.026277844
 endloop
endfacet
facet normal -0.2890932 0.69364154 -0.6597625
 outer loop
  vertex -0.04389943 0.13258556 -0.11370609
  vertex -0.043278553 0.120782904 -0.12638687
  vertex -0.060192652 0.116771266 -0.12319312
 endloop
endfacet
facet normal -0.289093 0.6936414 -0.6597626
 outer loop
  vertex -0.060798436 0.12828699 -0.11082063
  vertex -0.04389943 0.13258556 -0.11370609
  vertex -0.060192652 0.116771266 -0.12319312
 endloop
endfacet
facet normal 0.8310663 0.42682657 -0.35657814
 outer loop
  vertex 0.15430517 0.074219614 -0.055830956
  vertex 0.15460359 0.068546884 -0.061925758
  vertex 0.14482935 0.07855041 -0.072731994
 endloop
endfacet
facet normal 0.8310662 0.42682678 -0.356578
 outer loop
  vertex 0.14447765 0.08523607 -0.0655489
  vertex 0.15430517 0.074219614 -0.055830956
  vertex 0.14482935 0.07855041 -0.072731994
 endloop
endfacet
facet normal -0.38137835 0.66728556 -0.6397505
 outer loop
  vertex -0.060798436 0.12828699 -0.11082063
  vertex -0.060192652 0.116771266 -0.12319312
  vertex -0.076527044 0.11163502 -0.11881291
 endloop
endfacet
facet normal -0.38137913 0.6672859 -0.6397495
 outer loop
  vertex -0.0771119 0.12275287 -0.10686787
  vertex -0.060798436 0.12828699 -0.11082063
  vertex -0.076527044 0.11163502 -0.11881291
 endloop
endfacet
facet normal 0.7726337 0.48313454 -0.41184738
 outer loop
  vertex 0.14447765 0.08523607 -0.0655489
  vertex 0.14482935 0.07855041 -0.072731994
  vertex 0.13366035 0.08779741 -0.082837686
 endloop
endfacet
facet normal 0.7726338 0.48313415 -0.41184753
 outer loop
  vertex 0.13325875 0.095431626 -0.074635476
  vertex 0.14447765 0.08523607 -0.0655489
  vertex 0.13366035 0.08779741 -0.082837686
 endloop
endfacet
facet normal -0.47001052 0.63451135 -0.61358416
 outer loop
  vertex -0.0771119 0.12275287 -0.10686787
  vertex -0.076527044 0.11163502 -0.11881291
  vertex -0.09212443 0.1054236 -0.113288455
 endloop
endfacet
facet normal -0.47001082 0.63451135 -0.6135838
 outer loop
  vertex -0.09268273 0.11603652 -0.1018859
  vertex -0.0771119 0.12275287 -0.10686787
  vertex -0.09212443 0.1054236 -0.113288455
 endloop
endfacet
facet normal 0.7067702 0.5347728 -0.46313503
 outer loop
  vertex 0.13325875 0.095431626 -0.074635476
  vertex 0.13366035 0.08779741 -0.082837686
  vertex 0.12120409 0.09619887 -0.09214563
 endloop
endfacet
facet normal 0.7067705 0.5347721 -0.4631353
 outer loop
  vertex 0.12075646 0.10470812 -0.0830033
  vertex 0.13325875 0.095431626 -0.074635476
  vertex 0.12120409 0.09619887 -0.09214563
 endloop
endfacet
facet normal -0.554134 0.59563094 -0.5815147
 outer loop
  vertex -0.09268273 0.11603652 -0.1018859
  vertex -0.09212443 0.1054236 -0.113288455
  vertex -0.10683464 0.0981969 -0.106673
 endloop
endfacet
facet normal -0.55413336 0.5956307 -0.58151555
 outer loop
  vertex -0.107361 0.10820272 -0.095922746
  vertex -0.09268273 0.11603652 -0.1018859
  vertex -0.10683464 0.0981969 -0.106673
 endloop
endfacet
facet normal 0.63411283 0.5812491 -0.50995135
 outer loop
  vertex 0.12075646 0.10470812 -0.0830033
  vertex 0.12120409 0.09619887 -0.09214563
  vertex 0.10758059 0.10367379 -0.100566134
 endloop
endfacet
facet normal 0.63411224 0.58125 -0.509951
 outer loop
  vertex 0.10709124 0.1129761 -0.09057172
  vertex 0.12075646 0.10470812 -0.0830033
  vertex 0.10758059 0.10367379 -0.100566134
 endloop
endfacet
facet normal -0.63294977 0.5510084 -0.5438423
 outer loop
  vertex -0.107361 0.10820272 -0.095922746
  vertex -0.10683464 0.0981969 -0.106673
  vertex -0.12051597 0.090024464 -0.09903014
 endloop
endfacet
facet normal -0.63295054 0.5510087 -0.543841
 outer loop
  vertex -0.12100532 0.09932677 -0.089035705
  vertex -0.107361 0.10820272 -0.095922746
  vertex -0.12051597 0.090024464 -0.09903014
 endloop
endfacet
facet normal 0.555372 0.62211764 -0.5518438
 outer loop
  vertex 0.10709124 0.1129761 -0.09057172
  vertex 0.10758059 0.10367379 -0.100566134
  vertex 0.092921026 0.11015033 -0.10801814
 endloop
endfacet
facet normal 0.5553723 0.6221173 -0.551844
 outer loop
  vertex 0.09239467 0.12015613 -0.09726789
  vertex 0.10709124 0.1129761 -0.09057172
  vertex 0.092921026 0.11015033 -0.10801814
 endloop
endfacet
facet normal -0.7056871 0.50107604 -0.5009276
 outer loop
  vertex -0.12100532 0.09932677 -0.089035705
  vertex -0.12051597 0.090024464 -0.09903014
  vertex -0.13303666 0.08098507 -0.09043356
 endloop
endfacet
facet normal -0.70568615 0.50107557 -0.5009295
 outer loop
  vertex -0.13348429 0.08949432 -0.08129123
  vertex -0.12100532 0.09932677 -0.089035705
  vertex -0.13303666 0.08098507 -0.09043356
 endloop
endfacet
facet normal 0.47129807 0.65699255 -0.5884206
 outer loop
  vertex 0.09239467 0.12015613 -0.09726789
  vertex 0.092921026 0.11015033 -0.10801814
  vertex 0.07736659 0.11556593 -0.11442982
 endloop
endfacet
facet normal 0.471298 0.6569928 -0.58842057
 outer loop
  vertex 0.076808296 0.12617886 -0.10302727
  vertex 0.09239467 0.12015613 -0.09726789
  vertex 0.07736659 0.11556593 -0.11442982
 endloop
endfacet
facet normal -0.77164805 0.44630378 -0.45318016
 outer loop
  vertex -0.13348429 0.08949432 -0.08129123
  vertex -0.13303666 0.08098507 -0.09043356
  vertex -0.14427614 0.07116566 -0.080966055
 endloop
endfacet
facet normal -0.77164817 0.44630387 -0.45317963
 outer loop
  vertex -0.14467774 0.07879987 -0.072763845
  vertex -0.13348429 0.08949432 -0.08129123
  vertex -0.14427614 0.07116566 -0.080966055
 endloop
endfacet
facet normal 0.38271487 0.68553877 -0.619327
 outer loop
  vertex 0.076808296 0.12617886 -0.10302727
  vertex 0.07736659 0.11556593 -0.11442982
  vertex 0.061067056 0.11986864 -0.11973945
 endloop
endfacet
facet normal 0.3827144 0.6855393 -0.6193267
 outer loop
  vertex 0.0604822 0.13098648 -0.10779441
  vertex 0.076808296 0.12617886 -0.10302727
  vertex 0.061067056 0.11986864 -0.11973945
 endloop
endfacet
facet normal -0.83018976 0.38722113 -0.40105462
 outer loop
  vertex -0.14467774 0.07879987 -0.072763845
  vertex -0.14427614 0.07116566 -0.080966055
  vertex -0.15412615 0.060660873 -0.07071882
 endloop
endfacet
facet normal -0.83019006 0.3872214 -0.4010537
 outer loop
  vertex -0.15447785 0.067346536 -0.06353572
  vertex -0.14467774 0.07879987 -0.072763845
  vertex -0.15412615 0.060660873 -0.07071882
 endloop
endfacet
facet normal 0.29046676 0.7074892 -0.6442733
 outer loop
  vertex 0.0604822 0.13098648 -0.10779441
  vertex 0.061067056 0.11986864 -0.11973945
  vertex 0.04417941 0.12301691 -0.12389597
 endloop
endfacet
facet normal 0.29046768 0.70748836 -0.6442738
 outer loop
  vertex 0.043573625 0.13453263 -0.11152347
  vertex 0.0604822 0.13098648 -0.10779441
  vertex 0.04417941 0.12301691 -0.12389597
 endloop
endfacet
facet normal -0.8807443 0.3243917 -0.34505013
 outer loop
  vertex -0.15447785 0.067346536 -0.06353572
  vertex -0.15412615 0.060660873 -0.07071882
  vertex -0.16249183 0.049571864 -0.059790436
 endloop
endfacet
facet normal -0.8807442 0.32439163 -0.34505013
 outer loop
  vertex -0.16279024 0.055244595 -0.05369564
  vertex -0.15447785 0.067346536 -0.06353572
  vertex -0.16249183 0.049571864 -0.059790436
 endloop
endfacet
facet normal 0.19543548 0.7226358 -0.6630253
 outer loop
  vertex 0.043573625 0.13453263 -0.11152347
  vertex 0.04417941 0.12301691 -0.12389597
  vertex 0.026866317 0.12498038 -0.12685923
 endloop
endfacet
facet normal 0.19543497 0.72263616 -0.66302496
 outer loop
  vertex 0.026245438 0.13678303 -0.11417844
  vertex 0.043573625 0.13453263 -0.11152347
  vertex 0.026866317 0.12498038 -0.12685923
 endloop
endfacet
facet normal -0.9228153 0.25842255 -0.2857093
 outer loop
  vertex -0.16279024 0.055244595 -0.05369564
  vertex -0.16249183 0.049571864 -0.059790436
  vertex -0.16929264 0.038005397 -0.048286222
 endloop
endfacet
facet normal -0.9228153 0.25842267 -0.28570896
 outer loop
  vertex -0.16953489 0.042610563 -0.043338425
  vertex -0.16279024 0.055244595 -0.05369564
  vertex -0.16929264 0.038005397 -0.048286222
 endloop
endfacet
facet normal 0.09854026 0.7308367 -0.6754018
 outer loop
  vertex 0.026245438 0.13678303 -0.11417844
  vertex 0.026866317 0.12498038 -0.12685923
  vertex 0.009294466 0.12574022 -0.12860075
 endloop
endfacet
facet normal 0.09854129 0.7308359 -0.67540234
 outer loop
  vertex 0.008664471 0.13771616 -0.115733795
  vertex 0.026245438 0.13678303 -0.11417844
  vertex 0.009294466 0.12574022 -0.12860075
 endloop
endfacet
facet normal 0.9802708 0.16631824 -0.10680515
 outer loop
  vertex 0.17802754 0.024163427 -0.012590176
  vertex 0.17808959 0.0229839 -0.013857462
  vertex 0.17468871 0.0349915 -0.026372755
 endloop
endfacet
facet normal 0.9802708 0.16631858 -0.10680486
 outer loop
  vertex 0.17456521 0.037339196 -0.023850387
  vertex 0.17802754 0.024163427 -0.012590176
  vertex 0.17468871 0.0349915 -0.026372755
 endloop
endfacet
facet normal -0.95599234 0.18994966 -0.22360201
 outer loop
  vertex -0.16953489 0.042610563 -0.043338425
  vertex -0.16929264 0.038005397 -0.048286222
  vertex -0.17446308 0.026072968 -0.03631703
 endloop
endfacet
facet normal -0.9559923 0.1899494 -0.22360262
 outer loop
  vertex -0.17464684 0.029566221 -0.032563876
  vertex -0.16953489 0.042610563 -0.043338425
  vertex -0.17446308 0.026072968 -0.03631703
 endloop
endfacet
facet normal 0.00070762006 0.7320141 -0.68128914
 outer loop
  vertex 0.008664471 0.13771616 -0.115733795
  vertex 0.009294466 0.12574022 -0.12860075
  vertex -0.008366896 0.12528911 -0.12910378
 endloop
endfacet
facet normal 0.0007056569 0.7320154 -0.6812878
 outer loop
  vertex -0.008999939 0.13732298 -0.11617455
  vertex 0.008664471 0.13771616 -0.115733795
  vertex -0.008366896 0.12528911 -0.12910378
 endloop
endfacet
facet normal 0.95646584 0.23550566 -0.17236641
 outer loop
  vertex 0.17456521 0.037339196 -0.023850387
  vertex 0.17468871 0.0349915 -0.026372755
  vertex 0.16960551 0.046662062 -0.038634
 endloop
endfacet
facet normal 0.9564659 0.23550522 -0.17236671
 outer loop
  vertex 0.16942175 0.05015532 -0.034880843
  vertex 0.17456521 0.037339196 -0.023850387
  vertex 0.16960551 0.046662062 -0.038634
 endloop
endfacet
facet normal -0.9799508 0.11963076 -0.15932657
 outer loop
  vertex -0.17464684 0.029566221 -0.032563876
  vertex -0.17446308 0.026072968 -0.03631703
  vertex -0.17795333 0.01388935 -0.023998044
 endloop
endfacet
facet normal -0.9799507 0.119630545 -0.15932693
 outer loop
  vertex -0.17807683 0.016237048 -0.021475676
  vertex -0.17464684 0.029566221 -0.032563876
  vertex -0.17795333 0.01388935 -0.023998044
 endloop
endfacet
facet normal -0.097135745 0.7261604 -0.6806289
 outer loop
  vertex -0.008999939 0.13732298 -0.11617455
  vertex -0.008366896 0.12528911 -0.12910378
  vertex -0.025947656 0.12363133 -0.12836343
 endloop
endfacet
facet normal -0.09713444 0.72615975 -0.68062985
 outer loop
  vertex -0.026577652 0.13560726 -0.11549648
  vertex -0.008999939 0.13732298 -0.11617455
  vertex -0.025947656 0.12363133 -0.12836343
 endloop
endfacet
facet normal 0.9234326 0.30241352 -0.23625909
 outer loop
  vertex 0.16942175 0.05015532 -0.034880843
  vertex 0.16960551 0.046662062 -0.038634
  vertex 0.1628889 0.05788318 -0.050523143
 endloop
endfacet
facet normal 0.92343265 0.3024131 -0.23625928
 outer loop
  vertex 0.16264665 0.062488347 -0.045575347
  vertex 0.16942175 0.05015532 -0.034880843
  vertex 0.1628889 0.05788318 -0.050523143
 endloop
endfacet
facet normal -0.99445367 0.048150025 -0.09350641
 outer loop
  vertex -0.17807683 0.016237048 -0.021475676
  vertex -0.17795333 0.01388935 -0.023998044
  vertex -0.17972979 0.0015719384 -0.011447885
 endloop
endfacet
facet normal -0.9944538 0.048150342 -0.093505934
 outer loop
  vertex -0.17979184 0.002751465 -0.010180598
  vertex -0.17807683 0.016237048 -0.021475676
  vertex -0.17972979 0.0015719384 -0.011447885
 endloop
endfacet
facet normal -0.19404316 0.71332806 -0.6734317
 outer loop
  vertex -0.026577652 0.13560726 -0.11549648
  vertex -0.025947656 0.12363133 -0.12836343
  vertex -0.043278553 0.120782904 -0.12638687
 endloop
endfacet
facet normal -0.19404298 0.713328 -0.6734319
 outer loop
  vertex -0.04389943 0.13258556 -0.11370609
  vertex -0.026577652 0.13560726 -0.11549648
  vertex -0.043278553 0.120782904 -0.12638687
 endloop
endfacet
facet normal 0.88149667 0.36639142 -0.29786038
 outer loop
  vertex 0.16264665 0.062488347 -0.045575347
  vertex 0.1628889 0.05788318 -0.050523143
  vertex 0.15460359 0.068546884 -0.061925758
 endloop
endfacet
facet normal 0.8814965 0.36639234 -0.29785994
 outer loop
  vertex 0.15430517 0.074219614 -0.055830956
  vertex 0.16264665 0.062488347 -0.045575347
  vertex 0.15460359 0.068546884 -0.061925758
 endloop
endfacet
facet normal -0.83214444 0.42491138 -0.3563508
 outer loop
  vertex -0.14502436 0.085595086 -0.06385185
  vertex -0.14467774 0.07879987 -0.072763845
  vertex -0.15447785 0.067346536 -0.06353572
 endloop
endfacet
facet normal -0.83214474 0.42491162 -0.3563499
 outer loop
  vertex -0.15478139 0.07329745 -0.055731036
  vertex -0.14502436 0.085595086 -0.06385185
  vertex -0.15447785 0.067346536 -0.06353572
 endloop
endfacet
facet normal 0.28738064 0.76702315 -0.5736618
 outer loop
  vertex 0.059977423 0.14088248 -0.094815694
  vertex 0.0604822 0.13098648 -0.10779441
  vertex 0.043573625 0.13453263 -0.11152347
 endloop
endfacet
facet normal 0.28738 0.7670237 -0.5736614
 outer loop
  vertex 0.04305078 0.14478274 -0.098080315
  vertex 0.059977423 0.14088248 -0.094815694
  vertex 0.043573625 0.13453263 -0.11152347
 endloop
endfacet
facet normal -0.8824311 0.3569232 -0.30646583
 outer loop
  vertex -0.15478139 0.07329745 -0.055731036
  vertex -0.15447785 0.067346536 -0.06353572
  vertex -0.16279024 0.055244595 -0.05369564
 endloop
endfacet
facet normal -0.8824309 0.35692304 -0.30646634
 outer loop
  vertex -0.16304779 0.060293898 -0.04707343
  vertex -0.15478139 0.07329745 -0.055731036
  vertex -0.16279024 0.055244595 -0.05369564
 endloop
endfacet
facet normal 0.19225457 0.7839684 -0.59028107
 outer loop
  vertex 0.04305078 0.14478274 -0.098080315
  vertex 0.043573625 0.13453263 -0.11152347
  vertex 0.026245438 0.13678303 -0.11417844
 endloop
endfacet
facet normal 0.19225651 0.783967 -0.5902823
 outer loop
  vertex 0.025709568 0.14728859 -0.100400314
  vertex 0.04305078 0.14478274 -0.098080315
  vertex 0.026245438 0.13678303 -0.11417844
 endloop
endfacet
facet normal -0.92421836 0.28547984 -0.25361747
 outer loop
  vertex -0.16304779 0.060293898 -0.04707343
  vertex -0.16279024 0.055244595 -0.05369564
  vertex -0.16953489 0.042610563 -0.043338425
 endloop
endfacet
facet normal -0.92421806 0.28547946 -0.2536187
 outer loop
  vertex -0.16974398 0.04670962 -0.037962466
  vertex -0.16304779 0.060293898 -0.04707343
  vertex -0.16953489 0.042610563 -0.043338425
 endloop
endfacet
facet normal 0.095298454 0.7933752 -0.6012269
 outer loop
  vertex 0.025709568 0.14728859 -0.100400314
  vertex 0.026245438 0.13678303 -0.11417844
  vertex 0.008664471 0.13771616 -0.115733795
 endloop
endfacet
facet normal 0.09529816 0.7933755 -0.6012267
 outer loop
  vertex 0.008120732 0.14837596 -0.10175337
  vertex 0.025709568 0.14728859 -0.100400314
  vertex 0.008664471 0.13771616 -0.115733795
 endloop
endfacet
facet normal 0.9797892 0.17560665 -0.09578865
 outer loop
  vertex 0.17797399 0.025213324 -0.011213223
  vertex 0.17802754 0.024163427 -0.012590176
  vertex 0.17456521 0.037339196 -0.023850387
 endloop
endfacet
facet normal 0.9797893 0.1756053 -0.09579001
 outer loop
  vertex 0.17445862 0.039428882 -0.021109743
  vertex 0.17797399 0.025213324 -0.011213223
  vertex 0.17456521 0.037339196 -0.023850387
 endloop
endfacet
facet normal -0.95709777 0.21127035 -0.19831467
 outer loop
  vertex -0.16974398 0.04670962 -0.037962466
  vertex -0.16953489 0.042610563 -0.043338425
  vertex -0.17464684 0.029566221 -0.032563876
 endloop
endfacet
facet normal -0.95709777 0.21127032 -0.19831467
 outer loop
  vertex -0.17480545 0.032675564 -0.028485937
  vertex -0.16974398 0.04670962 -0.037962466
  vertex -0.17464684 0.029566221 -0.032563876
 endloop
endfacet
facet normal -0.0025685646 0.79516023 -0.6063939
 outer loop
  vertex 0.008120732 0.14837596 -0.10175337
  vertex 0.008664471 0.13771616 -0.115733795
  vertex -0.008999939 0.13732298 -0.11617455
 endloop
endfacet
facet normal -0.002568069 0.79516 -0.60639423
 outer loop
  vertex -0.009546308 0.14803436 -0.10212648
  vertex 0.008120732 0.14837596 -0.10175337
  vertex -0.008999939 0.13732298 -0.11617455
 endloop
endfacet
facet normal 0.9556685 0.25088397 -0.15412658
 outer loop
  vertex 0.17445862 0.039428882 -0.021109743
  vertex 0.17456521 0.037339196 -0.023850387
  vertex 0.16942175 0.05015532 -0.034880843
 endloop
endfacet
facet normal 0.9556682 0.25088584 -0.15412506
 outer loop
  vertex 0.16926314 0.05326466 -0.030802904
  vertex 0.17445862 0.039428882 -0.021109743
  vertex 0.16942175 0.05015532 -0.034880843
 endloop
endfacet
facet normal -0.98074824 0.13500912 -0.141087
 outer loop
  vertex -0.17480545 0.032675564 -0.028485937
  vertex -0.17464684 0.029566221 -0.032563876
  vertex -0.17807683 0.016237048 -0.021475676
 endloop
endfacet
facet normal -0.9807483 0.13500988 -0.1410852
 outer loop
  vertex -0.17818342 0.018326735 -0.018735033
  vertex -0.17480545 0.032675564 -0.028485937
  vertex -0.17807683 0.016237048 -0.021475676
 endloop
endfacet
facet normal -0.10040883 0.7893052 -0.6057354
 outer loop
  vertex -0.009546308 0.14803436 -0.10212648
  vertex -0.008999939 0.13732298 -0.11617455
  vertex -0.026577652 0.13560726 -0.11549648
 endloop
endfacet
facet normal -0.1004093 0.78930545 -0.605735
 outer loop
  vertex -0.027121391 0.14626706 -0.10151605
  vertex -0.009546308 0.14803436 -0.10212648
  vertex -0.026577652 0.13560726 -0.11549648
 endloop
endfacet
facet normal 0.92232704 0.32373625 -0.21096872
 outer loop
  vertex 0.16926314 0.05326466 -0.030802904
  vertex 0.16942175 0.05015532 -0.034880843
  vertex 0.16264665 0.062488347 -0.045575347
 endloop
endfacet
facet normal 0.92232704 0.323736 -0.21096887
 outer loop
  vertex 0.16243756 0.0665874 -0.040199388
  vertex 0.16926314 0.05326466 -0.030802904
  vertex 0.16264665 0.062488347 -0.045575347
 endloop
endfacet
facet normal -0.9949353 0.05743813 -0.08249006
 outer loop
  vertex -0.17818342 0.018326735 -0.018735033
  vertex -0.17807683 0.016237048 -0.021475676
  vertex -0.17979184 0.002751465 -0.010180598
 endloop
endfacet
facet normal -0.9949352 0.057437286 -0.08249159
 outer loop
  vertex -0.1798454 0.0038013626 -0.008803647
  vertex -0.17818342 0.018326735 -0.018735033
  vertex -0.17979184 0.002751465 -0.010180598
 endloop
endfacet
facet normal -0.19728586 0.7758672 -0.59925646
 outer loop
  vertex -0.027121391 0.14626706 -0.10151605
  vertex -0.026577652 0.13560726 -0.11549648
  vertex -0.04389943 0.13258556 -0.11370609
 endloop
endfacet
facet normal -0.1972856 0.7758671 -0.5992567
 outer loop
  vertex -0.0444353 0.14309111 -0.09992796
  vertex -0.027121391 0.14626706 -0.10151605
  vertex -0.04389943 0.13258556 -0.11370609
 endloop
endfacet
facet normal 0.8800934 0.3934505 -0.26576734
 outer loop
  vertex 0.16243756 0.0665874 -0.040199388
  vertex 0.16264665 0.062488347 -0.045575347
  vertex 0.15430517 0.074219614 -0.055830956
 endloop
endfacet
facet normal 0.88009375 0.3934492 -0.26576814
 outer loop
  vertex 0.15404762 0.07926891 -0.04920875
  vertex 0.16243756 0.0665874 -0.040199388
  vertex 0.15430517 0.074219614 -0.055830956
 endloop
endfacet
facet normal -0.29227313 0.75497305 -0.5870197
 outer loop
  vertex -0.0444353 0.14309111 -0.09992796
  vertex -0.04389943 0.13258556 -0.11370609
  vertex -0.060798436 0.12828699 -0.11082063
 endloop
endfacet
facet normal -0.29227448 0.75497353 -0.5870184
 outer loop
  vertex -0.06132128 0.13853711 -0.097377464
  vertex -0.0444353 0.14309111 -0.09992796
  vertex -0.060798436 0.12828699 -0.11082063
 endloop
endfacet
facet normal 0.8293793 0.45935765 -0.31799442
 outer loop
  vertex 0.15404762 0.07926891 -0.04920875
  vertex 0.15430517 0.074219614 -0.055830956
  vertex 0.14447765 0.08523607 -0.0655489
 endloop
endfacet
facet normal 0.8293795 0.45935726 -0.31799468
 outer loop
  vertex 0.14417411 0.091186985 -0.057744212
  vertex 0.15404762 0.07926891 -0.04920875
  vertex 0.14447765 0.08523607 -0.0655489
 endloop
endfacet
facet normal -0.38446614 0.7268204 -0.5691378
 outer loop
  vertex -0.06132128 0.13853711 -0.097377464
  vertex -0.060798436 0.12828699 -0.11082063
  vertex -0.0771119 0.12275287 -0.10686787
 endloop
endfacet
facet normal -0.38446432 0.72681975 -0.56913984
 outer loop
  vertex -0.07761668 0.1326489 -0.09388916
  vertex -0.06132128 0.13853711 -0.097377464
  vertex -0.0771119 0.12275287 -0.10686787
 endloop
endfacet
facet normal 0.7706795 0.52082413 -0.36714485
 outer loop
  vertex 0.14417411 0.091186985 -0.057744212
  vertex 0.14447765 0.08523607 -0.0655489
  vertex 0.13325875 0.095431626 -0.074635476
 endloop
endfacet
facet normal 0.770679 0.52082527 -0.36714423
 outer loop
  vertex 0.13291213 0.10222684 -0.06572348
  vertex 0.14417411 0.091186985 -0.057744212
  vertex 0.13325875 0.095431626 -0.074635476
 endloop
endfacet
facet normal -0.472975 0.6916746 -0.5457847
 outer loop
  vertex -0.07761668 0.1326489 -0.09388916
  vertex -0.0771119 0.12275287 -0.10686787
  vertex -0.09268273 0.11603652 -0.1018859
 endloop
endfacet
facet normal -0.4729754 0.6916747 -0.5457841
 outer loop
  vertex -0.09316458 0.12548311 -0.08949662
  vertex -0.07761668 0.1326489 -0.09388916
  vertex -0.09268273 0.11603652 -0.1018859
 endloop
endfacet
facet normal 0.70456743 0.577258 -0.4127443
 outer loop
  vertex 0.13291213 0.10222684 -0.06572348
  vertex 0.13325875 0.095431626 -0.074635476
  vertex 0.12075646 0.10470812 -0.0830033
 endloop
endfacet
facet normal 0.7045675 0.57725805 -0.41274437
 outer loop
  vertex 0.12037012 0.112282194 -0.07306981
  vertex 0.13291213 0.10222684 -0.06572348
  vertex 0.12075646 0.10470812 -0.0830033
 endloop
endfacet
facet normal -0.55694616 0.649875 -0.5171784
 outer loop
  vertex -0.09316458 0.12548311 -0.08949662
  vertex -0.09268273 0.11603652 -0.1018859
  vertex -0.107361 0.10820272 -0.095922746
 endloop
endfacet
facet normal -0.5569463 0.649875 -0.5171783
 outer loop
  vertex -0.10781529 0.1171089 -0.08424221
  vertex -0.09316458 0.12548311 -0.08949662
  vertex -0.107361 0.10820272 -0.095922746
 endloop
endfacet
facet normal 0.6316818 0.62812006 -0.45436037
 outer loop
  vertex 0.12037012 0.112282194 -0.07306981
  vertex 0.12075646 0.10470812 -0.0830033
  vertex 0.10709124 0.1129761 -0.09057172
 endloop
endfacet
facet normal 0.63168174 0.6281202 -0.45436034
 outer loop
  vertex 0.10666889 0.12125609 -0.079712406
  vertex 0.12037012 0.112282194 -0.07306981
  vertex 0.10709124 0.1129761 -0.09057172
 endloop
endfacet
facet normal -0.6355847 0.6018097 -0.48358786
 outer loop
  vertex -0.10781529 0.1171089 -0.08424221
  vertex -0.107361 0.10820272 -0.095922746
  vertex -0.12100532 0.09932677 -0.089035705
 endloop
endfacet
facet normal -0.635585 0.6018098 -0.48358732
 outer loop
  vertex -0.12142767 0.10760676 -0.0781764
  vertex -0.10781529 0.1171089 -0.08424221
  vertex -0.12100532 0.09932677 -0.089035705
 endloop
endfacet
facet normal 0.552738 0.6729196 -0.49158925
 outer loop
  vertex 0.10666889 0.12125609 -0.079712406
  vertex 0.10709124 0.1129761 -0.09057172
  vertex 0.09239467 0.12015613 -0.09726789
 endloop
endfacet
facet normal 0.55273837 0.6729191 -0.4915895
 outer loop
  vertex 0.09194038 0.12906231 -0.085587345
  vertex 0.10666889 0.12125609 -0.079712406
  vertex 0.09239467 0.12015613 -0.09726789
 endloop
endfacet
facet normal -0.7081165 0.54794604 -0.44533834
 outer loop
  vertex -0.12142767 0.10760676 -0.0781764
  vertex -0.12100532 0.09932677 -0.089035705
  vertex -0.13348429 0.08949432 -0.08129123
 endloop
endfacet
facet normal -0.7081166 0.5479461 -0.44533807
 outer loop
  vertex -0.13387063 0.09706839 -0.07135774
  vertex -0.12142767 0.10760676 -0.0781764
  vertex -0.13348429 0.08949432 -0.08129123
 endloop
endfacet
facet normal 0.4684851 0.71123725 -0.52408326
 outer loop
  vertex 0.09194038 0.12906231 -0.085587345
  vertex 0.09239467 0.12015613 -0.09726789
  vertex 0.076808296 0.12617886 -0.10302727
 endloop
endfacet
facet normal 0.46848518 0.7112371 -0.5240834
 outer loop
  vertex 0.076326445 0.13562544 -0.09063799
  vertex 0.09194038 0.12906231 -0.085587345
  vertex 0.076808296 0.12617886 -0.10302727
 endloop
endfacet
facet normal -0.7738513 0.4887895 -0.402789
 outer loop
  vertex -0.13387063 0.09706839 -0.07135774
  vertex -0.13348429 0.08949432 -0.08129123
  vertex -0.14467774 0.07879987 -0.072763845
 endloop
endfacet
facet normal -0.77385116 0.48878944 -0.40278932
 outer loop
  vertex -0.14502436 0.085595086 -0.06385185
  vertex -0.13387063 0.09706839 -0.07135774
  vertex -0.14467774 0.07879987 -0.072763845
 endloop
endfacet
facet normal 0.3797504 0.7427031 -0.55152667
 outer loop
  vertex 0.076326445 0.13562544 -0.09063799
  vertex 0.076808296 0.12617886 -0.10302727
  vertex 0.0604822 0.13098648 -0.10779441
 endloop
endfacet
facet normal 0.3797498 0.74270374 -0.55152637
 outer loop
  vertex 0.059977423 0.14088248 -0.094815694
  vertex 0.076326445 0.13562544 -0.09063799
  vertex 0.0604822 0.13098648 -0.10779441
 endloop
endfacet
facet normal -0.9254086 0.30926797 -0.21902548
 outer loop
  vertex -0.16326201 0.064671144 -0.03998758
  vertex -0.16304779 0.060293898 -0.04707343
  vertex -0.16974398 0.04670962 -0.037962466
 endloop
endfacet
facet normal -0.9254089 0.30926827 -0.2190241
 outer loop
  vertex -0.16991788 0.050263092 -0.032210123
  vertex -0.16326201 0.064671144 -0.03998758
  vertex -0.16974398 0.04670962 -0.037962466
 endloop
endfacet
facet normal 0.09254649 0.8483587 -0.52127016
 outer loop
  vertex 0.025263868 0.15639585 -0.08565752
  vertex 0.025709568 0.14728859 -0.100400314
  vertex 0.008120732 0.14837596 -0.10175337
 endloop
endfacet
facet normal 0.09254647 0.8483588 -0.52127016
 outer loop
  vertex 0.0076684887 0.15761693 -0.08679413
  vertex 0.025263868 0.15639585 -0.08565752
  vertex 0.008120732 0.14837596 -0.10175337
 endloop
endfacet
facet normal 0.9793807 0.18377025 -0.08391652
 outer loop
  vertex 0.17792945 0.026123483 -0.0097398665
  vertex 0.17797399 0.025213324 -0.011213223
  vertex 0.17445862 0.039428882 -0.021109743
 endloop
endfacet
facet normal 0.9793805 0.1837726 -0.08391373
 outer loop
  vertex 0.17436996 0.04124043 -0.018177217
  vertex 0.17792945 0.026123483 -0.0097398665
  vertex 0.17445862 0.039428882 -0.021109743
 endloop
endfacet
facet normal -0.95803595 0.23001695 -0.17105341
 outer loop
  vertex -0.16991788 0.050263092 -0.032210123
  vertex -0.16974398 0.04670962 -0.037962466
  vertex -0.17480545 0.032675564 -0.028485937
 endloop
endfacet
facet normal -0.95803607 0.23001719 -0.17105256
 outer loop
  vertex -0.17493735 0.035371058 -0.024122484
  vertex -0.16991788 0.050263092 -0.032210123
  vertex -0.17480545 0.032675564 -0.028485937
 endloop
endfacet
facet normal -0.005346487 0.85067695 -0.5256616
 outer loop
  vertex 0.0076684887 0.15761693 -0.08679413
  vertex 0.008120732 0.14837596 -0.10175337
  vertex -0.009546308 0.14803436 -0.10212648
 endloop
endfacet
facet normal -0.0053475006 0.85067743 -0.5256609
 outer loop
  vertex -0.010000739 0.15732002 -0.087094866
  vertex 0.0076684887 0.15761693 -0.08679413
  vertex -0.009546308 0.14803436 -0.10212648
 endloop
endfacet
facet normal 0.9549916 0.264407 -0.13446252
 outer loop
  vertex 0.17436996 0.04124043 -0.018177217
  vertex 0.17445862 0.039428882 -0.021109743
  vertex 0.16926314 0.05326466 -0.030802904
 endloop
endfacet
facet normal 0.9549919 0.26440424 -0.13446537
 outer loop
  vertex 0.16913123 0.055960156 -0.026439454
  vertex 0.17436996 0.04124043 -0.018177217
  vertex 0.16926314 0.05326466 -0.030802904
 endloop
endfacet
facet normal -0.9814251 0.14853139 -0.12142226
 outer loop
  vertex -0.17493735 0.035371058 -0.024122484
  vertex -0.17480545 0.032675564 -0.028485937
  vertex -0.17818342 0.018326735 -0.018735033
 endloop
endfacet
facet normal -0.98142475 0.14853023 -0.12142574
 outer loop
  vertex -0.17827208 0.020138282 -0.015802504
  vertex -0.17493735 0.035371058 -0.024122484
  vertex -0.17818342 0.018326735 -0.018735033
 endloop
endfacet
facet normal -0.10318791 0.84482265 -0.5250019
 outer loop
  vertex -0.010000739 0.15732002 -0.087094866
  vertex -0.009546308 0.14803436 -0.10212648
  vertex -0.027121391 0.14626706 -0.10151605
 endloop
endfacet
facet normal -0.10318692 0.84482217 -0.5250027
 outer loop
  vertex -0.027573634 0.15550803 -0.086556815
  vertex -0.010000739 0.15732002 -0.087094866
  vertex -0.027121391 0.14626706 -0.10151605
 endloop
endfacet
facet normal 0.9213889 0.34247974 -0.1837118
 outer loop
  vertex 0.16913123 0.055960156 -0.026439454
  vertex 0.16926314 0.05326466 -0.030802904
  vertex 0.16243756 0.0665874 -0.040199388
 endloop
endfacet
facet normal 0.92138875 0.34248072 -0.18371099
 outer loop
  vertex 0.16226366 0.070140876 -0.03444704
  vertex 0.16913123 0.055960156 -0.026439454
  vertex 0.16243756 0.0665874 -0.040199388
 endloop
endfacet
facet normal -0.9953438 0.06560208 -0.07061837
 outer loop
  vertex -0.17827208 0.020138282 -0.015802504
  vertex -0.17818342 0.018326735 -0.018735033
  vertex -0.1798454 0.0038013626 -0.008803647
 endloop
endfacet
facet normal -0.99534404 0.06560341 -0.07061527
 outer loop
  vertex -0.17988993 0.004711518 -0.00733029
  vertex -0.17827208 0.020138282 -0.015802504
  vertex -0.1798454 0.0038013626 -0.008803647
 endloop
endfacet
facet normal -0.20003746 0.8308506 -0.51929986
 outer loop
  vertex -0.027573634 0.15550803 -0.086556815
  vertex -0.027121391 0.14626706 -0.10151605
  vertex -0.0444353 0.14309111 -0.09992796
 endloop
endfacet
facet normal -0.2000374 0.8308505 -0.5192999
 outer loop
  vertex -0.044881 0.15219837 -0.08518517
  vertex -0.027573634 0.15550803 -0.086556815
  vertex -0.0444353 0.14309111 -0.09992796
 endloop
endfacet
facet normal 0.87890327 0.41723716 -0.23117563
 outer loop
  vertex 0.16226366 0.070140876 -0.03444704
  vertex 0.16243756 0.0665874 -0.040199388
  vertex 0.15404762 0.07926891 -0.04920875
 endloop
endfacet
facet normal 0.87890315 0.41723773 -0.23117529
 outer loop
  vertex 0.1538334 0.083646156 -0.042122897
  vertex 0.16226366 0.070140876 -0.03444704
  vertex 0.15404762 0.07926891 -0.04920875
 endloop
endfacet
facet normal -0.294973 0.8088944 -0.50860673
 outer loop
  vertex -0.044881 0.15219837 -0.08518517
  vertex -0.0444353 0.14309111 -0.09992796
  vertex -0.06132128 0.13853711 -0.097377464
 endloop
endfacet
facet normal -0.29497313 0.80889446 -0.50860655
 outer loop
  vertex -0.06175614 0.14742295 -0.0829931
  vertex -0.044881 0.15219837 -0.08518517
  vertex -0.06132128 0.13853711 -0.097377464
 endloop
endfacet
facet normal 0.827948 0.4879584 -0.27640307
 outer loop
  vertex 0.1538334 0.083646156 -0.042122897
  vertex 0.15404762 0.07926891 -0.04920875
  vertex 0.14417411 0.091186985 -0.057744212
 endloop
endfacet
facet normal 0.82794803 0.48795837 -0.27640304
 outer loop
  vertex 0.14392164 0.09634584 -0.049393095
  vertex 0.1538334 0.083646156 -0.042122897
  vertex 0.14417411 0.091186985 -0.057744212
 endloop
endfacet
facet normal -0.38708386 0.7791619 -0.4930241
 outer loop
  vertex -0.06175614 0.14742295 -0.0829931
  vertex -0.06132128 0.13853711 -0.097377464
  vertex -0.07761668 0.1326489 -0.09388916
 endloop
endfacet
facet normal -0.3870838 0.7791619 -0.4930243
 outer loop
  vertex -0.07803652 0.14122775 -0.08000176
  vertex -0.06175614 0.14742295 -0.0829931
  vertex -0.07761668 0.1326489 -0.09388916
 endloop
endfacet
facet normal 0.7690207 0.5539614 -0.31895757
 outer loop
  vertex 0.14392164 0.09634584 -0.049393095
  vertex 0.14417411 0.091186985 -0.057744212
  vertex 0.13291213 0.10222684 -0.06572348
 endloop
endfacet
facet normal 0.7690209 0.55396074 -0.318958
 outer loop
  vertex 0.13262385 0.10811762 -0.056187525
  vertex 0.14392164 0.09634584 -0.049393095
  vertex 0.13291213 0.10222684 -0.06572348
 endloop
endfacet
facet normal -0.4754908 0.7419328 -0.47269896
 outer loop
  vertex -0.07803652 0.14122775 -0.08000176
  vertex -0.07761668 0.1326489 -0.09388916
  vertex -0.09316458 0.12548311 -0.08949662
 endloop
endfacet
facet normal -0.47549045 0.7419327 -0.47269943
 outer loop
  vertex -0.09356535 0.13367236 -0.07623992
  vertex -0.07803652 0.14122775 -0.08000176
  vertex -0.09316458 0.12548311 -0.08949662
 endloop
endfacet
facet normal 0.7026982 0.61460924 -0.35842824
 outer loop
  vertex 0.13262385 0.10811762 -0.056187525
  vertex 0.13291213 0.10222684 -0.06572348
  vertex 0.12037012 0.112282194 -0.07306981
 endloop
endfacet
facet normal 0.7026975 0.6146104 -0.35842746
 outer loop
  vertex 0.12004879 0.11884816 -0.062440842
  vertex 0.13262385 0.10811762 -0.056187525
  vertex 0.12037012 0.112282194 -0.07306981
 endloop
endfacet
facet normal -0.5593332 0.69756556 -0.44782662
 outer loop
  vertex -0.09356535 0.13367236 -0.07623992
  vertex -0.09316458 0.12548311 -0.08949662
  vertex -0.10781529 0.1171089 -0.08424221
 endloop
endfacet
facet normal -0.5593335 0.6975656 -0.44782615
 outer loop
  vertex -0.10819314 0.12482966 -0.071743876
  vertex -0.09356535 0.13367236 -0.07623992
  vertex -0.10781529 0.1171089 -0.08424221
 endloop
endfacet
facet normal 0.6296193 0.66932696 -0.3944374
 outer loop
  vertex 0.12004879 0.11884816 -0.062440842
  vertex 0.12037012 0.112282194 -0.07306981
  vertex 0.10666889 0.12125609 -0.079712406
 endloop
endfacet
facet normal 0.6296194 0.66932684 -0.39443758
 outer loop
  vertex 0.10631761 0.12843402 -0.06809281
  vertex 0.12004879 0.11884816 -0.062440842
  vertex 0.10666889 0.12125609 -0.079712406
 endloop
endfacet
facet normal -0.6378203 0.6464737 -0.41863728
 outer loop
  vertex -0.10819314 0.12482966 -0.071743876
  vertex -0.10781529 0.1171089 -0.08424221
  vertex -0.12142767 0.10760676 -0.0781764
 endloop
endfacet
facet normal -0.6378205 0.64647365 -0.41863692
 outer loop
  vertex -0.12177895 0.11478468 -0.06655681
  vertex -0.10819314 0.12482966 -0.071743876
  vertex -0.12142767 0.10760676 -0.0781764
 endloop
endfacet
facet normal 0.5505031 0.71758294 -0.4266393
 outer loop
  vertex 0.10631761 0.12843402 -0.06809281
  vertex 0.10666889 0.12125609 -0.079712406
  vertex 0.09194038 0.12906231 -0.085587345
 endloop
endfacet
facet normal 0.55050325 0.71758264 -0.42663944
 outer loop
  vertex 0.09156253 0.13678308 -0.07308901
  vertex 0.10631761 0.12843402 -0.06809281
  vertex 0.09194038 0.12906231 -0.085587345
 endloop
endfacet
facet normal -0.71017873 0.5891531 -0.38541508
 outer loop
  vertex -0.12177895 0.11478468 -0.06655681
  vertex -0.12142767 0.10760676 -0.0781764
  vertex -0.13387063 0.09706839 -0.07135774
 endloop
endfacet
facet normal -0.7101789 0.5891532 -0.38541463
 outer loop
  vertex -0.13419196 0.10363436 -0.060728773
  vertex -0.12177895 0.11478468 -0.06655681
  vertex -0.13387063 0.09706839 -0.07135774
 endloop
endfacet
facet normal 0.46609828 0.75892776 -0.45473185
 outer loop
  vertex 0.09156253 0.13678308 -0.07308901
  vertex 0.09194038 0.12906231 -0.085587345
  vertex 0.076326445 0.13562544 -0.09063799
 endloop
endfacet
facet normal 0.4660982 0.7589278 -0.45473185
 outer loop
  vertex 0.07592567 0.14381468 -0.07738128
  vertex 0.09156253 0.13678308 -0.07308901
  vertex 0.076326445 0.13562544 -0.09063799
 endloop
endfacet
facet normal -0.7757206 0.52614194 -0.34847137
 outer loop
  vertex -0.13419196 0.10363436 -0.060728773
  vertex -0.13387063 0.09706839 -0.07135774
  vertex -0.14502436 0.085595086 -0.06385185
 endloop
endfacet
facet normal -0.7757206 0.52614194 -0.3484713
 outer loop
  vertex -0.14531264 0.091485865 -0.054315887
  vertex -0.13419196 0.10363436 -0.060728773
  vertex -0.14502436 0.085595086 -0.06385185
 endloop
endfacet
facet normal 0.37723467 0.792961 -0.47844216
 outer loop
  vertex 0.07592567 0.14381468 -0.07738128
  vertex 0.076326445 0.13562544 -0.09063799
  vertex 0.059977423 0.14088248 -0.094815694
 endloop
endfacet
facet normal 0.37723458 0.792961 -0.47844204
 outer loop
  vertex 0.05955758 0.14946133 -0.080928296
  vertex 0.07592567 0.14381468 -0.07738128
  vertex 0.059977423 0.14088248 -0.094815694
 endloop
endfacet
facet normal -0.83380324 0.45804805 -0.3081627
 outer loop
  vertex -0.14531264 0.091485865 -0.054315887
  vertex -0.14502436 0.085595086 -0.06385185
  vertex -0.15478139 0.07329745 -0.055731036
 endloop
endfacet
facet normal -0.83380276 0.45804793 -0.30816406
 outer loop
  vertex -0.15503386 0.078456305 -0.04737992
  vertex -0.14531264 0.091485865 -0.054315887
  vertex -0.15478139 0.07329745 -0.055731036
 endloop
endfacet
facet normal 0.28476045 0.819364 -0.49754804
 outer loop
  vertex 0.05955758 0.14946133 -0.080928296
  vertex 0.059977423 0.14088248 -0.094815694
  vertex 0.04305078 0.14478274 -0.098080315
 endloop
endfacet
facet normal 0.28476056 0.81936395 -0.4975482
 outer loop
  vertex 0.04261592 0.15366858 -0.083695956
  vertex 0.05955758 0.14946133 -0.080928296
  vertex 0.04305078 0.14478274 -0.098080315
 endloop
endfacet
facet normal -0.8838623 0.38552338 -0.26487583
 outer loop
  vertex -0.15503386 0.078456305 -0.04737992
  vertex -0.15478139 0.07329745 -0.055731036
  vertex -0.16304779 0.060293898 -0.04707343
 endloop
endfacet
facet normal -0.88386226 0.38552338 -0.2648758
 outer loop
  vertex -0.16326201 0.064671144 -0.03998758
  vertex -0.15503386 0.078456305 -0.04737992
  vertex -0.16304779 0.060293898 -0.04707343
 endloop
endfacet
facet normal 0.18955787 0.8378886 -0.51186967
 outer loop
  vertex 0.04261592 0.15366858 -0.083695956
  vertex 0.04305078 0.14478274 -0.098080315
  vertex 0.025709568 0.14728859 -0.100400314
 endloop
endfacet
facet normal 0.1895577 0.8378887 -0.5118696
 outer loop
  vertex 0.025263868 0.15639585 -0.08565752
  vertex 0.04261592 0.15366858 -0.083695956
  vertex 0.025709568 0.14728859 -0.100400314
 endloop
endfacet
facet normal -0.98197424 0.16006273 -0.1005315
 outer loop
  vertex -0.17504132 0.037626743 -0.019515544
  vertex -0.17493735 0.035371058 -0.024122484
  vertex -0.17827208 0.020138282 -0.015802504
 endloop
endfacet
facet normal -0.9819745 0.16006371 -0.1005272
 outer loop
  vertex -0.17834194 0.02165425 -0.012706338
  vertex -0.17504132 0.037626743 -0.019515544
  vertex -0.17827208 0.020138282 -0.015802504
 endloop
endfacet
facet normal -0.10544276 0.8921741 -0.4392119
 outer loop
  vertex -0.01035886 0.1650906 -0.07122445
  vertex -0.010000739 0.15732002 -0.087094866
  vertex -0.027573634 0.15550803 -0.086556815
 endloop
endfacet
facet normal -0.10544254 0.8921741 -0.43921208
 outer loop
  vertex -0.02793003 0.1632412 -0.07076283
  vertex -0.01035886 0.1650906 -0.07122445
  vertex -0.027573634 0.15550803 -0.086556815
 endloop
endfacet
facet normal 0.92062706 0.35847062 -0.15474096
 outer loop
  vertex 0.16902727 0.058215838 -0.021832515
  vertex 0.16913123 0.055960156 -0.026439454
  vertex 0.16226366 0.070140876 -0.03444704
 endloop
endfacet
facet normal 0.9206273 0.35846922 -0.15474245
 outer loop
  vertex 0.16212662 0.07311455 -0.028373701
  vertex 0.16902727 0.058215838 -0.021832515
  vertex 0.16226366 0.070140876 -0.03444704
 endloop
endfacet
facet normal -0.99567574 0.07256845 -0.05799624
 outer loop
  vertex -0.17834194 0.02165425 -0.012706338
  vertex -0.17827208 0.020138282 -0.015802504
  vertex -0.17988993 0.004711518 -0.00733029
 endloop
endfacet
facet normal -0.9956756 0.07256674 -0.05800166
 outer loop
  vertex -0.17992504 0.0054731686 -0.005774717
  vertex -0.17834194 0.02165425 -0.012706338
  vertex -0.17988993 0.004711518 -0.00733029
 endloop
endfacet
facet normal -0.20227167 0.8777474 -0.4343334
 outer loop
  vertex -0.02793003 0.1632412 -0.07076283
  vertex -0.027573634 0.15550803 -0.086556815
  vertex -0.044881 0.15219837 -0.08518517
 endloop
endfacet
facet normal -0.20227155 0.8777475 -0.43433356
 outer loop
  vertex -0.04523224 0.15981965 -0.069619715
  vertex -0.02793003 0.1632412 -0.07076283
  vertex -0.044881 0.15219837 -0.08518517
 endloop
endfacet
facet normal 0.87793654 0.43752748 -0.19441482
 outer loop
  vertex 0.16212662 0.07311455 -0.028373701
  vertex 0.16226366 0.070140876 -0.03444704
  vertex 0.1538334 0.083646156 -0.042122897
 endloop
endfacet
facet normal 0.8779364 0.43752778 -0.19441445
 outer loop
  vertex 0.15366459 0.087309174 -0.034641646
  vertex 0.16212662 0.07311455 -0.028373701
  vertex 0.1538334 0.083646156 -0.042122897
 endloop
endfacet
facet normal -0.29716405 0.8548857 -0.42528108
 outer loop
  vertex -0.04523224 0.15981965 -0.069619715
  vertex -0.044881 0.15219837 -0.08518517
  vertex -0.06175614 0.14742295 -0.0829931
 endloop
endfacet
facet normal -0.29716522 0.85488594 -0.42527986
 outer loop
  vertex -0.062098842 0.15485892 -0.067806065
  vertex -0.04523224 0.15981965 -0.069619715
  vertex -0.06175614 0.14742295 -0.0829931
 endloop
endfacet
facet normal 0.8267858 0.5123533 -0.2322052
 outer loop
  vertex 0.15366459 0.087309174 -0.034641646
  vertex 0.1538334 0.083646156 -0.042122897
  vertex 0.14392164 0.09634584 -0.049393095
 endloop
endfacet
facet normal 0.8267862 0.5123523 -0.23220603
 outer loop
  vertex 0.14372268 0.10066296 -0.040575974
  vertex 0.15366459 0.087309174 -0.034641646
  vertex 0.14392164 0.09634584 -0.049393095
 endloop
endfacet
facet normal -0.38921052 0.823806 -0.41213927
 outer loop
  vertex -0.062098842 0.15485892 -0.067806065
  vertex -0.06175614 0.14742295 -0.0829931
  vertex -0.07803652 0.14122775 -0.08000176
 endloop
endfacet
facet normal -0.38921034 0.823806 -0.41213956
 outer loop
  vertex -0.07836738 0.14840682 -0.06533941
  vertex -0.062098842 0.15485892 -0.067806065
  vertex -0.07803652 0.14122775 -0.08000176
 endloop
endfacet
facet normal 0.7676747 0.5822242 -0.26775116
 outer loop
  vertex 0.14372268 0.10066296 -0.040575974
  vertex 0.14392164 0.09634584 -0.049393095
  vertex 0.13262385 0.10811762 -0.056187525
 endloop
endfacet
facet normal 0.7676738 0.58222604 -0.2677496
 outer loop
  vertex 0.13239665 0.11304721 -0.046119448
  vertex 0.14372268 0.10066296 -0.040575974
  vertex 0.13262385 0.10811762 -0.056187525
 endloop
endfacet
facet normal -0.47753263 0.7847998 -0.39503416
 outer loop
  vertex -0.07836738 0.14840682 -0.06533941
  vertex -0.07803652 0.14122775 -0.08000176
  vertex -0.09356535 0.13367236 -0.07623992
 endloop
endfacet
facet normal -0.47753206 0.7847997 -0.39503497
 outer loop
  vertex -0.09388119 0.1405254 -0.062243465
  vertex -0.07836738 0.14840682 -0.06533941
  vertex -0.09356535 0.13367236 -0.07623992
 endloop
endfacet
facet normal 0.70117974 0.6464697 -0.30070558
 outer loop
  vertex 0.13239665 0.11304721 -0.046119448
  vertex 0.13262385 0.10811762 -0.056187525
  vertex 0.12004879 0.11884816 -0.062440842
 endloop
endfacet
facet normal 0.7011799 0.64646953 -0.30070573
 outer loop
  vertex 0.11979556 0.12434278 -0.051218767
  vertex 0.13239665 0.11304721 -0.046119448
  vertex 0.12004879 0.11884816 -0.062440842
 endloop
endfacet
facet normal -0.5612714 0.7382425 -0.3741289
 outer loop
  vertex -0.09388119 0.1405254 -0.062243465
  vertex -0.09356535 0.13367236 -0.07623992
  vertex -0.10819314 0.12482966 -0.071743876
 endloop
endfacet
facet normal -0.56127155 0.7382425 -0.37412873
 outer loop
  vertex -0.1084909 0.13129066 -0.05854812
  vertex -0.09388119 0.1405254 -0.062243465
  vertex -0.10819314 0.12482966 -0.071743876
 endloop
endfacet
facet normal 0.6279449 0.7044741 -0.33075884
 outer loop
  vertex 0.11979556 0.12434278 -0.051218767
  vertex 0.12004879 0.11884816 -0.062440842
  vertex 0.10631761 0.12843402 -0.06809281
 endloop
endfacet
facet normal 0.6279455 0.7044734 -0.3307594
 outer loop
  vertex 0.10604078 0.13444075 -0.055824824
  vertex 0.11979556 0.12434278 -0.051218767
  vertex 0.10631761 0.12843402 -0.06809281
 endloop
endfacet
facet normal -0.6396352 0.68456894 -0.34961697
 outer loop
  vertex -0.1084909 0.13129066 -0.05854812
  vertex -0.10819314 0.12482966 -0.071743876
  vertex -0.12177895 0.11478468 -0.06655681
 endloop
endfacet
facet normal -0.63963515 0.684569 -0.34961718
 outer loop
  vertex -0.12205578 0.12079143 -0.05428882
  vertex -0.1084909 0.13129066 -0.05854812
  vertex -0.12177895 0.11478468 -0.06655681
 endloop
endfacet
facet normal 0.5486885 0.7556782 -0.3576191
 outer loop
  vertex 0.10604078 0.13444075 -0.055824824
  vertex 0.10631761 0.12843402 -0.06809281
  vertex 0.09156253 0.13678308 -0.07308901
 endloop
endfacet
facet normal 0.54868853 0.7556783 -0.3576191
 outer loop
  vertex 0.09126477 0.14324407 -0.059893254
  vertex 0.10604078 0.13444075 -0.055824824
  vertex 0.09156253 0.13678308 -0.07308901
 endloop
endfacet
facet normal -0.7118532 0.6242997 -0.3217373
 outer loop
  vertex -0.12205578 0.12079143 -0.05428882
  vertex -0.12177895 0.11478468 -0.06655681
  vertex -0.13419196 0.10363436 -0.060728773
 endloop
endfacet
facet normal -0.7118536 0.6242997 -0.32173648
 outer loop
  vertex -0.13444519 0.109128974 -0.049506698
  vertex -0.12205578 0.12079143 -0.05428882
  vertex -0.13419196 0.10363436 -0.060728773
 endloop
endfacet
facet normal 0.46416017 0.799605 -0.38103414
 outer loop
  vertex 0.09126477 0.14324407 -0.059893254
  vertex 0.09156253 0.13678308 -0.07308901
  vertex 0.07592567 0.14381468 -0.07738128
 endloop
endfacet
facet normal 0.46416032 0.7996049 -0.38103428
 outer loop
  vertex 0.07560983 0.15066773 -0.06338483
  vertex 0.09126477 0.14324407 -0.059893254
  vertex 0.07592567 0.14381468 -0.07738128
 endloop
endfacet
facet normal -0.7772383 0.5580008 -0.29075024
 outer loop
  vertex -0.13444519 0.109128974 -0.049506698
  vertex -0.13419196 0.10363436 -0.060728773
  vertex -0.14531264 0.091485865 -0.054315887
 endloop
endfacet
facet normal -0.77723795 0.55800086 -0.29075113
 outer loop
  vertex -0.14553984 0.09641546 -0.04424781
  vertex -0.13444519 0.109128974 -0.049506698
  vertex -0.14531264 0.091485865 -0.054315887
 endloop
endfacet
facet normal 0.37519258 0.83582765 -0.40077758
 outer loop
  vertex 0.07560983 0.15066773 -0.06338483
  vertex 0.07592567 0.14381468 -0.07738128
  vertex 0.05955758 0.14946133 -0.080928296
 endloop
endfacet
facet normal 0.37519205 0.83582807 -0.4007771
 outer loop
  vertex 0.05922672 0.1566404 -0.066265956
  vertex 0.07560983 0.15066773 -0.06338483
  vertex 0.05955758 0.14946133 -0.080928296
 endloop
endfacet
facet normal -0.8351493 0.4863114 -0.25695693
 outer loop
  vertex -0.14553984 0.09641546 -0.04424781
  vertex -0.14531264 0.091485865 -0.054315887
  vertex -0.15503386 0.078456305 -0.04737992
 endloop
endfacet
facet normal -0.8351492 0.4863114 -0.25695714
 outer loop
  vertex -0.15523282 0.08277342 -0.038562797
  vertex -0.14553984 0.09641546 -0.04424781
  vertex -0.15503386 0.078456305 -0.04737992
 endloop
endfacet
facet normal 0.28263366 0.864008 -0.41666335
 outer loop
  vertex 0.05922672 0.1566404 -0.066265956
  vertex 0.05955758 0.14946133 -0.080928296
  vertex 0.04261592 0.15366858 -0.083695956
 endloop
endfacet
facet normal 0.28263396 0.8640078 -0.41666356
 outer loop
  vertex 0.04227322 0.16110456 -0.06850892
  vertex 0.05922672 0.1566404 -0.066265956
  vertex 0.04261592 0.15366858 -0.083695956
 endloop
endfacet
facet normal -0.8850244 0.40991813 -0.22067831
 outer loop
  vertex -0.15523282 0.08277342 -0.038562797
  vertex -0.15503386 0.078456305 -0.04737992
  vertex -0.16326201 0.064671144 -0.03998758
 endloop
endfacet
facet normal -0.8850247 0.40991816 -0.22067717
 outer loop
  vertex -0.16343082 0.06833416 -0.032506317
  vertex -0.15523282 0.08277342 -0.038562797
  vertex -0.16326201 0.064671144 -0.03998758
 endloop
endfacet
facet normal 0.18736668 0.88388026 -0.42854342
 outer loop
  vertex 0.04227322 0.16110456 -0.06850892
  vertex 0.04261592 0.15366858 -0.083695956
  vertex 0.025263868 0.15639585 -0.08565752
 endloop
endfacet
facet normal 0.18736719 0.8838799 -0.42854384
 outer loop
  vertex 0.02491263 0.16401713 -0.07009207
  vertex 0.04227322 0.16110456 -0.06850892
  vertex 0.025263868 0.15639585 -0.08565752
 endloop
endfacet
facet normal -0.92637545 0.3295579 -0.18226376
 outer loop
  vertex -0.16343082 0.06833416 -0.032506317
  vertex -0.16326201 0.064671144 -0.03998758
  vertex -0.16991788 0.050263092 -0.032210123
 endloop
endfacet
facet normal -0.9263754 0.32955793 -0.18226409
 outer loop
  vertex -0.17005493 0.05323676 -0.026136782
  vertex -0.16343082 0.06833416 -0.032506317
  vertex -0.16991788 0.050263092 -0.032210123
 endloop
endfacet
facet normal 0.090312414 0.8952556 -0.43630373
 outer loop
  vertex 0.02491263 0.16401713 -0.07009207
  vertex 0.025263868 0.15639585 -0.08565752
  vertex 0.0076684887 0.15761693 -0.08679413
 endloop
endfacet
facet normal 0.09031229 0.8952557 -0.43630365
 outer loop
  vertex 0.007312093 0.1653501 -0.071000144
  vertex 0.02491263 0.16401713 -0.07009207
  vertex 0.0076684887 0.15761693 -0.08679413
 endloop
endfacet
facet normal 0.97904867 0.1907378 -0.07129437
 outer loop
  vertex 0.17789434 0.026885131 -0.008184293
  vertex 0.17792945 0.026123483 -0.0097398665
  vertex 0.17436996 0.04124043 -0.018177217
 endloop
endfacet
facet normal 0.9790489 0.19073442 -0.07129935
 outer loop
  vertex 0.1743001 0.0427564 -0.01508105
  vertex 0.17789434 0.026885131 -0.008184293
  vertex 0.17436996 0.04124043 -0.018177217
 endloop
endfacet
facet normal -0.95879775 0.24600513 -0.14208604
 outer loop
  vertex -0.17005493 0.05323676 -0.026136782
  vertex -0.16991788 0.050263092 -0.032210123
  vertex -0.17493735 0.035371058 -0.024122484
 endloop
endfacet
facet normal -0.95879745 0.24600482 -0.1420881
 outer loop
  vertex -0.17504132 0.037626743 -0.019515544
  vertex -0.17005493 0.05323676 -0.026136782
  vertex -0.17493735 0.035371058 -0.024122484
 endloop
endfacet
facet normal -0.0076033403 0.89802885 -0.43987098
 outer loop
  vertex 0.007312093 0.1653501 -0.071000144
  vertex 0.0076684887 0.15761693 -0.08679413
  vertex -0.010000739 0.15732002 -0.087094866
 endloop
endfacet
facet normal -0.007603569 0.89802897 -0.43987074
 outer loop
  vertex -0.01035886 0.1650906 -0.07122445
  vertex 0.007312093 0.1653501 -0.071000144
  vertex -0.010000739 0.15732002 -0.087094866
 endloop
endfacet
facet normal 0.9544426 0.27593637 -0.11357171
 outer loop
  vertex 0.1743001 0.0427564 -0.01508105
  vertex 0.17436996 0.04124043 -0.018177217
  vertex 0.16913123 0.055960156 -0.026439454
 endloop
endfacet
facet normal 0.95444214 0.27593917 -0.11356819
 outer loop
  vertex 0.16902727 0.058215838 -0.021832515
  vertex 0.1743001 0.0427564 -0.01508105
  vertex 0.16913123 0.055960156 -0.026439454
 endloop
endfacet
facet normal -0.29882744 0.89250463 -0.3378426
 outer loop
  vertex -0.045485638 0.16588151 -0.053381484
  vertex -0.04523224 0.15981965 -0.069619715
  vertex -0.062098842 0.15485892 -0.067806065
 endloop
endfacet
facet normal -0.29882652 0.89250463 -0.33784366
 outer loop
  vertex -0.06234608 0.16077343 -0.05196262
  vertex -0.045485638 0.16588151 -0.053381484
  vertex -0.062098842 0.15485892 -0.067806065
 endloop
endfacet
facet normal 0.8259045 0.5323064 -0.1858271
 outer loop
  vertex 0.1535428 0.09022271 -0.026837034
  vertex 0.15366459 0.087309174 -0.034641646
  vertex 0.14372268 0.10066296 -0.040575974
 endloop
endfacet
facet normal 0.8259042 0.5323071 -0.18582635
 outer loop
  vertex 0.14357914 0.10409674 -0.03137775
  vertex 0.1535428 0.09022271 -0.026837034
  vertex 0.14372268 0.10066296 -0.040575974
 endloop
endfacet
facet normal -0.39082387 0.8603221 -0.3272653
 outer loop
  vertex -0.06234608 0.16077343 -0.05196262
  vertex -0.062098842 0.15485892 -0.067806065
  vertex -0.07836738 0.14840682 -0.06533941
 endloop
endfacet
facet normal -0.39082414 0.8603222 -0.327265
 outer loop
  vertex -0.07860607 0.15411699 -0.050043333
  vertex -0.06234608 0.16077343 -0.05196262
  vertex -0.07836738 0.14840682 -0.06533941
 endloop
endfacet
facet normal 0.7666522 0.605344 -0.21401633
 outer loop
  vertex 0.14357914 0.10409674 -0.03137775
  vertex 0.14372268 0.10066296 -0.040575974
  vertex 0.13239665 0.11304721 -0.046119448
 endloop
endfacet
facet normal 0.76665276 0.60534304 -0.21401736
 outer loop
  vertex 0.13223276 0.11696818 -0.035616204
  vertex 0.14357914 0.10409674 -0.03137775
  vertex 0.13239665 0.11304721 -0.046119448
 endloop
endfacet
facet normal -0.47908142 0.81986266 -0.31353828
 outer loop
  vertex -0.07860607 0.15411699 -0.050043333
  vertex -0.07836738 0.14840682 -0.06533941
  vertex -0.09388119 0.1405254 -0.062243465
 endloop
endfacet
facet normal -0.4790818 0.81986266 -0.31353784
 outer loop
  vertex -0.09410904 0.14597623 -0.047642063
  vertex -0.07860607 0.15411699 -0.050043333
  vertex -0.09388119 0.1405254 -0.062243465
 endloop
endfacet
facet normal 0.7000284 0.6725281 -0.24013779
 outer loop
  vertex 0.13223276 0.11696818 -0.035616204
  vertex 0.13239665 0.11304721 -0.046119448
  vertex 0.11979556 0.12434278 -0.051218767
 endloop
endfacet
facet normal 0.70002806 0.6725288 -0.24013707
 outer loop
  vertex 0.11961287 0.12871315 -0.039511655
  vertex 0.13223276 0.11696818 -0.035616204
  vertex 0.11979556 0.12434278 -0.051218767
 endloop
endfacet
facet normal -0.56274194 0.77151453 -0.29679462
 outer loop
  vertex -0.09410904 0.14597623 -0.047642063
  vertex -0.09388119 0.1405254 -0.062243465
  vertex -0.1084909 0.13129066 -0.05854812
 endloop
endfacet
facet normal -0.56274146 0.7715146 -0.2967953
 outer loop
  vertex -0.108705714 0.13642968 -0.04478201
  vertex -0.09410904 0.14597623 -0.047642063
  vertex -0.1084909 0.13129066 -0.05854812
 endloop
endfacet
facet normal 0.626675 0.73322207 -0.26393908
 outer loop
  vertex 0.11961287 0.12871315 -0.039511655
  vertex 0.11979556 0.12434278 -0.051218767
  vertex 0.10604078 0.13444075 -0.055824824
 endloop
endfacet
facet normal 0.62667453 0.7332226 -0.26393852
 outer loop
  vertex 0.10584106 0.13921843 -0.04302659
  vertex 0.11961287 0.12871315 -0.039511655
  vertex 0.10604078 0.13444075 -0.055824824
 endloop
endfacet
facet normal -0.6410121 0.71572936 -0.2771915
 outer loop
  vertex -0.108705714 0.13642968 -0.04478201
  vertex -0.1084909 0.13129066 -0.05854812
  vertex -0.12205578 0.12079143 -0.05428882
 endloop
endfacet
facet normal -0.6410122 0.7157293 -0.27719122
 outer loop
  vertex -0.1222555 0.12556912 -0.04149059
  vertex -0.108705714 0.13642968 -0.04478201
  vertex -0.12205578 0.12079143 -0.05428882
 endloop
endfacet
facet normal 0.5473115 0.7868389 -0.2851924
 outer loop
  vertex 0.10584106 0.13921843 -0.04302659
  vertex 0.10604078 0.13444075 -0.055824824
  vertex 0.09126477 0.14324407 -0.059893254
 endloop
endfacet
facet normal 0.5473115 0.7868389 -0.28519237
 outer loop
  vertex 0.091049954 0.14838307 -0.046127144
  vertex 0.10584106 0.13921843 -0.04302659
  vertex 0.09126477 0.14324407 -0.059893254
 endloop
endfacet
facet normal -0.71312386 0.653048 -0.25491706
 outer loop
  vertex -0.1222555 0.12556912 -0.04149059
  vertex -0.12205578 0.12079143 -0.05428882
  vertex -0.13444519 0.109128974 -0.049506698
 endloop
endfacet
facet normal -0.7131239 0.653048 -0.25491682
 outer loop
  vertex -0.13462788 0.11349934 -0.037799586
  vertex -0.1222555 0.12556912 -0.04149059
  vertex -0.13444519 0.109128974 -0.049506698
 endloop
endfacet
facet normal 0.46269003 0.8328774 -0.3036993
 outer loop
  vertex 0.091049954 0.14838307 -0.046127144
  vertex 0.09126477 0.14324407 -0.059893254
  vertex 0.07560983 0.15066773 -0.06338483
 endloop
endfacet
facet normal 0.46269077 0.83287656 -0.3037001
 outer loop
  vertex 0.07538198 0.15611856 -0.048783444
  vertex 0.091049954 0.14838307 -0.046127144
  vertex 0.07560983 0.15066773 -0.06338483
 endloop
endfacet
facet normal -0.7783895 0.58406013 -0.23018152
 outer loop
  vertex -0.13462788 0.11349934 -0.037799586
  vertex -0.13444519 0.109128974 -0.049506698
  vertex -0.14553984 0.09641546 -0.04424781
 endloop
endfacet
facet normal -0.7783894 0.58406013 -0.23018177
 outer loop
  vertex -0.14570373 0.100336425 -0.033744566
  vertex -0.13462788 0.11349934 -0.037799586
  vertex -0.14553984 0.09641546 -0.04424781
 endloop
endfacet
facet normal 0.3736427 0.8708909 -0.31928077
 outer loop
  vertex 0.07538198 0.15611856 -0.048783444
  vertex 0.07560983 0.15066773 -0.06338483
  vertex 0.05922672 0.1566404 -0.066265956
 endloop
endfacet
facet normal 0.373643 0.8708906 -0.31928104
 outer loop
  vertex 0.05898803 0.16235057 -0.050969876
  vertex 0.07538198 0.15611856 -0.048783444
  vertex 0.05922672 0.1566404 -0.066265956
 endloop
endfacet
facet normal -0.83617085 0.50942975 -0.2032232
 outer loop
  vertex -0.14570373 0.100336425 -0.033744566
  vertex -0.14553984 0.09641546 -0.04424781
  vertex -0.15523282 0.08277342 -0.038562797
 endloop
endfacet
facet normal -0.83617073 0.50942975 -0.20322351
 outer loop
  vertex -0.15537636 0.086207196 -0.029364573
  vertex -0.14570373 0.100336425 -0.033744566
  vertex -0.15523282 0.08277342 -0.038562797
 endloop
endfacet
facet normal 0.28102037 0.90052414 -0.33178887
 outer loop
  vertex 0.05898803 0.16235057 -0.050969876
  vertex 0.05922672 0.1566404 -0.066265956
  vertex 0.04227322 0.16110456 -0.06850892
 endloop
endfacet
facet normal 0.2810205 0.90052414 -0.331789
 outer loop
  vertex 0.042025983 0.16701907 -0.05266548
  vertex 0.05898803 0.16235057 -0.050969876
  vertex 0.04227322 0.16110456 -0.06850892
 endloop
endfacet
facet normal -0.88590634 0.42987147 -0.17429987
 outer loop
  vertex -0.15537636 0.086207196 -0.029364573
  vertex -0.15523282 0.08277342 -0.038562797
  vertex -0.16343082 0.06833416 -0.032506317
 endloop
endfacet
facet normal -0.8859065 0.42987144 -0.17429918
 outer loop
  vertex -0.16355261 0.0712477 -0.024701703
  vertex -0.15537636 0.086207196 -0.029364573
  vertex -0.16343082 0.06833416 -0.032506317
 endloop
endfacet
facet normal 0.1857049 0.92149884 -0.3411064
 outer loop
  vertex 0.042025983 0.16701907 -0.05266548
  vertex 0.04227322 0.16110456 -0.06850892
  vertex 0.02491263 0.16401713 -0.07009207
 endloop
endfacet
facet normal 0.18570401 0.9214993 -0.34110564
 outer loop
  vertex 0.024659233 0.170079 -0.053853843
  vertex 0.042025983 0.16701907 -0.05266548
  vertex 0.02491263 0.16401713 -0.07009207
 endloop
endfacet
facet normal -0.9271088 0.34615412 -0.14368963
 outer loop
  vertex -0.16355261 0.0712477 -0.024701703
  vertex -0.16343082 0.06833416 -0.032506317
  vertex -0.17005493 0.05323676 -0.026136782
 endloop
endfacet
facet normal -0.9271088 0.34615406 -0.14368923
 outer loop
  vertex -0.1701538 0.055601977 -0.019800942
  vertex -0.16355261 0.0712477 -0.024701703
  vertex -0.17005493 0.05323676 -0.026136782
 endloop
endfacet
facet normal 0.088617384 0.9336156 -0.34714377
 outer loop
  vertex 0.024659233 0.170079 -0.053853843
  vertex 0.02491263 0.16401713 -0.07009207
  vertex 0.007312093 0.1653501 -0.071000144
 endloop
endfacet
facet normal 0.08861694 0.93361574 -0.34714335
 outer loop
  vertex 0.007054978 0.17150095 -0.054523516
  vertex 0.024659233 0.170079 -0.053853843
  vertex 0.007312093 0.1653501 -0.071000144
 endloop
endfacet
facet normal 0.97879726 0.19643077 -0.058059365
 outer loop
  vertex 0.17786902 0.02749094 -0.006561486
  vertex 0.17789434 0.026885131 -0.008184293
  vertex 0.1743001 0.0427564 -0.01508105
 endloop
endfacet
facet normal 0.97879696 0.19643356 -0.058054272
 outer loop
  vertex 0.1742497 0.043962184 -0.011851061
  vertex 0.17786902 0.02749094 -0.006561486
  vertex 0.1743001 0.0427564 -0.01508105
 endloop
endfacet
facet normal -0.95937544 0.25908384 -0.11168875
 outer loop
  vertex -0.1701538 0.055601977 -0.019800942
  vertex -0.17005493 0.05323676 -0.026136782
  vertex -0.17504132 0.037626743 -0.019515544
 endloop
endfacet
facet normal -0.95937544 0.2590838 -0.11168892
 outer loop
  vertex -0.17511632 0.039420884 -0.014709484
  vertex -0.1701538 0.055601977 -0.019800942
  vertex -0.17504132 0.037626743 -0.019515544
 endloop
endfacet
facet normal -0.009315067 0.936761 -0.34984574
 outer loop
  vertex 0.007054978 0.17150095 -0.054523516
  vertex 0.007312093 0.1653501 -0.071000144
  vertex -0.01035886 0.1650906 -0.07122445
 endloop
endfacet
facet normal -0.009313627 0.93676054 -0.34984708
 outer loop
  vertex -0.010617219 0.17127125 -0.054668102
  vertex 0.007054978 0.17150095 -0.054523516
  vertex -0.01035886 0.1650906 -0.07122445
 endloop
endfacet
facet normal 0.9540253 0.28537247 -0.09164253
 outer loop
  vertex 0.1742497 0.043962184 -0.011851061
  vertex 0.1743001 0.0427564 -0.01508105
  vertex 0.16902727 0.058215838 -0.021832515
 endloop
endfacet
facet normal 0.95402545 0.28537124 -0.09164429
 outer loop
  vertex 0.16895227 0.060009982 -0.017026456
  vertex 0.1742497 0.043962184 -0.011851061
  vertex 0.16902727 0.058215838 -0.021832515
 endloop
endfacet
facet normal -0.9823913 0.16949579 -0.07860415
 outer loop
  vertex -0.17511632 0.039420884 -0.014709484
  vertex -0.17504132 0.037626743 -0.019515544
  vertex -0.17834194 0.02165425 -0.012706338
 endloop
endfacet
facet normal -0.9823911 0.1694955 -0.07860638
 outer loop
  vertex -0.17839235 0.022860033 -0.00947635
  vertex -0.17511632 0.039420884 -0.014709484
  vertex -0.17834194 0.02165425 -0.012706338
 endloop
endfacet
facet normal -0.107154086 0.9309058 -0.34918824
 outer loop
  vertex -0.010617219 0.17127125 -0.054668102
  vertex -0.01035886 0.1650906 -0.07122445
  vertex -0.02793003 0.1632412 -0.07076283
 endloop
endfacet
facet normal -0.10715565 0.9309061 -0.34918666
 outer loop
  vertex -0.028187145 0.16939205 -0.054286193
  vertex -0.010617219 0.17127125 -0.054668102
  vertex -0.02793003 0.1632412 -0.07076283
 endloop
endfacet
facet normal 0.92004937 0.37154746 -0.1243448
 outer loop
  vertex 0.16895227 0.060009982 -0.017026456
  vertex 0.16902727 0.058215838 -0.021832515
  vertex 0.16212662 0.07311455 -0.028373701
 endloop
endfacet
facet normal 0.9200494 0.37154746 -0.12434483
 outer loop
  vertex 0.16202775 0.075479776 -0.022037864
  vertex 0.16895227 0.060009982 -0.017026456
  vertex 0.16212662 0.07311455 -0.028373701
 endloop
endfacet
facet normal -0.99592733 0.07826375 -0.04476005
 outer loop
  vertex -0.17839235 0.022860033 -0.00947635
  vertex -0.17834194 0.02165425 -0.012706338
  vertex -0.17992504 0.0054731686 -0.005774717
 endloop
endfacet
facet normal -0.9959275 0.07826497 -0.044754352
 outer loop
  vertex -0.17995036 0.006078979 -0.0041519105
  vertex -0.17839235 0.022860033 -0.00947635
  vertex -0.17992504 0.0054731686 -0.005774717
 endloop
endfacet
facet normal -0.20396675 0.9161076 -0.345173
 outer loop
  vertex -0.028187145 0.16939205 -0.054286193
  vertex -0.02793003 0.1632412 -0.07076283
  vertex -0.04523224 0.15981965 -0.069619715
 endloop
endfacet
facet normal -0.20396627 0.91610754 -0.3451735
 outer loop
  vertex -0.045485638 0.16588151 -0.053381484
  vertex -0.028187145 0.16939205 -0.054286193
  vertex -0.04523224 0.15981965 -0.069619715
 endloop
endfacet
facet normal 0.8772031 0.4541241 -0.15584
 outer loop
  vertex 0.16202775 0.075479776 -0.022037864
  vertex 0.16212662 0.07311455 -0.028373701
  vertex 0.15366459 0.087309174 -0.034641646
 endloop
endfacet
facet normal 0.8772032 0.45412377 -0.15584034
 outer loop
  vertex 0.1535428 0.09022271 -0.026837034
  vertex 0.16202775 0.075479776 -0.022037864
  vertex 0.15366459 0.087309174 -0.034641646
 endloop
endfacet
facet normal -0.48012334 0.846784 -0.22899428
 outer loop
  vertex -0.0787503 0.15830325 -0.034260828
  vertex -0.07860607 0.15411699 -0.050043333
  vertex -0.09410904 0.14597623 -0.047642063
 endloop
endfacet
facet normal -0.4801243 0.84678376 -0.22899304
 outer loop
  vertex -0.094246715 0.14997235 -0.03257633
  vertex -0.0787503 0.15830325 -0.034260828
  vertex -0.09410904 0.14597623 -0.047642063
 endloop
endfacet
facet normal 0.69925386 0.6925372 -0.17730284
 outer loop
  vertex 0.13213372 0.119842716 -0.024778955
  vertex 0.13223276 0.11696818 -0.035616204
  vertex 0.11961287 0.12871315 -0.039511655
 endloop
endfacet
facet normal 0.69925386 0.6925372 -0.17730287
 outer loop
  vertex 0.119502485 0.13191716 -0.027432252
  vertex 0.13213372 0.119842716 -0.024778955
  vertex 0.11961287 0.12871315 -0.039511655
 endloop
endfacet
facet normal -0.56373 0.79706126 -0.21656837
 outer loop
  vertex -0.094246715 0.14997235 -0.03257633
  vertex -0.09410904 0.14597623 -0.047642063
  vertex -0.108705714 0.13642968 -0.04478201
 endloop
endfacet
facet normal -0.5637296 0.7970613 -0.21656896
 outer loop
  vertex -0.10883552 0.1401972 -0.030578129
  vertex -0.094246715 0.14997235 -0.03257633
  vertex -0.108705714 0.13642968 -0.04478201
 endloop
endfacet
facet normal 0.62582034 0.7552958 -0.1946204
 outer loop
  vertex 0.119502485 0.13191716 -0.027432252
  vertex 0.11961287 0.12871315 -0.039511655
  vertex 0.10584106 0.13921843 -0.04302659
 endloop
endfacet
facet normal 0.625821 0.75529504 -0.19462131
 outer loop
  vertex 0.10572039 0.14272109 -0.029821364
  vertex 0.119502485 0.13191716 -0.027432252
  vertex 0.10584106 0.13921843 -0.04302659
 endloop
endfacet
facet normal -0.64193785 0.7396546 -0.20205675
 outer loop
  vertex -0.10883552 0.1401972 -0.030578129
  vertex -0.108705714 0.13642968 -0.04478201
  vertex -0.1222555 0.12556912 -0.04149059
 endloop
endfacet
facet normal -0.6419374 0.7396547 -0.20205759
 outer loop
  vertex -0.12237617 0.12907177 -0.028285364
  vertex -0.10883552 0.1401972 -0.030578129
  vertex -0.1222555 0.12556912 -0.04149059
 endloop
endfacet
facet normal 0.54638577 0.8107634 -0.21006005
 outer loop
  vertex 0.10572039 0.14272109 -0.029821364
  vertex 0.10584106 0.13921843 -0.04302659
  vertex 0.091049954 0.14838307 -0.046127144
 endloop
endfacet
facet normal 0.5463858 0.81076336 -0.21006015
 outer loop
  vertex 0.09092015 0.15215062 -0.031923268
  vertex 0.10572039 0.14272109 -0.029821364
  vertex 0.091049954 0.14838307 -0.046127144
 endloop
endfacet
facet normal -0.71397793 0.67512125 -0.18559852
 outer loop
  vertex -0.12237617 0.12907177 -0.028285364
  vertex -0.1222555 0.12556912 -0.04149059
  vertex -0.13462788 0.11349934 -0.037799586
 endloop
endfacet
facet normal -0.71397805 0.6751211 -0.18559813
 outer loop
  vertex -0.13473827 0.11670336 -0.025720183
  vertex -0.12237617 0.12907177 -0.028285364
  vertex -0.13462788 0.11349934 -0.037799586
 endloop
endfacet
facet normal 0.46170226 0.85842276 -0.22347562
 outer loop
  vertex 0.09092015 0.15215062 -0.031923268
  vertex 0.091049954 0.14838307 -0.046127144
  vertex 0.07538198 0.15611856 -0.048783444
 endloop
endfacet
facet normal 0.4617022 0.8584229 -0.22347547
 outer loop
  vertex 0.07524431 0.1601147 -0.03371771
  vertex 0.09092015 0.15215062 -0.031923268
  vertex 0.07538198 0.15611856 -0.048783444
 endloop
endfacet
facet normal -0.77916366 0.60406864 -0.16734743
 outer loop
  vertex -0.13473827 0.11670336 -0.025720183
  vertex -0.13462788 0.11349934 -0.037799586
  vertex -0.14570373 0.100336425 -0.033744566
 endloop
endfacet
facet normal -0.7791638 0.6040685 -0.16734698
 outer loop
  vertex -0.14580277 0.10321096 -0.022907317
  vertex -0.13473827 0.11670336 -0.025720183
  vertex -0.14570373 0.100336425 -0.033744566
 endloop
endfacet
facet normal 0.3726015 0.89781207 -0.23473756
 outer loop
  vertex 0.07524431 0.1601147 -0.03371771
  vertex 0.07538198 0.15611856 -0.048783444
  vertex 0.05898803 0.16235057 -0.050969876
 endloop
endfacet
facet normal 0.37260017 0.8978129 -0.23473617
 outer loop
  vertex 0.058843803 0.16653681 -0.03518738
  vertex 0.07524431 0.1601147 -0.03371771
  vertex 0.05898803 0.16235057 -0.050969876
 endloop
endfacet
facet normal -0.8368576 0.52718025 -0.14747989
 outer loop
  vertex -0.14580277 0.10321096 -0.022907317
  vertex -0.14570373 0.100336425 -0.033744566
  vertex -0.15537636 0.086207196 -0.029364573
 endloop
endfacet
facet normal -0.83685744 0.5271804 -0.14748044
 outer loop
  vertex -0.15546308 0.08872459 -0.019873844
  vertex -0.14580277 0.10321096 -0.022907317
  vertex -0.15537636 0.086207196 -0.029364573
 endloop
endfacet
facet normal 0.2799355 0.928562 -0.24373904
 outer loop
  vertex 0.058843803 0.16653681 -0.03518738
  vertex 0.05898803 0.16235057 -0.050969876
  vertex 0.042025983 0.16701907 -0.05266548
 endloop
endfacet
facet normal 0.27993622 0.9285616 -0.24373974
 outer loop
  vertex 0.0418766 0.17135513 -0.036318205
  vertex 0.058843803 0.16653681 -0.03518738
  vertex 0.042025983 0.16701907 -0.05266548
 endloop
endfacet
facet normal -0.8864993 0.44519198 -0.12618688
 outer loop
  vertex -0.15546308 0.08872459 -0.019873844
  vertex -0.15537636 0.086207196 -0.029364573
  vertex -0.16355261 0.0712477 -0.024701703
 endloop
endfacet
facet normal -0.8864991 0.44519207 -0.12618752
 outer loop
  vertex -0.16362621 0.073383674 -0.016648898
  vertex -0.15546308 0.08872459 -0.019873844
  vertex -0.16355261 0.0712477 -0.024701703
 endloop
endfacet
facet normal 0.18458636 0.9503831 -0.25039914
 outer loop
  vertex 0.0418766 0.17135513 -0.036318205
  vertex 0.042025983 0.16701907 -0.05266548
  vertex 0.024659233 0.170079 -0.053853843
 endloop
endfacet
facet normal 0.18458718 0.95038277 -0.25039992
 outer loop
  vertex 0.024506124 0.17452312 -0.037099224
  vertex 0.0418766 0.17135513 -0.036318205
  vertex 0.024659233 0.170079 -0.053853843
 endloop
endfacet
facet normal -0.9276019 0.35889634 -0.10367355
 outer loop
  vertex -0.16362621 0.073383674 -0.016648898
  vertex -0.16355261 0.0712477 -0.024701703
  vertex -0.1701538 0.055601977 -0.019800942
 endloop
endfacet
facet normal -0.92760193 0.3588963 -0.10367296
 outer loop
  vertex -0.17021354 0.057335988 -0.013263619
  vertex -0.16362621 0.073383674 -0.016648898
  vertex -0.1701538 0.055601977 -0.019800942
 endloop
endfacet
facet normal 0.08747748 0.96306795 -0.25465202
 outer loop
  vertex 0.024506124 0.17452312 -0.037099224
  vertex 0.024659233 0.170079 -0.053853843
  vertex 0.007054978 0.17150095 -0.054523516
 endloop
endfacet
facet normal 0.08747702 0.9630682 -0.2546516
 outer loop
  vertex 0.0068996204 0.17601031 -0.037522916
  vertex 0.024506124 0.17452312 -0.037099224
  vertex 0.007054978 0.17150095 -0.054523516
 endloop
endfacet
facet normal 0.9786278 0.20080718 -0.044319406
 outer loop
  vertex 0.17785372 0.027935075 -0.0048870724
  vertex 0.17786902 0.02749094 -0.006561486
  vertex 0.1742497 0.043962184 -0.011851061
 endloop
endfacet
facet normal 0.97862774 0.20080706 -0.04431965
 outer loop
  vertex 0.17421924 0.044846173 -0.008518358
  vertex 0.17785372 0.027935075 -0.0048870724
  vertex 0.1742497 0.043962184 -0.011851061
 endloop
endfacet
facet normal -0.9597639 0.26912516 -0.080155276
 outer loop
  vertex -0.17021354 0.057335988 -0.013263619
  vertex -0.1701538 0.055601977 -0.019800942
  vertex -0.17511632 0.039420884 -0.014709484
 endloop
endfacet
facet normal -0.9597639 0.26912516 -0.08015523
 outer loop
  vertex -0.17516163 0.04073622 -0.009750589
  vertex -0.17021354 0.057335988 -0.013263619
  vertex -0.17511632 0.039420884 -0.014709484
 endloop
endfacet
facet normal -0.010464244 0.9664991 -0.2564567
 outer loop
  vertex 0.0068996204 0.17601031 -0.037522916
  vertex 0.007054978 0.17150095 -0.054523516
  vertex -0.010617219 0.17127125 -0.054668102
 endloop
endfacet
facet normal -0.010465251 0.96649927 -0.25645572
 outer loop
  vertex -0.010773328 0.17580241 -0.037585244
  vertex 0.0068996204 0.17601031 -0.037522916
  vertex -0.010617219 0.17127125 -0.054668102
 endloop
endfacet
facet normal 0.9537452 0.29261422 -0.0688986
 outer loop
  vertex 0.17421924 0.044846173 -0.008518358
  vertex 0.1742497 0.043962184 -0.011851061
  vertex 0.16895227 0.060009982 -0.017026456
 endloop
endfacet
facet normal 0.95374525 0.29261357 -0.068899795
 outer loop
  vertex 0.16890696 0.06132532 -0.012067561
  vertex 0.17421924 0.044846173 -0.008518358
  vertex 0.16895227 0.060009982 -0.017026456
 endloop
endfacet
facet normal -0.9826714 0.17673892 -0.05585929
 outer loop
  vertex -0.17516163 0.04073622 -0.009750589
  vertex -0.17511632 0.039420884 -0.014709484
  vertex -0.17839235 0.022860033 -0.00947635
 endloop
endfacet
facet normal -0.9826713 0.17673889 -0.05586017
 outer loop
  vertex -0.17842281 0.023744022 -0.0061436463
  vertex -0.17516163 0.04073622 -0.009750589
  vertex -0.17839235 0.022860033 -0.00947635
 endloop
endfacet
facet normal -0.108306356 0.9606445 -0.25579685
 outer loop
  vertex -0.010773328 0.17580241 -0.037585244
  vertex -0.010617219 0.17127125 -0.054668102
  vertex -0.028187145 0.16939205 -0.054286193
 endloop
endfacet
facet normal -0.10830533 0.9606443 -0.2557978
 outer loop
  vertex -0.028342504 0.17390141 -0.037285592
  vertex -0.010773328 0.17580241 -0.037585244
  vertex -0.028187145 0.16939205 -0.054286193
 endloop
endfacet
facet normal 0.91966087 0.3815886 -0.092811726
 outer loop
  vertex 0.16890696 0.06132532 -0.012067561
  vertex 0.16895227 0.060009982 -0.017026456
  vertex 0.16202775 0.075479776 -0.022037864
 endloop
endfacet
facet normal 0.9196608 0.38158888 -0.092811264
 outer loop
  vertex 0.16196801 0.07721378 -0.01550054
  vertex 0.16890696 0.06132532 -0.012067561
  vertex 0.16202775 0.075479776 -0.022037864
 endloop
endfacet
facet normal -0.9960967 0.08263756 -0.0310228
 outer loop
  vertex -0.17842281 0.023744022 -0.0061436463
  vertex -0.17839235 0.022860033 -0.00947635
  vertex -0.17995036 0.006078979 -0.0041519105
 endloop
endfacet
facet normal -0.9960967 0.0826375 -0.03102331
 outer loop
  vertex -0.17996566 0.006523112 -0.002477497
  vertex -0.17842281 0.023744022 -0.0061436463
  vertex -0.17995036 0.006078979 -0.0041519105
 endloop
endfacet
facet normal -0.20510598 0.94556004 -0.25268137
 outer loop
  vertex -0.028342504 0.17390141 -0.037285592
  vertex -0.028187145 0.16939205 -0.054286193
  vertex -0.045485638 0.16588151 -0.053381484
 endloop
endfacet
facet normal -0.20510554 0.9455599 -0.25268182
 outer loop
  vertex -0.045638748 0.17032564 -0.036626864
  vertex -0.028342504 0.17390141 -0.037285592
  vertex -0.045485638 0.16588151 -0.053381484
 endloop
endfacet
facet normal 0.8767102 0.4668665 -0.11582331
 outer loop
  vertex 0.16196801 0.07721378 -0.01550054
  vertex 0.16202775 0.075479776 -0.022037864
  vertex 0.1535428 0.09022271 -0.026837034
 endloop
endfacet
facet normal 0.8767099 0.46686745 -0.11582196
 outer loop
  vertex 0.1534692 0.09235868 -0.018784232
  vertex 0.16196801 0.07721378 -0.01550054
  vertex 0.1535428 0.09022271 -0.026837034
 endloop
endfacet
facet normal -0.29994395 0.92138857 -0.24713705
 outer loop
  vertex -0.045638748 0.17032564 -0.036626864
  vertex -0.045485638 0.16588151 -0.053381484
  vertex -0.06234608 0.16077343 -0.05196262
 endloop
endfacet
facet normal -0.2999448 0.92138857 -0.24713619
 outer loop
  vertex -0.062495463 0.16510949 -0.03561535
  vertex -0.045638748 0.17032564 -0.036626864
  vertex -0.06234608 0.16077343 -0.05196262
 endloop
endfacet
facet normal 0.8253113 0.54762787 -0.1377131
 outer loop
  vertex 0.1534692 0.09235868 -0.018784232
  vertex 0.1535428 0.09022271 -0.026837034
  vertex 0.14357914 0.10409674 -0.03137775
 endloop
endfacet
facet normal 0.82531196 0.54762655 -0.13771476
 outer loop
  vertex 0.14349242 0.10661413 -0.021887025
  vertex 0.1534692 0.09235868 -0.018784232
  vertex 0.14357914 0.10409674 -0.03137775
 endloop
endfacet
facet normal -0.39190894 0.88835984 -0.2392158
 outer loop
  vertex -0.062495463 0.16510949 -0.03561535
  vertex -0.06234608 0.16077343 -0.05196262
  vertex -0.07860607 0.15411699 -0.050043333
 endloop
endfacet
facet normal -0.39190888 0.8883599 -0.23921598
 outer loop
  vertex -0.0787503 0.15830325 -0.034260828
  vertex -0.062495463 0.16510949 -0.03561535
  vertex -0.07860607 0.15411699 -0.050043333
 endloop
endfacet
facet normal 0.765966 0.62309337 -0.1582744
 outer loop
  vertex 0.14349242 0.10661413 -0.021887025
  vertex 0.14357914 0.10409674 -0.03137775
  vertex 0.13223276 0.11696818 -0.035616204
 endloop
endfacet
facet normal 0.76596564 0.6230939 -0.1582737
 outer loop
  vertex 0.13213372 0.119842716 -0.024778955
  vertex 0.14349242 0.10661413 -0.021887025
  vertex 0.13223276 0.11696818 -0.035616204
 endloop
endfacet
facet normal -0.642403 0.75611407 -0.1249401
 outer loop
  vertex -0.10887905 0.142557 -0.01607327
  vertex -0.10883552 0.1401972 -0.030578129
  vertex -0.12237617 0.12907177 -0.028285364
 endloop
endfacet
facet normal -0.6424039 0.7561135 -0.12493844
 outer loop
  vertex -0.12241664 0.13126563 -0.014800319
  vertex -0.10887905 0.142557 -0.01607327
  vertex -0.12237617 0.12907177 -0.028285364
 endloop
endfacet
facet normal 0.5459202 0.82722294 -0.13294074
 outer loop
  vertex 0.10567992 0.14491494 -0.016336322
  vertex 0.10572039 0.14272109 -0.029821364
  vertex 0.09092015 0.15215062 -0.031923268
 endloop
endfacet
facet normal 0.54592013 0.82722306 -0.13294062
 outer loop
  vertex 0.09087662 0.15451038 -0.017418412
  vertex 0.10567992 0.14491494 -0.016336322
  vertex 0.09092015 0.15215062 -0.031923268
 endloop
endfacet
facet normal -0.71440756 0.69030666 -0.11444862
 outer loop
  vertex -0.12241664 0.13126563 -0.014800319
  vertex -0.12237617 0.12907177 -0.028285364
  vertex -0.13473827 0.11670336 -0.025720183
 endloop
endfacet
facet normal -0.71440756 0.69030666 -0.114448555
 outer loop
  vertex -0.13477528 0.11871018 -0.013384813
  vertex -0.12241664 0.13126563 -0.014800319
  vertex -0.13473827 0.11670336 -0.025720183
 endloop
endfacet
facet normal 0.46120492 0.8759979 -0.14112994
 outer loop
  vertex 0.09087662 0.15451038 -0.017418412
  vertex 0.09092015 0.15215062 -0.031923268
  vertex 0.07524431 0.1601147 -0.03371771
 endloop
endfacet
facet normal 0.461205 0.8759978 -0.14113009
 outer loop
  vertex 0.075198136 0.16261765 -0.018332737
  vertex 0.09087662 0.15451038 -0.017418412
  vertex 0.07524431 0.1601147 -0.03371771
 endloop
endfacet
facet normal -0.7795532 0.61783326 -0.10285349
 outer loop
  vertex -0.13477528 0.11871018 -0.013384813
  vertex -0.13473827 0.11670336 -0.025720183
  vertex -0.14580277 0.10321096 -0.022907317
 endloop
endfacet
facet normal -0.77955323 0.6178334 -0.10285359
 outer loop
  vertex -0.14583598 0.10501141 -0.0118404245
  vertex -0.13477528 0.11871018 -0.013384813
  vertex -0.14580277 0.10321096 -0.022907317
 endloop
endfacet
facet normal 0.3720763 0.9163335 -0.14795966
 outer loop
  vertex 0.075198136 0.16261765 -0.018332737
  vertex 0.07524431 0.1601147 -0.03371771
  vertex 0.058843803 0.16653681 -0.03518738
 endloop
endfacet
facet normal 0.37207675 0.9163332 -0.14796022
 outer loop
  vertex 0.058795433 0.16915885 -0.019070452
  vertex 0.075198136 0.16261765 -0.018332737
  vertex 0.058843803 0.16653681 -0.03518738
 endloop
endfacet
facet normal -0.8372029 0.53939176 -0.0902651
 outer loop
  vertex -0.14583598 0.10501141 -0.0118404245
  vertex -0.14580277 0.10321096 -0.022907317
  vertex -0.15546308 0.08872459 -0.019873844
 endloop
endfacet
facet normal -0.8372027 0.5393919 -0.09026553
 outer loop
  vertex -0.15549217 0.09030134 -0.010182005
  vertex -0.14583598 0.10501141 -0.0118404245
  vertex -0.15546308 0.08872459 -0.019873844
 endloop
endfacet
facet normal 0.2793905 0.94785017 -0.15336579
 outer loop
  vertex 0.058795433 0.16915885 -0.019070452
  vertex 0.058843803 0.16653681 -0.03518738
  vertex 0.0418766 0.17135513 -0.036318205
 endloop
endfacet
facet normal 0.27939054 0.9478501 -0.15336585
 outer loop
  vertex 0.041826494 0.174071 -0.019624533
  vertex 0.058795433 0.16915885 -0.019070452
  vertex 0.0418766 0.17135513 -0.036318205
 endloop
endfacet
facet normal -0.88679725 0.4557321 -0.076803856
 outer loop
  vertex -0.15549217 0.09030134 -0.010182005
  vertex -0.15546308 0.08872459 -0.019873844
  vertex -0.16362621 0.073383674 -0.016648898
 endloop
endfacet
facet normal -0.8867975 0.455732 -0.07680319
 outer loop
  vertex -0.16365089 0.07472153 -0.0084254565
  vertex -0.15549217 0.09030134 -0.010182005
  vertex -0.16362621 0.073383674 -0.016648898
 endloop
endfacet
facet normal 0.18402506 0.97025377 -0.15729691
 outer loop
  vertex 0.041826494 0.174071 -0.019624533
  vertex 0.0418766 0.17135513 -0.036318205
  vertex 0.024506124 0.17452312 -0.037099224
 endloop
endfacet
facet normal 0.18402469 0.97025394 -0.15729655
 outer loop
  vertex 0.024454772 0.17730665 -0.019989582
  vertex 0.041826494 0.174071 -0.019624533
  vertex 0.024506124 0.17452312 -0.037099224
 endloop
endfacet
facet normal -0.92785 0.36766276 -0.06259858
 outer loop
  vertex -0.16365089 0.07472153 -0.0084254565
  vertex -0.16362621 0.073383674 -0.016648898
  vertex -0.17021354 0.057335988 -0.013263619
 endloop
endfacet
facet normal -0.9278497 0.36766303 -0.062599815
 outer loop
  vertex -0.17023358 0.058422066 -0.0065877694
  vertex -0.16365089 0.07472153 -0.0084254565
  vertex -0.17021354 0.057335988 -0.013263619
 endloop
endfacet
facet normal 0.08690395 0.9833304 -0.15971544
 outer loop
  vertex 0.024454772 0.17730665 -0.019989582
  vertex 0.024506124 0.17452312 -0.037099224
  vertex 0.0068996204 0.17601031 -0.037522916
 endloop
endfacet
facet normal 0.08690354 0.98333055 -0.15971503
 outer loop
  vertex 0.0068475176 0.1788347 -0.020162078
  vertex 0.024454772 0.17730665 -0.019989582
  vertex 0.0068996204 0.17601031 -0.037522916
 endloop
endfacet
facet normal 0.97854275 0.20381539 -0.030224713
 outer loop
  vertex 0.17784859 0.028213253 -0.0031771779
  vertex 0.17785372 0.027935075 -0.0048870724
  vertex 0.17421924 0.044846173 -0.008518358
 endloop
endfacet
facet normal 0.9785426 0.20381577 -0.030223476
 outer loop
  vertex 0.17420903 0.045399852 -0.0051150336
  vertex 0.17784859 0.028213253 -0.0031771779
  vertex 0.17421924 0.044846173 -0.008518358
 endloop
endfacet
facet normal -0.9599593 0.27603304 -0.047789156
 outer loop
  vertex -0.17023358 0.058422066 -0.0065877694
  vertex -0.17021354 0.057335988 -0.013263619
  vertex -0.17516163 0.04073622 -0.009750589
 endloop
endfacet
facet normal -0.9599594 0.27603298 -0.04778855
 outer loop
  vertex -0.17517683 0.04156007 -0.0046866136
  vertex -0.17023358 0.058422066 -0.0065877694
  vertex -0.17516163 0.04073622 -0.009750589
 endloop
endfacet
facet normal -0.011043983 0.9869579 -0.16059911
 outer loop
  vertex 0.0068475176 0.1788347 -0.020162078
  vertex 0.0068996204 0.17601031 -0.037522916
  vertex -0.010773328 0.17580241 -0.037585244
 endloop
endfacet
facet normal -0.011044108 0.9869579 -0.160599
 outer loop
  vertex -0.010825683 0.17864047 -0.0201404
  vertex 0.0068475176 0.1788347 -0.020162078
  vertex -0.010773328 0.17580241 -0.037585244
 endloop
endfacet
facet normal 0.9536044 0.297596 -0.04555513
 outer loop
  vertex 0.17420903 0.045399852 -0.0051150336
  vertex 0.17421924 0.044846173 -0.008518358
  vertex 0.16890696 0.06132532 -0.012067561
 endloop
endfacet
facet normal 0.9536042 0.2975969 -0.045553066
 outer loop
  vertex 0.16889176 0.062149163 -0.007003587
  vertex 0.17420903 0.045399852 -0.0051150336
  vertex 0.16890696 0.06132532 -0.012067561
 endloop
endfacet
facet normal -0.9828123 0.1817217 -0.032513782
 outer loop
  vertex -0.17517683 0.04156007 -0.0046866136
  vertex -0.17516163 0.04073622 -0.009750589
  vertex -0.17842281 0.023744022 -0.0061436463
 endloop
endfacet
facet normal -0.9828124 0.18172155 -0.03251168
 outer loop
  vertex -0.17843302 0.024297705 -0.002740323
  vertex -0.17517683 0.04156007 -0.0046866136
  vertex -0.17842281 0.023744022 -0.0061436463
 endloop
endfacet
facet normal -0.1088841 0.9811031 -0.15994012
 outer loop
  vertex -0.010825683 0.17864047 -0.0201404
  vertex -0.010773328 0.17580241 -0.037585244
  vertex -0.028342504 0.17390141 -0.037285592
 endloop
endfacet
facet normal -0.10888398 0.9811031 -0.15994024
 outer loop
  vertex -0.028394606 0.1767258 -0.019924754
  vertex -0.010825683 0.17864047 -0.0201404
  vertex -0.028342504 0.17390141 -0.037285592
 endloop
endfacet
facet normal 0.91946536 0.38849717 -0.06044383
 outer loop
  vertex 0.16889176 0.062149163 -0.007003587
  vertex 0.16890696 0.06132532 -0.012067561
  vertex 0.16196801 0.07721378 -0.01550054
 endloop
endfacet
facet normal 0.9194653 0.38849732 -0.06044333
 outer loop
  vertex 0.16194797 0.07829986 -0.008824691
  vertex 0.16889176 0.062149163 -0.007003587
  vertex 0.16196801 0.07721378 -0.01550054
 endloop
endfacet
facet normal -0.9961818 0.085647225 -0.016921604
 outer loop
  vertex -0.17843302 0.024297705 -0.002740323
  vertex -0.17842281 0.023744022 -0.0061436463
  vertex -0.17996566 0.006523112 -0.002477497
 endloop
endfacet
facet normal -0.9961818 0.08564726 -0.016920181
 outer loop
  vertex -0.17997079 0.0068012904 -0.0007676026
  vertex -0.17843302 0.024297705 -0.002740323
  vertex -0.17996566 0.006523112 -0.002477497
 endloop
endfacet
facet normal -0.20567882 0.96582234 -0.15774474
 outer loop
  vertex -0.028394606 0.1767258 -0.019924754
  vertex -0.028342504 0.17390141 -0.037285592
  vertex -0.045638748 0.17032564 -0.036626864
 endloop
endfacet
facet normal -0.20567842 0.96582234 -0.15774518
 outer loop
  vertex -0.045690097 0.17310917 -0.019517222
  vertex -0.028394606 0.1767258 -0.019924754
  vertex -0.045638748 0.17032564 -0.036626864
 endloop
endfacet
facet normal 0.87646174 0.4756337 -0.07474848
 outer loop
  vertex 0.16194797 0.07829986 -0.008824691
  vertex 0.16196801 0.07721378 -0.01550054
  vertex 0.1534692 0.09235868 -0.018784232
 endloop
endfacet
facet normal 0.8764621 0.4756327 -0.07475022
 outer loop
  vertex 0.15344453 0.09369654 -0.01056079
  vertex 0.16194797 0.07829986 -0.008824691
  vertex 0.1534692 0.09235868 -0.018784232
 endloop
endfacet
facet normal -0.30050686 0.9412594 -0.15403369
 outer loop
  vertex -0.045690097 0.17310917 -0.019517222
  vertex -0.045638748 0.17032564 -0.036626864
  vertex -0.062495463 0.16510949 -0.03561535
 endloop
endfacet
facet normal -0.30050647 0.94125944 -0.15403414
 outer loop
  vertex -0.06254557 0.16782536 -0.018921675
  vertex -0.045690097 0.17310917 -0.019517222
  vertex -0.062495463 0.16510949 -0.03561535
 endloop
endfacet
facet normal 0.82501376 0.5581664 -0.088331886
 outer loop
  vertex 0.15344453 0.09369654 -0.01056079
  vertex 0.1534692 0.09235868 -0.018784232
  vertex 0.14349242 0.10661413 -0.021887025
 endloop
endfacet
facet normal 0.8250136 0.55816674 -0.0883313
 outer loop
  vertex 0.14346333 0.10819088 -0.012195186
  vertex 0.15344453 0.09369654 -0.01056079
  vertex 0.14349242 0.10661413 -0.021887025
 endloop
endfacet
facet normal -0.39245448 0.9076484 -0.14884198
 outer loop
  vertex -0.06254557 0.16782536 -0.018921675
  vertex -0.062495463 0.16510949 -0.03561535
  vertex -0.0787503 0.15830325 -0.034260828
 endloop
endfacet
facet normal -0.39245546 0.90764815 -0.14884076
 outer loop
  vertex -0.07879867 0.16092527 -0.01814389
  vertex -0.06254557 0.16782536 -0.018921675
  vertex -0.0787503 0.15830325 -0.034260828
 endloop
endfacet
facet normal 0.76562023 0.6353051 -0.101059124
 outer loop
  vertex 0.14346333 0.10819088 -0.012195186
  vertex 0.14349242 0.10661413 -0.021887025
  vertex 0.13213372 0.119842716 -0.024778955
 endloop
endfacet
facet normal 0.76562005 0.6353055 -0.101058535
 outer loop
  vertex 0.13210051 0.12164316 -0.0137120625
  vertex 0.14346333 0.10819088 -0.012195186
  vertex 0.13213372 0.119842716 -0.024778955
 endloop
endfacet
facet normal -0.48064822 0.8653044 -0.14221664
 outer loop
  vertex -0.07879867 0.16092527 -0.01814389
  vertex -0.0787503 0.15830325 -0.034260828
  vertex -0.094246715 0.14997235 -0.03257633
 endloop
endfacet
facet normal -0.4806478 0.8653046 -0.1422172
 outer loop
  vertex -0.094292894 0.1524753 -0.017191354
  vertex -0.07879867 0.16092527 -0.01814389
  vertex -0.094246715 0.14997235 -0.03257633
 endloop
endfacet
facet normal 0.69886446 0.706302 -0.112809196
 outer loop
  vertex 0.13210051 0.12164316 -0.0137120625
  vertex 0.13213372 0.119842716 -0.024778955
  vertex 0.119502485 0.13191716 -0.027432252
 endloop
endfacet
facet normal 0.69886446 0.706302 -0.112809226
 outer loop
  vertex 0.11946546 0.13392398 -0.015096882
  vertex 0.13210051 0.12164316 -0.0137120625
  vertex 0.119502485 0.13191716 -0.027432252
 endloop
endfacet
facet normal -0.56422687 0.81463593 -0.13422489
 outer loop
  vertex -0.094292894 0.1524753 -0.017191354
  vertex -0.094246715 0.14997235 -0.03257633
  vertex -0.10883552 0.1401972 -0.030578129
 endloop
endfacet
facet normal -0.5642258 0.81463647 -0.13422644
 outer loop
  vertex -0.10887905 0.142557 -0.01607327
  vertex -0.094292894 0.1524753 -0.017191354
  vertex -0.10883552 0.1401972 -0.030578129
 endloop
endfacet
facet normal 0.62539136 0.77048075 -0.12347082
 outer loop
  vertex 0.11946546 0.13392398 -0.015096882
  vertex 0.119502485 0.13191716 -0.027432252
  vertex 0.10572039 0.14272109 -0.029821364
 endloop
endfacet
facet normal 0.6253914 0.7704807 -0.123470925
 outer loop
  vertex 0.10567992 0.14491494 -0.016336322
  vertex 0.11946546 0.13392398 -0.015096882
  vertex 0.10572039 0.14272109 -0.029821364
 endloop
endfacet
facet normal -0.77955407 0.62522197 -0.037323005
 outer loop
  vertex -0.1347386 0.11950048 -0.00091227976
  vertex -0.13477528 0.11871018 -0.013384813
  vertex -0.14583598 0.10501141 -0.0118404245
 endloop
endfacet
facet normal -0.779555 0.62522095 -0.03732074
 outer loop
  vertex -0.14580305 0.10572042 -0.00065047335
  vertex -0.1347386 0.11950048 -0.00091227976
  vertex -0.14583598 0.10501141 -0.0118404245
 endloop
endfacet
facet normal 0.37207574 0.92627496 -0.059785627
 outer loop
  vertex 0.075243905 0.16360332 -0.0027766854
  vertex 0.075198136 0.16261765 -0.018332737
  vertex 0.058795433 0.16915885 -0.019070452
 endloop
endfacet
facet normal 0.37207583 0.926275 -0.05978565
 outer loop
  vertex 0.05884338 0.1701914 -0.0027743073
  vertex 0.075243905 0.16360332 -0.0027766854
  vertex 0.058795433 0.16915885 -0.019070452
 endloop
endfacet
facet normal -0.8372036 0.5459469 -0.032128163
 outer loop
  vertex -0.14580305 0.10572042 -0.00065047335
  vertex -0.14583598 0.10501141 -0.0118404245
  vertex -0.15549217 0.09030134 -0.010182005
 endloop
endfacet
facet normal -0.8372033 0.5459472 -0.032129057
 outer loop
  vertex -0.15546334 0.090922266 -0.00038239546
  vertex -0.14580305 0.10572042 -0.00065047335
  vertex -0.15549217 0.09030134 -0.010182005
 endloop
endfacet
facet normal 0.27938935 0.95820403 -0.06153605
 outer loop
  vertex 0.05884338 0.1701914 -0.0027743073
  vertex 0.058795433 0.16915885 -0.019070452
  vertex 0.041826494 0.174071 -0.019624533
 endloop
endfacet
facet normal 0.27938882 0.95820415 -0.061535504
 outer loop
  vertex 0.04187616 0.1751405 -0.0027452314
  vertex 0.05884338 0.1701914 -0.0027743073
  vertex 0.041826494 0.174071 -0.019624533
 endloop
endfacet
facet normal -0.886798 0.46138954 -0.026625356
 outer loop
  vertex -0.15546334 0.090922266 -0.00038239546
  vertex -0.15549217 0.09030134 -0.010182005
  vertex -0.16365089 0.07472153 -0.0084254565
 endloop
endfacet
facet normal -0.8867979 0.4613897 -0.026625669
 outer loop
  vertex -0.16362642 0.07524839 -0.00011056999
  vertex -0.15546334 0.090922266 -0.00038239546
  vertex -0.16365089 0.07472153 -0.0084254565
 endloop
endfacet
facet normal 0.18402348 0.9809204 -0.062694244
 outer loop
  vertex 0.04187616 0.1751405 -0.0027452314
  vertex 0.041826494 0.174071 -0.019624533
  vertex 0.024454772 0.17730665 -0.019989582
 endloop
endfacet
facet normal 0.18402393 0.98092026 -0.06269472
 outer loop
  vertex 0.024505677 0.17840281 -0.0026896817
  vertex 0.04187616 0.1751405 -0.0027452314
  vertex 0.024454772 0.17730665 -0.019989582
 endloop
endfacet
facet normal -0.9278503 0.37236875 -0.020864261
 outer loop
  vertex -0.16362642 0.07524839 -0.00011056999
  vertex -0.16365089 0.07472153 -0.0084254565
  vertex -0.17023358 0.058422066 -0.0065877694
 endloop
endfacet
facet normal -0.9278504 0.37236843 -0.020863317
 outer loop
  vertex -0.17021371 0.05884976 0.00016231276
  vertex -0.16362642 0.07524839 -0.00011056999
  vertex -0.17023358 0.058422066 -0.0065877694
 endloop
endfacet
facet normal 0.0869024 0.99420685 -0.06325081
 outer loop
  vertex 0.024505677 0.17840281 -0.0026896817
  vertex 0.024454772 0.17730665 -0.019989582
  vertex 0.0068475176 0.1788347 -0.020162078
 endloop
endfacet
facet normal 0.08690323 0.9942067 -0.06325166
 outer loop
  vertex 0.0068991687 0.17994697 -0.0026081905
  vertex 0.024505677 0.17840281 -0.0026896817
  vertex 0.0068475176 0.1788347 -0.020162078
 endloop
endfacet
facet normal 0.97854245 0.20543158 -0.015892811
 outer loop
  vertex 0.17785367 0.028322803 -0.0014482696
  vertex 0.17784859 0.028213253 -0.0031771779
  vertex 0.17420903 0.045399852 -0.0051150336
 endloop
endfacet
facet normal 0.9785425 0.20543131 -0.01589398
 outer loop
  vertex 0.17421915 0.045617897 -0.001673866
  vertex 0.17785367 0.028322803 -0.0014482696
  vertex 0.17420903 0.045399852 -0.0051150336
 endloop
endfacet
facet normal -0.9599598 0.27974123 -0.01489989
 outer loop
  vertex -0.17021371 0.05884976 0.00016231276
  vertex -0.17023358 0.058422066 -0.0065877694
  vertex -0.17517683 0.04156007 -0.0046866136
 endloop
endfacet
facet normal -0.9599598 0.27974132 -0.014900375
 outer loop
  vertex -0.17516176 0.041884497 0.0004336707
  vertex -0.17021371 0.05884976 0.00016231276
  vertex -0.17517683 0.04156007 -0.0046866136
 endloop
endfacet
facet normal -0.011045338 0.9979397 -0.06319998
 outer loop
  vertex 0.0068991687 0.17994697 -0.0026081905
  vertex 0.0068475176 0.1788347 -0.020162078
  vertex -0.010825683 0.17864047 -0.0201404
 endloop
endfacet
facet normal -0.011045471 0.99793977 -0.06319985
 outer loop
  vertex -0.010773782 0.17975812 -0.002501579
  vertex 0.0068991687 0.17994697 -0.0026081905
  vertex -0.010825683 0.17864047 -0.0201404
 endloop
endfacet
facet normal 0.95360386 0.3002716 -0.021830142
 outer loop
  vertex 0.17421915 0.045617897 -0.001673866
  vertex 0.17420903 0.045399852 -0.0051150336
  vertex 0.16889176 0.062149163 -0.007003587
 endloop
endfacet
facet normal 0.95360404 0.30027106 -0.021831976
 outer loop
  vertex 0.16890682 0.062473603 -0.0018833041
  vertex 0.17421915 0.045617897 -0.001673866
  vertex 0.16889176 0.062149163 -0.007003587
 endloop
endfacet
facet normal -0.9828127 0.18439595 -0.008791911
 outer loop
  vertex -0.17516176 0.041884497 0.0004336707
  vertex -0.17517683 0.04156007 -0.0046866136
  vertex -0.17843302 0.024297705 -0.002740323
 endloop
endfacet
facet normal -0.9828126 0.18439634 -0.008794086
 outer loop
  vertex -0.1784229 0.024515746 0.00070084457
  vertex -0.17516176 0.041884497 0.0004336707
  vertex -0.17843302 0.024297705 -0.002740323
 endloop
endfacet
facet normal -0.108885266 0.992085 -0.06254097
 outer loop
  vertex -0.010773782 0.17975812 -0.002501579
  vertex -0.010825683 0.17864047 -0.0201404
  vertex -0.028394606 0.1767258 -0.019924754
 endloop
endfacet
facet normal -0.108885154 0.992085 -0.06254112
 outer loop
  vertex -0.028342955 0.17783807 -0.0023708686
  vertex -0.010773782 0.17975812 -0.002501579
  vertex -0.028394606 0.1767258 -0.019924754
 endloop
endfacet
facet normal 0.9194648 0.3922054 -0.027556803
 outer loop
  vertex 0.16890682 0.062473603 -0.0018833041
  vertex 0.16889176 0.062149163 -0.007003587
  vertex 0.16194797 0.07829986 -0.008824691
 endloop
endfacet
facet normal 0.91946477 0.3922056 -0.027556231
 outer loop
  vertex 0.16196783 0.07872755 -0.0020746086
  vertex 0.16890682 0.062473603 -0.0018833041
  vertex 0.16194797 0.07829986 -0.008824691
 endloop
endfacet
facet normal -0.99618196 0.087261856 -0.0026001127
 outer loop
  vertex -0.1784229 0.024515746 0.00070084457
  vertex -0.17843302 0.024297705 -0.002740323
  vertex -0.17997079 0.0068012904 -0.0007676026
 endloop
endfacet
facet normal -0.99618196 0.08726196 -0.0026013895
 outer loop
  vertex -0.1799657 0.00691084 0.0009613051
  vertex -0.1784229 0.024515746 0.00070084457
  vertex -0.17997079 0.0068012904 -0.0007676026
 endloop
endfacet
facet normal -0.20567979 0.9766987 -0.061281383
 outer loop
  vertex -0.028342955 0.17783807 -0.0023708686
  vertex -0.028394606 0.1767258 -0.019924754
  vertex -0.045690097 0.17310917 -0.019517222
 endloop
endfacet
facet normal -0.2056806 0.9766986 -0.061280556
 outer loop
  vertex -0.045639195 0.17420533 -0.0022173228
  vertex -0.028342955 0.17783807 -0.0023708686
  vertex -0.045690097 0.17310917 -0.019517222
 endloop
endfacet
facet normal 0.8764616 0.4803385 -0.033013944
 outer loop
  vertex 0.16196783 0.07872755 -0.0020746086
  vertex 0.16194797 0.07829986 -0.008824691
  vertex 0.15344453 0.09369654 -0.01056079
 endloop
endfacet
facet normal 0.8764618 0.48033825 -0.03301456
 outer loop
  vertex 0.153469 0.094223395 -0.0022459081
  vertex 0.16196783 0.07872755 -0.0020746086
  vertex 0.15344453 0.09369654 -0.01056079
 endloop
endfacet
facet normal -0.3005076 0.951926 -0.059431892
 outer loop
  vertex -0.045639195 0.17420533 -0.0022173228
  vertex -0.045690097 0.17310917 -0.019517222
  vertex -0.06254557 0.16782536 -0.018921675
 endloop
endfacet
facet normal -0.30050805 0.9519258 -0.05943142
 outer loop
  vertex -0.062495902 0.16889486 -0.0020423739
  vertex -0.045639195 0.17420533 -0.0022173228
  vertex -0.06254557 0.16782536 -0.018921675
 endloop
endfacet
facet normal 0.82501286 0.5638245 -0.038153127
 outer loop
  vertex 0.153469 0.094223395 -0.0022459081
  vertex 0.15344453 0.09369654 -0.01056079
  vertex 0.14346333 0.10819088 -0.012195186
 endloop
endfacet
facet normal 0.82501286 0.56382453 -0.03815297
 outer loop
  vertex 0.14349216 0.10881181 -0.0023955759
  vertex 0.153469 0.094223395 -0.0022459081
  vertex 0.14346333 0.10819088 -0.012195186
 endloop
endfacet
facet normal -0.39245662 0.91800195 -0.057011392
 outer loop
  vertex -0.062495902 0.16889486 -0.0020423739
  vertex -0.06254557 0.16782536 -0.018921675
  vertex -0.07879867 0.16092527 -0.01814389
 endloop
endfacet
facet normal -0.39245543 0.9180023 -0.05701275
 outer loop
  vertex -0.078750715 0.16195785 -0.0018477424
  vertex -0.062495902 0.16889486 -0.0020423739
  vertex -0.07879867 0.16092527 -0.01814389
 endloop
endfacet
facet normal 0.76561934 0.6418603 -0.04292282
 outer loop
  vertex 0.14349216 0.10881181 -0.0023955759
  vertex 0.14346333 0.10819088 -0.012195186
  vertex 0.13210051 0.12164316 -0.0137120625
 endloop
endfacet
facet normal 0.76561916 0.6418605 -0.042922445
 outer loop
  vertex 0.13213344 0.122352175 -0.0025221105
  vertex 0.14349216 0.10881181 -0.0023955759
  vertex 0.13210051 0.12164316 -0.0137120625
 endloop
endfacet
facet normal -0.48064896 0.8752461 -0.054044064
 outer loop
  vertex -0.078750715 0.16195785 -0.0018477424
  vertex -0.07879867 0.16092527 -0.01814389
  vertex -0.094292894 0.1524753 -0.017191354
 endloop
endfacet
facet normal -0.48064896 0.87524617 -0.05404408
 outer loop
  vertex -0.09424712 0.15346098 -0.0016353045
  vertex -0.078750715 0.16195785 -0.0018477424
  vertex -0.094292894 0.1524753 -0.017191354
 endloop
endfacet
facet normal 0.6988637 0.71369076 -0.047277242
 outer loop
  vertex 0.13213344 0.122352175 -0.0025221105
  vertex 0.13210051 0.12164316 -0.0137120625
  vertex 0.11946546 0.13392398 -0.015096882
 endloop
endfacet
facet normal 0.6988641 0.7136903 -0.04727809
 outer loop
  vertex 0.119502164 0.13471428 -0.0026243487
  vertex 0.13213344 0.122352175 -0.0025221105
  vertex 0.11946546 0.13392398 -0.015096882
 endloop
endfacet
facet normal -0.56422704 0.8240704 -0.050555456
 outer loop
  vertex -0.09424712 0.15346098 -0.0016353045
  vertex -0.094292894 0.1524753 -0.017191354
  vertex -0.10887905 0.142557 -0.01607327
 endloop
endfacet
facet normal -0.56422806 0.8240698 -0.05055392
 outer loop
  vertex -0.1088359 0.14348626 -0.00140712
  vertex -0.09424712 0.15346098 -0.0016353045
  vertex -0.10887905 0.142557 -0.01607327
 endloop
endfacet
facet normal 0.6253904 0.7786319 -0.05117677
 outer loop
  vertex 0.119502164 0.13471428 -0.0026243487
  vertex 0.11946546 0.13392398 -0.015096882
  vertex 0.10567992 0.14491494 -0.016336322
 endloop
endfacet
facet normal 0.6253904 0.778632 -0.051176723
 outer loop
  vertex 0.10572004 0.1457789 -0.0027013295
  vertex 0.119502164 0.13471428 -0.0026243487
  vertex 0.10567992 0.14491494 -0.016336322
 endloop
endfacet
facet normal -0.6424048 0.7649487 -0.046577923
 outer loop
  vertex -0.1088359 0.14348626 -0.00140712
  vertex -0.10887905 0.142557 -0.01607327
  vertex -0.12241664 0.13126563 -0.014800319
 endloop
endfacet
facet normal -0.642404 0.76494926 -0.046579186
 outer loop
  vertex -0.12237652 0.13212958 -0.001165328
  vertex -0.1088359 0.14348626 -0.00140712
  vertex -0.12241664 0.13126563 -0.014800319
 endloop
endfacet
facet normal 0.54591906 0.83605814 -0.054581553
 outer loop
  vertex 0.10572004 0.1457789 -0.0027013295
  vertex 0.10567992 0.14491494 -0.016336322
  vertex 0.09087662 0.15451038 -0.017418412
 endloop
endfacet
facet normal 0.5459186 0.83605844 -0.054580897
 outer loop
  vertex 0.09091977 0.15543966 -0.0027522636
  vertex 0.10572004 0.1457789 -0.0027013295
  vertex 0.09087662 0.15451038 -0.017418412
 endloop
endfacet
facet normal -0.7144084 0.698458 -0.042154245
 outer loop
  vertex -0.12237652 0.13212958 -0.001165328
  vertex -0.12241664 0.13126563 -0.014800319
  vertex -0.13477528 0.11871018 -0.013384813
 endloop
endfacet
facet normal -0.71440804 0.69845843 -0.042155087
 outer loop
  vertex -0.1347386 0.11950048 -0.00091227976
  vertex -0.12237652 0.13212958 -0.001165328
  vertex -0.13477528 0.11871018 -0.013384813
 endloop
endfacet
facet normal 0.46120384 0.8854317 -0.057460047
 outer loop
  vertex 0.09091977 0.15543966 -0.0027522636
  vertex 0.09087662 0.15451038 -0.017418412
  vertex 0.075198136 0.16261765 -0.018332737
 endloop
endfacet
facet normal 0.4612038 0.8854318 -0.057459954
 outer loop
  vertex 0.075243905 0.16360332 -0.0027766854
  vertex 0.09091977 0.15543966 -0.0027522636
  vertex 0.075198136 0.16261765 -0.018332737
 endloop
endfacet
facet normal -0.88650113 0.46211076 0.023863988
 outer loop
  vertex -0.15537687 0.090581395 0.009430609
  vertex -0.15546334 0.090922266 -0.00038239546
  vertex -0.16362642 0.07524839 -0.00011056999
 endloop
endfacet
facet normal -0.8865013 0.46211016 0.023864917
 outer loop
  vertex -0.16355304 0.07495915 0.008215679
  vertex -0.15537687 0.090581395 0.009430609
  vertex -0.16362642 0.07524839 -0.00011056999
 endloop
endfacet
facet normal 0.18458362 0.98227954 0.032494593
 outer loop
  vertex 0.04202512 0.17455336 0.0141571425
  vertex 0.04187616 0.1751405 -0.0027452314
  vertex 0.024505677 0.17840281 -0.0026896817
 endloop
endfacet
facet normal 0.18458344 0.98227954 0.03249479
 outer loop
  vertex 0.024658345 0.17780104 0.014633862
  vertex 0.04202512 0.17455336 0.0141571425
  vertex 0.024505677 0.17840281 -0.0026896817
 endloop
endfacet
facet normal -0.92760354 0.3729681 0.021130554
 outer loop
  vertex -0.16355304 0.07495915 0.008215679
  vertex -0.16362642 0.07524839 -0.00011056999
  vertex -0.17021371 0.05884976 0.00016231276
 endloop
endfacet
facet normal -0.92760336 0.37296858 0.021129386
 outer loop
  vertex -0.17015415 0.05861496 0.006921621
  vertex -0.16355304 0.07495915 0.008215679
  vertex -0.17021371 0.05884976 0.00016231276
 endloop
endfacet
facet normal 0.087474056 0.9955928 0.033813056
 outer loop
  vertex 0.024658345 0.17780104 0.014633862
  vertex 0.024505677 0.17840281 -0.0026896817
  vertex 0.0068991687 0.17994697 -0.0026081905
 endloop
endfacet
facet normal 0.087473154 0.9955929 0.033813987
 outer loop
  vertex 0.0070540775 0.17933635 0.014969691
  vertex 0.024658345 0.17780104 0.014633862
  vertex 0.0068991687 0.17994697 -0.0026081905
 endloop
endfacet
facet normal 0.97862726 0.20563711 -0.0014818175
 outer loop
  vertex 0.17786893 0.028262662 0.00028300157
  vertex 0.17785367 0.028322803 -0.0014482696
  vertex 0.17421915 0.045617897 -0.001673866
 endloop
endfacet
facet normal 0.9786272 0.20563716 -0.0014813533
 outer loop
  vertex 0.17424951 0.045498196 0.0017720059
  vertex 0.17786893 0.028262662 0.00028300157
  vertex 0.17421915 0.045617897 -0.001673866
 endloop
endfacet
facet normal -0.9597652 0.2802139 0.018190783
 outer loop
  vertex -0.17015415 0.05861496 0.006921621
  vertex -0.17021371 0.05884976 0.00016231276
  vertex -0.17516176 0.041884497 0.0004336707
 endloop
endfacet
facet normal -0.9597655 0.28021282 0.018193765
 outer loop
  vertex -0.17511657 0.04170639 0.0055609555
  vertex -0.17015415 0.05861496 0.006921621
  vertex -0.17516176 0.041884497 0.0004336707
 endloop
endfacet
facet normal -0.010469201 0.99933916 0.034807272
 outer loop
  vertex 0.0070540775 0.17933635 0.014969691
  vertex 0.0068991687 0.17994697 -0.0026081905
  vertex -0.010773782 0.17975812 -0.002501579
 endloop
endfacet
facet normal -0.010468972 0.9993392 0.03480704
 outer loop
  vertex -0.010618124 0.17914455 0.015161354
  vertex 0.0070540775 0.17933635 0.014969691
  vertex -0.010773782 0.17975812 -0.002501579
 endloop
endfacet
facet normal 0.9537444 0.30061188 0.002037134
 outer loop
  vertex 0.17424951 0.045498196 0.0017720059
  vertex 0.17421915 0.045617897 -0.001673866
  vertex 0.16890682 0.062473603 -0.0018833041
 endloop
endfacet
facet normal 0.95374453 0.30061162 0.002035632
 outer loop
  vertex 0.16895202 0.062295493 0.0032439786
  vertex 0.17424951 0.045498196 0.0017720059
  vertex 0.16890682 0.062473603 -0.0018833041
 endloop
endfacet
facet normal -0.9826723 0.1847372 0.015079117
 outer loop
  vertex -0.17511657 0.04170639 0.0055609555
  vertex -0.17516176 0.041884497 0.0004336707
  vertex -0.1784229 0.024515746 0.00070084457
 endloop
endfacet
facet normal -0.9826722 0.18473762 0.015077637
 outer loop
  vertex -0.17839253 0.024396045 0.004146716
  vertex -0.17511657 0.04170639 0.0055609555
  vertex -0.1784229 0.024515746 0.00070084457
 endloop
endfacet
facet normal -0.10830894 0.99348444 0.035465885
 outer loop
  vertex -0.010618124 0.17914455 0.015161354
  vertex -0.010773782 0.17975812 -0.002501579
  vertex -0.028342955 0.17783807 -0.0023708686
 endloop
endfacet
facet normal -0.10830918 0.9934845 0.035466127
 outer loop
  vertex -0.028188046 0.17722745 0.015207012
  vertex -0.010618124 0.17914455 0.015161354
  vertex -0.028342955 0.17783807 -0.0023708686
 endloop
endfacet
facet normal 0.9196593 0.39267808 0.005534244
 outer loop
  vertex 0.16895202 0.062295493 0.0032439786
  vertex 0.16890682 0.062473603 -0.0018833041
  vertex 0.16196783 0.07872755 -0.0020746086
 endloop
endfacet
facet normal 0.919659 0.3926788 0.0055367984
 outer loop
  vertex 0.16202739 0.07849275 0.004684699
  vertex 0.16895202 0.062295493 0.0032439786
  vertex 0.16196783 0.07872755 -0.0020746086
 endloop
endfacet
facet normal -0.99609727 0.08746785 0.01181705
 outer loop
  vertex -0.17839253 0.024396045 0.004146716
  vertex -0.1784229 0.024515746 0.00070084457
  vertex -0.1799657 0.00691084 0.0009613051
 endloop
endfacet
facet normal -0.9960972 0.087467745 0.011817687
 outer loop
  vertex -0.17995045 0.006850699 0.0026925756
  vertex -0.17839253 0.024396045 0.004146716
  vertex -0.1799657 0.00691084 0.0009613051
 endloop
endfacet
facet normal -0.20511 0.97808456 0.035784245
 outer loop
  vertex -0.028188046 0.17722745 0.015207012
  vertex -0.028342955 0.17783807 -0.0023708686
  vertex -0.045639195 0.17420533 -0.0022173228
 endloop
endfacet
facet normal -0.20510915 0.97808474 0.035783365
 outer loop
  vertex -0.045486525 0.17360356 0.015106222
  vertex -0.028188046 0.17722745 0.015207012
  vertex -0.045639195 0.17420533 -0.0022173228
 endloop
endfacet
facet normal 0.8767086 0.4809379 0.008981149
 outer loop
  vertex 0.16202739 0.07849275 0.004684699
  vertex 0.16196783 0.07872755 -0.0020746086
  vertex 0.153469 0.094223395 -0.0022459081
 endloop
endfacet
facet normal 0.8767088 0.48093775 0.008980619
 outer loop
  vertex 0.15354237 0.09393416 0.00608034
  vertex 0.16202739 0.07849275 0.004684699
  vertex 0.153469 0.094223395 -0.0022459081
 endloop
endfacet
facet normal -0.29994836 0.95328504 0.035757694
 outer loop
  vertex -0.045486525 0.17360356 0.015106222
  vertex -0.045639195 0.17420533 -0.0022173228
  vertex -0.062495902 0.16889486 -0.0020423739
 endloop
endfacet
facet normal -0.29994744 0.95328534 0.03575671
 outer loop
  vertex -0.062346943 0.16830774 0.01486
  vertex -0.045486525 0.17360356 0.015106222
  vertex -0.062495902 0.16889486 -0.0020423739
 endloop
endfacet
facet normal 0.82530963 0.5645455 0.012337928
 outer loop
  vertex 0.15354237 0.09393416 0.00608034
  vertex 0.153469 0.094223395 -0.0022459081
  vertex 0.14349216 0.10881181 -0.0023955759
 endloop
endfacet
facet normal 0.8253097 0.5645457 0.012338298
 outer loop
  vertex 0.14357863 0.10847093 0.0074174283
  vertex 0.15354237 0.09393416 0.00608034
  vertex 0.14349216 0.10881181 -0.0023955759
 endloop
endfacet
facet normal -0.39191216 0.9193218 0.035387445
 outer loop
  vertex -0.062346943 0.16830774 0.01486
  vertex -0.062495902 0.16889486 -0.0020423739
  vertex -0.078750715 0.16195785 -0.0018477424
 endloop
endfacet
facet normal -0.39191288 0.9193215 0.035388254
 outer loop
  vertex -0.07860691 0.16139099 0.01447068
  vertex -0.062346943 0.16830774 0.01486
  vertex -0.078750715 0.16195785 -0.0018477424
 endloop
endfacet
facet normal 0.76596314 0.64269567 0.015576016
 outer loop
  vertex 0.14357863 0.10847093 0.0074174283
  vertex 0.14349216 0.10881181 -0.0023955759
  vertex 0.13213344 0.122352175 -0.0025221105
 endloop
endfacet
facet normal 0.7659636 0.64269525 0.015574786
 outer loop
  vertex 0.13223219 0.12196294 0.008683135
  vertex 0.14357863 0.10847093 0.0074174283
  vertex 0.13213344 0.122352175 -0.0025221105
 endloop
endfacet
facet normal -0.48012733 0.87651306 0.034678593
 outer loop
  vertex -0.07860691 0.16139099 0.01447068
  vertex -0.078750715 0.16195785 -0.0018477424
  vertex -0.09424712 0.15346098 -0.0016353045
 endloop
endfacet
facet normal -0.48012713 0.8765131 0.034678433
 outer loop
  vertex -0.09410984 0.15291987 0.013942008
  vertex -0.07860691 0.16139099 0.01447068
  vertex -0.09424712 0.15346098 -0.0016353045
 endloop
endfacet
facet normal 0.69925183 0.7146318 0.018661559
 outer loop
  vertex 0.13223219 0.12196294 0.008683135
  vertex 0.13213344 0.122352175 -0.0025221105
  vertex 0.119502164 0.13471428 -0.0026243487
 endloop
endfacet
facet normal 0.6992518 0.71463186 0.018661613
 outer loop
  vertex 0.11961223 0.13428043 0.009865232
  vertex 0.13223219 0.12196294 0.008683135
  vertex 0.119502164 0.13471428 -0.0026243487
 endloop
endfacet
facet normal -0.5637331 0.8252719 0.033635262
 outer loop
  vertex -0.09410984 0.15291987 0.013942008
  vertex -0.09424712 0.15346098 -0.0016353045
  vertex -0.1088359 0.14348626 -0.00140712
 endloop
endfacet
facet normal -0.56373274 0.82527214 0.0336347
 outer loop
  vertex -0.108706474 0.14297612 0.013279074
  vertex -0.09410984 0.15291987 0.013942008
  vertex -0.1088359 0.14348626 -0.00140712
 endloop
endfacet
facet normal 0.6258181 0.77967083 0.02156805
 outer loop
  vertex 0.11961223 0.13428043 0.009865232
  vertex 0.119502164 0.13471428 -0.0026243487
  vertex 0.10572004 0.1457789 -0.0027013295
 endloop
endfacet
facet normal 0.62581766 0.77967113 0.021568732
 outer loop
  vertex 0.10584036 0.1453046 0.010952298
  vertex 0.11961223 0.13428043 0.009865232
  vertex 0.10572004 0.1457789 -0.0027013295
 endloop
endfacet
facet normal -0.6419405 0.7660752 0.03226766
 outer loop
  vertex -0.108706474 0.14297612 0.013279074
  vertex -0.1088359 0.14348626 -0.00140712
  vertex -0.12237652 0.13212958 -0.001165328
 endloop
endfacet
facet normal -0.64194036 0.7660754 0.03226741
 outer loop
  vertex -0.1222562 0.1316553 0.012488298
  vertex -0.108706474 0.14297612 0.013279074
  vertex -0.12237652 0.13212958 -0.001165328
 endloop
endfacet
facet normal 0.5463822 0.83718437 0.024266591
 outer loop
  vertex 0.10584036 0.1453046 0.010952298
  vertex 0.10572004 0.1457789 -0.0027013295
  vertex 0.09091977 0.15543966 -0.0027522636
 endloop
endfacet
facet normal 0.54638296 0.8371839 0.02426549
 outer loop
  vertex 0.091049194 0.15492952 0.011933929
  vertex 0.10584036 0.1453046 0.010952298
  vertex 0.09091977 0.15543966 -0.0027522636
 endloop
endfacet
facet normal -0.71398026 0.6994972 0.030589616
 outer loop
  vertex -0.1222562 0.1316553 0.012488298
  vertex -0.12237652 0.13212958 -0.001165328
  vertex -0.1347386 0.11950048 -0.00091227976
 endloop
endfacet
facet normal -0.7139808 0.69949657 0.030590732
 outer loop
  vertex -0.13462852 0.11906663 0.011577301
  vertex -0.1222562 0.1316553 0.012488298
  vertex -0.1347386 0.11950048 -0.00091227976
 endloop
endfacet
facet normal 0.46169868 0.886634 0.026729438
 outer loop
  vertex 0.091049194 0.15492952 0.011933929
  vertex 0.09091977 0.15543966 -0.0027522636
  vertex 0.075243905 0.16360332 -0.0027766854
 endloop
endfacet
facet normal 0.4616976 0.88663447 0.026730927
 outer loop
  vertex 0.07538118 0.1630622 0.0128006255
  vertex 0.091049194 0.15492952 0.011933929
  vertex 0.075243905 0.16360332 -0.0027766854
 endloop
endfacet
facet normal -0.7791673 0.62616235 0.028617902
 outer loop
  vertex -0.13462852 0.11906663 0.011577301
  vertex -0.1347386 0.11950048 -0.00091227976
  vertex -0.14580305 0.10572042 -0.00065047335
 endloop
endfacet
facet normal -0.7791671 0.6261626 0.028617546
 outer loop
  vertex -0.1457043 0.10533119 0.010554773
  vertex -0.13462852 0.11906663 0.011577301
  vertex -0.14580305 0.10572042 -0.00065047335
 endloop
endfacet
facet normal 0.37259755 0.92754185 0.02893716
 outer loop
  vertex 0.07538118 0.1630622 0.0128006255
  vertex 0.075243905 0.16360332 -0.0027766854
  vertex 0.05884338 0.1701914 -0.0027743073
 endloop
endfacet
facet normal 0.37259877 0.9275414 0.02893564
 outer loop
  vertex 0.058987193 0.16962457 0.013544111
  vertex 0.07538118 0.1630622 0.0128006255
  vertex 0.05884338 0.1701914 -0.0027743073
 endloop
endfacet
facet normal -0.8368594 0.54678243 0.026368523
 outer loop
  vertex -0.1457043 0.10533119 0.010554773
  vertex -0.14580305 0.10572042 -0.00065047335
  vertex -0.15546334 0.090922266 -0.00038239546
 endloop
endfacet
facet normal -0.83685917 0.54678285 0.026367739
 outer loop
  vertex -0.15537687 0.090581395 0.009430609
  vertex -0.1457043 0.10533119 0.010554773
  vertex -0.15546334 0.090922266 -0.00038239546
 endloop
endfacet
facet normal 0.27993202 0.95952356 0.030863235
 outer loop
  vertex 0.058987193 0.16962457 0.013544111
  vertex 0.05884338 0.1701914 -0.0027743073
  vertex 0.04187616 0.1751405 -0.0027452314
 endloop
endfacet
facet normal 0.27993152 0.9595238 0.030863833
 outer loop
  vertex 0.04202512 0.17455336 0.0141571425
  vertex 0.058987193 0.16962457 0.013544111
  vertex 0.04187616 0.1751405 -0.0027452314
 endloop
endfacet
facet normal 0.9787962 0.2044312 0.012888308
 outer loop
  vertex 0.1778942 0.028033415 0.001999963
  vertex 0.17786893 0.028262662 0.00028300157
  vertex 0.17424951 0.045498196 0.0017720059
 endloop
endfacet
facet normal 0.9787962 0.20443115 0.012882506
 outer loop
  vertex 0.17429984 0.04504191 0.0051893955
  vertex 0.1778942 0.028033415 0.001999963
  vertex 0.17424951 0.045498196 0.0017720059
 endloop
endfacet
facet normal -0.9593778 0.27744532 0.051170703
 outer loop
  vertex -0.17005545 0.057719924 0.013625063
  vertex -0.17015415 0.05861496 0.006921621
  vertex -0.17511657 0.04170639 0.0055609555
 endloop
endfacet
facet normal -0.9593776 0.27744615 0.051168878
 outer loop
  vertex -0.1750417 0.04102746 0.010645859
  vertex -0.17005545 0.057719924 0.013625063
  vertex -0.17511657 0.04170639 0.0055609555
 endloop
endfacet
facet normal -0.009320772 0.9911427 0.1324733
 outer loop
  vertex 0.007310751 0.17700878 0.03240228
  vertex 0.0070540775 0.17933635 0.014969691
  vertex -0.010618124 0.17914455 0.015161354
 endloop
endfacet
facet normal -0.009320959 0.99114275 0.13247351
 outer loop
  vertex -0.010360207 0.1768057 0.03267829
  vertex 0.007310751 0.17700878 0.03240228
  vertex -0.010618124 0.17914455 0.015161354
 endloop
endfacet
facet normal 0.9540242 0.2986153 0.025822619
 outer loop
  vertex 0.17429984 0.04504191 0.0051893955
  vertex 0.17424951 0.045498196 0.0017720059
  vertex 0.16895202 0.062295493 0.0032439786
 endloop
endfacet
facet normal 0.954024 0.29861552 0.025824998
 outer loop
  vertex 0.16902688 0.061616562 0.008328881
  vertex 0.17429984 0.04504191 0.0051893955
  vertex 0.16895202 0.062295493 0.0032439786
 endloop
endfacet
facet normal -0.9823926 0.18274146 0.038862888
 outer loop
  vertex -0.1750417 0.04102746 0.010645859
  vertex -0.17511657 0.04170639 0.0055609555
  vertex -0.17839253 0.024396045 0.004146716
 endloop
endfacet
facet normal -0.98239267 0.18274064 0.038865037
 outer loop
  vertex -0.17834221 0.02393976 0.0075641056
  vertex -0.1750417 0.04102746 0.010645859
  vertex -0.17839253 0.024396045 0.004146716
 endloop
endfacet
facet normal -0.107161045 0.98528796 0.13313235
 outer loop
  vertex -0.010360207 0.1768057 0.03267829
  vertex -0.010618124 0.17914455 0.015161354
  vertex -0.028188046 0.17722745 0.015207012
 endloop
endfacet
facet normal -0.10716082 0.9852879 0.13313213
 outer loop
  vertex -0.027931374 0.17489988 0.032639604
  vertex -0.010360207 0.1768057 0.03267829
  vertex -0.028188046 0.17722745 0.015207012
 endloop
endfacet
facet normal 0.9200467 0.3899112 0.03851494
 outer loop
  vertex 0.16902688 0.061616562 0.008328881
  vertex 0.16895202 0.062295493 0.0032439786
  vertex 0.16202739 0.07849275 0.004684699
 endloop
endfacet
facet normal 0.9200469 0.3899109 0.03851333
 outer loop
  vertex 0.1621261 0.077597715 0.011388138
  vertex 0.16902688 0.061616562 0.008328881
  vertex 0.16202739 0.07849275 0.004684699
 endloop
endfacet
facet normal -0.99592835 0.086262174 0.026182689
 outer loop
  vertex -0.17834221 0.02393976 0.0075641056
  vertex -0.17839253 0.024396045 0.004146716
  vertex -0.17995045 0.006850699 0.0026925756
 endloop
endfacet
facet normal -0.99592835 0.08626376 0.026177162
 outer loop
  vertex -0.17992517 0.006621452 0.0044095367
  vertex -0.17834221 0.02393976 0.0075641056
  vertex -0.17995045 0.006850699 0.0026925756
 endloop
endfacet
facet normal -0.20397215 0.96996695 0.1325119
 outer loop
  vertex -0.027931374 0.17489988 0.032639604
  vertex -0.028188046 0.17722745 0.015207012
  vertex -0.045486525 0.17360356 0.015106222
 endloop
endfacet
facet normal -0.20397222 0.969967 0.13251203
 outer loop
  vertex -0.045233563 0.17130966 0.03228658
  vertex -0.027931374 0.17489988 0.032639604
  vertex -0.045486525 0.17360356 0.015106222
 endloop
endfacet
facet normal 0.8772007 0.47742566 0.050829116
 outer loop
  vertex 0.1621261 0.077597715 0.011388138
  vertex 0.16202739 0.07849275 0.004684699
  vertex 0.15354237 0.09393416 0.00608034
 endloop
endfacet
facet normal 0.8772006 0.47742584 0.05082981
 outer loop
  vertex 0.15366395 0.09283164 0.014337763
  vertex 0.1621261 0.077597715 0.011388138
  vertex 0.15354237 0.09393416 0.00608034
 endloop
endfacet
facet normal -0.2988322 0.94532436 0.13061848
 outer loop
  vertex -0.045233563 0.17130966 0.03228658
  vertex -0.045486525 0.17360356 0.015106222
  vertex -0.062346943 0.16830774 0.01486
 endloop
endfacet
facet normal -0.29883263 0.9453241 0.13061891
 outer loop
  vertex -0.062100135 0.1660696 0.03162267
  vertex -0.045233563 0.17130966 0.03228658
  vertex -0.062346943 0.16830774 0.01486
 endloop
endfacet
facet normal 0.8259011 0.56032306 0.062653534
 outer loop
  vertex 0.15366395 0.09283164 0.014337763
  vertex 0.15354237 0.09393416 0.00608034
  vertex 0.14357863 0.10847093 0.0074174283
 endloop
endfacet
facet normal 0.8259012 0.5603228 0.06265275
 outer loop
  vertex 0.14372192 0.10717155 0.01714932
  vertex 0.15366395 0.09283164 0.014337763
  vertex 0.14357863 0.10847093 0.0074174283
 endloop
endfacet
facet normal -0.3908304 0.91159374 0.1274698
 outer loop
  vertex -0.062100135 0.1660696 0.03162267
  vertex -0.062346943 0.16830774 0.01486
  vertex -0.07860691 0.16139099 0.01447068
 endloop
endfacet
facet normal -0.3908298 0.91159403 0.12746917
 outer loop
  vertex -0.07836863 0.15923019 0.030654227
  vertex -0.062100135 0.1660696 0.03162267
  vertex -0.07860691 0.16139099 0.01447068
 endloop
endfacet
facet normal 0.766649 0.63780284 0.073870145
 outer loop
  vertex 0.14372192 0.10717155 0.01714932
  vertex 0.14357863 0.10847093 0.0074174283
  vertex 0.13223219 0.12196294 0.008683135
 endloop
endfacet
facet normal 0.76664865 0.63780314 0.07387117
 outer loop
  vertex 0.1323958 0.1204792 0.019795764
  vertex 0.14372192 0.10717155 0.01714932
  vertex 0.13223219 0.12196294 0.008683135
 endloop
endfacet
facet normal -0.4790878 0.869093 0.123094
 outer loop
  vertex -0.07836863 0.15923019 0.030654227
  vertex -0.07860691 0.16139099 0.01447068
  vertex -0.09410984 0.15291987 0.013942008
 endloop
endfacet
facet normal -0.479089 0.86909217 0.12309542
 outer loop
  vertex -0.093882374 0.15085718 0.029390568
  vertex -0.07836863 0.15923019 0.030654227
  vertex -0.09410984 0.15291987 0.013942008
 endloop
endfacet
facet normal 0.70002437 0.70911705 0.08437384
 outer loop
  vertex 0.1323958 0.1204792 0.019795764
  vertex 0.13223219 0.12196294 0.008683135
  vertex 0.11961223 0.13428043 0.009865232
 endloop
endfacet
facet normal 0.7000243 0.7091171 0.08437391
 outer loop
  vertex 0.11979461 0.13262661 0.02225158
  vertex 0.1323958 0.1204792 0.019795764
  vertex 0.11961223 0.13428043 0.009865232
 endloop
endfacet
facet normal -0.56274647 0.8182308 0.11753621
 outer loop
  vertex -0.093882374 0.15085718 0.029390568
  vertex -0.09410984 0.15291987 0.013942008
  vertex -0.108706474 0.14297612 0.013279074
 endloop
endfacet
facet normal -0.56274563 0.81823146 0.11753511
 outer loop
  vertex -0.108492024 0.14103144 0.027843881
  vertex -0.093882374 0.15085718 0.029390568
  vertex -0.108706474 0.14297612 0.013279074
 endloop
endfacet
facet normal 0.62666976 0.7735872 0.09406203
 outer loop
  vertex 0.11979461 0.13262661 0.02225158
  vertex 0.11961223 0.13428043 0.009865232
  vertex 0.10584036 0.1453046 0.010952298
 endloop
endfacet
facet normal 0.6266704 0.7735869 0.094060875
 outer loop
  vertex 0.10603974 0.14349666 0.02449307
  vertex 0.11979461 0.13262661 0.02225158
  vertex 0.10584036 0.1453046 0.010952298
 endloop
endfacet
facet normal -0.64101654 0.7594811 0.11084325
 outer loop
  vertex -0.108492024 0.14103144 0.027843881
  vertex -0.108706474 0.14297612 0.013279074
  vertex -0.1222562 0.1316553 0.012488298
 endloop
endfacet
facet normal -0.64101684 0.75948083 0.11084365
 outer loop
  vertex -0.12205683 0.12984735 0.026029073
  vertex -0.108492024 0.14103144 0.027843881
  vertex -0.1222562 0.1316553 0.012488298
 endloop
endfacet
facet normal 0.5473067 0.8305897 0.10284038
 outer loop
  vertex 0.10603974 0.14349666 0.02449307
  vertex 0.10584036 0.1453046 0.010952298
  vertex 0.091049194 0.15492952 0.011933929
 endloop
endfacet
facet normal 0.54730654 0.8305898 0.10284067
 outer loop
  vertex 0.09126365 0.15298484 0.026498735
  vertex 0.10603974 0.14349666 0.02449307
  vertex 0.091049194 0.15492952 0.011933929
 endloop
endfacet
facet normal -0.71312857 0.69341284 0.103084035
 outer loop
  vertex -0.12205683 0.12984735 0.026029073
  vertex -0.1222562 0.1316553 0.012488298
  vertex -0.13462852 0.11906663 0.011577301
 endloop
endfacet
facet normal -0.7131286 0.69341266 0.10308425
 outer loop
  vertex -0.13444614 0.11741281 0.023963649
  vertex -0.12205683 0.12984735 0.026029073
  vertex -0.13462852 0.11906663 0.011577301
 endloop
endfacet
facet normal 0.46268383 0.8795935 0.11062958
 outer loop
  vertex 0.09126365 0.15298484 0.026498735
  vertex 0.091049194 0.15492952 0.011933929
  vertex 0.07538118 0.1630622 0.0128006255
 endloop
endfacet
facet normal 0.46268356 0.8795937 0.110630035
 outer loop
  vertex 0.07560865 0.16099952 0.028249182
  vertex 0.09126365 0.15298484 0.026498735
  vertex 0.07538118 0.1630622 0.0128006255
 endloop
endfacet
facet normal -0.7783947 0.6206478 0.09432965
 outer loop
  vertex -0.13444614 0.11741281 0.023963649
  vertex -0.13462852 0.11906663 0.011577301
  vertex -0.1457043 0.10533119 0.010554773
 endloop
endfacet
facet normal -0.7783943 0.6206484 0.09432884
 outer loop
  vertex -0.14554068 0.103847444 0.021667402
  vertex -0.13444614 0.11741281 0.023963649
  vertex -0.1457043 0.10533119 0.010554773
 endloop
endfacet
facet normal 0.37363833 0.9201212 0.11735232
 outer loop
  vertex 0.07560865 0.16099952 0.028249182
  vertex 0.07538118 0.1630622 0.0128006255
  vertex 0.058987193 0.16962457 0.013544111
 endloop
endfacet
facet normal 0.37363866 0.92012095 0.117351845
 outer loop
  vertex 0.059225477 0.16746376 0.029727645
  vertex 0.07560865 0.16099952 0.028249182
  vertex 0.058987193 0.16962457 0.013544111
 endloop
endfacet
facet normal -0.83617395 0.54189044 0.08466386
 outer loop
  vertex -0.14554068 0.103847444 0.021667402
  vertex -0.1457043 0.10533119 0.010554773
  vertex -0.15537687 0.090581395 0.009430609
 endloop
endfacet
facet normal -0.83617383 0.54189056 0.08466371
 outer loop
  vertex -0.15523358 0.08928201 0.0191625
  vertex -0.14554068 0.103847444 0.021667402
  vertex -0.15537687 0.090581395 0.009430609
 endloop
endfacet
facet normal 0.28101394 0.9517961 0.12294484
 outer loop
  vertex 0.059225477 0.16746376 0.029727645
  vertex 0.058987193 0.16962457 0.013544111
  vertex 0.04202512 0.17455336 0.0141571425
 endloop
endfacet
facet normal 0.28101403 0.95179605 0.12294471
 outer loop
  vertex 0.042271927 0.17231524 0.03091981
  vertex 0.059225477 0.16746376 0.029727645
  vertex 0.04202512 0.17455336 0.0141571425
 endloop
endfacet
facet normal -0.8859098 0.45788774 0.07418007
 outer loop
  vertex -0.15523358 0.08928201 0.0191625
  vertex -0.15537687 0.090581395 0.009430609
  vertex -0.16355304 0.07495915 0.008215679
 endloop
endfacet
facet normal -0.88590974 0.45788774 0.0741799
 outer loop
  vertex -0.16343147 0.07385664 0.016473107
  vertex -0.15523358 0.08928201 0.0191625
  vertex -0.16355304 0.07495915 0.008215679
 endloop
endfacet
facet normal 0.1856986 0.9743185 0.12735528
 outer loop
  vertex 0.042271927 0.17231524 0.03091981
  vertex 0.04202512 0.17455336 0.0141571425
  vertex 0.024658345 0.17780104 0.014633862
 endloop
endfacet
facet normal 0.18569836 0.9743186 0.12735555
 outer loop
  vertex 0.024911307 0.17550714 0.03181422
  vertex 0.042271927 0.17231524 0.03091981
  vertex 0.024658345 0.17780104 0.014633862
 endloop
endfacet
facet normal -0.9271114 0.36945644 0.062979415
 outer loop
  vertex -0.16343147 0.07385664 0.016473107
  vertex -0.16355304 0.07495915 0.008215679
  vertex -0.17015415 0.05861496 0.006921621
 endloop
endfacet
facet normal -0.9271117 0.36945564 0.0629807
 outer loop
  vertex -0.17005545 0.057719924 0.013625063
  vertex -0.16343147 0.07385664 0.016473107
  vertex -0.17015415 0.05861496 0.006921621
 endloop
endfacet
facet normal 0.08861041 0.9874751 0.13054173
 outer loop
  vertex 0.024911307 0.17550714 0.03181422
  vertex 0.024658345 0.17780104 0.014633862
  vertex 0.0070540775 0.17933635 0.014969691
 endloop
endfacet
facet normal 0.088610455 0.9874751 0.1305417
 outer loop
  vertex 0.007310751 0.17700878 0.03240228
  vertex 0.024911307 0.17550714 0.03181422
  vertex 0.0070540775 0.17933635 0.014969691
 endloop
endfacet
facet normal 0.9206239 0.38392955 0.071060516
 outer loop
  vertex 0.16913071 0.06044334 0.013322434
  vertex 0.16902688 0.061616562 0.008328881
  vertex 0.1621261 0.077597715 0.011388138
 endloop
endfacet
facet normal 0.92062414 0.38392955 0.07105945
 outer loop
  vertex 0.16226298 0.07605107 0.017971149
  vertex 0.16913071 0.06044334 0.013322434
  vertex 0.1621261 0.077597715 0.011388138
 endloop
endfacet
facet normal -0.99567693 0.0836576 0.040358525
 outer loop
  vertex -0.17827243 0.023151277 0.010920104
  vertex -0.17834221 0.02393976 0.0075641056
  vertex -0.17992517 0.006621452 0.0044095367
 endloop
endfacet
facet normal -0.995677 0.08365708 0.04035988
 outer loop
  vertex -0.17989011 0.0062253047 0.0060956525
  vertex -0.17827243 0.023151277 0.010920104
  vertex -0.17992517 0.006621452 0.0044095367
 endloop
endfacet
facet normal -0.20227976 0.95242363 0.2279742
 outer loop
  vertex -0.027575403 0.17087774 0.04975901
  vertex -0.027931374 0.17489988 0.032639604
  vertex -0.045233563 0.17130966 0.03228658
 endloop
endfacet
facet normal -0.20228079 0.9524231 0.22797523
 outer loop
  vertex -0.044882745 0.1673457 0.049158294
  vertex -0.027575403 0.17087774 0.04975901
  vertex -0.045233563 0.17130966 0.03228658
 endloop
endfacet
facet normal 0.8779329 0.46983594 0.092130415
 outer loop
  vertex 0.16226298 0.07605107 0.017971149
  vertex 0.1621261 0.077597715 0.011388138
  vertex 0.15366395 0.09283164 0.014337763
 endloop
endfacet
facet normal 0.8779328 0.46983606 0.09213104
 outer loop
  vertex 0.15383257 0.09092643 0.022446845
  vertex 0.16226298 0.07605107 0.017971149
  vertex 0.15366395 0.09283164 0.014337763
 endloop
endfacet
facet normal -0.29717258 0.9281194 0.22423826
 outer loop
  vertex -0.044882745 0.1673457 0.049158294
  vertex -0.045233563 0.17130966 0.03228658
  vertex -0.062100135 0.1660696 0.03162267
 endloop
endfacet
facet normal -0.29717147 0.9281201 0.22423713
 outer loop
  vertex -0.061757844 0.16220203 0.048084196
  vertex -0.044882745 0.1673457 0.049158294
  vertex -0.062100135 0.1660696 0.03162267
 endloop
endfacet
facet normal 0.82678175 0.5511972 0.112310305
 outer loop
  vertex 0.15383257 0.09092643 0.022446845
  vertex 0.15366395 0.09283164 0.014337763
  vertex 0.14372192 0.10717155 0.01714932
 endloop
endfacet
facet normal 0.82678175 0.55119723 0.112310305
 outer loop
  vertex 0.14392065 0.104926154 0.02670638
  vertex 0.15383257 0.09092643 0.022446845
  vertex 0.14372192 0.10717155 0.01714932
 endloop
endfacet
facet normal -0.38921854 0.89489365 0.2183447
 outer loop
  vertex -0.061757844 0.16220203 0.048084196
  vertex -0.062100135 0.1660696 0.03162267
  vertex -0.07836863 0.15923019 0.030654227
 endloop
endfacet
facet normal -0.38921985 0.8948927 0.21834609
 outer loop
  vertex -0.07803816 0.15549621 0.046547033
  vertex -0.061757844 0.16220203 0.048084196
  vertex -0.07836863 0.15923019 0.030654227
 endloop
endfacet
facet normal 0.76766884 0.6272302 0.13140315
 outer loop
  vertex 0.14392065 0.104926154 0.02670638
  vertex 0.14372192 0.10717155 0.01714932
  vertex 0.1323958 0.1204792 0.019795764
 endloop
endfacet
facet normal 0.7676686 0.62723035 0.13140376
 outer loop
  vertex 0.13262272 0.11791522 0.030708753
  vertex 0.14392065 0.104926154 0.02670638
  vertex 0.1323958 0.1204792 0.019795764
 endloop
endfacet
facet normal -0.47754177 0.8530565 0.21035329
 outer loop
  vertex -0.07803816 0.15549621 0.046547033
  vertex -0.07836863 0.15923019 0.030654227
  vertex -0.093882374 0.15085718 0.029390568
 endloop
endfacet
facet normal -0.4775412 0.8530569 0.21035261
 outer loop
  vertex -0.093566924 0.1472928 0.0445616
  vertex -0.07803816 0.15549621 0.046547033
  vertex -0.093882374 0.15085718 0.029390568
 endloop
endfacet
facet normal 0.7011742 0.6971991 0.14922535
 outer loop
  vertex 0.13262272 0.11791522 0.030708753
  vertex 0.1323958 0.1204792 0.019795764
  vertex 0.11979461 0.13262661 0.02225158
 endloop
endfacet
facet normal 0.7011745 0.6971989 0.14922474
 outer loop
  vertex 0.12004753 0.12976876 0.03441541
  vertex 0.13262272 0.11791522 0.030708753
  vertex 0.11979461 0.13262661 0.02225158
 endloop
endfacet
facet normal -0.56127757 0.80301476 0.20033647
 outer loop
  vertex -0.093566924 0.1472928 0.0445616
  vertex -0.093882374 0.15085718 0.029390568
  vertex -0.108492024 0.14103144 0.027843881
 endloop
endfacet
facet normal -0.5612778 0.80301464 0.2003367
 outer loop
  vertex -0.10819461 0.13767096 0.04214703
  vertex -0.093566924 0.1472928 0.0445616
  vertex -0.108492024 0.14103144 0.027843881
 endloop
endfacet
facet normal 0.6279389 0.76043904 0.16560562
 outer loop
  vertex 0.12004753 0.12976876 0.03441541
  vertex 0.11979461 0.13262661 0.02225158
  vertex 0.10603974 0.14349666 0.02449307
 endloop
endfacet
facet normal 0.62793887 0.76043904 0.16560572
 outer loop
  vertex 0.10631624 0.14037246 0.03779059
  vertex 0.12004753 0.12976876 0.03441541
  vertex 0.10603974 0.14349666 0.02449307
 endloop
endfacet
facet normal -0.6396418 0.74522996 0.18838984
 outer loop
  vertex -0.10819461 0.13767096 0.04214703
  vertex -0.108492024 0.14103144 0.027843881
  vertex -0.12205683 0.12984735 0.026029073
 endloop
endfacet
facet normal -0.63964134 0.74523044 0.1883892
 outer loop
  vertex -0.12178032 0.12672316 0.039326586
  vertex -0.10819461 0.13767096 0.04214703
  vertex -0.12205683 0.12984735 0.026029073
 endloop
endfacet
facet normal 0.5486815 0.81633884 0.1803872
 outer loop
  vertex 0.10631624 0.14037246 0.03779059
  vertex 0.10603974 0.14349666 0.02449307
  vertex 0.09126365 0.15298484 0.026498735
 endloop
endfacet
facet normal 0.5486808 0.8163391 0.18038844
 outer loop
  vertex 0.09156106 0.14962435 0.040801886
  vertex 0.10631624 0.14037246 0.03779059
  vertex 0.09126365 0.15298484 0.026498735
 endloop
endfacet
facet normal -0.71186006 0.68026507 0.17462759
 outer loop
  vertex -0.12178032 0.12672316 0.039326586
  vertex -0.12205683 0.12984735 0.026029073
  vertex -0.13444614 0.11741281 0.023963649
 endloop
endfacet
facet normal -0.7118598 0.6802652 0.17462736
 outer loop
  vertex -0.13419323 0.114554964 0.036127478
  vertex -0.12178032 0.12672316 0.039326586
  vertex -0.13444614 0.11741281 0.023963649
 endloop
endfacet
facet normal 0.46415162 0.8643768 0.19343239
 outer loop
  vertex 0.09156106 0.14962435 0.040801886
  vertex 0.09126365 0.15298484 0.026498735
  vertex 0.07560865 0.16099952 0.028249182
 endloop
endfacet
facet normal 0.46415272 0.86437654 0.19343078
 outer loop
  vertex 0.0759241 0.15743515 0.043420207
  vertex 0.09156106 0.14962435 0.040801886
  vertex 0.07560865 0.16099952 0.028249182
 endloop
endfacet
facet normal -0.77724445 0.6087304 0.15918
 outer loop
  vertex -0.13419323 0.114554964 0.036127478
  vertex -0.13444614 0.11741281 0.023963649
  vertex -0.14554068 0.103847444 0.021667402
 endloop
endfacet
facet normal -0.77724475 0.6087299 0.15918073
 outer loop
  vertex -0.14531377 0.10128347 0.03258039
  vertex -0.13419323 0.114554964 0.036127478
  vertex -0.14554068 0.103847444 0.021667402
 endloop
endfacet
facet normal 0.37518594 0.90408534 0.20461006
 outer loop
  vertex 0.0759241 0.15743515 0.043420207
  vertex 0.07560865 0.16099952 0.028249182
  vertex 0.059225477 0.16746376 0.029727645
 endloop
endfacet
facet normal 0.3751856 0.90408534 0.20461057
 outer loop
  vertex 0.05955594 0.1637298 0.045620453
  vertex 0.0759241 0.15743515 0.043420207
  vertex 0.059225477 0.16746376 0.029727645
 endloop
endfacet
facet normal -0.83515376 0.5313174 0.14219695
 outer loop
  vertex -0.14531377 0.10128347 0.03258039
  vertex -0.14554068 0.103847444 0.021667402
  vertex -0.15523358 0.08928201 0.0191625
 endloop
endfacet
facet normal -0.8351537 0.53131765 0.14219666
 outer loop
  vertex -0.15503486 0.08703662 0.028719561
  vertex -0.14531377 0.10128347 0.03258039
  vertex -0.15523358 0.08928201 0.0191625
 endloop
endfacet
facet normal 0.28262532 0.9350955 0.21382087
 outer loop
  vertex 0.05955594 0.1637298 0.045620453
  vertex 0.059225477 0.16746376 0.029727645
  vertex 0.042271927 0.17231524 0.03091981
 endloop
endfacet
facet normal 0.28262615 0.9350954 0.21381989
 outer loop
  vertex 0.042614218 0.16844767 0.047381345
  vertex 0.05955594 0.1637298 0.045620453
  vertex 0.042271927 0.17231524 0.03091981
 endloop
endfacet
facet normal -0.88502926 0.44876206 0.123837575
 outer loop
  vertex -0.15503486 0.08703662 0.028719561
  vertex -0.15523358 0.08928201 0.0191625
  vertex -0.16343147 0.07385664 0.016473107
 endloop
endfacet
facet normal -0.8850297 0.4487611 0.12383874
 outer loop
  vertex -0.16326284 0.07195143 0.024582194
  vertex -0.15503486 0.08703662 0.028719561
  vertex -0.16343147 0.07385664 0.016473107
 endloop
endfacet
facet normal 0.18735835 0.95711404 0.22097401
 outer loop
  vertex 0.042614218 0.16844767 0.047381345
  vertex 0.042271927 0.17231524 0.03091981
  vertex 0.024911307 0.17550714 0.03181422
 endloop
endfacet
facet normal 0.187357 0.957114 0.22097552
 outer loop
  vertex 0.025262125 0.17154318 0.048685934
  vertex 0.042614218 0.16844767 0.047381345
  vertex 0.024911307 0.17550714 0.03181422
 endloop
endfacet
facet normal -0.9263792 0.36186546 0.10428267
 outer loop
  vertex -0.16326284 0.07195143 0.024582194
  vertex -0.16343147 0.07385664 0.016473107
  vertex -0.17005545 0.057719924 0.013625063
 endloop
endfacet
facet normal -0.926379 0.36186633 0.10428144
 outer loop
  vertex -0.16991857 0.056173272 0.020208072
  vertex -0.16326284 0.07195143 0.024582194
  vertex -0.17005545 0.057719924 0.013625063
 endloop
endfacet
facet normal 0.09030325 0.9699315 0.22600503
 outer loop
  vertex 0.025262125 0.17154318 0.048685934
  vertex 0.024911307 0.17550714 0.03181422
  vertex 0.007310751 0.17700878 0.03240228
 endloop
endfacet
facet normal 0.09030435 0.96993166 0.22600381
 outer loop
  vertex 0.00766672 0.17298664 0.04952169
  vertex 0.025262125 0.17154318 0.048685934
  vertex 0.007310751 0.17700878 0.03240228
 endloop
endfacet
facet normal 0.9790476 0.2018259 0.027059004
 outer loop
  vertex 0.17792927 0.02763727 0.0036860795
  vertex 0.1778942 0.028033415 0.001999963
  vertex 0.17429984 0.04504191 0.0051893955
 endloop
endfacet
facet normal 0.9790475 0.20182571 0.027060917
 outer loop
  vertex 0.17436962 0.044253428 0.008545391
  vertex 0.17792927 0.02763727 0.0036860795
  vertex 0.17429984 0.04504191 0.0051893955
 endloop
endfacet
facet normal -0.9588005 0.27146488 0.08371614
 outer loop
  vertex -0.16991857 0.056173272 0.020208072
  vertex -0.17005545 0.057719924 0.013625063
  vertex -0.1750417 0.04102746 0.010645859
 endloop
endfacet
facet normal -0.95880055 0.2714649 0.08371608
 outer loop
  vertex -0.17493787 0.039854243 0.015639413
  vertex -0.16991857 0.056173272 0.020208072
  vertex -0.1750417 0.04102746 0.010645859
 endloop
endfacet
facet normal -0.0076118684 0.9734292 0.22886157
 outer loop
  vertex 0.00766672 0.17298664 0.04952169
  vertex 0.007310751 0.17700878 0.03240228
  vertex -0.010360207 0.1768057 0.03267829
 endloop
endfacet
facet normal -0.007612618 0.973429 0.22886233
 outer loop
  vertex -0.010002517 0.1727641 0.049880534
  vertex 0.00766672 0.17298664 0.04952169
  vertex -0.010360207 0.1768057 0.03267829
 endloop
endfacet
facet normal 0.9544403 0.2943015 0.049299553
 outer loop
  vertex 0.17436962 0.044253428 0.008545391
  vertex 0.17429984 0.04504191 0.0051893955
  vertex 0.16902688 0.061616562 0.008328881
 endloop
endfacet
facet normal 0.9544403 0.2943015 0.049299527
 outer loop
  vertex 0.16913071 0.06044334 0.013322434
  vertex 0.17436962 0.044253428 0.008545391
  vertex 0.16902688 0.061616562 0.008328881
 endloop
endfacet
facet normal -0.98197645 0.17842677 0.062338993
 outer loop
  vertex -0.17493787 0.039854243 0.015639413
  vertex -0.1750417 0.04102746 0.010645859
  vertex -0.17834221 0.02393976 0.0075641056
 endloop
endfacet
facet normal -0.9819765 0.17842656 0.062339377
 outer loop
  vertex -0.17827243 0.023151277 0.010920104
  vertex -0.17493787 0.039854243 0.015639413
  vertex -0.17834221 0.02393976 0.0075641056
 endloop
endfacet
facet normal -0.10545175 0.96757424 0.22952117
 outer loop
  vertex -0.010002517 0.1727641 0.049880534
  vertex -0.010360207 0.1768057 0.03267829
  vertex -0.027931374 0.17489988 0.032639604
 endloop
endfacet
facet normal -0.10545103 0.9675745 0.22952046
 outer loop
  vertex -0.027575403 0.17087774 0.04975901
  vertex -0.010002517 0.1727641 0.049880534
  vertex -0.027931374 0.17489988 0.032639604
 endloop
endfacet
facet normal 0.82794267 0.53725666 0.1608299
 outer loop
  vertex 0.1540466 0.088236906 0.030329488
  vertex 0.15383257 0.09092643 0.022446845
  vertex 0.14392065 0.104926154 0.02670638
 endloop
endfacet
facet normal 0.8279427 0.53725666 0.16082951
 outer loop
  vertex 0.14417289 0.10175638 0.03599657
  vertex 0.1540466 0.088236906 0.030329488
  vertex 0.14392065 0.104926154 0.02670638
 endloop
endfacet
facet normal -0.38709518 0.8693805 0.30714
 outer loop
  vertex -0.061323375 0.15674224 0.06408606
  vertex -0.061757844 0.16220203 0.048084196
  vertex -0.07803816 0.15549621 0.046547033
 endloop
endfacet
facet normal -0.38709497 0.8693806 0.3071398
 outer loop
  vertex -0.0776187 0.15022506 0.06199605
  vertex -0.061323375 0.15674224 0.06408606
  vertex -0.07803816 0.15549621 0.046547033
 endloop
endfacet
facet normal 0.76901376 0.611079 0.18761744
 outer loop
  vertex 0.14417289 0.10175638 0.03599657
  vertex 0.14392065 0.104926154 0.02670638
  vertex 0.13262272 0.11791522 0.030708753
 endloop
endfacet
facet normal 0.76901346 0.6110791 0.18761814
 outer loop
  vertex 0.13291074 0.11429573 0.041317005
  vertex 0.14417289 0.10175638 0.03599657
  vertex 0.13262272 0.11791522 0.030708753
 endloop
endfacet
facet normal -0.47550115 0.8285602 0.2956123
 outer loop
  vertex -0.0776187 0.15022506 0.06199605
  vertex -0.07803816 0.15549621 0.046547033
  vertex -0.093566924 0.1472928 0.0445616
 endloop
endfacet
facet normal -0.475501 0.82856035 0.29561216
 outer loop
  vertex -0.09316651 0.14226104 0.059308983
  vertex -0.0776187 0.15022506 0.06199605
  vertex -0.093566924 0.1472928 0.0445616
 endloop
endfacet
facet normal 0.70269066 0.6789926 0.21259078
 outer loop
  vertex 0.13291074 0.11429573 0.041317005
  vertex 0.13262272 0.11791522 0.030708753
  vertex 0.12004753 0.12976876 0.03441541
 endloop
endfacet
facet normal 0.7026907 0.6789926 0.21259068
 outer loop
  vertex 0.12036857 0.1257344 0.046239574
  vertex 0.13291074 0.11429573 0.041317005
  vertex 0.12004753 0.12976876 0.03441541
 endloop
endfacet
facet normal -0.5593421 0.77976906 0.2812412
 outer loop
  vertex -0.09316651 0.14226104 0.059308983
  vertex -0.093566924 0.1472928 0.0445616
  vertex -0.10819461 0.13767096 0.04214703
 endloop
endfacet
facet normal -0.559342 0.7797691 0.28124115
 outer loop
  vertex -0.107817106 0.13292706 0.056050774
  vertex -0.09316651 0.14226104 0.059308983
  vertex -0.10819461 0.13767096 0.04214703
 endloop
endfacet
facet normal 0.6296115 0.74035394 0.23551103
 outer loop
  vertex 0.12036857 0.1257344 0.046239574
  vertex 0.12004753 0.12976876 0.03441541
  vertex 0.10631624 0.14037246 0.03779059
 endloop
endfacet
facet normal 0.62961125 0.740354 0.23551157
 outer loop
  vertex 0.1066672 0.13596208 0.05071678
  vertex 0.12036857 0.1257344 0.046239574
  vertex 0.10631624 0.14037246 0.03779059
 endloop
endfacet
facet normal -0.6378284 0.72346014 0.2641597
 outer loop
  vertex -0.107817106 0.13292706 0.056050774
  vertex -0.10819461 0.13767096 0.04214703
  vertex -0.12178032 0.12672316 0.039326586
 endloop
endfacet
facet normal -0.63782907 0.72345924 0.26416057
 outer loop
  vertex -0.12142936 0.12231276 0.052252784
  vertex -0.107817106 0.13292706 0.056050774
  vertex -0.12178032 0.12672316 0.039326586
 endloop
endfacet
facet normal 0.55049366 0.794569 0.2561577
 outer loop
  vertex 0.1066672 0.13596208 0.05071678
  vertex 0.10631624 0.14037246 0.03779059
  vertex 0.09156106 0.14962435 0.040801886
 endloop
endfacet
facet normal 0.55049443 0.79456896 0.25615638
 outer loop
  vertex 0.09193856 0.14488046 0.054705627
  vertex 0.1066672 0.13596208 0.05071678
  vertex 0.09156106 0.14962435 0.040801886
 endloop
endfacet
facet normal -0.7101871 0.6601798 0.24453434
 outer loop
  vertex -0.12142936 0.12231276 0.052252784
  vertex -0.12178032 0.12672316 0.039326586
  vertex -0.13419323 0.114554964 0.036127478
 endloop
endfacet
facet normal -0.71018654 0.6601805 0.24453358
 outer loop
  vertex -0.13387218 0.11052061 0.047951642
  vertex -0.12142936 0.12231276 0.052252784
  vertex -0.13419323 0.114554964 0.036127478
 endloop
endfacet
facet normal 0.46608844 0.84113127 0.27433494
 outer loop
  vertex 0.09193856 0.14488046 0.054705627
  vertex 0.09156106 0.14962435 0.040801886
  vertex 0.0759241 0.15743515 0.043420207
 endloop
endfacet
facet normal 0.46608812 0.84113127 0.27433553
 outer loop
  vertex 0.076324515 0.1524034 0.058167595
  vertex 0.09193856 0.14488046 0.054705627
  vertex 0.0759241 0.15743515 0.043420207
 endloop
endfacet
facet normal -0.7757286 0.59052366 0.22254647
 outer loop
  vertex -0.13387218 0.11052061 0.047951642
  vertex -0.13419323 0.114554964 0.036127478
  vertex -0.14531377 0.10128347 0.03258039
 endloop
endfacet
facet normal -0.77572846 0.59052396 0.22254612
 outer loop
  vertex -0.14502575 0.097663976 0.043188643
  vertex -0.13387218 0.11052061 0.047951642
  vertex -0.14531377 0.10128347 0.03258039
 endloop
endfacet
facet normal 0.37722573 0.8795887 0.2898698
 outer loop
  vertex 0.076324515 0.1524034 0.058167595
  vertex 0.0759241 0.15743515 0.043420207
  vertex 0.05955594 0.1637298 0.045620453
 endloop
endfacet
facet normal 0.3772251 0.87958866 0.28987065
 outer loop
  vertex 0.0599754 0.15845865 0.061069462
  vertex 0.076324515 0.1524034 0.058167595
  vertex 0.05955594 0.1637298 0.045620453
 endloop
endfacet
facet normal -0.83380866 0.515166 0.19841126
 outer loop
  vertex -0.14502575 0.097663976 0.043188643
  vertex -0.14531377 0.10128347 0.03258039
  vertex -0.15503486 0.08703662 0.028719561
 endloop
endfacet
facet normal -0.83380896 0.5151653 0.19841196
 outer loop
  vertex -0.15478261 0.08386684 0.038009748
  vertex -0.14502575 0.097663976 0.043188643
  vertex -0.15503486 0.08703662 0.028719561
 endloop
endfacet
facet normal 0.28475076 0.90958285 0.30261534
 outer loop
  vertex 0.0599754 0.15845865 0.061069462
  vertex 0.05955594 0.1637298 0.045620453
  vertex 0.042614218 0.16844767 0.047381345
 endloop
endfacet
facet normal 0.28474978 0.9095828 0.30261654
 outer loop
  vertex 0.043048687 0.16298787 0.0633832
  vertex 0.0599754 0.15845865 0.061069462
  vertex 0.042614218 0.16844767 0.047381345
 endloop
endfacet
facet normal -0.88386863 0.4348207 0.17235787
 outer loop
  vertex -0.15478261 0.08386684 0.038009748
  vertex -0.15503486 0.08703662 0.028719561
  vertex -0.16326284 0.07195143 0.024582194
 endloop
endfacet
facet normal -0.88386816 0.43482226 0.17235625
 outer loop
  vertex -0.16304883 0.0692619 0.032464836
  vertex -0.15478261 0.08386684 0.038009748
  vertex -0.16326284 0.07195143 0.024582194
 endloop
endfacet
facet normal 0.18954575 0.93083113 0.31245133
 outer loop
  vertex 0.043048687 0.16298787 0.0633832
  vertex 0.042614218 0.16844767 0.047381345
  vertex 0.025262125 0.17154318 0.048685934
 endloop
endfacet
facet normal 0.18954718 0.9308314 0.31244972
 outer loop
  vertex 0.02570742 0.16594736 0.06508652
  vertex 0.043048687 0.16298787 0.0633832
  vertex 0.025262125 0.17154318 0.048685934
 endloop
endfacet
facet normal -0.92541355 0.35027173 0.1446359
 outer loop
  vertex -0.16304883 0.0692619 0.032464836
  vertex -0.16326284 0.07195143 0.024582194
  vertex -0.16991857 0.056173272 0.020208072
 endloop
endfacet
facet normal -0.9254138 0.35027048 0.14463727
 outer loop
  vertex -0.16974482 0.053989895 0.026607258
  vertex -0.16304883 0.0692619 0.032464836
  vertex -0.16991857 0.056173272 0.020208072
 endloop
endfacet
facet normal 0.09253627 0.9431315 0.31928045
 outer loop
  vertex 0.02570742 0.16594736 0.06508652
  vertex 0.025262125 0.17154318 0.048685934
  vertex 0.00766672 0.17298664 0.04952169
 endloop
endfacet
facet normal 0.09253581 0.9431314 0.3192809
 outer loop
  vertex 0.008118555 0.16730866 0.06616306
  vertex 0.02570742 0.16594736 0.06508652
  vertex 0.00766672 0.17298664 0.04952169
 endloop
endfacet
facet normal 0.979379 0.19784702 0.04090868
 outer loop
  vertex 0.17797378 0.027078036 0.0053251125
  vertex 0.17792927 0.02763727 0.0036860795
  vertex 0.17436962 0.044253428 0.008545391
 endloop
endfacet
facet normal 0.9793789 0.19784608 0.040913545
 outer loop
  vertex 0.17445819 0.04314035 0.011807675
  vertex 0.17797378 0.027078036 0.0053251125
  vertex 0.17436962 0.044253428 0.008545391
 endloop
endfacet
facet normal -0.95803964 0.26232782 0.11551747
 outer loop
  vertex -0.16974482 0.053989895 0.026607258
  vertex -0.16991857 0.056173272 0.020208072
  vertex -0.17493787 0.039854243 0.015639413
 endloop
endfacet
facet normal -0.95803964 0.26232702 0.115518436
 outer loop
  vertex -0.17480607 0.03819803 0.020493526
  vertex -0.16974482 0.053989895 0.026607258
  vertex -0.17493787 0.039854243 0.015639413
 endloop
endfacet
facet normal -0.005359055 0.94636893 0.32304353
 outer loop
  vertex 0.008118555 0.16730866 0.06616306
  vertex 0.00766672 0.17298664 0.04952169
  vertex -0.010002517 0.1727641 0.049880534
 endloop
endfacet
facet normal -0.005358612 0.94636905 0.32304308
 outer loop
  vertex -0.009548496 0.16705865 0.066602424
  vertex 0.008118555 0.16730866 0.06616306
  vertex -0.010002517 0.1727641 0.049880534
 endloop
endfacet
facet normal 0.9549891 0.28771102 0.07223727
 outer loop
  vertex 0.17445819 0.04314035 0.011807675
  vertex 0.17436962 0.044253428 0.008545391
  vertex 0.16913071 0.06044334 0.013322434
 endloop
endfacet
facet normal 0.95498914 0.2877112 0.07223594
 outer loop
  vertex 0.16926251 0.058787134 0.018176543
  vertex 0.17445819 0.04314035 0.011807675
  vertex 0.16913071 0.06044334 0.013322434
 endloop
endfacet
facet normal -0.9814276 0.17183581 0.08527808
 outer loop
  vertex -0.17480607 0.03819803 0.020493526
  vertex -0.17493787 0.039854243 0.015639413
  vertex -0.17827243 0.023151277 0.010920104
 endloop
endfacet
facet normal -0.9814276 0.17183696 0.08527616
 outer loop
  vertex -0.17818385 0.0220382 0.014182386
  vertex -0.17480607 0.03819803 0.020493526
  vertex -0.17827243 0.023151277 0.010920104
 endloop
endfacet
facet normal -0.10319756 0.9405144 0.32370195
 outer loop
  vertex -0.009548496 0.16705865 0.066602424
  vertex -0.010002517 0.1727641 0.049880534
  vertex -0.027575403 0.17087774 0.04975901
 endloop
endfacet
facet normal -0.103198156 0.94051415 0.3237025
 outer loop
  vertex -0.027123569 0.16519976 0.06640038
  vertex -0.009548496 0.16705865 0.066602424
  vertex -0.027575403 0.17087774 0.04975901
 endloop
endfacet
facet normal 0.92138493 0.37479258 0.102860354
 outer loop
  vertex 0.16926251 0.058787134 0.018176543
  vertex 0.16913071 0.06044334 0.013322434
  vertex 0.16226298 0.07605107 0.017971149
 endloop
endfacet
facet normal 0.9213849 0.37479255 0.10286124
 outer loop
  vertex 0.16243672 0.073867686 0.024370333
  vertex 0.16926251 0.058787134 0.018176543
  vertex 0.16226298 0.07605107 0.017971149
 endloop
endfacet
facet normal -0.99534553 0.07967774 0.054209776
 outer loop
  vertex -0.17818385 0.0220382 0.014182386
  vertex -0.17827243 0.023151277 0.010920104
  vertex -0.17989011 0.0062253047 0.0060956525
 endloop
endfacet
facet normal -0.9953455 0.079675235 0.054214552
 outer loop
  vertex -0.1798456 0.0056660734 0.007734685
  vertex -0.17818385 0.0220382 0.014182386
  vertex -0.17989011 0.0062253047 0.0060956525
 endloop
endfacet
facet normal -0.20004901 0.92562306 0.3212513
 outer loop
  vertex -0.027123569 0.16519976 0.06640038
  vertex -0.027575403 0.17087774 0.04975901
  vertex -0.044882745 0.1673457 0.049158294
 endloop
endfacet
facet normal -0.20004852 0.92562324 0.32125083
 outer loop
  vertex -0.04443745 0.16174988 0.06555887
  vertex -0.027123569 0.16519976 0.06640038
  vertex -0.044882745 0.1673457 0.049158294
 endloop
endfacet
facet normal 0.87889844 0.4582409 0.1324872
 outer loop
  vertex 0.16243672 0.073867686 0.024370333
  vertex 0.16226298 0.07605107 0.017971149
  vertex 0.15383257 0.09092643 0.022446845
 endloop
endfacet
facet normal 0.8788985 0.4582409 0.13248655
 outer loop
  vertex 0.1540466 0.088236906 0.030329488
  vertex 0.16243672 0.073867686 0.024370333
  vertex 0.15383257 0.09092643 0.022446845
 endloop
endfacet
facet normal -0.29498267 0.90183735 0.31571275
 outer loop
  vertex -0.04443745 0.16174988 0.06555887
  vertex -0.044882745 0.1673457 0.049158294
  vertex -0.061757844 0.16220203 0.048084196
 endloop
endfacet
facet normal -0.2949831 0.9018371 0.31571317
 outer loop
  vertex -0.061323375 0.15674224 0.06408606
  vertex -0.04443745 0.16174988 0.06555887
  vertex -0.061757844 0.16220203 0.048084196
 endloop
endfacet
facet normal 0.7045587 0.65467316 0.27386174
 outer loop
  vertex 0.1332571 0.10965556 0.051518362
  vertex 0.13291074 0.11429573 0.041317005
  vertex 0.12036857 0.1257344 0.046239574
 endloop
endfacet
facet normal 0.70455855 0.6546731 0.27386189
 outer loop
  vertex 0.12075464 0.120562375 0.057610203
  vertex 0.1332571 0.10965556 0.051518362
  vertex 0.12036857 0.1257344 0.046239574
 endloop
endfacet
facet normal -0.5569573 0.7487185 0.35947084
 outer loop
  vertex -0.092685 0.13581038 0.0734907
  vertex -0.09316651 0.14226104 0.059308983
  vertex -0.107817106 0.13292706 0.056050774
 endloop
endfacet
facet normal -0.55695665 0.74871916 0.35947025
 outer loop
  vertex -0.10736314 0.12684542 0.069421224
  vertex -0.092685 0.13581038 0.0734907
  vertex -0.107817106 0.13292706 0.056050774
 endloop
endfacet
facet normal 0.6316718 0.71352476 0.30310577
 outer loop
  vertex 0.12075464 0.120562375 0.057610203
  vertex 0.12036857 0.1257344 0.046239574
  vertex 0.1066672 0.13596208 0.05071678
 endloop
endfacet
facet normal 0.6316718 0.71352476 0.30310586
 outer loop
  vertex 0.107089244 0.13030802 0.063147165
  vertex 0.12075464 0.120562375 0.057610203
  vertex 0.1066672 0.13596208 0.05071678
 endloop
endfacet
facet normal -0.63559544 0.6943799 0.3374237
 outer loop
  vertex -0.10736314 0.12684542 0.069421224
  vertex -0.107817106 0.13292706 0.056050774
  vertex -0.12142936 0.12231276 0.052252784
 endloop
endfacet
facet normal -0.6355959 0.6943794 0.3374242
 outer loop
  vertex -0.121007316 0.1166587 0.06468317
  vertex -0.10736314 0.12684542 0.069421224
  vertex -0.12142936 0.12231276 0.052252784
 endloop
endfacet
facet normal 0.552728 0.7654885 0.32942232
 outer loop
  vertex 0.107089244 0.13030802 0.063147165
  vertex 0.1066672 0.13596208 0.05071678
  vertex 0.09193856 0.14488046 0.054705627
 endloop
endfacet
facet normal 0.55272835 0.7654885 0.32942182
 outer loop
  vertex 0.09239253 0.1387988 0.06807608
  vertex 0.107089244 0.13030802 0.063147165
  vertex 0.09193856 0.14488046 0.054705627
 endloop
endfacet
facet normal -0.7081259 0.6333514 0.31212774
 outer loop
  vertex -0.121007316 0.1166587 0.06468317
  vertex -0.12142936 0.12231276 0.052252784
  vertex -0.13387218 0.11052061 0.047951642
 endloop
endfacet
facet normal -0.7081266 0.6333502 0.31212872
 outer loop
  vertex -0.1334861 0.10534857 0.05932227
  vertex -0.121007316 0.1166587 0.06468317
  vertex -0.13387218 0.11052061 0.047951642
 endloop
endfacet
facet normal 0.468473 0.81008065 0.35256553
 outer loop
  vertex 0.09239253 0.1387988 0.06807608
  vertex 0.09193856 0.14488046 0.054705627
  vertex 0.076324515 0.1524034 0.058167595
 endloop
endfacet
facet normal 0.4684724 0.8100806 0.35256645
 outer loop
  vertex 0.07680602 0.14595272 0.07234932
  vertex 0.09239253 0.1387988 0.06807608
  vertex 0.076324515 0.1524034 0.058167595
 endloop
endfacet
facet normal -0.77386063 0.56620395 0.2838185
 outer loop
  vertex -0.1334861 0.10534857 0.05932227
  vertex -0.13387218 0.11052061 0.047951642
  vertex -0.14502575 0.097663976 0.043188643
 endloop
endfacet
facet normal -0.77386004 0.56620514 0.28381756
 outer loop
  vertex -0.14467938 0.09302381 0.05339
  vertex -0.1334861 0.10534857 0.05932227
  vertex -0.14502575 0.097663976 0.043188643
 endloop
endfacet
facet normal 0.37973848 0.8468665 0.37231162
 outer loop
  vertex 0.07680602 0.14595272 0.07234932
  vertex 0.076324515 0.1524034 0.058167595
  vertex 0.0599754 0.15845865 0.061069462
 endloop
endfacet
facet normal 0.37973887 0.84686655 0.37231112
 outer loop
  vertex 0.06047982 0.15170108 0.075925894
  vertex 0.07680602 0.14595272 0.07234932
  vertex 0.0599754 0.15845865 0.061069462
 endloop
endfacet
facet normal -0.8321519 0.49359062 0.25276738
 outer loop
  vertex -0.14467938 0.09302381 0.05339
  vertex -0.14502575 0.097663976 0.043188643
  vertex -0.15478261 0.08386684 0.038009748
 endloop
endfacet
facet normal -0.83215195 0.49359083 0.25276724
 outer loop
  vertex -0.15447928 0.07980321 0.046943597
  vertex -0.14467938 0.09302381 0.05339
  vertex -0.15478261 0.08386684 0.038009748
 endloop
endfacet
facet normal 0.28736714 0.8755047 0.38847366
 outer loop
  vertex 0.06047982 0.15170108 0.075925894
  vertex 0.0599754 0.15845865 0.061069462
  vertex 0.043048687 0.16298787 0.0633832
 endloop
endfacet
facet normal 0.2873673 0.8755047 0.3884734
 outer loop
  vertex 0.043571156 0.15598848 0.07877127
  vertex 0.06047982 0.15170108 0.075925894
  vertex 0.043048687 0.16298787 0.0633832
 endloop
endfacet
facet normal -0.8824379 0.41620034 0.21927296
 outer loop
  vertex -0.15447928 0.07980321 0.046943597
  vertex -0.15478261 0.08386684 0.038009748
  vertex -0.16304883 0.0692619 0.032464836
 endloop
endfacet
facet normal -0.88243806 0.41619995 0.21927325
 outer loop
  vertex -0.16279146 0.065813944 0.040045127
  vertex -0.15447928 0.07980321 0.046943597
  vertex -0.16304883 0.0692619 0.032464836
 endloop
endfacet
facet normal 0.19224364 0.89572406 0.4009001
 outer loop
  vertex 0.043571156 0.15598848 0.07877127
  vertex 0.043048687 0.16298787 0.0633832
  vertex 0.02570742 0.16594736 0.06508652
 endloop
endfacet
facet normal 0.19224392 0.8957241 0.40089977
 outer loop
  vertex 0.026242908 0.15877357 0.08085803
  vertex 0.043571156 0.15598848 0.07877127
  vertex 0.02570742 0.16594736 0.06508652
 endloop
endfacet
facet normal -0.9242242 0.3347823 0.18365856
 outer loop
  vertex -0.16279146 0.065813944 0.040045127
  vertex -0.16304883 0.0692619 0.032464836
  vertex -0.16974482 0.053989895 0.026607258
 endloop
endfacet
facet normal -0.9242243 0.33478138 0.1836595
 outer loop
  vertex -0.16953588 0.051190816 0.03276099
  vertex -0.16279146 0.065813944 0.040045127
  vertex -0.16974482 0.053989895 0.026607258
 endloop
endfacet
facet normal 0.09528542 0.9073331 0.40947217
 outer loop
  vertex 0.026242908 0.15877357 0.08085803
  vertex 0.02570742 0.16594736 0.06508652
  vertex 0.008118555 0.16730866 0.06616306
 endloop
endfacet
facet normal 0.095284864 0.9073328 0.40947276
 outer loop
  vertex 0.008661903 0.16002953 0.08216613
  vertex 0.026242908 0.15877357 0.08085803
  vertex 0.008118555 0.16730866 0.06616306
 endloop
endfacet
facet normal 0.97978723 0.19252887 0.05430983
 outer loop
  vertex 0.17802729 0.026361106 0.006901278
  vertex 0.17797378 0.027078036 0.0053251125
  vertex 0.17445819 0.04314035 0.011807675
 endloop
endfacet
facet normal 0.97978723 0.19252954 0.05430751
 outer loop
  vertex 0.1745647 0.041713394 0.014944827
  vertex 0.17802729 0.026361106 0.006901278
  vertex 0.17445819 0.04314035 0.011807675
 endloop
endfacet
facet normal -0.9571022 0.25012216 0.14626777
 outer loop
  vertex -0.16953588 0.051190816 0.03276099
  vertex -0.16974482 0.053989895 0.026607258
  vertex -0.17480607 0.03819803 0.020493526
 endloop
endfacet
facet normal -0.9571021 0.25012314 0.14626676
 outer loop
  vertex -0.17464758 0.03607479 0.025161447
  vertex -0.16953588 0.051190816 0.03276099
  vertex -0.17480607 0.03819803 0.020493526
 endloop
endfacet
facet normal -0.0025823554 0.91022307 0.41411024
 outer loop
  vertex 0.008661903 0.16002953 0.08216613
  vertex 0.008118555 0.16730866 0.06616306
  vertex -0.009548496 0.16705865 0.066602424
 endloop
endfacet
facet normal -0.0025820262 0.91022325 0.41410992
 outer loop
  vertex -0.009002518 0.1597443 0.082682915
  vertex 0.008661903 0.16002953 0.08216613
  vertex -0.009548496 0.16705865 0.066602424
 endloop
endfacet
facet normal 0.95566535 0.2789075 0.09441615
 outer loop
  vertex 0.1745647 0.041713394 0.014944827
  vertex 0.17445819 0.04314035 0.011807675
  vertex 0.16926251 0.058787134 0.018176543
 endloop
endfacet
facet normal 0.95566535 0.27890763 0.09441557
 outer loop
  vertex 0.169421 0.056663897 0.022844467
  vertex 0.1745647 0.041713394 0.014944827
  vertex 0.16926251 0.058787134 0.018176543
 endloop
endfacet
facet normal -0.98075145 0.16303337 0.107456215
 outer loop
  vertex -0.17464758 0.03607479 0.025161447
  vertex -0.17480607 0.03819803 0.020493526
  vertex -0.17818385 0.0220382 0.014182386
 endloop
endfacet
facet normal -0.9807514 0.16303353 0.10745596
 outer loop
  vertex -0.17807734 0.020611241 0.017319536
  vertex -0.17464758 0.03607479 0.025161447
  vertex -0.17818385 0.0220382 0.014182386
 endloop
endfacet
facet normal -0.10042197 0.9043685 0.4147688
 outer loop
  vertex -0.009002518 0.1597443 0.082682915
  vertex -0.009548496 0.16705865 0.066602424
  vertex -0.027123569 0.16519976 0.06640038
 endloop
endfacet
facet normal -0.10042229 0.90436834 0.41476908
 outer loop
  vertex -0.02658022 0.15792063 0.082403444
  vertex -0.009002518 0.1597443 0.082682915
  vertex -0.027123569 0.16519976 0.06640038
 endloop
endfacet
facet normal 0.9223223 0.36258784 0.13361014
 outer loop
  vertex 0.169421 0.056663897 0.022844467
  vertex 0.16926251 0.058787134 0.018176543
  vertex 0.16243672 0.073867686 0.024370333
 endloop
endfacet
facet normal 0.92232233 0.3625879 0.13360958
 outer loop
  vertex 0.16264567 0.07106861 0.030524071
  vertex 0.169421 0.056663897 0.022844467
  vertex 0.16243672 0.073867686 0.024370333
 endloop
endfacet
facet normal -0.9949373 0.074360766 0.06760405
 outer loop
  vertex -0.17807734 0.020611241 0.017319536
  vertex -0.17818385 0.0220382 0.014182386
  vertex -0.1798456 0.0056660734 0.007734685
 endloop
endfacet
facet normal -0.99493724 0.074362166 0.06760193
 outer loop
  vertex -0.17979209 0.004949143 0.009310849
  vertex -0.17807734 0.020611241 0.017319536
  vertex -0.1798456 0.0056660734 0.007734685
 endloop
endfacet
facet normal -0.19729903 0.8898245 0.4114429
 outer loop
  vertex -0.02658022 0.15792063 0.082403444
  vertex -0.027123569 0.16519976 0.06640038
  vertex -0.04443745 0.16174988 0.06555887
 endloop
endfacet
facet normal -0.1972986 0.8898249 0.41144258
 outer loop
  vertex -0.04390196 0.1545761 0.08133038
  vertex -0.02658022 0.15792063 0.082403444
  vertex -0.04443745 0.16174988 0.06555887
 endloop
endfacet
facet normal 0.8800881 0.4427529 0.17150731
 outer loop
  vertex 0.16264567 0.07106861 0.030524071
  vertex 0.16243672 0.073867686 0.024370333
  vertex 0.1540466 0.088236906 0.030329488
 endloop
endfacet
facet normal 0.88008773 0.44275275 0.17151004
 outer loop
  vertex 0.15430395 0.08478895 0.037909776
  vertex 0.16264567 0.07106861 0.030524071
  vertex 0.1540466 0.088236906 0.030329488
 endloop
endfacet
facet normal -0.2922866 0.8667301 0.40416282
 outer loop
  vertex -0.04390196 0.1545761 0.08133038
  vertex -0.04443745 0.16174988 0.06555887
  vertex -0.061323375 0.15674224 0.06408606
 endloop
endfacet
facet normal -0.2922868 0.86672986 0.404163
 outer loop
  vertex -0.060800906 0.14974286 0.07947413
  vertex -0.04390196 0.1545761 0.08133038
  vertex -0.061323375 0.15674224 0.06408606
 endloop
endfacet
facet normal 0.829373 0.51863426 0.20774715
 outer loop
  vertex 0.15430395 0.08478895 0.037909776
  vertex 0.1540466 0.088236906 0.030329488
  vertex 0.14417289 0.10175638 0.03599657
 endloop
endfacet
facet normal 0.82937354 0.5186343 0.20774488
 outer loop
  vertex 0.14447622 0.09769276 0.04493042
  vertex 0.15430395 0.08478895 0.037909776
  vertex 0.14417289 0.10175638 0.03599657
 endloop
endfacet
facet normal -0.3844776 0.83530205 0.392998
 outer loop
  vertex -0.060800906 0.14974286 0.07947413
  vertex -0.061323375 0.15674224 0.06408606
  vertex -0.0776187 0.15022506 0.06199605
 endloop
endfacet
facet normal -0.38447678 0.8353028 0.39299726
 outer loop
  vertex -0.077114284 0.1434675 0.0768525
  vertex -0.060800906 0.14974286 0.07947413
  vertex -0.0776187 0.15022506 0.06199605
 endloop
endfacet
facet normal 0.7706706 0.5895044 0.24197368
 outer loop
  vertex 0.14447622 0.09769276 0.04493042
  vertex 0.14417289 0.10175638 0.03599657
  vertex 0.13291074 0.11429573 0.041317005
 endloop
endfacet
facet normal 0.7706704 0.5895044 0.24197464
 outer loop
  vertex 0.1332571 0.10965556 0.051518362
  vertex 0.14447622 0.09769276 0.04493042
  vertex 0.13291074 0.11429573 0.041317005
 endloop
endfacet
facet normal -0.47298786 0.7958387 0.37805197
 outer loop
  vertex -0.077114284 0.1434675 0.0768525
  vertex -0.0776187 0.15022506 0.06199605
  vertex -0.09316651 0.14226104 0.059308983
 endloop
endfacet
facet normal -0.4729885 0.79583806 0.37805253
 outer loop
  vertex -0.092685 0.13581038 0.0734907
  vertex -0.077114284 0.1434675 0.0768525
  vertex -0.09316651 0.14226104 0.059308983
 endloop
endfacet
facet normal 0.55536085 0.729379 0.39947543
 outer loop
  vertex 0.107578315 0.12346472 0.07496203
  vertex 0.107089244 0.13030802 0.063147165
  vertex 0.09239253 0.1387988 0.06807608
 endloop
endfacet
facet normal 0.5553611 0.72937906 0.39947504
 outer loop
  vertex 0.092918575 0.13143799 0.080784455
  vertex 0.107578315 0.12346472 0.07496203
  vertex 0.09239253 0.1387988 0.06807608
 endloop
endfacet
facet normal -0.70569766 0.600036 0.37675926
 outer loop
  vertex -0.12051825 0.1098154 0.07649804
  vertex -0.121007316 0.1166587 0.06468317
  vertex -0.1334861 0.10534857 0.05932227
 endloop
endfacet
facet normal -0.7056975 0.60003644 0.376759
 outer loop
  vertex -0.13303874 0.0990887 0.07012986
  vertex -0.12051825 0.1098154 0.07649804
  vertex -0.1334861 0.10534857 0.05932227
 endloop
endfacet
facet normal 0.4712832 0.7715244 0.42736644
 outer loop
  vertex 0.092918575 0.13143799 0.080784455
  vertex 0.09239253 0.1387988 0.06807608
  vertex 0.07680602 0.14595272 0.07234932
 endloop
endfacet
facet normal 0.47128296 0.7715244 0.42736688
 outer loop
  vertex 0.07736399 0.13814525 0.08582881
  vertex 0.092918575 0.13143799 0.080784455
  vertex 0.07680602 0.14595272 0.07234932
 endloop
endfacet
facet normal -0.7716585 0.536007 0.3424028
 outer loop
  vertex -0.13303874 0.0990887 0.07012986
  vertex -0.1334861 0.10534857 0.05932227
  vertex -0.14467938 0.09302381 0.05339
 endloop
endfacet
facet normal -0.77165896 0.5360059 0.34240347
 outer loop
  vertex -0.144278 0.087407656 0.06308621
  vertex -0.13303874 0.0990887 0.07012986
  vertex -0.14467938 0.09302381 0.05339
 endloop
endfacet
facet normal 0.38270116 0.80623454 0.45113805
 outer loop
  vertex 0.07736399 0.13814525 0.08582881
  vertex 0.07680602 0.14595272 0.07234932
  vertex 0.06047982 0.15170108 0.075925894
 endloop
endfacet
facet normal 0.38270116 0.8062346 0.4511381
 outer loop
  vertex 0.061064333 0.14352217 0.090046674
  vertex 0.07736399 0.13814525 0.08582881
  vertex 0.06047982 0.15170108 0.075925894
 endloop
endfacet
facet normal -0.83019876 0.46680003 0.30474198
 outer loop
  vertex -0.144278 0.087407656 0.06308621
  vertex -0.14467938 0.09302381 0.05339
  vertex -0.15447928 0.07980321 0.046943597
 endloop
endfacet
facet normal -0.8301982 0.46680188 0.3047408
 outer loop
  vertex -0.15412779 0.07488487 0.05543507
  vertex -0.144278 0.087407656 0.06308621
  vertex -0.15447928 0.07980321 0.046943597
 endloop
endfacet
facet normal 0.29045236 0.83318824 0.4705685
 outer loop
  vertex 0.061064333 0.14352217 0.090046674
  vertex 0.06047982 0.15170108 0.075925894
  vertex 0.043571156 0.15598848 0.07877127
 endloop
endfacet
facet normal 0.29045236 0.8331883 0.47056848
 outer loop
  vertex 0.04417659 0.14751689 0.09339737
  vertex 0.061064333 0.14352217 0.090046674
  vertex 0.043571156 0.15598848 0.07877127
 endloop
endfacet
facet normal -0.8807522 0.39307758 0.26413152
 outer loop
  vertex -0.15412779 0.07488487 0.05543507
  vertex -0.15447928 0.07980321 0.046943597
  vertex -0.16279146 0.065813944 0.040045127
 endloop
endfacet
facet normal -0.8807525 0.39307636 0.26413235
 outer loop
  vertex -0.16249321 0.06164077 0.047250066
  vertex -0.15412779 0.07488487 0.05543507
  vertex -0.16279146 0.065813944 0.040045127
 endloop
endfacet
facet normal 0.1954221 0.8521302 0.4854735
 outer loop
  vertex 0.04417659 0.14751689 0.09339737
  vertex 0.043571156 0.15598848 0.07877127
  vertex 0.026242908 0.15877357 0.08085803
 endloop
endfacet
facet normal 0.19542144 0.8521299 0.4854742
 outer loop
  vertex 0.026863428 0.15009087 0.095848575
  vertex 0.04417659 0.14751689 0.09339737
  vertex 0.026242908 0.15877357 0.08085803
 endloop
endfacet
facet normal -0.92282224 0.31554964 0.22096959
 outer loop
  vertex -0.16249321 0.06164077 0.047250066
  vertex -0.16279146 0.065813944 0.040045127
  vertex -0.16953588 0.051190816 0.03276099
 endloop
endfacet
facet normal -0.9228221 0.31555018 0.22096916
 outer loop
  vertex -0.16929376 0.047803007 0.038610004
  vertex -0.16249321 0.06164077 0.047250066
  vertex -0.16953588 0.051190816 0.03276099
 endloop
endfacet
facet normal 0.098525785 0.86288023 0.49571183
 outer loop
  vertex 0.026863428 0.15009087 0.095848575
  vertex 0.026242908 0.15877357 0.08085803
  vertex 0.008661903 0.16002953 0.08216613
 endloop
endfacet
facet normal 0.098526254 0.86288047 0.49571145
 outer loop
  vertex 0.009291533 0.15121937 0.09737676
  vertex 0.026863428 0.15009087 0.095848575
  vertex 0.008661903 0.16002953 0.08216613
 endloop
endfacet
facet normal 0.9802684 0.1859296 0.06711164
 outer loop
  vertex 0.1780893 0.02549338 0.008399395
  vertex 0.17802729 0.026361106 0.006901278
  vertex 0.1745647 0.041713394 0.014944827
 endloop
endfacet
facet normal 0.9802685 0.1859282 0.067115106
 outer loop
  vertex 0.17468813 0.0399863 0.017926635
  vertex 0.1780893 0.02549338 0.008399395
  vertex 0.1745647 0.041713394 0.014944827
 endloop
endfacet
facet normal -0.9559973 0.23496793 0.17566834
 outer loop
  vertex -0.16929376 0.047803007 0.038610004
  vertex -0.16953588 0.051190816 0.03276099
  vertex -0.17464758 0.03607479 0.025161447
 endloop
endfacet
facet normal -0.9559972 0.2349677 0.17566852
 outer loop
  vertex -0.17446393 0.03350496 0.029598229
  vertex -0.16929376 0.047803007 0.038610004
  vertex -0.17464758 0.03607479 0.025161447
 endloop
endfacet
facet normal 0.00069016893 0.8653396 0.5011856
 outer loop
  vertex 0.009291533 0.15121937 0.09737676
  vertex 0.008661903 0.16002953 0.08216613
  vertex -0.009002518 0.1597443 0.082682915
 endloop
endfacet
facet normal 0.0006894755 0.8653392 0.50118625
 outer loop
  vertex -0.00836984 0.1508915 0.09796715
  vertex 0.009291533 0.15121937 0.09737676
  vertex -0.009002518 0.1597443 0.082682915
 endloop
endfacet
facet normal 0.9564623 0.26797587 0.11562335
 outer loop
  vertex 0.17468813 0.0399863 0.017926635
  vertex 0.1745647 0.041713394 0.014944827
  vertex 0.169421 0.056663897 0.022844467
 endloop
endfacet
facet normal 0.9564623 0.26797602 0.11562294
 outer loop
  vertex 0.16960466 0.05409406 0.027281247
  vertex 0.17468813 0.0399863 0.017926635
  vertex 0.169421 0.056663897 0.022844467
 endloop
endfacet
facet normal -0.9799544 0.15210198 0.12866348
 outer loop
  vertex -0.17446393 0.03350496 0.029598229
  vertex -0.17464758 0.03607479 0.025161447
  vertex -0.17807734 0.020611241 0.017319536
 endloop
endfacet
facet normal -0.9799545 0.15209968 0.12866595
 outer loop
  vertex -0.1779539 0.018884148 0.020301344
  vertex -0.17446393 0.03350496 0.029598229
  vertex -0.17807734 0.020611241 0.017319536
 endloop
endfacet
facet normal -0.09715004 0.8594844 0.50184506
 outer loop
  vertex -0.00836984 0.1508915 0.09796715
  vertex -0.009002518 0.1597443 0.082682915
  vertex -0.02658022 0.15792063 0.082403444
 endloop
endfacet
facet normal -0.09714934 0.8594848 0.50184447
 outer loop
  vertex -0.02595059 0.14911047 0.09761407
  vertex -0.00836984 0.1508915 0.09796715
  vertex -0.02658022 0.15792063 0.082403444
 endloop
endfacet
facet normal 0.9234273 0.34743208 0.1630123
 outer loop
  vertex 0.16960466 0.05409406 0.027281247
  vertex 0.169421 0.056663897 0.022844467
  vertex 0.16264567 0.07106861 0.030524071
 endloop
endfacet
facet normal 0.9234273 0.3474321 0.16301233
 outer loop
  vertex 0.16288778 0.06768079 0.036373086
  vertex 0.16960466 0.05409406 0.027281247
  vertex 0.16264567 0.07106861 0.030524071
 endloop
endfacet
facet normal -0.9944558 0.067757785 0.08041458
 outer loop
  vertex -0.1779539 0.018884148 0.020301344
  vertex -0.17807734 0.020611241 0.017319536
  vertex -0.17979209 0.004949143 0.009310849
 endloop
endfacet
facet normal -0.9944558 0.06775792 0.08041441
 outer loop
  vertex -0.17973007 0.004081415 0.010808966
  vertex -0.1779539 0.018884148 0.020301344
  vertex -0.17979209 0.004949143 0.009310849
 endloop
endfacet
facet normal -0.19405797 0.8453724 0.49768186
 outer loop
  vertex -0.02595059 0.14911047 0.09761407
  vertex -0.02658022 0.15792063 0.082403444
  vertex -0.04390196 0.1545761 0.08133038
 endloop
endfacet
facet normal -0.19405837 0.845372 0.49768215
 outer loop
  vertex -0.043281443 0.1458934 0.09632093
  vertex -0.02595059 0.14911047 0.09761407
  vertex -0.04390196 0.1545761 0.08133038
 endloop
endfacet
facet normal 0.88148975 0.42352113 0.20881988
 outer loop
  vertex 0.16288778 0.06768079 0.036373086
  vertex 0.16264567 0.07106861 0.030524071
  vertex 0.15430395 0.08478895 0.037909776
 endloop
endfacet
facet normal 0.88148993 0.42352137 0.20881829
 outer loop
  vertex 0.1546022 0.08061578 0.04511472
  vertex 0.16288778 0.06768079 0.036373086
  vertex 0.15430395 0.08478895 0.037909776
 endloop
endfacet
facet normal -0.2891085 0.8231357 0.48873708
 outer loop
  vertex -0.043281443 0.1458934 0.09632093
  vertex -0.04390196 0.1545761 0.08133038
  vertex -0.060800906 0.14974286 0.07947413
 endloop
endfacet
facet normal -0.28910857 0.8231356 0.48873714
 outer loop
  vertex -0.060195472 0.14127125 0.09410023
  vertex -0.043281443 0.1458934 0.09632093
  vertex -0.060800906 0.14974286 0.07947413
 endloop
endfacet
facet normal 0.83105934 0.49551183 0.2526034
 outer loop
  vertex 0.1546022 0.08061578 0.04511472
  vertex 0.15430395 0.08478895 0.037909776
  vertex 0.14447622 0.09769276 0.04493042
 endloop
endfacet
facet normal 0.8310588 0.49551153 0.25260562
 outer loop
  vertex 0.14482771 0.092774406 0.05342189
  vertex 0.1546022 0.08061578 0.04511472
  vertex 0.14447622 0.09769276 0.04493042
 endloop
endfacet
facet normal -0.3813917 0.7929856 0.4750939
 outer loop
  vertex -0.060195472 0.14127125 0.09410023
  vertex -0.060800906 0.14974286 0.07947413
  vertex -0.077114284 0.1434675 0.0768525
 endloop
endfacet
facet normal -0.38139132 0.792986 0.4750936
 outer loop
  vertex -0.07652976 0.13528858 0.090973295
  vertex -0.060195472 0.14127125 0.09410023
  vertex -0.077114284 0.1434675 0.0768525
 endloop
endfacet
facet normal 0.77262354 0.5627139 0.29394877
 outer loop
  vertex 0.14482771 0.092774406 0.05342189
  vertex 0.14447622 0.09769276 0.04493042
  vertex 0.1332571 0.10965556 0.051518362
 endloop
endfacet
facet normal 0.77262414 0.56271404 0.293947
 outer loop
  vertex 0.13365848 0.10403941 0.061214577
  vertex 0.14482771 0.092774406 0.05342189
  vertex 0.1332571 0.10965556 0.051518362
 endloop
endfacet
facet normal -0.4700263 0.7552059 0.45688
 outer loop
  vertex -0.07652976 0.13528858 0.090973295
  vertex -0.077114284 0.1434675 0.0768525
  vertex -0.092685 0.13581038 0.0734907
 endloop
endfacet
facet normal -0.470026 0.7552062 0.45687968
 outer loop
  vertex -0.09212703 0.12800291 0.08697019
  vertex -0.07652976 0.13528858 0.090973295
  vertex -0.092685 0.13581038 0.0734907
 endloop
endfacet
facet normal 0.7067602 0.6244754 0.33244622
 outer loop
  vertex 0.13365848 0.10403941 0.061214577
  vertex 0.1332571 0.10965556 0.051518362
  vertex 0.12075464 0.120562375 0.057610203
 endloop
endfacet
facet normal 0.70675975 0.6244753 0.33244738
 outer loop
  vertex 0.12120201 0.1143025 0.06841779
  vertex 0.13365848 0.10403941 0.061214577
  vertex 0.12075464 0.120562375 0.057610203
 endloop
endfacet
facet normal -0.5541459 0.7101622 0.43427178
 outer loop
  vertex -0.09212703 0.12800291 0.08697019
  vertex -0.092685 0.13581038 0.0734907
  vertex -0.10736314 0.12684542 0.069421224
 endloop
endfacet
facet normal -0.55414575 0.7101623 0.4342717
 outer loop
  vertex -0.106837094 0.119484596 0.0821296
  vertex -0.09212703 0.12800291 0.08697019
  vertex -0.10736314 0.12684542 0.069421224
 endloop
endfacet
facet normal 0.6341005 0.6802102 0.36773732
 outer loop
  vertex 0.12120201 0.1143025 0.06841779
  vertex 0.12075464 0.120562375 0.057610203
  vertex 0.107089244 0.13030802 0.063147165
 endloop
endfacet
facet normal 0.6341006 0.68021023 0.36773694
 outer loop
  vertex 0.107578315 0.12346472 0.07496203
  vertex 0.12120201 0.1143025 0.06841779
  vertex 0.107089244 0.13030802 0.063147165
 endloop
endfacet
facet normal -0.63296336 0.65826994 0.4074777
 outer loop
  vertex -0.106837094 0.119484596 0.0821296
  vertex -0.10736314 0.12684542 0.069421224
  vertex -0.121007316 0.1166587 0.06468317
 endloop
endfacet
facet normal -0.6329636 0.6582695 0.40747795
 outer loop
  vertex -0.12051825 0.1098154 0.07649804
  vertex -0.106837094 0.119484596 0.0821296
  vertex -0.121007316 0.1166587 0.06468317
 endloop
endfacet
facet normal 0.38608393 0.75808364 0.5255933
 outer loop
  vertex 0.07799305 0.12905619 0.09847624
  vertex 0.07736399 0.13814525 0.08582881
  vertex 0.061064333 0.14352217 0.090046674
 endloop
endfacet
facet normal 0.38608366 0.7580836 0.5255937
 outer loop
  vertex 0.06172332 0.13400067 0.10329582
  vertex 0.07799305 0.12905619 0.09847624
  vertex 0.061064333 0.14352217 0.090046674
 endloop
endfacet
facet normal -0.827968 0.435054 0.35383204
 outer loop
  vertex -0.14382552 0.0808696 0.0721839
  vertex -0.144278 0.087407656 0.06308621
  vertex -0.15412779 0.07488487 0.05543507
 endloop
endfacet
facet normal -0.8279683 0.43505272 0.35383266
 outer loop
  vertex -0.15373151 0.069159165 0.06340237
  vertex -0.14382552 0.0808696 0.0721839
  vertex -0.15412779 0.07488487 0.05543507
 endloop
endfacet
facet normal 0.2939754 0.783041 0.54811066
 outer loop
  vertex 0.06172332 0.13400067 0.10329582
  vertex 0.061064333 0.14352217 0.090046674
  vertex 0.04417659 0.14751689 0.09339737
 endloop
endfacet
facet normal 0.2939756 0.78304106 0.54811054
 outer loop
  vertex 0.04485916 0.13765468 0.107120626
  vertex 0.06172332 0.13400067 0.10329582
  vertex 0.04417659 0.14751689 0.09339737
 endloop
endfacet
facet normal -0.8788274 0.3656745 0.30650368
 outer loop
  vertex -0.15373151 0.069159165 0.06340237
  vertex -0.15412779 0.07488487 0.05543507
  vertex -0.16249321 0.06164077 0.047250066
 endloop
endfacet
facet normal -0.8788274 0.36567432 0.30650374
 outer loop
  vertex -0.16215697 0.05678256 0.054010257
  vertex -0.15373151 0.069159165 0.06340237
  vertex -0.16249321 0.06164077 0.047250066
 endloop
endfacet
facet normal 0.1990507 0.8004691 0.56535655
 outer loop
  vertex 0.04485916 0.13765468 0.107120626
  vertex 0.04417659 0.14751689 0.09339737
  vertex 0.026863428 0.15009087 0.095848575
 endloop
endfacet
facet normal 0.19905145 0.80046946 0.5653557
 outer loop
  vertex 0.027563004 0.13998292 0.109913796
  vertex 0.04485916 0.13765468 0.107120626
  vertex 0.026863428 0.15009087 0.095848575
 endloop
endfacet
facet normal -0.92122096 0.29275858 0.25621146
 outer loop
  vertex -0.16215697 0.05678256 0.054010257
  vertex -0.16249321 0.06164077 0.047250066
  vertex -0.16929376 0.047803007 0.038610004
 endloop
endfacet
facet normal -0.92122084 0.29275933 0.25621107
 outer loop
  vertex -0.1690208 0.043859072 0.04409798
  vertex -0.16215697 0.05678256 0.054010257
  vertex -0.16929376 0.047803007 0.038610004
 endloop
endfacet
facet normal 0.10222714 0.81020284 0.57716644
 outer loop
  vertex 0.027563004 0.13998292 0.109913796
  vertex 0.026863428 0.15009087 0.095848575
  vertex 0.009291533 0.15121937 0.09737676
 endloop
endfacet
facet normal 0.1022267 0.81020254 0.5771668
 outer loop
  vertex 0.010001382 0.14096302 0.11164846
  vertex 0.027563004 0.13998292 0.109913796
  vertex 0.009291533 0.15121937 0.09737676
 endloop
endfacet
facet normal 0.98081833 0.17810151 0.07921745
 outer loop
  vertex 0.1781592 0.024483215 0.009805037
  vertex 0.1780893 0.02549338 0.008399395
  vertex 0.17468813 0.0399863 0.017926635
 endloop
endfacet
facet normal 0.98081815 0.1781058 0.07920927
 outer loop
  vertex 0.1748273 0.0379757 0.02072438
  vertex 0.1781592 0.024483215 0.009805037
  vertex 0.17468813 0.0399863 0.017926635
 endloop
endfacet
facet normal -0.9547355 0.21700811 0.20343934
 outer loop
  vertex -0.1690208 0.043859072 0.04409798
  vertex -0.16929376 0.047803007 0.038610004
  vertex -0.17446393 0.03350496 0.029598229
 endloop
endfacet
facet normal -0.95473546 0.2170083 0.20343913
 outer loop
  vertex -0.17425688 0.030513283 0.033761136
  vertex -0.1690208 0.043859072 0.04409798
  vertex -0.17446393 0.03350496 0.029598229
 endloop
endfacet
facet normal 0.004426201 0.8121506 0.5834312
 outer loop
  vertex 0.010001382 0.14096302 0.11164846
  vertex 0.009291533 0.15121937 0.09737676
  vertex -0.00836984 0.1508915 0.09796715
 endloop
endfacet
facet normal 0.0044259266 0.81215036 0.5834314
 outer loop
  vertex -0.0076565584 0.14058551 0.11230791
  vertex 0.010001382 0.14096302 0.11164846
  vertex -0.00836984 0.1508915 0.09796715
 endloop
endfacet
facet normal 0.9573723 0.2550229 0.13565208
 outer loop
  vertex 0.1748273 0.0379757 0.02072438
  vertex 0.17468813 0.0399863 0.017926635
  vertex 0.16960466 0.05409406 0.027281247
 endloop
endfacet
facet normal 0.95737225 0.25502196 0.13565442
 outer loop
  vertex 0.16981171 0.05110239 0.031444155
  vertex 0.1748273 0.0379757 0.02072438
  vertex 0.16960466 0.05409406 0.027281247
 endloop
endfacet
facet normal -0.97904456 0.1391476 0.14869352
 outer loop
  vertex -0.17425688 0.030513283 0.033761136
  vertex -0.17446393 0.03350496 0.029598229
  vertex -0.1779539 0.018884148 0.020301344
 endloop
endfacet
facet normal -0.9790445 0.13914877 0.14869246
 outer loop
  vertex -0.17781475 0.016873544 0.023099093
  vertex -0.17425688 0.030513283 0.033761136
  vertex -0.1779539 0.018884148 0.020301344
 endloop
endfacet
facet normal -0.09341273 0.8062957 0.58409023
 outer loop
  vertex -0.0076565584 0.14058551 0.11230791
  vertex -0.00836984 0.1508915 0.09796715
  vertex -0.02595059 0.14911047 0.09761407
 endloop
endfacet
facet normal -0.09341248 0.8062959 0.58409005
 outer loop
  vertex -0.025240742 0.13885412 0.11188578
  vertex -0.0076565584 0.14058551 0.11230791
  vertex -0.02595059 0.14911047 0.09761407
 endloop
endfacet
facet normal 0.924689 0.32947212 0.19078358
 outer loop
  vertex 0.16981171 0.05110239 0.031444155
  vertex 0.16960466 0.05409406 0.027281247
  vertex 0.16288778 0.06768079 0.036373086
 endloop
endfacet
facet normal 0.924689 0.3294722 0.19078334
 outer loop
  vertex 0.16316074 0.063736856 0.04186106
  vertex 0.16981171 0.05110239 0.031444155
  vertex 0.16288778 0.06768079 0.036373086
 endloop
endfacet
facet normal -0.9939064 0.05993776 0.09250661
 outer loop
  vertex -0.17781475 0.016873544 0.023099093
  vertex -0.1779539 0.018884148 0.020301344
  vertex -0.17973007 0.004081415 0.010808966
 endloop
endfacet
facet normal -0.9939064 0.05993532 0.09250913
 outer loop
  vertex -0.17966016 0.0030712523 0.012214608
  vertex -0.17781475 0.016873544 0.023099093
  vertex -0.17973007 0.004081415 0.010808966
 endloop
endfacet
facet normal -0.19035776 0.7926943 0.57913715
 outer loop
  vertex -0.025240742 0.13885412 0.11188578
  vertex -0.02595059 0.14911047 0.09761407
  vertex -0.043281443 0.1458934 0.09632093
 endloop
endfacet
facet normal -0.19035733 0.79269457 0.5791368
 outer loop
  vertex -0.042581864 0.13578545 0.11038615
  vertex -0.025240742 0.13885412 0.11188578
  vertex -0.043281443 0.1458934 0.09632093
 endloop
endfacet
facet normal 0.8830912 0.40072933 0.24406134
 outer loop
  vertex 0.16316074 0.063736856 0.04186106
  vertex 0.16288778 0.06768079 0.036373086
  vertex 0.1546022 0.08061578 0.04511472
 endloop
endfacet
facet normal 0.8830912 0.40072954 0.2440607
 outer loop
  vertex 0.15493844 0.07575756 0.05187491
  vertex 0.16316074 0.063736856 0.04186106
  vertex 0.1546022 0.08061578 0.04511472
 endloop
endfacet
facet normal -0.28547916 0.77147543 0.56861883
 outer loop
  vertex -0.042581864 0.13578545 0.11038615
  vertex -0.043281443 0.1458934 0.09632093
  vertex -0.060195472 0.14127125 0.09410023
 endloop
endfacet
facet normal -0.28547993 0.7714747 0.56861943
 outer loop
  vertex -0.059512902 0.13140903 0.10782348
  vertex -0.042581864 0.13578545 0.11038615
  vertex -0.060195472 0.14127125 0.09410023
 endloop
endfacet
facet normal 0.8329838 0.46811014 0.2949761
 outer loop
  vertex 0.15493844 0.07575756 0.05187491
  vertex 0.1546022 0.08061578 0.04511472
  vertex 0.14482771 0.092774406 0.05342189
 endloop
endfacet
facet normal 0.83298385 0.46811023 0.29497573
 outer loop
  vertex 0.14522399 0.08704871 0.061389193
  vertex 0.15493844 0.07575756 0.05187491
  vertex 0.14482771 0.092774406 0.05342189
 endloop
endfacet
facet normal -0.3778684 0.74283886 0.5526355
 outer loop
  vertex -0.059512902 0.13140903 0.10782348
  vertex -0.060195472 0.14127125 0.09410023
  vertex -0.07652976 0.13528858 0.090973295
 endloop
endfacet
facet normal -0.3778691 0.7428381 0.552636
 outer loop
  vertex -0.075870775 0.12576707 0.10422244
  vertex -0.059512902 0.13140903 0.10782348
  vertex -0.07652976 0.13528858 0.090973295
 endloop
endfacet
facet normal 0.7748546 0.53096616 0.3430383
 outer loop
  vertex 0.14522399 0.08704871 0.061389193
  vertex 0.14482771 0.092774406 0.05342189
  vertex 0.13365848 0.10403941 0.061214577
 endloop
endfacet
facet normal 0.7748541 0.5309658 0.34303993
 outer loop
  vertex 0.13411097 0.09750135 0.07031227
  vertex 0.14522399 0.08704871 0.061389193
  vertex 0.13365848 0.10403941 0.061214577
 endloop
endfacet
facet normal -0.46664333 0.70705473 0.5313358
 outer loop
  vertex -0.075870775 0.12576707 0.10422244
  vertex -0.07652976 0.13528858 0.090973295
  vertex -0.09212703 0.12800291 0.08697019
 endloop
endfacet
facet normal -0.4666425 0.7070557 0.5313352
 outer loop
  vertex -0.09149797 0.118913844 0.099617615
  vertex -0.075870775 0.12576707 0.10422244
  vertex -0.09212703 0.12800291 0.08697019
 endloop
endfacet
facet normal 0.7092739 0.58868843 0.387784
 outer loop
  vertex 0.13411097 0.09750135 0.07031227
  vertex 0.13365848 0.10403941 0.061214577
  vertex 0.12120201 0.1143025 0.06841779
 endloop
endfacet
facet normal 0.7092743 0.5886887 0.3877829
 outer loop
  vertex 0.121706374 0.107015066 0.078558244
  vertex 0.13411097 0.09750135 0.07031227
  vertex 0.12120201 0.1143025 0.06841779
 endloop
endfacet
facet normal -0.5509359 0.6644707 0.504924
 outer loop
  vertex -0.09149797 0.118913844 0.099617615
  vertex -0.09212703 0.12800291 0.08697019
  vertex -0.106837094 0.119484596 0.0821296
 endloop
endfacet
facet normal -0.55093604 0.6644705 0.5049242
 outer loop
  vertex -0.10624402 0.110915475 0.094053514
  vertex -0.09149797 0.118913844 0.099617615
  vertex -0.106837094 0.119484596 0.0821296
 endloop
endfacet
facet normal 0.63687414 0.64073056 0.4287839
 outer loop
  vertex 0.121706374 0.107015066 0.078558244
  vertex 0.12120201 0.1143025 0.06841779
  vertex 0.107578315 0.12346472 0.07496203
 endloop
endfacet
facet normal 0.63687396 0.64073044 0.42878434
 outer loop
  vertex 0.10812969 0.11549808 0.08604758
  vertex 0.121706374 0.107015066 0.078558244
  vertex 0.107578315 0.12346472 0.07496203
 endloop
endfacet
facet normal -0.62995726 0.61547804 0.47364613
 outer loop
  vertex -0.10624402 0.110915475 0.094053514
  vertex -0.106837094 0.119484596 0.0821296
  vertex -0.12051825 0.1098154 0.07649804
 endloop
endfacet
facet normal -0.6299575 0.61547756 0.47364634
 outer loop
  vertex -0.11996687 0.10184876 0.087583594
  vertex -0.10624402 0.110915475 0.094053514
  vertex -0.12051825 0.1098154 0.07649804
 endloop
endfacet
facet normal 0.5583674 0.686587 0.4656439
 outer loop
  vertex 0.10812969 0.11549808 0.08604758
  vertex 0.107578315 0.12346472 0.07496203
  vertex 0.092918575 0.13143799 0.080784455
 endloop
endfacet
facet normal 0.5583674 0.686587 0.4656439
 outer loop
  vertex 0.09351165 0.12286886 0.09270837
  vertex 0.10812969 0.11549808 0.08604758
  vertex 0.092918575 0.13143799 0.080784455
 endloop
endfacet
facet normal -0.70292383 0.56055653 0.43780658
 outer loop
  vertex -0.11996687 0.10184876 0.087583594
  vertex -0.12051825 0.1098154 0.07649804
  vertex -0.13303874 0.0990887 0.07012986
 endloop
endfacet
facet normal -0.7029237 0.5605566 0.43780643
 outer loop
  vertex -0.13253437 0.09180126 0.08027031
  vertex -0.11996687 0.10184876 0.087583594
  vertex -0.13303874 0.0990887 0.07012986
 endloop
endfacet
facet normal 0.47449294 0.7258325 0.49801958
 outer loop
  vertex 0.09351165 0.12286886 0.09270837
  vertex 0.092918575 0.13143799 0.080784455
  vertex 0.07736399 0.13814525 0.08582881
 endloop
endfacet
facet normal 0.47449332 0.7258328 0.49801895
 outer loop
  vertex 0.07799305 0.12905619 0.09847624
  vertex 0.09351165 0.12286886 0.09270837
  vertex 0.07736399 0.13814525 0.08582881
 endloop
endfacet
facet normal -0.7691449 0.50021964 0.39773905
 outer loop
  vertex -0.13253437 0.09180126 0.08027031
  vertex -0.13303874 0.0990887 0.07012986
  vertex -0.144278 0.087407656 0.06308621
 endloop
endfacet
facet normal -0.76914454 0.5002208 0.3977385
 outer loop
  vertex -0.14382552 0.0808696 0.0721839
  vertex -0.13253437 0.09180126 0.08027031
  vertex -0.144278 0.087407656 0.06308621
 endloop
endfacet
facet normal 0.20309699 0.74123925 0.639778
 outer loop
  vertex 0.04561229 0.12649682 0.119808905
  vertex 0.04485916 0.13765468 0.107120626
  vertex 0.027563004 0.13998292 0.109913796
 endloop
endfacet
facet normal 0.20309608 0.7412387 0.6397789
 outer loop
  vertex 0.0283349 0.12854703 0.122918226
  vertex 0.04561229 0.12649682 0.119808905
  vertex 0.027563004 0.13998292 0.109913796
 endloop
endfacet
facet normal -0.91943616 0.26662913 0.28904328
 outer loop
  vertex -0.16178598 0.051286105 0.0602606
  vertex -0.16215697 0.05678256 0.054010257
  vertex -0.1690208 0.043859072 0.04409798
 endloop
endfacet
facet normal -0.91943634 0.26662812 0.28904384
 outer loop
  vertex -0.16871962 0.03939701 0.04917205
  vertex -0.16178598 0.051286105 0.0602606
  vertex -0.1690208 0.043859072 0.04409798
 endloop
endfacet
facet normal 0.106351934 0.7498056 0.65305495
 outer loop
  vertex 0.0283349 0.12854703 0.122918226
  vertex 0.027563004 0.13998292 0.109913796
  vertex 0.010001382 0.14096302 0.11164846
 endloop
endfacet
facet normal 0.10635141 0.74980533 0.65305537
 outer loop
  vertex 0.010784611 0.12935922 0.12484381
  vertex 0.0283349 0.12854703 0.122918226
  vertex 0.010001382 0.14096302 0.11164846
 endloop
endfacet
facet normal 0.9814308 0.16913588 0.09047985
 outer loop
  vertex 0.17823635 0.02334034 0.011104666
  vertex 0.1781592 0.024483215 0.009805037
  vertex 0.1748273 0.0379757 0.02072438
 endloop
endfacet
facet normal 0.98143077 0.16913567 0.09048019
 outer loop
  vertex 0.17498083 0.03570096 0.023311127
  vertex 0.17823635 0.02334034 0.011104666
  vertex 0.1748273 0.0379757 0.02072438
 endloop
endfacet
facet normal -0.953329 0.19641653 0.2293126
 outer loop
  vertex -0.16871962 0.03939701 0.04917205
  vertex -0.1690208 0.043859072 0.04409798
  vertex -0.17425688 0.030513283 0.033761136
 endloop
endfacet
facet normal -0.9533291 0.19641604 0.22931294
 outer loop
  vertex -0.17402841 0.027128577 0.03761008
  vertex -0.16871962 0.03939701 0.04917205
  vertex -0.17425688 0.030513283 0.033761136
 endloop
endfacet
facet normal 0.0085912775 0.75116736 0.66005594
 outer loop
  vertex 0.010784611 0.12935922 0.12484381
  vertex 0.010001382 0.14096302 0.11164846
  vertex -0.0076565584 0.14058551 0.11230791
 endloop
endfacet
facet normal 0.008591716 0.7511677 0.6600555
 outer loop
  vertex -0.006869538 0.12892558 0.12556711
  vertex 0.010784611 0.12935922 0.12484381
  vertex -0.0076565584 0.14058551 0.11230791
 endloop
endfacet
facet normal 0.95838666 0.24017061 0.15431494
 outer loop
  vertex 0.17498083 0.03570096 0.023311127
  vertex 0.1748273 0.0379757 0.02072438
  vertex 0.16981171 0.05110239 0.031444155
 endloop
endfacet
facet normal 0.9583866 0.24017055 0.15431505
 outer loop
  vertex 0.17004018 0.047717683 0.035293095
  vertex 0.17498083 0.03570096 0.023311127
  vertex 0.16981171 0.05110239 0.031444155
 endloop
endfacet
facet normal -0.97802997 0.124294624 0.16735654
 outer loop
  vertex -0.17402841 0.027128577 0.03761008
  vertex -0.17425688 0.030513283 0.033761136
  vertex -0.17781475 0.016873544 0.023099093
 endloop
endfacet
facet normal -0.97802997 0.12429517 0.16735621
 outer loop
  vertex -0.17766121 0.014598804 0.025685836
  vertex -0.17402841 0.027128577 0.03761008
  vertex -0.17781475 0.016873544 0.023099093
 endloop
endfacet
facet normal -0.08924739 0.7453129 0.6607144
 outer loop
  vertex -0.006869538 0.12892558 0.12556711
  vertex -0.0076565584 0.14058551 0.11230791
  vertex -0.025240742 0.13885412 0.11188578
 endloop
endfacet
facet normal -0.08924754 0.7453128 0.66071445
 outer loop
  vertex -0.024457512 0.12725031 0.12508114
  vertex -0.006869538 0.12892558 0.12556711
  vertex -0.025240742 0.13885412 0.11188578
 endloop
endfacet
facet normal 0.92609537 0.3088816 0.21665527
 outer loop
  vertex 0.17004018 0.047717683 0.035293095
  vertex 0.16981171 0.05110239 0.031444155
  vertex 0.16316074 0.063736856 0.04186106
 endloop
endfacet
facet normal 0.92609537 0.30888146 0.21665554
 outer loop
  vertex 0.16346192 0.059274793 0.04693513
  vertex 0.17004018 0.047717683 0.035293095
  vertex 0.16316074 0.063736856 0.04186106
 endloop
endfacet
facet normal -0.99329376 0.0509666 0.10377826
 outer loop
  vertex -0.17766121 0.014598804 0.025685836
  vertex -0.17781475 0.016873544 0.023099093
  vertex -0.17966016 0.0030712523 0.012214608
 endloop
endfacet
facet normal -0.993294 0.050972704 0.10377304
 outer loop
  vertex -0.17958303 0.0019283779 0.0135142375
  vertex -0.17766121 0.014598804 0.025685836
  vertex -0.17966016 0.0030712523 0.012214608
 endloop
endfacet
facet normal -0.1862322 0.73229724 0.6550254
 outer loop
  vertex -0.024457512 0.12725031 0.12508114
  vertex -0.025240742 0.13885412 0.11188578
  vertex -0.042581864 0.13578545 0.11038615
 endloop
endfacet
facet normal -0.18623191 0.7322974 0.6550252
 outer loop
  vertex -0.04180997 0.12434955 0.12339058
  vertex -0.024457512 0.12725031 0.12508114
  vertex -0.042581864 0.13578545 0.11038615
 endloop
endfacet
facet normal 0.8848761 0.37459904 0.2768933
 outer loop
  vertex 0.16346192 0.059274793 0.04693513
  vertex 0.16316074 0.063736856 0.04186106
  vertex 0.15493844 0.07575756 0.05187491
 endloop
endfacet
facet normal 0.884876 0.37459886 0.27689403
 outer loop
  vertex 0.15530944 0.070261106 0.058125254
  vertex 0.16346192 0.059274793 0.04693513
  vertex 0.15493844 0.07575756 0.05187491
 endloop
endfacet
facet normal -0.28143427 0.7122444 0.64304173
 outer loop
  vertex -0.04180997 0.12434955 0.12339058
  vertex -0.042581864 0.13578545 0.11038615
  vertex -0.059512902 0.13140903 0.10782348
 endloop
endfacet
facet normal -0.28143397 0.71224475 0.6430415
 outer loop
  vertex -0.05875977 0.12025118 0.12051175
  vertex -0.04180997 0.12434955 0.12339058
  vertex -0.059512902 0.13140903 0.10782348
 endloop
endfacet
facet normal 0.8351296 0.43669298 0.33445135
 outer loop
  vertex 0.15530944 0.070261106 0.058125254
  vertex 0.15493844 0.07575756 0.05187491
  vertex 0.14522399 0.08704871 0.061389193
 endloop
endfacet
facet normal 0.83512974 0.4366931 0.3344509
 outer loop
  vertex 0.14566123 0.08057079 0.06875562
  vertex 0.15530944 0.070261106 0.058125254
  vertex 0.14522399 0.08704871 0.061389193
 endloop
endfacet
facet normal -0.3739421 0.68534416 0.62487656
 outer loop
  vertex -0.05875977 0.12025118 0.12051175
  vertex -0.059512902 0.13140903 0.10782348
  vertex -0.075870775 0.12576707 0.10422244
 endloop
endfacet
facet normal -0.37394246 0.68534374 0.6248768
 outer loop
  vertex -0.075143665 0.11499468 0.11647235
  vertex -0.05875977 0.12025118 0.12051175
  vertex -0.075870775 0.12576707 0.10422244
 endloop
endfacet
facet normal 0.77734023 0.494567 0.38877445
 outer loop
  vertex 0.14566123 0.08057079 0.06875562
  vertex 0.14522399 0.08704871 0.061389193
  vertex 0.13411097 0.09750135 0.07031227
 endloop
endfacet
facet normal 0.7773408 0.49456754 0.38877285
 outer loop
  vertex 0.13461027 0.09010438 0.07872382
  vertex 0.14566123 0.08057079 0.06875562
  vertex 0.13411097 0.09750135 0.07031227
 endloop
endfacet
facet normal -0.46287203 0.6518495 0.600701
 outer loop
  vertex -0.075143665 0.11499468 0.11647235
  vertex -0.075870775 0.12576707 0.10422244
  vertex -0.09149797 0.118913844 0.099617615
 endloop
endfacet
facet normal -0.46287218 0.6518494 0.6007011
 outer loop
  vertex -0.090803884 0.1086307 0.111311175
  vertex -0.075143665 0.11499468 0.11647235
  vertex -0.09149797 0.118913844 0.099617615
 endloop
endfacet
facet normal 0.7120767 0.5476598 0.4393353
 outer loop
  vertex 0.13461027 0.09010438 0.07872382
  vertex 0.13411097 0.09750135 0.07031227
  vertex 0.121706374 0.107015066 0.078558244
 endloop
endfacet
facet normal 0.71207595 0.5476592 0.43933728
 outer loop
  vertex 0.12226288 0.09877024 0.08793391
  vertex 0.13461027 0.09010438 0.07872382
  vertex 0.121706374 0.107015066 0.078558244
 endloop
endfacet
facet normal -0.5473581 0.6120842 0.57074696
 outer loop
  vertex -0.090803884 0.1086307 0.111311175
  vertex -0.09149797 0.118913844 0.099617615
  vertex -0.10624402 0.110915475 0.094053514
 endloop
endfacet
facet normal -0.5473583 0.61208385 0.5707471
 outer loop
  vertex -0.105589636 0.101220585 0.10507813
  vertex -0.090803884 0.1086307 0.111311175
  vertex -0.10624402 0.110915475 0.094053514
 endloop
endfacet
facet normal 0.6399654 0.5954663 0.48565838
 outer loop
  vertex 0.12226288 0.09877024 0.08793391
  vertex 0.121706374 0.107015066 0.078558244
  vertex 0.10812969 0.11549808 0.08604758
 endloop
endfacet
facet normal 0.6399658 0.59546655 0.48565757
 outer loop
  vertex 0.10873806 0.10648484 0.096297085
  vertex 0.12226288 0.09877024 0.08793391
  vertex 0.10812969 0.11549808 0.08604758
 endloop
endfacet
facet normal -0.62660646 0.56641614 0.5352915
 outer loop
  vertex -0.105589636 0.101220585 0.10507813
  vertex -0.10624402 0.110915475 0.094053514
  vertex -0.11996687 0.10184876 0.087583594
 endloop
endfacet
facet normal -0.6266058 0.5664175 0.53529096
 outer loop
  vertex -0.1193585 0.092835516 0.0978331
  vertex -0.105589636 0.101220585 0.10507813
  vertex -0.11996687 0.10184876 0.087583594
 endloop
endfacet
facet normal 0.5617183 0.63752604 0.52728844
 outer loop
  vertex 0.10873806 0.10648484 0.096297085
  vertex 0.10812969 0.11549808 0.08604758
  vertex 0.09351165 0.12286886 0.09270837
 endloop
endfacet
facet normal 0.56171817 0.637526 0.5272887
 outer loop
  vertex 0.09416603 0.11317398 0.103732996
  vertex 0.10873806 0.10648484 0.096297085
  vertex 0.09351165 0.12286886 0.09270837
 endloop
endfacet
facet normal -0.699832 0.51529324 0.4946796
 outer loop
  vertex -0.1193585 0.092835516 0.0978331
  vertex -0.11996687 0.10184876 0.087583594
  vertex -0.13253437 0.09180126 0.08027031
 endloop
endfacet
facet normal -0.6998324 0.51529264 0.49467984
 outer loop
  vertex -0.13197787 0.083556436 0.08964598
  vertex -0.1193585 0.092835516 0.0978331
  vertex -0.13253437 0.09180126 0.08027031
 endloop
endfacet
facet normal 0.4780714 0.6734466 0.56384164
 outer loop
  vertex 0.09416603 0.11317398 0.103732996
  vertex 0.09351165 0.12286886 0.09270837
  vertex 0.07799305 0.12905619 0.09847624
 endloop
endfacet
facet normal 0.4780713 0.6734466 0.5638418
 outer loop
  vertex 0.07868714 0.11877305 0.1101698
  vertex 0.09416603 0.11317398 0.103732996
  vertex 0.07799305 0.12905619 0.09847624
 endloop
endfacet
facet normal -0.76634216 0.45919067 0.44929236
 outer loop
  vertex -0.13197787 0.083556436 0.08964598
  vertex -0.13253437 0.09180126 0.08027031
  vertex -0.14382552 0.0808696 0.0721839
 endloop
endfacet
facet normal -0.7663424 0.45919013 0.4492926
 outer loop
  vertex -0.14332622 0.07347263 0.08059545
  vertex -0.13197787 0.083556436 0.08964598
  vertex -0.14382552 0.0808696 0.0721839
 endloop
endfacet
facet normal 0.38985434 0.70287764 0.5949593
 outer loop
  vertex 0.07868714 0.11877305 0.1101698
  vertex 0.07799305 0.12905619 0.09847624
  vertex 0.06172332 0.13400067 0.10329582
 endloop
endfacet
facet normal 0.38985425 0.7028776 0.59495944
 outer loop
  vertex 0.06245043 0.12322831 0.115545705
  vertex 0.07868714 0.11877305 0.1101698
  vertex 0.06172332 0.13400067 0.10329582
 endloop
endfacet
facet normal -0.82548225 0.39865333 0.399568
 outer loop
  vertex -0.14332622 0.07347263 0.08059545
  vertex -0.14382552 0.0808696 0.0721839
  vertex -0.15373151 0.069159165 0.06340237
 endloop
endfacet
facet normal -0.8254821 0.3986539 0.39956775
 outer loop
  vertex -0.15329427 0.06268124 0.070768796
  vertex -0.14332622 0.07347263 0.08059545
  vertex -0.15373151 0.069159165 0.06340237
 endloop
endfacet
facet normal 0.29790246 0.72554636 0.6203519
 outer loop
  vertex 0.06245043 0.12322831 0.115545705
  vertex 0.06172332 0.13400067 0.10329582
  vertex 0.04485916 0.13765468 0.107120626
 endloop
endfacet
facet normal 0.29790327 0.7255469 0.62035096
 outer loop
  vertex 0.04561229 0.12649682 0.119808905
  vertex 0.06245043 0.12322831 0.115545705
  vertex 0.04485916 0.13765468 0.107120626
 endloop
endfacet
facet normal -0.8766816 0.33425805 0.34597805
 outer loop
  vertex -0.15329427 0.06268124 0.070768796
  vertex -0.15373151 0.069159165 0.06340237
  vertex -0.16215697 0.05678256 0.054010257
 endloop
endfacet
facet normal -0.87668157 0.3342586 0.34597784
 outer loop
  vertex -0.16178598 0.051286105 0.0602606
  vertex -0.15329427 0.06268124 0.070768796
  vertex -0.16215697 0.05678256 0.054010257
 endloop
endfacet
facet normal 0.013145322 0.6829799 0.7303189
 outer loop
  vertex 0.011633681 0.11651976 0.13683574
  vertex 0.010784611 0.12935922 0.12484381
  vertex -0.006869538 0.12892558 0.12556711
 endloop
endfacet
facet normal 0.013144598 0.6829792 0.7303195
 outer loop
  vertex -0.0060163606 0.11602398 0.13761705
  vertex 0.011633681 0.11651976 0.13683574
  vertex -0.006869538 0.12892558 0.12556711
 endloop
endfacet
facet normal 0.9594957 0.2235628 0.1714283
 outer loop
  vertex 0.17514728 0.03318398 0.025661955
  vertex 0.17498083 0.03570096 0.023311127
  vertex 0.17004018 0.047717683 0.035293095
 endloop
endfacet
facet normal 0.95949566 0.22356236 0.17142893
 outer loop
  vertex 0.17028783 0.04397255 0.038791012
  vertex 0.17514728 0.03318398 0.025661955
  vertex 0.17004018 0.047717683 0.035293095
 endloop
endfacet
facet normal -0.9769211 0.10768918 0.1844676
 outer loop
  vertex -0.17378075 0.023383446 0.041107994
  vertex -0.17402841 0.027128577 0.03761008
  vertex -0.17766121 0.014598804 0.025685836
 endloop
endfacet
facet normal -0.9769211 0.10768801 0.18446831
 outer loop
  vertex -0.17749476 0.012081826 0.028036661
  vertex -0.17378075 0.023383446 0.041107994
  vertex -0.17766121 0.014598804 0.025685836
 endloop
endfacet
facet normal -0.08469402 0.6771245 0.73097825
 outer loop
  vertex -0.0060163606 0.11602398 0.13761705
  vertex -0.006869538 0.12892558 0.12556711
  vertex -0.024457512 0.12725031 0.12508114
 endloop
endfacet
facet normal -0.08469307 0.6771254 0.7309776
 outer loop
  vertex -0.023608442 0.11441087 0.13707305
  vertex -0.0060163606 0.11602398 0.13761705
  vertex -0.024457512 0.12725031 0.12508114
 endloop
endfacet
facet normal 0.9276329 0.28585634 0.24038146
 outer loop
  vertex 0.17028783 0.04397255 0.038791012
  vertex 0.17004018 0.047717683 0.035293095
  vertex 0.16346192 0.059274793 0.04693513
 endloop
endfacet
facet normal 0.9276329 0.285856 0.2403821
 outer loop
  vertex 0.16378841 0.054337576 0.051546436
  vertex 0.17028783 0.04397255 0.038791012
  vertex 0.16346192 0.059274793 0.04693513
 endloop
endfacet
facet normal -0.9926239 0.040938407 0.114112794
 outer loop
  vertex -0.17749476 0.012081826 0.028036661
  vertex -0.17766121 0.014598804 0.025685836
  vertex -0.17958303 0.0019283779 0.0135142375
 endloop
endfacet
facet normal -0.992624 0.040938605 0.11411264
 outer loop
  vertex -0.1794994 0.0006638011 0.014695338
  vertex -0.17749476 0.012081826 0.028036661
  vertex -0.17958303 0.0019283779 0.0135142375
 endloop
endfacet
facet normal -0.1817223 0.6647649 0.72461355
 outer loop
  vertex -0.023608442 0.11441087 0.13707305
  vertex -0.024457512 0.12725031 0.12508114
  vertex -0.04180997 0.12434955 0.12339058
 endloop
endfacet
facet normal -0.18172224 0.6647649 0.7246134
 outer loop
  vertex -0.040973183 0.11169587 0.135209
  vertex -0.023608442 0.11441087 0.13707305
  vertex -0.04180997 0.12434955 0.12339058
 endloop
endfacet
facet normal 0.8868271 0.34538 0.30700207
 outer loop
  vertex 0.16378841 0.054337576 0.051546436
  vertex 0.16346192 0.059274793 0.04693513
  vertex 0.15530944 0.070261106 0.058125254
 endloop
endfacet
facet normal 0.8868273 0.3453807 0.30700088
 outer loop
  vertex 0.15571162 0.064179346 0.06380555
  vertex 0.16378841 0.054337576 0.051546436
  vertex 0.15530944 0.070261106 0.058125254
 endloop
endfacet
facet normal -0.27701116 0.64601594 0.7112863
 outer loop
  vertex -0.040973183 0.11169587 0.135209
  vertex -0.04180997 0.12434955 0.12339058
  vertex -0.05875977 0.12025118 0.12051175
 endloop
endfacet
facet normal -0.27701214 0.646015 0.71128684
 outer loop
  vertex -0.05794333 0.10790512 0.13204283
  vertex -0.040973183 0.11169587 0.135209
  vertex -0.05875977 0.12025118 0.12051175
 endloop
endfacet
facet normal 0.8374756 0.40156403 0.37064934
 outer loop
  vertex 0.15571162 0.064179346 0.06380555
  vertex 0.15530944 0.070261106 0.058125254
  vertex 0.14566123 0.08057079 0.06875562
 endloop
endfacet
facet normal 0.8374758 0.40156436 0.37064856
 outer loop
  vertex 0.14613524 0.073403046 0.07545021
  vertex 0.15571162 0.064179346 0.06380555
  vertex 0.14566123 0.08057079 0.06875562
 endloop
endfacet
facet normal -0.36964917 0.6210553 0.69112206
 outer loop
  vertex -0.05794333 0.10790512 0.13204283
  vertex -0.05875977 0.12025118 0.12051175
  vertex -0.075143665 0.11499468 0.11647235
 endloop
endfacet
facet normal -0.36964977 0.6210546 0.6911225
 outer loop
  vertex -0.07435543 0.10307517 0.12760502
  vertex -0.05794333 0.10790512 0.13204283
  vertex -0.075143665 0.11499468 0.11647235
 endloop
endfacet
facet normal 0.78005886 0.4538665 0.43071255
 outer loop
  vertex 0.14613524 0.073403046 0.07545021
  vertex 0.14566123 0.08057079 0.06875562
  vertex 0.13461027 0.09010438 0.07872382
 endloop
endfacet
facet normal 0.7800584 0.45386586 0.43071413
 outer loop
  vertex 0.1351515 0.08191969 0.08636822
  vertex 0.14613524 0.073403046 0.07545021
  vertex 0.13461027 0.09010438 0.07872382
 endloop
endfacet
facet normal -0.45875007 0.5901196 0.66430956
 outer loop
  vertex -0.07435543 0.10307517 0.12760502
  vertex -0.075143665 0.11499468 0.11647235
  vertex -0.090803884 0.1086307 0.111311175
 endloop
endfacet
facet normal -0.45874935 0.59012055 0.6643092
 outer loop
  vertex -0.09005145 0.09725252 0.12193827
  vertex -0.07435543 0.10307517 0.12760502
  vertex -0.090803884 0.1086307 0.111311175
 endloop
endfacet
facet normal 0.7151397 0.50178087 0.486612
 outer loop
  vertex 0.1351515 0.08191969 0.08636822
  vertex 0.13461027 0.09010438 0.07872382
  vertex 0.12226288 0.09877024 0.08793391
 endloop
endfacet
facet normal 0.71514034 0.50178146 0.4866104
 outer loop
  vertex 0.12286617 0.08964744 0.096454516
  vertex 0.1351515 0.08191969 0.08636822
  vertex 0.12226288 0.09877024 0.08793391
 endloop
endfacet
facet normal -0.5434467 0.553508 0.6311058
 outer loop
  vertex -0.09005145 0.09725252 0.12193827
  vertex -0.090803884 0.1086307 0.111311175
  vertex -0.105589636 0.101220585 0.10507813
 endloop
endfacet
facet normal -0.5434466 0.5535082 0.6311057
 outer loop
  vertex -0.10488024 0.090493314 0.11509729
  vertex -0.09005145 0.09725252 0.12193827
  vertex -0.105589636 0.101220585 0.10507813
 endloop
endfacet
facet normal 0.6433456 0.5448542 0.5378107
 outer loop
  vertex 0.12286617 0.08964744 0.096454516
  vertex 0.12226288 0.09877024 0.08793391
  vertex 0.10873806 0.10648484 0.096297085
 endloop
endfacet
facet normal 0.6433455 0.54485416 0.53781086
 outer loop
  vertex 0.109397575 0.09651178 0.105611816
  vertex 0.12286617 0.08964744 0.096454516
  vertex 0.10873806 0.10648484 0.096297085
 endloop
endfacet
facet normal -0.62294227 0.5115586 0.5918198
 outer loop
  vertex -0.10488024 0.090493314 0.11509729
  vertex -0.105589636 0.101220585 0.10507813
  vertex -0.1193585 0.092835516 0.0978331
 endloop
endfacet
facet normal -0.6229424 0.5115584 0.5918199
 outer loop
  vertex -0.118698984 0.08286246 0.10714783
  vertex -0.10488024 0.090493314 0.11509729
  vertex -0.1193585 0.092835516 0.0978331
 endloop
endfacet
facet normal 0.5653816 0.5826675 0.5838169
 outer loop
  vertex 0.109397575 0.09651178 0.105611816
  vertex 0.10873806 0.10648484 0.096297085
  vertex 0.09416603 0.11317398 0.103732996
 endloop
endfacet
facet normal 0.56538135 0.5826674 0.5838173
 outer loop
  vertex 0.094875425 0.102446705 0.11375215
  vertex 0.109397575 0.09651178 0.105611816
  vertex 0.09416603 0.11317398 0.103732996
 endloop
endfacet
facet normal -0.6964524 0.4646801 0.54683316
 outer loop
  vertex -0.118698984 0.08286246 0.10714783
  vertex -0.1193585 0.092835516 0.0978331
  vertex -0.13197787 0.083556436 0.08964598
 endloop
endfacet
facet normal -0.69645226 0.46468052 0.54683304
 outer loop
  vertex -0.13137458 0.07443364 0.098166585
  vertex -0.118698984 0.08286246 0.10714783
  vertex -0.13197787 0.083556436 0.08964598
 endloop
endfacet
facet normal 0.48198298 0.6148703 0.624201
 outer loop
  vertex 0.094875425 0.102446705 0.11375215
  vertex 0.09416603 0.11317398 0.103732996
  vertex 0.07868714 0.11877305 0.1101698
 endloop
endfacet
facet normal 0.4819833 0.6148706 0.6242005
 outer loop
  vertex 0.07943957 0.107394874 0.120796904
  vertex 0.094875425 0.102446705 0.11375215
  vertex 0.07868714 0.11877305 0.1101698
 endloop
endfacet
facet normal -0.7632788 0.41331264 0.49656633
 outer loop
  vertex -0.13137458 0.07443364 0.098166585
  vertex -0.13197787 0.083556436 0.08964598
  vertex -0.14332622 0.07347263 0.08059545
 endloop
endfacet
facet normal -0.7632788 0.41331267 0.49656633
 outer loop
  vertex -0.14278498 0.06528794 0.08823985
  vertex -0.13137458 0.07443364 0.098166585
  vertex -0.14332622 0.07347263 0.08059545
 endloop
endfacet
facet normal 0.3939765 0.6411488 0.6585672
 outer loop
  vertex 0.07943957 0.107394874 0.120796904
  vertex 0.07868714 0.11877305 0.1101698
  vertex 0.06245043 0.12322831 0.115545705
 endloop
endfacet
facet normal 0.39397675 0.641149 0.6585669
 outer loop
  vertex 0.063238665 0.11130881 0.1266784
  vertex 0.07943957 0.107394874 0.120796904
  vertex 0.06245043 0.12322831 0.115545705
 endloop
endfacet
facet normal -0.8227642 0.3579538 0.44150653
 outer loop
  vertex -0.14278498 0.06528794 0.08823985
  vertex -0.14332622 0.07347263 0.08059545
  vertex -0.15329427 0.06268124 0.070768796
 endloop
endfacet
facet normal -0.8227644 0.35795328 0.44150674
 outer loop
  vertex -0.15282026 0.055513512 0.07746339
  vertex -0.14278498 0.06528794 0.08823985
  vertex -0.15329427 0.06268124 0.070768796
 endloop
endfacet
facet normal 0.3021965 0.6612587 0.68659616
 outer loop
  vertex 0.063238665 0.11130881 0.1266784
  vertex 0.06245043 0.12322831 0.115545705
  vertex 0.04561229 0.12649682 0.119808905
 endloop
endfacet
facet normal 0.30219498 0.6612577 0.6865977
 outer loop
  vertex 0.046428733 0.11415076 0.13133997
  vertex 0.063238665 0.11130881 0.1266784
  vertex 0.04561229 0.12649682 0.119808905
 endloop
endfacet
facet normal -0.87433565 0.29912913 0.3821767
 outer loop
  vertex -0.15282026 0.055513512 0.07746339
  vertex -0.15329427 0.06268124 0.070768796
  vertex -0.16178598 0.051286105 0.0602606
 endloop
endfacet
facet normal -0.87433547 0.29912978 0.38217643
 outer loop
  vertex -0.1613838 0.045204338 0.06594091
  vertex -0.15282026 0.055513512 0.07746339
  vertex -0.16178598 0.051286105 0.0602606
 endloop
endfacet
facet normal 0.20751879 0.6750091 0.7080245
 outer loop
  vertex 0.046428733 0.11415076 0.13133997
  vertex 0.04561229 0.12649682 0.119808905
  vertex 0.0283349 0.12854703 0.122918226
 endloop
endfacet
facet normal 0.20751975 0.6750097 0.7080236
 outer loop
  vertex 0.029171685 0.11589335 0.13473663
  vertex 0.046428733 0.11415076 0.13133997
  vertex 0.0283349 0.12854703 0.122918226
 endloop
endfacet
facet normal -0.9174852 0.23741072 0.3191505
 outer loop
  vertex -0.1613838 0.045204338 0.06594091
  vertex -0.16178598 0.051286105 0.0602606
  vertex -0.16871962 0.03939701 0.04917205
 endloop
endfacet
facet normal -0.91748506 0.23741208 0.31915006
 outer loop
  vertex -0.16839314 0.034459792 0.05378336
  vertex -0.1613838 0.045204338 0.06594091
  vertex -0.16871962 0.03939701 0.04917205
 endloop
endfacet
facet normal 0.11086126 0.6822727 0.7226436
 outer loop
  vertex 0.029171685 0.11589335 0.13473663
  vertex 0.0283349 0.12854703 0.122918226
  vertex 0.010784611 0.12935922 0.12484381
 endloop
endfacet
facet normal 0.11086153 0.6822729 0.7226434
 outer loop
  vertex 0.011633681 0.11651976 0.13683574
  vertex 0.029171685 0.11589335 0.13473663
  vertex 0.010784611 0.12935922 0.12484381
 endloop
endfacet
facet normal 0.98210067 0.15910584 0.10081532
 outer loop
  vertex 0.17831998 0.022075763 0.012285768
  vertex 0.17823635 0.02334034 0.011104666
  vertex 0.17498083 0.03570096 0.023311127
 endloop
endfacet
facet normal 0.98210055 0.15910593 0.10081524
 outer loop
  vertex 0.17514728 0.03318398 0.025661955
  vertex 0.17831998 0.022075763 0.012285768
  vertex 0.17498083 0.03570096 0.023311127
 endloop
endfacet
facet normal -0.95179164 0.17339371 0.25303605
 outer loop
  vertex -0.16839314 0.034459792 0.05378336
  vertex -0.16871962 0.03939701 0.04917205
  vertex -0.17402841 0.027128577 0.03761008
 endloop
endfacet
facet normal -0.9517917 0.17339332 0.2530362
 outer loop
  vertex -0.17378075 0.023383446 0.041107994
  vertex -0.16839314 0.034459792 0.05378336
  vertex -0.17402841 0.027128577 0.03761008
 endloop
endfacet
facet normal -0.17687127 0.59074503 0.78723365
 outer loop
  vertex -0.022701712 0.10045938 0.14774606
  vertex -0.023608442 0.11441087 0.13707305
  vertex -0.040973183 0.11169587 0.135209
 endloop
endfacet
facet normal -0.17687131 0.590745 0.7872337
 outer loop
  vertex -0.04007957 0.09794626 0.14572756
  vertex -0.022701712 0.10045938 0.14774606
  vertex -0.040973183 0.11169587 0.135209
 endloop
endfacet
facet normal 0.888926 0.31335694 0.33409262
 outer loop
  vertex 0.16413708 0.04897275 0.055650573
  vertex 0.16378841 0.054337576 0.051546436
  vertex 0.15571162 0.064179346 0.06380555
 endloop
endfacet
facet normal 0.8889259 0.31335646 0.33409327
 outer loop
  vertex 0.15614112 0.057570845 0.068861105
  vertex 0.16413708 0.04897275 0.055650573
  vertex 0.15571162 0.064179346 0.06380555
 endloop
endfacet
facet normal -0.27225468 0.57342523 0.77269715
 outer loop
  vertex -0.04007957 0.09794626 0.14572756
  vertex -0.040973183 0.11169587 0.135209
  vertex -0.05794333 0.10790512 0.13204283
 endloop
endfacet
facet normal -0.27225497 0.5734249 0.77269727
 outer loop
  vertex -0.057071447 0.09448978 0.14230566
  vertex -0.04007957 0.09794626 0.14572756
  vertex -0.05794333 0.10790512 0.13204283
 endloop
endfacet
facet normal 0.8399992 0.3630609 0.4032223
 outer loop
  vertex 0.15614112 0.057570845 0.068861105
  vertex 0.15571162 0.064179346 0.06380555
  vertex 0.14613524 0.073403046 0.07545021
 endloop
endfacet
facet normal 0.8399994 0.3630615 0.40322125
 outer loop
  vertex 0.14664143 0.06561452 0.08140851
  vertex 0.15614112 0.057570845 0.068861105
  vertex 0.14613524 0.073403046 0.07545021
 endloop
endfacet
facet normal -0.3650318 0.5505923 0.7507329
 outer loop
  vertex -0.057071447 0.09448978 0.14230566
  vertex -0.05794333 0.10790512 0.13204283
  vertex -0.07435543 0.10307517 0.12760502
 endloop
endfacet
facet normal -0.3650325 0.5505914 0.75073326
 outer loop
  vertex -0.07351367 0.09012332 0.13751327
  vertex -0.057071447 0.09448978 0.14230566
  vertex -0.07435543 0.10307517 0.12760502
 endloop
endfacet
facet normal 0.782982 0.40925792 0.46845195
 outer loop
  vertex 0.14664143 0.06561452 0.08140851
  vertex 0.14613524 0.073403046 0.07545021
  vertex 0.1351515 0.08191969 0.08636822
 endloop
endfacet
facet normal 0.7829819 0.40925783 0.46845207
 outer loop
  vertex 0.13572952 0.07302614 0.09317186
  vertex 0.14664143 0.06561452 0.08140851
  vertex 0.1351515 0.08191969 0.08636822
 endloop
endfacet
facet normal -0.45431533 0.52246183 0.72154784
 outer loop
  vertex -0.07351367 0.09012332 0.13751327
  vertex -0.07435543 0.10307517 0.12760502
  vertex -0.09005145 0.09725252 0.12193827
 endloop
endfacet
facet normal -0.45431456 0.5224629 0.7215474
 outer loop
  vertex -0.08924791 0.084888875 0.13139656
  vertex -0.07351367 0.09012332 0.13751327
  vertex -0.09005145 0.09725252 0.12193827
 endloop
endfacet
facet normal 0.7184359 0.45149747 0.5291503
 outer loop
  vertex 0.13572952 0.07302614 0.09317186
  vertex 0.1351515 0.08191969 0.08636822
  vertex 0.12286617 0.08964744 0.096454516
 endloop
endfacet
facet normal 0.7184353 0.45149675 0.5291516
 outer loop
  vertex 0.12351043 0.07973451 0.10403797
  vertex 0.13572952 0.07302614 0.09317186
  vertex 0.12286617 0.08964744 0.096454516
 endloop
endfacet
facet normal -0.5392391 0.4893059 0.6854202
 outer loop
  vertex -0.08924791 0.084888875 0.13139656
  vertex -0.09005145 0.09725252 0.12193827
  vertex -0.10488024 0.090493314 0.11509729
 endloop
endfacet
facet normal -0.539239 0.48930612 0.6854203
 outer loop
  vertex -0.104122676 0.078836955 0.124014504
  vertex -0.08924791 0.084888875 0.13139656
  vertex -0.10488024 0.090493314 0.11509729
 endloop
endfacet
facet normal 0.64698106 0.4893797 0.5847419
 outer loop
  vertex 0.12351043 0.07973451 0.10403797
  vertex 0.12286617 0.08964744 0.096454516
  vertex 0.109397575 0.09651178 0.105611816
 endloop
endfacet
facet normal 0.6469811 0.4893798 0.58474165
 outer loop
  vertex 0.11010188 0.08567496 0.11390206
  vertex 0.12351043 0.07973451 0.10403797
  vertex 0.109397575 0.09651178 0.105611816
 endloop
endfacet
facet normal -0.61900175 0.45143107 0.64268726
 outer loop
  vertex -0.104122676 0.078836955 0.124014504
  vertex -0.10488024 0.090493314 0.11509729
  vertex -0.118698984 0.08286246 0.10714783
 endloop
endfacet
facet normal -0.6190021 0.45143023 0.6426874
 outer loop
  vertex -0.11799468 0.07202564 0.11543807
  vertex -0.104122676 0.078836955 0.124014504
  vertex -0.118698984 0.08286246 0.10714783
 endloop
endfacet
facet normal 0.569322 0.52253956 0.6346849
 outer loop
  vertex 0.11010188 0.08567496 0.11390206
  vertex 0.109397575 0.09651178 0.105611816
  vertex 0.094875425 0.102446705 0.11375215
 endloop
endfacet
facet normal 0.5693224 0.52254 0.634684
 outer loop
  vertex 0.09563299 0.09079034 0.12266937
  vertex 0.11010188 0.08567496 0.11390206
  vertex 0.094875425 0.102446705 0.11375215
 endloop
endfacet
facet normal -0.69281644 0.40920615 0.59376395
 outer loop
  vertex -0.11799468 0.07202564 0.11543807
  vertex -0.118698984 0.08286246 0.10714783
  vertex -0.13137458 0.07443364 0.098166585
 endloop
endfacet
facet normal -0.6928168 0.4092054 0.5937641
 outer loop
  vertex -0.13073032 0.06452071 0.10575004
  vertex -0.11799468 0.07202564 0.11543807
  vertex -0.13137458 0.07443364 0.098166585
 endloop
endfacet
facet normal 0.48619103 0.55066824 0.67851514
 outer loop
  vertex 0.09563299 0.09079034 0.12266937
  vertex 0.094875425 0.102446705 0.11375215
  vertex 0.07943957 0.107394874 0.120796904
 endloop
endfacet
facet normal 0.48619023 0.55066764 0.67851615
 outer loop
  vertex 0.08024311 0.09503124 0.13025516
  vertex 0.09563299 0.09079034 0.12266937
  vertex 0.07943957 0.107394874 0.120796904
 endloop
endfacet
facet normal -0.7599833 0.3630272 0.5391072
 outer loop
  vertex -0.13073032 0.06452071 0.10575004
  vertex -0.13137458 0.07443364 0.098166585
  vertex -0.14278498 0.06528794 0.08823985
 endloop
endfacet
facet normal -0.759983 0.36302805 0.5391071
 outer loop
  vertex -0.14220697 0.05639439 0.09504349
  vertex -0.13073032 0.06452071 0.10575004
  vertex -0.14278498 0.06528794 0.08823985
 endloop
endfacet
facet normal 0.39841095 0.5734897 0.715806
 outer loop
  vertex 0.08024311 0.09503124 0.13025516
  vertex 0.07943957 0.107394874 0.120796904
  vertex 0.063238665 0.11130881 0.1266784
 endloop
endfacet
facet normal 0.39841047 0.57348925 0.71580654
 outer loop
  vertex 0.064080425 0.098356955 0.13658665
  vertex 0.08024311 0.09503124 0.13025516
  vertex 0.063238665 0.11130881 0.1266784
 endloop
endfacet
facet normal -0.8198409 0.31334352 0.47924608
 outer loop
  vertex -0.14220697 0.05639439 0.09504349
  vertex -0.14278498 0.06528794 0.08823985
  vertex -0.15282026 0.055513512 0.07746339
 endloop
endfacet
facet normal -0.8198407 0.31334424 0.4792459
 outer loop
  vertex -0.15231407 0.04772498 0.083421685
  vertex -0.14220697 0.05639439 0.09504349
  vertex -0.15282026 0.055513512 0.07746339
 endloop
endfacet
facet normal 0.30681297 0.59079427 0.746209
 outer loop
  vertex 0.064080425 0.098356955 0.13658665
  vertex 0.063238665 0.11130881 0.1266784
  vertex 0.046428733 0.11415076 0.13133997
 endloop
endfacet
facet normal 0.30681393 0.59079504 0.74620813
 outer loop
  vertex 0.047300614 0.100735426 0.1416028
  vertex 0.064080425 0.098356955 0.13658665
  vertex 0.046428733 0.11415076 0.13133997
 endloop
endfacet
facet normal -0.87181205 0.26062652 0.41474986
 outer loop
  vertex -0.15231407 0.04772498 0.083421685
  vertex -0.15282026 0.055513512 0.07746339
  vertex -0.1613838 0.045204338 0.06594091
 endloop
endfacet
facet normal -0.871812 0.2606267 0.41474986
 outer loop
  vertex -0.1609543 0.03859583 0.07099647
  vertex -0.15231407 0.04772498 0.083421685
  vertex -0.1613838 0.045204338 0.06594091
 endloop
endfacet
facet normal 0.21227704 0.60241926 0.7694345
 outer loop
  vertex 0.047300614 0.100735426 0.1416028
  vertex 0.046428733 0.11415076 0.13133997
  vertex 0.029171685 0.11589335 0.13473663
 endloop
endfacet
facet normal 0.21227744 0.6024196 0.76943415
 outer loop
  vertex 0.030065296 0.102143735 0.1452552
  vertex 0.047300614 0.100735426 0.1416028
  vertex 0.029171685 0.11589335 0.13473663
 endloop
endfacet
facet normal -0.91538626 0.20538664 0.3462433
 outer loop
  vertex -0.1609543 0.03859583 0.07099647
  vertex -0.1613838 0.045204338 0.06594091
  vertex -0.16839314 0.034459792 0.05378336
 endloop
endfacet
facet normal -0.91538626 0.20538592 0.3462435
 outer loop
  vertex -0.16804446 0.029094959 0.0578875
  vertex -0.1609543 0.03859583 0.07099647
  vertex -0.16839314 0.034459792 0.05378336
 endloop
endfacet
facet normal 0.11571271 0.6082532 0.78526336
 outer loop
  vertex 0.030065296 0.102143735 0.1452552
  vertex 0.029171685 0.11589335 0.13473663
  vertex 0.011633681 0.11651976 0.13683574
 endloop
endfacet
facet normal 0.11571275 0.60825324 0.78526336
 outer loop
  vertex 0.012540411 0.10256827 0.14750874
  vertex 0.030065296 0.102143735 0.1452552
  vertex 0.011633681 0.11651976 0.13683574
 endloop
endfacet
facet normal 0.9828207 0.14811905 0.11011003
 outer loop
  vertex 0.1784093 0.020701662 0.013336966
  vertex 0.17831998 0.022075763 0.012285768
  vertex 0.17514728 0.03318398 0.025661955
 endloop
endfacet
facet normal 0.9828208 0.14811522 0.11011393
 outer loop
  vertex 0.17532504 0.03044901 0.027754229
  vertex 0.1784093 0.020701662 0.013336966
  vertex 0.17514728 0.03318398 0.025661955
 endloop
endfacet
facet normal -0.95013773 0.14815624 0.27438658
 outer loop
  vertex -0.16804446 0.029094959 0.0578875
  vertex -0.16839314 0.034459792 0.05378336
  vertex -0.17378075 0.023383446 0.041107994
 endloop
endfacet
facet normal -0.95013773 0.14815708 0.2743863
 outer loop
  vertex -0.17351627 0.019313946 0.04422119
  vertex -0.16804446 0.029094959 0.0578875
  vertex -0.17378075 0.023383446 0.041107994
 endloop
endfacet
facet normal 0.018042771 0.60824215 0.79354644
 outer loop
  vertex 0.012540411 0.10256827 0.14750874
  vertex 0.011633681 0.11651976 0.13683574
  vertex -0.0060163606 0.11602398 0.13761705
 endloop
endfacet
facet normal 0.018042464 0.60824186 0.7935466
 outer loop
  vertex -0.0051052426 0.10200499 0.14834169
  vertex 0.012540411 0.10256827 0.14750874
  vertex -0.0060163606 0.11602398 0.13761705
 endloop
endfacet
facet normal 0.9606885 0.20536219 0.18682611
 outer loop
  vertex 0.17532504 0.03044901 0.027754229
  vertex 0.17514728 0.03318398 0.025661955
  vertex 0.17028783 0.04397255 0.038791012
 endloop
endfacet
facet normal 0.9606884 0.20536074 0.18682787
 outer loop
  vertex 0.17055231 0.03990305 0.04190421
  vertex 0.17532504 0.03044901 0.027754229
  vertex 0.17028783 0.04397255 0.038791012
 endloop
endfacet
facet normal -0.9757283 0.08948607 0.19986694
 outer loop
  vertex -0.17351627 0.019313946 0.04422119
  vertex -0.17378075 0.023383446 0.041107994
  vertex -0.17749476 0.012081826 0.028036661
 endloop
endfacet
facet normal -0.97572815 0.08948414 0.1998678
 outer loop
  vertex -0.17731701 0.009346854 0.030128935
  vertex -0.17351627 0.019313946 0.04422119
  vertex -0.17749476 0.012081826 0.028036661
 endloop
endfacet
facet normal -0.07979511 0.6023872 0.7942055
 outer loop
  vertex -0.0051052426 0.10200499 0.14834169
  vertex -0.0060163606 0.11602398 0.13761705
  vertex -0.023608442 0.11441087 0.13707305
 endloop
endfacet
facet normal -0.0797948 0.60238755 0.79420537
 outer loop
  vertex -0.022701712 0.10045938 0.14774606
  vertex -0.0051052426 0.10200499 0.14834169
  vertex -0.023608442 0.11441087 0.13707305
 endloop
endfacet
facet normal 0.92928666 0.26062098 0.26173067
 outer loop
  vertex 0.17055231 0.03990305 0.04190421
  vertex 0.17028783 0.04397255 0.038791012
  vertex 0.16378841 0.054337576 0.051546436
 endloop
endfacet
facet normal 0.9292868 0.26062173 0.26172963
 outer loop
  vertex 0.16413708 0.04897275 0.055650573
  vertex 0.17055231 0.03990305 0.04190421
  vertex 0.16378841 0.054337576 0.051546436
 endloop
endfacet
facet normal -0.9919034 0.029944703 0.123413414
 outer loop
  vertex -0.17731701 0.009346854 0.030128935
  vertex -0.17749476 0.012081826 0.028036661
  vertex -0.1794994 0.0006638011 0.014695338
 endloop
endfacet
facet normal -0.99190325 0.0299398 0.12341615
 outer loop
  vertex -0.17941009 -0.0007103011 0.015746536
  vertex -0.17731701 0.009346854 0.030128935
  vertex -0.1794994 0.0006638011 0.014695338
 endloop
endfacet
facet normal -0.3601343 0.47463304 0.8031356
 outer loop
  vertex -0.05615251 0.08013436 0.15120141
  vertex -0.057071447 0.09448978 0.14230566
  vertex -0.07351367 0.09012332 0.13751327
 endloop
endfacet
facet normal -0.36013427 0.47463307 0.8031356
 outer loop
  vertex -0.07262648 0.07626384 0.1461017
  vertex -0.05615251 0.08013436 0.15120141
  vertex -0.07351367 0.09012332 0.13751327
 endloop
endfacet
facet normal 0.7860831 0.36116815 0.50162816
 outer loop
  vertex 0.14717494 0.057280194 0.08657312
  vertex 0.14664143 0.06561452 0.08140851
  vertex 0.13572952 0.07302614 0.09317186
 endloop
endfacet
facet normal 0.7860829 0.36116788 0.5016287
 outer loop
  vertex 0.13633871 0.06350937 0.09906921
  vertex 0.14717494 0.057280194 0.08657312
  vertex 0.13572952 0.07302614 0.09317186
 endloop
endfacet
facet normal -0.44961128 0.44952735 0.7718646
 outer loop
  vertex -0.07262648 0.07626384 0.1461017
  vertex -0.07351367 0.09012332 0.13751327
  vertex -0.08924791 0.084888875 0.13139656
 endloop
endfacet
facet normal -0.44961116 0.44952747 0.77186453
 outer loop
  vertex -0.08840102 0.071658835 0.13959494
  vertex -0.07262648 0.07626384 0.1461017
  vertex -0.08924791 0.084888875 0.13139656
 endloop
endfacet
facet normal 0.7219308 0.3972903 0.56654763
 outer loop
  vertex 0.13633871 0.06350937 0.09906921
  vertex 0.13572952 0.07302614 0.09317186
  vertex 0.12351043 0.07973451 0.10403797
 endloop
endfacet
facet normal 0.721931 0.39729038 0.5665475
 outer loop
  vertex 0.12418945 0.069126934 0.11061126
  vertex 0.13633871 0.06350937 0.09906921
  vertex 0.12351043 0.07973451 0.10403797
 endloop
endfacet
facet normal -0.53477615 0.42009586 0.7331672
 outer loop
  vertex -0.08840102 0.071658835 0.13959494
  vertex -0.08924791 0.084888875 0.13139656
  vertex -0.104122676 0.078836955 0.124014504
 endloop
endfacet
facet normal -0.5347761 0.42009592 0.7331672
 outer loop
  vertex -0.103324234 0.06636377 0.13174388
  vertex -0.08840102 0.071658835 0.13959494
  vertex -0.104122676 0.078836955 0.124014504
 endloop
endfacet
facet normal 0.6508374 0.42957923 0.6259972
 outer loop
  vertex 0.12418945 0.069126934 0.11061126
  vertex 0.12351043 0.07973451 0.10403797
  vertex 0.11010188 0.08567496 0.11390206
 endloop
endfacet
facet normal 0.6508374 0.4295792 0.62599707
 outer loop
  vertex 0.11084419 0.07407873 0.121088
  vertex 0.12418945 0.069126934 0.11061126
  vertex 0.11010188 0.08567496 0.11390206
 endloop
endfacet
facet normal -0.6148223 0.38661328 0.6874036
 outer loop
  vertex -0.103324234 0.06636377 0.13174388
  vertex -0.104122676 0.078836955 0.124014504
  vertex -0.11799468 0.07202564 0.11543807
 endloop
endfacet
facet normal -0.61482227 0.38661334 0.6874036
 outer loop
  vertex -0.11725237 0.060429417 0.12262401
  vertex -0.103324234 0.06636377 0.13174388
  vertex -0.11799468 0.07202564 0.11543807
 endloop
endfacet
facet normal 0.57350236 0.457722 0.679401
 outer loop
  vertex 0.11084419 0.07407873 0.121088
  vertex 0.11010188 0.08567496 0.11390206
  vertex 0.09563299 0.09079034 0.12266937
 endloop
endfacet
facet normal 0.5735025 0.45772216 0.6794006
 outer loop
  vertex 0.096431434 0.07831715 0.13039875
  vertex 0.11084419 0.07407873 0.121088
  vertex 0.09563299 0.09079034 0.12266937
 endloop
endfacet
facet normal -0.68896043 0.34940588 0.635019
 outer loop
  vertex -0.11725237 0.060429417 0.12262401
  vertex -0.11799468 0.07202564 0.11543807
  vertex -0.13073032 0.06452071 0.10575004
 endloop
endfacet
facet normal -0.68896043 0.34940574 0.63501894
 outer loop
  vertex -0.1300513 0.05391313 0.11232333
  vertex -0.11725237 0.060429417 0.12262401
  vertex -0.13073032 0.06452071 0.10575004
 endloop
endfacet
facet normal 0.49065325 0.48145825 0.7262627
 outer loop
  vertex 0.096431434 0.07831715 0.13039875
  vertex 0.09563299 0.09079034 0.12266937
  vertex 0.08024311 0.09503124 0.13025516
 endloop
endfacet
facet normal 0.49065322 0.48145816 0.7262627
 outer loop
  vertex 0.08109 0.081801206 0.13845354
  vertex 0.096431434 0.07831715 0.13039875
  vertex 0.08024311 0.09503124 0.13025516
 endloop
endfacet
facet normal -0.7564875 0.30882198 0.5765029
 outer loop
  vertex -0.1300513 0.05391313 0.11232333
  vertex -0.13073032 0.06452071 0.10575004
  vertex -0.14220697 0.05639439 0.09504349
 endloop
endfacet
facet normal -0.75648737 0.30882257 0.57650286
 outer loop
  vertex -0.14159778 0.046877615 0.10094084
  vertex -0.1300513 0.05391313 0.11232333
  vertex -0.14220697 0.05639439 0.09504349
 endloop
endfacet
facet normal 0.40311372 0.500555 0.7661227
 outer loop
  vertex 0.08109 0.081801206 0.13845354
  vertex 0.08024311 0.09503124 0.13025516
  vertex 0.064080425 0.098356955 0.13658665
 endloop
endfacet
facet normal 0.40311447 0.5005557 0.7661219
 outer loop
  vertex 0.06496762 0.084497504 0.14517508
  vertex 0.08109 0.081801206 0.13845354
  vertex 0.064080425 0.098356955 0.13658665
 endloop
endfacet
facet normal -0.81673974 0.26525572 0.5124213
 outer loop
  vertex -0.14159778 0.046877615 0.10094084
  vertex -0.14220697 0.05639439 0.09504349
  vertex -0.15231407 0.04772498 0.083421685
 endloop
endfacet
facet normal -0.81674004 0.26525486 0.5124214
 outer loop
  vertex -0.15178056 0.039390657 0.08858629
  vertex -0.14159778 0.046877615 0.10094084
  vertex -0.15231407 0.04772498 0.083421685
 endloop
endfacet
facet normal 0.31171224 0.5148371 0.7986102
 outer loop
  vertex 0.06496762 0.084497504 0.14517508
  vertex 0.064080425 0.098356955 0.13658665
  vertex 0.047300614 0.100735426 0.1416028
 endloop
endfacet
facet normal 0.3117111 0.5148361 0.7986112
 outer loop
  vertex 0.04821955 0.08638 0.15049855
  vertex 0.06496762 0.084497504 0.14517508
  vertex 0.047300614 0.100735426 0.1416028
 endloop
endfacet
facet normal -0.8691355 0.2191202 0.44338465
 outer loop
  vertex -0.15178056 0.039390657 0.08858629
  vertex -0.15231407 0.04772498 0.083421685
  vertex -0.1609543 0.03859583 0.07099647
 endloop
endfacet
facet normal -0.86913574 0.21911904 0.4433848
 outer loop
  vertex -0.16050161 0.03152423 0.07537859
  vertex -0.15178056 0.039390657 0.08858629
  vertex -0.1609543 0.03859583 0.07099647
 endloop
endfacet
facet normal 0.21732357 0.52416706 0.8234193
 outer loop
  vertex 0.04821955 0.08638 0.15049855
  vertex 0.047300614 0.100735426 0.1416028
  vertex 0.030065296 0.102143735 0.1452552
 endloop
endfacet
facet normal 0.21732393 0.52416736 0.823419
 outer loop
  vertex 0.03100713 0.087430604 0.15437262
  vertex 0.04821955 0.08638 0.15049855
  vertex 0.030065296 0.102143735 0.1452552
 endloop
endfacet
facet normal -0.9131601 0.17086317 0.3700601
 outer loop
  vertex -0.16050161 0.03152423 0.07537859
  vertex -0.1609543 0.03859583 0.07099647
  vertex -0.16804446 0.029094959 0.0578875
 endloop
endfacet
facet normal -0.91316 0.17086309 0.37006012
 outer loop
  vertex -0.16767697 0.023354186 0.061444934
  vertex -0.16050161 0.03152423 0.07537859
  vertex -0.16804446 0.029094959 0.0578875
 endloop
endfacet
facet normal 0.120858446 0.52846014 0.84031135
 outer loop
  vertex 0.03100713 0.087430604 0.15437262
  vertex 0.030065296 0.102143735 0.1452552
  vertex 0.012540411 0.10256827 0.14750874
 endloop
endfacet
facet normal 0.12085746 0.52845925 0.84031206
 outer loop
  vertex 0.013496071 0.087639116 0.15676
  vertex 0.03100713 0.087430604 0.15437262
  vertex 0.012540411 0.10256827 0.14750874
 endloop
endfacet
facet normal 0.98358536 0.13625993 0.118292734
 outer loop
  vertex 0.17850341 0.019231267 0.014248137
  vertex 0.1784093 0.020701662 0.013336966
  vertex 0.17532504 0.03044901 0.027754229
 endloop
endfacet
facet normal 0.9835852 0.1362626 0.11829044
 outer loop
  vertex 0.17551237 0.027522381 0.029567797
  vertex 0.17850341 0.019231267 0.014248137
  vertex 0.17532504 0.03044901 0.027754229
 endloop
endfacet
facet normal -0.9483834 0.12095163 0.2931548
 outer loop
  vertex -0.16767697 0.023354186 0.061444934
  vertex -0.16804446 0.029094959 0.0578875
  vertex -0.17351627 0.019313946 0.04422119
 endloop
endfacet
facet normal -0.9483833 0.12095281 0.2931545
 outer loop
  vertex -0.17323752 0.014959273 0.04691969
  vertex -0.16767697 0.023354186 0.061444934
  vertex -0.17351627 0.019313946 0.04422119
 endloop
endfacet
facet normal 0.023238031 0.5276741 0.849129
 outer loop
  vertex 0.013496071 0.087639116 0.15676
  vertex 0.012540411 0.10256827 0.14750874
  vertex -0.0051052426 0.10200499 0.14834169
 endloop
endfacet
facet normal 0.023238314 0.5276743 0.8491288
 outer loop
  vertex -0.004144958 0.08700361 0.15763772
  vertex 0.013496071 0.087639116 0.15676
  vertex -0.0051052426 0.10200499 0.14834169
 endloop
endfacet
facet normal 0.9619538 0.18573795 0.20036529
 outer loop
  vertex 0.17551237 0.027522381 0.029567797
  vertex 0.17532504 0.03044901 0.027754229
  vertex 0.17055231 0.03990305 0.04190421
 endloop
endfacet
facet normal 0.9619538 0.18573916 0.20036408
 outer loop
  vertex 0.17083107 0.035548378 0.04460271
  vertex 0.17551237 0.027522381 0.029567797
  vertex 0.17055231 0.03990305 0.04190421
 endloop
endfacet
facet normal -0.97446287 0.069863446 0.21340372
 outer loop
  vertex -0.17323752 0.014959273 0.04691969
  vertex -0.17351627 0.019313946 0.04422119
  vertex -0.17731701 0.009346854 0.030128935
 endloop
endfacet
facet normal -0.9744629 0.06986458 0.21340334
 outer loop
  vertex -0.17712967 0.0064202286 0.0319425
  vertex -0.17323752 0.014959273 0.04691969
  vertex -0.17731701 0.009346854 0.030128935
 endloop
endfacet
facet normal -0.07459945 0.52181965 0.8497877
 outer loop
  vertex -0.004144958 0.08700361 0.15763772
  vertex -0.0051052426 0.10200499 0.14834169
  vertex -0.022701712 0.10045938 0.14774606
 endloop
endfacet
facet normal -0.07459973 0.5218194 0.84978783
 outer loop
  vertex -0.021746052 0.08553023 0.15699732
  vertex -0.004144958 0.08700361 0.15763772
  vertex -0.022701712 0.10045938 0.14774606
 endloop
endfacet
facet normal 0.93104106 0.23341735 0.28049746
 outer loop
  vertex 0.17083107 0.035548378 0.04460271
  vertex 0.17055231 0.03990305 0.04190421
  vertex 0.16413708 0.04897275 0.055650573
 endloop
endfacet
facet normal 0.9310411 0.23341794 0.28049684
 outer loop
  vertex 0.16450457 0.04323197 0.05920801
  vertex 0.17083107 0.035548378 0.04460271
  vertex 0.16413708 0.04897275 0.055650573
 endloop
endfacet
facet normal -0.99113953 0.018096965 0.13158631
 outer loop
  vertex -0.17712967 0.0064202286 0.0319425
  vertex -0.17731701 0.009346854 0.030128935
  vertex -0.17941009 -0.0007103011 0.015746536
 endloop
endfacet
facet normal -0.99113965 0.018100472 0.13158484
 outer loop
  vertex -0.17931597 -0.0021806937 0.016657708
  vertex -0.17712967 0.0064202286 0.0319425
  vertex -0.17941009 -0.0007103011 0.015746536
 endloop
endfacet
facet normal -0.17172585 0.510951 0.8422823
 outer loop
  vertex -0.021746052 0.08553023 0.15699732
  vertex -0.022701712 0.10045938 0.14774606
  vertex -0.04007957 0.09794626 0.14572756
 endloop
endfacet
facet normal -0.17172487 0.510952 0.84228176
 outer loop
  vertex -0.03913774 0.083233126 0.15484498
  vertex -0.021746052 0.08553023 0.15699732
  vertex -0.04007957 0.09794626 0.14572756
 endloop
endfacet
facet normal 0.8911521 0.27883512 0.35790902
 outer loop
  vertex 0.16450457 0.04323197 0.05920801
  vertex 0.16413708 0.04897275 0.055650573
  vertex 0.15614112 0.057570845 0.068861105
 endloop
endfacet
facet normal 0.8911521 0.2788352 0.35790887
 outer loop
  vertex 0.1565938 0.050499246 0.07324323
  vertex 0.16450457 0.04323197 0.05920801
  vertex 0.15614112 0.057570845 0.068861105
 endloop
endfacet
facet normal -0.26720873 0.495173 0.82668203
 outer loop
  vertex -0.03913774 0.083233126 0.15484498
  vertex -0.04007957 0.09794626 0.14572756
  vertex -0.057071447 0.09448978 0.14230566
 endloop
endfacet
facet normal -0.26720896 0.49517274 0.82668203
 outer loop
  vertex -0.05615251 0.08013436 0.15120141
  vertex -0.03913774 0.083233126 0.15484498
  vertex -0.057071447 0.09448978 0.14230566
 endloop
endfacet
facet normal 0.842676 0.32155538 0.4318557
 outer loop
  vertex 0.1565938 0.050499246 0.07324323
  vertex 0.15614112 0.057570845 0.068861105
  vertex 0.14664143 0.06561452 0.08140851
 endloop
endfacet
facet normal 0.84267575 0.32155478 0.43185654
 outer loop
  vertex 0.14717494 0.057280194 0.08657312
  vertex 0.1565938 0.050499246 0.07324323
  vertex 0.14664143 0.06561452 0.08140851
 endloop
endfacet
facet normal -0.53010076 0.34654424 0.7738865
 outer loop
  vertex -0.087518916 0.057689827 0.14645445
  vertex -0.08840102 0.071658835 0.13959494
  vertex -0.103324234 0.06636377 0.13174388
 endloop
endfacet
facet normal -0.53010094 0.346544 0.7738865
 outer loop
  vertex -0.10249259 0.053193863 0.13821098
  vertex -0.087518916 0.057689827 0.14645445
  vertex -0.103324234 0.06636377 0.13174388
 endloop
endfacet
facet normal 0.6548772 0.36602697 0.6611808
 outer loop
  vertex 0.124896705 0.05792685 0.11611107
  vertex 0.12418945 0.069126934 0.11061126
  vertex 0.11084419 0.07407873 0.121088
 endloop
endfacet
facet normal 0.65487725 0.36602685 0.6611809
 outer loop
  vertex 0.11161736 0.06183479 0.1271004
  vertex 0.124896705 0.05792685 0.11611107
  vertex 0.11084419 0.07407873 0.121088
 endloop
endfacet
facet normal -0.6104433 0.3177295 0.725539
 outer loop
  vertex -0.10249259 0.053193863 0.13821098
  vertex -0.103324234 0.06636377 0.13174388
  vertex -0.11725237 0.060429417 0.12262401
 endloop
endfacet
facet normal -0.6104438 0.3177286 0.7255391
 outer loop
  vertex -0.1164792 0.04818547 0.1286364
  vertex -0.10249259 0.053193863 0.13821098
  vertex -0.11725237 0.060429417 0.12262401
 endloop
endfacet
facet normal 0.5778813 0.38883808 0.71753615
 outer loop
  vertex 0.11161736 0.06183479 0.1271004
  vertex 0.11084419 0.07407873 0.121088
  vertex 0.096431434 0.07831715 0.13039875
 endloop
endfacet
facet normal 0.57788175 0.3888387 0.71753544
 outer loop
  vertex 0.097263075 0.06514725 0.13686585
  vertex 0.11161736 0.06183479 0.1271004
  vertex 0.096431434 0.07831715 0.13039875
 endloop
endfacet
facet normal -0.68492043 0.28585282 0.6702031
 outer loop
  vertex -0.1164792 0.04818547 0.1286364
  vertex -0.11725237 0.060429417 0.12262401
  vertex -0.1300513 0.05391313 0.11232333
 endloop
endfacet
facet normal -0.6849204 0.28585288 0.6702031
 outer loop
  vertex -0.12934405 0.042713046 0.11782314
  vertex -0.1164792 0.04818547 0.1286364
  vertex -0.1300513 0.05391313 0.11232333
 endloop
endfacet
facet normal 0.49532878 0.40790665 0.7669822
 outer loop
  vertex 0.097263075 0.06514725 0.13686585
  vertex 0.096431434 0.07831715 0.13039875
  vertex 0.08109 0.081801206 0.13845354
 endloop
endfacet
facet normal 0.49532884 0.40790674 0.766982
 outer loop
  vertex 0.08197211 0.067832194 0.14531305
  vertex 0.097263075 0.06514725 0.13686585
  vertex 0.08109 0.081801206 0.13845354
 endloop
endfacet
facet normal -0.7528253 0.25121436 0.6083957
 outer loop
  vertex -0.12934405 0.042713046 0.11782314
  vertex -0.1300513 0.05391313 0.11232333
  vertex -0.14159778 0.046877615 0.10094084
 endloop
endfacet
facet normal -0.75282526 0.2512147 0.6083957
 outer loop
  vertex -0.14096326 0.036829263 0.10587509
  vertex -0.12934405 0.042713046 0.11782314
  vertex -0.14159778 0.046877615 0.10094084
 endloop
endfacet
facet normal 0.40804172 0.42304423 0.80903363
 outer loop
  vertex 0.08197211 0.067832194 0.14531305
  vertex 0.08109 0.081801206 0.13845354
  vertex 0.06496762 0.084497504 0.14517508
 endloop
endfacet
facet normal 0.40804097 0.42304352 0.8090344
 outer loop
  vertex 0.06589168 0.06986389 0.15236093
  vertex 0.08197211 0.067832194 0.14531305
  vertex 0.06496762 0.084497504 0.14517508
 endloop
endfacet
facet normal -0.81349134 0.2141489 0.54071444
 outer loop
  vertex -0.14096326 0.036829263 0.10587509
  vertex -0.14159778 0.046877615 0.10094084
  vertex -0.15178056 0.039390657 0.08858629
 endloop
endfacet
facet normal -0.8134909 0.21415015 0.5407145
 outer loop
  vertex -0.15122488 0.03059081 0.09290748
  vertex -0.14096326 0.036829263 0.10587509
  vertex -0.15178056 0.039390657 0.08858629
 endloop
endfacet
facet normal 0.31684276 0.43411162 0.8433018
 outer loop
  vertex 0.06589168 0.06986389 0.15236093
  vertex 0.06496762 0.084497504 0.14517508
  vertex 0.04821955 0.08638 0.15049855
 endloop
endfacet
facet normal 0.31684324 0.43411207 0.8433013
 outer loop
  vertex 0.049176686 0.07122274 0.15794155
  vertex 0.06589168 0.06986389 0.15236093
  vertex 0.04821955 0.08638 0.15049855
 endloop
endfacet
facet normal -0.8663317 0.1750106 0.46780407
 outer loop
  vertex -0.15122488 0.03059081 0.09290748
  vertex -0.15178056 0.039390657 0.08858629
  vertex -0.16050161 0.03152423 0.07537859
 endloop
endfacet
facet normal -0.8663317 0.1750107 0.467804
 outer loop
  vertex -0.16003013 0.024057634 0.07904508
  vertex -0.15122488 0.03059081 0.09290748
  vertex -0.16050161 0.03152423 0.07537859
 endloop
endfacet
facet normal 0.22261028 0.44100615 0.8694587
 outer loop
  vertex 0.049176686 0.07122274 0.15794155
  vertex 0.04821955 0.08638 0.15049855
  vertex 0.03100713 0.087430604 0.15437262
 endloop
endfacet
facet normal 0.22261047 0.44100633 0.8694585
 outer loop
  vertex 0.031988114 0.071895644 0.16200109
  vertex 0.049176686 0.07122274 0.15794155
  vertex 0.03100713 0.087430604 0.15437262
 endloop
endfacet
facet normal -0.91082805 0.1341769 0.39037028
 outer loop
  vertex -0.16003013 0.024057634 0.07904508
  vertex -0.16050161 0.03152423 0.07537859
  vertex -0.16767697 0.023354186 0.061444934
 endloop
endfacet
facet normal -0.91082793 0.13417761 0.39037016
 outer loop
  vertex -0.16729422 0.017292751 0.064421415
  vertex -0.16003013 0.024057634 0.07904508
  vertex -0.16767697 0.023354186 0.061444934
 endloop
endfacet
facet normal 0.1262481 0.44366157 0.88725746
 outer loop
  vertex 0.031988114 0.071895644 0.16200109
  vertex 0.03100713 0.087430604 0.15437262
  vertex 0.013496071 0.087639116 0.15676
 endloop
endfacet
facet normal 0.12624772 0.44366118 0.88725764
 outer loop
  vertex 0.0144914575 0.071876094 0.16450046
  vertex 0.031988114 0.071895644 0.16200109
  vertex 0.013496071 0.087639116 0.15676
 endloop
endfacet
facet normal 0.9843857 0.123669736 0.12526211
 outer loop
  vertex 0.17860144 0.017678745 0.015010507
  vertex 0.17850341 0.019231267 0.014248137
  vertex 0.17551237 0.027522381 0.029567797
 endloop
endfacet
facet normal 0.98438567 0.123671055 0.12526122
 outer loop
  vertex 0.1757075 0.024432287 0.031085197
  vertex 0.17860144 0.017678745 0.015010507
  vertex 0.17551237 0.027522381 0.029567797
 endloop
endfacet
facet normal -0.94654554 0.09204343 0.3091593
 outer loop
  vertex -0.16729422 0.017292751 0.064421415
  vertex -0.16767697 0.023354186 0.061444934
  vertex -0.17323752 0.014959273 0.04691969
 endloop
endfacet
facet normal -0.94654566 0.09204096 0.30915964
 outer loop
  vertex -0.17294717 0.010361365 0.0491775
  vertex -0.16729422 0.017292751 0.064421415
  vertex -0.17323752 0.014959273 0.04691969
 endloop
endfacet
facet normal 0.028681131 0.44205338 0.89653003
 outer loop
  vertex 0.0144914575 0.071876094 0.16450046
  vertex 0.013496071 0.087639116 0.15676
  vertex -0.004144958 0.08700361 0.15763772
 endloop
endfacet
facet normal 0.028681353 0.44205362 0.8965299
 outer loop
  vertex -0.003144756 0.07116431 0.16541563
  vertex 0.0144914575 0.071876094 0.16450046
  vertex -0.004144958 0.08700361 0.15763772
 endloop
endfacet
facet normal 0.9632794 0.16488661 0.2119084
 outer loop
  vertex 0.1757075 0.024432287 0.031085197
  vertex 0.17551237 0.027522381 0.029567797
  vertex 0.17083107 0.035548378 0.04460271
 endloop
endfacet
facet normal 0.9632795 0.1648872 0.21190791
 outer loop
  vertex 0.17112142 0.030950468 0.046860527
  vertex 0.1757075 0.024432287 0.031085197
  vertex 0.17083107 0.035548378 0.04460271
 endloop
endfacet
facet normal -0.9731372 0.049009897 0.22494891
 outer loop
  vertex -0.17294717 0.010361365 0.0491775
  vertex -0.17323752 0.014959273 0.04691969
  vertex -0.17712967 0.0064202286 0.0319425
 endloop
endfacet
facet normal -0.9731372 0.049010754 0.22494869
 outer loop
  vertex -0.17693454 0.003330131 0.0334599
  vertex -0.17294717 0.010361365 0.0491775
  vertex -0.17712967 0.0064202286 0.0319425
 endloop
endfacet
facet normal -0.069157094 0.43619898 0.89718884
 outer loop
  vertex -0.003144756 0.07116431 0.16541563
  vertex -0.004144958 0.08700361 0.15763772
  vertex -0.021746052 0.08553023 0.15699732
 endloop
endfacet
facet normal -0.069157325 0.43619877 0.8971889
 outer loop
  vertex -0.020750666 0.06976721 0.16473778
  vertex -0.003144756 0.07116431 0.16541563
  vertex -0.021746052 0.08553023 0.15699732
 endloop
endfacet
facet normal 0.9328789 0.2045077 0.29650208
 outer loop
  vertex 0.17112142 0.030950468 0.046860527
  vertex 0.17083107 0.035548378 0.04460271
  vertex 0.16450457 0.04323197 0.05920801
 endloop
endfacet
facet normal 0.9328788 0.20450571 0.29650396
 outer loop
  vertex 0.16488732 0.037170537 0.062184487
  vertex 0.17112142 0.030950468 0.046860527
  vertex 0.16450457 0.04323197 0.05920801
 endloop
endfacet
facet normal -0.99033886 0.0055027674 0.1385591
 outer loop
  vertex -0.17693454 0.003330131 0.0334599
  vertex -0.17712967 0.0064202286 0.0319425
  vertex -0.17931597 -0.0021806937 0.016657708
 endloop
endfacet
facet normal -0.990339 0.0055040973 0.13855869
 outer loop
  vertex -0.17921793 -0.0037332173 0.017420078
  vertex -0.17693454 0.003330131 0.0334599
  vertex -0.17931597 -0.0021806937 0.016657708
 endloop
endfacet
facet normal -0.1663345 0.42615306 0.889228
 outer loop
  vertex -0.020750666 0.06976721 0.16473778
  vertex -0.021746052 0.08553023 0.15699732
  vertex -0.03913774 0.083233126 0.15484498
 endloop
endfacet
facet normal -0.16633411 0.42615348 0.8892278
 outer loop
  vertex -0.038156755 0.067698166 0.16247346
  vertex -0.020750666 0.06976721 0.16473778
  vertex -0.03913774 0.083233126 0.15484498
 endloop
endfacet
facet normal 0.8934844 0.2421454 0.37822104
 outer loop
  vertex 0.16488732 0.037170537 0.062184487
  vertex 0.16450457 0.04323197 0.05920801
  vertex 0.1565938 0.050499246 0.07324323
 endloop
endfacet
facet normal 0.89348453 0.24214593 0.3782205
 outer loop
  vertex 0.15706529 0.04303265 0.07690971
  vertex 0.16488732 0.037170537 0.062184487
  vertex 0.1565938 0.050499246 0.07324323
 endloop
endfacet
facet normal -0.2619225 0.41201192 0.8727215
 outer loop
  vertex -0.038156755 0.067698166 0.16247346
  vertex -0.03913774 0.083233126 0.15484498
  vertex -0.05615251 0.08013436 0.15120141
 endloop
endfacet
facet normal -0.2619222 0.41201222 0.8727214
 outer loop
  vertex -0.055195376 0.064977095 0.15864442
  vertex -0.038156755 0.067698166 0.16247346
  vertex -0.05615251 0.08013436 0.15120141
 endloop
endfacet
facet normal 0.8454797 0.27744436 0.4562769
 outer loop
  vertex 0.15706529 0.04303265 0.07690971
  vertex 0.1565938 0.050499246 0.07324323
  vertex 0.14717494 0.057280194 0.08657312
 endloop
endfacet
facet normal 0.8454799 0.27744478 0.45627642
 outer loop
  vertex 0.14773062 0.048480347 0.090894304
  vertex 0.15706529 0.04303265 0.07690971
  vertex 0.14717494 0.057280194 0.08657312
 endloop
endfacet
facet normal -0.35500276 0.3939094 0.84782565
 outer loop
  vertex -0.055195376 0.064977095 0.15864442
  vertex -0.05615251 0.08013436 0.15120141
  vertex -0.07262648 0.07626384 0.1461017
 endloop
endfacet
facet normal -0.3550035 0.39390844 0.8478258
 outer loop
  vertex -0.07170241 0.061630234 0.15328754
  vertex -0.055195376 0.064977095 0.15864442
  vertex -0.07262648 0.07626384 0.1461017
 endloop
endfacet
facet normal 0.78933173 0.3100627 0.5299213
 outer loop
  vertex 0.14773062 0.048480347 0.090894304
  vertex 0.14717494 0.057280194 0.08657312
  vertex 0.13633871 0.06350937 0.09906921
 endloop
endfacet
facet normal 0.7893316 0.31006247 0.52992165
 outer loop
  vertex 0.13697323 0.053461023 0.10400346
  vertex 0.14773062 0.048480347 0.090894304
  vertex 0.13633871 0.06350937 0.09906921
 endloop
endfacet
facet normal -0.444684 0.3720163 0.8147761
 outer loop
  vertex -0.07170241 0.061630234 0.15328754
  vertex -0.07262648 0.07626384 0.1461017
  vertex -0.08840102 0.071658835 0.13959494
 endloop
endfacet
facet normal -0.44468352 0.372017 0.81477606
 outer loop
  vertex -0.087518916 0.057689827 0.14645445
  vertex -0.07170241 0.061630234 0.15328754
  vertex -0.08840102 0.071658835 0.13959494
 endloop
endfacet
facet normal 0.7255929 0.33968338 0.5984397
 outer loop
  vertex 0.13697323 0.053461023 0.10400346
  vertex 0.13633871 0.06350937 0.09906921
  vertex 0.12418945 0.069126934 0.11061126
 endloop
endfacet
facet normal 0.7255929 0.3396834 0.5984398
 outer loop
  vertex 0.124896705 0.05792685 0.11611107
  vertex 0.13697323 0.053461023 0.10400346
  vertex 0.12418945 0.069126934 0.11061126
 endloop
endfacet
facet normal -0.6807358 0.21916325 0.69897515
 outer loop
  vertex -0.115682624 0.035411727 0.1334174
  vertex -0.1164792 0.04818547 0.1286364
  vertex -0.12934405 0.042713046 0.11782314
 endloop
endfacet
facet normal -0.680736 0.21916267 0.69897515
 outer loop
  vertex -0.12861538 0.031028334 0.12219652
  vertex -0.115682624 0.035411727 0.1334174
  vertex -0.12934405 0.042713046 0.11782314
 endloop
endfacet
facet normal 0.50017184 0.3307214 0.8002821
 outer loop
  vertex 0.09811989 0.051407475 0.1420084
  vertex 0.097263075 0.06514725 0.13686585
  vertex 0.08197211 0.067832194 0.14531305
 endloop
endfacet
facet normal 0.5001723 0.33072194 0.80028164
 outer loop
  vertex 0.082880914 0.053258732 0.15076764
  vertex 0.09811989 0.051407475 0.1420084
  vertex 0.08197211 0.067832194 0.14531305
 endloop
endfacet
facet normal -0.74903226 0.190763 0.63447636
 outer loop
  vertex -0.12861538 0.031028334 0.12219652
  vertex -0.12934405 0.042713046 0.11782314
  vertex -0.14096326 0.036829263 0.10587509
 endloop
endfacet
facet normal -0.7490324 0.19076252 0.63447624
 outer loop
  vertex -0.14030951 0.02634612 0.109798744
  vertex -0.12861538 0.031028334 0.12219652
  vertex -0.14096326 0.036829263 0.10587509
 endloop
endfacet
facet normal 0.41314456 0.3417051 0.8441263
 outer loop
  vertex 0.082880914 0.053258732 0.15076764
  vertex 0.08197211 0.067832194 0.14531305
  vertex 0.06589168 0.06986389 0.15236093
 endloop
endfacet
facet normal 0.4131444 0.341705 0.84412634
 outer loop
  vertex 0.066843726 0.054597087 0.15807502
  vertex 0.082880914 0.053258732 0.15076764
  vertex 0.06589168 0.06986389 0.15236093
 endloop
endfacet
facet normal -0.81012595 0.16051932 0.56385237
 outer loop
  vertex -0.14030951 0.02634612 0.109798744
  vertex -0.14096326 0.036829263 0.10587509
  vertex -0.15122488 0.03059081 0.09290748
 endloop
endfacet
facet normal -0.8101255 0.16052087 0.5638525
 outer loop
  vertex -0.15065238 0.021410186 0.09634363
  vertex -0.14030951 0.02634612 0.109798744
  vertex -0.15122488 0.03059081 0.09290748
 endloop
endfacet
facet normal 0.3221585 0.34940106 0.8798481
 outer loop
  vertex 0.066843726 0.054597087 0.15807502
  vertex 0.06589168 0.06986389 0.15236093
  vertex 0.049176686 0.07122274 0.15794155
 endloop
endfacet
facet normal 0.32215884 0.34940144 0.87984794
 outer loop
  vertex 0.0501628 0.0554096 0.16386013
  vertex 0.066843726 0.054597087 0.15807502
  vertex 0.049176686 0.07122274 0.15794155
 endloop
endfacet
facet normal -0.86342734 0.12872225 0.48777434
 outer loop
  vertex -0.15065238 0.021410186 0.09634363
  vertex -0.15122488 0.03059081 0.09290748
  vertex -0.16003013 0.024057634 0.07904508
 endloop
endfacet
facet normal -0.86342746 0.1287216 0.48777428
 outer loop
  vertex -0.15954436 0.016267952 0.08196061
  vertex -0.15065238 0.021410186 0.09634363
  vertex -0.16003013 0.024057634 0.07904508
 endloop
endfacet
facet normal 0.22808613 0.3537382 0.9071086
 outer loop
  vertex 0.0501628 0.0554096 0.16386013
  vertex 0.049176686 0.07122274 0.15794155
  vertex 0.031988114 0.071895644 0.16200109
 endloop
endfacet
facet normal 0.22808625 0.3537383 0.90710855
 outer loop
  vertex 0.0329988 0.055688486 0.16806714
  vertex 0.0501628 0.0554096 0.16386013
  vertex 0.031988114 0.071895644 0.16200109
 endloop
endfacet
facet normal -0.9084122 0.095676795 0.40698063
 outer loop
  vertex -0.15954436 0.016267952 0.08196061
  vertex -0.16003013 0.024057634 0.07904508
  vertex -0.16729422 0.017292751 0.064421415
 endloop
endfacet
facet normal -0.90841234 0.0956754 0.4069806
 outer loop
  vertex -0.16689986 0.010969035 0.06678827
  vertex -0.15954436 0.016267952 0.08196061
  vertex -0.16729422 0.017292751 0.064421415
 endloop
endfacet
facet normal 0.1318313 0.3546752 0.925649
 outer loop
  vertex 0.0329988 0.055688486 0.16806714
  vertex 0.031988114 0.071895644 0.16200109
  vertex 0.0144914575 0.071876094 0.16450046
 endloop
endfacet
facet normal 0.13183144 0.35467535 0.9256489
 outer loop
  vertex 0.015516983 0.055430982 0.17065558
  vertex 0.0329988 0.055688486 0.16806714
  vertex 0.0144914575 0.071876094 0.16450046
 endloop
endfacet
facet normal 0.9852146 0.110460654 0.1309606
 outer loop
  vertex 0.17870246 0.016059043 0.0156167345
  vertex 0.17860144 0.017678745 0.015010507
  vertex 0.1757075 0.024432287 0.031085197
 endloop
endfacet
facet normal 0.9852148 0.11045422 0.13096412
 outer loop
  vertex 0.17590854 0.02120848 0.032291815
  vertex 0.17870246 0.016059043 0.0156167345
  vertex 0.1757075 0.024432287 0.031085197
 endloop
endfacet
facet normal -0.94464207 0.061702307 0.32224867
 outer loop
  vertex -0.16689986 0.010969035 0.06678827
  vertex -0.16729422 0.017292751 0.064421415
  vertex -0.17294717 0.010361365 0.0491775
 endloop
endfacet
facet normal -0.944642 0.061702646 0.32224867
 outer loop
  vertex -0.17264803 0.0055645006 0.050972886
  vertex -0.16689986 0.010969035 0.06678827
  vertex -0.17294717 0.010361365 0.0491775
 endloop
endfacet
facet normal 0.03431911 0.35220426 0.9352937
 outer loop
  vertex 0.015516983 0.055430982 0.17065558
  vertex 0.0144914575 0.071876094 0.16450046
  vertex -0.003144756 0.07116431 0.16541563
 endloop
endfacet
facet normal 0.03431869 0.35220385 0.93529385
 outer loop
  vertex -0.0021142683 0.05463963 0.17160052
  vertex 0.015516983 0.055430982 0.17065558
  vertex -0.003144756 0.07116431 0.16541563
 endloop
endfacet
facet normal 0.96465266 0.14300187 0.2213499
 outer loop
  vertex 0.17590854 0.02120848 0.032291815
  vertex 0.1757075 0.024432287 0.031085197
  vertex 0.17112142 0.030950468 0.046860527
 endloop
endfacet
facet normal 0.96465266 0.14300422 0.22134829
 outer loop
  vertex 0.17142056 0.026153605 0.04865591
  vertex 0.17590854 0.02120848 0.032291815
  vertex 0.17112142 0.030950468 0.046860527
 endloop
endfacet
facet normal -0.97176415 0.027127268 0.2343899
 outer loop
  vertex -0.17264803 0.0055645006 0.050972886
  vertex -0.17294717 0.010361365 0.0491775
  vertex -0.17693454 0.003330131 0.0334599
 endloop
endfacet
facet normal -0.97176415 0.027130177 0.23438954
 outer loop
  vertex -0.17673351 0.00010632351 0.034666516
  vertex -0.17264803 0.0055645006 0.050972886
  vertex -0.17693454 0.003330131 0.0334599
 endloop
endfacet
facet normal -0.063519835 0.34634915 0.93595266
 outer loop
  vertex -0.0021142683 0.05463963 0.17160052
  vertex -0.003144756 0.07116431 0.16541563
  vertex -0.020750666 0.06976721 0.16473778
 endloop
endfacet
facet normal -0.063519545 0.34634945 0.9359526
 outer loop
  vertex -0.01972514 0.053322088 0.1708929
  vertex -0.0021142683 0.05463963 0.17160052
  vertex -0.020750666 0.06976721 0.16473778
 endloop
endfacet
facet normal 0.93478227 0.17416948 0.30959195
 outer loop
  vertex 0.17142056 0.026153605 0.04865591
  vertex 0.17112142 0.030950468 0.046860527
  vertex 0.16488732 0.037170537 0.062184487
 endloop
endfacet
facet normal 0.9347822 0.17416951 0.30959192
 outer loop
  vertex 0.16528168 0.030846821 0.06455134
  vertex 0.17142056 0.026153605 0.04865591
  vertex 0.16488732 0.037170537 0.062184487
 endloop
endfacet
facet normal -0.98950976 -0.007710377 0.14425983
 outer loop
  vertex -0.17673351 0.00010632351 0.034666516
  vertex -0.17693454 0.003330131 0.0334599
  vertex -0.17921793 -0.0037332173 0.017420078
 endloop
endfacet
facet normal -0.9895095 -0.0077175116 0.14426136
 outer loop
  vertex -0.17911692 -0.005352919 0.018026305
  vertex -0.17673351 0.00010632351 0.034666516
  vertex -0.17921793 -0.0037332173 0.017420078
 endloop
endfacet
facet normal -0.16075067 0.33716708 0.9276193
 outer loop
  vertex -0.01972514 0.053322088 0.1708929
  vertex -0.020750666 0.06976721 0.16473778
  vertex -0.038156755 0.067698166 0.16247346
 endloop
endfacet
facet normal -0.16075063 0.33716708 0.9276193
 outer loop
  vertex -0.03714607 0.051491007 0.16853951
  vertex -0.01972514 0.053322088 0.1708929
  vertex -0.038156755 0.067698166 0.16247346
 endloop
endfacet
facet normal 0.89590013 0.20364769 0.39482975
 outer loop
  vertex 0.16528168 0.030846821 0.06455134
  vertex 0.16488732 0.037170537 0.062184487
  vertex 0.15706529 0.04303265 0.07690971
 endloop
endfacet
facet normal 0.89589995 0.20364642 0.39483088
 outer loop
  vertex 0.15755105 0.035242975 0.07982525
  vertex 0.16528168 0.030846821 0.06455134
  vertex 0.15706529 0.04303265 0.07690971
 endloop
endfacet
facet normal -0.25644648 0.324744 0.9103716
 outer loop
  vertex -0.03714607 0.051491007 0.16853951
  vertex -0.038156755 0.067698166 0.16247346
  vertex -0.055195376 0.064977095 0.15864442
 endloop
endfacet
facet normal -0.25644648 0.32474396 0.9103717
 outer loop
  vertex -0.054209262 0.04916396 0.164563
  vertex -0.03714607 0.051491007 0.16853951
  vertex -0.055195376 0.064977095 0.15864442
 endloop
endfacet
facet normal 0.84838414 0.23115598 0.4762469
 outer loop
  vertex 0.15755105 0.035242975 0.07982525
  vertex 0.15706529 0.04303265 0.07690971
  vertex 0.14773062 0.048480347 0.090894304
 endloop
endfacet
facet normal 0.84838426 0.23115611 0.4762469
 outer loop
  vertex 0.14830312 0.039299723 0.09433045
  vertex 0.15755105 0.035242975 0.07982525
  vertex 0.14773062 0.048480347 0.090894304
 endloop
endfacet
facet normal -0.34968835 0.30919826 0.88437235
 outer loop
  vertex -0.054209262 0.04916396 0.164563
  vertex -0.055195376 0.064977095 0.15864442
  vertex -0.07170241 0.061630234 0.15328754
 endloop
endfacet
facet normal -0.34968868 0.3091978 0.88437235
 outer loop
  vertex -0.07075037 0.046363425 0.15900163
  vertex -0.054209262 0.04916396 0.164563
  vertex -0.07170241 0.061630234 0.15328754
 endloop
endfacet
facet normal 0.79269665 0.25643283 0.5530589
 outer loop
  vertex 0.14830312 0.039299723 0.09433045
  vertex 0.14773062 0.048480347 0.090894304
  vertex 0.13697323 0.053461023 0.10400346
 endloop
endfacet
facet normal 0.7926969 0.25643352 0.5530582
 outer loop
  vertex 0.13762698 0.042977877 0.107927114
  vertex 0.14830312 0.039299723 0.09433045
  vertex 0.13697323 0.053461023 0.10400346
 endloop
endfacet
facet normal -0.43957984 0.29067785 0.8498681
 outer loop
  vertex -0.07075037 0.046363425 0.15900163
  vertex -0.07170241 0.061630234 0.15328754
  vertex -0.087518916 0.057689827 0.14645445
 endloop
endfacet
facet normal -0.43957973 0.29067808 0.84986824
 outer loop
  vertex -0.08661011 0.04311637 0.15190904
  vertex -0.07075037 0.046363425 0.15900163
  vertex -0.087518916 0.057689827 0.14645445
 endloop
endfacet
facet normal 0.729386 0.2792323 0.6245201
 outer loop
  vertex 0.13762698 0.042977877 0.107927114
  vertex 0.13697323 0.053461023 0.10400346
  vertex 0.124896705 0.05792685 0.11611107
 endloop
endfacet
facet normal 0.7293858 0.2792319 0.62452054
 outer loop
  vertex 0.12562537 0.046242137 0.12048445
  vertex 0.13762698 0.042977877 0.107927114
  vertex 0.124896705 0.05792685 0.11611107
 endloop
endfacet
facet normal -0.5252582 0.26935995 0.8071858
 outer loop
  vertex -0.08661011 0.04311637 0.15190904
  vertex -0.087518916 0.057689827 0.14645445
  vertex -0.10249259 0.053193863 0.13821098
 endloop
endfacet
facet normal -0.525258 0.26936024 0.80718595
 outer loop
  vertex -0.10163578 0.03945409 0.14335354
  vertex -0.08661011 0.04311637 0.15190904
  vertex -0.10249259 0.053193863 0.13821098
 endloop
endfacet
facet normal 0.65906155 0.29933667 0.68995315
 outer loop
  vertex 0.12562537 0.046242137 0.12048445
  vertex 0.124896705 0.05792685 0.11611107
  vertex 0.11161736 0.06183479 0.1271004
 endloop
endfacet
facet normal 0.6590618 0.29933694 0.68995285
 outer loop
  vertex 0.112413935 0.049061045 0.13188139
  vertex 0.12562537 0.046242137 0.12048445
  vertex 0.11161736 0.06183479 0.1271004
 endloop
endfacet
facet normal -0.60590816 0.24544415 0.75672483
 outer loop
  vertex -0.10163578 0.03945409 0.14335354
  vertex -0.10249259 0.053193863 0.13821098
  vertex -0.1164792 0.04818547 0.1286364
 endloop
endfacet
facet normal -0.60590804 0.24544425 0.7567249
 outer loop
  vertex -0.115682624 0.035411727 0.1334174
  vertex -0.10163578 0.03945409 0.14335354
  vertex -0.1164792 0.04818547 0.1286364
 endloop
endfacet
facet normal 0.5824173 0.3165535 0.74872154
 outer loop
  vertex 0.112413935 0.049061045 0.13188139
  vertex 0.11161736 0.06183479 0.1271004
  vertex 0.097263075 0.06514725 0.13686585
 endloop
endfacet
facet normal 0.5824166 0.31655243 0.7487226
 outer loop
  vertex 0.09811989 0.051407475 0.1420084
  vertex 0.112413935 0.049061045 0.13188139
  vertex 0.097263075 0.06514725 0.13686585
 endloop
endfacet
facet normal -0.8066767 0.10488283 0.5816118
 outer loop
  vertex -0.13964286 0.0155291315 0.112674005
  vertex -0.14030951 0.02634612 0.109798744
  vertex -0.15065238 0.021410186 0.09634363
 endloop
endfacet
facet normal -0.8066766 0.104882926 0.5816119
 outer loop
  vertex -0.15006855 0.0119372 0.09886166
  vertex -0.13964286 0.0155291315 0.112674005
  vertex -0.15065238 0.021410186 0.09634363
 endloop
endfacet
facet normal 0.32760668 0.26152006 0.90789926
 outer loop
  vertex 0.06781459 0.0388441 0.16226234
  vertex 0.066843726 0.054597087 0.15807502
  vertex 0.0501628 0.0554096 0.16386013
 endloop
endfacet
facet normal 0.32760602 0.2615193 0.90789974
 outer loop
  vertex 0.0511684 0.039092887 0.16819727
  vertex 0.06781459 0.0388441 0.16226234
  vertex 0.0501628 0.0554096 0.16386013
 endloop
endfacet
facet normal -0.8604506 0.0807002 0.50310266
 outer loop
  vertex -0.15006855 0.0119372 0.09886166
  vertex -0.15065238 0.021410186 0.09634363
  vertex -0.15954436 0.016267952 0.08196061
 endloop
endfacet
facet normal -0.8604507 0.08069982 0.50310254
 outer loop
  vertex -0.15904899 0.008230207 0.08409713
  vertex -0.15006855 0.0119372 0.09886166
  vertex -0.15954436 0.016267952 0.08196061
 endloop
endfacet
facet normal 0.23369843 0.26320302 0.9360071
 outer loop
  vertex 0.0511684 0.039092887 0.16819727
  vertex 0.0501628 0.0554096 0.16386013
  vertex 0.0329988 0.055688486 0.16806714
 endloop
endfacet
facet normal 0.2336987 0.2632033 0.93600696
 outer loop
  vertex 0.034029458 0.038965195 0.17251237
  vertex 0.0511684 0.039092887 0.16819727
  vertex 0.0329988 0.055688486 0.16806714
 endloop
endfacet
facet normal -0.9059365 0.055734925 0.41972938
 outer loop
  vertex -0.15904899 0.008230207 0.08409713
  vertex -0.15954436 0.016267952 0.08196061
  vertex -0.16689986 0.010969035 0.06678827
 endloop
endfacet
facet normal -0.9059364 0.055735447 0.4197295
 outer loop
  vertex -0.16649772 0.004443938 0.0685227
  vertex -0.15904899 0.008230207 0.08409713
  vertex -0.16689986 0.010969035 0.06678827
 endloop
endfacet
facet normal 0.13755433 0.26235738 0.9551164
 outer loop
  vertex 0.034029458 0.038965195 0.17251237
  vertex 0.0329988 0.055688486 0.16806714
  vertex 0.015516983 0.055430982 0.17065558
 endloop
endfacet
facet normal 0.13755462 0.2623577 0.9551163
 outer loop
  vertex 0.016562773 0.038462173 0.17516607
  vertex 0.034029458 0.038965195 0.17251237
  vertex 0.015516983 0.055430982 0.17065558
 endloop
endfacet
facet normal 0.9860648 0.09674345 0.13534057
 outer loop
  vertex 0.17880546 0.014387759 0.016060978
  vertex 0.17870246 0.016059043 0.0156167345
  vertex 0.17590854 0.02120848 0.032291815
 endloop
endfacet
facet normal 0.9860646 0.096745454 0.13533968
 outer loop
  vertex 0.17611355 0.017882006 0.03317602
  vertex 0.17880546 0.014387759 0.016060978
  vertex 0.17590854 0.02120848 0.032291815
 endloop
endfacet
facet normal -0.942691 0.030229421 0.33229482
 outer loop
  vertex -0.16649772 0.004443938 0.0685227
  vertex -0.16689986 0.010969035 0.06678827
  vertex -0.17264803 0.0055645006 0.050972886
 endloop
endfacet
facet normal -0.942691 0.030230027 0.33229485
 outer loop
  vertex -0.17234299 0.0006148759 0.052288547
  vertex -0.16649772 0.004443938 0.0685227
  vertex -0.17264803 0.0055645006 0.050972886
 endloop
endfacet
facet normal 0.040097017 0.25899112 0.9650471
 outer loop
  vertex 0.016562773 0.038462173 0.17516607
  vertex 0.015516983 0.055430982 0.17065558
  vertex -0.0021142683 0.05463963 0.17160052
 endloop
endfacet
facet normal 0.040096544 0.2589906 0.96504724
 outer loop
  vertex -0.0010634187 0.037588716 0.17613283
  vertex 0.016562773 0.038462173 0.17516607
  vertex -0.0021142683 0.05463963 0.17160052
 endloop
endfacet
facet normal 0.9660601 0.12030072 0.22859517
 outer loop
  vertex 0.17611355 0.017882006 0.03317602
  vertex 0.17590854 0.02120848 0.032291815
  vertex 0.17142056 0.026153605 0.04865591
 endloop
endfacet
facet normal 0.96606004 0.120300464 0.22859527
 outer loop
  vertex 0.1717256 0.02120398 0.04997157
  vertex 0.17611355 0.017882006 0.03317602
  vertex 0.17142056 0.026153605 0.04865591
 endloop
endfacet
facet normal -0.97035676 0.0044270293 0.24163628
 outer loop
  vertex -0.17234299 0.0006148759 0.052288547
  vertex -0.17264803 0.0055645006 0.050972886
  vertex -0.17673351 0.00010632351 0.034666516
 endloop
endfacet
facet normal -0.97035676 0.004426293 0.24163629
 outer loop
  vertex -0.1765285 -0.0032201484 0.035550725
  vertex -0.17234299 0.0006148759 0.052288547
  vertex -0.17673351 0.00010632351 0.034666516
 endloop
endfacet
facet normal -0.057741392 0.25313592 0.965706
 outer loop
  vertex -0.0010634187 0.037588716 0.17613283
  vertex -0.0021142683 0.05463963 0.17160052
  vertex -0.01972514 0.053322088 0.1708929
 endloop
endfacet
facet normal -0.05774092 0.2531364 0.9657059
 outer loop
  vertex -0.01867935 0.03635328 0.17540339
  vertex -0.0010634187 0.037588716 0.17613283
  vertex -0.01972514 0.053322088 0.1708929
 endloop
endfacet
facet normal 0.9367334 0.14269346 0.31963897
 outer loop
  vertex 0.1717256 0.02120398 0.04997157
  vertex 0.17142056 0.026153605 0.04865591
  vertex 0.16528168 0.030846821 0.06455134
 endloop
endfacet
facet normal 0.9367334 0.14269313 0.31963918
 outer loop
  vertex 0.16568382 0.024321724 0.06628577
  vertex 0.1717256 0.02120398 0.04997157
  vertex 0.16528168 0.030846821 0.06455134
 endloop
endfacet
facet normal -0.9886599 -0.021422165 0.14863583
 outer loop
  vertex -0.1765285 -0.0032201484 0.035550725
  vertex -0.17673351 0.00010632351 0.034666516
  vertex -0.17911692 -0.005352919 0.018026305
 endloop
endfacet
facet normal -0.98866004 -0.021419829 0.14863558
 outer loop
  vertex -0.17901392 -0.007024202 0.018470548
  vertex -0.1765285 -0.0032201484 0.035550725
  vertex -0.17911692 -0.005352919 0.018026305
 endloop
endfacet
facet normal -0.15502806 0.24484956 0.95708674
 outer loop
  vertex -0.01867935 0.03635328 0.17540339
  vertex -0.01972514 0.053322088 0.1708929
  vertex -0.03714607 0.051491007 0.16853951
 endloop
endfacet
facet normal -0.15502836 0.24484926 0.9570868
 outer loop
  vertex -0.03611541 0.034767717 0.17298473
  vertex -0.01867935 0.03635328 0.17540339
  vertex -0.03714607 0.051491007 0.16853951
 endloop
endfacet
facet normal 0.89837587 0.16370471 0.4075801
 outer loop
  vertex 0.16568382 0.024321724 0.06628577
  vertex 0.16528168 0.030846821 0.06455134
  vertex 0.15755105 0.035242975 0.07982525
 endloop
endfacet
facet normal 0.8983761 0.16370603 0.40757918
 outer loop
  vertex 0.15804642 0.027205229 0.08196176
  vertex 0.16568382 0.024321724 0.06628577
  vertex 0.15755105 0.035242975 0.07982525
 endloop
endfacet
facet normal -0.25083414 0.23420891 0.9392702
 outer loop
  vertex -0.03611541 0.034767717 0.17298473
  vertex -0.03714607 0.051491007 0.16853951
  vertex -0.054209262 0.04916396 0.164563
 endloop
endfacet
facet normal -0.2508344 0.23420854 0.9392702
 outer loop
  vertex -0.05320366 0.032847248 0.16890015
  vertex -0.03611541 0.034767717 0.17298473
  vertex -0.054209262 0.04916396 0.164563
 endloop
endfacet
facet normal 0.851361 0.1831353 0.49157485
 outer loop
  vertex 0.15804642 0.027205229 0.08196176
  vertex 0.15755105 0.035242975 0.07982525
  vertex 0.14830312 0.039299723 0.09433045
 endloop
endfacet
facet normal 0.8513613 0.18313612 0.49157426
 outer loop
  vertex 0.14888695 0.029826738 0.09684848
  vertex 0.15804642 0.027205229 0.08196176
  vertex 0.14830312 0.039299723 0.09433045
 endloop
endfacet
facet normal -0.34424096 0.22131589 0.91242397
 outer loop
  vertex -0.05320366 0.032847248 0.16890015
  vertex -0.054209262 0.04916396 0.164563
  vertex -0.07075037 0.046363425 0.15900163
 endloop
endfacet
facet normal -0.34424052 0.22131658 0.912424
 outer loop
  vertex -0.06977951 0.030610437 0.16318895
  vertex -0.05320366 0.032847248 0.16890015
  vertex -0.07075037 0.046363425 0.15900163
 endloop
endfacet
facet normal 0.7961459 0.20079684 0.57081723
 outer loop
  vertex 0.14888695 0.029826738 0.09684848
  vertex 0.14830312 0.039299723 0.09433045
  vertex 0.13762698 0.042977877 0.107927114
 endloop
endfacet
facet normal 0.7961454 0.20079532 0.5708185
 outer loop
  vertex 0.13829362 0.032160886 0.110802375
  vertex 0.14888695 0.029826738 0.09684848
  vertex 0.13762698 0.042977877 0.107927114
 endloop
endfacet
facet normal -0.4343489 0.20629473 0.87680304
 outer loop
  vertex -0.06977951 0.030610437 0.16318895
  vertex -0.07075037 0.046363425 0.15900163
  vertex -0.08661011 0.04311637 0.15190904
 endloop
endfacet
facet normal -0.43434936 0.20629393 0.8768029
 outer loop
  vertex -0.085683346 0.028078806 0.15590617
  vertex -0.06977951 0.030610437 0.16318895
  vertex -0.08661011 0.04311637 0.15190904
 endloop
endfacet
facet normal 0.7332735 0.21651617 0.6445391
 outer loop
  vertex 0.13829362 0.032160886 0.110802375
  vertex 0.13762698 0.042977877 0.107927114
  vertex 0.12562537 0.046242137 0.12048445
 endloop
endfacet
facet normal 0.73327386 0.2165168 0.6445386
 outer loop
  vertex 0.12636843 0.034185316 0.12368928
  vertex 0.13829362 0.032160886 0.110802375
  vertex 0.12562537 0.046242137 0.12048445
 endloop
endfacet
facet normal -0.5202944 0.1892862 0.8327452
 outer loop
  vertex -0.085683346 0.028078806 0.15590617
  vertex -0.08661011 0.04311637 0.15190904
  vertex -0.10163578 0.03945409 0.14335354
 endloop
endfacet
facet normal -0.5202939 0.18928711 0.83274525
 outer loop
  vertex -0.100762025 0.025276773 0.14712203
  vertex -0.085683346 0.028078806 0.15590617
  vertex -0.10163578 0.03945409 0.14335354
 endloop
endfacet
facet normal 0.66335064 0.2301493 0.7120373
 outer loop
  vertex 0.12636843 0.034185316 0.12368928
  vertex 0.12562537 0.046242137 0.12048445
  vertex 0.112413935 0.049061045 0.13188139
 endloop
endfacet
facet normal 0.66335076 0.23014955 0.71203715
 outer loop
  vertex 0.11322625 0.035880513 0.13538492
  vertex 0.12636843 0.034185316 0.12368928
  vertex 0.112413935 0.049061045 0.13188139
 endloop
endfacet
facet normal -0.6012593 0.17045286 0.780662
 outer loop
  vertex -0.100762025 0.025276773 0.14712203
  vertex -0.10163578 0.03945409 0.14335354
  vertex -0.115682624 0.035411727 0.1334174
 endloop
endfacet
facet normal -0.60125923 0.170453 0.780662
 outer loop
  vertex -0.11487031 0.022231193 0.13692093
  vertex -0.100762025 0.025276773 0.14712203
  vertex -0.115682624 0.035411727 0.1334174
 endloop
endfacet
facet normal 0.58706516 0.24156213 0.77265924
 outer loop
  vertex 0.11322625 0.035880513 0.13538492
  vertex 0.112413935 0.049061045 0.13188139
  vertex 0.09811989 0.051407475 0.1420084
 endloop
endfacet
facet normal 0.5870648 0.24156165 0.7726596
 outer loop
  vertex 0.098993644 0.037230156 0.14577687
  vertex 0.11322625 0.035880513 0.13538492
  vertex 0.09811989 0.051407475 0.1420084
 endloop
endfacet
facet normal -0.67644703 0.14997616 0.7210593
 outer loop
  vertex -0.11487031 0.022231193 0.13692093
  vertex -0.115682624 0.035411727 0.1334174
  vertex -0.12861538 0.031028334 0.12219652
 endloop
endfacet
facet normal -0.6764472 0.14997576 0.7210592
 outer loop
  vertex -0.12787232 0.018971514 0.12540135
  vertex -0.11487031 0.022231193 0.13692093
  vertex -0.12861538 0.031028334 0.12219652
 endloop
endfacet
facet normal 0.505136 0.25064847 0.82584083
 outer loop
  vertex 0.098993644 0.037230156 0.14577687
  vertex 0.09811989 0.051407475 0.1420084
  vertex 0.082880914 0.053258732 0.15076764
 endloop
endfacet
facet normal 0.5051357 0.25064802 0.82584107
 outer loop
  vertex 0.08380768 0.038221166 0.15476477
  vertex 0.098993644 0.037230156 0.14577687
  vertex 0.082880914 0.053258732 0.15076764
 endloop
endfacet
facet normal -0.74514484 0.12804827 0.6544944
 outer loop
  vertex -0.12787232 0.018971514 0.12540135
  vertex -0.12861538 0.031028334 0.12219652
  vertex -0.14030951 0.02634612 0.109798744
 endloop
endfacet
facet normal -0.7451449 0.1280479 0.6544943
 outer loop
  vertex -0.13964286 0.0155291315 0.112674005
  vertex -0.12787232 0.018971514 0.12540135
  vertex -0.14030951 0.02634612 0.109798744
 endloop
endfacet
facet normal 0.4183753 0.25732106 0.87106144
 outer loop
  vertex 0.08380768 0.038221166 0.15476477
  vertex 0.082880914 0.053258732 0.15076764
  vertex 0.066843726 0.054597087 0.15807502
 endloop
endfacet
facet normal 0.4183762 0.25732213 0.8710606
 outer loop
  vertex 0.06781459 0.0388441 0.16226234
  vertex 0.08380768 0.038221166 0.15476477
  vertex 0.066843726 0.054597087 0.15807502
 endloop
endfacet
facet normal -0.90342414 0.014738246 0.42849472
 outer loop
  vertex -0.1585488 2.1799468e-05 0.08543404
  vertex -0.15904899 0.008230207 0.08409713
  vertex -0.16649772 0.004443938 0.0685227
 endloop
endfacet
facet normal -0.903424 0.014739046 0.42849487
 outer loop
  vertex -0.16609167 -0.0022197021 0.069608025
  vertex -0.1585488 2.1799468e-05 0.08543404
  vertex -0.16649772 0.004443938 0.0685227
 endloop
endfacet
facet normal 0.14336169 0.16759737 0.97537607
 outer loop
  vertex 0.03507016 0.021886837 0.17529395
  vertex 0.034029458 0.038965195 0.17251237
  vertex 0.016562773 0.038462173 0.17516607
 endloop
endfacet
facet normal 0.14335972 0.16759518 0.9753767
 outer loop
  vertex 0.017618755 0.021133076 0.17798845
  vertex 0.03507016 0.021886837 0.17529395
  vertex 0.016562773 0.038462173 0.17516607
 endloop
endfacet
facet normal 0.9869269 0.082675986 0.13834777
 outer loop
  vertex 0.17890947 0.012680992 0.016338961
  vertex 0.17880546 0.014387759 0.016060978
  vertex 0.17611355 0.017882006 0.03317602
 endloop
endfacet
facet normal 0.986927 0.08267271 0.13834879
 outer loop
  vertex 0.17632055 0.014484907 0.033729307
  vertex 0.17890947 0.012680992 0.016338961
  vertex 0.17611355 0.017882006 0.03317602
 endloop
endfacet
facet normal -0.94071126 -0.0020765385 0.339202
 outer loop
  vertex -0.16609167 -0.0022197021 0.069608025
  vertex -0.16649772 0.004443938 0.0685227
  vertex -0.17234299 0.0006148759 0.052288547
 endloop
endfacet
facet normal -0.9407114 -0.0020784799 0.3392017
 outer loop
  vertex -0.17203496 -0.00443984 0.053111814
  vertex -0.16609167 -0.0022197021 0.069608025
  vertex -0.17234299 0.0006148759 0.052288547
 endloop
endfacet
facet normal 0.045959983 0.16330935 0.98550385
 outer loop
  vertex 0.017618755 0.021133076 0.17798845
  vertex 0.016562773 0.038462173 0.17516607
  vertex -0.0010634187 0.037588716 0.17613283
 endloop
endfacet
facet normal 0.045960408 0.16330981 0.9855037
 outer loop
  vertex -2.3281066e-06 0.020175772 0.17896888
  vertex 0.017618755 0.021133076 0.17798845
  vertex -0.0010634187 0.037588716 0.17613283
 endloop
endfacet
facet normal 0.967488 0.09699808 0.2335773
 outer loop
  vertex 0.17632055 0.014484907 0.033729307
  vertex 0.17611355 0.017882006 0.03317602
  vertex 0.1717256 0.02120398 0.04997157
 endloop
endfacet
facet normal 0.967488 0.09699924 0.23357682
 outer loop
  vertex 0.17203362 0.016149266 0.050794836
  vertex 0.17632055 0.014484907 0.033729307
  vertex 0.1717256 0.02120398 0.04997157
 endloop
endfacet
facet normal -0.96892875 -0.018877102 0.24661857
 outer loop
  vertex -0.17203496 -0.00443984 0.053111814
  vertex -0.17234299 0.0006148759 0.052288547
  vertex -0.1765285 -0.0032201484 0.035550725
 endloop
endfacet
facet normal -0.96892875 -0.018880593 0.2466183
 outer loop
  vertex -0.17632148 -0.006617248 0.03610401
  vertex -0.17203496 -0.00443984 0.053111814
  vertex -0.1765285 -0.0032201484 0.035550725
 endloop
endfacet
facet normal -0.0518777 0.15745516 0.98616254
 outer loop
  vertex -2.3281066e-06 0.020175772 0.17896888
  vertex -0.0010634187 0.037588716 0.17613283
  vertex -0.01867935 0.03635328 0.17540339
 endloop
endfacet
facet normal -0.051878124 0.15745468 0.9861626
 outer loop
  vertex -0.017623369 0.019024182 0.17822577
  vertex -2.3281066e-06 0.020175772 0.17896888
  vertex -0.01867935 0.03635328 0.17540339
 endloop
endfacet
facet normal 0.9387131 0.110387795 0.3265461
 outer loop
  vertex 0.17203362 0.016149266 0.050794836
  vertex 0.1717256 0.02120398 0.04997157
  vertex 0.16568382 0.024321724 0.06628577
 endloop
endfacet
facet normal 0.938713 0.11038711 0.32654643
 outer loop
  vertex 0.16608988 0.017658083 0.06737109
  vertex 0.17203362 0.016149266 0.050794836
  vertex 0.16568382 0.024321724 0.06628577
 endloop
endfacet
facet normal -0.98779726 -0.03549867 0.15164563
 outer loop
  vertex -0.17632148 -0.006617248 0.03610401
  vertex -0.1765285 -0.0032201484 0.035550725
  vertex -0.17901392 -0.007024202 0.018470548
 endloop
endfacet
facet normal -0.98779726 -0.035497572 0.1516456
 outer loop
  vertex -0.17890991 -0.008730969 0.018748531
  vertex -0.17632148 -0.006617248 0.03610401
  vertex -0.17901392 -0.007024202 0.018470548
 endloop
endfacet
facet normal -0.14922145 0.15008706 0.97734684
 outer loop
  vertex -0.017623369 0.019024182 0.17822577
  vertex -0.01867935 0.03635328 0.17540339
  vertex -0.03611541 0.034767717 0.17298473
 endloop
endfacet
facet normal -0.14921945 0.15008935 0.9773467
 outer loop
  vertex -0.03507471 0.017689358 0.17576632
  vertex -0.017623369 0.019024182 0.17822577
  vertex -0.03611541 0.034767717 0.17298473
 endloop
endfacet
facet normal 0.90088844 0.12270789 0.41634452
 outer loop
  vertex 0.16608988 0.017658083 0.06737109
  vertex 0.16568382 0.024321724 0.06628577
  vertex 0.15804642 0.027205229 0.08196176
 endloop
endfacet
facet normal 0.9008883 0.122706994 0.41634506
 outer loop
  vertex 0.15854661 0.018996825 0.08329867
  vertex 0.16608988 0.017658083 0.06737109
  vertex 0.15804642 0.027205229 0.08196176
 endloop
endfacet
facet normal -0.24513958 0.1412787 0.9591386
 outer loop
  vertex -0.03507471 0.017689358 0.17576632
  vertex -0.03611541 0.034767717 0.17298473
  vertex -0.05320366 0.032847248 0.16890015
 endloop
endfacet
facet normal -0.24514084 0.14127718 0.9591385
 outer loop
  vertex -0.052188262 0.0161841 0.17161408
  vertex -0.03507471 0.017689358 0.17576632
  vertex -0.05320366 0.032847248 0.16890015
 endloop
endfacet
facet normal 0.85438186 0.13384224 0.5021133
 outer loop
  vertex 0.15854661 0.018996825 0.08329867
  vertex 0.15804642 0.027205229 0.08196176
  vertex 0.14888695 0.029826738 0.09684848
 endloop
endfacet
facet normal 0.854382 0.13384259 0.50211316
 outer loop
  vertex 0.14947645 0.020152621 0.098424114
  vertex 0.15854661 0.018996825 0.08329867
  vertex 0.14888695 0.029826738 0.09684848
 endloop
endfacet
facet normal -0.3387125 0.13110802 0.93171054
 outer loop
  vertex -0.052188262 0.0161841 0.17161408
  vertex -0.05320366 0.032847248 0.16890015
  vertex -0.06977951 0.030610437 0.16318895
 endloop
endfacet
facet normal -0.33871236 0.13110827 0.9317106
 outer loop
  vertex -0.06879919 0.014522973 0.16580912
  vertex -0.052188262 0.0161841 0.17161408
  vertex -0.06977951 0.030610437 0.16318895
 endloop
endfacet
facet normal 0.7996451 0.14368586 0.5830283
 outer loop
  vertex 0.14947645 0.020152621 0.098424114
  vertex 0.14888695 0.029826738 0.09684848
  vertex 0.13829362 0.032160886 0.110802375
 endloop
endfacet
facet normal 0.79964507 0.14368573 0.58302844
 outer loop
  vertex 0.13896677 0.021114234 0.11260155
  vertex 0.14947645 0.020152621 0.098424114
  vertex 0.13829362 0.032160886 0.110802375
 endloop
endfacet
facet normal -0.42904156 0.11967721 0.89532155
 outer loop
  vertex -0.06879919 0.014522973 0.16580912
  vertex -0.06977951 0.030610437 0.16318895
  vertex -0.085683346 0.028078806 0.15590617
 endloop
endfacet
facet normal -0.42904186 0.11967683 0.8953215
 outer loop
  vertex -0.084747545 0.012721961 0.15840735
  vertex -0.06879919 0.014522973 0.16580912
  vertex -0.085683346 0.028078806 0.15590617
 endloop
endfacet
facet normal 0.73721874 0.15214156 0.65830195
 outer loop
  vertex 0.13896677 0.021114234 0.11260155
  vertex 0.13829362 0.032160886 0.110802375
  vertex 0.12636843 0.034185316 0.12368928
 endloop
endfacet
facet normal 0.7372189 0.1521419 0.6583017
 outer loop
  vertex 0.12711874 0.021872502 0.12569468
  vertex 0.13896677 0.021114234 0.11260155
  vertex 0.12636843 0.034185316 0.12368928
 endloop
endfacet
facet normal -0.51525724 0.107093394 0.8503182
 outer loop
  vertex -0.084747545 0.012721961 0.15840735
  vertex -0.085683346 0.028078806 0.15590617
  vertex -0.100762025 0.025276773 0.14712203
 endloop
endfacet
facet normal -0.5152558 0.10709565 0.85031873
 outer loop
  vertex -0.099879764 0.010798436 0.14948015
  vertex -0.084747545 0.012721961 0.15840735
  vertex -0.100762025 0.025276773 0.14712203
 endloop
endfacet
facet normal 0.66770273 0.15913075 0.7272211
 outer loop
  vertex 0.12711874 0.021872502 0.12569468
  vertex 0.12636843 0.034185316 0.12368928
  vertex 0.11322625 0.035880513 0.13538492
 endloop
endfacet
facet normal 0.66770273 0.1591308 0.727221
 outer loop
  vertex 0.114046484 0.022420127 0.13757722
  vertex 0.12711874 0.021872502 0.12569468
  vertex 0.11322625 0.035880513 0.13538492
 endloop
endfacet
facet normal -0.59654206 0.09347763 0.79711944
 outer loop
  vertex -0.099879764 0.010798436 0.14948015
  vertex -0.100762025 0.025276773 0.14712203
  vertex -0.11487031 0.022231193 0.13692093
 endloop
endfacet
facet normal -0.59654254 0.09347686 0.79711926
 outer loop
  vertex -0.114050075 0.00877081 0.13911325
  vertex -0.099879764 0.010798436 0.14948015
  vertex -0.11487031 0.022231193 0.13692093
 endloop
endfacet
facet normal 0.59178185 0.16458547 0.7891171
 outer loop
  vertex 0.114046484 0.022420127 0.13757722
  vertex 0.11322625 0.035880513 0.13538492
  vertex 0.098993644 0.037230156 0.14577687
 endloop
endfacet
facet normal 0.5917822 0.16458616 0.7891167
 outer loop
  vertex 0.09987591 0.02275182 0.14813498
  vertex 0.114046484 0.022420127 0.13757722
  vertex 0.098993644 0.037230156 0.14577687
 endloop
endfacet
facet normal -0.67209524 0.078957886 0.73624295
 outer loop
  vertex -0.114050075 0.00877081 0.13911325
  vertex -0.11487031 0.022231193 0.13692093
  vertex -0.12787232 0.018971514 0.12540135
 endloop
endfacet
facet normal -0.6720951 0.07895812 0.736243
 outer loop
  vertex -0.12712201 0.006658701 0.12740676
  vertex -0.114050075 0.00877081 0.13911325
  vertex -0.12787232 0.018971514 0.12540135
 endloop
endfacet
facet normal 0.5101724 0.16845648 0.84341353
 outer loop
  vertex 0.09987591 0.02275182 0.14813498
  vertex 0.098993644 0.037230156 0.14577687
  vertex 0.08380768 0.038221166 0.15476477
 endloop
endfacet
facet normal 0.51017237 0.1684564 0.8434137
 outer loop
  vertex 0.08474348 0.022864327 0.15726596
  vertex 0.09987591 0.02275182 0.14813498
  vertex 0.08380768 0.038221166 0.15476477
 endloop
endfacet
facet normal -0.7412002 0.0636741 0.6682574
 outer loop
  vertex -0.12712201 0.006658701 0.12740676
  vertex -0.12787232 0.018971514 0.12540135
  vertex -0.13964286 0.0155291315 0.112674005
 endloop
endfacet
facet normal -0.7412005 0.06367314 0.6682571
 outer loop
  vertex -0.13896972 0.004482477 0.11447318
  vertex -0.12712201 0.006658701 0.12740676
  vertex -0.13964286 0.0155291315 0.112674005
 endloop
endfacet
facet normal 0.42368412 0.17070512 0.8895795
 outer loop
  vertex 0.08474348 0.022864327 0.15726596
  vertex 0.08380768 0.038221166 0.15476477
  vertex 0.06781459 0.0388441 0.16226234
 endloop
endfacet
facet normal 0.42368358 0.1707044 0.88957983
 outer loop
  vertex 0.068794906 0.022756644 0.16488251
  vertex 0.08474348 0.022864327 0.15726596
  vertex 0.06781459 0.0388441 0.16226234
 endloop
endfacet
facet normal -0.80317706 0.047773194 0.5938219
 outer loop
  vertex -0.13896972 0.004482477 0.11447318
  vertex -0.13964286 0.0155291315 0.112674005
  vertex -0.15006855 0.0119372 0.09886166
 endloop
endfacet
facet normal -0.8031769 0.047773782 0.593822
 outer loop
  vertex -0.14947905 0.0022630822 0.10043729
  vertex -0.13896972 0.004482477 0.11447318
  vertex -0.15006855 0.0119372 0.09886166
 endloop
endfacet
facet normal 0.33313408 0.17131156 0.92718613
 outer loop
  vertex 0.068794906 0.022756644 0.16488251
  vertex 0.06781459 0.0388441 0.16226234
  vertex 0.0511684 0.039092887 0.16819727
 endloop
endfacet
facet normal 0.33313456 0.17131214 0.92718583
 outer loop
  vertex 0.0521838 0.022429742 0.17091122
  vertex 0.068794906 0.022756644 0.16488251
  vertex 0.0511684 0.039092887 0.16819727
 endloop
endfacet
facet normal -0.8574301 0.031408656 0.51364106
 outer loop
  vertex -0.14947905 0.0022630822 0.10043729
  vertex -0.15006855 0.0119372 0.09886166
  vertex -0.15904899 0.008230207 0.08409713
 endloop
endfacet
facet normal -0.85743016 0.031408753 0.5136411
 outer loop
  vertex -0.1585488 2.1799468e-05 0.08543404
  vertex -0.14947905 0.0022630822 0.10043729
  vertex -0.15904899 0.008230207 0.08409713
 endloop
endfacet
facet normal 0.23939338 0.17027257 0.9558756
 outer loop
  vertex 0.0521838 0.022429742 0.17091122
  vertex 0.0511684 0.039092887 0.16819727
  vertex 0.034029458 0.038965195 0.17251237
 endloop
endfacet
facet normal 0.23939388 0.17027313 0.9558753
 outer loop
  vertex 0.03507016 0.021886837 0.17529395
  vertex 0.0521838 0.022429742 0.17091122
  vertex 0.034029458 0.038965195 0.17251237
 endloop
endfacet
facet normal 0.96892285 0.07332228 0.23624642
 outer loop
  vertex 0.17652757 0.011049895 0.033946346
  vertex 0.17632055 0.014484907 0.033729307
  vertex 0.17203362 0.016149266 0.050794836
 endloop
endfacet
facet normal 0.96892285 0.073319525 0.23624723
 outer loop
  vertex 0.17234164 0.01103814 0.051117785
  vertex 0.17652757 0.011049895 0.033946346
  vertex 0.17203362 0.016149266 0.050794836
 endloop
endfacet
facet normal -0.96749413 -0.04255465 0.24928758
 outer loop
  vertex -0.17172694 -0.009550966 0.053434763
  vertex -0.17203496 -0.00443984 0.053111814
  vertex -0.17632148 -0.006617248 0.03610401
 endloop
endfacet
facet normal -0.9674941 -0.042553246 0.24928781
 outer loop
  vertex -0.17611447 -0.010052259 0.036321055
  vertex -0.17172694 -0.009550966 0.053434763
  vertex -0.17632148 -0.006617248 0.03610401
 endloop
endfacet
facet normal -0.04598661 0.0602322 0.99712443
 outer loop
  vertex 0.0010587847 0.0025684997 0.1800814
  vertex -2.3281066e-06 0.020175772 0.17896888
  vertex -0.017623369 0.019024182 0.17822577
 endloop
endfacet
facet normal -0.045986217 0.060232647 0.9971245
 outer loop
  vertex -0.016567366 0.0015016912 0.17933294
  vertex 0.0010587847 0.0025684997 0.1800814
  vertex -0.017623369 0.019024182 0.17822577
 endloop
endfacet
facet normal 0.94070244 0.07755831 0.33024794
 outer loop
  vertex 0.17234164 0.01103814 0.051117785
  vertex 0.17203362 0.016149266 0.050794836
  vertex 0.16608988 0.017658083 0.06737109
 endloop
endfacet
facet normal 0.94070244 0.07755852 0.33024785
 outer loop
  vertex 0.16649595 0.010920076 0.06779683
  vertex 0.17234164 0.01103814 0.051117785
  vertex 0.16608988 0.017658083 0.06737109
 endloop
endfacet
facet normal -0.9869311 -0.04979244 0.1532574
 outer loop
  vertex -0.17611447 -0.010052259 0.036321055
  vertex -0.17632148 -0.006617248 0.03610401
  vertex -0.17890991 -0.008730969 0.018748531
 endloop
endfacet
facet normal -0.98693126 -0.049787425 0.15325779
 outer loop
  vertex -0.17880592 -0.010456785 0.018857578
  vertex -0.17611447 -0.010052259 0.036321055
  vertex -0.17890991 -0.008730969 0.018748531
 endloop
endfacet
facet normal -0.14338447 0.053799212 0.9882037
 outer loop
  vertex -0.016567366 0.0015016912 0.17933294
  vertex -0.017623369 0.019024182 0.17822577
  vertex -0.03507471 0.017689358 0.17576632
 endloop
endfacet
facet normal -0.14338525 0.05379833 0.9882036
 outer loop
  vertex -0.034033984 0.00042039715 0.17685746
  vertex -0.016567366 0.0015016912 0.17933294
  vertex -0.03507471 0.017689358 0.17576632
 endloop
endfacet
facet normal 0.9034129 0.08104801 0.42104214
 outer loop
  vertex 0.16649595 0.010920076 0.06779683
  vertex 0.16608988 0.017658083 0.06737109
  vertex 0.15854661 0.018996825 0.08329867
 endloop
endfacet
facet normal 0.903413 0.08104963 0.42104137
 outer loop
  vertex 0.15904683 0.010696815 0.08382311
  vertex 0.16649595 0.010920076 0.06779683
  vertex 0.15854661 0.018996825 0.08329867
 endloop
endfacet
facet normal -0.23941836 0.04684708 0.96978563
 outer loop
  vertex -0.034033984 0.00042039715 0.17685746
  vertex -0.03507471 0.017689358 0.17576632
  vertex -0.052188262 0.0161841 0.17161408
 endloop
endfacet
facet normal -0.2394174 0.04684824 0.96978587
 outer loop
  vertex -0.051172838 -0.0006650109 0.17267871
  vertex -0.034033984 0.00042039715 0.17685746
  vertex -0.052188262 0.0161841 0.17161408
 endloop
endfacet
facet normal 0.85741705 0.083757 0.5077604
 outer loop
  vertex 0.15904683 0.010696815 0.08382311
  vertex 0.15854661 0.018996825 0.08329867
  vertex 0.14947645 0.020152621 0.098424114
 endloop
endfacet
facet normal 0.8574171 0.08375679 0.5077606
 outer loop
  vertex 0.15006599 0.010370535 0.0990422
  vertex 0.15904683 0.010696815 0.08382311
  vertex 0.14947645 0.020152621 0.098424114
 endloop
endfacet
facet normal -0.33315772 0.03944611 0.9420456
 outer loop
  vertex -0.051172838 -0.0006650109 0.17267871
  vertex -0.052188262 0.0161841 0.17161408
  vertex -0.06879919 0.014522973 0.16580912
 endloop
endfacet
facet normal -0.33315805 0.0394456 0.9420455
 outer loop
  vertex -0.06781885 -0.0017440268 0.16683696
  vertex -0.051172838 -0.0006650109 0.17267871
  vertex -0.06879919 0.014522973 0.16580912
 endloop
endfacet
facet normal 0.80316174 0.08565626 0.58957124
 outer loop
  vertex 0.15006599 0.010370535 0.0990422
  vertex 0.14947645 0.020152621 0.098424114
  vertex 0.13896677 0.021114234 0.11260155
 endloop
endfacet
facet normal 0.80316126 0.085654795 0.5895721
 outer loop
  vertex 0.13963993 0.0099442955 0.11330732
  vertex 0.15006599 0.010370535 0.0990422
  vertex 0.13896677 0.021114234 0.11260155
 endloop
endfacet
facet normal -0.4237083 0.031663284 0.9052451
 outer loop
  vertex -0.06781885 -0.0017440268 0.16683696
  vertex -0.06879919 0.014522973 0.16580912
  vertex -0.084747545 0.012721961 0.15840735
 endloop
endfacet
facet normal -0.42370847 0.031663004 0.905245
 outer loop
  vertex -0.08381173 -0.0028062677 0.1593885
  vertex -0.06781885 -0.0017440268 0.16683696
  vertex -0.084747545 0.012721961 0.15840735
 endloop
endfacet
facet normal 0.7411829 0.086728364 0.66567713
 outer loop
  vertex 0.13963993 0.0099442955 0.11330732
  vertex 0.13896677 0.021114234 0.11260155
  vertex 0.12711874 0.021872502 0.12569468
 endloop
endfacet
facet normal 0.74118316 0.086728975 0.6656768
 outer loop
  vertex 0.12786905 0.009422274 0.12648135
  vertex 0.13963993 0.0099442955 0.11330732
  vertex 0.12711874 0.021872502 0.12569468
 endloop
endfacet
facet normal -0.51019466 0.023575354 0.8597357
 outer loop
  vertex -0.08381173 -0.0028062677 0.1593885
  vertex -0.084747545 0.012721961 0.15840735
  vertex -0.099879764 0.010798436 0.14948015
 endloop
endfacet
facet normal -0.5101951 0.023574715 0.85973555
 outer loop
  vertex -0.09899747 -0.0038414835 0.15040517
  vertex -0.08381173 -0.0028062677 0.1593885
  vertex -0.099879764 0.010798436 0.14948015
 endloop
endfacet
facet normal 0.6720758 0.08696704 0.73535764
 outer loop
  vertex 0.12786905 0.009422274 0.12648135
  vertex 0.12711874 0.021872502 0.12569468
  vertex 0.114046484 0.022420127 0.13757722
 endloop
endfacet
facet normal 0.6720757 0.086966746 0.73535776
 outer loop
  vertex 0.11486673 0.008809524 0.13843721
  vertex 0.12786905 0.009422274 0.12648135
  vertex 0.114046484 0.022420127 0.13757722
 endloop
endfacet
facet normal -0.59180236 0.015257419 0.8059387
 outer loop
  vertex -0.09899747 -0.0038414835 0.15040517
  vertex -0.099879764 0.010798436 0.14948015
  vertex -0.114050075 0.00877081 0.13911325
 endloop
endfacet
facet normal -0.59180236 0.015257386 0.8059387
 outer loop
  vertex -0.113229826 -0.0048397942 0.13997322
  vertex -0.09899747 -0.0038414835 0.15040517
  vertex -0.114050075 0.00877081 0.13911325
 endloop
endfacet
facet normal 0.5965222 0.08636756 0.797936
 outer loop
  vertex 0.11486673 0.008809524 0.13843721
  vertex 0.114046484 0.022420127 0.13757722
  vertex 0.09987591 0.02275182 0.14813498
 endloop
endfacet
facet normal 0.59652245 0.08636793 0.7979358
 outer loop
  vertex 0.100758195 0.008111902 0.14906001
  vertex 0.11486673 0.008809524 0.13843721
  vertex 0.09987591 0.02275182 0.14813498
 endloop
endfacet
facet normal -0.6677219 0.0067925197 0.7443798
 outer loop
  vertex -0.113229826 -0.0048397942 0.13997322
  vertex -0.114050075 0.00877081 0.13911325
  vertex -0.12712201 0.006658701 0.12740676
 endloop
endfacet
facet normal -0.6677213 0.0067937397 0.74438035
 outer loop
  vertex -0.1263717 -0.0057915263 0.12819344
  vertex -0.113229826 -0.0048397942 0.13997322
  vertex -0.12712201 0.006658701 0.12740676
 endloop
endfacet
facet normal 0.5152336 0.08493759 0.8528305
 outer loop
  vertex 0.100758195 0.008111902 0.14906001
  vertex 0.09987591 0.02275182 0.14813498
  vertex 0.08474348 0.022864327 0.15726596
 endloop
endfacet
facet normal 0.5152331 0.08493689 0.8528308
 outer loop
  vertex 0.08567929 0.0073361015 0.15824711
  vertex 0.100758195 0.008111902 0.14906001
  vertex 0.08474348 0.022864327 0.15726596
 endloop
endfacet
facet normal -0.7372366 -0.0017395267 0.6756324
 outer loop
  vertex -0.1263717 -0.0057915263 0.12819344
  vertex -0.12712201 0.006658701 0.12740676
  vertex -0.13896972 0.004482477 0.11447318
 endloop
endfacet
facet normal -0.7372368 -0.0017401342 0.6756322
 outer loop
  vertex -0.13829656 -0.0066874605 0.11517895
  vertex -0.1263717 -0.0057915263 0.12819344
  vertex -0.13896972 0.004482477 0.11447318
 endloop
endfacet
facet normal 0.42901707 0.0826901 0.8995035
 outer loop
  vertex 0.08567929 0.0073361015 0.15824711
  vertex 0.08474348 0.022864327 0.15726596
  vertex 0.068794906 0.022756644 0.16488251
 endloop
endfacet
facet normal 0.4290174 0.0826905 0.8995034
 outer loop
  vertex 0.069775246 0.0064896466 0.16591035
  vertex 0.08567929 0.0073361015 0.15824711
  vertex 0.068794906 0.022756644 0.16488251
 endloop
endfacet
facet normal -0.79966027 -0.010257792 0.6003651
 outer loop
  vertex -0.13829656 -0.0066874605 0.11517895
  vertex -0.13896972 0.004482477 0.11447318
  vertex -0.14947905 0.0022630822 0.10043729
 endloop
endfacet
facet normal -0.79966044 -0.010258634 0.60036474
 outer loop
  vertex -0.14888951 -0.007519003 0.101055376
  vertex -0.13829656 -0.0066874605 0.11517895
  vertex -0.14947905 0.0022630822 0.10043729
 endloop
endfacet
facet normal 0.33868945 0.07964899 0.93752086
 outer loop
  vertex 0.069775246 0.0064896466 0.16591035
  vertex 0.068794906 0.022756644 0.16488251
  vertex 0.0521838 0.022429742 0.17091122
 endloop
endfacet
facet normal 0.33868927 0.07964873 0.93752104
 outer loop
  vertex 0.053199224 0.0055806274 0.17197584
  vertex 0.069775246 0.0064896466 0.16591035
  vertex 0.0521838 0.022429742 0.17091122
 endloop
endfacet
facet normal -0.8543947 -0.01868012 0.5192887
 outer loop
  vertex -0.14888951 -0.007519003 0.101055376
  vertex -0.14947905 0.0022630822 0.10043729
  vertex -0.1585488 2.1799468e-05 0.08543404
 endloop
endfacet
facet normal -0.85439473 -0.018680392 0.5192886
 outer loop
  vertex -0.15804859 -0.008278213 0.08595848
  vertex -0.14888951 -0.007519003 0.101055376
  vertex -0.1585488 2.1799468e-05 0.08543404
 endloop
endfacet
facet normal 0.24511628 0.07584197 0.9665227
 outer loop
  vertex 0.053199224 0.0055806274 0.17197584
  vertex 0.0521838 0.022429742 0.17091122
  vertex 0.03507016 0.021886837 0.17529395
 endloop
endfacet
facet normal 0.24511611 0.07584175 0.96652275
 outer loop
  vertex 0.036110885 0.0046178754 0.17638509
  vertex 0.053199224 0.0055806274 0.17197584
  vertex 0.03507016 0.021886837 0.17529395
 endloop
endfacet
facet normal -0.90089935 -0.02692313 0.43319234
 outer loop
  vertex -0.15804859 -0.008278213 0.08595848
  vertex -0.1585488 2.1799468e-05 0.08543404
  vertex -0.16609167 -0.0022197021 0.069608025
 endloop
endfacet
facet normal -0.9008993 -0.026922645 0.4331925
 outer loop
  vertex -0.1656856 -0.00895771 0.07003376
  vertex -0.15804859 -0.008278213 0.08595848
  vertex -0.16609167 -0.0022197021 0.069608025
 endloop
endfacet
facet normal 0.14919488 0.07130639 0.9862333
 outer loop
  vertex 0.036110885 0.0046178754 0.17638509
  vertex 0.03507016 0.021886837 0.17529395
  vertex 0.017618755 0.021133076 0.17798845
 endloop
endfacet
facet normal 0.14919561 0.071307205 0.9862332
 outer loop
  vertex 0.018674757 0.0036105847 0.17909563
  vertex 0.036110885 0.0046178754 0.17638509
  vertex 0.017618755 0.021133076 0.17798845
 endloop
endfacet
facet normal 0.9877938 0.06836661 0.13996182
 outer loop
  vertex 0.17901346 0.010955175 0.016448008
  vertex 0.17890947 0.012680992 0.016338961
  vertex 0.17632055 0.014484907 0.033729307
 endloop
endfacet
facet normal 0.9877935 0.06837572 0.1399599
 outer loop
  vertex 0.17652757 0.011049895 0.033946346
  vertex 0.17901346 0.010955175 0.016448008
  vertex 0.17632055 0.014484907 0.033729307
 endloop
endfacet
facet normal -0.938722 -0.034906887 0.34290314
 outer loop
  vertex -0.1656856 -0.00895771 0.07003376
  vertex -0.16609167 -0.0022197021 0.069608025
  vertex -0.17203496 -0.00443984 0.053111814
 endloop
endfacet
facet normal -0.9387219 -0.034905497 0.3429035
 outer loop
  vertex -0.17172694 -0.009550966 0.053434763
  vertex -0.1656856 -0.00895771 0.07003376
  vertex -0.17203496 -0.00443984 0.053111814
 endloop
endfacet
facet normal 0.051852155 0.066087306 0.9964657
 outer loop
  vertex 0.018674757 0.0036105847 0.17909563
  vertex 0.017618755 0.021133076 0.17798845
  vertex -2.3281066e-06 0.020175772 0.17896888
 endloop
endfacet
facet normal 0.051851768 0.066086866 0.99646574
 outer loop
  vertex 0.0010587847 0.0025684997 0.1800814
  vertex 0.018674757 0.0036105847 0.17909563
  vertex -2.3281066e-06 0.020175772 0.17896888
 endloop
endfacet
facet normal 0.9059256 0.03912833 0.42162523
 outer loop
  vertex 0.16689812 0.004172591 0.0675589
  vertex 0.16649595 0.010920076 0.06779683
  vertex 0.15904683 0.010696815 0.08382311
 endloop
endfacet
facet normal 0.9059254 0.039126985 0.4216257
 outer loop
  vertex 0.15954222 0.002385132 0.083530016
  vertex 0.16689812 0.004172591 0.0675589
  vertex 0.15904683 0.010696815 0.08382311
 endloop
endfacet
facet normal -0.23372222 -0.04817484 0.9711093
 outer loop
  vertex -0.033003263 -0.016872851 0.17624764
  vertex -0.034033984 0.00042039715 0.17685746
  vertex -0.051172838 -0.0006650109 0.17267871
 endloop
endfacet
facet normal -0.23372148 -0.048173934 0.97110945
 outer loop
  vertex -0.050167173 -0.017537823 0.17208374
  vertex -0.033003263 -0.016872851 0.17624764
  vertex -0.051172838 -0.0006650109 0.17267871
 endloop
endfacet
facet normal 0.86043787 0.033353746 0.5084625
 outer loop
  vertex 0.15954222 0.002385132 0.083530016
  vertex 0.15904683 0.010696815 0.08382311
  vertex 0.15006599 0.010370535 0.0990422
 endloop
endfacet
facet normal 0.8604381 0.03335477 0.50846213
 outer loop
  vertex 0.15064985 0.0005746912 0.098696776
  vertex 0.15954222 0.002385132 0.083530016
  vertex 0.15006599 0.010370535 0.0990422
 endloop
endfacet
facet normal -0.32762998 -0.052791573 0.9433301
 outer loop
  vertex -0.050167173 -0.017537823 0.17208374
  vertex -0.051172838 -0.0006650109 0.17267871
  vertex -0.06781885 -0.0017440268 0.16683696
 endloop
endfacet
facet normal -0.32762963 -0.05279115 0.94333017
 outer loop
  vertex -0.06684793 -0.018033905 0.16626255
  vertex -0.050167173 -0.017537823 0.17208374
  vertex -0.06781885 -0.0017440268 0.16683696
 endloop
endfacet
facet normal 0.8066611 0.027260732 0.59038526
 outer loop
  vertex 0.15064985 0.0005746912 0.098696776
  vertex 0.15006599 0.010370535 0.0990422
  vertex 0.13963993 0.0099442955 0.11330732
 endloop
endfacet
facet normal 0.80666107 0.02726058 0.59038526
 outer loop
  vertex 0.14030662 -0.0012413533 0.112912886
  vertex 0.15064985 0.0005746912 0.098696776
  vertex 0.13963993 0.0099442955 0.11330732
 endloop
endfacet
facet normal -0.41840053 -0.05690188 0.90647846
 outer loop
  vertex -0.06684793 -0.018033905 0.16626255
  vertex -0.06781885 -0.0017440268 0.16683696
  vertex -0.08381173 -0.0028062677 0.1593885
 endloop
endfacet
facet normal -0.418401 -0.05690256 0.9064782
 outer loop
  vertex -0.0828849 -0.018356333 0.15884016
  vertex -0.06684793 -0.018033905 0.16626255
  vertex -0.08381173 -0.0028062677 0.1593885
 endloop
endfacet
facet normal 0.7451283 0.020905785 0.6665934
 outer loop
  vertex 0.14030662 -0.0012413533 0.112912886
  vertex 0.13963993 0.0099442955 0.11330732
  vertex 0.12786905 0.009422274 0.12648135
 endloop
endfacet
facet normal 0.7451279 0.020904722 0.66659385
 outer loop
  vertex 0.12861216 -0.003045464 0.1260417
  vertex 0.14030662 -0.0012413533 0.112912886
  vertex 0.12786905 0.009422274 0.12648135
 endloop
endfacet
facet normal -0.5051583 -0.060466554 0.8609059
 outer loop
  vertex -0.0828849 -0.018356333 0.15884016
  vertex -0.08381173 -0.0028062677 0.1593885
  vertex -0.09899747 -0.0038414835 0.15040517
 endloop
endfacet
facet normal -0.50515765 -0.060465515 0.86090624
 outer loop
  vertex -0.09812367 -0.018501991 0.14988822
  vertex -0.0828849 -0.018356333 0.15884016
  vertex -0.09899747 -0.0038414835 0.15040517
 endloop
endfacet
facet normal 0.67642784 0.014349548 0.7363692
 outer loop
  vertex 0.12861216 -0.003045464 0.1260417
  vertex 0.12786905 0.009422274 0.12648135
  vertex 0.11486673 0.008809524 0.13843721
 endloop
endfacet
facet normal 0.67642874 0.014351597 0.73636824
 outer loop
  vertex 0.11567911 -0.0048202234 0.1379566
  vertex 0.12861216 -0.003045464 0.1260417
  vertex 0.11486673 0.008809524 0.13843721
 endloop
endfacet
facet normal -0.58708507 -0.063449025 0.80703485
 outer loop
  vertex -0.09812367 -0.018501991 0.14988822
  vertex -0.09899747 -0.0038414835 0.15040517
  vertex -0.113229826 -0.0048397942 0.13997322
 endloop
endfacet
facet normal -0.5870853 -0.06344938 0.8070347
 outer loop
  vertex -0.11241745 -0.018469539 0.13949262
  vertex -0.09812367 -0.018501991 0.14988822
  vertex -0.113229826 -0.0048397942 0.13997322
 endloop
endfacet
facet normal 0.6012396 0.0076605235 0.79903203
 outer loop
  vertex 0.11567911 -0.0048202234 0.1379566
  vertex 0.11486673 0.008809524 0.13843721
  vertex 0.100758195 0.008111902 0.14906001
 endloop
endfacet
facet normal 0.6012391 0.0076595065 0.79903245
 outer loop
  vertex 0.101632 -0.0065486073 0.14854304
  vertex 0.11567911 -0.0048202234 0.1379566
  vertex 0.100758195 0.008111902 0.14906001
 endloop
endfacet
facet normal -0.66336906 -0.06582255 0.7453918
 outer loop
  vertex -0.11241745 -0.018469539 0.13949262
  vertex -0.113229826 -0.0048397942 0.13997322
  vertex -0.1263717 -0.0057915263 0.12819344
 endloop
endfacet
facet normal -0.66336954 -0.06582366 0.7453912
 outer loop
  vertex -0.12562859 -0.018259265 0.12775378
  vertex -0.11241745 -0.018469539 0.13949262
  vertex -0.1263717 -0.0057915263 0.12819344
 endloop
endfacet
facet normal 0.52027017 0.0008952315 0.85400134
 outer loop
  vertex 0.101632 -0.0065486073 0.14854304
  vertex 0.100758195 0.008111902 0.14906001
  vertex 0.08567929 0.0073361015 0.15824711
 endloop
endfacet
facet normal 0.52027035 0.0008954999 0.85400116
 outer loop
  vertex 0.08660612 -0.008213965 0.15769878
  vertex 0.101632 -0.0065486073 0.14854304
  vertex 0.08567929 0.0073361015 0.15824711
 endloop
endfacet
facet normal -0.7332918 -0.067563504 0.67654884
 outer loop
  vertex -0.12562859 -0.018259265 0.12775378
  vertex -0.1263717 -0.0057915263 0.12819344
  vertex -0.13829656 -0.0066874605 0.11517895
 endloop
endfacet
facet normal -0.73329157 -0.06756283 0.6765492
 outer loop
  vertex -0.13762987 -0.017873108 0.11478452
  vertex -0.12562859 -0.018259265 0.12775378
  vertex -0.13829656 -0.0066874605 0.11517895
 endloop
endfacet
facet normal 0.4343254 -0.005875084 0.90073687
 outer loop
  vertex 0.08660612 -0.008213965 0.15769878
  vertex 0.08567929 0.0073361015 0.15824711
  vertex 0.069775246 0.0064896466 0.16591035
 endloop
endfacet
facet normal 0.43432516 -0.005875378 0.900737
 outer loop
  vertex 0.07074617 -0.009800225 0.16533592
  vertex 0.08660612 -0.008213965 0.15769878
  vertex 0.069775246 0.0064896466 0.16591035
 endloop
endfacet
facet normal -0.79616076 -0.06865222 0.6011779
 outer loop
  vertex -0.13762987 -0.017873108 0.11478452
  vertex -0.13829656 -0.0066874605 0.11517895
  vertex -0.14888951 -0.007519003 0.101055376
 endloop
endfacet
facet normal -0.7961608 -0.06865206 0.601178
 outer loop
  vertex -0.14830565 -0.017314848 0.10070995
  vertex -0.13762987 -0.017873108 0.11478452
  vertex -0.14888951 -0.007519003 0.101055376
 endloop
endfacet
facet normal 0.34421748 -0.012588482 0.93880546
 outer loop
  vertex 0.07074617 -0.009800225 0.16533592
  vertex 0.069775246 0.0064896466 0.16591035
  vertex 0.053199224 0.0055806274 0.17197584
 endloop
endfacet
facet normal 0.3442178 -0.012588103 0.93880546
 outer loop
  vertex 0.05420489 -0.011292185 0.17138086
  vertex 0.07074617 -0.009800225 0.16533592
  vertex 0.053199224 0.0055806274 0.17197584
 endloop
endfacet
facet normal -0.85137403 -0.069080114 0.5199906
 outer loop
  vertex -0.14830565 -0.017314848 0.10070995
  vertex -0.14888951 -0.007519003 0.101055376
  vertex -0.15804859 -0.008278213 0.08595848
 endloop
endfacet
facet normal -0.8513739 -0.069079295 0.519991
 outer loop
  vertex -0.1575532 -0.016589902 0.08566539
  vertex -0.14830565 -0.017314848 0.10070995
  vertex -0.15804859 -0.008278213 0.08595848
 endloop
endfacet
facet normal 0.250811 -0.019179437 0.967846
 outer loop
  vertex 0.05420489 -0.011292185 0.17138086
  vertex 0.053199224 0.0055806274 0.17197584
  vertex 0.036110885 0.0046178754 0.17638509
 endloop
endfacet
facet normal 0.2508102 -0.01918043 0.9678463
 outer loop
  vertex 0.037141606 -0.012675373 0.17577527
  vertex 0.05420489 -0.011292185 0.17138086
  vertex 0.036110885 0.0046178754 0.17638509
 endloop
endfacet
facet normal -0.89838696 -0.06884124 0.43377626
 outer loop
  vertex -0.1575532 -0.016589902 0.08566539
  vertex -0.15804859 -0.008278213 0.08595848
  vertex -0.1656856 -0.00895771 0.07003376
 endloop
endfacet
facet normal -0.898387 -0.06884178 0.43377602
 outer loop
  vertex -0.16528343 -0.015705194 0.06979583
  vertex -0.1575532 -0.016589902 0.08566539
  vertex -0.1656856 -0.00895771 0.07003376
 endloop
endfacet
facet normal 0.15500298 -0.025586752 0.9875826
 outer loop
  vertex 0.037141606 -0.012675373 0.17577527
  vertex 0.036110885 0.0046178754 0.17638509
  vertex 0.018674757 0.0036105847 0.17909563
 endloop
endfacet
facet normal 0.15500362 -0.025585987 0.98758256
 outer loop
  vertex 0.019720614 -0.013936553 0.17847687
  vertex 0.037141606 -0.012675373 0.17577527
  vertex 0.018674757 0.0036105847 0.17909563
 endloop
endfacet
facet normal 0.988656 0.053986177 0.14016032
 outer loop
  vertex 0.17911647 0.009226932 0.016387064
  vertex 0.17901346 0.010955175 0.016448008
  vertex 0.17652757 0.011049895 0.033946346
 endloop
endfacet
facet normal 0.988656 0.05398453 0.1401605
 outer loop
  vertex 0.1767326 0.007610051 0.03382505
  vertex 0.17911647 0.009226932 0.016387064
  vertex 0.17652757 0.011049895 0.033946346
 endloop
endfacet
facet normal -0.93674207 -0.06793977 0.34336358
 outer loop
  vertex -0.16528343 -0.015705194 0.06979583
  vertex -0.1656856 -0.00895771 0.07003376
  vertex -0.17172694 -0.009550966 0.053434763
 endloop
endfacet
facet normal -0.9367422 -0.06794117 0.34336305
 outer loop
  vertex -0.17142187 -0.014669282 0.05325428
  vertex -0.16528343 -0.015705194 0.06979583
  vertex -0.17172694 -0.009550966 0.053434763
 endloop
endfacet
facet normal 0.057715375 -0.031745914 0.99782825
 outer loop
  vertex 0.019720614 -0.013936553 0.17847687
  vertex 0.018674757 0.0036105847 0.17909563
  vertex 0.0010587847 0.0025684997 0.1800814
 endloop
endfacet
facet normal 0.057715293 -0.031746 0.9978281
 outer loop
  vertex 0.0021097008 -0.015063536 0.17945965
  vertex 0.019720614 -0.013936553 0.17847687
  vertex 0.0010587847 0.0025684997 0.1800814
 endloop
endfacet
facet normal 0.9703508 0.04949361 0.23657903
 outer loop
  vertex 0.1767326 0.007610051 0.03382505
  vertex 0.17652757 0.011049895 0.033946346
  vertex 0.17234164 0.01103814 0.051117785
 endloop
endfacet
facet normal 0.9703508 0.049494196 0.23657891
 outer loop
  vertex 0.17264672 0.0059198258 0.0509373
  vertex 0.1767326 0.007610051 0.03382505
  vertex 0.17234164 0.01103814 0.051117785
 endloop
endfacet
facet normal -0.9660659 -0.0663834 0.24961968
 outer loop
  vertex -0.17142187 -0.014669282 0.05325428
  vertex -0.17172694 -0.009550966 0.053434763
  vertex -0.17611447 -0.010052259 0.036321055
 endloop
endfacet
facet normal -0.9660659 -0.066383004 0.24961974
 outer loop
  vertex -0.17590944 -0.013492102 0.036199752
  vertex -0.17142187 -0.014669282 0.05325428
  vertex -0.17611447 -0.010052259 0.036321055
 endloop
endfacet
facet normal -0.040122792 -0.037600644 0.99848706
 outer loop
  vertex 0.0021097008 -0.015063536 0.17945965
  vertex 0.0010587847 0.0025684997 0.1800814
  vertex -0.016567366 0.0015016912 0.17933294
 endloop
endfacet
facet normal -0.040122718 -0.03760056 0.998487
 outer loop
  vertex -0.01552151 -0.016045447 0.17871419
  vertex 0.0021097008 -0.015063536 0.17945965
  vertex -0.016567366 0.0015016912 0.17933294
 endloop
endfacet
facet normal 0.9426822 0.04452581 0.33070788
 outer loop
  vertex 0.17264672 0.0059198258 0.0509373
  vertex 0.17234164 0.01103814 0.051117785
  vertex 0.16649595 0.010920076 0.06779683
 endloop
endfacet
facet normal 0.9426822 0.044525 0.33070812
 outer loop
  vertex 0.16689812 0.004172591 0.0675589
  vertex 0.17264672 0.0059198258 0.0509373
  vertex 0.16649595 0.010920076 0.06779683
 endloop
endfacet
facet normal -0.9860684 -0.06418424 0.1534583
 outer loop
  vertex -0.17590944 -0.013492102 0.036199752
  vertex -0.17611447 -0.010052259 0.036321055
  vertex -0.17880592 -0.010456785 0.018857578
 endloop
endfacet
facet normal -0.98606837 -0.06418562 0.15345807
 outer loop
  vertex -0.1787029 -0.012185028 0.018796638
  vertex -0.17590944 -0.013492102 0.036199752
  vertex -0.17880592 -0.010456785 0.018857578
 endloop
endfacet
facet normal -0.13757823 -0.043094132 0.989553
 outer loop
  vertex -0.01552151 -0.016045447 0.17871419
  vertex -0.016567366 0.0015016912 0.17933294
  vertex -0.034033984 0.00042039715 0.17685746
 endloop
endfacet
facet normal -0.13757883 -0.043094832 0.98955286
 outer loop
  vertex -0.033003263 -0.016872851 0.17624764
  vertex -0.01552151 -0.016045447 0.17871419
  vertex -0.034033984 0.00042039715 0.17685746
 endloop
endfacet
facet normal 0.81011033 -0.030934442 0.5854607
 outer loop
  vertex 0.15122241 -0.009140566 0.09739118
  vertex 0.15064985 0.0005746912 0.098696776
  vertex 0.14030662 -0.0012413533 0.112912886
 endloop
endfacet
facet normal 0.81011087 -0.030932808 0.58546025
 outer loop
  vertex 0.14096044 -0.012334986 0.111422054
  vertex 0.15122241 -0.009140566 0.09739118
  vertex 0.14030662 -0.0012413533 0.112912886
 endloop
endfacet
facet normal -0.4131697 -0.1451647 0.8990094
 outer loop
  vertex -0.06589578 -0.034189787 0.16409142
  vertex -0.06684793 -0.018033905 0.16626255
  vertex -0.0828849 -0.018356333 0.15884016
 endloop
endfacet
facet normal -0.4131698 -0.14516479 0.89900935
 outer loop
  vertex -0.081976 -0.033778485 0.15676764
  vertex -0.06589578 -0.034189787 0.16409142
  vertex -0.0828849 -0.018356333 0.15884016
 endloop
endfacet
facet normal 0.7490158 -0.04469082 0.66104305
 outer loop
  vertex 0.14096044 -0.012334986 0.111422054
  vertex 0.14030662 -0.0012413533 0.112912886
  vertex 0.12861216 -0.003045464 0.1260417
 endloop
endfacet
facet normal 0.74901575 -0.044691097 0.6610432
 outer loop
  vertex 0.1293409 -0.015410644 0.12438
  vertex 0.14096044 -0.012334986 0.111422054
  vertex 0.12861216 -0.003045464 0.1260417
 endloop
endfacet
facet normal -0.5001936 -0.14422055 0.8538189
 outer loop
  vertex -0.081976 -0.033778485 0.15676764
  vertex -0.0828849 -0.018356333 0.15884016
  vertex -0.09812367 -0.018501991 0.14988822
 endloop
endfacet
facet normal -0.50019324 -0.14422007 0.85381925
 outer loop
  vertex -0.09726676 -0.033041902 0.14793426
  vertex -0.081976 -0.033778485 0.15676764
  vertex -0.09812367 -0.018501991 0.14988822
 endloop
endfacet
facet normal 0.680718 -0.058015883 0.7302446
 outer loop
  vertex 0.1293409 -0.015410644 0.12438
  vertex 0.12861216 -0.003045464 0.1260417
  vertex 0.11567911 -0.0048202234 0.1379566
 endloop
endfacet
facet normal 0.6807176 -0.058016993 0.73024493
 outer loop
  vertex 0.11647577 -0.018337851 0.13614002
  vertex 0.1293409 -0.015410644 0.12438
  vertex 0.11567911 -0.0048202234 0.1379566
 endloop
endfacet
facet normal -0.5824362 -0.14188789 0.8003974
 outer loop
  vertex -0.09726676 -0.033041902 0.14793426
  vertex -0.09812367 -0.018501991 0.14988822
  vertex -0.11241745 -0.018469539 0.13949262
 endloop
endfacet
facet normal -0.58243597 -0.14188749 0.8003976
 outer loop
  vertex -0.11162079 -0.031987168 0.13767605
  vertex -0.09726676 -0.033041902 0.14793426
  vertex -0.11241745 -0.018469539 0.13949262
 endloop
endfacet
facet normal 0.6058881 -0.070779145 0.792395
 outer loop
  vertex 0.11647577 -0.018337851 0.13614002
  vertex 0.11567911 -0.0048202234 0.1379566
  vertex 0.101632 -0.0065486073 0.14854304
 endloop
endfacet
facet normal 0.605888 -0.07077936 0.7923951
 outer loop
  vertex 0.10248891 -0.021088518 0.14658907
  vertex 0.11647577 -0.018337851 0.13614002
  vertex 0.101632 -0.0065486073 0.14854304
 endloop
endfacet
facet normal -0.65908027 -0.13818958 0.7392677
 outer loop
  vertex -0.11162079 -0.031987168 0.13767605
  vertex -0.11241745 -0.018469539 0.13949262
  vertex -0.12562859 -0.018259265 0.12775378
 endloop
endfacet
facet normal -0.65908056 -0.1381902 0.73926735
 outer loop
  vertex -0.12489984 -0.030624446 0.12609208
  vertex -0.11162079 -0.031987168 0.13767605
  vertex -0.12562859 -0.018259265 0.12775378
 endloop
endfacet
facet normal 0.5252346 -0.08285933 0.8469138
 outer loop
  vertex 0.10248891 -0.021088518 0.14658907
  vertex 0.101632 -0.0065486073 0.14854304
  vertex 0.08660612 -0.008213965 0.15769878
 endloop
endfacet
facet normal 0.5252347 -0.08285908 0.84691375
 outer loop
  vertex 0.08751503 -0.023636114 0.15562625
  vertex 0.10248891 -0.021088518 0.14658907
  vertex 0.08660612 -0.008213965 0.15769878
 endloop
endfacet
facet normal -0.7294036 -0.13316035 0.6709983
 outer loop
  vertex -0.12489984 -0.030624446 0.12609208
  vertex -0.12562859 -0.018259265 0.12775378
  vertex -0.13762987 -0.017873108 0.11478452
 endloop
endfacet
facet normal -0.729404 -0.13316129 0.67099774
 outer loop
  vertex -0.13697605 -0.028966742 0.113293685
  vertex -0.12489984 -0.030624446 0.12609208
  vertex -0.13762987 -0.017873108 0.11478452
 endloop
endfacet
facet normal 0.43955645 -0.09413792 0.8932682
 outer loop
  vertex 0.08751503 -0.023636114 0.15562625
  vertex 0.08660612 -0.008213965 0.15769878
  vertex 0.07074617 -0.009800225 0.16533592
 endloop
endfacet
facet normal 0.4395565 -0.09413782 0.8932682
 outer loop
  vertex 0.071698315 -0.025956098 0.1631648
  vertex 0.08751503 -0.023636114 0.15562625
  vertex 0.07074617 -0.009800225 0.16533592
 endloop
endfacet
facet normal -0.7927115 -0.12684776 0.5962534
 outer loop
  vertex -0.13697605 -0.028966742 0.113293685
  vertex -0.13762987 -0.017873108 0.11478452
  vertex -0.14830565 -0.017314848 0.10070995
 endloop
endfacet
facet normal -0.79271096 -0.12684621 0.59625435
 outer loop
  vertex -0.14773309 -0.027030103 0.09940436
  vertex -0.13697605 -0.028966742 0.113293685
  vertex -0.14830565 -0.017314848 0.10070995
 endloop
endfacet
facet normal 0.34966615 -0.104509756 0.93102705
 outer loop
  vertex 0.071698315 -0.025956098 0.1631648
  vertex 0.07074617 -0.009800225 0.16533592
  vertex 0.05420489 -0.011292185 0.17138086
 endloop
endfacet
facet normal 0.34966552 -0.10451056 0.9310272
 outer loop
  vertex 0.05519111 -0.028026205 0.16913202
  vertex 0.071698315 -0.025956098 0.1631648
  vertex 0.05420489 -0.011292185 0.17138086
 endloop
endfacet
facet normal -0.84839684 -0.11930808 0.5157407
 outer loop
  vertex -0.14773309 -0.027030103 0.09940436
  vertex -0.14830565 -0.017314848 0.10070995
  vertex -0.1575532 -0.016589902 0.08566539
 endloop
endfacet
facet normal -0.848397 -0.11930906 0.5157401
 outer loop
  vertex -0.15706737 -0.024833214 0.0845576
  vertex -0.14773309 -0.027030103 0.09940436
  vertex -0.1575532 -0.016589902 0.08566539
 endloop
endfacet
facet normal 0.25642282 -0.113876976 0.95983297
 outer loop
  vertex 0.05519111 -0.028026205 0.16913202
  vertex 0.05420489 -0.011292185 0.17138086
  vertex 0.037141606 -0.012675373 0.17577527
 endloop
endfacet
facet normal 0.25642392 -0.113875665 0.9598329
 outer loop
  vertex 0.038152404 -0.029826362 0.17347042
  vertex 0.05519111 -0.028026205 0.16913202
  vertex 0.037141606 -0.012675373 0.17577527
 endloop
endfacet
facet normal -0.8959108 -0.11061937 0.4302408
 outer loop
  vertex -0.15706737 -0.024833214 0.0845576
  vertex -0.1575532 -0.016589902 0.08566539
  vertex -0.16528343 -0.015705194 0.06979583
 endloop
endfacet
facet normal -0.89591074 -0.11061898 0.43024105
 outer loop
  vertex -0.16488904 -0.022397172 0.06889652
  vertex -0.15706737 -0.024833214 0.0845576
  vertex -0.16528343 -0.015705194 0.06979583
 endloop
endfacet
facet normal 0.16072692 -0.12214666 0.97941154
 outer loop
  vertex 0.038152404 -0.029826362 0.17347042
  vertex 0.037141606 -0.012675373 0.17577527
  vertex 0.019720614 -0.013936553 0.17847687
 endloop
endfacet
facet normal 0.16072528 -0.12214863 0.97941166
 outer loop
  vertex 0.02074625 -0.031339336 0.17613815
  vertex 0.038152404 -0.029826362 0.17347042
  vertex 0.019720614 -0.013936553 0.17847687
 endloop
endfacet
facet normal 0.9895061 0.039643265 0.13894697
 outer loop
  vertex 0.17921749 0.007512906 0.016156722
  vertex 0.17911647 0.009226932 0.016387064
  vertex 0.1767326 0.007610051 0.03382505
 endloop
endfacet
facet normal 0.98950595 0.039644387 0.13894694
 outer loop
  vertex 0.17693366 0.0041985037 0.033366583
  vertex 0.17921749 0.007512906 0.016156722
  vertex 0.1767326 0.007610051 0.03382505
 endloop
endfacet
facet normal -0.93479097 -0.100860715 0.34057742
 outer loop
  vertex -0.16488904 -0.022397172 0.06889652
  vertex -0.16528343 -0.015705194 0.06979583
  vertex -0.17142187 -0.014669282 0.05325428
 endloop
endfacet
facet normal -0.93479085 -0.10085923 0.3405781
 outer loop
  vertex -0.17112271 -0.019745495 0.0525721
  vertex -0.16488904 -0.022397172 0.06889652
  vertex -0.17142187 -0.014669282 0.05325428
 endloop
endfacet
facet normal 0.06349419 -0.12924516 0.9895778
 outer loop
  vertex 0.02074625 -0.031339336 0.17613815
  vertex 0.019720614 -0.013936553 0.17847687
  vertex 0.0021097008 -0.015063536 0.17945965
 endloop
endfacet
facet normal 0.06349532 -0.12924388 0.98957783
 outer loop
  vertex 0.003140299 -0.03255053 0.17710963
  vertex 0.02074625 -0.031339336 0.17613815
  vertex 0.0021097008 -0.015063536 0.17945965
 endloop
endfacet
facet normal 0.9717583 0.025747996 0.23456948
 outer loop
  vertex 0.17693366 0.0041985037 0.033366583
  vertex 0.1767326 0.007610051 0.03382505
  vertex 0.17264672 0.0059198258 0.0509373
 endloop
endfacet
facet normal 0.97175825 0.025745425 0.23456971
 outer loop
  vertex 0.17294587 0.0008436134 0.050255124
  vertex 0.17693366 0.0041985037 0.033366583
  vertex 0.17264672 0.0059198258 0.0509373
 endloop
endfacet
facet normal -0.9646586 -0.09012583 0.24761064
 outer loop
  vertex -0.17112271 -0.019745495 0.0525721
  vertex -0.17142187 -0.014669282 0.05325428
  vertex -0.17590944 -0.013492102 0.036199752
 endloop
endfacet
facet normal -0.9646586 -0.09012833 0.24760972
 outer loop
  vertex -0.17570838 -0.016903648 0.035741284
  vertex -0.17112271 -0.019745495 0.0525721
  vertex -0.17590944 -0.013492102 0.036199752
 endloop
endfacet
facet normal -0.034344066 -0.1350986 0.99023676
 outer loop
  vertex 0.003140299 -0.03255053 0.17710963
  vertex 0.0021097008 -0.015063536 0.17945965
  vertex -0.01552151 -0.016045447 0.17871419
 endloop
endfacet
facet normal -0.0343452 -0.13509987 0.9902365
 outer loop
  vertex -0.014495874 -0.03344823 0.17637546
  vertex 0.003140299 -0.03255053 0.17710963
  vertex -0.01552151 -0.016045447 0.17871419
 endloop
endfacet
facet normal 0.94463354 0.011601598 0.32792214
 outer loop
  vertex 0.17294587 0.0008436134 0.050255124
  vertex 0.17264672 0.0059198258 0.0509373
  vertex 0.16689812 0.004172591 0.0675589
 endloop
endfacet
facet normal 0.9446336 0.01160316 0.32792184
 outer loop
  vertex 0.1672925 -0.0025193868 0.066659585
  vertex 0.17294587 0.0008436134 0.050255124
  vertex 0.16689812 0.004172591 0.0675589
 endloop
endfacet
facet normal -0.9852185 -0.07852413 0.15224475
 outer loop
  vertex -0.17570838 -0.016903648 0.035741284
  vertex -0.17590944 -0.013492102 0.036199752
  vertex -0.1787029 -0.012185028 0.018796638
 endloop
endfacet
facet normal -0.98521864 -0.07852304 0.15224506
 outer loop
  vertex -0.17860189 -0.013899054 0.018566294
  vertex -0.17570838 -0.016903648 0.035741284
  vertex -0.1787029 -0.012185028 0.018796638
 endloop
endfacet
facet normal -0.13185573 -0.13965671 0.9813817
 outer loop
  vertex -0.014495874 -0.03344823 0.17637546
  vertex -0.01552151 -0.016045447 0.17871419
  vertex -0.033003263 -0.016872851 0.17624764
 endloop
endfacet
facet normal -0.13185407 -0.13965484 0.98138225
 outer loop
  vertex -0.031992465 -0.03402384 0.17394279
  vertex -0.014495874 -0.03344823 0.17637546
  vertex -0.033003263 -0.016872851 0.17624764
 endloop
endfacet
facet normal 0.9084015 -0.0026496623 0.41809052
 outer loop
  vertex 0.1672925 -0.0025193868 0.066659585
  vertex 0.16689812 0.004172591 0.0675589
  vertex 0.15954222 0.002385132 0.083530016
 endloop
endfacet
facet normal 0.9084016 -0.0026486432 0.41809034
 outer loop
  vertex 0.16002804 -0.0058581783 0.08242223
  vertex 0.1672925 -0.0025193868 0.066659585
  vertex 0.15954222 0.002385132 0.083530016
 endloop
endfacet
facet normal -0.22810873 -0.14287026 0.96309626
 outer loop
  vertex -0.031992465 -0.03402384 0.17394279
  vertex -0.033003263 -0.016872851 0.17624764
  vertex -0.050167173 -0.017537823 0.17208374
 endloop
endfacet
facet normal -0.2281098 -0.14287148 0.9630959
 outer loop
  vertex -0.04918095 -0.03427184 0.1698349
  vertex -0.031992465 -0.03402384 0.17394279
  vertex -0.050167173 -0.017537823 0.17208374
 endloop
endfacet
facet normal 0.8634151 -0.01687357 0.50421184
 outer loop
  vertex 0.16002804 -0.0058581783 0.08242223
  vertex 0.15954222 0.002385132 0.083530016
  vertex 0.15064985 0.0005746912 0.098696776
 endloop
endfacet
facet normal 0.86341506 -0.016874233 0.5042121
 outer loop
  vertex 0.15122241 -0.009140566 0.09739118
  vertex 0.16002804 -0.0058581783 0.08242223
  vertex 0.15064985 0.0005746912 0.098696776
 endloop
endfacet
facet normal -0.32218134 -0.14471404 0.9355517
 outer loop
  vertex -0.04918095 -0.03427184 0.1698349
  vertex -0.050167173 -0.017537823 0.17208374
  vertex -0.06684793 -0.018033905 0.16626255
 endloop
endfacet
facet normal -0.32218057 -0.1447131 0.9355521
 outer loop
  vertex -0.06589578 -0.034189787 0.16409142
  vertex -0.04918095 -0.03427184 0.1698349
  vertex -0.06684793 -0.018033905 0.16626255
 endloop
endfacet
facet normal -0.31686464 -0.23543605 0.91878545
 outer loop
  vertex -0.04822367 -0.050705895 0.16595386
  vertex -0.04918095 -0.03427184 0.1698349
  vertex -0.06589578 -0.034189787 0.16409142
 endloop
endfacet
facet normal -0.31686467 -0.23543611 0.9187854
 outer loop
  vertex -0.06497157 -0.050056078 0.16034447
  vertex -0.04822367 -0.050705895 0.16595386
  vertex -0.06589578 -0.034189787 0.16409142
 endloop
endfacet
facet normal 0.8134765 -0.08836898 0.57484525
 outer loop
  vertex 0.15177818 -0.018681688 0.095137976
  vertex 0.15122241 -0.009140566 0.09739118
  vertex 0.14096044 -0.012334986 0.111422054
 endloop
endfacet
facet normal 0.813476 -0.0883704 0.5748455
 outer loop
  vertex 0.14159505 -0.023229765 0.10884916
  vertex 0.15177818 -0.018681688 0.095137976
  vertex 0.14096044 -0.012334986 0.111422054
 endloop
endfacet
facet normal -0.4080655 -0.23227629 0.88291013
 outer loop
  vertex -0.06497157 -0.050056078 0.16034447
  vertex -0.06589578 -0.034189787 0.16409142
  vertex -0.081976 -0.033778485 0.15676764
 endloop
endfacet
facet normal -0.40806556 -0.23227635 0.88291
 outer loop
  vertex -0.08109376 -0.048924197 0.15319085
  vertex -0.06497157 -0.050056078 0.16034447
  vertex -0.081976 -0.033778485 0.15676764
 endloop
endfacet
facet normal 0.7528094 -0.10943474 0.6490778
 outer loop
  vertex 0.14159505 -0.023229765 0.10884916
  vertex 0.14096044 -0.012334986 0.111422054
  vertex 0.1293409 -0.015410644 0.12438
 endloop
endfacet
facet normal 0.75280976 -0.10943404 0.6490776
 outer loop
  vertex 0.13004826 -0.027554177 0.121512204
  vertex 0.14159505 -0.023229765 0.10884916
  vertex 0.1293409 -0.015410644 0.12438
 endloop
endfacet
facet normal -0.49534976 -0.22688282 0.8385421
 outer loop
  vertex -0.08109376 -0.048924197 0.15319085
  vertex -0.081976 -0.033778485 0.15676764
  vertex -0.09726676 -0.033041902 0.14793426
 endloop
endfacet
facet normal -0.49534997 -0.22688307 0.8385419
 outer loop
  vertex -0.096434996 -0.04732119 0.14456208
  vertex -0.08109376 -0.048924197 0.15319085
  vertex -0.09726676 -0.033041902 0.14793426
 endloop
endfacet
facet normal 0.6849026 -0.1294407 0.717045
 outer loop
  vertex 0.13004826 -0.027554177 0.121512204
  vertex 0.1293409 -0.015410644 0.12438
  vertex 0.11647577 -0.018337851 0.13614002
 endloop
endfacet
facet normal 0.6849024 -0.12944089 0.71704507
 outer loop
  vertex 0.11724906 -0.03161318 0.13300493
  vertex 0.13004826 -0.027554177 0.121512204
  vertex 0.11647577 -0.018337851 0.13614002
 endloop
endfacet
facet normal -0.5778996 -0.2193046 0.78608996
 outer loop
  vertex -0.096434996 -0.04732119 0.14456208
  vertex -0.09726676 -0.033041902 0.14793426
  vertex -0.11162079 -0.031987168 0.13767605
 endloop
endfacet
facet normal -0.5778997 -0.21930471 0.78609
 outer loop
  vertex -0.1108475 -0.045262497 0.13454096
  vertex -0.096434996 -0.04732119 0.14456208
  vertex -0.11162079 -0.031987168 0.13767605
 endloop
endfacet
facet normal 0.6104241 -0.14819504 0.7780878
 outer loop
  vertex 0.11724906 -0.03161318 0.13300493
  vertex 0.11647577 -0.018337851 0.13614002
  vertex 0.10248891 -0.021088518 0.14658907
 endloop
endfacet
facet normal 0.61042446 -0.14819445 0.7780876
 outer loop
  vertex 0.10332067 -0.035367806 0.14321691
  vertex 0.11724906 -0.03161318 0.13300493
  vertex 0.10248891 -0.021088518 0.14658907
 endloop
endfacet
facet normal -0.65489537 -0.20961481 0.7260673
 outer loop
  vertex -0.1108475 -0.045262497 0.13454096
  vertex -0.11162079 -0.031987168 0.13767605
  vertex -0.12489984 -0.030624446 0.12609208
 endloop
endfacet
facet normal -0.6548953 -0.20961474 0.7260674
 outer loop
  vertex -0.12419248 -0.04276798 0.12322427
  vertex -0.1108475 -0.045262497 0.13454096
  vertex -0.12489984 -0.030624446 0.12609208
 endloop
endfacet
facet normal 0.53007835 -0.16552061 0.83163685
 outer loop
  vertex 0.10332067 -0.035367806 0.14321691
  vertex 0.10248891 -0.021088518 0.14658907
  vertex 0.08751503 -0.023636114 0.15562625
 endloop
endfacet
facet normal 0.5300781 -0.16552089 0.8316369
 outer loop
  vertex 0.088397264 -0.03878182 0.15204947
  vertex 0.10332067 -0.035367806 0.14321691
  vertex 0.08751503 -0.023636114 0.15562625
 endloop
endfacet
facet normal -0.7256105 -0.19790302 0.6590326
 outer loop
  vertex -0.12419248 -0.04276798 0.12322427
  vertex -0.12489984 -0.030624446 0.12609208
  vertex -0.13697605 -0.028966742 0.113293685
 endloop
endfacet
facet normal -0.72561014 -0.19790234 0.6590331
 outer loop
  vertex -0.13634144 -0.039861523 0.11072079
  vertex -0.12419248 -0.04276798 0.12322427
  vertex -0.13697605 -0.028966742 0.113293685
 endloop
endfacet
facet normal 0.4446608 -0.18124928 0.8771691
 outer loop
  vertex 0.088397264 -0.03878182 0.15204947
  vertex 0.08751503 -0.023636114 0.15562625
  vertex 0.071698315 -0.025956098 0.1631648
 endloop
endfacet
facet normal 0.44466123 -0.18124865 0.87716895
 outer loop
  vertex 0.07262252 -0.041822378 0.15941785
  vertex 0.088397264 -0.03878182 0.15204947
  vertex 0.071698315 -0.025956098 0.1631648
 endloop
endfacet
facet normal -0.7893456 -0.18428232 0.5856394
 outer loop
  vertex -0.13634144 -0.039861523 0.11072079
  vertex -0.13697605 -0.028966742 0.113293685
  vertex -0.14773309 -0.027030103 0.09940436
 endloop
endfacet
facet normal -0.78934556 -0.18428211 0.5856395
 outer loop
  vertex -0.14717732 -0.036571227 0.09715115
  vertex -0.13634144 -0.039861523 0.11072079
  vertex -0.14773309 -0.027030103 0.09940436
 endloop
endfacet
facet normal 0.3549816 -0.19523193 0.91426057
 outer loop
  vertex 0.07262252 -0.041822378 0.15941785
  vertex 0.071698315 -0.025956098 0.1631648
  vertex 0.05519111 -0.028026205 0.16913202
 endloop
endfacet
facet normal 0.35498184 -0.19523168 0.9142607
 outer loop
  vertex 0.05614839 -0.044460263 0.165251
  vertex 0.07262252 -0.041822378 0.15941785
  vertex 0.05519111 -0.028026205 0.16913202
 endloop
endfacet
facet normal -0.84549224 -0.1688819 0.5065785
 outer loop
  vertex -0.14717732 -0.036571227 0.09715115
  vertex -0.14773309 -0.027030103 0.09940436
  vertex -0.15706737 -0.024833214 0.0845576
 endloop
endfacet
facet normal -0.8454923 -0.1688822 0.50657827
 outer loop
  vertex -0.15659581 -0.032928772 0.08264577
  vertex -0.14717732 -0.036571227 0.09715115
  vertex -0.15706737 -0.024833214 0.0845576
 endloop
endfacet
facet normal 0.26190016 -0.20733678 0.9425602
 outer loop
  vertex 0.05614839 -0.044460263 0.165251
  vertex 0.05519111 -0.028026205 0.16913202
  vertex 0.038152404 -0.029826362 0.17347042
 endloop
endfacet
facet normal 0.2618994 -0.20733777 0.9425602
 outer loop
  vertex 0.039133538 -0.046669923 0.16949268
  vertex 0.05614839 -0.044460263 0.165251
  vertex 0.038152404 -0.029826362 0.17347042
 endloop
endfacet
facet normal -0.8934948 -0.15185106 0.4226209
 outer loop
  vertex -0.15659581 -0.032928772 0.08264577
  vertex -0.15706737 -0.024833214 0.0845576
  vertex -0.16488904 -0.022397172 0.06889652
 endloop
endfacet
facet normal -0.89349484 -0.15185162 0.4226205
 outer loop
  vertex -0.16450621 -0.028969198 0.06734449
  vertex -0.15659581 -0.032928772 0.08264577
  vertex -0.16488904 -0.022397172 0.06889652
 endloop
endfacet
facet normal 0.16630955 -0.2174492 0.9617988
 outer loop
  vertex 0.039133538 -0.046669923 0.16949268
  vertex 0.038152404 -0.029826362 0.17347042
  vertex 0.02074625 -0.031339336 0.17613815
 endloop
endfacet
facet normal 0.16631038 -0.21744825 0.96179885
 outer loop
  vertex 0.021741789 -0.048430186 0.17210202
  vertex 0.039133538 -0.046669923 0.16949268
  vertex 0.02074625 -0.031339336 0.17613815
 endloop
endfacet
facet normal 0.99033535 0.025489751 0.13633099
 outer loop
  vertex 0.17931554 0.005829604 0.015759196
  vertex 0.17921749 0.007512906 0.016156722
  vertex 0.17693366 0.0041985037 0.033366583
 endloop
endfacet
facet normal 0.9903353 0.02549137 0.13633111
 outer loop
  vertex 0.17712882 0.000848108 0.03257536
  vertex 0.17931554 0.005829604 0.015759196
  vertex 0.17693366 0.0041985037 0.033366583
 endloop
endfacet
facet normal -0.9328869 -0.13335313 0.33457285
 outer loop
  vertex -0.16450621 -0.028969198 0.06734449
  vertex -0.16488904 -0.022397172 0.06889652
  vertex -0.17112271 -0.019745495 0.0525721
 endloop
endfacet
facet normal -0.9328869 -0.13335352 0.3345726
 outer loop
  vertex -0.17083232 -0.024730716 0.0513948
  vertex -0.16450621 -0.028969198 0.06734449
  vertex -0.17112271 -0.019745495 0.0525721
 endloop
endfacet
facet normal 0.06913382 -0.22546926 0.97179437
 outer loop
  vertex 0.021741789 -0.048430186 0.17210202
  vertex 0.02074625 -0.031339336 0.17613815
  vertex 0.003140299 -0.03255053 0.17710963
 endloop
endfacet
facet normal 0.06913352 -0.22546959 0.97179425
 outer loop
  vertex 0.004140655 -0.049724076 0.17305396
  vertex 0.021741789 -0.048430186 0.17210202
  vertex 0.003140299 -0.03255053 0.17710963
 endloop
endfacet
facet normal 0.97313136 0.0023121818 0.23023896
 outer loop
  vertex 0.17712882 0.000848108 0.03257536
  vertex 0.17693366 0.0041985037 0.033366583
  vertex 0.17294587 0.0008436134 0.050255124
 endloop
endfacet
facet normal 0.9731314 0.0023128456 0.23023897
 outer loop
  vertex 0.17323627 -0.0041416073 0.04907782
  vertex 0.17712882 0.000848108 0.03257536
  vertex 0.17294587 0.0008436134 0.050255124
 endloop
endfacet
facet normal -0.9632854 -0.11356444 0.24327841
 outer loop
  vertex -0.17083232 -0.024730716 0.0513948
  vertex -0.17112271 -0.019745495 0.0525721
  vertex -0.17570838 -0.016903648 0.035741284
 endloop
endfacet
facet normal -0.9632853 -0.11356379 0.2432787
 outer loop
  vertex -0.17551322 -0.020254042 0.03495006
  vertex -0.17083232 -0.024730716 0.0513948
  vertex -0.17570838 -0.016903648 0.035741284
 endloop
endfacet
facet normal -0.028706962 -0.23132437 0.97245306
 outer loop
  vertex 0.004140655 -0.049724076 0.17305396
  vertex 0.003140299 -0.03255053 0.17710963
  vertex -0.014495874 -0.03344823 0.17637546
 endloop
endfacet
facet normal -0.028706668 -0.23132405 0.9724531
 outer loop
  vertex -0.013500336 -0.05053908 0.17233934
  vertex 0.004140655 -0.049724076 0.17305396
  vertex -0.014495874 -0.03344823 0.17637546
 endloop
endfacet
facet normal 0.9465374 -0.020886894 0.32191733
 outer loop
  vertex 0.17323627 -0.0041416073 0.04907782
  vertex 0.17294587 0.0008436134 0.050255124
  vertex 0.1672925 -0.0025193868 0.066659585
 endloop
endfacet
facet normal 0.9465374 -0.020886503 0.32191727
 outer loop
  vertex 0.16767533 -0.0090914145 0.065107554
  vertex 0.17323627 -0.0041416073 0.04907782
  vertex 0.1672925 -0.0025193868 0.066659585
 endloop
endfacet
facet normal -0.9843892 -0.09267698 0.14962922
 outer loop
  vertex -0.17551322 -0.020254042 0.03495006
  vertex -0.17570838 -0.016903648 0.035741284
  vertex -0.17860189 -0.013899054 0.018566294
 endloop
endfacet
facet normal -0.9843891 -0.09267542 0.14962988
 outer loop
  vertex -0.17850384 -0.015582357 0.018168768
  vertex -0.17551322 -0.020254042 0.03495006
  vertex -0.17860189 -0.013899054 0.018566294
 endloop
endfacet
facet normal -0.12626995 -0.23495634 0.9637694
 outer loop
  vertex -0.013500336 -0.05053908 0.17233934
  vertex -0.014495874 -0.03344823 0.17637546
  vertex -0.031992465 -0.03402384 0.17394279
 endloop
endfacet
facet normal -0.1262708 -0.23495725 0.9637691
 outer loop
  vertex -0.031011332 -0.0508674 0.16996504
  vertex -0.013500336 -0.05053908 0.17233934
  vertex -0.031992465 -0.03402384 0.17394279
 endloop
endfacet
facet normal 0.9108176 -0.043879624 0.41047037
 outer loop
  vertex 0.16767533 -0.0090914145 0.065107554
  vertex 0.1672925 -0.0025193868 0.066659585
  vertex 0.16002804 -0.0058581783 0.08242223
 endloop
endfacet
facet normal 0.9108174 -0.043881457 0.41047063
 outer loop
  vertex 0.1604996 -0.0139537295 0.08051039
  vertex 0.16767533 -0.0090914145 0.065107554
  vertex 0.16002804 -0.0058581783 0.08242223
 endloop
endfacet
facet normal -0.22263335 -0.2363323 0.9458232
 outer loop
  vertex -0.031011332 -0.0508674 0.16996504
  vertex -0.031992465 -0.03402384 0.17394279
  vertex -0.04918095 -0.03427184 0.1698349
 endloop
endfacet
facet normal -0.2226333 -0.2363323 0.9458232
 outer loop
  vertex -0.04822367 -0.050705895 0.16595386
  vertex -0.031011332 -0.0508674 0.16996504
  vertex -0.04918095 -0.03427184 0.1698349
 endloop
endfacet
facet normal 0.8663197 -0.06644767 0.49505037
 outer loop
  vertex 0.1604996 -0.0139537295 0.08051039
  vertex 0.16002804 -0.0058581783 0.08242223
  vertex 0.15122241 -0.009140566 0.09739118
 endloop
endfacet
facet normal 0.8663199 -0.06644671 0.49505013
 outer loop
  vertex 0.15177818 -0.018681688 0.095137976
  vertex 0.1604996 -0.0139537295 0.08051039
  vertex 0.15122241 -0.009140566 0.09739118
 endloop
endfacet
facet normal -0.49067378 -0.30765405 0.81522286
 outer loop
  vertex -0.080246694 -0.063647605 0.14814427
  vertex -0.08109376 -0.048924197 0.15319085
  vertex -0.096434996 -0.04732119 0.14456208
 endloop
endfacet
facet normal -0.49067324 -0.3076534 0.8152234
 outer loop
  vertex -0.09563638 -0.061202336 0.13980421
  vertex -0.080246694 -0.063647605 0.14814427
  vertex -0.096434996 -0.04732119 0.14456208
 endloop
endfacet
facet normal 0.6889429 -0.19923054 0.69689655
 outer loop
  vertex 0.13072743 -0.039359115 0.117465965
  vertex 0.13004826 -0.027554177 0.121512204
  vertex 0.11724906 -0.03161318 0.13300493
 endloop
endfacet
facet normal 0.68894255 -0.19923156 0.6968967
 outer loop
  vertex 0.117991515 -0.04451835 0.12858157
  vertex 0.13072743 -0.039359115 0.117465965
  vertex 0.11724906 -0.03161318 0.13300493
 endloop
endfacet
facet normal -0.5735201 -0.2949487 0.7642513
 outer loop
  vertex -0.09563638 -0.061202336 0.13980421
  vertex -0.096434996 -0.04732119 0.14456208
  vertex -0.1108475 -0.045262497 0.13454096
 endloop
endfacet
facet normal -0.5735206 -0.29494926 0.7642507
 outer loop
  vertex -0.110105045 -0.05816768 0.1301176
  vertex -0.09563638 -0.061202336 0.13980421
  vertex -0.1108475 -0.045262497 0.13454096
 endloop
endfacet
facet normal 0.61480397 -0.22384024 0.7562484
 outer loop
  vertex 0.117991515 -0.04451835 0.12858157
  vertex 0.11724906 -0.03161318 0.13300493
  vertex 0.10332067 -0.035367806 0.14321691
 endloop
endfacet
facet normal 0.61480427 -0.22383961 0.7562483
 outer loop
  vertex 0.104119286 -0.049248945 0.13845903
  vertex 0.117991515 -0.04451835 0.12858157
  vertex 0.10332067 -0.035367806 0.14321691
 endloop
endfacet
facet normal -0.6508546 -0.27940467 0.7059188
 outer loop
  vertex -0.110105045 -0.05816768 0.1301176
  vertex -0.1108475 -0.045262497 0.13454096
  vertex -0.12419248 -0.04276798 0.12322427
 endloop
endfacet
facet normal -0.6508544 -0.27940425 0.70591915
 outer loop
  vertex -0.123513326 -0.054572918 0.119178034
  vertex -0.110105045 -0.05816768 0.1301176
  vertex -0.12419248 -0.04276798 0.12322427
 endloop
endfacet
facet normal 0.5347546 -0.24629234 0.8083178
 outer loop
  vertex 0.104119286 -0.049248945 0.13845903
  vertex 0.10332067 -0.035367806 0.14321691
  vertex 0.088397264 -0.03878182 0.15204947
 endloop
endfacet
facet normal 0.53475434 -0.24629264 0.80831784
 outer loop
  vertex 0.08924433 -0.053505227 0.14700289
  vertex 0.104119286 -0.049248945 0.13845903
  vertex 0.088397264 -0.03878182 0.15204947
 endloop
endfacet
facet normal -0.72194755 -0.2611637 0.64076924
 outer loop
  vertex -0.123513326 -0.054572918 0.119178034
  vertex -0.12419248 -0.04276798 0.12322427
  vertex -0.13634144 -0.039861523 0.11072079
 endloop
endfacet
facet normal -0.72194767 -0.261164 0.640769
 outer loop
  vertex -0.13573211 -0.05045253 0.10709064
  vertex -0.123513326 -0.054572918 0.119178034
  vertex -0.13634144 -0.039861523 0.11072079
 endloop
endfacet
facet normal 0.44958922 -0.26636857 0.8525945
 outer loop
  vertex 0.08924433 -0.053505227 0.14700289
  vertex 0.088397264 -0.03878182 0.15204947
  vertex 0.07262252 -0.041822378 0.15941785
 endloop
endfacet
facet normal 0.44958895 -0.26636893 0.85259444
 outer loop
  vertex 0.07350989 -0.057246264 0.15413117
  vertex 0.08924433 -0.053505227 0.14700289
  vertex 0.07262252 -0.041822378 0.15941785
 endloop
endfacet
facet normal -0.78609645 -0.24040483 0.56943655
 outer loop
  vertex -0.13573211 -0.05045253 0.10709064
  vertex -0.13634144 -0.039861523 0.11072079
  vertex -0.14717732 -0.036571227 0.09715115
 endloop
endfacet
facet normal -0.7860963 -0.24040458 0.5694368
 outer loop
  vertex -0.14664371 -0.045846306 0.09397204
  vertex -0.13573211 -0.05045253 0.10709064
  vertex -0.14717732 -0.036571227 0.09715115
 endloop
endfacet
facet normal 0.36011449 -0.2838808 0.88866717
 outer loop
  vertex 0.07350989 -0.057246264 0.15413117
  vertex 0.07262252 -0.041822378 0.15941785
  vertex 0.05614839 -0.044460263 0.165251
 endloop
endfacet
facet normal 0.3601146 -0.2838806 0.88866717
 outer loop
  vertex 0.057067513 -0.060436103 0.15977514
  vertex 0.07350989 -0.057246264 0.15413117
  vertex 0.05614839 -0.044460263 0.165251
 endloop
endfacet
facet normal -0.8426879 -0.2173218 0.49259356
 outer loop
  vertex -0.14664371 -0.045846306 0.09397204
  vertex -0.14717732 -0.036571227 0.09715115
  vertex -0.15659581 -0.032928772 0.08264577
 endloop
endfacet
facet normal -0.84268796 -0.2173222 0.49259323
 outer loop
  vertex -0.15614304 -0.040798604 0.07994832
  vertex -0.14664371 -0.045846306 0.09397204
  vertex -0.15659581 -0.032928772 0.08264577
 endloop
endfacet
facet normal 0.26718658 -0.29866216 0.91619444
 outer loop
  vertex 0.057067513 -0.060436103 0.15977514
  vertex 0.05614839 -0.044460263 0.165251
  vertex 0.039133538 -0.046669923 0.16949268
 endloop
endfacet
facet normal 0.2671865 -0.29866233 0.91619444
 outer loop
  vertex 0.040075563 -0.06304385 0.16388036
  vertex 0.057067513 -0.060436103 0.15977514
  vertex 0.039133538 -0.046669923 0.16949268
 endloop
endfacet
facet normal -0.8911622 -0.19214047 0.41098887
 outer loop
  vertex -0.15614304 -0.040798604 0.07994832
  vertex -0.15659581 -0.032928772 0.08264577
  vertex -0.16450621 -0.028969198 0.06734449
 endloop
endfacet
facet normal -0.8911624 -0.19214106 0.41098848
 outer loop
  vertex -0.16413864 -0.035357982 0.06515468
  vertex -0.15614304 -0.040798604 0.07994832
  vertex -0.16450621 -0.028969198 0.06734449
 endloop
endfacet
facet normal 0.17170197 -0.31057188 0.9349136
 outer loop
  vertex 0.040075563 -0.06304385 0.16388036
  vertex 0.039133538 -0.046669923 0.16949268
  vertex 0.021741789 -0.048430186 0.17210202
 endloop
endfacet
facet normal 0.17170306 -0.31057072 0.9349138
 outer loop
  vertex 0.022697642 -0.0650445 0.16640733
  vertex 0.040075563 -0.06304385 0.16388036
  vertex 0.021741789 -0.048430186 0.17210202
 endloop
endfacet
facet normal 0.9911359 0.011663151 0.13233887
 outer loop
  vertex 0.17940968 0.004193236 0.015198319
  vertex 0.17931554 0.005829604 0.015759196
  vertex 0.17712882 0.000848108 0.03257536
 endloop
endfacet
facet normal 0.99113595 0.011662284 0.13233872
 outer loop
  vertex 0.1773162 -0.0024088696 0.031459004
  vertex 0.17940968 0.004193236 0.015198319
  vertex 0.17712882 0.000848108 0.03257536
 endloop
endfacet
facet normal -0.93104875 -0.16510198 0.3254067
 outer loop
  vertex -0.16413864 -0.035357982 0.06515468
  vertex -0.16450621 -0.028969198 0.06734449
  vertex -0.17083232 -0.024730716 0.0513948
 endloop
endfacet
facet normal -0.93104875 -0.16510163 0.32540694
 outer loop
  vertex -0.1705535 -0.029576939 0.049733717
  vertex -0.16413864 -0.035357982 0.06515468
  vertex -0.17083232 -0.024730716 0.0513948
 endloop
endfacet
facet normal 0.074577354 -0.3194952 0.9446486
 outer loop
  vertex 0.022697642 -0.0650445 0.16640733
  vertex 0.021741789 -0.048430186 0.17210202
  vertex 0.004140655 -0.049724076 0.17305396
 endloop
endfacet
facet normal 0.07457574 -0.31949693 0.94464815
 outer loop
  vertex 0.0051011336 -0.06641877 0.1673317
  vertex 0.022697642 -0.0650445 0.16640733
  vertex 0.004140655 -0.049724076 0.17305396
 endloop
endfacet
facet normal 0.9744572 -0.020587334 0.22362754
 outer loop
  vertex 0.1773162 -0.0024088696 0.031459004
  vertex 0.17712882 0.000848108 0.03257536
  vertex 0.17323627 -0.0041416073 0.04907782
 endloop
endfacet
facet normal 0.97445726 -0.020587072 0.22362757
 outer loop
  vertex 0.17351508 -0.008987828 0.04741674
  vertex 0.1773162 -0.0024088696 0.031459004
  vertex 0.17323627 -0.0041416073 0.04907782
 endloop
endfacet
facet normal -0.96195954 -0.13646379 0.2366674
 outer loop
  vertex -0.1705535 -0.029576939 0.049733717
  vertex -0.17083232 -0.024730716 0.0513948
  vertex -0.17551322 -0.020254042 0.03495006
 endloop
endfacet
facet normal -0.96195954 -0.13646352 0.23666753
 outer loop
  vertex -0.17532584 -0.023511019 0.033833705
  vertex -0.1705535 -0.029576939 0.049733717
  vertex -0.17551322 -0.020254042 0.03495006
 endloop
endfacet
facet normal -0.023262959 -0.32535157 0.9453069
 outer loop
  vertex 0.0051011336 -0.06641877 0.1673317
  vertex 0.004140655 -0.049724076 0.17305396
  vertex -0.013500336 -0.05053908 0.17233934
 endloop
endfacet
facet normal -0.023261469 -0.32535005 0.9453075
 outer loop
  vertex -0.012544481 -0.06715339 0.16664465
  vertex 0.0051011336 -0.06641877 0.1673317
  vertex -0.013500336 -0.05053908 0.17233934
 endloop
endfacet
facet normal 0.9483755 -0.05263548 0.31275123
 outer loop
  vertex 0.17351508 -0.008987828 0.04741674
  vertex 0.17323627 -0.0041416073 0.04907782
  vertex 0.16767533 -0.0090914145 0.065107554
 endloop
endfacet
facet normal 0.9483756 -0.052635014 0.31275123
 outer loop
  vertex 0.1680429 -0.015480196 0.06291775
  vertex 0.17351508 -0.008987828 0.04741674
  vertex 0.16767533 -0.0090914145 0.065107554
 endloop
endfacet
facet normal -0.98358846 -0.10650647 0.14563675
 outer loop
  vertex -0.17532584 -0.023511019 0.033833705
  vertex -0.17551322 -0.020254042 0.03495006
  vertex -0.17850384 -0.015582357 0.018168768
 endloop
endfacet
facet normal -0.98358846 -0.106507085 0.14563642
 outer loop
  vertex -0.1784097 -0.017218724 0.01760789
  vertex -0.17532584 -0.023511019 0.033833705
  vertex -0.17850384 -0.015582357 0.018168768
 endloop
endfacet
facet normal -0.120879546 -0.3280791 0.93688434
 outer loop
  vertex -0.012544481 -0.06715339 0.16664465
  vertex -0.013500336 -0.05053908 0.17233934
  vertex -0.031011332 -0.0508674 0.16996504
 endloop
endfacet
facet normal -0.12088051 -0.3280801 0.93688387
 outer loop
  vertex -0.030069306 -0.067241326 0.16435273
  vertex -0.012544481 -0.06715339 0.16664465
  vertex -0.031011332 -0.0508674 0.16996504
 endloop
endfacet
facet normal 0.9131499 -0.08416908 0.39883944
 outer loop
  vertex 0.1680429 -0.015480196 0.06291775
  vertex 0.16767533 -0.0090914145 0.065107554
  vertex 0.1604996 -0.0139537295 0.08051039
 endloop
endfacet
facet normal 0.9131499 -0.08416993 0.39883947
 outer loop
  vertex 0.16095237 -0.021823555 0.07781294
  vertex 0.1680429 -0.015480196 0.06291775
  vertex 0.1604996 -0.0139537295 0.08051039
 endloop
endfacet
facet normal -0.2173459 -0.32765684 0.9194573
 outer loop
  vertex -0.030069306 -0.067241326 0.16435273
  vertex -0.031011332 -0.0508674 0.16996504
  vertex -0.04822367 -0.050705895 0.16595386
 endloop
endfacet
facet normal -0.21734491 -0.3276558 0.919458
 outer loop
  vertex -0.04730455 -0.06668174 0.16047801
  vertex -0.030069306 -0.067241326 0.16435273
  vertex -0.04822367 -0.050705895 0.16595386
 endloop
endfacet
facet normal 0.8691243 -0.11488646 0.48106545
 outer loop
  vertex 0.16095237 -0.021823555 0.07781294
  vertex 0.1604996 -0.0139537295 0.08051039
  vertex 0.15177818 -0.018681688 0.095137976
 endloop
endfacet
facet normal 0.86912423 -0.114887096 0.48106554
 outer loop
  vertex 0.15231179 -0.027956769 0.091958866
  vertex 0.16095237 -0.021823555 0.07781294
  vertex 0.15177818 -0.018681688 0.095137976
 endloop
endfacet
facet normal -0.31173232 -0.32408342 0.8931925
 outer loop
  vertex -0.04730455 -0.06668174 0.16047801
  vertex -0.04822367 -0.050705895 0.16595386
  vertex -0.06497157 -0.050056078 0.16034447
 endloop
endfacet
facet normal -0.31173313 -0.32408425 0.8931919
 outer loop
  vertex -0.0640842 -0.06547997 0.15505779
  vertex -0.04730455 -0.06668174 0.16047801
  vertex -0.06497157 -0.050056078 0.16034447
 endloop
endfacet
facet normal 0.81672525 -0.14449191 0.55864286
 outer loop
  vertex 0.15231179 -0.027956769 0.091958866
  vertex 0.15177818 -0.018681688 0.095137976
  vertex 0.14159505 -0.023229765 0.10884916
 endloop
endfacet
facet normal 0.81672543 -0.14449146 0.55864286
 outer loop
  vertex 0.14220437 -0.03382077 0.10521901
  vertex 0.15231179 -0.027956769 0.091958866
  vertex 0.14159505 -0.023229765 0.10884916
 endloop
endfacet
facet normal -0.40313753 -0.31739572 0.8583357
 outer loop
  vertex -0.0640842 -0.06547997 0.15505779
  vertex -0.06497157 -0.050056078 0.16034447
  vertex -0.08109376 -0.048924197 0.15319085
 endloop
endfacet
facet normal -0.40313715 -0.3173953 0.85833603
 outer loop
  vertex -0.080246694 -0.063647605 0.14814427
  vertex -0.0640842 -0.06547997 0.15505779
  vertex -0.08109376 -0.048924197 0.15319085
 endloop
endfacet
facet normal 0.75647235 -0.1726951 0.6308137
 outer loop
  vertex 0.14220437 -0.03382077 0.10521901
  vertex 0.14159505 -0.023229765 0.10884916
  vertex 0.13004826 -0.027554177 0.121512204
 endloop
endfacet
facet normal 0.75647235 -0.17269495 0.6308138
 outer loop
  vertex 0.13072743 -0.039359115 0.117465965
  vertex 0.14220437 -0.03382077 0.10521901
  vertex 0.13004826 -0.027554177 0.121512204
 endloop
endfacet
facet normal -0.64699703 -0.34689066 0.6790152
 outer loop
  vertex -0.10940056 -0.07057842 0.124448545
  vertex -0.110105045 -0.05816768 0.1301176
  vertex -0.123513326 -0.054572918 0.119178034
 endloop
endfacet
facet normal -0.64699787 -0.3468918 0.67901397
 outer loop
  vertex -0.122868896 -0.065925576 0.11399228
  vertex -0.10940056 -0.07057842 0.124448545
  vertex -0.123513326 -0.054572918 0.119178034
 endloop
endfacet
facet normal 0.5392185 -0.3243963 0.77718115
 outer loop
  vertex 0.10487705 -0.06259826 0.13236126
  vertex 0.104119286 -0.049248945 0.13845903
  vertex 0.08924433 -0.053505227 0.14700289
 endloop
endfacet
facet normal 0.5392173 -0.3243982 0.777181
 outer loop
  vertex 0.09004807 -0.067664534 0.1405351
  vertex 0.10487705 -0.06259826 0.13236126
  vertex 0.08924433 -0.053505227 0.14700289
 endloop
endfacet
facet normal -0.71845126 -0.32233804 0.61638135
 outer loop
  vertex -0.122868896 -0.065925576 0.11399228
  vertex -0.123513326 -0.054572918 0.119178034
  vertex -0.13573211 -0.05045253 0.10709064
 endloop
endfacet
facet normal -0.7184507 -0.32233703 0.6163825
 outer loop
  vertex -0.13515396 -0.060637765 0.10243816
  vertex -0.122868896 -0.065925576 0.11399228
  vertex -0.13573211 -0.05045253 0.10709064
 endloop
endfacet
facet normal 0.45429322 -0.34867802 0.8197813
 outer loop
  vertex 0.09004807 -0.067664534 0.1405351
  vertex 0.08924433 -0.053505227 0.14700289
  vertex 0.07350989 -0.057246264 0.15413117
 endloop
endfacet
facet normal 0.45429456 -0.34867612 0.81978136
 outer loop
  vertex 0.07435187 -0.07207921 0.1473557
  vertex 0.09004807 -0.067664534 0.1405351
  vertex 0.07350989 -0.057246264 0.15413117
 endloop
endfacet
facet normal -0.7829946 -0.294674 0.54780173
 outer loop
  vertex -0.13515396 -0.060637765 0.10243816
  vertex -0.13573211 -0.05045253 0.10709064
  vertex -0.14664371 -0.045846306 0.09397204
 endloop
endfacet
facet normal -0.78299445 -0.29467377 0.5478019
 outer loop
  vertex -0.14613739 -0.05476604 0.08989765
  vertex -0.13515396 -0.060637765 0.10243816
  vertex -0.14664371 -0.045846306 0.09397204
 endloop
endfacet
facet normal 0.36501417 -0.36960033 0.85449415
 outer loop
  vertex 0.07435187 -0.07207921 0.1473557
  vertex 0.07350989 -0.057246264 0.15413117
  vertex 0.057067513 -0.060436103 0.15977514
 endloop
endfacet
facet normal 0.3650137 -0.36960095 0.85449404
 outer loop
  vertex 0.057939623 -0.07579985 0.1527572
  vertex 0.07435187 -0.07207921 0.1473557
  vertex 0.057067513 -0.060436103 0.15977514
 endloop
endfacet
facet normal -0.8400107 -0.26416227 0.4739201
 outer loop
  vertex -0.14613739 -0.05476604 0.08989765
  vertex -0.14664371 -0.045846306 0.09397204
  vertex -0.15614304 -0.040798604 0.07994832
 endloop
endfacet
facet normal -0.840011 -0.26416305 0.4739193
 outer loop
  vertex -0.15571342 -0.048366915 0.07649122
  vertex -0.14613739 -0.05476604 0.08989765
  vertex -0.15614304 -0.040798604 0.07994832
 endloop
endfacet
facet normal 0.27223364 -0.38697034 0.8809897
 outer loop
  vertex 0.057939623 -0.07579985 0.1527572
  vertex 0.057067513 -0.060436103 0.15977514
  vertex 0.040075563 -0.06304385 0.16388036
 endloop
endfacet
facet normal 0.27223352 -0.3869705 0.8809897
 outer loop
  vertex 0.0409694 -0.07879044 0.15668754
  vertex 0.057939623 -0.07579985 0.1527572
  vertex 0.040075563 -0.06304385 0.16388036
 endloop
endfacet
facet normal -0.88893557 -0.23109977 0.39545715
 outer loop
  vertex -0.15571342 -0.048366915 0.07649122
  vertex -0.15614304 -0.040798604 0.07994832
  vertex -0.16413864 -0.035357982 0.06515468
 endloop
endfacet
facet normal -0.8889353 -0.23109807 0.39545888
 outer loop
  vertex -0.1637899 -0.04150199 0.06234818
  vertex -0.15571342 -0.048366915 0.07649122
  vertex -0.16413864 -0.035357982 0.06515468
 endloop
endfacet
facet normal 0.17684984 -0.40061876 0.89901537
 outer loop
  vertex 0.0409694 -0.07879044 0.15668754
  vertex 0.040075563 -0.06304385 0.16388036
  vertex 0.022697642 -0.0650445 0.16640733
 endloop
endfacet
facet normal 0.17684889 -0.40061983 0.8990152
 outer loop
  vertex 0.023604605 -0.08102227 0.15910889
  vertex 0.0409694 -0.07879044 0.15668754
  vertex 0.022697642 -0.0650445 0.16640733
 endloop
endfacet
facet normal 0.9919002 -0.0017085839 0.12700832
 outer loop
  vertex 0.17949902 0.0026195608 0.014479487
  vertex 0.17940968 0.004193236 0.015198319
  vertex 0.1773162 -0.0024088696 0.031459004
 endloop
endfacet
facet normal 0.9919004 -0.0017137271 0.12700681
 outer loop
  vertex 0.17749399 -0.005541061 0.030028265
  vertex 0.17949902 0.0026195608 0.014479487
  vertex 0.1773162 -0.0024088696 0.031459004
 endloop
endfacet
facet normal -0.92929417 -0.19579992 0.31316882
 outer loop
  vertex -0.1637899 -0.04150199 0.06234818
  vertex -0.16413864 -0.035357982 0.06515468
  vertex -0.1705535 -0.029576939 0.049733717
 endloop
endfacet
facet normal -0.92929417 -0.19579925 0.3131694
 outer loop
  vertex -0.17028897 -0.03423749 0.047604848
  vertex -0.1637899 -0.04150199 0.06234818
  vertex -0.1705535 -0.029576939 0.049733717
 endloop
endfacet
facet normal 0.07977249 -0.41041797 0.9084016
 outer loop
  vertex 0.023604605 -0.08102227 0.15910889
  vertex 0.022697642 -0.0650445 0.16640733
  vertex 0.0051011336 -0.06641877 0.1673317
 endloop
endfacet
facet normal 0.07977396 -0.41041642 0.90840214
 outer loop
  vertex 0.0060124854 -0.08247385 0.15999797
  vertex 0.023604605 -0.08102227 0.15910889
  vertex 0.0051011336 -0.06641877 0.1673317
 endloop
endfacet
facet normal 0.9757231 -0.04273394 0.21479851
 outer loop
  vertex 0.17749399 -0.005541061 0.030028265
  vertex 0.1773162 -0.0024088696 0.031459004
  vertex 0.17351508 -0.008987828 0.04741674
 endloop
endfacet
facet normal 0.975723 -0.04273333 0.21479861
 outer loop
  vertex 0.17377962 -0.013648377 0.045287866
  vertex 0.17749399 -0.005541061 0.030028265
  vertex 0.17351508 -0.008987828 0.04741674
 endloop
endfacet
facet normal -0.96069413 -0.15860476 0.22784074
 outer loop
  vertex -0.17028897 -0.03423749 0.047604848
  vertex -0.1705535 -0.029576939 0.049733717
  vertex -0.17532584 -0.023511019 0.033833705
 endloop
endfacet
facet normal -0.9606941 -0.15860434 0.22784096
 outer loop
  vertex -0.17514805 -0.026643211 0.032402962
  vertex -0.17028897 -0.03423749 0.047604848
  vertex -0.17532584 -0.023511019 0.033833705
 endloop
endfacet
facet normal -0.018064966 -0.41627112 0.9090611
 outer loop
  vertex 0.0060124854 -0.08247385 0.15999797
  vertex 0.0051011336 -0.06641877 0.1673317
  vertex -0.012544481 -0.06715339 0.16664465
 endloop
endfacet
facet normal -0.01806644 -0.41627258 0.9090603
 outer loop
  vertex -0.011637518 -0.08313116 0.15934621
  vertex 0.0060124854 -0.08247385 0.15999797
  vertex -0.012544481 -0.06715339 0.16664465
 endloop
endfacet
facet normal 0.9501304 -0.08333829 0.3005111
 outer loop
  vertex 0.17377962 -0.013648377 0.045287866
  vertex 0.17351508 -0.008987828 0.04741674
  vertex 0.1680429 -0.015480196 0.06291775
 endloop
endfacet
facet normal 0.95013046 -0.08333783 0.30051115
 outer loop
  vertex 0.16839164 -0.021624206 0.06011125
  vertex 0.17377962 -0.013648377 0.045287866
  vertex 0.1680429 -0.015480196 0.06291775
 endloop
endfacet
facet normal -0.9828244 -0.11987611 0.14030679
 outer loop
  vertex -0.17514805 -0.026643211 0.032402962
  vertex -0.17532584 -0.023511019 0.033833705
  vertex -0.1784097 -0.017218724 0.01760789
 endloop
endfacet
facet normal -0.98282415 -0.11988066 0.14030388
 outer loop
  vertex -0.17832036 -0.018792398 0.016889058
  vertex -0.17514805 -0.026643211 0.032402962
  vertex -0.1784097 -0.017218724 0.01760789
 endloop
endfacet
facet normal -0.115733795 -0.41812804 0.90098536
 outer loop
  vertex -0.011637518 -0.08313116 0.15934621
  vertex -0.012544481 -0.06715339 0.16664465
  vertex -0.030069306 -0.067241326 0.16435273
 endloop
endfacet
facet normal -0.1157328 -0.41812706 0.900986
 outer loop
  vertex -0.029175466 -0.08298792 0.15715991
  vertex -0.011637518 -0.08313116 0.15934621
  vertex -0.030069306 -0.067241326 0.16435273
 endloop
endfacet
facet normal 0.91537654 -0.12313066 0.38330737
 outer loop
  vertex 0.16839164 -0.021624206 0.06011125
  vertex 0.1680429 -0.015480196 0.06291775
  vertex 0.16095237 -0.021823555 0.07781294
 endloop
endfacet
facet normal 0.91537666 -0.12312964 0.3833075
 outer loop
  vertex 0.16138197 -0.029391862 0.07435585
  vertex 0.16839164 -0.021624206 0.06011125
  vertex 0.16095237 -0.021823555 0.07781294
 endloop
endfacet
facet normal -0.21229745 -0.41596496 0.8842527
 outer loop
  vertex -0.029175466 -0.08298792 0.15715991
  vertex -0.030069306 -0.067241326 0.16435273
  vertex -0.04730455 -0.06668174 0.16047801
 endloop
endfacet
facet normal -0.21229732 -0.4159648 0.88425285
 outer loop
  vertex -0.04643244 -0.082045496 0.15346007
  vertex -0.029175466 -0.08298792 0.15715991
  vertex -0.04730455 -0.06668174 0.16047801
 endloop
endfacet
facet normal 0.87180144 -0.16172782 0.46239212
 outer loop
  vertex 0.16138197 -0.029391862 0.07435585
  vertex 0.16095237 -0.021823555 0.07781294
  vertex 0.15231179 -0.027956769 0.091958866
 endloop
endfacet
facet normal 0.87180173 -0.16172583 0.46239212
 outer loop
  vertex 0.15281811 -0.036876503 0.08788447
  vertex 0.16138197 -0.029391862 0.07435585
  vertex 0.15231179 -0.027956769 0.091958866
 endloop
endfacet
facet normal -0.3068338 -0.40980458 0.8590188
 outer loop
  vertex -0.04643244 -0.082045496 0.15346007
  vertex -0.04730455 -0.06668174 0.16047801
  vertex -0.0640842 -0.06547997 0.15505779
 endloop
endfacet
facet normal -0.3068338 -0.40980452 0.85901874
 outer loop
  vertex -0.06324223 -0.08031293 0.1482823
  vertex -0.04643244 -0.082045496 0.15346007
  vertex -0.0640842 -0.06547997 0.15505779
 endloop
endfacet
facet normal 0.81982726 -0.19875966 0.5370083
 outer loop
  vertex 0.15281811 -0.036876503 0.08788447
  vertex 0.15231179 -0.027956769 0.091958866
  vertex 0.14220437 -0.03382077 0.10521901
 endloop
endfacet
facet normal 0.8198268 -0.19876178 0.53700835
 outer loop
  vertex 0.14278252 -0.044006012 0.10056653
  vertex 0.15281811 -0.036876503 0.08788447
  vertex 0.14220437 -0.03382077 0.10521901
 endloop
endfacet
facet normal -0.39843285 -0.3997037 0.8255231
 outer loop
  vertex -0.06324223 -0.08031293 0.1482823
  vertex -0.0640842 -0.06547997 0.15505779
  vertex -0.080246694 -0.063647605 0.14814427
 endloop
endfacet
facet normal -0.3984323 -0.39970317 0.82552356
 outer loop
  vertex -0.079442956 -0.07780692 0.14167652
  vertex -0.06324223 -0.08031293 0.1482823
  vertex -0.080246694 -0.063647605 0.14814427
 endloop
endfacet
facet normal 0.75996876 -0.23386866 0.6064263
 outer loop
  vertex 0.14278252 -0.044006012 0.10056653
  vertex 0.14220437 -0.03382077 0.10521901
  vertex 0.13072743 -0.039359115 0.117465965
 endloop
endfacet
facet normal 0.7599689 -0.23386858 0.60642624
 outer loop
  vertex 0.13137186 -0.050711773 0.11228021
  vertex 0.14278252 -0.044006012 0.10056653
  vertex 0.13072743 -0.039359115 0.117465965
 endloop
endfacet
facet normal -0.48620927 -0.3857579 0.78408635
 outer loop
  vertex -0.079442956 -0.07780692 0.14167652
  vertex -0.080246694 -0.063647605 0.14814427
  vertex -0.09563638 -0.061202336 0.13980421
 endloop
endfacet
facet normal -0.4862092 -0.38575783 0.78408647
 outer loop
  vertex -0.09487862 -0.07455166 0.13370645
  vertex -0.079442956 -0.07780692 0.14167652
  vertex -0.09563638 -0.061202336 0.13980421
 endloop
endfacet
facet normal 0.6927996 -0.26671776 0.66999274
 outer loop
  vertex 0.13137186 -0.050711773 0.11228021
  vertex 0.13072743 -0.039359115 0.117465965
  vertex 0.117991515 -0.04451835 0.12858157
 endloop
endfacet
facet normal 0.6928001 -0.26671657 0.66999274
 outer loop
  vertex 0.118696 -0.056929097 0.122912526
  vertex 0.13137186 -0.050711773 0.11228021
  vertex 0.117991515 -0.04451835 0.12858157
 endloop
endfacet
facet normal -0.5693397 -0.3680959 0.73509026
 outer loop
  vertex -0.09487862 -0.07455166 0.13370645
  vertex -0.09563638 -0.061202336 0.13980421
  vertex -0.110105045 -0.05816768 0.1301176
 endloop
endfacet
facet normal -0.56934017 -0.36809653 0.7350896
 outer loop
  vertex -0.10940056 -0.07057842 0.124448545
  vertex -0.09487862 -0.07455166 0.13370645
  vertex -0.110105045 -0.05816768 0.1301176
 endloop
endfacet
facet normal 0.61898494 -0.29698676 0.7270877
 outer loop
  vertex 0.118696 -0.056929097 0.122912526
  vertex 0.117991515 -0.04451835 0.12858157
  vertex 0.104119286 -0.049248945 0.13845903
 endloop
endfacet
facet normal 0.61898506 -0.2969865 0.7270876
 outer loop
  vertex 0.10487705 -0.06259826 0.13236126
  vertex 0.118696 -0.056929097 0.122912526
  vertex 0.104119286 -0.049248945 0.13845903
 endloop
endfacet
facet normal -0.7800701 -0.34656724 0.52094305
 outer loop
  vertex -0.13461253 -0.07031914 0.096808195
  vertex -0.13515396 -0.060637765 0.10243816
  vertex -0.14613739 -0.05476604 0.08989765
 endloop
endfacet
facet normal -0.7800701 -0.34656715 0.5209432
 outer loop
  vertex -0.14566323 -0.06324452 0.08496719
  vertex -0.13461253 -0.07031914 0.096808195
  vertex -0.14613739 -0.05476604 0.08989765
 endloop
endfacet
facet normal 0.3696332 -0.45156798 0.8120699
 outer loop
  vertex 0.07514035 -0.0861784 0.13915667
  vertex 0.07435187 -0.07207921 0.1473557
  vertex 0.057939623 -0.07579985 0.1527572
 endloop
endfacet
facet normal 0.36963263 -0.45156884 0.8120698
 outer loop
  vertex 0.05875632 -0.09040358 0.14426474
  vertex 0.07514035 -0.0861784 0.13915667
  vertex 0.057939623 -0.07579985 0.1527572
 endloop
endfacet
facet normal -0.83748674 -0.30895188 0.45073783
 outer loop
  vertex -0.14566323 -0.06324452 0.08496719
  vertex -0.14613739 -0.05476604 0.08989765
  vertex -0.15571342 -0.048366915 0.07649122
 endloop
endfacet
facet normal -0.8374863 -0.30895063 0.45073953
 outer loop
  vertex -0.15531112 -0.05556083 0.07230778
  vertex -0.14566323 -0.06324452 0.08496719
  vertex -0.15571342 -0.048366915 0.07649122
 endloop
endfacet
facet normal 0.27699217 -0.4714127 0.8372845
 outer loop
  vertex 0.05875632 -0.09040358 0.14426474
  vertex 0.057939623 -0.07579985 0.1527572
  vertex 0.0409694 -0.07879044 0.15668754
 endloop
endfacet
facet normal 0.2769926 -0.4714122 0.8372847
 outer loop
  vertex 0.041806452 -0.09375805 0.14798349
  vertex 0.05875632 -0.09040358 0.14426474
  vertex 0.0409694 -0.07879044 0.15668754
 endloop
endfacet
facet normal -0.88683593 -0.26835084 0.37617785
 outer loop
  vertex -0.15531112 -0.05556083 0.07230778
  vertex -0.15571342 -0.048366915 0.07649122
  vertex -0.1637899 -0.04150199 0.06234818
 endloop
endfacet
facet normal -0.88683635 -0.2683523 0.3761761
 outer loop
  vertex -0.1634633 -0.047342055 0.05895203
  vertex -0.15531112 -0.05556083 0.07230778
  vertex -0.1637899 -0.04150199 0.06234818
 endloop
endfacet
facet normal 0.18170127 -0.48672342 0.8544501
 outer loop
  vertex 0.041806452 -0.09375805 0.14798349
  vertex 0.0409694 -0.07879044 0.15668754
  vertex 0.023604605 -0.08102227 0.15910889
 endloop
endfacet
facet normal 0.18170111 -0.48672366 0.85445005
 outer loop
  vertex 0.024453944 -0.09620962 0.15027705
  vertex 0.041806452 -0.09375805 0.14798349
  vertex 0.023604605 -0.08102227 0.15910889
 endloop
endfacet
facet normal 0.99262077 -0.014497182 0.120390445
 outer loop
  vertex 0.17958267 0.0011237366 0.013609625
  vertex 0.17949902 0.0026195608 0.014479487
  vertex 0.17749399 -0.005541061 0.030028265
 endloop
endfacet
facet normal 0.99262077 -0.014496868 0.120390564
 outer loop
  vertex 0.1776605 -0.008518304 0.02829692
  vertex 0.17958267 0.0011237366 0.013609625
  vertex 0.17749399 -0.005541061 0.030028265
 endloop
endfacet
facet normal -0.92763966 -0.2251578 0.29797423
 outer loop
  vertex -0.1634633 -0.047342055 0.05895203
  vertex -0.1637899 -0.04150199 0.06234818
  vertex -0.17028897 -0.03423749 0.047604848
 endloop
endfacet
facet normal -0.92763966 -0.22515811 0.29797387
 outer loop
  vertex -0.17004122 -0.03866748 0.045028687
  vertex -0.1634633 -0.047342055 0.05895203
  vertex -0.17028897 -0.03423749 0.047604848
 endloop
endfacet
facet normal 0.084673546 -0.49735677 0.8634041
 outer loop
  vertex 0.024453944 -0.09620962 0.15027705
  vertex 0.023604605 -0.08102227 0.15910889
  vertex 0.0060124854 -0.08247385 0.15999797
 endloop
endfacet
facet normal 0.08467253 -0.4973578 0.8634036
 outer loop
  vertex 0.0068659335 -0.09773468 0.15112337
  vertex 0.024453944 -0.09620962 0.15027705
  vertex 0.0060124854 -0.08247385 0.15999797
 endloop
endfacet
facet normal 0.9769161 -0.06390397 0.20384122
 outer loop
  vertex 0.1776605 -0.008518304 0.02829692
  vertex 0.17749399 -0.005541061 0.030028265
  vertex 0.17377962 -0.013648377 0.045287866
 endloop
endfacet
facet normal 0.97691613 -0.063904956 0.20384093
 outer loop
  vertex 0.17402737 -0.018078368 0.04271171
  vertex 0.1776605 -0.008518304 0.02829692
  vertex 0.17377962 -0.013648377 0.045287866
 endloop
endfacet
facet normal -0.9595007 -0.17978169 0.21688022
 outer loop
  vertex -0.17004122 -0.03866748 0.045028687
  vertex -0.17028897 -0.03423749 0.047604848
  vertex -0.17514805 -0.026643211 0.032402962
 endloop
endfacet
facet normal -0.9595007 -0.1797822 0.21687976
 outer loop
  vertex -0.17498155 -0.029620454 0.03067162
  vertex -0.17004122 -0.03866748 0.045028687
  vertex -0.17514805 -0.026643211 0.032402962
 endloop
endfacet
facet normal -0.013167066 -0.5032125 0.8640624
 outer loop
  vertex 0.0068659335 -0.09773468 0.15112337
  vertex 0.0060124854 -0.08247385 0.15999797
  vertex -0.011637518 -0.08313116 0.15934621
 endloop
endfacet
facet normal -0.013166033 -0.50321156 0.8640629
 outer loop
  vertex -0.01078818 -0.09831851 0.15051436
  vertex 0.0068659335 -0.09773468 0.15112337
  vertex -0.011637518 -0.08313116 0.15934621
 endloop
endfacet
facet normal 0.9517847 -0.11269174 0.28531832
 outer loop
  vertex 0.17402737 -0.018078368 0.04271171
  vertex 0.17377962 -0.013648377 0.045287866
  vertex 0.16839164 -0.021624206 0.06011125
 endloop
endfacet
facet normal 0.9517847 -0.112691775 0.28531832
 outer loop
  vertex 0.16871825 -0.027464272 0.0567151
  vertex 0.17402737 -0.018078368 0.04271171
  vertex 0.16839164 -0.021624206 0.06011125
 endloop
endfacet
facet normal -0.98210365 -0.13266699 0.13368599
 outer loop
  vertex -0.17498155 -0.029620454 0.03067162
  vertex -0.17514805 -0.026643211 0.032402962
  vertex -0.17832036 -0.018792398 0.016889058
 endloop
endfacet
facet normal -0.98210365 -0.13266695 0.13368604
 outer loop
  vertex -0.17823671 -0.020288223 0.016019195
  vertex -0.17498155 -0.029620454 0.03067162
  vertex -0.17832036 -0.018792398 0.016889058
 endloop
endfacet
facet normal -0.110880435 -0.5042318 0.8564204
 outer loop
  vertex -0.01078818 -0.09831851 0.15051436
  vertex -0.011637518 -0.08313116 0.15934621
  vertex -0.029175466 -0.08298792 0.15715991
 endloop
endfacet
facet normal -0.11088026 -0.5042316 0.85642046
 outer loop
  vertex -0.028338417 -0.097955525 0.14845586
  vertex -0.01078818 -0.09831851 0.15051436
  vertex -0.029175466 -0.08298792 0.15715991
 endloop
endfacet
facet normal 0.917476 -0.16038148 0.36402684
 outer loop
  vertex 0.16871825 -0.027464272 0.0567151
  vertex 0.16839164 -0.021624206 0.06011125
  vertex 0.16138197 -0.029391862 0.07435585
 endloop
endfacet
facet normal 0.917476 -0.1603817 0.36402684
 outer loop
  vertex 0.16178429 -0.036585774 0.0701724
  vertex 0.16871825 -0.027464272 0.0567151
  vertex 0.16138197 -0.029391862 0.07435585
 endloop
endfacet
facet normal -0.20753856 -0.50040686 0.8405479
 outer loop
  vertex -0.028338417 -0.097955525 0.14845586
  vertex -0.029175466 -0.08298792 0.15715991
  vertex -0.04643244 -0.082045496 0.15346007
 endloop
endfacet
facet normal -0.20753896 -0.5004072 0.8405476
 outer loop
  vertex -0.04561574 -0.09664922 0.14496762
  vertex -0.028338417 -0.097955525 0.14845586
  vertex -0.04643244 -0.082045496 0.15346007
 endloop
endfacet
facet normal 0.8743258 -0.20651591 0.43921006
 outer loop
  vertex 0.16178429 -0.036585774 0.0701724
  vertex 0.16138197 -0.029391862 0.07435585
  vertex 0.15281811 -0.036876503 0.08788447
 endloop
endfacet
facet normal 0.8743258 -0.20651603 0.43921012
 outer loop
  vertex 0.15329227 -0.04535498 0.08295401
  vertex 0.16178429 -0.036585774 0.0701724
  vertex 0.15281811 -0.036876503 0.08788447
 endloop
endfacet
facet normal -0.30221453 -0.49177232 0.8165943
 outer loop
  vertex -0.04561574 -0.09664922 0.14496762
  vertex -0.04643244 -0.082045496 0.15346007
  vertex -0.06324223 -0.08031293 0.1482823
 endloop
endfacet
facet normal -0.30221465 -0.49177244 0.8165942
 outer loop
  vertex -0.062453743 -0.09441211 0.14008325
  vertex -0.04561574 -0.09664922 0.14496762
  vertex -0.06324223 -0.08031293 0.1482823
 endloop
endfacet
facet normal 0.8227511 -0.25065383 0.51015013
 outer loop
  vertex 0.15329227 -0.04535498 0.08295401
  vertex 0.15281811 -0.036876503 0.08788447
  vertex 0.14278252 -0.044006012 0.10056653
 endloop
endfacet
facet normal 0.8227514 -0.25065282 0.5101502
 outer loop
  vertex 0.14332396 -0.05368738 0.094936565
  vertex 0.15329227 -0.04535498 0.08295401
  vertex 0.14278252 -0.044006012 0.10056653
 endloop
endfacet
facet normal -0.39399698 -0.4784088 0.7847875
 outer loop
  vertex -0.062453743 -0.09441211 0.14008325
  vertex -0.06324223 -0.08031293 0.1482823
  vertex -0.079442956 -0.07780692 0.14167652
 endloop
endfacet
facet normal -0.3939979 -0.4784097 0.7847865
 outer loop
  vertex -0.078690276 -0.09126577 0.13384981
  vertex -0.062453743 -0.09441211 0.14008325
  vertex -0.079442956 -0.07780692 0.14167652
 endloop
endfacet
facet normal 0.76326525 -0.29236135 0.5761519
 outer loop
  vertex 0.14332396 -0.05368738 0.094936565
  vertex 0.14278252 -0.044006012 0.10056653
  vertex 0.13137186 -0.050711773 0.11228021
 endloop
endfacet
facet normal 0.76326495 -0.29236233 0.5761519
 outer loop
  vertex 0.13197534 -0.061502814 0.10600494
  vertex 0.14332396 -0.05368738 0.094936565
  vertex 0.13137186 -0.050711773 0.11228021
 endloop
endfacet
facet normal -0.48200035 -0.4604445 0.7454304
 outer loop
  vertex -0.078690276 -0.09126577 0.13384981
  vertex -0.079442956 -0.07780692 0.14167652
  vertex -0.09487862 -0.07455166 0.13370645
 endloop
endfacet
facet normal -0.48199886 -0.46044302 0.7454323
 outer loop
  vertex -0.094169006 -0.08724059 0.12632751
  vertex -0.078690276 -0.09126577 0.13384981
  vertex -0.09487862 -0.07455166 0.13370645
 endloop
endfacet
facet normal 0.6964367 -0.33124787 0.63659316
 outer loop
  vertex 0.13197534 -0.061502814 0.10600494
  vertex 0.13137186 -0.050711773 0.11228021
  vertex 0.118696 -0.056929097 0.122912526
 endloop
endfacet
facet normal 0.6964366 -0.3312481 0.63659316
 outer loop
  vertex 0.11935572 -0.068725884 0.11605238
  vertex 0.13197534 -0.061502814 0.10600494
  vertex 0.118696 -0.056929097 0.122912526
 endloop
endfacet
facet normal -0.56539845 -0.43804064 0.6988885
 outer loop
  vertex -0.094169006 -0.08724059 0.12632751
  vertex -0.09487862 -0.07455166 0.13370645
  vertex -0.10940056 -0.07057842 0.124448545
 endloop
endfacet
facet normal -0.565399 -0.4380412 0.69888765
 outer loop
  vertex -0.10874084 -0.082375206 0.1175884
  vertex -0.094169006 -0.08724059 0.12632751
  vertex -0.10940056 -0.07057842 0.124448545
 endloop
endfacet
facet normal 0.62292683 -0.3669317 0.69088584
 outer loop
  vertex 0.11935572 -0.068725884 0.11605238
  vertex 0.118696 -0.056929097 0.122912526
  vertex 0.10487705 -0.06259826 0.13236126
 endloop
endfacet
facet normal 0.6229272 -0.36693105 0.69088596
 outer loop
  vertex 0.10558666 -0.07528719 0.12498233
  vertex 0.11935572 -0.068725884 0.11605238
  vertex 0.10487705 -0.06259826 0.13236126
 endloop
endfacet
facet normal -0.6433611 -0.41142172 0.6456149
 outer loop
  vertex -0.10874084 -0.082375206 0.1175884
  vertex -0.10940056 -0.07057842 0.124448545
  vertex -0.122868896 -0.065925576 0.11399228
 endloop
endfacet
facet normal -0.64336085 -0.41142142 0.64561534
 outer loop
  vertex -0.12226542 -0.07671662 0.10771701
  vertex -0.10874084 -0.082375206 0.1175884
  vertex -0.122868896 -0.065925576 0.11399228
 endloop
endfacet
facet normal 0.54342616 -0.3990815 0.73852694
 outer loop
  vertex 0.10558666 -0.07528719 0.12498233
  vertex 0.10487705 -0.06259826 0.13236126
  vertex 0.09004807 -0.067664534 0.1405351
 endloop
endfacet
facet normal 0.543426 -0.3990819 0.7385269
 outer loop
  vertex 0.09080074 -0.08112339 0.13270843
  vertex 0.10558666 -0.07528719 0.12498233
  vertex 0.09004807 -0.067664534 0.1405351
 endloop
endfacet
facet normal -0.71515435 -0.380831 0.58610755
 outer loop
  vertex -0.12226542 -0.07671662 0.10771701
  vertex -0.122868896 -0.065925576 0.11399228
  vertex -0.13515396 -0.060637765 0.10243816
 endloop
endfacet
facet normal -0.7151545 -0.38083133 0.5861071
 outer loop
  vertex -0.13461253 -0.07031914 0.096808195
  vertex -0.12226542 -0.07671662 0.10771701
  vertex -0.13515396 -0.060637765 0.10243816
 endloop
endfacet
facet normal 0.45872974 -0.42738116 0.7790458
 outer loop
  vertex 0.09080074 -0.08112339 0.13270843
  vertex 0.09004807 -0.067664534 0.1405351
  vertex 0.07435187 -0.07207921 0.1473557
 endloop
endfacet
facet normal 0.4587299 -0.42738104 0.7790459
 outer loop
  vertex 0.07514035 -0.0861784 0.13915667
  vertex 0.09080074 -0.08112339 0.13270843
  vertex 0.07435187 -0.07207921 0.1473557
 endloop
endfacet
facet normal -0.8848845 -0.30354053 0.35333088
 outer loop
  vertex -0.15493998 -0.06231106 0.06743827
  vertex -0.15531112 -0.05556083 0.07230778
  vertex -0.1634633 -0.047342055 0.05895203
 endloop
endfacet
facet normal -0.8848845 -0.30354065 0.35333067
 outer loop
  vertex -0.163162 -0.05282194 0.05499893
  vertex -0.15493998 -0.06231106 0.06743827
  vertex -0.1634633 -0.047342055 0.05895203
 endloop
endfacet
facet normal 0.1862126 -0.568057 0.8016459
 outer loop
  vertex 0.04257865 -0.107802525 0.13785201
  vertex 0.041806452 -0.09375805 0.14798349
  vertex 0.024453944 -0.09620962 0.15027705
 endloop
endfacet
facet normal 0.18621248 -0.5680571 0.8016458
 outer loop
  vertex 0.025237478 -0.11046029 0.13999683
  vertex 0.04257865 -0.107802525 0.13785201
  vertex 0.024453944 -0.09620962 0.15027705
 endloop
endfacet
facet normal 0.9932908 -0.026576096 0.11254837
 outer loop
  vertex 0.17965984 -0.00027983263 0.012597112
  vertex 0.17958267 0.0011237366 0.013609625
  vertex 0.1776605 -0.008518304 0.02829692
 endloop
endfacet
facet normal 0.99329084 -0.026576586 0.11254811
 outer loop
  vertex 0.1778141 -0.011311931 0.026281642
  vertex 0.17965984 -0.00027983263 0.012597112
  vertex 0.1776605 -0.008518304 0.02829692
 endloop
endfacet
facet normal -0.92610157 -0.25288683 0.27997157
 outer loop
  vertex -0.163162 -0.05282194 0.05499893
  vertex -0.1634633 -0.047342055 0.05895203
  vertex -0.17004122 -0.03866748 0.045028687
 endloop
endfacet
facet normal -0.9261017 -0.25288722 0.27997112
 outer loop
  vertex -0.16981266 -0.042824257 0.04203005
  vertex -0.163162 -0.05282194 0.05499893
  vertex -0.17004122 -0.03866748 0.045028687
 endloop
endfacet
facet normal 0.08922777 -0.5794794 0.8100876
 outer loop
  vertex 0.025237478 -0.11046029 0.13999683
  vertex 0.024453944 -0.09620962 0.15027705
  vertex 0.0068659335 -0.09773468 0.15112337
 endloop
endfacet
facet normal 0.089227684 -0.5794795 0.8100876
 outer loop
  vertex 0.0076532587 -0.112054296 0.14079341
  vertex 0.025237478 -0.11046029 0.13999683
  vertex 0.0068659335 -0.09773468 0.15112337
 endloop
endfacet
facet normal 0.97802556 -0.08390581 0.19085577
 outer loop
  vertex 0.1778141 -0.011311931 0.026281642
  vertex 0.1776605 -0.008518304 0.02829692
  vertex 0.17402737 -0.018078368 0.04271171
 endloop
endfacet
facet normal 0.97802556 -0.083905324 0.19085601
 outer loop
  vertex 0.17425592 -0.022235144 0.039713074
  vertex 0.1778141 -0.011311931 0.026281642
  vertex 0.17402737 -0.018078368 0.04271171
 endloop
endfacet
facet normal -0.95839125 -0.19978243 0.20389494
 outer loop
  vertex -0.16981266 -0.042824257 0.04203005
  vertex -0.17004122 -0.03866748 0.045028687
  vertex -0.17498155 -0.029620454 0.03067162
 endloop
endfacet
facet normal -0.9583913 -0.19978224 0.20389512
 outer loop
  vertex -0.17482795 -0.032414075 0.028656341
  vertex -0.16981266 -0.042824257 0.04203005
  vertex -0.17498155 -0.029620454 0.03067162
 endloop
endfacet
facet normal -0.00861096 -0.5853341 0.81074643
 outer loop
  vertex 0.0076532587 -0.112054296 0.14079341
  vertex 0.0068659335 -0.09773468 0.15112337
  vertex -0.01078818 -0.09831851 0.15051436
 endloop
endfacet
facet normal -0.00861086 -0.5853341 0.8107465
 outer loop
  vertex -0.010004645 -0.112569176 0.14023414
  vertex 0.0076532587 -0.112054296 0.14079341
  vertex -0.01078818 -0.09831851 0.15051436
 endloop
endfacet
facet normal 0.95332277 -0.14042066 0.2673159
 outer loop
  vertex 0.17425592 -0.022235144 0.039713074
  vertex 0.17402737 -0.018078368 0.04271171
  vertex 0.16871825 -0.027464272 0.0567151
 endloop
endfacet
facet normal 0.9533227 -0.14042078 0.26731592
 outer loop
  vertex 0.16901955 -0.032944158 0.052761998
  vertex 0.17425592 -0.022235144 0.039713074
  vertex 0.16871825 -0.027464272 0.0567151
 endloop
endfacet
facet normal -0.9814337 -0.1447447 0.12584479
 outer loop
  vertex -0.17482795 -0.032414075 0.028656341
  vertex -0.17498155 -0.029620454 0.03067162
  vertex -0.17823671 -0.020288223 0.016019195
 endloop
endfacet
facet normal -0.9814337 -0.14474505 0.12584433
 outer loop
  vertex -0.17815953 -0.021691792 0.015006681
  vertex -0.17482795 -0.032414075 0.028656341
  vertex -0.17823671 -0.020288223 0.016019195
 endloop
endfacet
facet normal -0.10636894 -0.5855653 0.80361617
 outer loop
  vertex -0.010004645 -0.112569176 0.14023414
  vertex -0.01078818 -0.09831851 0.15051436
  vertex -0.028338417 -0.097955525 0.14845586
 endloop
endfacet
facet normal -0.10636881 -0.5855652 0.8036162
 outer loop
  vertex -0.027566219 -0.112 0.13832438
  vertex -0.010004645 -0.112569176 0.14023414
  vertex -0.028338417 -0.097955525 0.14845586
 endloop
endfacet
facet normal 0.9194278 -0.19556993 0.34118155
 outer loop
  vertex 0.16901955 -0.032944158 0.052761998
  vertex 0.16871825 -0.027464272 0.0567151
  vertex 0.16178429 -0.036585774 0.0701724
 endloop
endfacet
facet normal 0.9194278 -0.19557063 0.34118137
 outer loop
  vertex 0.16215543 -0.043335997 0.06530289
  vertex 0.16901955 -0.032944158 0.052761998
  vertex 0.16178429 -0.036585774 0.0701724
 endloop
endfacet
facet normal -0.20311452 -0.5801698 0.7887633
 outer loop
  vertex -0.027566219 -0.112 0.13832438
  vertex -0.028338417 -0.097955525 0.14845586
  vertex -0.04561574 -0.09664922 0.14496762
 endloop
endfacet
facet normal -0.20311463 -0.5801699 0.78876317
 outer loop
  vertex -0.044862315 -0.11035225 0.13508245
  vertex -0.027566219 -0.112 0.13832438
  vertex -0.04561574 -0.09664922 0.14496762
 endloop
endfacet
facet normal 0.87667245 -0.2488234 0.4117429
 outer loop
  vertex 0.16215543 -0.043335997 0.06530289
  vertex 0.16178429 -0.036585774 0.0701724
  vertex 0.15329227 -0.04535498 0.08295401
 endloop
endfacet
facet normal 0.8766723 -0.24882405 0.41174278
 outer loop
  vertex 0.15372968 -0.053310543 0.07721499
  vertex 0.16215543 -0.043335997 0.06530289
  vertex 0.15329227 -0.04535498 0.08295401
 endloop
endfacet
facet normal -0.29792008 -0.56919765 0.7663273
 outer loop
  vertex -0.044862315 -0.11035225 0.13508245
  vertex -0.04561574 -0.09664922 0.14496762
  vertex -0.062453743 -0.09441211 0.14008325
 endloop
endfacet
facet normal -0.2979201 -0.5691977 0.76632726
 outer loop
  vertex -0.061726347 -0.107641734 0.1305396
  vertex -0.044862315 -0.11035225 0.13508245
  vertex -0.062453743 -0.09441211 0.14008325
 endloop
endfacet
facet normal 0.82547045 -0.29967123 0.47832593
 outer loop
  vertex 0.15372968 -0.053310543 0.07721499
  vertex 0.15329227 -0.04535498 0.08295401
  vertex 0.14332396 -0.05368738 0.094936565
 endloop
endfacet
facet normal 0.8254705 -0.29967093 0.478326
 outer loop
  vertex 0.14382343 -0.06277166 0.0883833
  vertex 0.15372968 -0.053310543 0.07721499
  vertex 0.14332396 -0.05368738 0.094936565
 endloop
endfacet
facet normal -0.3898743 -0.5527519 0.73652124
 outer loop
  vertex -0.061726347 -0.107641734 0.1305396
  vertex -0.062453743 -0.09441211 0.14008325
  vertex -0.078690276 -0.09126577 0.13384981
 endloop
endfacet
facet normal -0.38987336 -0.55275106 0.73652226
 outer loop
  vertex -0.07799592 -0.10389456 0.12473961
  vertex -0.061726347 -0.107641734 0.1305396
  vertex -0.078690276 -0.09126577 0.13384981
 endloop
endfacet
facet normal 0.7663297 -0.34761524 0.5402799
 outer loop
  vertex 0.14382343 -0.06277166 0.0883833
  vertex 0.14332396 -0.05368738 0.094936565
  vertex 0.13197534 -0.061502814 0.10600494
 endloop
endfacet
facet normal 0.76632977 -0.34761506 0.54028
 outer loop
  vertex 0.13253206 -0.071628325 0.09870055
  vertex 0.14382343 -0.06277166 0.0883833
  vertex 0.13197534 -0.061502814 0.10600494
 endloop
endfacet
facet normal -0.47808596 -0.530989 0.6996317
 outer loop
  vertex -0.07799592 -0.10389456 0.12473961
  vertex -0.078690276 -0.09126577 0.13384981
  vertex -0.094169006 -0.08724059 0.12632751
 endloop
endfacet
facet normal -0.47808677 -0.5309897 0.6996307
 outer loop
  vertex -0.09351437 -0.09914694 0.11773845
  vertex -0.07799592 -0.10389456 0.12473961
  vertex -0.094169006 -0.08724059 0.12632751
 endloop
endfacet
facet normal 0.69981754 -0.392203 0.5970194
 outer loop
  vertex 0.13253206 -0.071628325 0.09870055
  vertex 0.13197534 -0.061502814 0.10600494
  vertex 0.11935572 -0.068725884 0.11605238
 endloop
endfacet
facet normal 0.6998173 -0.39220384 0.59701926
 outer loop
  vertex 0.11996433 -0.0797951 0.10806721
  vertex 0.13253206 -0.071628325 0.09870055
  vertex 0.11935572 -0.068725884 0.11605238
 endloop
endfacet
facet normal -0.5617341 -0.50410986 0.6559939
 outer loop
  vertex -0.09351437 -0.09914694 0.11773845
  vertex -0.094169006 -0.08724059 0.12632751
  vertex -0.10874084 -0.082375206 0.1175884
 endloop
endfacet
facet normal -0.56173396 -0.5041098 0.6559941
 outer loop
  vertex -0.10813223 -0.09344443 0.109603226
  vertex -0.09351437 -0.09914694 0.11773845
  vertex -0.10874084 -0.082375206 0.1175884
 endloop
endfacet
facet normal 0.62659186 -0.43300062 0.6479916
 outer loop
  vertex 0.11996433 -0.0797951 0.10806721
  vertex 0.11935572 -0.068725884 0.11605238
  vertex 0.10558666 -0.07528719 0.12498233
 endloop
endfacet
facet normal 0.62659216 -0.43299997 0.6479918
 outer loop
  vertex 0.1062413 -0.08719354 0.11639327
  vertex 0.11996433 -0.0797951 0.10806721
  vertex 0.10558666 -0.07528719 0.12498233
 endloop
endfacet
facet normal -0.63997966 -0.47237673 0.6060415
 outer loop
  vertex -0.10813223 -0.09344443 0.109603226
  vertex -0.10874084 -0.082375206 0.1175884
  vertex -0.12226542 -0.07671662 0.10771701
 endloop
endfacet
facet normal -0.6399795 -0.47237656 0.6060418
 outer loop
  vertex -0.1217087 -0.08684213 0.10041262
  vertex -0.10813223 -0.09344443 0.109603226
  vertex -0.12226542 -0.07671662 0.10771701
 endloop
endfacet
facet normal 0.54733914 -0.46962813 0.692726
 outer loop
  vertex 0.1062413 -0.08719354 0.11639327
  vertex 0.10558666 -0.07528719 0.12498233
  vertex 0.09080074 -0.08112339 0.13270843
 endloop
endfacet
facet normal 0.54733956 -0.46962756 0.69272614
 outer loop
  vertex 0.091495104 -0.09375216 0.12359823
  vertex 0.1062413 -0.08719354 0.11639327
  vertex 0.09080074 -0.08112339 0.13270843
 endloop
endfacet
facet normal -0.71208984 -0.43608356 0.55023557
 outer loop
  vertex -0.1217087 -0.08684213 0.10041262
  vertex -0.12226542 -0.07671662 0.10771701
  vertex -0.13461253 -0.07031914 0.096808195
 endloop
endfacet
facet normal -0.71208996 -0.4360837 0.55023533
 outer loop
  vertex -0.13411306 -0.079403415 0.09025493
  vertex -0.1217087 -0.08684213 0.10041262
  vertex -0.13461253 -0.07031914 0.096808195
 endloop
endfacet
facet normal 0.46285346 -0.5017243 0.73078
 outer loop
  vertex 0.091495104 -0.09375216 0.12359823
  vertex 0.09080074 -0.08112339 0.13270843
  vertex 0.07514035 -0.0861784 0.13915667
 endloop
endfacet
facet normal 0.46285295 -0.501725 0.7307799
 outer loop
  vertex 0.07586774 -0.09940801 0.12961303
  vertex 0.091495104 -0.09375216 0.12359823
  vertex 0.07514035 -0.0861784 0.13915667
 endloop
endfacet
facet normal -0.77735126 -0.39558414 0.48911983
 outer loop
  vertex -0.13411306 -0.079403415 0.09025493
  vertex -0.13461253 -0.07031914 0.096808195
  vertex -0.14566323 -0.06324452 0.08496719
 endloop
endfacet
facet normal -0.77735114 -0.3955838 0.48912027
 outer loop
  vertex -0.14522582 -0.07120008 0.07922817
  vertex -0.13411306 -0.079403415 0.09025493
  vertex -0.14566323 -0.06324452 0.08496719
 endloop
endfacet
facet normal 0.37392756 -0.5289939 0.7618029
 outer loop
  vertex 0.07586774 -0.09940801 0.12961303
  vertex 0.07514035 -0.0861784 0.13915667
  vertex 0.05875632 -0.09040358 0.14426474
 endloop
endfacet
facet normal 0.3739282 -0.52899307 0.76180315
 outer loop
  vertex 0.059509747 -0.10410661 0.1343796
  vertex 0.07586774 -0.09940801 0.12961303
  vertex 0.05875632 -0.09040358 0.14426474
 endloop
endfacet
facet normal -0.8351396 -0.35125902 0.42327178
 outer loop
  vertex -0.14522582 -0.07120008 0.07922817
  vertex -0.14566323 -0.06324452 0.08496719
  vertex -0.15531112 -0.05556083 0.07230778
 endloop
endfacet
facet normal -0.83513975 -0.3512593 0.42327118
 outer loop
  vertex -0.15493998 -0.06231106 0.06743827
  vertex -0.14522582 -0.07120008 0.07922817
  vertex -0.15531112 -0.05556083 0.07230778
 endloop
endfacet
facet normal 0.2814167 -0.5511745 0.7855006
 outer loop
  vertex 0.059509747 -0.10410661 0.1343796
  vertex 0.05875632 -0.09040358 0.14426474
  vertex 0.041806452 -0.09375805 0.14798349
 endloop
endfacet
facet normal 0.28141597 -0.55117536 0.78550035
 outer loop
  vertex 0.04257865 -0.107802525 0.13785201
  vertex 0.059509747 -0.10410661 0.1343796
  vertex 0.041806452 -0.09375805 0.14798349
 endloop
endfacet
facet normal 0.9790404 -0.10254041 0.1759697
 outer loop
  vertex 0.17795332 -0.01389503 0.024001842
  vertex 0.1778141 -0.011311931 0.026281642
  vertex 0.17425592 -0.022235144 0.039713074
 endloop
endfacet
facet normal 0.9790403 -0.10254053 0.17596962
 outer loop
  vertex 0.17446308 -0.02607866 0.03632084
  vertex 0.17795332 -0.01389503 0.024001842
  vertex 0.17425592 -0.022235144 0.039713074
 endloop
endfacet
facet normal -0.9573764 -0.21841684 0.18900931
 outer loop
  vertex -0.16960551 -0.046667777 0.03863782
  vertex -0.16981266 -0.042824257 0.04203005
  vertex -0.17482795 -0.032414075 0.028656341
 endloop
endfacet
facet normal -0.95737636 -0.21841654 0.1890097
 outer loop
  vertex -0.17468873 -0.034997173 0.026376544
  vertex -0.16960551 -0.046667777 0.03863782
  vertex -0.17482795 -0.032414075 0.028656341
 endloop
endfacet
facet normal -0.0044439957 -0.6618472 0.7496256
 outer loop
  vertex 0.00836688 -0.1252948 0.12910755
  vertex 0.0076532587 -0.112054296 0.14079341
  vertex -0.010004645 -0.112569176 0.14023414
 endloop
endfacet
facet normal -0.004443808 -0.66184705 0.74962574
 outer loop
  vertex -0.0092944605 -0.12574594 0.12860455
  vertex 0.00836688 -0.1252948 0.12910755
  vertex -0.010004645 -0.112569176 0.14023414
 endloop
endfacet
facet normal 0.95472974 -0.16625664 0.24667752
 outer loop
  vertex 0.17446308 -0.02607866 0.03632084
  vertex 0.17425592 -0.022235144 0.039713074
  vertex 0.16901955 -0.032944158 0.052761998
 endloop
endfacet
facet normal 0.95472986 -0.16625655 0.2466775
 outer loop
  vertex 0.16929264 -0.038011074 0.04829001
  vertex 0.17446308 -0.02607866 0.03632084
  vertex 0.16901955 -0.032944158 0.052761998
 endloop
endfacet
facet normal -0.98082083 -0.15599793 0.11685533
 outer loop
  vertex -0.17468873 -0.034997173 0.026376544
  vertex -0.17482795 -0.032414075 0.028656341
  vertex -0.17815953 -0.021691792 0.015006681
 endloop
endfacet
facet normal -0.98082083 -0.15599751 0.11685583
 outer loop
  vertex -0.17808959 -0.02298959 0.013861265
  vertex -0.17468873 -0.034997173 0.026376544
  vertex -0.17815953 -0.021691792 0.015006681
 endloop
endfacet
facet normal -0.10224195 -0.66134316 0.7430826
 outer loop
  vertex -0.0092944605 -0.12574594 0.12860455
  vertex -0.010004645 -0.112569176 0.14023414
  vertex -0.027566219 -0.112 0.13832438
 endloop
endfacet
facet normal -0.10224236 -0.66134346 0.7430823
 outer loop
  vertex -0.02686631 -0.124986105 0.12686305
  vertex -0.0092944605 -0.12574594 0.12860455
  vertex -0.027566219 -0.112 0.13832438
 endloop
endfacet
facet normal 0.92121327 -0.22835599 0.3149915
 outer loop
  vertex 0.16929264 -0.038011074 0.04829001
  vertex 0.16901955 -0.032944158 0.052761998
  vertex 0.16215543 -0.043335997 0.06530289
 endloop
endfacet
facet normal 0.9212132 -0.22835673 0.31499124
 outer loop
  vertex 0.16249183 -0.049577523 0.059794217
  vertex 0.16929264 -0.038011074 0.04829001
  vertex 0.16215543 -0.043335997 0.06530289
 endloop
endfacet
facet normal -0.19906728 -0.65448475 0.7293983
 outer loop
  vertex -0.02686631 -0.124986105 0.12686305
  vertex -0.027566219 -0.112 0.13832438
  vertex -0.044862315 -0.11035225 0.13508245
 endloop
endfacet
facet normal -0.19906677 -0.65448445 0.7293987
 outer loop
  vertex -0.044179425 -0.12302263 0.12389978
  vertex -0.02686631 -0.124986105 0.12686305
  vertex -0.044862315 -0.11035225 0.13508245
 endloop
endfacet
facet normal 0.87881905 -0.2882421 0.38025466
 outer loop
  vertex 0.16249183 -0.049577523 0.059794217
  vertex 0.16215543 -0.043335997 0.06530289
  vertex 0.15372968 -0.053310543 0.07721499
 endloop
endfacet
facet normal 0.87881935 -0.28824055 0.38025516
 outer loop
  vertex 0.15412615 -0.060666587 0.07072267
  vertex 0.16249183 -0.049577523 0.059794217
  vertex 0.15372968 -0.053310543 0.07721499
 endloop
endfacet
facet normal -0.29399142 -0.6413344 0.7087025
 outer loop
  vertex -0.044179425 -0.12302263 0.12389978
  vertex -0.044862315 -0.11035225 0.13508245
  vertex -0.061726347 -0.107641734 0.1305396
 endloop
endfacet
facet normal -0.29399177 -0.6413347 0.7087021
 outer loop
  vertex -0.06106705 -0.119874366 0.119743265
  vertex -0.044179425 -0.12302263 0.12389978
  vertex -0.061726347 -0.107641734 0.1305396
 endloop
endfacet
facet normal 0.82795775 -0.3453395 0.44184443
 outer loop
  vertex 0.15412615 -0.060666587 0.07072267
  vertex 0.15372968 -0.053310543 0.07721499
  vertex 0.14382343 -0.06277166 0.0883833
 endloop
endfacet
facet normal 0.8279575 -0.34534055 0.44184422
 outer loop
  vertex 0.14427614 -0.07117136 0.08096987
  vertex 0.15412615 -0.060666587 0.07072267
  vertex 0.14382343 -0.06277166 0.0883833
 endloop
endfacet
facet normal -0.3861012 -0.6220175 0.6811902
 outer loop
  vertex -0.06106705 -0.119874366 0.119743265
  vertex -0.061726347 -0.107641734 0.1305396
  vertex -0.07799592 -0.10389456 0.12473961
 endloop
endfacet
facet normal -0.38610092 -0.6220173 0.68119043
 outer loop
  vertex -0.07736656 -0.11557165 0.1144336
  vertex -0.06106705 -0.119874366 0.119743265
  vertex -0.07799592 -0.10389456 0.12473961
 endloop
endfacet
facet normal 0.7691334 -0.39909425 0.49915692
 outer loop
  vertex 0.14427614 -0.07117136 0.08096987
  vertex 0.14382343 -0.06277166 0.0883833
  vertex 0.13253206 -0.071628325 0.09870055
 endloop
endfacet
facet normal 0.76913315 -0.39909473 0.49915674
 outer loop
  vertex 0.13303666 -0.08099079 0.09043739
  vertex 0.14427614 -0.07117136 0.08096987
  vertex 0.13253206 -0.071628325 0.09870055
 endloop
endfacet
facet normal -0.47450733 -0.59671706 0.6471256
 outer loop
  vertex -0.07736656 -0.11557165 0.1144336
  vertex -0.07799592 -0.10389456 0.12473961
  vertex -0.09351437 -0.09914694 0.11773845
 endloop
endfacet
facet normal -0.47450754 -0.59671724 0.64712524
 outer loop
  vertex -0.09292101 -0.11015602 0.108022004
  vertex -0.07736656 -0.11557165 0.1144336
  vertex -0.09351437 -0.09914694 0.11773845
 endloop
endfacet
facet normal 0.70291007 -0.44899565 0.5516524
 outer loop
  vertex 0.13303666 -0.08099079 0.09043739
  vertex 0.13253206 -0.071628325 0.09870055
  vertex 0.11996433 -0.0797951 0.10806721
 endloop
endfacet
facet normal 0.70291054 -0.44899458 0.5516526
 outer loop
  vertex 0.12051597 -0.09003015 0.09903392
  vertex 0.13303666 -0.08099079 0.09043739
  vertex 0.11996433 -0.0797951 0.10806721
 endloop
endfacet
facet normal -0.5583815 -0.5656661 0.60682124
 outer loop
  vertex -0.09292101 -0.11015602 0.108022004
  vertex -0.09351437 -0.09914694 0.11773845
  vertex -0.10813223 -0.09344443 0.109603226
 endloop
endfacet
facet normal -0.55838126 -0.5656659 0.6068216
 outer loop
  vertex -0.10758059 -0.10367948 0.10056994
  vertex -0.09292101 -0.11015602 0.108022004
  vertex -0.10813223 -0.09344443 0.109603226
 endloop
endfacet
facet normal 0.6299445 -0.49455574 0.59881926
 outer loop
  vertex 0.12051597 -0.09003015 0.09903392
  vertex 0.11996433 -0.0797951 0.10806721
  vertex 0.1062413 -0.08719354 0.11639327
 endloop
endfacet
facet normal 0.629944 -0.4945566 0.5988191
 outer loop
  vertex 0.10683466 -0.098202616 0.106676824
  vertex 0.12051597 -0.09003015 0.09903392
  vertex 0.1062413 -0.08719354 0.11639327
 endloop
endfacet
facet normal -0.6368865 -0.52916867 0.5606747
 outer loop
  vertex -0.10758059 -0.10367948 0.10056994
  vertex -0.10813223 -0.09344443 0.109603226
  vertex -0.1217087 -0.08684213 0.10041262
 endloop
endfacet
facet normal -0.6368865 -0.5291686 0.5606748
 outer loop
  vertex -0.12120409 -0.096204594 0.09214946
  vertex -0.10758059 -0.10367948 0.10056994
  vertex -0.1217087 -0.08684213 0.10041262
 endloop
endfacet
facet normal 0.5509192 -0.5353559 0.6402204
 outer loop
  vertex 0.10683466 -0.098202616 0.106676824
  vertex 0.1062413 -0.08719354 0.11639327
  vertex 0.091495104 -0.09375216 0.12359823
 endloop
endfacet
facet normal 0.5509194 -0.5353555 0.6402205
 outer loop
  vertex 0.09212446 -0.10542925 0.113292225
  vertex 0.10683466 -0.098202616 0.106676824
  vertex 0.091495104 -0.09375216 0.12359823
 endloop
endfacet
facet normal -0.7092864 -0.48756266 0.5091124
 outer loop
  vertex -0.12120409 -0.096204594 0.09214946
  vertex -0.1217087 -0.08684213 0.10041262
  vertex -0.13411306 -0.079403415 0.09025493
 endloop
endfacet
facet normal -0.7092862 -0.48756245 0.50911283
 outer loop
  vertex -0.13366035 -0.08780311 0.0828415
  vertex -0.12120409 -0.096204594 0.09214946
  vertex -0.13411306 -0.079403415 0.09025493
 endloop
endfacet
facet normal 0.4666251 -0.57099044 0.6754486
 outer loop
  vertex 0.09212446 -0.10542925 0.113292225
  vertex 0.091495104 -0.09375216 0.12359823
  vertex 0.07586774 -0.09940801 0.12961303
 endloop
endfacet
facet normal 0.46662474 -0.57099116 0.6754484
 outer loop
  vertex 0.076527044 -0.11164064 0.11881669
  vertex 0.09212446 -0.10542925 0.113292225
  vertex 0.07586774 -0.09940801 0.12961303
 endloop
endfacet
facet normal -0.774864 -0.44125322 0.45263815
 outer loop
  vertex -0.13366035 -0.08780311 0.0828415
  vertex -0.13411306 -0.079403415 0.09025493
  vertex -0.14522582 -0.07120008 0.07922817
 endloop
endfacet
facet normal -0.7748643 -0.44125363 0.45263734
 outer loop
  vertex -0.14482935 -0.07855613 0.072735846
  vertex -0.13366035 -0.08780311 0.0828415
  vertex -0.14522582 -0.07120008 0.07922817
 endloop
endfacet
facet normal 0.37785712 -0.60113096 0.7041772
 outer loop
  vertex 0.076527044 -0.11164064 0.11881669
  vertex 0.07586774 -0.09940801 0.12961303
  vertex 0.059509747 -0.10410661 0.1343796
 endloop
endfacet
facet normal 0.3778577 -0.60113025 0.70417756
 outer loop
  vertex 0.060192637 -0.11677699 0.12319693
  vertex 0.076527044 -0.11164064 0.11881669
  vertex 0.059509747 -0.10410661 0.1343796
 endloop
endfacet
facet normal -0.83299285 -0.39067757 0.3917829
 outer loop
  vertex -0.14482935 -0.07855613 0.072735846
  vertex -0.14522582 -0.07120008 0.07922817
  vertex -0.15493998 -0.06231106 0.06743827
 endloop
endfacet
facet normal -0.83299303 -0.39067796 0.39178208
 outer loop
  vertex -0.15460357 -0.06855259 0.061929587
  vertex -0.14482935 -0.07855613 0.072735846
  vertex -0.15493998 -0.06231106 0.06743827
 endloop
endfacet
facet normal 0.28546304 -0.62549 0.72613573
 outer loop
  vertex 0.060192637 -0.11677699 0.12319693
  vertex 0.059509747 -0.10410661 0.1343796
  vertex 0.04257865 -0.107802525 0.13785201
 endloop
endfacet
facet normal 0.28546265 -0.62549037 0.7261355
 outer loop
  vertex 0.04327856 -0.12078863 0.12639068
  vertex 0.060192637 -0.11677699 0.12319693
  vertex 0.04257865 -0.107802525 0.13785201
 endloop
endfacet
facet normal -0.8830989 -0.3363267 0.32714027
 outer loop
  vertex -0.15460357 -0.06855259 0.061929587
  vertex -0.15493998 -0.06231106 0.06743827
  vertex -0.163162 -0.05282194 0.05499893
 endloop
endfacet
facet normal -0.8830988 -0.33632648 0.32714054
 outer loop
  vertex -0.1628889 -0.057888858 0.05052694
  vertex -0.15460357 -0.06855259 0.061929587
  vertex -0.163162 -0.05282194 0.05499893
 endloop
endfacet
facet normal 0.19033946 -0.6438353 0.741112
 outer loop
  vertex 0.04327856 -0.12078863 0.12639068
  vertex 0.04257865 -0.107802525 0.13785201
  vertex 0.025237478 -0.11046029 0.13999683
 endloop
endfacet
facet normal 0.19033985 -0.64383495 0.74111223
 outer loop
  vertex 0.025947664 -0.12363705 0.12836723
  vertex 0.04327856 -0.12078863 0.12639068
  vertex 0.025237478 -0.11046029 0.13999683
 endloop
endfacet
facet normal 0.9939037 -0.037831053 0.10355775
 outer loop
  vertex 0.17972979 -0.0015776306 0.011451696
  vertex 0.17965984 -0.00027983263 0.012597112
  vertex 0.1778141 -0.011311931 0.026281642
 endloop
endfacet
facet normal 0.9939037 -0.03783027 0.1035583
 outer loop
  vertex 0.17795332 -0.01389503 0.024001842
  vertex 0.17972979 -0.0015776306 0.011451696
  vertex 0.1778141 -0.011311931 0.026281642
 endloop
endfacet
facet normal -0.9246946 -0.2787225 0.2593331
 outer loop
  vertex -0.1628889 -0.057888858 0.05052694
  vertex -0.163162 -0.05282194 0.05499893
  vertex -0.16981266 -0.042824257 0.04203005
 endloop
endfacet
facet normal -0.9246946 -0.27872232 0.25933337
 outer loop
  vertex -0.16960551 -0.046667777 0.03863782
  vertex -0.1628889 -0.057888858 0.05052694
  vertex -0.16981266 -0.042824257 0.04203005
 endloop
endfacet
facet normal 0.09339471 -0.6559924 0.7489669
 outer loop
  vertex 0.025947664 -0.12363705 0.12836723
  vertex 0.025237478 -0.11046029 0.13999683
  vertex 0.0076532587 -0.112054296 0.14079341
 endloop
endfacet
facet normal 0.093394525 -0.65599257 0.7489668
 outer loop
  vertex 0.00836688 -0.1252948 0.12910755
  vertex 0.025947664 -0.12363705 0.12836723
  vertex 0.0076532587 -0.112054296 0.14079341
 endloop
endfacet
facet normal 0.92281514 -0.2584227 0.28570956
 outer loop
  vertex 0.16953489 -0.042616248 0.043342218
  vertex 0.16929264 -0.038011074 0.04829001
  vertex 0.16249183 -0.049577523 0.059794217
 endloop
endfacet
facet normal 0.9228154 -0.258421 0.28571042
 outer loop
  vertex 0.16279025 -0.055250257 0.053699426
  vertex 0.16953489 -0.042616248 0.043342218
  vertex 0.16249183 -0.049577523 0.059794217
 endloop
endfacet
facet normal -0.19543548 -0.7226361 0.66302484
 outer loop
  vertex -0.02624543 -0.13678876 0.114182256
  vertex -0.02686631 -0.124986105 0.12686305
  vertex -0.044179425 -0.12302263 0.12389978
 endloop
endfacet
facet normal -0.19543475 -0.7226357 0.66302556
 outer loop
  vertex -0.04357364 -0.13453835 0.11152729
  vertex -0.02624543 -0.13678876 0.114182256
  vertex -0.044179425 -0.12302263 0.12389978
 endloop
endfacet
facet normal 0.88074535 -0.32438874 0.34505004
 outer loop
  vertex 0.16279025 -0.055250257 0.053699426
  vertex 0.16249183 -0.049577523 0.059794217
  vertex 0.15412615 -0.060666587 0.07072267
 endloop
endfacet
facet normal 0.88074505 -0.3243904 0.34504938
 outer loop
  vertex 0.15447785 -0.06735225 0.06353958
  vertex 0.16279025 -0.055250257 0.053699426
  vertex 0.15412615 -0.060666587 0.07072267
 endloop
endfacet
facet normal -0.29046693 -0.7074883 0.6442742
 outer loop
  vertex -0.04357364 -0.13453835 0.11152729
  vertex -0.044179425 -0.12302263 0.12389978
  vertex -0.06106705 -0.119874366 0.119743265
 endloop
endfacet
facet normal -0.290468 -0.70748895 0.6442729
 outer loop
  vertex -0.060482193 -0.1309922 0.107798226
  vertex -0.04357364 -0.13453835 0.11152729
  vertex -0.06106705 -0.119874366 0.119743265
 endloop
endfacet
facet normal 0.83018917 -0.3872223 0.40105483
 outer loop
  vertex 0.15447785 -0.06735225 0.06353958
  vertex 0.15412615 -0.060666587 0.07072267
  vertex 0.14427614 -0.07117136 0.08096987
 endloop
endfacet
facet normal 0.8301892 -0.38722166 0.4010551
 outer loop
  vertex 0.14467774 -0.07880557 0.07276766
  vertex 0.15447785 -0.06735225 0.06353958
  vertex 0.14427614 -0.07117136 0.08096987
 endloop
endfacet
facet normal -0.3827165 -0.6855387 0.6193261
 outer loop
  vertex -0.060482193 -0.1309922 0.107798226
  vertex -0.06106705 -0.119874366 0.119743265
  vertex -0.07736656 -0.11557165 0.1144336
 endloop
endfacet
facet normal -0.38271603 -0.6855384 0.61932665
 outer loop
  vertex -0.07680827 -0.12618458 0.10303105
  vertex -0.060482193 -0.1309922 0.107798226
  vertex -0.07736656 -0.11557165 0.1144336
 endloop
endfacet
facet normal 0.7716486 -0.44630355 0.4531794
 outer loop
  vertex 0.14467774 -0.07880557 0.07276766
  vertex 0.14427614 -0.07117136 0.08096987
  vertex 0.13303666 -0.08099079 0.09043739
 endloop
endfacet
facet normal 0.7716487 -0.44630337 0.45317945
 outer loop
  vertex 0.13348429 -0.08950004 0.08129505
  vertex 0.14467774 -0.07880557 0.07276766
  vertex 0.13303666 -0.08099079 0.09043739
 endloop
endfacet
facet normal -0.47129607 -0.65699345 0.58842134
 outer loop
  vertex -0.07680827 -0.12618458 0.10303105
  vertex -0.07736656 -0.11557165 0.1144336
  vertex -0.09292101 -0.11015602 0.108022004
 endloop
endfacet
facet normal -0.4712955 -0.65699315 0.5884222
 outer loop
  vertex -0.09239466 -0.12016184 0.097271755
  vertex -0.07680827 -0.12618458 0.10303105
  vertex -0.09292101 -0.11015602 0.108022004
 endloop
endfacet
facet normal 0.70568544 -0.5010763 0.5009297
 outer loop
  vertex 0.13348429 -0.08950004 0.08129505
  vertex 0.13303666 -0.08099079 0.09043739
  vertex 0.12051597 -0.09003015 0.09903392
 endloop
endfacet
facet normal 0.7056852 -0.501077 0.5009295
 outer loop
  vertex 0.12100532 -0.09933247 0.0890395
  vertex 0.13348429 -0.08950004 0.08129505
  vertex 0.12051597 -0.09003015 0.09903392
 endloop
endfacet
facet normal -0.55537343 -0.6221164 0.55184394
 outer loop
  vertex -0.09239466 -0.12016184 0.097271755
  vertex -0.09292101 -0.11015602 0.108022004
  vertex -0.10758059 -0.10367948 0.10056994
 endloop
endfacet
facet normal -0.55537385 -0.62211657 0.5518432
 outer loop
  vertex -0.10709124 -0.11298179 0.09057552
  vertex -0.09239466 -0.12016184 0.097271755
  vertex -0.10758059 -0.10367948 0.10056994
 endloop
endfacet
facet normal 0.6329518 -0.5510073 0.543841
 outer loop
  vertex 0.12100532 -0.09933247 0.0890395
  vertex 0.12051597 -0.09003015 0.09903392
  vertex 0.10683466 -0.098202616 0.106676824
 endloop
endfacet
facet normal 0.63295215 -0.5510067 0.54384124
 outer loop
  vertex 0.10736101 -0.10820843 0.095926575
  vertex 0.12100532 -0.09933247 0.0890395
  vertex 0.10683466 -0.098202616 0.106676824
 endloop
endfacet
facet normal -0.6341113 -0.58125037 0.5099518
 outer loop
  vertex -0.10709124 -0.11298179 0.09057552
  vertex -0.10758059 -0.10367948 0.10056994
  vertex -0.12120409 -0.096204594 0.09214946
 endloop
endfacet
facet normal -0.63411117 -0.58125025 0.5099521
 outer loop
  vertex -0.12075646 -0.10471384 0.08300712
  vertex -0.10709124 -0.11298179 0.09057552
  vertex -0.12120409 -0.096204594 0.09214946
 endloop
endfacet
facet normal 0.55413103 -0.5956316 0.5815167
 outer loop
  vertex 0.10736101 -0.10820843 0.095926575
  vertex 0.10683466 -0.098202616 0.106676824
  vertex 0.09212446 -0.10542925 0.113292225
 endloop
endfacet
facet normal 0.55413055 -0.5956325 0.58151644
 outer loop
  vertex 0.09268275 -0.11604218 0.10188967
  vertex 0.10736101 -0.10820843 0.095926575
  vertex 0.09212446 -0.10542925 0.113292225
 endloop
endfacet
facet normal -0.7067709 -0.534772 0.4631348
 outer loop
  vertex -0.12075646 -0.10471384 0.08300712
  vertex -0.12120409 -0.096204594 0.09214946
  vertex -0.13366035 -0.08780311 0.0828415
 endloop
endfacet
facet normal -0.70677114 -0.53477216 0.46313438
 outer loop
  vertex -0.13325875 -0.095437326 0.07463929
  vertex -0.12075646 -0.10471384 0.08300712
  vertex -0.13366035 -0.08780311 0.0828415
 endloop
endfacet
facet normal 0.47000912 -0.6345119 0.6135847
 outer loop
  vertex 0.09268275 -0.11604218 0.10188967
  vertex 0.09212446 -0.10542925 0.113292225
  vertex 0.076527044 -0.11164064 0.11881669
 endloop
endfacet
facet normal 0.4700099 -0.63451064 0.6135852
 outer loop
  vertex 0.0771119 -0.1227585 0.106871665
  vertex 0.09268275 -0.11604218 0.10188967
  vertex 0.076527044 -0.11164064 0.11881669
 endloop
endfacet
facet normal -0.77263284 -0.48313498 0.41184828
 outer loop
  vertex -0.13325875 -0.095437326 0.07463929
  vertex -0.13366035 -0.08780311 0.0828415
  vertex -0.14482935 -0.07855613 0.072735846
 endloop
endfacet
facet normal -0.7726327 -0.48313487 0.41184866
 outer loop
  vertex -0.14447765 -0.085241795 0.065552756
  vertex -0.13325875 -0.095437326 0.07463929
  vertex -0.14482935 -0.07855613 0.072735846
 endloop
endfacet
facet normal 0.38138267 -0.66728395 0.6397495
 outer loop
  vertex 0.0771119 -0.1227585 0.106871665
  vertex 0.076527044 -0.11164064 0.11881669
  vertex 0.060192637 -0.11677699 0.12319693
 endloop
endfacet
facet normal 0.3813824 -0.6672842 0.63974935
 outer loop
  vertex 0.06079842 -0.12829271 0.110824436
  vertex 0.0771119 -0.1227585 0.106871665
  vertex 0.060192637 -0.11677699 0.12319693
 endloop
endfacet
facet normal -0.831067 -0.4268255 0.3565776
 outer loop
  vertex -0.14447765 -0.085241795 0.065552756
  vertex -0.14482935 -0.07855613 0.072735846
  vertex -0.15460357 -0.06855259 0.061929587
 endloop
endfacet
facet normal -0.8310669 -0.42682534 0.35657796
 outer loop
  vertex -0.15430516 -0.07422533 0.055834793
  vertex -0.14447765 -0.085241795 0.065552756
  vertex -0.15460357 -0.06855259 0.061929587
 endloop
endfacet
facet normal 0.2890938 -0.69364125 0.6597625
 outer loop
  vertex 0.06079842 -0.12829271 0.110824436
  vertex 0.060192637 -0.11677699 0.12319693
  vertex 0.04327856 -0.12078863 0.12639068
 endloop
endfacet
facet normal 0.28909364 -0.6936414 0.65976244
 outer loop
  vertex 0.04389944 -0.13259128 0.113709904
  vertex 0.06079842 -0.12829271 0.110824436
  vertex 0.04327856 -0.12078863 0.12639068
 endloop
endfacet
facet normal -0.88149685 -0.36639142 0.29785982
 outer loop
  vertex -0.15430516 -0.07422533 0.055834793
  vertex -0.15460357 -0.06855259 0.061929587
  vertex -0.1628889 -0.057888858 0.05052694
 endloop
endfacet
facet normal -0.88149685 -0.3663913 0.2978602
 outer loop
  vertex -0.16264665 -0.062494025 0.045579143
  vertex -0.15430516 -0.07422533 0.055834793
  vertex -0.1628889 -0.057888858 0.05052694
 endloop
endfacet
facet normal 0.19404261 -0.71332806 0.6734319
 outer loop
  vertex 0.04389944 -0.13259128 0.113709904
  vertex 0.04327856 -0.12078863 0.12639068
  vertex 0.025947664 -0.12363705 0.12836723
 endloop
endfacet
facet normal 0.19404244 -0.71332824 0.67343175
 outer loop
  vertex 0.026577659 -0.13561298 0.11550028
  vertex 0.04389944 -0.13259128 0.113709904
  vertex 0.025947664 -0.12363705 0.12836723
 endloop
endfacet
facet normal 0.99445355 -0.048151057 0.0935067
 outer loop
  vertex 0.17979184 -0.0027571572 0.01018441
  vertex 0.17972979 -0.0015776306 0.011451696
  vertex 0.17795332 -0.01389503 0.024001842
 endloop
endfacet
facet normal 0.9944536 -0.048150666 0.093507044
 outer loop
  vertex 0.17807682 -0.016242728 0.021479476
  vertex 0.17979184 -0.0027571572 0.01018441
  vertex 0.17795332 -0.01389503 0.024001842
 endloop
endfacet
facet normal -0.92343223 -0.30241385 0.23625998
 outer loop
  vertex -0.16264665 -0.062494025 0.045579143
  vertex -0.1628889 -0.057888858 0.05052694
  vertex -0.16960551 -0.046667777 0.03863782
 endloop
endfacet
facet normal -0.9234323 -0.3024142 0.23625924
 outer loop
  vertex -0.16942175 -0.050161034 0.034884658
  vertex -0.16264665 -0.062494025 0.045579143
  vertex -0.16960551 -0.046667777 0.03863782
 endloop
endfacet
facet normal 0.09713321 -0.7261598 0.6806299
 outer loop
  vertex 0.026577659 -0.13561298 0.11550028
  vertex 0.025947664 -0.12363705 0.12836723
  vertex 0.00836688 -0.1252948 0.12910755
 endloop
endfacet
facet normal 0.09713285 -0.7261601 0.6806296
 outer loop
  vertex 0.008999922 -0.13732868 0.11617833
  vertex 0.026577659 -0.13561298 0.11550028
  vertex 0.00836688 -0.1252948 0.12910755
 endloop
endfacet
facet normal 0.97995096 -0.119629696 0.15932623
 outer loop
  vertex 0.17807682 -0.016242728 0.021479476
  vertex 0.17795332 -0.01389503 0.024001842
  vertex 0.17446308 -0.02607866 0.03632084
 endloop
endfacet
facet normal 0.97995096 -0.11963013 0.15932593
 outer loop
  vertex 0.17464684 -0.029571917 0.03256768
  vertex 0.17807682 -0.016242728 0.021479476
  vertex 0.17446308 -0.02607866 0.03632084
 endloop
endfacet
facet normal -0.95646584 -0.23550542 0.17236654
 outer loop
  vertex -0.16942175 -0.050161034 0.034884658
  vertex -0.16960551 -0.046667777 0.03863782
  vertex -0.17468873 -0.034997173 0.026376544
 endloop
endfacet
facet normal -0.9564659 -0.23550567 0.17236604
 outer loop
  vertex -0.17456523 -0.037344866 0.023854176
  vertex -0.16942175 -0.050161034 0.034884658
  vertex -0.17468873 -0.034997173 0.026376544
 endloop
endfacet
facet normal -0.0007052004 -0.7320147 0.6812884
 outer loop
  vertex 0.008999922 -0.13732868 0.11617833
  vertex 0.00836688 -0.1252948 0.12910755
  vertex -0.0092944605 -0.12574594 0.12860455
 endloop
endfacet
facet normal -0.0007042448 -0.732014 0.68128926
 outer loop
  vertex -0.0086644655 -0.13772188 0.115737595
  vertex 0.008999922 -0.13732868 0.11617833
  vertex -0.0092944605 -0.12574594 0.12860455
 endloop
endfacet
facet normal 0.95599216 -0.18994948 0.22360271
 outer loop
  vertex 0.17464684 -0.029571917 0.03256768
  vertex 0.17446308 -0.02607866 0.03632084
  vertex 0.16929264 -0.038011074 0.04829001
 endloop
endfacet
facet normal 0.95599216 -0.1899498 0.22360258
 outer loop
  vertex 0.16953489 -0.042616248 0.043342218
  vertex 0.17464684 -0.029571917 0.03256768
  vertex 0.16929264 -0.038011074 0.04829001
 endloop
endfacet
facet normal -0.9802709 -0.16631824 0.10680435
 outer loop
  vertex -0.17456523 -0.037344866 0.023854176
  vertex -0.17468873 -0.034997173 0.026376544
  vertex -0.17808959 -0.02298959 0.013861265
 endloop
endfacet
facet normal -0.98027086 -0.16631788 0.10680482
 outer loop
  vertex -0.17802754 -0.024169117 0.01259398
  vertex -0.17456523 -0.037344866 0.023854176
  vertex -0.17808959 -0.02298959 0.013861265
 endloop
endfacet
facet normal -0.098539755 -0.73083603 0.6754025
 outer loop
  vertex -0.0086644655 -0.13772188 0.115737595
  vertex -0.0092944605 -0.12574594 0.12860455
  vertex -0.02686631 -0.124986105 0.12686305
 endloop
endfacet
facet normal -0.09854071 -0.73083663 0.6754017
 outer loop
  vertex -0.02624543 -0.13678876 0.114182256
  vertex -0.0086644655 -0.13772188 0.115737595
  vertex -0.02686631 -0.124986105 0.12686305
 endloop
endfacet
facet normal 0.8321437 -0.42491242 0.3563513
 outer loop
  vertex 0.15478139 -0.07330318 0.055734895
  vertex 0.15447785 -0.06735225 0.06353958
  vertex 0.14467774 -0.07880557 0.07276766
 endloop
endfacet
facet normal 0.8321439 -0.42491183 0.35635152
 outer loop
  vertex 0.14502436 -0.08560079 0.06385566
  vertex 0.15478139 -0.07330318 0.055734895
  vertex 0.14467774 -0.07880557 0.07276766
 endloop
endfacet
facet normal -0.37975186 -0.7427031 0.55152565
 outer loop
  vertex -0.059977416 -0.1408882 0.09481951
  vertex -0.060482193 -0.1309922 0.107798226
  vertex -0.07680827 -0.12618458 0.10303105
 endloop
endfacet
facet normal -0.37975156 -0.74270296 0.5515262
 outer loop
  vertex -0.076326415 -0.13563116 0.09064176
  vertex -0.059977416 -0.1408882 0.09481951
  vertex -0.07680827 -0.12618458 0.10303105
 endloop
endfacet
facet normal 0.77385175 -0.48878866 0.40278918
 outer loop
  vertex 0.14502436 -0.08560079 0.06385566
  vertex 0.14467774 -0.07880557 0.07276766
  vertex 0.13348429 -0.08950004 0.08129505
 endloop
endfacet
facet normal 0.7738515 -0.48878926 0.40278888
 outer loop
  vertex 0.13387063 -0.097074114 0.071361564
  vertex 0.14502436 -0.08560079 0.06385566
  vertex 0.13348429 -0.08950004 0.08129505
 endloop
endfacet
facet normal -0.4684829 -0.71123827 0.5240839
 outer loop
  vertex -0.076326415 -0.13563116 0.09064176
  vertex -0.07680827 -0.12618458 0.10303105
  vertex -0.09239466 -0.12016184 0.097271755
 endloop
endfacet
facet normal -0.46848288 -0.7112382 0.524084
 outer loop
  vertex -0.091940366 -0.12906802 0.08559121
  vertex -0.076326415 -0.13563116 0.09064176
  vertex -0.09239466 -0.12016184 0.097271755
 endloop
endfacet
facet normal 0.70811546 -0.547947 0.44533873
 outer loop
  vertex 0.13387063 -0.097074114 0.071361564
  vertex 0.13348429 -0.08950004 0.08129505
  vertex 0.12100532 -0.09933247 0.0890395
 endloop
endfacet
facet normal 0.70811534 -0.5479473 0.44533867
 outer loop
  vertex 0.12142766 -0.10761245 0.0781802
  vertex 0.13387063 -0.097074114 0.071361564
  vertex 0.12100532 -0.09933247 0.0890395
 endloop
endfacet
facet normal -0.5527395 -0.6729185 0.49158898
 outer loop
  vertex -0.091940366 -0.12906802 0.08559121
  vertex -0.09239466 -0.12016184 0.097271755
  vertex -0.10709124 -0.11298179 0.09057552
 endloop
endfacet
facet normal -0.55273926 -0.6729184 0.49158937
 outer loop
  vertex -0.1066689 -0.12126178 0.07971623
  vertex -0.091940366 -0.12906802 0.08559121
  vertex -0.10709124 -0.11298179 0.09057552
 endloop
endfacet
facet normal 0.6355863 -0.60180914 0.4835864
 outer loop
  vertex 0.12142766 -0.10761245 0.0781802
  vertex 0.12100532 -0.09933247 0.0890395
  vertex 0.10736101 -0.10820843 0.095926575
 endloop
endfacet
facet normal 0.6355867 -0.6018085 0.48358664
 outer loop
  vertex 0.1078153 -0.11711461 0.08424603
  vertex 0.12142766 -0.10761245 0.0781802
  vertex 0.10736101 -0.10820843 0.095926575
 endloop
endfacet
facet normal -0.63168067 -0.6281203 0.45436153
 outer loop
  vertex -0.1066689 -0.12126178 0.07971623
  vertex -0.10709124 -0.11298179 0.09057552
  vertex -0.12075646 -0.10471384 0.08300712
 endloop
endfacet
facet normal -0.6316811 -0.62812054 0.45436066
 outer loop
  vertex -0.12037012 -0.112287916 0.07307363
  vertex -0.1066689 -0.12126178 0.07971623
  vertex -0.12075646 -0.10471384 0.08300712
 endloop
endfacet
facet normal 0.5569433 -0.64987683 0.51717913
 outer loop
  vertex 0.1078153 -0.11711461 0.08424603
  vertex 0.10736101 -0.10820843 0.095926575
  vertex 0.09268275 -0.11604218 0.10188967
 endloop
endfacet
facet normal 0.556944 -0.6498758 0.51717967
 outer loop
  vertex 0.09316461 -0.12548877 0.0895004
  vertex 0.1078153 -0.11711461 0.08424603
  vertex 0.09268275 -0.11604218 0.10188967
 endloop
endfacet
facet normal -0.7045681 -0.5772575 0.41274396
 outer loop
  vertex -0.12037012 -0.112287916 0.07307363
  vertex -0.12075646 -0.10471384 0.08300712
  vertex -0.13325875 -0.095437326 0.07463929
 endloop
endfacet
facet normal -0.70456797 -0.57725745 0.4127444
 outer loop
  vertex -0.13291213 -0.102232546 0.06572729
  vertex -0.12037012 -0.112287916 0.07307363
  vertex -0.13325875 -0.095437326 0.07463929
 endloop
endfacet
facet normal 0.47297403 -0.69167507 0.5457849
 outer loop
  vertex 0.09316461 -0.12548877 0.0895004
  vertex 0.09268275 -0.11604218 0.10188967
  vertex 0.0771119 -0.1227585 0.106871665
 endloop
endfacet
facet normal 0.4729729 -0.6916765 0.54578406
 outer loop
  vertex 0.07761668 -0.1326545 0.09389295
  vertex 0.09316461 -0.12548877 0.0895004
  vertex 0.0771119 -0.1227585 0.106871665
 endloop
endfacet
facet normal -0.7706784 -0.52082556 0.36714497
 outer loop
  vertex -0.13291213 -0.102232546 0.06572729
  vertex -0.13325875 -0.095437326 0.07463929
  vertex -0.14447765 -0.085241795 0.065552756
 endloop
endfacet
facet normal -0.7706779 -0.5208252 0.36714673
 outer loop
  vertex -0.14417411 -0.09119272 0.05774807
  vertex -0.13291213 -0.102232546 0.06572729
  vertex -0.14447765 -0.085241795 0.065552756
 endloop
endfacet
facet normal 0.38446966 -0.72681886 0.56913733
 outer loop
  vertex 0.07761668 -0.1326545 0.09389295
  vertex 0.0771119 -0.1227585 0.106871665
  vertex 0.06079842 -0.12829271 0.110824436
 endloop
endfacet
facet normal 0.38446987 -0.7268187 0.56913745
 outer loop
  vertex 0.061321266 -0.13854285 0.09738127
  vertex 0.07761668 -0.1326545 0.09389295
  vertex 0.06079842 -0.12829271 0.110824436
 endloop
endfacet
facet normal -0.8293801 -0.45935613 0.31799462
 outer loop
  vertex -0.14417411 -0.09119272 0.05774807
  vertex -0.14447765 -0.085241795 0.065552756
  vertex -0.15430516 -0.07422533 0.055834793
 endloop
endfacet
facet normal -0.82938033 -0.45935634 0.31799373
 outer loop
  vertex -0.15404761 -0.07927463 0.049212582
  vertex -0.14417411 -0.09119272 0.05774807
  vertex -0.15430516 -0.07422533 0.055834793
 endloop
endfacet
facet normal 0.29227373 -0.7549733 0.587019
 outer loop
  vertex 0.061321266 -0.13854285 0.09738127
  vertex 0.06079842 -0.12829271 0.110824436
  vertex 0.04389944 -0.13259128 0.113709904
 endloop
endfacet
facet normal 0.2922744 -0.75497276 0.5870195
 outer loop
  vertex 0.044435307 -0.14309683 0.09993178
  vertex 0.061321266 -0.13854285 0.09738127
  vertex 0.04389944 -0.13259128 0.113709904
 endloop
endfacet
facet normal -0.8800939 -0.39344892 0.26576826
 outer loop
  vertex -0.15404761 -0.07927463 0.049212582
  vertex -0.15430516 -0.07422533 0.055834793
  vertex -0.16264665 -0.062494025 0.045579143
 endloop
endfacet
facet normal -0.88009405 -0.3934493 0.26576692
 outer loop
  vertex -0.16243756 -0.06659309 0.040203184
  vertex -0.15404761 -0.07927463 0.049212582
  vertex -0.16264665 -0.062494025 0.045579143
 endloop
endfacet
facet normal 0.19728535 -0.77586716 0.59925675
 outer loop
  vertex 0.044435307 -0.14309683 0.09993178
  vertex 0.04389944 -0.13259128 0.113709904
  vertex 0.026577659 -0.13561298 0.11550028
 endloop
endfacet
facet normal 0.1972847 -0.7758677 0.5992562
 outer loop
  vertex 0.027121395 -0.14627276 0.10151986
  vertex 0.044435307 -0.14309683 0.09993178
  vertex 0.026577659 -0.13561298 0.11550028
 endloop
endfacet
facet normal 0.9949352 -0.057437826 0.08249188
 outer loop
  vertex 0.1798454 -0.0038070548 0.008807458
  vertex 0.17979184 -0.0027571572 0.01018441
  vertex 0.17807682 -0.016242728 0.021479476
 endloop
endfacet
facet normal 0.9949352 -0.05743906 0.08249068
 outer loop
  vertex 0.1781834 -0.01833241 0.018738832
  vertex 0.1798454 -0.0038070548 0.008807458
  vertex 0.17807682 -0.016242728 0.021479476
 endloop
endfacet
facet normal -0.9223267 -0.32373652 0.21096969
 outer loop
  vertex -0.16243756 -0.06659309 0.040203184
  vertex -0.16264665 -0.062494025 0.045579143
  vertex -0.16942175 -0.050161034 0.034884658
 endloop
endfacet
facet normal -0.9223264 -0.32373577 0.21097186
 outer loop
  vertex -0.16926315 -0.053270377 0.030806717
  vertex -0.16243756 -0.06659309 0.040203184
  vertex -0.16942175 -0.050161034 0.034884658
 endloop
endfacet
facet normal 0.10040729 -0.78930587 0.60573477
 outer loop
  vertex 0.027121395 -0.14627276 0.10151986
  vertex 0.026577659 -0.13561298 0.11550028
  vertex 0.008999922 -0.13732868 0.11617833
 endloop
endfacet
facet normal 0.10040688 -0.78930616 0.60573447
 outer loop
  vertex 0.00954629 -0.14804004 0.10213026
  vertex 0.027121395 -0.14627276 0.10151986
  vertex 0.008999922 -0.13732868 0.11617833
 endloop
endfacet
facet normal 0.98074836 -0.13500963 0.14108483
 outer loop
  vertex 0.1781834 -0.01833241 0.018738832
  vertex 0.17807682 -0.016242728 0.021479476
  vertex 0.17464684 -0.029571917 0.03256768
 endloop
endfacet
facet normal 0.9807484 -0.13501039 0.14108422
 outer loop
  vertex 0.17480543 -0.03268126 0.028489737
  vertex 0.1781834 -0.01833241 0.018738832
  vertex 0.17464684 -0.029571917 0.03256768
 endloop
endfacet
facet normal -0.9556685 -0.25088355 0.15412697
 outer loop
  vertex -0.16926315 -0.053270377 0.030806717
  vertex -0.16942175 -0.050161034 0.034884658
  vertex -0.17456523 -0.037344866 0.023854176
 endloop
endfacet
facet normal -0.9556685 -0.25088373 0.15412655
 outer loop
  vertex -0.17445864 -0.039434552 0.021113534
  vertex -0.16926315 -0.053270377 0.030806717
  vertex -0.17456523 -0.037344866 0.023854176
 endloop
endfacet
facet normal 0.0025700326 -0.7951607 0.6063932
 outer loop
  vertex 0.00954629 -0.14804004 0.10213026
  vertex 0.008999922 -0.13732868 0.11617833
  vertex -0.0086644655 -0.13772188 0.115737595
 endloop
endfacet
facet normal 0.0025704587 -0.7951604 0.6063936
 outer loop
  vertex -0.008120728 -0.14838167 0.101757176
  vertex 0.00954629 -0.14804004 0.10213026
  vertex -0.0086644655 -0.13772188 0.115737595
 endloop
endfacet
facet normal 0.95709777 -0.21127239 0.1983126
 outer loop
  vertex 0.17480543 -0.03268126 0.028489737
  vertex 0.17464684 -0.029571917 0.03256768
  vertex 0.16953489 -0.042616248 0.043342218
 endloop
endfacet
facet normal 0.95709795 -0.21127 0.19831426
 outer loop
  vertex 0.16974398 -0.046715304 0.037966255
  vertex 0.17480543 -0.03268126 0.028489737
  vertex 0.16953489 -0.042616248 0.043342218
 endloop
endfacet
facet normal -0.9797894 -0.17560498 0.09578982
 outer loop
  vertex -0.17445864 -0.039434552 0.021113534
  vertex -0.17456523 -0.037344866 0.023854176
  vertex -0.17802754 -0.024169117 0.01259398
 endloop
endfacet
facet normal -0.9797894 -0.17560594 0.09578814
 outer loop
  vertex -0.17797399 -0.025219014 0.011217028
  vertex -0.17445864 -0.039434552 0.021113534
  vertex -0.17802754 -0.024169117 0.01259398
 endloop
endfacet
facet normal -0.09529794 -0.79337573 0.60122633
 outer loop
  vertex -0.008120728 -0.14838167 0.101757176
  vertex -0.0086644655 -0.13772188 0.115737595
  vertex -0.02624543 -0.13678876 0.114182256
 endloop
endfacet
facet normal -0.09529728 -0.7933754 0.601227
 outer loop
  vertex -0.02570956 -0.14729431 0.10040413
  vertex -0.008120728 -0.14838167 0.101757176
  vertex -0.02624543 -0.13678876 0.114182256
 endloop
endfacet
facet normal 0.92421836 -0.2854789 0.25361812
 outer loop
  vertex 0.16974398 -0.046715304 0.037966255
  vertex 0.16953489 -0.042616248 0.043342218
  vertex 0.16279025 -0.055250257 0.053699426
 endloop
endfacet
facet normal 0.92421824 -0.28548014 0.25361735
 outer loop
  vertex 0.1630478 -0.060299553 0.047077216
  vertex 0.16974398 -0.046715304 0.037966255
  vertex 0.16279025 -0.055250257 0.053699426
 endloop
endfacet
facet normal -0.19225441 -0.78396726 0.5902826
 outer loop
  vertex -0.02570956 -0.14729431 0.10040413
  vertex -0.02624543 -0.13678876 0.114182256
  vertex -0.04357364 -0.13453835 0.11152729
 endloop
endfacet
facet normal -0.19225496 -0.7839675 0.5902821
 outer loop
  vertex -0.043050796 -0.14478849 0.09808413
  vertex -0.02570956 -0.14729431 0.10040413
  vertex -0.04357364 -0.13453835 0.11152729
 endloop
endfacet
facet normal 0.8824318 -0.35692194 0.3064651
 outer loop
  vertex 0.1630478 -0.060299553 0.047077216
  vertex 0.16279025 -0.055250257 0.053699426
  vertex 0.15447785 -0.06735225 0.06353958
 endloop
endfacet
facet normal 0.88243186 -0.35692152 0.30646527
 outer loop
  vertex 0.15478139 -0.07330318 0.055734895
  vertex 0.1630478 -0.060299553 0.047077216
  vertex 0.15447785 -0.06735225 0.06353958
 endloop
endfacet
facet normal -0.28738102 -0.76702267 0.5736622
 outer loop
  vertex -0.043050796 -0.14478849 0.09808413
  vertex -0.04357364 -0.13453835 0.11152729
  vertex -0.060482193 -0.1309922 0.107798226
 endloop
endfacet
facet normal -0.2873816 -0.76702297 0.5736616
 outer loop
  vertex -0.059977416 -0.1408882 0.09481951
  vertex -0.043050796 -0.14478849 0.09808413
  vertex -0.060482193 -0.1309922 0.107798226
 endloop
endfacet
facet normal 0.71017754 -0.58915454 0.38541514
 outer loop
  vertex 0.13419196 -0.10364007 0.0607326
  vertex 0.13387063 -0.097074114 0.071361564
  vertex 0.12142766 -0.10761245 0.0781802
 endloop
endfacet
facet normal 0.71017814 -0.5891533 0.38541594
 outer loop
  vertex 0.12177895 -0.11479038 0.06656061
  vertex 0.13419196 -0.10364007 0.0607326
  vertex 0.12142766 -0.10761245 0.0781802
 endloop
endfacet
facet normal -0.55050397 -0.7175822 0.42663944
 outer loop
  vertex -0.09156252 -0.13678879 0.073092885
  vertex -0.091940366 -0.12906802 0.08559121
  vertex -0.1066689 -0.12126178 0.07971623
 endloop
endfacet
facet normal -0.550505 -0.71758246 0.42663768
 outer loop
  vertex -0.10631761 -0.1284397 0.06809663
  vertex -0.09156252 -0.13678879 0.073092885
  vertex -0.1066689 -0.12126178 0.07971623
 endloop
endfacet
facet normal 0.63782185 -0.6464722 0.4186369
 outer loop
  vertex 0.12177895 -0.11479038 0.06656061
  vertex 0.12142766 -0.10761245 0.0781802
  vertex 0.1078153 -0.11711461 0.08424603
 endloop
endfacet
facet normal 0.6378218 -0.6464724 0.41863674
 outer loop
  vertex 0.10819315 -0.12483537 0.071747705
  vertex 0.12177895 -0.11479038 0.06656061
  vertex 0.1078153 -0.11711461 0.08424603
 endloop
endfacet
facet normal -0.62961864 -0.6693279 0.39443702
 outer loop
  vertex -0.10631761 -0.1284397 0.06809663
  vertex -0.1066689 -0.12126178 0.07971623
  vertex -0.12037012 -0.112287916 0.07307363
 endloop
endfacet
facet normal -0.6296183 -0.66932786 0.39443767
 outer loop
  vertex -0.12004879 -0.118853875 0.06244467
  vertex -0.10631761 -0.1284397 0.06809663
  vertex -0.12037012 -0.112287916 0.07307363
 endloop
endfacet
facet normal 0.55933094 -0.6975669 0.44782722
 outer loop
  vertex 0.10819315 -0.12483537 0.071747705
  vertex 0.1078153 -0.11711461 0.08424603
  vertex 0.09316461 -0.12548877 0.0895004
 endloop
endfacet
facet normal 0.5593306 -0.6975674 0.44782686
 outer loop
  vertex 0.09356538 -0.133678 0.0762437
  vertex 0.10819315 -0.12483537 0.071747705
  vertex 0.09316461 -0.12548877 0.0895004
 endloop
endfacet
facet normal -0.7026985 -0.6146097 0.35842666
 outer loop
  vertex -0.12004879 -0.118853875 0.06244467
  vertex -0.12037012 -0.112287916 0.07307363
  vertex -0.13291213 -0.102232546 0.06572729
 endloop
endfacet
facet normal -0.702698 -0.61460954 0.3584281
 outer loop
  vertex -0.13262385 -0.108123325 0.056191333
  vertex -0.12004879 -0.118853875 0.06244467
  vertex -0.13291213 -0.102232546 0.06572729
 endloop
endfacet
facet normal 0.47548807 -0.7419342 0.4726994
 outer loop
  vertex 0.09356538 -0.133678 0.0762437
  vertex 0.09316461 -0.12548877 0.0895004
  vertex 0.07761668 -0.1326545 0.09389295
 endloop
endfacet
facet normal 0.47548857 -0.74193364 0.47269985
 outer loop
  vertex 0.07803652 -0.14123335 0.08000556
  vertex 0.09356538 -0.133678 0.0762437
  vertex 0.07761668 -0.1326545 0.09389295
 endloop
endfacet
facet normal -0.7690196 -0.55396223 0.3189587
 outer loop
  vertex -0.13262385 -0.108123325 0.056191333
  vertex -0.13291213 -0.102232546 0.06572729
  vertex -0.14417411 -0.09119272 0.05774807
 endloop
endfacet
facet normal -0.7690201 -0.55396235 0.31895754
 outer loop
  vertex -0.14392164 -0.09635157 0.049396947
  vertex -0.13262385 -0.108123325 0.056191333
  vertex -0.14417411 -0.09119272 0.05774807
 endloop
endfacet
facet normal 0.38708958 -0.7791594 0.49302346
 outer loop
  vertex 0.07803652 -0.14123335 0.08000556
  vertex 0.07761668 -0.1326545 0.09389295
  vertex 0.061321266 -0.13854285 0.09738127
 endloop
endfacet
facet normal 0.3870894 -0.7791597 0.49302328
 outer loop
  vertex 0.06175613 -0.14742869 0.08299691
  vertex 0.07803652 -0.14123335 0.08000556
  vertex 0.061321266 -0.13854285 0.09738127
 endloop
endfacet
facet normal -0.82794887 -0.48795757 0.27640194
 outer loop
  vertex -0.14392164 -0.09635157 0.049396947
  vertex -0.14417411 -0.09119272 0.05774807
  vertex -0.15404761 -0.07927463 0.049212582
 endloop
endfacet
facet normal -0.82794875 -0.4879575 0.2764024
 outer loop
  vertex -0.15383339 -0.08365188 0.042126726
  vertex -0.14392164 -0.09635157 0.049396947
  vertex -0.15404761 -0.07927463 0.049212582
 endloop
endfacet
facet normal 0.29497293 -0.8088944 0.5086069
 outer loop
  vertex 0.06175613 -0.14742869 0.08299691
  vertex 0.061321266 -0.13854285 0.09738127
  vertex 0.044435307 -0.14309683 0.09993178
 endloop
endfacet
facet normal 0.29497278 -0.80889446 0.5086068
 outer loop
  vertex 0.04488101 -0.1522041 0.085188985
  vertex 0.06175613 -0.14742869 0.08299691
  vertex 0.044435307 -0.14309683 0.09993178
 endloop
endfacet
facet normal -0.8789035 -0.41723707 0.2311748
 outer loop
  vertex -0.15383339 -0.08365188 0.042126726
  vertex -0.15404761 -0.07927463 0.049212582
  vertex -0.16243756 -0.06659309 0.040203184
 endloop
endfacet
facet normal -0.87890345 -0.41723704 0.23117507
 outer loop
  vertex -0.16226366 -0.07014655 0.034450836
  vertex -0.15383339 -0.08365188 0.042126726
  vertex -0.16243756 -0.06659309 0.040203184
 endloop
endfacet
facet normal 0.20003651 -0.83085066 0.5192999
 outer loop
  vertex 0.04488101 -0.1522041 0.085188985
  vertex 0.044435307 -0.14309683 0.09993178
  vertex 0.027121395 -0.14627276 0.10151986
 endloop
endfacet
facet normal 0.2000363 -0.8308509 0.5192998
 outer loop
  vertex 0.02757364 -0.15551373 0.086560614
  vertex 0.04488101 -0.1522041 0.085188985
  vertex 0.027121395 -0.14627276 0.10151986
 endloop
endfacet
facet normal 0.99534386 -0.06560472 0.07061619
 outer loop
  vertex 0.17988993 -0.004717212 0.007334102
  vertex 0.1798454 -0.0038070548 0.008807458
  vertex 0.1781834 -0.01833241 0.018738832
 endloop
endfacet
facet normal 0.9953438 -0.06560535 0.07061542
 outer loop
  vertex 0.17827205 -0.02014396 0.015806306
  vertex 0.17988993 -0.004717212 0.007334102
  vertex 0.1781834 -0.01833241 0.018738832
 endloop
endfacet
facet normal -0.92138827 -0.34248188 0.18371129
 outer loop
  vertex -0.16226366 -0.07014655 0.034450836
  vertex -0.16243756 -0.06659309 0.040203184
  vertex -0.16926315 -0.053270377 0.030806717
 endloop
endfacet
facet normal -0.9213884 -0.34248224 0.18370992
 outer loop
  vertex -0.16913123 -0.05596587 0.026443265
  vertex -0.16226366 -0.07014655 0.034450836
  vertex -0.16926315 -0.053270377 0.030806717
 endloop
endfacet
facet normal 0.1031855 -0.84482247 0.52500266
 outer loop
  vertex 0.02757364 -0.15551373 0.086560614
  vertex 0.027121395 -0.14627276 0.10151986
  vertex 0.00954629 -0.14804004 0.10213026
 endloop
endfacet
facet normal 0.103185415 -0.84482247 0.5250026
 outer loop
  vertex 0.010000722 -0.15732571 0.08709864
  vertex 0.02757364 -0.15551373 0.086560614
  vertex 0.00954629 -0.14804004 0.10213026
 endloop
endfacet
facet normal 0.98142505 -0.14853151 0.12142177
 outer loop
  vertex 0.17827205 -0.02014396 0.015806306
  vertex 0.1781834 -0.01833241 0.018738832
  vertex 0.17480543 -0.03268126 0.028489737
 endloop
endfacet
facet normal 0.9814251 -0.14852905 0.121424206
 outer loop
  vertex 0.17493735 -0.035376754 0.024126286
  vertex 0.17827205 -0.02014396 0.015806306
  vertex 0.17480543 -0.03268126 0.028489737
 endloop
endfacet
facet normal -0.9549919 -0.26440582 0.13446273
 outer loop
  vertex -0.16913123 -0.05596587 0.026443265
  vertex -0.16926315 -0.053270377 0.030806717
  vertex -0.17445864 -0.039434552 0.021113534
 endloop
endfacet
facet normal -0.95499164 -0.26440474 0.13446583
 outer loop
  vertex -0.17436999 -0.041246098 0.01818101
  vertex -0.16913123 -0.05596587 0.026443265
  vertex -0.17445864 -0.039434552 0.021113534
 endloop
endfacet
facet normal 0.0053488226 -0.8506771 0.52566147
 outer loop
  vertex 0.010000722 -0.15732571 0.08709864
  vertex 0.00954629 -0.14804004 0.10213026
  vertex -0.008120728 -0.14838167 0.101757176
 endloop
endfacet
facet normal 0.005348871 -0.85067695 0.52566147
 outer loop
  vertex -0.007668484 -0.15762264 0.08679793
  vertex 0.010000722 -0.15732571 0.08709864
  vertex -0.008120728 -0.14838167 0.101757176
 endloop
endfacet
facet normal 0.9580362 -0.2300154 0.17105477
 outer loop
  vertex 0.17493735 -0.035376754 0.024126286
  vertex 0.17480543 -0.03268126 0.028489737
  vertex 0.16974398 -0.046715304 0.037966255
 endloop
endfacet
facet normal 0.95803595 -0.23001727 0.17105311
 outer loop
  vertex 0.16991788 -0.05026877 0.032213904
  vertex 0.17493735 -0.035376754 0.024126286
  vertex 0.16974398 -0.046715304 0.037966255
 endloop
endfacet
facet normal -0.97938085 -0.18376954 0.08391666
 outer loop
  vertex -0.17436999 -0.041246098 0.01818101
  vertex -0.17445864 -0.039434552 0.021113534
  vertex -0.17797399 -0.025219014 0.011217028
 endloop
endfacet
facet normal -0.97938085 -0.18376978 0.0839161
 outer loop
  vertex -0.17792945 -0.026129171 0.009743672
  vertex -0.17436999 -0.041246098 0.01818101
  vertex -0.17797399 -0.025219014 0.011217028
 endloop
endfacet
facet normal -0.09254558 -0.8483589 0.52127
 outer loop
  vertex -0.007668484 -0.15762264 0.08679793
  vertex -0.008120728 -0.14838167 0.101757176
  vertex -0.02570956 -0.14729431 0.10040413
 endloop
endfacet
facet normal -0.09254533 -0.84835875 0.5212702
 outer loop
  vertex -0.02526386 -0.15640157 0.08566134
  vertex -0.007668484 -0.15762264 0.08679793
  vertex -0.02570956 -0.14729431 0.10040413
 endloop
endfacet
facet normal 0.9254087 -0.3092689 0.21902376
 outer loop
  vertex 0.16991788 -0.05026877 0.032213904
  vertex 0.16974398 -0.046715304 0.037966255
  vertex 0.1630478 -0.060299553 0.047077216
 endloop
endfacet
facet normal 0.92540896 -0.30926746 0.21902485
 outer loop
  vertex 0.16326202 -0.06467679 0.039991364
  vertex 0.16991788 -0.05026877 0.032213904
  vertex 0.1630478 -0.060299553 0.047077216
 endloop
endfacet
facet normal -0.18955624 -0.83788896 0.5118697
 outer loop
  vertex -0.02526386 -0.15640157 0.08566134
  vertex -0.02570956 -0.14729431 0.10040413
  vertex -0.043050796 -0.14478849 0.09808413
 endloop
endfacet
facet normal -0.1895572 -0.8378893 0.51186866
 outer loop
  vertex -0.04261593 -0.15367432 0.083699755
  vertex -0.02526386 -0.15640157 0.08566134
  vertex -0.043050796 -0.14478849 0.09808413
 endloop
endfacet
facet normal 0.8838632 -0.38552204 0.2648746
 outer loop
  vertex 0.16326202 -0.06467679 0.039991364
  vertex 0.1630478 -0.060299553 0.047077216
  vertex 0.15478139 -0.07330318 0.055734895
 endloop
endfacet
facet normal 0.8838633 -0.38552198 0.26487473
 outer loop
  vertex 0.15503386 -0.078462034 0.04738377
  vertex 0.16326202 -0.06467679 0.039991364
  vertex 0.15478139 -0.07330318 0.055734895
 endloop
endfacet
facet normal -0.28476208 -0.81936425 0.49754682
 outer loop
  vertex -0.04261593 -0.15367432 0.083699755
  vertex -0.043050796 -0.14478849 0.09808413
  vertex -0.059977416 -0.1408882 0.09481951
 endloop
endfacet
facet normal -0.2847611 -0.81936395 0.49754792
 outer loop
  vertex -0.059557572 -0.14946705 0.08093211
  vertex -0.04261593 -0.15367432 0.083699755
  vertex -0.059977416 -0.1408882 0.09481951
 endloop
endfacet
facet normal 0.8338024 -0.4580485 0.3081641
 outer loop
  vertex 0.15503386 -0.078462034 0.04738377
  vertex 0.15478139 -0.07330318 0.055734895
  vertex 0.14502436 -0.08560079 0.06385566
 endloop
endfacet
facet normal 0.83380204 -0.45804968 0.30816334
 outer loop
  vertex 0.14531264 -0.09149157 0.054319695
  vertex 0.15503386 -0.078462034 0.04738377
  vertex 0.14502436 -0.08560079 0.06385566
 endloop
endfacet
facet normal -0.37723625 -0.7929605 0.47844172
 outer loop
  vertex -0.059557572 -0.14946705 0.08093211
  vertex -0.059977416 -0.1408882 0.09481951
  vertex -0.076326415 -0.13563116 0.09064176
 endloop
endfacet
facet normal -0.377236 -0.79296046 0.47844204
 outer loop
  vertex -0.07592564 -0.1438204 0.07738506
  vertex -0.059557572 -0.14946705 0.08093211
  vertex -0.076326415 -0.13563116 0.09064176
 endloop
endfacet
facet normal 0.77572095 -0.5261417 0.34847093
 outer loop
  vertex 0.14531264 -0.09149157 0.054319695
  vertex 0.14502436 -0.08560079 0.06385566
  vertex 0.13387063 -0.097074114 0.071361564
 endloop
endfacet
facet normal 0.77572095 -0.52614164 0.34847093
 outer loop
  vertex 0.13419196 -0.10364007 0.0607326
  vertex 0.14531264 -0.09149157 0.054319695
  vertex 0.13387063 -0.097074114 0.071361564
 endloop
endfacet
facet normal -0.46609628 -0.7589286 0.45473266
 outer loop
  vertex -0.07592564 -0.1438204 0.07738506
  vertex -0.076326415 -0.13563116 0.09064176
  vertex -0.091940366 -0.12906802 0.08559121
 endloop
endfacet
facet normal -0.46609628 -0.75892854 0.45473275
 outer loop
  vertex -0.09156252 -0.13678879 0.073092885
  vertex -0.07592564 -0.1438204 0.07738506
  vertex -0.091940366 -0.12906802 0.08559121
 endloop
endfacet
facet normal 0.5612685 -0.73824435 0.37412953
 outer loop
  vertex 0.108490914 -0.13129638 0.058551934
  vertex 0.10819315 -0.12483537 0.071747705
  vertex 0.09356538 -0.133678 0.0762437
 endloop
endfacet
facet normal 0.56126857 -0.73824424 0.37412962
 outer loop
  vertex 0.09388121 -0.14053105 0.06224725
  vertex 0.108490914 -0.13129638 0.058551934
  vertex 0.09356538 -0.133678 0.0762437
 endloop
endfacet
facet normal -0.7011802 -0.6464691 0.30070582
 outer loop
  vertex -0.11979556 -0.1243485 0.05122259
  vertex -0.12004879 -0.118853875 0.06244467
  vertex -0.13262385 -0.108123325 0.056191333
 endloop
endfacet
facet normal -0.7011802 -0.6464691 0.30070573
 outer loop
  vertex -0.13239665 -0.11305293 0.046123255
  vertex -0.11979556 -0.1243485 0.05122259
  vertex -0.13262385 -0.108123325 0.056191333
 endloop
endfacet
facet normal 0.4775306 -0.78480035 0.3950352
 outer loop
  vertex 0.09388121 -0.14053105 0.06224725
  vertex 0.09356538 -0.133678 0.0762437
  vertex 0.07803652 -0.14123335 0.08000556
 endloop
endfacet
facet normal 0.4775304 -0.78480065 0.39503503
 outer loop
  vertex 0.07836738 -0.14841242 0.06534322
  vertex 0.09388121 -0.14053105 0.06224725
  vertex 0.07803652 -0.14123335 0.08000556
 endloop
endfacet
facet normal -0.7676737 -0.582226 0.26775008
 outer loop
  vertex -0.13239665 -0.11305293 0.046123255
  vertex -0.13262385 -0.108123325 0.056191333
  vertex -0.14392164 -0.09635157 0.049396947
 endloop
endfacet
facet normal -0.7676732 -0.58222586 0.26775134
 outer loop
  vertex -0.14372268 -0.10066868 0.04057982
  vertex -0.13239665 -0.11305293 0.046123255
  vertex -0.14392164 -0.09635157 0.049396947
 endloop
endfacet
facet normal 0.3892164 -0.8238034 0.41213888
 outer loop
  vertex 0.07836738 -0.14841242 0.06534322
  vertex 0.07803652 -0.14123335 0.08000556
  vertex 0.06175613 -0.14742869 0.08299691
 endloop
endfacet
facet normal 0.38921562 -0.8238041 0.41213822
 outer loop
  vertex 0.062098827 -0.15486465 0.06780987
  vertex 0.07836738 -0.14841242 0.06534322
  vertex 0.06175613 -0.14742869 0.08299691
 endloop
endfacet
facet normal -0.8267866 -0.5123521 0.23220526
 outer loop
  vertex -0.14372268 -0.10066868 0.04057982
  vertex -0.14392164 -0.09635157 0.049396947
  vertex -0.15383339 -0.08365188 0.042126726
 endloop
endfacet
facet normal -0.8267869 -0.51235217 0.2322043
 outer loop
  vertex -0.15366457 -0.0873149 0.034645464
  vertex -0.14372268 -0.10066868 0.04057982
  vertex -0.15383339 -0.08365188 0.042126726
 endloop
endfacet
facet normal 0.29716367 -0.8548864 0.4252798
 outer loop
  vertex 0.062098827 -0.15486465 0.06780987
  vertex 0.06175613 -0.14742869 0.08299691
  vertex 0.04488101 -0.1522041 0.085188985
 endloop
endfacet
facet normal 0.297165 -0.8548854 0.42528093
 outer loop
  vertex 0.045232248 -0.15982537 0.06962353
  vertex 0.062098827 -0.15486465 0.06780987
  vertex 0.04488101 -0.1522041 0.085188985
 endloop
endfacet
facet normal -0.8779369 -0.43752727 0.19441389
 outer loop
  vertex -0.15366457 -0.0873149 0.034645464
  vertex -0.15383339 -0.08365188 0.042126726
  vertex -0.16226366 -0.07014655 0.034450836
 endloop
endfacet
facet normal -0.8779367 -0.43752712 0.19441466
 outer loop
  vertex -0.16212662 -0.07312023 0.028377498
  vertex -0.15366457 -0.0873149 0.034645464
  vertex -0.16226366 -0.07014655 0.034450836
 endloop
endfacet
facet normal 0.20227054 -0.87774765 0.4343336
 outer loop
  vertex 0.045232248 -0.15982537 0.06962353
  vertex 0.04488101 -0.1522041 0.085188985
  vertex 0.02757364 -0.15551373 0.086560614
 endloop
endfacet
facet normal 0.20226973 -0.8777482 0.43433285
 outer loop
  vertex 0.027930036 -0.16324688 0.07076663
  vertex 0.045232248 -0.15982537 0.06962353
  vertex 0.02757364 -0.15551373 0.086560614
 endloop
endfacet
facet normal 0.9956755 -0.07256736 0.058001895
 outer loop
  vertex 0.17992504 -0.005478861 0.0057785297
  vertex 0.17988993 -0.004717212 0.007334102
  vertex 0.17827205 -0.02014396 0.015806306
 endloop
endfacet
facet normal 0.99567556 -0.072568074 0.058000837
 outer loop
  vertex 0.17834193 -0.021659926 0.012710143
  vertex 0.17992504 -0.005478861 0.0057785297
  vertex 0.17827205 -0.02014396 0.015806306
 endloop
endfacet
facet normal -0.92062676 -0.35847047 0.15474299
 outer loop
  vertex -0.16212662 -0.07312023 0.028377498
  vertex -0.16226366 -0.07014655 0.034450836
  vertex -0.16913123 -0.05596587 0.026443265
 endloop
endfacet
facet normal -0.92062694 -0.35847074 0.15474081
 outer loop
  vertex -0.16902727 -0.05822155 0.021836326
  vertex -0.16212662 -0.07312023 0.028377498
  vertex -0.16913123 -0.05596587 0.026443265
 endloop
endfacet
facet normal 0.10544134 -0.8921745 0.43921143
 outer loop
  vertex 0.027930036 -0.16324688 0.07076663
  vertex 0.02757364 -0.15551373 0.086560614
  vertex 0.010000722 -0.15732571 0.08709864
 endloop
endfacet
facet normal 0.105441496 -0.8921745 0.4392116
 outer loop
  vertex 0.010358843 -0.16509628 0.07122824
  vertex 0.027930036 -0.16324688 0.07076663
  vertex 0.010000722 -0.15732571 0.08709864
 endloop
endfacet
facet normal 0.98197454 -0.16006115 0.100530654
 outer loop
  vertex 0.17834193 -0.021659926 0.012710143
  vertex 0.17827205 -0.02014396 0.015806306
  vertex 0.17493735 -0.035376754 0.024126286
 endloop
endfacet
facet normal 0.9819745 -0.16006124 0.10053053
 outer loop
  vertex 0.17504132 -0.03763243 0.019519346
  vertex 0.17834193 -0.021659926 0.012710143
  vertex 0.17493735 -0.035376754 0.024126286
 endloop
endfacet
facet normal -0.95444214 -0.27593917 0.11356801
 outer loop
  vertex -0.16902727 -0.05822155 0.021836326
  vertex -0.16913123 -0.05596587 0.026443265
  vertex -0.17436999 -0.041246098 0.01818101
 endloop
endfacet
facet normal -0.95444214 -0.2759391 0.11356823
 outer loop
  vertex -0.17430012 -0.042762063 0.015084846
  vertex -0.16902727 -0.05822155 0.021836326
  vertex -0.17436999 -0.041246098 0.01818101
 endloop
endfacet
facet normal 0.0076046763 -0.8980291 0.43987048
 outer loop
  vertex 0.010358843 -0.16509628 0.07122824
  vertex 0.010000722 -0.15732571 0.08709864
  vertex -0.007668484 -0.15762264 0.08679793
 endloop
endfacet
facet normal 0.007604529 -0.8980291 0.4398703
 outer loop
  vertex -0.0073120883 -0.16535579 0.07100394
  vertex 0.010358843 -0.16509628 0.07122824
  vertex -0.007668484 -0.15762264 0.08679793
 endloop
endfacet
facet normal 0.9587976 -0.24600469 0.14208764
 outer loop
  vertex 0.17504132 -0.03763243 0.019519346
  vertex 0.17493735 -0.035376754 0.024126286
  vertex 0.16991788 -0.05026877 0.032213904
 endloop
endfacet
facet normal 0.95879745 -0.2460058 0.14208652
 outer loop
  vertex 0.17005493 -0.053242438 0.026140569
  vertex 0.17504132 -0.03763243 0.019519346
  vertex 0.16991788 -0.05026877 0.032213904
 endloop
endfacet
facet normal -0.97904897 -0.19073586 0.07129514
 outer loop
  vertex -0.17430012 -0.042762063 0.015084846
  vertex -0.17436999 -0.041246098 0.01818101
  vertex -0.17792945 -0.026129171 0.009743672
 endloop
endfacet
facet normal -0.97904897 -0.19073634 0.071293645
 outer loop
  vertex -0.17789434 -0.02689082 0.008188099
  vertex -0.17430012 -0.042762063 0.015084846
  vertex -0.17792945 -0.026129171 0.009743672
 endloop
endfacet
facet normal -0.0903113 -0.89525616 0.43630308
 outer loop
  vertex -0.0073120883 -0.16535579 0.07100394
  vertex -0.007668484 -0.15762264 0.08679793
  vertex -0.02526386 -0.15640157 0.08566134
 endloop
endfacet
facet normal -0.090310454 -0.89525586 0.43630388
 outer loop
  vertex -0.024912622 -0.16402285 0.07009588
  vertex -0.0073120883 -0.16535579 0.07100394
  vertex -0.02526386 -0.15640157 0.08566134
 endloop
endfacet
facet normal 0.92637557 -0.32955748 0.18226407
 outer loop
  vertex 0.17005493 -0.053242438 0.026140569
  vertex 0.16991788 -0.05026877 0.032213904
  vertex 0.16326202 -0.06467679 0.039991364
 endloop
endfacet
facet normal 0.92637557 -0.3295577 0.18226385
 outer loop
  vertex 0.16343084 -0.06833981 0.03251011
  vertex 0.17005493 -0.053242438 0.026140569
  vertex 0.16326202 -0.06467679 0.039991364
 endloop
endfacet
facet normal -0.18736614 -0.8838801 0.42854398
 outer loop
  vertex -0.024912622 -0.16402285 0.07009588
  vertex -0.02526386 -0.15640157 0.08566134
  vertex -0.04261593 -0.15367432 0.083699755
 endloop
endfacet
facet normal -0.18736641 -0.8838802 0.42854366
 outer loop
  vertex -0.042273235 -0.1611103 0.06851273
  vertex -0.024912622 -0.16402285 0.07009588
  vertex -0.04261593 -0.15367432 0.083699755
 endloop
endfacet
facet normal 0.8850253 -0.40991694 0.22067678
 outer loop
  vertex 0.16343084 -0.06833981 0.03251011
  vertex 0.16326202 -0.06467679 0.039991364
  vertex 0.15503386 -0.078462034 0.04738377
 endloop
endfacet
facet normal 0.88502544 -0.4099167 0.22067697
 outer loop
  vertex 0.15523282 -0.08277914 0.038566638
  vertex 0.16343084 -0.06833981 0.03251011
  vertex 0.15503386 -0.078462034 0.04738377
 endloop
endfacet
facet normal -0.28263432 -0.86400753 0.41666377
 outer loop
  vertex -0.042273235 -0.1611103 0.06851273
  vertex -0.04261593 -0.15367432 0.083699755
  vertex -0.059557572 -0.14946705 0.08093211
 endloop
endfacet
facet normal -0.28263485 -0.8640077 0.41666317
 outer loop
  vertex -0.059226714 -0.15664612 0.06626977
  vertex -0.042273235 -0.1611103 0.06851273
  vertex -0.059557572 -0.14946705 0.08093211
 endloop
endfacet
facet normal 0.8351486 -0.4863126 0.256957
 outer loop
  vertex 0.15523282 -0.08277914 0.038566638
  vertex 0.15503386 -0.078462034 0.04738377
  vertex 0.14531264 -0.09149157 0.054319695
 endloop
endfacet
facet normal 0.8351488 -0.48631188 0.25695753
 outer loop
  vertex 0.14553984 -0.096421175 0.044251617
  vertex 0.15523282 -0.08277914 0.038566638
  vertex 0.14531264 -0.09149157 0.054319695
 endloop
endfacet
facet normal -0.37519377 -0.83582747 0.40077677
 outer loop
  vertex -0.059226714 -0.15664612 0.06626977
  vertex -0.059557572 -0.14946705 0.08093211
  vertex -0.07592564 -0.1438204 0.07738506
 endloop
endfacet
facet normal -0.37519377 -0.83582747 0.4007768
 outer loop
  vertex -0.0756098 -0.15067343 0.063388616
  vertex -0.059226714 -0.15664612 0.06626977
  vertex -0.07592564 -0.1438204 0.07738506
 endloop
endfacet
facet normal 0.7772386 -0.5579999 0.2907511
 outer loop
  vertex 0.14553984 -0.096421175 0.044251617
  vertex 0.14531264 -0.09149157 0.054319695
  vertex 0.13419196 -0.10364007 0.0607326
 endloop
endfacet
facet normal 0.7772383 -0.5580007 0.29075047
 outer loop
  vertex 0.13444519 -0.1091347 0.04951052
  vertex 0.14553984 -0.096421175 0.044251617
  vertex 0.13419196 -0.10364007 0.0607326
 endloop
endfacet
facet normal -0.4641586 -0.79960597 0.38103423
 outer loop
  vertex -0.0756098 -0.15067343 0.063388616
  vertex -0.07592564 -0.1438204 0.07738506
  vertex -0.09156252 -0.13678879 0.073092885
 endloop
endfacet
facet normal -0.46415782 -0.7996059 0.38103533
 outer loop
  vertex -0.091264755 -0.1432498 0.05989712
  vertex -0.0756098 -0.15067343 0.063388616
  vertex -0.09156252 -0.13678879 0.073092885
 endloop
endfacet
facet normal 0.7118525 -0.6243006 0.32173714
 outer loop
  vertex 0.13444519 -0.1091347 0.04951052
  vertex 0.13419196 -0.10364007 0.0607326
  vertex 0.12177895 -0.11479038 0.06656061
 endloop
endfacet
facet normal 0.7118522 -0.62430114 0.3217368
 outer loop
  vertex 0.12205578 -0.120797105 0.05429262
  vertex 0.13444519 -0.1091347 0.04951052
  vertex 0.12177895 -0.11479038 0.06656061
 endloop
endfacet
facet normal -0.54869 -0.75567704 0.35761905
 outer loop
  vertex -0.091264755 -0.1432498 0.05989712
  vertex -0.09156252 -0.13678879 0.073092885
  vertex -0.10631761 -0.1284397 0.06809663
 endloop
endfacet
facet normal -0.54869 -0.75567704 0.3576192
 outer loop
  vertex -0.10604078 -0.13444644 0.05582864
  vertex -0.091264755 -0.1432498 0.05989712
  vertex -0.10631761 -0.1284397 0.06809663
 endloop
endfacet
facet normal 0.63963664 -0.6845684 0.34961572
 outer loop
  vertex 0.12205578 -0.120797105 0.05429262
  vertex 0.12177895 -0.11479038 0.06656061
  vertex 0.10819315 -0.12483537 0.071747705
 endloop
endfacet
facet normal 0.6396371 -0.6845676 0.34961632
 outer loop
  vertex 0.108490914 -0.13129638 0.058551934
  vertex 0.12205578 -0.120797105 0.05429262
  vertex 0.10819315 -0.12483537 0.071747705
 endloop
endfacet
facet normal -0.6279438 -0.7044743 0.33076057
 outer loop
  vertex -0.10604078 -0.13444644 0.05582864
  vertex -0.10631761 -0.1284397 0.06809663
  vertex -0.12004879 -0.118853875 0.06244467
 endloop
endfacet
facet normal -0.6279444 -0.7044743 0.33075932
 outer loop
  vertex -0.11979556 -0.1243485 0.05122259
  vertex -0.10604078 -0.13444644 0.05582864
  vertex -0.12004879 -0.118853875 0.06244467
 endloop
endfacet
facet normal 0.39082944 -0.8603199 0.32726425
 outer loop
  vertex 0.07860607 -0.15412259 0.050047148
  vertex 0.07836738 -0.14841242 0.06534322
  vertex 0.062098827 -0.15486465 0.06780987
 endloop
endfacet
facet normal 0.39082956 -0.8603198 0.32726437
 outer loop
  vertex 0.062346064 -0.16077916 0.05196642
  vertex 0.07860607 -0.15412259 0.050047148
  vertex 0.062098827 -0.15486465 0.06780987
 endloop
endfacet
facet normal -0.8259051 -0.53230596 0.18582587
 outer loop
  vertex -0.14357914 -0.10410246 0.031381592
  vertex -0.14372268 -0.10066868 0.04057982
  vertex -0.15366457 -0.0873149 0.034645464
 endloop
endfacet
facet normal -0.8259047 -0.532306 0.1858269
 outer loop
  vertex -0.15354279 -0.09022843 0.02684085
  vertex -0.14357914 -0.10410246 0.031381592
  vertex -0.15366457 -0.0873149 0.034645464
 endloop
endfacet
facet normal 0.2988272 -0.8925044 0.33784348
 outer loop
  vertex 0.062346064 -0.16077916 0.05196642
  vertex 0.062098827 -0.15486465 0.06780987
  vertex 0.045232248 -0.15982537 0.06962353
 endloop
endfacet
facet normal 0.29882628 -0.89250505 0.3378426
 outer loop
  vertex 0.045485646 -0.16588724 0.05338529
  vertex 0.062346064 -0.16077916 0.05196642
  vertex 0.045232248 -0.15982537 0.06962353
 endloop
endfacet
facet normal -0.87720335 -0.4541234 0.15584014
 outer loop
  vertex -0.15354279 -0.09022843 0.02684085
  vertex -0.15366457 -0.0873149 0.034645464
  vertex -0.16212662 -0.07312023 0.028377498
 endloop
endfacet
facet normal -0.87720346 -0.45412338 0.1558397
 outer loop
  vertex -0.16202775 -0.07548545 0.02204166
  vertex -0.15354279 -0.09022843 0.02684085
  vertex -0.16212662 -0.07312023 0.028377498
 endloop
endfacet
facet normal 0.20396493 -0.9161079 0.34517342
 outer loop
  vertex 0.045485646 -0.16588724 0.05338529
  vertex 0.045232248 -0.15982537 0.06962353
  vertex 0.027930036 -0.16324688 0.07076663
 endloop
endfacet
facet normal 0.20396535 -0.9161077 0.34517384
 outer loop
  vertex 0.02818715 -0.16939776 0.054289993
  vertex 0.045485646 -0.16588724 0.05338529
  vertex 0.027930036 -0.16324688 0.07076663
 endloop
endfacet
facet normal 0.9959274 -0.078266926 0.044755068
 outer loop
  vertex 0.17995036 -0.0060846712 0.0041557215
  vertex 0.17992504 -0.005478861 0.0057785297
  vertex 0.17834193 -0.021659926 0.012710143
 endloop
endfacet
facet normal 0.9959274 -0.07826404 0.0447603
 outer loop
  vertex 0.17839234 -0.022865713 0.009480158
  vertex 0.17995036 -0.0060846712 0.0041557215
  vertex 0.17834193 -0.021659926 0.012710143
 endloop
endfacet
facet normal -0.920049 -0.37154812 0.12434506
 outer loop
  vertex -0.16202775 -0.07548545 0.02204166
  vertex -0.16212662 -0.07312023 0.028377498
  vertex -0.16902727 -0.05822155 0.021836326
 endloop
endfacet
facet normal -0.920049 -0.37154815 0.124345295
 outer loop
  vertex -0.16895227 -0.060015697 0.017030265
  vertex -0.16202775 -0.07548545 0.02204166
  vertex -0.16902727 -0.05822155 0.021836326
 endloop
endfacet
facet normal 0.10715303 -0.93090624 0.3491875
 outer loop
  vertex 0.02818715 -0.16939776 0.054289993
  vertex 0.027930036 -0.16324688 0.07076663
  vertex 0.010358843 -0.16509628 0.07122824
 endloop
endfacet
facet normal 0.10715285 -0.93090624 0.34918734
 outer loop
  vertex 0.0106172 -0.17127691 0.054671887
  vertex 0.02818715 -0.16939776 0.054289993
  vertex 0.010358843 -0.16509628 0.07122824
 endloop
endfacet
facet normal 0.9823914 -0.16949394 0.078606114
 outer loop
  vertex 0.17839234 -0.022865713 0.009480158
  vertex 0.17834193 -0.021659926 0.012710143
  vertex 0.17504132 -0.03763243 0.019519346
 endloop
endfacet
facet normal 0.98239136 -0.1694954 0.07860398
 outer loop
  vertex 0.17511632 -0.039426573 0.014713284
  vertex 0.17839234 -0.022865713 0.009480158
  vertex 0.17504132 -0.03763243 0.019519346
 endloop
endfacet
facet normal -0.9540253 -0.2853715 0.09164456
 outer loop
  vertex -0.16895227 -0.060015697 0.017030265
  vertex -0.16902727 -0.05822155 0.021836326
  vertex -0.17430012 -0.042762063 0.015084846
 endloop
endfacet
facet normal -0.9540254 -0.28537172 0.09164271
 outer loop
  vertex -0.17424971 -0.04396785 0.011854861
  vertex -0.16895227 -0.060015697 0.017030265
  vertex -0.17430012 -0.042762063 0.015084846
 endloop
endfacet
facet normal 0.009316008 -0.93676084 0.3498462
 outer loop
  vertex 0.0106172 -0.17127691 0.054671887
  vertex 0.010358843 -0.16509628 0.07122824
  vertex -0.0073120883 -0.16535579 0.07100394
 endloop
endfacet
facet normal 0.009316309 -0.93676066 0.34984645
 outer loop
  vertex -0.0070549734 -0.17150666 0.054527316
  vertex 0.0106172 -0.17127691 0.054671887
  vertex -0.0073120883 -0.16535579 0.07100394
 endloop
endfacet
facet normal 0.9593753 -0.25908402 0.111688934
 outer loop
  vertex 0.17511632 -0.039426573 0.014713284
  vertex 0.17504132 -0.03763243 0.019519346
  vertex 0.17005493 -0.053242438 0.026140569
 endloop
endfacet
facet normal 0.9593754 -0.2590839 0.11168909
 outer loop
  vertex 0.1701538 -0.05560766 0.01980473
  vertex 0.17511632 -0.039426573 0.014713284
  vertex 0.17005493 -0.053242438 0.026140569
 endloop
endfacet
facet normal -0.9787972 -0.19643247 0.058054127
 outer loop
  vertex -0.17424971 -0.04396785 0.011854861
  vertex -0.17430012 -0.042762063 0.015084846
  vertex -0.17789434 -0.02689082 0.008188099
 endloop
endfacet
facet normal -0.97879714 -0.1964312 0.05805974
 outer loop
  vertex -0.17786902 -0.02749663 0.0065652914
  vertex -0.17424971 -0.04396785 0.011854861
  vertex -0.17789434 -0.02689082 0.008188099
 endloop
endfacet
facet normal -0.08861556 -0.9336157 0.34714422
 outer loop
  vertex -0.0070549734 -0.17150666 0.054527316
  vertex -0.0073120883 -0.16535579 0.07100394
  vertex -0.024912622 -0.16402285 0.07009588
 endloop
endfacet
facet normal -0.088616036 -0.9336158 0.3471437
 outer loop
  vertex -0.024659226 -0.17008471 0.05385765
  vertex -0.0070549734 -0.17150666 0.054527316
  vertex -0.024912622 -0.16402285 0.07009588
 endloop
endfacet
facet normal 0.9271088 -0.34615386 0.14368956
 outer loop
  vertex 0.1701538 -0.05560766 0.01980473
  vertex 0.17005493 -0.053242438 0.026140569
  vertex 0.16343084 -0.06833981 0.03251011
 endloop
endfacet
facet normal 0.9271089 -0.34615386 0.14368966
 outer loop
  vertex 0.16355263 -0.071253344 0.024705501
  vertex 0.1701538 -0.05560766 0.01980473
  vertex 0.16343084 -0.06833981 0.03251011
 endloop
endfacet
facet normal -0.18570402 -0.9214994 0.3411055
 outer loop
  vertex -0.024659226 -0.17008471 0.05385765
  vertex -0.024912622 -0.16402285 0.07009588
  vertex -0.042273235 -0.1611103 0.06851273
 endloop
endfacet
facet normal -0.18570325 -0.92149925 0.34110636
 outer loop
  vertex -0.042026 -0.1670248 0.052669276
  vertex -0.024659226 -0.17008471 0.05385765
  vertex -0.042273235 -0.1611103 0.06851273
 endloop
endfacet
facet normal 0.88590705 -0.42987043 0.1742989
 outer loop
  vertex 0.16355263 -0.071253344 0.024705501
  vertex 0.16343084 -0.06833981 0.03251011
  vertex 0.15523282 -0.08277914 0.038566638
 endloop
endfacet
facet normal 0.8859072 -0.42986998 0.17429933
 outer loop
  vertex 0.15537636 -0.08621292 0.029368414
  vertex 0.16355263 -0.071253344 0.024705501
  vertex 0.15523282 -0.08277914 0.038566638
 endloop
endfacet
facet normal -0.28102127 -0.9005239 0.33178863
 outer loop
  vertex -0.042026 -0.1670248 0.052669276
  vertex -0.042273235 -0.1611103 0.06851273
  vertex -0.059226714 -0.15664612 0.06626977
 endloop
endfacet
facet normal -0.28102127 -0.9005239 0.3317887
 outer loop
  vertex -0.058988024 -0.16235629 0.050973687
  vertex -0.042026 -0.1670248 0.052669276
  vertex -0.059226714 -0.15664612 0.06626977
 endloop
endfacet
facet normal 0.8361705 -0.5094301 0.20322365
 outer loop
  vertex 0.15537636 -0.08621292 0.029368414
  vertex 0.15523282 -0.08277914 0.038566638
  vertex 0.14553984 -0.096421175 0.044251617
 endloop
endfacet
facet normal 0.8361703 -0.50943065 0.20322311
 outer loop
  vertex 0.14570373 -0.10034213 0.03374837
  vertex 0.15537636 -0.08621292 0.029368414
  vertex 0.14553984 -0.096421175 0.044251617
 endloop
endfacet
facet normal -0.37364435 -0.87089014 0.3192808
 outer loop
  vertex -0.058988024 -0.16235629 0.050973687
  vertex -0.059226714 -0.15664612 0.06626977
  vertex -0.0756098 -0.15067343 0.063388616
 endloop
endfacet
facet normal -0.37364393 -0.8708902 0.31928134
 outer loop
  vertex -0.07538196 -0.15612428 0.048787218
  vertex -0.058988024 -0.16235629 0.050973687
  vertex -0.0756098 -0.15067343 0.063388616
 endloop
endfacet
facet normal 0.7783898 -0.58405983 0.23018122
 outer loop
  vertex 0.14570373 -0.10034213 0.03374837
  vertex 0.14553984 -0.096421175 0.044251617
  vertex 0.13444519 -0.1091347 0.04951052
 endloop
endfacet
facet normal 0.7783899 -0.58405983 0.23018123
 outer loop
  vertex 0.13462788 -0.113505065 0.0378034
  vertex 0.14570373 -0.10034213 0.03374837
  vertex 0.13444519 -0.1091347 0.04951052
 endloop
endfacet
facet normal -0.46268785 -0.83287776 0.30370143
 outer loop
  vertex -0.07538196 -0.15612428 0.048787218
  vertex -0.0756098 -0.15067343 0.063388616
  vertex -0.091264755 -0.1432498 0.05989712
 endloop
endfacet
facet normal -0.46268797 -0.8328778 0.30370134
 outer loop
  vertex -0.09104994 -0.14838882 0.04613101
  vertex -0.07538196 -0.15612428 0.048787218
  vertex -0.091264755 -0.1432498 0.05989712
 endloop
endfacet
facet normal 0.7131225 -0.65304947 0.25491723
 outer loop
  vertex 0.13462788 -0.113505065 0.0378034
  vertex 0.13444519 -0.1091347 0.04951052
  vertex 0.12205578 -0.120797105 0.05429262
 endloop
endfacet
facet normal 0.71312237 -0.6530495 0.25491714
 outer loop
  vertex 0.12225549 -0.1255748 0.041494384
  vertex 0.13462788 -0.113505065 0.0378034
  vertex 0.12205578 -0.120797105 0.05429262
 endloop
endfacet
facet normal -0.5473129 -0.7868374 0.28519344
 outer loop
  vertex -0.09104994 -0.14838882 0.04613101
  vertex -0.091264755 -0.1432498 0.05989712
  vertex -0.10604078 -0.13444644 0.05582864
 endloop
endfacet
facet normal -0.54731375 -0.7868374 0.28519225
 outer loop
  vertex -0.10584107 -0.13922413 0.04303041
  vertex -0.09104994 -0.14838882 0.04613101
  vertex -0.10604078 -0.13444644 0.05582864
 endloop
endfacet
facet normal 0.641014 -0.71572804 0.27719033
 outer loop
  vertex 0.12225549 -0.1255748 0.041494384
  vertex 0.12205578 -0.120797105 0.05429262
  vertex 0.108490914 -0.13129638 0.058551934
 endloop
endfacet
facet normal 0.64101446 -0.7157275 0.2771908
 outer loop
  vertex 0.10870573 -0.1364354 0.044785824
  vertex 0.12225549 -0.1255748 0.041494384
  vertex 0.108490914 -0.13129638 0.058551934
 endloop
endfacet
facet normal -0.62667394 -0.73322296 0.26393914
 outer loop
  vertex -0.10584107 -0.13922413 0.04303041
  vertex -0.10604078 -0.13444644 0.05582864
  vertex -0.11979556 -0.1243485 0.05122259
 endloop
endfacet
facet normal -0.6266739 -0.73322296 0.2639393
 outer loop
  vertex -0.11961287 -0.12871887 0.03951547
  vertex -0.10584107 -0.13922413 0.04303041
  vertex -0.11979556 -0.1243485 0.05122259
 endloop
endfacet
facet normal 0.562739 -0.7715161 0.29679582
 outer loop
  vertex 0.10870573 -0.1364354 0.044785824
  vertex 0.108490914 -0.13129638 0.058551934
  vertex 0.09388121 -0.14053105 0.06224725
 endloop
endfacet
facet normal 0.5627391 -0.7715161 0.2967959
 outer loop
  vertex 0.094109066 -0.1459819 0.04764585
  vertex 0.10870573 -0.1364354 0.044785824
  vertex 0.09388121 -0.14053105 0.06224725
 endloop
endfacet
facet normal -0.7000287 -0.67252815 0.24013671
 outer loop
  vertex -0.11961287 -0.12871887 0.03951547
  vertex -0.11979556 -0.1243485 0.05122259
  vertex -0.13239665 -0.11305293 0.046123255
 endloop
endfacet
facet normal -0.70002854 -0.6725282 0.24013726
 outer loop
  vertex -0.13223276 -0.116973884 0.035620008
  vertex -0.11961287 -0.12871887 0.03951547
  vertex -0.13239665 -0.11305293 0.046123255
 endloop
endfacet
facet normal 0.4790795 -0.81986344 0.31353897
 outer loop
  vertex 0.094109066 -0.1459819 0.04764585
  vertex 0.09388121 -0.14053105 0.06224725
  vertex 0.07836738 -0.14841242 0.06534322
 endloop
endfacet
facet normal 0.47907922 -0.81986374 0.31353864
 outer loop
  vertex 0.07860607 -0.15412259 0.050047148
  vertex 0.094109066 -0.1459819 0.04764585
  vertex 0.07836738 -0.14841242 0.06534322
 endloop
endfacet
facet normal -0.7666518 -0.60534424 0.21401726
 outer loop
  vertex -0.13223276 -0.116973884 0.035620008
  vertex -0.13239665 -0.11305293 0.046123255
  vertex -0.14372268 -0.10066868 0.04057982
 endloop
endfacet
facet normal -0.7666521 -0.6053442 0.21401635
 outer loop
  vertex -0.14357914 -0.10410246 0.031381592
  vertex -0.13223276 -0.116973884 0.035620008
  vertex -0.14372268 -0.10066868 0.04057982
 endloop
endfacet
facet normal 0.20510505 -0.94556004 0.25268182
 outer loop
  vertex 0.045638755 -0.17033136 0.03663067
  vertex 0.045485646 -0.16588724 0.05338529
  vertex 0.02818715 -0.16939776 0.054289993
 endloop
endfacet
facet normal 0.20510463 -0.9455603 0.2526814
 outer loop
  vertex 0.028342508 -0.17390712 0.037289392
  vertex 0.045638755 -0.17033136 0.03663067
  vertex 0.02818715 -0.16939776 0.054289993
 endloop
endfacet
facet normal 0.99609655 -0.082638286 0.031023486
 outer loop
  vertex 0.17996566 -0.006528804 0.0024813083
  vertex 0.17995036 -0.0060846712 0.0041557215
  vertex 0.17839234 -0.022865713 0.009480158
 endloop
endfacet
facet normal 0.99609655 -0.08264019 0.03101906
 outer loop
  vertex 0.17842278 -0.023749702 0.006147456
  vertex 0.17996566 -0.006528804 0.0024813083
  vertex 0.17839234 -0.022865713 0.009480158
 endloop
endfacet
facet normal -0.91966045 -0.3815895 0.09281143
 outer loop
  vertex -0.16196801 -0.07721946 0.015504338
  vertex -0.16202775 -0.07548545 0.02204166
  vertex -0.16895227 -0.060015697 0.017030265
 endloop
endfacet
facet normal -0.9196605 -0.38158953 0.09281102
 outer loop
  vertex -0.16890696 -0.061331023 0.012071367
  vertex -0.16196801 -0.07721946 0.015504338
  vertex -0.16895227 -0.060015697 0.017030265
 endloop
endfacet
facet normal 0.10830357 -0.9606444 0.25579783
 outer loop
  vertex 0.028342508 -0.17390712 0.037289392
  vertex 0.02818715 -0.16939776 0.054289993
  vertex 0.0106172 -0.17127691 0.054671887
 endloop
endfacet
facet normal 0.10830346 -0.9606446 0.25579774
 outer loop
  vertex 0.01077331 -0.17580809 0.037589032
  vertex 0.028342508 -0.17390712 0.037289392
  vertex 0.0106172 -0.17127691 0.054671887
 endloop
endfacet
facet normal 0.98267156 -0.17673908 0.055855867
 outer loop
  vertex 0.17842278 -0.023749702 0.006147456
  vertex 0.17839234 -0.022865713 0.009480158
  vertex 0.17511632 -0.039426573 0.014713284
 endloop
endfacet
facet normal 0.98267174 -0.17673759 0.055858657
 outer loop
  vertex 0.17516163 -0.0407419 0.009754389
  vertex 0.17842278 -0.023749702 0.006147456
  vertex 0.17511632 -0.039426573 0.014713284
 endloop
endfacet
facet normal -0.95374525 -0.29261398 0.06889922
 outer loop
  vertex -0.16890696 -0.061331023 0.012071367
  vertex -0.16895227 -0.060015697 0.017030265
  vertex -0.17424971 -0.04396785 0.011854861
 endloop
endfacet
facet normal -0.95374507 -0.2926139 0.06890214
 outer loop
  vertex -0.17421927 -0.044851832 0.0085221585
  vertex -0.16890696 -0.061331023 0.012071367
  vertex -0.17424971 -0.04396785 0.011854861
 endloop
endfacet
facet normal 0.010466918 -0.96649903 0.25645658
 outer loop
  vertex 0.01077331 -0.17580809 0.037589032
  vertex 0.0106172 -0.17127691 0.054671887
  vertex -0.0070549734 -0.17150666 0.054527316
 endloop
endfacet
facet normal 0.010467049 -0.96649903 0.25645667
 outer loop
  vertex -0.0068996157 -0.17601602 0.037526716
  vertex 0.01077331 -0.17580809 0.037589032
  vertex -0.0070549734 -0.17150666 0.054527316
 endloop
endfacet
facet normal 0.9597639 -0.2691254 0.08015488
 outer loop
  vertex 0.17516163 -0.0407419 0.009754389
  vertex 0.17511632 -0.039426573 0.014713284
  vertex 0.1701538 -0.05560766 0.01980473
 endloop
endfacet
facet normal 0.9597639 -0.26912534 0.0801551
 outer loop
  vertex 0.17021354 -0.057341665 0.013267407
  vertex 0.17516163 -0.0407419 0.009754389
  vertex 0.1701538 -0.05560766 0.01980473
 endloop
endfacet
facet normal -0.978628 -0.20080544 0.044323154
 outer loop
  vertex -0.17421927 -0.044851832 0.0085221585
  vertex -0.17424971 -0.04396785 0.011854861
  vertex -0.17786902 -0.02749663 0.0065652914
 endloop
endfacet
facet normal -0.978628 -0.20080595 0.0443188
 outer loop
  vertex -0.17785372 -0.027940763 0.0048908778
  vertex -0.17421927 -0.044851832 0.0085221585
  vertex -0.17786902 -0.02749663 0.0065652914
 endloop
endfacet
facet normal -0.08747658 -0.9630682 0.2546516
 outer loop
  vertex -0.0068996157 -0.17601602 0.037526716
  vertex -0.0070549734 -0.17150666 0.054527316
  vertex -0.024659226 -0.17008471 0.05385765
 endloop
endfacet
facet normal -0.08747613 -0.9630681 0.2546521
 outer loop
  vertex -0.024506116 -0.17452884 0.03710303
  vertex -0.0068996157 -0.17601602 0.037526716
  vertex -0.024659226 -0.17008471 0.05385765
 endloop
endfacet
facet normal 0.9276019 -0.35889652 0.10367266
 outer loop
  vertex 0.17021354 -0.057341665 0.013267407
  vertex 0.1701538 -0.05560766 0.01980473
  vertex 0.16355263 -0.071253344 0.024705501
 endloop
endfacet
facet normal 0.92760205 -0.35889593 0.1036735
 outer loop
  vertex 0.16362622 -0.07338932 0.0166527
  vertex 0.17021354 -0.057341665 0.013267407
  vertex 0.16355263 -0.071253344 0.024705501
 endloop
endfacet
facet normal -0.18458551 -0.9503831 0.2504
 outer loop
  vertex -0.024506116 -0.17452884 0.03710303
  vertex -0.024659226 -0.17008471 0.05385765
  vertex -0.042026 -0.1670248 0.052669276
 endloop
endfacet
facet normal -0.18458639 -0.95038325 0.25039908
 outer loop
  vertex -0.041876614 -0.17136087 0.036321998
  vertex -0.024506116 -0.17452884 0.03710303
  vertex -0.042026 -0.1670248 0.052669276
 endloop
endfacet
facet normal 0.88649994 -0.44519052 0.12618719
 outer loop
  vertex 0.16362622 -0.07338932 0.0166527
  vertex 0.16355263 -0.071253344 0.024705501
  vertex 0.15537636 -0.08621292 0.029368414
 endloop
endfacet
facet normal 0.88649994 -0.44519076 0.12618686
 outer loop
  vertex 0.15546308 -0.08873032 0.019877682
  vertex 0.16362622 -0.07338932 0.0166527
  vertex 0.15537636 -0.08621292 0.029368414
 endloop
endfacet
facet normal -0.2799365 -0.92856157 0.24373965
 outer loop
  vertex -0.041876614 -0.17136087 0.036321998
  vertex -0.042026 -0.1670248 0.052669276
  vertex -0.058988024 -0.16235629 0.050973687
 endloop
endfacet
facet normal -0.27993712 -0.92856157 0.24373887
 outer loop
  vertex -0.058843795 -0.16654253 0.035191186
  vertex -0.041876614 -0.17136087 0.036321998
  vertex -0.058988024 -0.16235629 0.050973687
 endloop
endfacet
facet normal 0.8368572 -0.5271806 0.14748092
 outer loop
  vertex 0.15546308 -0.08873032 0.019877682
  vertex 0.15537636 -0.08621292 0.029368414
  vertex 0.14570373 -0.10034213 0.03374837
 endloop
endfacet
facet normal 0.8368569 -0.5271813 0.14748015
 outer loop
  vertex 0.14580277 -0.10321667 0.022911118
  vertex 0.15546308 -0.08873032 0.019877682
  vertex 0.14570373 -0.10034213 0.03374837
 endloop
endfacet
facet normal -0.37260222 -0.8978122 0.23473592
 outer loop
  vertex -0.058843795 -0.16654253 0.035191186
  vertex -0.058988024 -0.16235629 0.050973687
  vertex -0.07538196 -0.15612428 0.048787218
 endloop
endfacet
facet normal -0.37260243 -0.8978122 0.23473561
 outer loop
  vertex -0.07524428 -0.1601204 0.033721484
  vertex -0.058843795 -0.16654253 0.035191186
  vertex -0.07538196 -0.15612428 0.048787218
 endloop
endfacet
facet normal 0.779164 -0.6040683 0.16734691
 outer loop
  vertex 0.14580277 -0.10321667 0.022911118
  vertex 0.14570373 -0.10034213 0.03374837
  vertex 0.13462788 -0.113505065 0.0378034
 endloop
endfacet
facet normal 0.77916414 -0.604068 0.16734718
 outer loop
  vertex 0.13473827 -0.11670908 0.025723994
  vertex 0.14580277 -0.10321667 0.022911118
  vertex 0.13462788 -0.113505065 0.0378034
 endloop
endfacet
facet normal -0.46169972 -0.85842454 0.22347404
 outer loop
  vertex -0.07524428 -0.1601204 0.033721484
  vertex -0.07538196 -0.15612428 0.048787218
  vertex -0.09104994 -0.14838882 0.04613101
 endloop
endfacet
facet normal -0.4616996 -0.8584246 0.22347419
 outer loop
  vertex -0.090920135 -0.15215634 0.031927127
  vertex -0.07524428 -0.1601204 0.033721484
  vertex -0.09104994 -0.14838882 0.04613101
 endloop
endfacet
facet normal 0.7139764 -0.6751229 0.18559854
 outer loop
  vertex 0.13473827 -0.11670908 0.025723994
  vertex 0.13462788 -0.113505065 0.0378034
  vertex 0.12225549 -0.1255748 0.041494384
 endloop
endfacet
facet normal 0.7139768 -0.6751222 0.18559924
 outer loop
  vertex 0.12237617 -0.12907745 0.028289165
  vertex 0.13473827 -0.11670908 0.025723994
  vertex 0.12225549 -0.1255748 0.041494384
 endloop
endfacet
facet normal -0.54638785 -0.8107625 0.2100581
 outer loop
  vertex -0.090920135 -0.15215634 0.031927127
  vertex -0.09104994 -0.14838882 0.04613101
  vertex -0.10584107 -0.13922413 0.04303041
 endloop
endfacet
facet normal -0.54638696 -0.81076276 0.21005954
 outer loop
  vertex -0.10572039 -0.14272678 0.029825186
  vertex -0.090920135 -0.15215634 0.031927127
  vertex -0.10584107 -0.13922413 0.04303041
 endloop
endfacet
facet normal 0.64194006 -0.73965245 0.2020574
 outer loop
  vertex 0.12237617 -0.12907745 0.028289165
  vertex 0.12225549 -0.1255748 0.041494384
  vertex 0.10870573 -0.1364354 0.044785824
 endloop
endfacet
facet normal 0.64193934 -0.73965335 0.2020564
 outer loop
  vertex 0.10883553 -0.14020292 0.03058194
  vertex 0.12237617 -0.12907745 0.028289165
  vertex 0.10870573 -0.1364354 0.044785824
 endloop
endfacet
facet normal -0.6258197 -0.7552962 0.19462128
 outer loop
  vertex -0.10572039 -0.14272678 0.029825186
  vertex -0.10584107 -0.13922413 0.04303041
  vertex -0.11961287 -0.12871887 0.03951547
 endloop
endfacet
facet normal -0.6258201 -0.7552961 0.1946204
 outer loop
  vertex -0.119502485 -0.13192289 0.027436063
  vertex -0.10572039 -0.14272678 0.029825186
  vertex -0.11961287 -0.12871887 0.03951547
 endloop
endfacet
facet normal 0.5637277 -0.7970627 0.2165692
 outer loop
  vertex 0.10883553 -0.14020292 0.03058194
  vertex 0.10870573 -0.1364354 0.044785824
  vertex 0.094109066 -0.1459819 0.04764585
 endloop
endfacet
facet normal 0.56372756 -0.7970627 0.21656914
 outer loop
  vertex 0.094246745 -0.14997801 0.032580122
  vertex 0.10883553 -0.14020292 0.03058194
  vertex 0.094109066 -0.1459819 0.04764585
 endloop
endfacet
facet normal -0.69925433 -0.6925367 0.17730264
 outer loop
  vertex -0.119502485 -0.13192289 0.027436063
  vertex -0.11961287 -0.12871887 0.03951547
  vertex -0.13223276 -0.116973884 0.035620008
 endloop
endfacet
facet normal -0.69925433 -0.6925367 0.1773027
 outer loop
  vertex -0.13213372 -0.11984842 0.024782756
  vertex -0.119502485 -0.13192289 0.027436063
  vertex -0.13223276 -0.116973884 0.035620008
 endloop
endfacet
facet normal 0.4801207 -0.84678566 0.22899386
 outer loop
  vertex 0.094246745 -0.14997801 0.032580122
  vertex 0.094109066 -0.1459819 0.04764585
  vertex 0.07860607 -0.15412259 0.050047148
 endloop
endfacet
facet normal 0.48012143 -0.8467849 0.2289947
 outer loop
  vertex 0.0787503 -0.15830885 0.034264658
  vertex 0.094246745 -0.14997801 0.032580122
  vertex 0.07860607 -0.15412259 0.050047148
 endloop
endfacet
facet normal -0.7659654 -0.62309426 0.15827374
 outer loop
  vertex -0.13213372 -0.11984842 0.024782756
  vertex -0.13223276 -0.116973884 0.035620008
  vertex -0.14357914 -0.10410246 0.031381592
 endloop
endfacet
facet normal -0.76596475 -0.62309456 0.15827563
 outer loop
  vertex -0.14349242 -0.106619865 0.021890862
  vertex -0.13213372 -0.11984842 0.024782756
  vertex -0.14357914 -0.10410246 0.031381592
 endloop
endfacet
facet normal 0.3919147 -0.88835734 0.23921563
 outer loop
  vertex 0.0787503 -0.15830885 0.034264658
  vertex 0.07860607 -0.15412259 0.050047148
  vertex 0.062346064 -0.16077916 0.05196642
 endloop
endfacet
facet normal 0.39191425 -0.8883577 0.2392152
 outer loop
  vertex 0.062495448 -0.16511522 0.035619143
  vertex 0.0787503 -0.15830885 0.034264658
  vertex 0.062346064 -0.16077916 0.05196642
 endloop
endfacet
facet normal -0.8253119 -0.5476263 0.1377155
 outer loop
  vertex -0.14349242 -0.106619865 0.021890862
  vertex -0.14357914 -0.10410246 0.031381592
  vertex -0.15354279 -0.09022843 0.02684085
 endloop
endfacet
facet normal -0.8253127 -0.54762596 0.13771258
 outer loop
  vertex -0.15346919 -0.0923644 0.018788047
  vertex -0.14349242 -0.106619865 0.021890862
  vertex -0.15354279 -0.09022843 0.02684085
 endloop
endfacet
facet normal 0.2999437 -0.9213889 0.24713616
 outer loop
  vertex 0.062495448 -0.16511522 0.035619143
  vertex 0.062346064 -0.16077916 0.05196642
  vertex 0.045485646 -0.16588724 0.05338529
 endloop
endfacet
facet normal 0.29994458 -0.9213883 0.24713701
 outer loop
  vertex 0.045638755 -0.17033136 0.03663067
  vertex 0.062495448 -0.16511522 0.035619143
  vertex 0.045485646 -0.16588724 0.05338529
 endloop
endfacet
facet normal -0.87671036 -0.46686643 0.11582172
 outer loop
  vertex -0.15346919 -0.0923644 0.018788047
  vertex -0.15354279 -0.09022843 0.02684085
  vertex -0.16202775 -0.07548545 0.02204166
 endloop
endfacet
facet normal -0.87671006 -0.4668666 0.11582336
 outer loop
  vertex -0.16196801 -0.07721946 0.015504338
  vertex -0.15346919 -0.0923644 0.018788047
  vertex -0.16202775 -0.07548545 0.02204166
 endloop
endfacet
facet normal 0.011045734 -0.9869571 0.16060446
 outer loop
  vertex 0.010825671 -0.17864624 0.020144247
  vertex 0.01077331 -0.17580809 0.037589032
  vertex -0.0068996157 -0.17601602 0.037526716
 endloop
endfacet
facet normal 0.011044053 -0.9869573 0.16060276
 outer loop
  vertex -0.006847509 -0.17884047 0.020165917
  vertex 0.010825671 -0.17864624 0.020144247
  vertex -0.0068996157 -0.17601602 0.037526716
 endloop
endfacet
facet normal 0.9599593 -0.27603343 0.047787946
 outer loop
  vertex 0.17517683 -0.041565735 0.0046904325
  vertex 0.17516163 -0.0407419 0.009754389
  vertex 0.17021354 -0.057341665 0.013267407
 endloop
endfacet
facet normal 0.95995975 -0.276031 0.047792695
 outer loop
  vertex 0.17023358 -0.058427833 0.0065915845
  vertex 0.17517683 -0.041565735 0.0046904325
  vertex 0.17021354 -0.057341665 0.013267407
 endloop
endfacet
facet normal -0.9785429 -0.20381524 0.030219328
 outer loop
  vertex -0.17420904 -0.045405515 0.005118838
  vertex -0.17421927 -0.044851832 0.0085221585
  vertex -0.17785372 -0.027940763 0.0048908778
 endloop
endfacet
facet normal -0.97854275 -0.2038151 0.030225165
 outer loop
  vertex -0.17784859 -0.028218945 0.003180987
  vertex -0.17420904 -0.045405515 0.005118838
  vertex -0.17785372 -0.027940763 0.0048908778
 endloop
endfacet
facet normal -0.0869031 -0.98332995 0.15971865
 outer loop
  vertex -0.006847509 -0.17884047 0.020165917
  vertex -0.0068996157 -0.17601602 0.037526716
  vertex -0.024506116 -0.17452884 0.03710303
 endloop
endfacet
facet normal -0.08690633 -0.98333025 0.15971537
 outer loop
  vertex -0.024454765 -0.17731237 0.019993385
  vertex -0.006847509 -0.17884047 0.020165917
  vertex -0.024506116 -0.17452884 0.03710303
 endloop
endfacet
facet normal 0.9278501 -0.3676613 0.06260472
 outer loop
  vertex 0.17023358 -0.058427833 0.0065915845
  vertex 0.17021354 -0.057341665 0.013267407
  vertex 0.16362622 -0.07338932 0.0166527
 endloop
endfacet
facet normal 0.9278491 -0.36766478 0.06259898
 outer loop
  vertex 0.1636509 -0.07472718 0.008429263
  vertex 0.17023358 -0.058427833 0.0065915845
  vertex 0.16362622 -0.07338932 0.0166527
 endloop
endfacet
facet normal -0.18402417 -0.97025406 0.15729655
 outer loop
  vertex -0.024454765 -0.17731237 0.019993385
  vertex -0.024506116 -0.17452884 0.03710303
  vertex -0.041876614 -0.17136087 0.036321998
 endloop
endfacet
facet normal -0.18402463 -0.970254 0.15729605
 outer loop
  vertex -0.04182651 -0.17407672 0.01962832
  vertex -0.024454765 -0.17731237 0.019993385
  vertex -0.041876614 -0.17136087 0.036321998
 endloop
endfacet
facet normal 0.88679796 -0.45573092 0.07680307
 outer loop
  vertex 0.1636509 -0.07472718 0.008429263
  vertex 0.16362622 -0.07338932 0.0166527
  vertex 0.15546308 -0.08873032 0.019877682
 endloop
endfacet
facet normal 0.88679814 -0.45573053 0.07680363
 outer loop
  vertex 0.15549217 -0.09030707 0.01018584
  vertex 0.1636509 -0.07472718 0.008429263
  vertex 0.15546308 -0.08873032 0.019877682
 endloop
endfacet
facet normal -0.2793915 -0.94785 0.15336496
 outer loop
  vertex -0.04182651 -0.17407672 0.01962832
  vertex -0.041876614 -0.17136087 0.036321998
  vertex -0.058843795 -0.16654253 0.035191186
 endloop
endfacet
facet normal -0.27938673 -0.9478506 0.15337043
 outer loop
  vertex -0.058795422 -0.16916464 0.019074285
  vertex -0.04182651 -0.17407672 0.01962832
  vertex -0.058843795 -0.16654253 0.035191186
 endloop
endfacet
facet normal 0.8372025 -0.5393924 0.090265565
 outer loop
  vertex 0.15549217 -0.09030707 0.01018584
  vertex 0.15546308 -0.08873032 0.019877682
  vertex 0.14580277 -0.10321667 0.022911118
 endloop
endfacet
facet normal 0.8372028 -0.5393918 0.09026636
 outer loop
  vertex 0.14583598 -0.10501714 0.011844253
  vertex 0.15549217 -0.09030707 0.01018584
  vertex 0.14580277 -0.10321667 0.022911118
 endloop
endfacet
facet normal -0.37207854 -0.9163318 0.14796434
 outer loop
  vertex -0.058795422 -0.16916464 0.019074285
  vertex -0.058843795 -0.16654253 0.035191186
  vertex -0.07524428 -0.1601204 0.033721484
 endloop
endfacet
facet normal -0.37208262 -0.91633105 0.14795926
 outer loop
  vertex -0.07519811 -0.16262335 0.01833651
  vertex -0.058795422 -0.16916464 0.019074285
  vertex -0.07524428 -0.1601204 0.033721484
 endloop
endfacet
facet normal 0.7795536 -0.6178326 0.10285493
 outer loop
  vertex 0.14583598 -0.10501714 0.011844253
  vertex 0.14580277 -0.10321667 0.022911118
  vertex 0.13473827 -0.11670908 0.025723994
 endloop
endfacet
facet normal 0.779553 -0.61783344 0.10285376
 outer loop
  vertex 0.13477528 -0.118715905 0.013388657
  vertex 0.14583598 -0.10501714 0.011844253
  vertex 0.13473827 -0.11670908 0.025723994
 endloop
endfacet
facet normal -0.46120268 -0.8759991 0.14113028
 outer loop
  vertex -0.07519811 -0.16262335 0.01833651
  vertex -0.07524428 -0.1601204 0.033721484
  vertex -0.090920135 -0.15215634 0.031927127
 endloop
endfacet
facet normal -0.46120146 -0.8759994 0.14113192
 outer loop
  vertex -0.0908766 -0.15451613 0.017422266
  vertex -0.07519811 -0.16262335 0.01833651
  vertex -0.090920135 -0.15215634 0.031927127
 endloop
endfacet
facet normal 0.7144063 -0.6903079 0.1144491
 outer loop
  vertex 0.13477528 -0.118715905 0.013388657
  vertex 0.13473827 -0.11670908 0.025723994
  vertex 0.12237617 -0.12907745 0.028289165
 endloop
endfacet
facet normal 0.71440876 -0.69030464 0.11445342
 outer loop
  vertex 0.122416645 -0.13127139 0.014804139
  vertex 0.13477528 -0.118715905 0.013388657
  vertex 0.12237617 -0.12907745 0.028289165
 endloop
endfacet
facet normal -0.54592127 -0.82722205 0.1329421
 outer loop
  vertex -0.0908766 -0.15451613 0.017422266
  vertex -0.090920135 -0.15215634 0.031927127
  vertex -0.10572039 -0.14272678 0.029825186
 endloop
endfacet
facet normal -0.5459223 -0.8272217 0.13294052
 outer loop
  vertex -0.10567992 -0.14492063 0.016340144
  vertex -0.0908766 -0.15451613 0.017422266
  vertex -0.10572039 -0.14272678 0.029825186
 endloop
endfacet
facet normal 0.642405 -0.75611174 0.12494375
 outer loop
  vertex 0.122416645 -0.13127139 0.014804139
  vertex 0.12237617 -0.12907745 0.028289165
  vertex 0.10883553 -0.14020292 0.03058194
 endloop
endfacet
facet normal 0.6424025 -0.75611436 0.12494015
 outer loop
  vertex 0.10887907 -0.14256272 0.016077079
  vertex 0.122416645 -0.13127139 0.014804139
  vertex 0.10883553 -0.14020292 0.03058194
 endloop
endfacet
facet normal -0.62539035 -0.7704815 0.12347109
 outer loop
  vertex -0.10567992 -0.14492063 0.016340144
  vertex -0.10572039 -0.14272678 0.029825186
  vertex -0.119502485 -0.13192289 0.027436063
 endloop
endfacet
facet normal -0.62539047 -0.77048147 0.123470925
 outer loop
  vertex -0.11946546 -0.1339297 0.0151006915
  vertex -0.10567992 -0.14492063 0.016340144
  vertex -0.119502485 -0.13192289 0.027436063
 endloop
endfacet
facet normal 0.5642249 -0.814637 0.13422653
 outer loop
  vertex 0.10887907 -0.14256272 0.016077079
  vertex 0.10883553 -0.14020292 0.03058194
  vertex 0.094246745 -0.14997801 0.032580122
 endloop
endfacet
facet normal 0.56422794 -0.81463426 0.13423046
 outer loop
  vertex 0.094292924 -0.15248106 0.017195184
  vertex 0.10887907 -0.14256272 0.016077079
  vertex 0.094246745 -0.14997801 0.032580122
 endloop
endfacet
facet normal -0.69886494 -0.7063015 0.11280912
 outer loop
  vertex -0.11946546 -0.1339297 0.0151006915
  vertex -0.119502485 -0.13192289 0.027436063
  vertex -0.13213372 -0.11984842 0.024782756
 endloop
endfacet
facet normal -0.6988641 -0.706302 0.112810925
 outer loop
  vertex -0.13210051 -0.12164889 0.013715891
  vertex -0.11946546 -0.1339297 0.0151006915
  vertex -0.13213372 -0.11984842 0.024782756
 endloop
endfacet
facet normal 0.4806453 -0.865305 0.14222348
 outer loop
  vertex 0.094292924 -0.15248106 0.017195184
  vertex 0.094246745 -0.14997801 0.032580122
  vertex 0.0787503 -0.15830885 0.034264658
 endloop
endfacet
facet normal 0.48064008 -0.8653088 0.14221735
 outer loop
  vertex 0.07879867 -0.16093087 0.018147726
  vertex 0.094292924 -0.15248106 0.017195184
  vertex 0.0787503 -0.15830885 0.034264658
 endloop
endfacet
facet normal -0.76561946 -0.63530594 0.10106019
 outer loop
  vertex -0.13210051 -0.12164889 0.013715891
  vertex -0.13213372 -0.11984842 0.024782756
  vertex -0.14349242 -0.106619865 0.021890862
 endloop
endfacet
facet normal -0.76562005 -0.6353055 0.10105866
 outer loop
  vertex -0.14346333 -0.10819661 0.01219902
  vertex -0.13210051 -0.12164889 0.013715891
  vertex -0.14349242 -0.106619865 0.021890862
 endloop
endfacet
facet normal 0.39246014 -0.9076461 0.1488405
 outer loop
  vertex 0.07879867 -0.16093087 0.018147726
  vertex 0.0787503 -0.15830885 0.034264658
  vertex 0.062495448 -0.16511522 0.035619143
 endloop
endfacet
facet normal 0.39246142 -0.90764546 0.14884181
 outer loop
  vertex 0.06254555 -0.1678311 0.018925501
  vertex 0.07879867 -0.16093087 0.018147726
  vertex 0.062495448 -0.16511522 0.035619143
 endloop
endfacet
facet normal -0.8250144 -0.5581656 0.08833068
 outer loop
  vertex -0.14346333 -0.10819661 0.01219902
  vertex -0.14349242 -0.106619865 0.021890862
  vertex -0.15346919 -0.0923644 0.018788047
 endloop
endfacet
facet normal -0.8250142 -0.55816585 0.08833173
 outer loop
  vertex -0.15344451 -0.093702264 0.010564602
  vertex -0.14346333 -0.10819661 0.01219902
  vertex -0.15346919 -0.0923644 0.018788047
 endloop
endfacet
facet normal 0.30050656 -0.9412593 0.15403442
 outer loop
  vertex 0.06254555 -0.1678311 0.018925501
  vertex 0.062495448 -0.16511522 0.035619143
  vertex 0.045638755 -0.17033136 0.03663067
 endloop
endfacet
facet normal 0.30050674 -0.94125926 0.15403457
 outer loop
  vertex 0.045690104 -0.17311491 0.019521037
  vertex 0.06254555 -0.1678311 0.018925501
  vertex 0.045638755 -0.17033136 0.03663067
 endloop
endfacet
facet normal -0.87646204 -0.4756329 0.074750185
 outer loop
  vertex -0.15344451 -0.093702264 0.010564602
  vertex -0.15346919 -0.0923644 0.018788047
  vertex -0.16196801 -0.07721946 0.015504338
 endloop
endfacet
facet normal -0.87646115 -0.47563386 0.07475503
 outer loop
  vertex -0.16194797 -0.078305624 0.008828511
  vertex -0.15344451 -0.093702264 0.010564602
  vertex -0.16196801 -0.07721946 0.015504338
 endloop
endfacet
facet normal 0.20567796 -0.96582234 0.15774609
 outer loop
  vertex 0.045690104 -0.17311491 0.019521037
  vertex 0.045638755 -0.17033136 0.03663067
  vertex 0.028342508 -0.17390712 0.037289392
 endloop
endfacet
facet normal 0.20568018 -0.96582144 0.1577483
 outer loop
  vertex 0.028394613 -0.17673157 0.019928593
  vertex 0.045690104 -0.17311491 0.019521037
  vertex 0.028342508 -0.17390712 0.037289392
 endloop
endfacet
facet normal 0.99618167 -0.08564913 0.016921028
 outer loop
  vertex 0.17997079 -0.006806994 0.00077141565
  vertex 0.17996566 -0.006528804 0.0024813083
  vertex 0.17842278 -0.023749702 0.006147456
 endloop
endfacet
facet normal 0.9961817 -0.085647546 0.01692605
 outer loop
  vertex 0.178433 -0.024303384 0.0027441345
  vertex 0.17997079 -0.006806994 0.00077141565
  vertex 0.17842278 -0.023749702 0.006147456
 endloop
endfacet
facet normal -0.91946524 -0.3884967 0.060448647
 outer loop
  vertex -0.16194797 -0.078305624 0.008828511
  vertex -0.16196801 -0.07721946 0.015504338
  vertex -0.16890696 -0.061331023 0.012071367
 endloop
endfacet
facet normal -0.91946596 -0.38849598 0.060443223
 outer loop
  vertex -0.16889176 -0.06215486 0.007007408
  vertex -0.16194797 -0.078305624 0.008828511
  vertex -0.16890696 -0.061331023 0.012071367
 endloop
endfacet
facet normal 0.10888224 -0.98110276 0.15994392
 outer loop
  vertex 0.028394613 -0.17673157 0.019928593
  vertex 0.028342508 -0.17390712 0.037289392
  vertex 0.01077331 -0.17580809 0.037589032
 endloop
endfacet
facet normal 0.10888391 -0.9811023 0.15994558
 outer loop
  vertex 0.010825671 -0.17864624 0.020144247
  vertex 0.028394613 -0.17673157 0.019928593
  vertex 0.01077331 -0.17580809 0.037589032
 endloop
endfacet
facet normal 0.98281264 -0.18171963 0.03251573
 outer loop
  vertex 0.178433 -0.024303384 0.0027441345
  vertex 0.17842278 -0.023749702 0.006147456
  vertex 0.17516163 -0.0407419 0.009754389
 endloop
endfacet
facet normal 0.9828125 -0.18172067 0.032513194
 outer loop
  vertex 0.17517683 -0.041565735 0.0046904325
  vertex 0.178433 -0.024303384 0.0027441345
  vertex 0.17516163 -0.0407419 0.009754389
 endloop
endfacet
facet normal -0.9536041 -0.29759735 0.045552816
 outer loop
  vertex -0.16889176 -0.06215486 0.007007408
  vertex -0.16890696 -0.061331023 0.012071367
  vertex -0.17421927 -0.044851832 0.0085221585
 endloop
endfacet
facet normal -0.95360416 -0.29759723 0.045551557
 outer loop
  vertex -0.17420904 -0.045405515 0.005118838
  vertex -0.16889176 -0.06215486 0.007007408
  vertex -0.17421927 -0.044851832 0.0085221585
 endloop
endfacet
endsolid 
