solid 
facet normal 0.9987917 0.04176506 0.025899947
 outer loop
  vertex 0.22405873 3.3689173e-06 3.8091898e-06
  vertex 0.22297944 0.019211417 0.010651001
  vertex 0.22297946 0.018075315 0.012482451
 endloop
endfacet
facet normal -0.9987934 0.04172836 0.025893418
 outer loop
  vertex -0.22298022 0.019204685 0.010647202
  vertex -0.22405873 -3.3954097e-06 -3.1465333e-08
  vertex -0.2229802 0.018068586 0.012478652
 endloop
endfacet
facet normal -0.9987934 0.03899388 0.029853532
 outer loop
  vertex -0.2229802 0.018068586 0.012478652
  vertex -0.22405873 -3.3954097e-06 -3.1465333e-08
  vertex -0.2229802 0.016758442 0.014189928
 endloop
endfacet
facet normal 0.9987917 0.039020844 0.029874207
 outer loop
  vertex 0.22405873 3.3689173e-06 3.8091898e-06
  vertex 0.22297946 0.018075315 0.012482451
  vertex 0.22297946 0.016765172 0.014193724
 endloop
endfacet
facet normal -0.99879336 0.035879955 0.033531863
 outer loop
  vertex -0.2229802 0.016758442 0.014189928
  vertex -0.22405873 -3.3954097e-06 -3.1465333e-08
  vertex -0.2229802 0.015286872 0.015764546
 endloop
endfacet
facet normal 0.99879175 0.0359048 0.033555027
 outer loop
  vertex 0.22405873 3.3689173e-06 3.8091898e-06
  vertex 0.22297946 0.016765172 0.014193724
  vertex 0.22297946 0.015293604 0.015768342
 endloop
endfacet
facet normal 0.99879175 0.032447897 0.036907922
 outer loop
  vertex 0.22405873 3.3689173e-06 3.8091898e-06
  vertex 0.22297946 0.015293604 0.015768342
  vertex 0.22297947 0.013674783 0.017191138
 endloop
endfacet
facet normal -0.99879336 0.03241551 0.03689203
 outer loop
  vertex -0.2229802 0.015286872 0.015764546
  vertex -0.22405873 -3.3954097e-06 -3.1465333e-08
  vertex -0.22298019 0.013668051 0.017187342
 endloop
endfacet
facet normal 0.9987918 0.028673636 0.039910115
 outer loop
  vertex 0.22405873 3.3689173e-06 3.8091898e-06
  vertex 0.22297947 0.013674783 0.017191138
  vertex 0.22297949 0.011924298 0.01844841
 endloop
endfacet
facet normal -0.99879336 0.02864376 0.03989225
 outer loop
  vertex -0.22298019 0.013668051 0.017187342
  vertex -0.22405873 -3.3954097e-06 -3.1465333e-08
  vertex -0.22298017 0.011917565 0.018444614
 endloop
endfacet
facet normal -0.9987933 0.024590263 0.042512055
 outer loop
  vertex -0.22298017 0.011917565 0.018444614
  vertex -0.22405873 -3.3954097e-06 -3.1465333e-08
  vertex -0.22298014 0.010052273 0.019524256
 endloop
endfacet
facet normal 0.9987918 0.024629133 0.042524114
 outer loop
  vertex 0.22405873 3.3689173e-06 3.8091898e-06
  vertex 0.22297949 0.011924298 0.01844841
  vertex 0.22297952 0.010059007 0.01952805
 endloop
endfacet
facet normal -0.9987932 0.020311717 0.044715673
 outer loop
  vertex -0.22298014 0.010052273 0.019524256
  vertex -0.22405873 -3.3954097e-06 -3.1465333e-08
  vertex -0.22298013 0.008090142 0.020415869
 endloop
endfacet
facet normal 0.9987918 0.020335771 0.04473534
 outer loop
  vertex 0.22405873 3.3689173e-06 3.8091898e-06
  vertex 0.22297952 0.010059007 0.01952805
  vertex 0.22297953 0.008096875 0.020419663
 endloop
endfacet
facet normal -0.9987931 0.01582472 0.046494436
 outer loop
  vertex -0.22298013 0.008090142 0.020415869
  vertex -0.22405873 -3.3954097e-06 -3.1465333e-08
  vertex -0.2229801 0.0060500633 0.021110864
 endloop
endfacet
facet normal 0.9987919 0.01585918 0.04651001
 outer loop
  vertex 0.22405873 3.3689173e-06 3.8091898e-06
  vertex 0.22297953 0.008096875 0.020419663
  vertex 0.22297956 0.006056798 0.021114657
 endloop
endfacet
facet normal -0.9987931 0.011191531 0.04782299
 outer loop
  vertex -0.2229801 0.0060500633 0.021110864
  vertex -0.22405873 -3.3954097e-06 -3.1465333e-08
  vertex -0.22298007 0.0039516874 0.021602549
 endloop
endfacet
facet normal 0.998792 0.011223748 0.047839202
 outer loop
  vertex 0.22405873 3.3689173e-06 3.8091898e-06
  vertex 0.22297956 0.006056798 0.021114657
  vertex 0.22297959 0.0039584227 0.021606343
 endloop
endfacet
facet normal -0.99879307 0.006450415 0.048690997
 outer loop
  vertex -0.22298007 0.0039516874 0.021602549
  vertex -0.22405873 -3.3954097e-06 -3.1465333e-08
  vertex -0.22298004 0.001815222 0.021886192
 endloop
endfacet
facet normal 0.99879205 0.0064804675 0.04870762
 outer loop
  vertex 0.22405873 3.3689173e-06 3.8091898e-06
  vertex 0.22297959 0.0039584227 0.021606343
  vertex 0.22297962 0.0018219596 0.021889985
 endloop
endfacet
facet normal 0.9987921 0.0016750512 0.049106922
 outer loop
  vertex 0.22405873 3.3689173e-06 3.8091898e-06
  vertex 0.22297962 0.0018219596 0.021889985
  vertex 0.22297965 -0.00033201906 0.021962851
 endloop
endfacet
facet normal -0.99879307 0.0016467791 0.049090162
 outer loop
  vertex -0.22298004 0.001815222 0.021886192
  vertex -0.22405873 -3.3954097e-06 -3.1465333e-08
  vertex -0.22298001 -0.0003387567 0.021959057
 endloop
endfacet
facet normal 0.9987921 -0.0031462803 0.04903328
 outer loop
  vertex 0.22405873 3.3689173e-06 3.8091898e-06
  vertex 0.22297965 -0.00033201906 0.021962851
  vertex 0.22297968 -0.0024827674 0.021824239
 endloop
endfacet
facet normal -0.9987929 -0.0031728467 0.049016546
 outer loop
  vertex -0.22298001 -0.0003387567 0.021959057
  vertex -0.22405873 -3.3954097e-06 -3.1465333e-08
  vertex -0.22297998 -0.0024895065 0.021820446
 endloop
endfacet
facet normal -0.9987928 -0.007962271 0.04847086
 outer loop
  vertex -0.22297998 -0.0024895065 0.021820446
  vertex -0.22405873 -3.3954097e-06 -3.1465333e-08
  vertex -0.22297995 -0.004616312 0.021471692
 endloop
endfacet
facet normal 0.9987923 -0.007936989 0.048487455
 outer loop
  vertex 0.22405873 3.3689173e-06 3.8091898e-06
  vertex 0.22297968 -0.0024827674 0.021824239
  vertex 0.22297971 -0.0046095736 0.021475485
 endloop
endfacet
facet normal -0.99879277 -0.012682046 0.047456868
 outer loop
  vertex -0.22297995 -0.004616312 0.021471692
  vertex -0.22405873 -3.3954097e-06 -3.1465333e-08
  vertex -0.2229799 -0.006698694 0.020916153
 endloop
endfacet
facet normal 0.9987923 -0.01264421 0.047476165
 outer loop
  vertex 0.22405873 3.3689173e-06 3.8091898e-06
  vertex 0.22297971 -0.0046095736 0.021475485
  vertex 0.22297975 -0.006691954 0.020919949
 endloop
endfacet
facet normal -0.99879265 -0.017266644 0.04598935
 outer loop
  vertex -0.2229799 -0.006698694 0.020916153
  vertex -0.22405873 -3.3954097e-06 -3.1465333e-08
  vertex -0.22297987 -0.008716596 0.020159181
 endloop
endfacet
facet normal 0.99879247 -0.01724274 0.04600417
 outer loop
  vertex 0.22405873 3.3689173e-06 3.8091898e-06
  vertex 0.22297975 -0.006691954 0.020919949
  vertex 0.22297978 -0.008709856 0.020162975
 endloop
endfacet
facet normal -0.99879265 -0.021698235 0.044073917
 outer loop
  vertex -0.22297987 -0.008716596 0.020159181
  vertex -0.22405873 -3.3954097e-06 -3.1465333e-08
  vertex -0.22297983 -0.010650585 0.019208064
 endloop
endfacet
facet normal 0.9987925 -0.021661928 0.0440941
 outer loop
  vertex 0.22405873 3.3689173e-06 3.8091898e-06
  vertex 0.22297978 -0.008709856 0.020162975
  vertex 0.22297983 -0.0106438445 0.01921186
 endloop
endfacet
facet normal -0.9987925 -0.025908744 0.041739993
 outer loop
  vertex -0.22297983 -0.010650585 0.019208064
  vertex -0.22405873 -3.3954097e-06 -3.1465333e-08
  vertex -0.2229798 -0.012482036 0.018071964
 endloop
endfacet
facet normal 0.9987926 -0.02588462 0.04175343
 outer loop
  vertex 0.22405873 3.3689173e-06 3.8091898e-06
  vertex 0.22297983 -0.0106438445 0.01921186
  vertex 0.22297986 -0.012475294 0.018075759
 endloop
endfacet
facet normal 0.99879265 -0.029845944 0.03901814
 outer loop
  vertex 0.22405873 3.3689173e-06 3.8091898e-06
  vertex 0.22297986 -0.012475294 0.018075759
  vertex 0.2229799 -0.014186568 0.016765619
 endloop
endfacet
facet normal -0.99879247 -0.029881747 0.038996637
 outer loop
  vertex -0.2229798 -0.012482036 0.018071964
  vertex -0.22405873 -3.3954097e-06 -3.1465333e-08
  vertex -0.22297975 -0.01419331 0.01676182
 endloop
endfacet
facet normal 0.99879277 -0.033530626 0.035898823
 outer loop
  vertex 0.22405873 3.3689173e-06 3.8091898e-06
  vertex 0.2229799 -0.014186568 0.016765619
  vertex 0.22297993 -0.015761185 0.015294047
 endloop
endfacet
facet normal -0.99879235 -0.03355634 0.03588587
 outer loop
  vertex -0.22297975 -0.01419331 0.01676182
  vertex -0.22405873 -3.3954097e-06 -3.1465333e-08
  vertex -0.22297972 -0.015767928 0.015290251
 endloop
endfacet
facet normal -0.9987923 -0.03691796 0.032419935
 outer loop
  vertex -0.22297972 -0.015767928 0.015290251
  vertex -0.22405873 -3.3954097e-06 -3.1465333e-08
  vertex -0.22297968 -0.017190725 0.01367143
 endloop
endfacet
facet normal 0.9987928 -0.036882017 0.032443475
 outer loop
  vertex 0.22405873 3.3689173e-06 3.8091898e-06
  vertex 0.22297993 -0.015761185 0.015294047
  vertex 0.22297998 -0.01718398 0.013675226
 endloop
endfacet
facet normal -0.9987921 -0.039915252 0.028651832
 outer loop
  vertex -0.22297968 -0.017190725 0.01367143
  vertex -0.22405873 -3.3954097e-06 -3.1465333e-08
  vertex -0.22297965 -0.018447997 0.011920945
 endloop
endfacet
facet normal 0.9987929 -0.039887052 0.028665634
 outer loop
  vertex 0.22405873 3.3689173e-06 3.8091898e-06
  vertex 0.22297998 -0.01718398 0.013675226
  vertex 0.22298001 -0.018441254 0.011924742
 endloop
endfacet
facet normal -0.9987921 -0.042532627 0.024602156
 outer loop
  vertex -0.22297965 -0.018447997 0.011920945
  vertex -0.22405873 -3.3954097e-06 -3.1465333e-08
  vertex -0.22297962 -0.019527638 0.010055654
 endloop
endfacet
facet normal 0.99879307 -0.04250357 0.024617244
 outer loop
  vertex 0.22405873 3.3689173e-06 3.8091898e-06
  vertex 0.22298001 -0.018441254 0.011924742
  vertex 0.22298004 -0.019520894 0.010059452
 endloop
endfacet
facet normal -0.99879205 -0.044740487 0.020315325
 outer loop
  vertex -0.22297962 -0.019527638 0.010055654
  vertex -0.22405873 -3.3954097e-06 -3.1465333e-08
  vertex -0.22297959 -0.02041925 0.008093521
 endloop
endfacet
facet normal 0.99879307 -0.044710577 0.020332063
 outer loop
  vertex 0.22405873 3.3689173e-06 3.8091898e-06
  vertex 0.22298004 -0.019520894 0.010059452
  vertex 0.22298007 -0.020412505 0.008097319
 endloop
endfacet
facet normal 0.9987931 -0.046486888 0.015851349
 outer loop
  vertex 0.22405873 3.3689173e-06 3.8091898e-06
  vertex 0.22298007 -0.020412505 0.008097319
  vertex 0.2229801 -0.0211075 0.006057243
 endloop
endfacet
facet normal -0.998792 -0.046517562 0.015832642
 outer loop
  vertex -0.22297959 -0.02041925 0.008093521
  vertex -0.22405873 -3.3954097e-06 -3.1465333e-08
  vertex -0.22297956 -0.021114247 0.0060534426
 endloop
endfacet
facet normal 0.9987931 -0.047815423 0.011218176
 outer loop
  vertex 0.22405873 3.3689173e-06 3.8091898e-06
  vertex 0.2229801 -0.0211075 0.006057243
  vertex 0.22298013 -0.021599187 0.0039588674
 endloop
endfacet
facet normal -0.9987919 -0.047846787 0.011197189
 outer loop
  vertex -0.22297956 -0.021114247 0.0060534426
  vertex -0.22405873 -3.3954097e-06 -3.1465333e-08
  vertex -0.22297953 -0.021605933 0.0039550676
 endloop
endfacet
facet normal -0.9987919 -0.048714004 0.0064604897
 outer loop
  vertex -0.22297953 -0.021605933 0.0039550676
  vertex -0.22405873 -3.3954097e-06 -3.1465333e-08
  vertex -0.22297952 -0.021889577 0.0018186026
 endloop
endfacet
facet normal 0.9987933 -0.048684657 0.006470453
 outer loop
  vertex 0.22405873 3.3689173e-06 3.8091898e-06
  vertex 0.22298013 -0.021599187 0.0039588674
  vertex 0.22298014 -0.021882828 0.001822404
 endloop
endfacet
facet normal -0.9987918 -0.04911335 0.001654504
 outer loop
  vertex -0.22297952 -0.021889577 0.0018186026
  vertex -0.22405873 -3.3954097e-06 -3.1465333e-08
  vertex -0.2229795 -0.021962442 -0.0003353771
 endloop
endfacet
facet normal 0.9987932 -0.049083762 0.0016673581
 outer loop
  vertex 0.22405873 3.3689173e-06 3.8091898e-06
  vertex 0.22298014 -0.021882828 0.001822404
  vertex 0.22298016 -0.021955695 -0.00033157467
 endloop
endfacet
facet normal 0.99879336 -0.049010273 -0.0031447553
 outer loop
  vertex 0.22405873 3.3689173e-06 3.8091898e-06
  vertex 0.22298016 -0.021955695 -0.00033157467
  vertex 0.22298019 -0.021817084 -0.002482323
 endloop
endfacet
facet normal -0.99879175 -0.04903961 -0.0031743508
 outer loop
  vertex -0.2229795 -0.021962442 -0.0003353771
  vertex -0.22405873 -3.3954097e-06 -3.1465333e-08
  vertex -0.22297947 -0.02182383 -0.002486125
 endloop
endfacet
facet normal 0.99879336 -0.04846312 -0.007946996
 outer loop
  vertex 0.22405873 3.3689173e-06 3.8091898e-06
  vertex 0.22298019 -0.021817084 -0.002482323
  vertex 0.22298019 -0.02146833 -0.004609129
 endloop
endfacet
facet normal -0.99879175 -0.04849524 -0.007952286
 outer loop
  vertex -0.22297947 -0.02182383 -0.002486125
  vertex -0.22405873 -3.3954097e-06 -3.1465333e-08
  vertex -0.22297947 -0.021475077 -0.004612931
 endloop
endfacet
facet normal 0.99879336 -0.04745227 -0.012652175
 outer loop
  vertex 0.22405873 3.3689173e-06 3.8091898e-06
  vertex 0.22298019 -0.02146833 -0.004609129
  vertex 0.2229802 -0.020912793 -0.0066915094
 endloop
endfacet
facet normal -0.99879175 -0.047480814 -0.0126740765
 outer loop
  vertex -0.22297947 -0.021475077 -0.004612931
  vertex -0.22405873 -3.3954097e-06 -3.1465333e-08
  vertex -0.22297946 -0.020919539 -0.006695312
 endloop
endfacet
facet normal -0.99879175 -0.04601264 -0.017260665
 outer loop
  vertex -0.22297946 -0.020919539 -0.006695312
  vertex -0.22405873 -3.3954097e-06 -3.1465333e-08
  vertex -0.22297946 -0.020162566 -0.008713214
 endloop
endfacet
facet normal 0.99879336 -0.04598092 -0.017248696
 outer loop
  vertex 0.22405873 3.3689173e-06 3.8091898e-06
  vertex 0.2229802 -0.020912793 -0.0066915094
  vertex 0.2229802 -0.020155823 -0.00870941
 endloop
endfacet
facet normal -0.99879175 -0.044096537 -0.021693854
 outer loop
  vertex -0.22297946 -0.020162566 -0.008713214
  vertex -0.22405873 -3.3954097e-06 -3.1465333e-08
  vertex -0.22297944 -0.019211452 -0.010647203
 endloop
endfacet
facet normal 0.9987934 -0.04407155 -0.021666262
 outer loop
  vertex 0.22405873 3.3689173e-06 3.8091898e-06
  vertex 0.2229802 -0.020155823 -0.00870941
  vertex 0.22298022 -0.019204706 -0.010643399
 endloop
endfacet
facet normal -0.99879175 -0.041765068 -0.025899978
 outer loop
  vertex -0.22297944 -0.019211452 -0.010647203
  vertex -0.22405873 -3.3954097e-06 -3.1465333e-08
  vertex -0.22297946 -0.01807535 -0.012478652
 endloop
endfacet
facet normal 0.99879336 -0.041728392 -0.025893427
 outer loop
  vertex 0.22405873 3.3689173e-06 3.8091898e-06
  vertex 0.22298022 -0.019204706 -0.010643399
  vertex 0.2229802 -0.018068606 -0.012474849
 endloop
endfacet
facet normal -0.9987917 -0.0390209 -0.029874168
 outer loop
  vertex -0.22297946 -0.01807535 -0.012478652
  vertex -0.22405873 -3.3954097e-06 -3.1465333e-08
  vertex -0.22297946 -0.016765209 -0.014189926
 endloop
endfacet
facet normal 0.9987934 -0.038993917 -0.02985359
 outer loop
  vertex 0.22405873 3.3689173e-06 3.8091898e-06
  vertex 0.2229802 -0.018068606 -0.012474849
  vertex 0.2229802 -0.016758462 -0.0141861215
 endloop
endfacet
facet normal 0.9987934 -0.03588002 -0.033531874
 outer loop
  vertex 0.22405873 3.3689173e-06 3.8091898e-06
  vertex 0.2229802 -0.016758462 -0.0141861215
  vertex 0.2229802 -0.015286895 -0.015760738
 endloop
endfacet
facet normal -0.99879175 -0.035904784 -0.033555076
 outer loop
  vertex -0.22297946 -0.016765209 -0.014189926
  vertex -0.22405873 -3.3954097e-06 -3.1465333e-08
  vertex -0.22297946 -0.015293638 -0.015764544
 endloop
endfacet
facet normal 0.99879336 -0.03241556 -0.0368921
 outer loop
  vertex 0.22405873 3.3689173e-06 3.8091898e-06
  vertex 0.2229802 -0.015286895 -0.015760738
  vertex 0.22298019 -0.013668074 -0.017183533
 endloop
endfacet
facet normal -0.99879175 -0.032447916 -0.03690792
 outer loop
  vertex -0.22297946 -0.015293638 -0.015764544
  vertex -0.22405873 -3.3954097e-06 -3.1465333e-08
  vertex -0.22297947 -0.013674817 -0.01718734
 endloop
endfacet
facet normal -0.9987918 -0.028673626 -0.039910123
 outer loop
  vertex -0.22297947 -0.013674817 -0.01718734
  vertex -0.22405873 -3.3954097e-06 -3.1465333e-08
  vertex -0.22297949 -0.011924332 -0.018444613
 endloop
endfacet
facet normal 0.99879336 -0.028643802 -0.039892297
 outer loop
  vertex 0.22405873 3.3689173e-06 3.8091898e-06
  vertex 0.22298019 -0.013668074 -0.017183533
  vertex 0.22298017 -0.011917587 -0.018440805
 endloop
endfacet
facet normal -0.9987918 -0.024629148 -0.042524148
 outer loop
  vertex -0.22297949 -0.011924332 -0.018444613
  vertex -0.22405873 -3.3954097e-06 -3.1465333e-08
  vertex -0.22297952 -0.010059042 -0.019524252
 endloop
endfacet
facet normal 0.9987933 -0.024590276 -0.042512126
 outer loop
  vertex 0.22405873 3.3689173e-06 3.8091898e-06
  vertex 0.22298017 -0.011917587 -0.018440805
  vertex 0.22298014 -0.010052297 -0.019520445
 endloop
endfacet
facet normal -0.9987919 -0.020335766 -0.044735394
 outer loop
  vertex -0.22297952 -0.010059042 -0.019524252
  vertex -0.22405873 -3.3954097e-06 -3.1465333e-08
  vertex -0.22297953 -0.008096909 -0.020415863
 endloop
endfacet
facet normal 0.9987932 -0.020311676 -0.044715747
 outer loop
  vertex 0.22405873 3.3689173e-06 3.8091898e-06
  vertex 0.22298014 -0.010052297 -0.019520445
  vertex 0.22298013 -0.008090166 -0.020412056
 endloop
endfacet
facet normal -0.998792 -0.015859276 -0.046510026
 outer loop
  vertex -0.22297953 -0.008096909 -0.020415863
  vertex -0.22405873 -3.3954097e-06 -3.1465333e-08
  vertex -0.22297956 -0.006056832 -0.02111086
 endloop
endfacet
facet normal 0.9987931 -0.015824763 -0.04649451
 outer loop
  vertex 0.22405873 3.3689173e-06 3.8091898e-06
  vertex 0.22298013 -0.008090166 -0.020412056
  vertex 0.2229801 -0.0060500903 -0.021107052
 endloop
endfacet
facet normal -0.998792 -0.011223762 -0.047839236
 outer loop
  vertex -0.22297956 -0.006056832 -0.02111086
  vertex -0.22405873 -3.3954097e-06 -3.1465333e-08
  vertex -0.22297959 -0.003958457 -0.021602547
 endloop
endfacet
facet normal 0.9987931 -0.011191596 -0.04782305
 outer loop
  vertex 0.22405873 3.3689173e-06 3.8091898e-06
  vertex 0.2229801 -0.0060500903 -0.021107052
  vertex 0.22298007 -0.0039517153 -0.021598738
 endloop
endfacet
facet normal 0.99879307 -0.006450404 -0.048691086
 outer loop
  vertex 0.22405873 3.3689173e-06 3.8091898e-06
  vertex 0.22298007 -0.0039517153 -0.021598738
  vertex 0.22298004 -0.0018152508 -0.02188238
 endloop
endfacet
facet normal -0.99879205 -0.0064804875 -0.04870765
 outer loop
  vertex -0.22297959 -0.003958457 -0.021602547
  vertex -0.22405873 -3.3954097e-06 -3.1465333e-08
  vertex -0.22297962 -0.0018219932 -0.021886189
 endloop
endfacet
facet normal 0.99879307 -0.001646849 -0.049090233
 outer loop
  vertex 0.22405873 3.3689173e-06 3.8091898e-06
  vertex 0.22298004 -0.0018152508 -0.02188238
  vertex 0.22298001 0.0003387269 -0.021955246
 endloop
endfacet
facet normal -0.9987921 -0.0016750288 -0.049106956
 outer loop
  vertex -0.22297962 -0.0018219932 -0.021886189
  vertex -0.22405873 -3.3954097e-06 -3.1465333e-08
  vertex -0.22297965 0.00033198553 -0.021959055
 endloop
endfacet
facet normal -0.99879223 0.0031463006 -0.04903333
 outer loop
  vertex -0.22297965 0.00033198553 -0.021959055
  vertex -0.22405873 -3.3954097e-06 -3.1465333e-08
  vertex -0.22297968 0.002482734 -0.021820443
 endloop
endfacet
facet normal 0.9987929 0.0031728456 -0.049016625
 outer loop
  vertex 0.22405873 3.3689173e-06 3.8091898e-06
  vertex 0.22298001 0.0003387269 -0.021955246
  vertex 0.22297998 0.0024894744 -0.021816636
 endloop
endfacet
facet normal -0.99879223 0.007936996 -0.048487496
 outer loop
  vertex -0.22297968 0.002482734 -0.021820443
  vertex -0.22405873 -3.3954097e-06 -3.1465333e-08
  vertex -0.22297971 0.0046095406 -0.021471689
 endloop
endfacet
facet normal 0.9987928 0.007962271 -0.04847094
 outer loop
  vertex 0.22405873 3.3689173e-06 3.8091898e-06
  vertex 0.22297998 0.0024894744 -0.021816636
  vertex 0.22297995 0.004616281 -0.021467881
 endloop
endfacet
facet normal -0.99879235 0.012644235 -0.04747621
 outer loop
  vertex -0.22297971 0.0046095406 -0.021471689
  vertex -0.22405873 -3.3954097e-06 -3.1465333e-08
  vertex -0.22297975 0.0066919215 -0.020916153
 endloop
endfacet
facet normal 0.9987928 0.012682014 -0.047456957
 outer loop
  vertex 0.22405873 3.3689173e-06 3.8091898e-06
  vertex 0.22297995 0.004616281 -0.021467881
  vertex 0.2229799 0.0066986615 -0.020912344
 endloop
endfacet
facet normal -0.9987924 0.017242769 -0.046004217
 outer loop
  vertex -0.22297975 0.0066919215 -0.020916153
  vertex -0.22405873 -3.3954097e-06 -3.1465333e-08
  vertex -0.22297978 0.008709824 -0.02015918
 endloop
endfacet
facet normal 0.99879265 0.017266668 -0.045989398
 outer loop
  vertex 0.22405873 3.3689173e-06 3.8091898e-06
  vertex 0.2229799 0.0066986615 -0.020912344
  vertex 0.22297987 0.008716563 -0.020155372
 endloop
endfacet
facet normal -0.9987925 0.021661943 -0.044094145
 outer loop
  vertex -0.22297978 0.008709824 -0.02015918
  vertex -0.22405873 -3.3954097e-06 -3.1465333e-08
  vertex -0.22297983 0.010643812 -0.019208064
 endloop
endfacet
facet normal 0.9987926 0.021698248 -0.044073973
 outer loop
  vertex 0.22405873 3.3689173e-06 3.8091898e-06
  vertex 0.22297987 0.008716563 -0.020155372
  vertex 0.22297983 0.010650551 -0.019204255
 endloop
endfacet
facet normal 0.9987925 0.025908748 -0.04174006
 outer loop
  vertex 0.22405873 3.3689173e-06 3.8091898e-06
  vertex 0.22297983 0.010650551 -0.019204255
  vertex 0.2229798 0.0124820005 -0.018068157
 endloop
endfacet
facet normal -0.9987926 0.025884612 -0.04175347
 outer loop
  vertex -0.22297983 0.010643812 -0.019208064
  vertex -0.22405873 -3.3954097e-06 -3.1465333e-08
  vertex -0.22297986 0.012475262 -0.018071963
 endloop
endfacet
facet normal 0.99879247 0.029881775 -0.038996693
 outer loop
  vertex 0.22405873 3.3689173e-06 3.8091898e-06
  vertex 0.2229798 0.0124820005 -0.018068157
  vertex 0.22297975 0.014193275 -0.016758014
 endloop
endfacet
facet normal -0.99879265 0.02984603 -0.039018154
 outer loop
  vertex -0.22297986 0.012475262 -0.018071963
  vertex -0.22405873 -3.3954097e-06 -3.1465333e-08
  vertex -0.2229799 0.014186535 -0.01676182
 endloop
endfacet
facet normal -0.99879277 0.033530634 -0.03589891
 outer loop
  vertex -0.2229799 0.014186535 -0.01676182
  vertex -0.22405873 -3.3954097e-06 -3.1465333e-08
  vertex -0.22297993 0.015761154 -0.015290251
 endloop
endfacet
facet normal 0.99879235 0.033556357 -0.035885926
 outer loop
  vertex 0.22405873 3.3689173e-06 3.8091898e-06
  vertex 0.22297975 0.014193275 -0.016758014
  vertex 0.22297972 0.015767891 -0.015286445
 endloop
endfacet
facet normal -0.9987928 0.036882065 -0.0324435
 outer loop
  vertex -0.22297993 0.015761154 -0.015290251
  vertex -0.22405873 -3.3954097e-06 -3.1465333e-08
  vertex -0.22297998 0.017183948 -0.01367143
 endloop
endfacet
facet normal 0.9987923 0.03691804 -0.032419972
 outer loop
  vertex 0.22405873 3.3689173e-06 3.8091898e-06
  vertex 0.22297972 0.015767891 -0.015286445
  vertex 0.22297968 0.017190685 -0.0136676235
 endloop
endfacet
facet normal -0.9987929 0.039887097 -0.028665591
 outer loop
  vertex -0.22297998 0.017183948 -0.01367143
  vertex -0.22405873 -3.3954097e-06 -3.1465333e-08
  vertex -0.22298001 0.01844122 -0.011920944
 endloop
endfacet
facet normal 0.99879223 0.03991532 -0.028651876
 outer loop
  vertex 0.22405873 3.3689173e-06 3.8091898e-06
  vertex 0.22297968 0.017190685 -0.0136676235
  vertex 0.22297965 0.01844796 -0.011917137
 endloop
endfacet
facet normal -0.998793 0.042503584 -0.024617271
 outer loop
  vertex -0.22298001 0.01844122 -0.011920944
  vertex -0.22405873 -3.3954097e-06 -3.1465333e-08
  vertex -0.22298004 0.019520862 -0.010055654
 endloop
endfacet
facet normal 0.9987921 0.042532664 -0.024602206
 outer loop
  vertex 0.22405873 3.3689173e-06 3.8091898e-06
  vertex 0.22297965 0.01844796 -0.011917137
  vertex 0.22297962 0.019527601 -0.0100518465
 endloop
endfacet
facet normal -0.99879307 0.04471061 -0.020332087
 outer loop
  vertex -0.22298004 0.019520862 -0.010055654
  vertex -0.22405873 -3.3954097e-06 -3.1465333e-08
  vertex -0.22298007 0.020412473 -0.008093522
 endloop
endfacet
facet normal 0.99879205 0.044740535 -0.02031535
 outer loop
  vertex 0.22405873 3.3689173e-06 3.8091898e-06
  vertex 0.22297962 0.019527601 -0.0100518465
  vertex 0.22297959 0.020419212 -0.008089715
 endloop
endfacet
facet normal -0.9987931 0.046486903 -0.015851362
 outer loop
  vertex -0.22298007 0.020412473 -0.008093522
  vertex -0.22405873 -3.3954097e-06 -3.1465333e-08
  vertex -0.2229801 0.02110747 -0.006053446
 endloop
endfacet
facet normal 0.998792 0.046517648 -0.015832601
 outer loop
  vertex 0.22405873 3.3689173e-06 3.8091898e-06
  vertex 0.22297959 0.020419212 -0.008089715
  vertex 0.22297956 0.021114206 -0.0060496386
 endloop
endfacet
facet normal 0.998792 0.047846824 -0.011197208
 outer loop
  vertex 0.22405873 3.3689173e-06 3.8091898e-06
  vertex 0.22297956 0.021114206 -0.0060496386
  vertex 0.22297953 0.021605894 -0.003951263
 endloop
endfacet
facet normal -0.9987932 0.04781544 -0.011218184
 outer loop
  vertex -0.2229801 0.02110747 -0.006053446
  vertex -0.22405873 -3.3954097e-06 -3.1465333e-08
  vertex -0.22298013 0.021599157 -0.0039550704
 endloop
endfacet
facet normal 0.9987919 0.048714057 -0.0064603826
 outer loop
  vertex 0.22405873 3.3689173e-06 3.8091898e-06
  vertex 0.22297953 0.021605894 -0.003951263
  vertex 0.22297952 0.021889534 -0.0018148009
 endloop
endfacet
facet normal -0.9987932 0.048684675 -0.0064703836
 outer loop
  vertex -0.22298013 0.021599157 -0.0039550704
  vertex -0.22405873 -3.3954097e-06 -3.1465333e-08
  vertex -0.22298014 0.021882797 -0.0018186079
 endloop
endfacet
facet normal -0.9987933 0.049083777 -0.0016673421
 outer loop
  vertex -0.22298014 0.021882797 -0.0018186079
  vertex -0.22405873 -3.3954097e-06 -3.1465333e-08
  vertex -0.22298016 0.021955663 0.00033537074
 endloop
endfacet
facet normal 0.9987918 0.04911339 -0.0016545404
 outer loop
  vertex 0.22405873 3.3689173e-06 3.8091898e-06
  vertex 0.22297952 0.021889534 -0.0018148009
  vertex 0.2229795 0.0219624 0.00033917875
 endloop
endfacet
facet normal -0.9987933 0.04901028 0.0031447625
 outer loop
  vertex -0.22298016 0.021955663 0.00033537074
  vertex -0.22405873 -3.3954097e-06 -3.1465333e-08
  vertex -0.22298019 0.021817053 0.0024861186
 endloop
endfacet
facet normal 0.99879175 0.04903964 0.0031743294
 outer loop
  vertex 0.22405873 3.3689173e-06 3.8091898e-06
  vertex 0.2229795 0.0219624 0.00033917875
  vertex 0.22297947 0.02182379 0.0024899258
 endloop
endfacet
facet normal -0.99879336 0.048463132 0.007946945
 outer loop
  vertex -0.22298019 0.021817053 0.0024861186
  vertex -0.22405873 -3.3954097e-06 -3.1465333e-08
  vertex -0.22298019 0.0214683 0.0046129255
 endloop
endfacet
facet normal 0.99879175 0.04849527 0.007952222
 outer loop
  vertex 0.22405873 3.3689173e-06 3.8091898e-06
  vertex 0.22297947 0.02182379 0.0024899258
  vertex 0.22297947 0.021475038 0.0046167327
 endloop
endfacet
facet normal -0.99879336 0.047452264 0.01265221
 outer loop
  vertex -0.22298019 0.0214683 0.0046129255
  vertex -0.22405873 -3.3954097e-06 -3.1465333e-08
  vertex -0.2229802 0.02091276 0.0066953064
 endloop
endfacet
facet normal 0.99879175 0.047480833 0.012674082
 outer loop
  vertex 0.22405873 3.3689173e-06 3.8091898e-06
  vertex 0.22297947 0.021475038 0.0046167327
  vertex 0.22297946 0.0209195 0.006699114
 endloop
endfacet
facet normal 0.99879175 0.046012666 0.017260652
 outer loop
  vertex 0.22405873 3.3689173e-06 3.8091898e-06
  vertex 0.22297946 0.0209195 0.006699114
  vertex 0.22297946 0.020162528 0.008717014
 endloop
endfacet
facet normal -0.99879336 0.045980904 0.01724872
 outer loop
  vertex -0.2229802 0.02091276 0.0066953064
  vertex -0.22405873 -3.3954097e-06 -3.1465333e-08
  vertex -0.2229802 0.02015579 0.008713208
 endloop
endfacet
facet normal 0.99879175 0.04409654 0.021693844
 outer loop
  vertex 0.22405873 3.3689173e-06 3.8091898e-06
  vertex 0.22297946 0.020162528 0.008717014
  vertex 0.22297944 0.019211417 0.010651001
 endloop
endfacet
facet normal -0.9987934 0.044071674 0.021665983
 outer loop
  vertex -0.2229802 0.02015579 0.008713208
  vertex -0.22405873 -3.3954097e-06 -3.1465333e-08
  vertex -0.22298022 0.019204685 0.010647202
 endloop
endfacet
facet normal -0.9699664 0.20669869 0.12822132
 outer loop
  vertex -0.21441197 0.05688277 0.0315325
  vertex -0.21975426 0.038227815 0.021191884
  vertex -0.21975426 0.03596655 0.02483715
 endloop
endfacet
facet normal -0.96996635 0.20669807 0.12822315
 outer loop
  vertex -0.21441197 0.05688277 0.0315325
  vertex -0.21975426 0.03596655 0.02483715
  vertex -0.21441196 0.05351813 0.03695647
 endloop
endfacet
facet normal 0.96995795 0.20672888 0.12823714
 outer loop
  vertex 0.21975276 0.03823443 0.021195624
  vertex 0.21440971 0.056889262 0.031536166
  vertex 0.21440972 0.05352462 0.036960132
 endloop
endfacet
facet normal 0.969958 0.20672792 0.12823817
 outer loop
  vertex 0.21975276 0.03823443 0.021195624
  vertex 0.21440972 0.05352462 0.036960132
  vertex 0.21975276 0.035973184 0.024840895
 endloop
endfacet
facet normal 0.048991565 0.84875757 0.52650785
 outer loop
  vertex 0.02195772 0.19502299 0.10810489
  vertex -3.878463e-06 0.19596629 0.10862777
  vertex -3.8626913e-06 0.18437546 0.12731276
 endloop
endfacet
facet normal 0.048992053 0.8487572 0.5265082
 outer loop
  vertex 0.02195772 0.19502299 0.10810489
  vertex -3.8626913e-06 0.18437546 0.12731276
  vertex 0.021957735 0.18348797 0.12669991
 endloop
endfacet
facet normal -0.94142085 0.28657296 0.17777164
 outer loop
  vertex -0.20700476 0.07498993 0.04156946
  vertex -0.21441197 0.05688277 0.0315325
  vertex -0.21441196 0.05351813 0.03695647
 endloop
endfacet
facet normal -0.94142085 0.28657302 0.1777714
 outer loop
  vertex -0.20700476 0.07498993 0.04156946
  vertex -0.21441196 0.05351813 0.03695647
  vertex -0.20700474 0.07055431 0.048719898
 endloop
endfacet
facet normal 0.9891484 0.12484963 0.07744717
 outer loop
  vertex 0.22297944 0.019211417 0.010651001
  vertex 0.21975276 0.03823443 0.021195624
  vertex 0.21975276 0.035973184 0.024840895
 endloop
endfacet
facet normal 0.9891482 0.12485371 0.07744233
 outer loop
  vertex 0.22297944 0.019211417 0.010651001
  vertex 0.21975276 0.035973184 0.024840895
  vertex 0.22297946 0.018075315 0.012482451
 endloop
endfacet
facet normal 0.14654104 0.840604 0.5214505
 outer loop
  vertex 0.043707877 0.1922015 0.10654092
  vertex 0.02195772 0.19502299 0.10810489
  vertex 0.021957735 0.18348797 0.12669991
 endloop
endfacet
facet normal 0.14654085 0.8406041 0.52145034
 outer loop
  vertex 0.043707877 0.1922015 0.10654092
  vertex 0.021957735 0.18348797 0.12669991
  vertex 0.043707892 0.18083338 0.12486688
 endloop
endfacet
facet normal -0.903797 0.36367124 0.22559756
 outer loop
  vertex -0.197604 0.09237481 0.05120606
  vertex -0.20700476 0.07498993 0.04156946
  vertex -0.20700474 0.07055431 0.048719898
 endloop
endfacet
facet normal -0.9037979 0.36367226 0.2255923
 outer loop
  vertex -0.197604 0.09237481 0.05120606
  vertex -0.20700474 0.07055431 0.048719898
  vertex -0.197604 0.086911 0.060014144
 endloop
endfacet
facet normal 0.24268733 0.82437336 0.5113818
 outer loop
  vertex 0.06503711 0.18752901 0.10395095
  vertex 0.043707877 0.1922015 0.10654092
  vertex 0.043707892 0.18083338 0.12486688
 endloop
endfacet
facet normal 0.24268718 0.8243735 0.5113817
 outer loop
  vertex 0.06503711 0.18752901 0.10395095
  vertex 0.043707892 0.18083338 0.12486688
  vertex 0.065037124 0.1764373 0.12183134
 endloop
endfacet
facet normal -0.8574658 0.43724757 0.27123234
 outer loop
  vertex -0.18630019 0.10887029 0.0603496
  vertex -0.197604 0.09237481 0.05120606
  vertex -0.197604 0.086911 0.060014144
 endloop
endfacet
facet normal -0.85746384 0.43724647 0.27124003
 outer loop
  vertex -0.18630019 0.10887029 0.0603496
  vertex -0.197604 0.086911 0.060014144
  vertex -0.18630017 0.1024307 0.07073044
 endloop
endfacet
facet normal 0.33651397 0.8002176 0.4963971
 outer loop
  vertex 0.08573996 0.18105054 0.10035985
  vertex 0.06503711 0.18752901 0.10395095
  vertex 0.065037124 0.1764373 0.12183134
 endloop
endfacet
facet normal 0.33651382 0.80021775 0.49639702
 outer loop
  vertex 0.08573996 0.18105054 0.10035985
  vertex 0.065037124 0.1764373 0.12183134
  vertex 0.08573998 0.17034201 0.11762254
 endloop
endfacet
facet normal -0.80287385 0.5065923 0.31425756
 outer loop
  vertex -0.17320223 0.12431708 0.06891195
  vertex -0.18630019 0.10887029 0.0603496
  vertex -0.18630017 0.1024307 0.07073044
 endloop
endfacet
facet normal -0.8028746 0.5065925 0.3142551
 outer loop
  vertex -0.17320223 0.12431708 0.06891195
  vertex -0.18630017 0.1024307 0.07073044
  vertex -0.17320222 0.11696393 0.080765575
 endloop
endfacet
facet normal 0.42712235 0.76836413 0.4766372
 outer loop
  vertex 0.105617106 0.17282833 0.09580225
  vertex 0.08573996 0.18105054 0.10035985
  vertex 0.08573998 0.17034201 0.11762254
 endloop
endfacet
facet normal 0.42711884 0.7683679 0.47663444
 outer loop
  vertex 0.105617106 0.17282833 0.09580225
  vertex 0.08573998 0.17034201 0.11762254
  vertex 0.10561712 0.16260624 0.11228096
 endloop
endfacet
facet normal -0.7405595 0.5710422 0.354235
 outer loop
  vertex -0.15843621 0.13856669 0.076810636
  vertex -0.17320223 0.12431708 0.06891195
  vertex -0.17320222 0.11696393 0.080765575
 endloop
endfacet
facet normal -0.7405598 0.57104224 0.35423437
 outer loop
  vertex -0.15843621 0.13856669 0.076810636
  vertex -0.17320222 0.11696393 0.080765575
  vertex -0.1584362 0.13037074 0.09002292
 endloop
endfacet
facet normal 0.51362807 0.7291228 0.45228985
 outer loop
  vertex 0.12447712 0.16294193 0.09032206
  vertex 0.105617106 0.17282833 0.09580225
  vertex 0.10561712 0.16260624 0.11228096
 endloop
endfacet
facet normal 0.5136321 0.7291179 0.45229325
 outer loop
  vertex 0.12447712 0.16294193 0.09032206
  vertex 0.10561712 0.16260624 0.11228096
  vertex 0.12447713 0.15330447 0.10585808
 endloop
endfacet
facet normal -0.67112744 0.6299756 0.3907923
 outer loop
  vertex -0.14214437 0.15148184 0.083969615
  vertex -0.15843621 0.13856669 0.076810636
  vertex -0.1584362 0.13037074 0.09002292
 endloop
endfacet
facet normal -0.67112774 0.6299757 0.39079177
 outer loop
  vertex -0.14214437 0.15148184 0.083969615
  vertex -0.1584362 0.13037074 0.09002292
  vertex -0.14214435 0.14252202 0.0984133
 endloop
endfacet
facet normal 0.5952257 0.68284583 0.4235893
 outer loop
  vertex 0.14213835 0.15148605 0.083972
  vertex 0.12447712 0.16294193 0.09032206
  vertex 0.12447713 0.15330447 0.10585808
 endloop
endfacet
facet normal 0.5952218 0.6828516 0.42358562
 outer loop
  vertex 0.14213835 0.15148605 0.083972
  vertex 0.12447713 0.15330447 0.10585808
  vertex 0.14213836 0.14252631 0.09841575
 endloop
endfacet
facet normal -0.5952511 0.6828302 0.4235789
 outer loop
  vertex -0.1244836 0.16293816 0.09031995
  vertex -0.14214437 0.15148184 0.083969615
  vertex -0.14214435 0.14252202 0.0984133
 endloop
endfacet
facet normal -0.5952498 0.6828299 0.42358118
 outer loop
  vertex -0.1244836 0.16293816 0.09031995
  vertex -0.14214435 0.14252202 0.0984133
  vertex -0.124483585 0.1533007 0.10585594
 endloop
endfacet
facet normal 0.6710991 0.6300005 0.390801
 outer loop
  vertex 0.1584307 0.13857149 0.07681338
  vertex 0.14213835 0.15148605 0.083972
  vertex 0.14213836 0.14252631 0.09841575
 endloop
endfacet
facet normal 0.67110217 0.62999517 0.3908042
 outer loop
  vertex 0.1584307 0.13857149 0.07681338
  vertex 0.14213836 0.14252631 0.09841575
  vertex 0.15843071 0.13037553 0.09002562
 endloop
endfacet
facet normal -0.51366085 0.7291025 0.4522854
 outer loop
  vertex -0.10562399 0.17282523 0.09580046
  vertex -0.1244836 0.16293816 0.09031995
  vertex -0.124483585 0.1533007 0.10585594
 endloop
endfacet
facet normal -0.5136621 0.7291028 0.45228353
 outer loop
  vertex -0.10562399 0.17282523 0.09580046
  vertex -0.124483585 0.1533007 0.10585594
  vertex -0.105623975 0.16260304 0.11227915
 endloop
endfacet
facet normal 0.7405369 0.5710639 0.3542473
 outer loop
  vertex 0.17319728 0.12432231 0.0689149
  vertex 0.1584307 0.13857149 0.07681338
  vertex 0.15843071 0.13037553 0.09002562
 endloop
endfacet
facet normal 0.74053663 0.5710644 0.3542469
 outer loop
  vertex 0.17319728 0.12432231 0.0689149
  vertex 0.15843071 0.13037553 0.09002562
  vertex 0.1731973 0.11696916 0.080768526
 endloop
endfacet
facet normal -0.4271443 0.76835483 0.4766326
 outer loop
  vertex -0.08574715 0.18104783 0.100358285
  vertex -0.10562399 0.17282523 0.09580046
  vertex -0.105623975 0.16260304 0.11227915
 endloop
endfacet
facet normal -0.42715 0.76835614 0.47662526
 outer loop
  vertex -0.08574715 0.18104783 0.100358285
  vertex -0.105623975 0.16260304 0.11227915
  vertex -0.08574714 0.17033942 0.117621064
 endloop
endfacet
facet normal 0.80285245 0.5066188 0.31426933
 outer loop
  vertex 0.18629588 0.10887592 0.06035278
  vertex 0.17319728 0.12432231 0.0689149
  vertex 0.1731973 0.11696916 0.080768526
 endloop
endfacet
facet normal 0.80285347 0.5066163 0.31427097
 outer loop
  vertex 0.18629588 0.10887592 0.06035278
  vertex 0.1731973 0.11696916 0.080768526
  vertex 0.1862959 0.10243633 0.07073361
 endloop
endfacet
facet normal -0.33655268 0.8002093 0.49638426
 outer loop
  vertex -0.06504452 0.18752706 0.10394982
  vertex -0.08574715 0.18104783 0.100358285
  vertex -0.08574714 0.17033942 0.117621064
 endloop
endfacet
facet normal -0.33654657 0.8002076 0.49639124
 outer loop
  vertex -0.06504452 0.18752706 0.10394982
  vertex -0.08574714 0.17033942 0.117621064
  vertex -0.06504451 0.17643534 0.12183025
 endloop
endfacet
facet normal 0.8574477 0.43727025 0.27125305
 outer loop
  vertex 0.19760032 0.09238084 0.051209457
  vertex 0.18629588 0.10887592 0.06035278
  vertex 0.1862959 0.10243633 0.07073361
 endloop
endfacet
facet normal 0.8574467 0.43727374 0.27125064
 outer loop
  vertex 0.19760032 0.09238084 0.051209457
  vertex 0.1862959 0.10243633 0.07073361
  vertex 0.19760032 0.086917 0.060017522
 endloop
endfacet
facet normal -0.24272156 0.8243661 0.51137733
 outer loop
  vertex -0.04371551 0.19220018 0.10654017
  vertex -0.06504452 0.18752706 0.10394982
  vertex -0.06504451 0.17643534 0.12183025
 endloop
endfacet
facet normal -0.2427213 0.824366 0.51137763
 outer loop
  vertex -0.04371551 0.19220018 0.10654017
  vertex -0.06504451 0.17643534 0.12183025
  vertex -0.043715496 0.18083207 0.124866135
 endloop
endfacet
facet normal 0.9037824 0.36369914 0.22561066
 outer loop
  vertex 0.20700178 0.07499619 0.041572995
  vertex 0.19760032 0.09238084 0.051209457
  vertex 0.19760032 0.086917 0.060017522
 endloop
endfacet
facet normal 0.90378255 0.3636989 0.22561088
 outer loop
  vertex 0.20700178 0.07499619 0.041572995
  vertex 0.19760032 0.086917 0.060017522
  vertex 0.20700179 0.07056057 0.048723437
 endloop
endfacet
facet normal -0.1465753 0.8405997 0.5214478
 outer loop
  vertex -0.021965463 0.19502233 0.10810452
  vertex -0.04371551 0.19220018 0.10654017
  vertex -0.043715496 0.18083207 0.124866135
 endloop
endfacet
facet normal -0.14657475 0.84059954 0.5214483
 outer loop
  vertex -0.021965463 0.19502233 0.10810452
  vertex -0.043715496 0.18083207 0.124866135
  vertex -0.021965448 0.18348731 0.12669952
 endloop
endfacet
facet normal -0.9891532 0.12481771 0.07743596
 outer loop
  vertex -0.21975426 0.038227815 0.021191884
  vertex -0.22298022 0.019204685 0.010647202
  vertex -0.2229802 0.018068586 0.012478652
 endloop
endfacet
facet normal -0.98915344 0.12482039 0.0774298
 outer loop
  vertex -0.21975426 0.038227815 0.021191884
  vertex -0.2229802 0.018068586 0.012478652
  vertex -0.21975426 0.03596655 0.02483715
 endloop
endfacet
facet normal 0.9414091 0.28660256 0.17778572
 outer loop
  vertex 0.21440971 0.056889262 0.031536166
  vertex 0.20700178 0.07499619 0.041572995
  vertex 0.20700179 0.07056057 0.048723437
 endloop
endfacet
facet normal 0.9414091 0.28660282 0.17778535
 outer loop
  vertex 0.21440971 0.056889262 0.031536166
  vertex 0.20700179 0.07056057 0.048723437
  vertex 0.21440972 0.05352462 0.036960132
 endloop
endfacet
facet normal -0.049025774 0.8487556 0.5265077
 outer loop
  vertex -3.878463e-06 0.19596629 0.10862777
  vertex -0.021965463 0.19502233 0.10810452
  vertex -0.021965448 0.18348731 0.12669952
 endloop
endfacet
facet normal -0.049026623 0.848756 0.526507
 outer loop
  vertex -3.878463e-06 0.19596629 0.10862777
  vertex -0.021965448 0.18348731 0.12669952
  vertex -3.8626913e-06 0.18437546 0.12731276
 endloop
endfacet
facet normal 0.74053675 0.53359306 0.40851414
 outer loop
  vertex 0.1731973 0.11696916 0.080768526
  vertex 0.15843071 0.13037553 0.09002562
  vertex 0.15843076 0.120924 0.10237094
 endloop
endfacet
facet normal 0.74053687 0.5335928 0.40851423
 outer loop
  vertex 0.1731973 0.11696916 0.080768526
  vertex 0.15843076 0.120924 0.10237094
  vertex 0.17319733 0.108489566 0.09184434
 endloop
endfacet
facet normal -0.42715004 0.7179343 0.5496483
 outer loop
  vertex -0.08574714 0.17033942 0.117621064
  vertex -0.105623975 0.16260304 0.11227915
  vertex -0.10562393 0.15081486 0.12767655
 endloop
endfacet
facet normal -0.4271499 0.71793425 0.5496484
 outer loop
  vertex -0.08574714 0.17033942 0.117621064
  vertex -0.10562393 0.15081486 0.12767655
  vertex -0.08574709 0.15799041 0.133751
 endloop
endfacet
facet normal 0.8028535 0.4733752 0.36241168
 outer loop
  vertex 0.1862959 0.10243633 0.07073361
  vertex 0.1731973 0.11696916 0.080768526
  vertex 0.17319733 0.108489566 0.09184434
 endloop
endfacet
facet normal 0.8028535 0.47337505 0.36241177
 outer loop
  vertex 0.1862959 0.10243633 0.07073361
  vertex 0.17319733 0.108489566 0.09184434
  vertex 0.18629593 0.09501031 0.08043326
 endloop
endfacet
facet normal -0.33654645 0.74769896 0.5724358
 outer loop
  vertex -0.06504451 0.17643534 0.12183025
  vertex -0.08574714 0.17033942 0.117621064
  vertex -0.08574709 0.15799041 0.133751
 endloop
endfacet
facet normal -0.33654687 0.7476991 0.57243544
 outer loop
  vertex -0.06504451 0.17643534 0.12183025
  vertex -0.08574709 0.15799041 0.133751
  vertex -0.06504446 0.16364443 0.13853739
 endloop
endfacet
facet normal 0.8574468 0.40858054 0.3128051
 outer loop
  vertex 0.19760032 0.086917 0.060017522
  vertex 0.1862959 0.10243633 0.07073361
  vertex 0.18629593 0.09501031 0.08043326
 endloop
endfacet
facet normal 0.85744655 0.40858114 0.3128048
 outer loop
  vertex 0.19760032 0.086917 0.060017522
  vertex 0.18629593 0.09501031 0.08043326
  vertex 0.19760035 0.08061609 0.0682476
 endloop
endfacet
facet normal -0.24272114 0.77027255 0.5897174
 outer loop
  vertex -0.043715496 0.18083207 0.124866135
  vertex -0.06504451 0.17643534 0.12183025
  vertex -0.06504446 0.16364443 0.13853739
 endloop
endfacet
facet normal -0.24272065 0.7702724 0.58971786
 outer loop
  vertex -0.043715496 0.18083207 0.124866135
  vertex -0.06504446 0.16364443 0.13853739
  vertex -0.043715443 0.16772243 0.14198959
 endloop
endfacet
facet normal 0.9037826 0.33983433 0.26017234
 outer loop
  vertex 0.20700179 0.07056057 0.048723437
  vertex 0.19760032 0.086917 0.060017522
  vertex 0.19760035 0.08061609 0.0682476
 endloop
endfacet
facet normal 0.9037828 0.3398334 0.2601729
 outer loop
  vertex 0.20700179 0.07056057 0.048723437
  vertex 0.19760035 0.08061609 0.0682476
  vertex 0.2070018 0.065445445 0.05540467
 endloop
endfacet
facet normal -0.14657457 0.7854409 0.6013305
 outer loop
  vertex -0.021965448 0.18348731 0.12669952
  vertex -0.043715496 0.18083207 0.124866135
  vertex -0.043715443 0.16772243 0.14198959
 endloop
endfacet
facet normal -0.14657456 0.785441 0.6013305
 outer loop
  vertex -0.021965448 0.18348731 0.12669952
  vertex -0.043715443 0.16772243 0.14198959
  vertex -0.021965396 0.17018521 0.14407437
 endloop
endfacet
facet normal -0.98915344 0.11663005 0.08929136
 outer loop
  vertex -0.21975426 0.03596655 0.02483715
  vertex -0.2229802 0.018068586 0.012478652
  vertex -0.2229802 0.016758442 0.014189928
 endloop
endfacet
facet normal -0.9891534 0.11662836 0.08929435
 outer loop
  vertex -0.21975426 0.03596655 0.02483715
  vertex -0.2229802 0.016758442 0.014189928
  vertex -0.21975425 0.033358883 0.028243218
 endloop
endfacet
facet normal 0.9414091 0.2677964 0.20502158
 outer loop
  vertex 0.21440972 0.05352462 0.036960132
  vertex 0.20700179 0.07056057 0.048723437
  vertex 0.2070018 0.065445445 0.05540467
 endloop
endfacet
facet normal 0.9414091 0.26779678 0.20502129
 outer loop
  vertex 0.21440972 0.05352462 0.036960132
  vertex 0.2070018 0.065445445 0.05540467
  vertex 0.21440974 0.049644537 0.042028192
 endloop
endfacet
facet normal -0.04902653 0.7930619 0.60716486
 outer loop
  vertex -3.8626913e-06 0.18437546 0.12731276
  vertex -0.021965448 0.18348731 0.12669952
  vertex -0.021965396 0.17018521 0.14407437
 endloop
endfacet
facet normal -0.049025845 0.79306155 0.6071654
 outer loop
  vertex -3.8626913e-06 0.18437546 0.12731276
  vertex -0.021965396 0.17018521 0.14407437
  vertex -3.8096264e-06 0.17100899 0.14477167
 endloop
endfacet
facet normal -0.9699663 0.19313426 0.14786671
 outer loop
  vertex -0.21441196 0.05351813 0.03695647
  vertex -0.21975426 0.03596655 0.02483715
  vertex -0.21975425 0.033358883 0.028243218
 endloop
endfacet
facet normal -0.96996635 0.19313449 0.14786611
 outer loop
  vertex -0.21441196 0.05351813 0.03695647
  vertex -0.21975425 0.033358883 0.028243218
  vertex -0.21441194 0.049638044 0.042024523
 endloop
endfacet
facet normal 0.96995807 0.19316359 0.14788231
 outer loop
  vertex 0.21975276 0.035973184 0.024840895
  vertex 0.21440972 0.05352462 0.036960132
  vertex 0.21440974 0.049644537 0.042028192
 endloop
endfacet
facet normal 0.969958 0.19316462 0.14788146
 outer loop
  vertex 0.21975276 0.035973184 0.024840895
  vertex 0.21440974 0.049644537 0.042028192
  vertex 0.21975277 0.033365518 0.028246963
 endloop
endfacet
facet normal 0.048992198 0.79306304 0.60716623
 outer loop
  vertex 0.021957735 0.18348797 0.12669991
  vertex -3.8626913e-06 0.18437546 0.12731276
  vertex -3.8096264e-06 0.17100899 0.14477167
 endloop
endfacet
facet normal 0.048991516 0.79306346 0.6071657
 outer loop
  vertex 0.021957735 0.18348797 0.12669991
  vertex -3.8096264e-06 0.17100899 0.14477167
  vertex 0.021957787 0.17018586 0.14407475
 endloop
endfacet
facet normal -0.9414208 0.26776809 0.20500529
 outer loop
  vertex -0.20700474 0.07055431 0.048719898
  vertex -0.21441196 0.05351813 0.03695647
  vertex -0.21441194 0.049638044 0.042024523
 endloop
endfacet
facet normal -0.9414209 0.26776832 0.20500445
 outer loop
  vertex -0.20700474 0.07055431 0.048719898
  vertex -0.21441194 0.049638044 0.042024523
  vertex -0.20700473 0.06543918 0.055401135
 endloop
endfacet
facet normal 0.9891484 0.116659485 0.0893095
 outer loop
  vertex 0.22297946 0.018075315 0.012482451
  vertex 0.21975276 0.035973184 0.024840895
  vertex 0.21975277 0.033365518 0.028246963
 endloop
endfacet
facet normal 0.9891483 0.11665686 0.08931202
 outer loop
  vertex 0.22297946 0.018075315 0.012482451
  vertex 0.21975277 0.033365518 0.028246963
  vertex 0.22297946 0.016765172 0.014193724
 endloop
endfacet
facet normal 0.14654101 0.78544533 0.601333
 outer loop
  vertex 0.043707892 0.18083338 0.12486688
  vertex 0.021957735 0.18348797 0.12669991
  vertex 0.021957787 0.17018586 0.14407475
 endloop
endfacet
facet normal 0.146541 0.78544533 0.601333
 outer loop
  vertex 0.043707892 0.18083338 0.12486688
  vertex 0.021957787 0.17018586 0.14407475
  vertex 0.043707944 0.16772375 0.14199033
 endloop
endfacet
facet normal -0.9037979 0.339806 0.26015615
 outer loop
  vertex -0.197604 0.086911 0.060014144
  vertex -0.20700474 0.07055431 0.048719898
  vertex -0.20700473 0.06543918 0.055401135
 endloop
endfacet
facet normal -0.9037978 0.33980578 0.2601569
 outer loop
  vertex -0.197604 0.086911 0.060014144
  vertex -0.20700473 0.06543918 0.055401135
  vertex -0.19760397 0.0806101 0.06824422
 endloop
endfacet
facet normal 0.24268739 0.7702797 0.589722
 outer loop
  vertex 0.065037124 0.1764373 0.12183134
  vertex 0.043707892 0.18083338 0.12486688
  vertex 0.043707944 0.16772375 0.14199033
 endloop
endfacet
facet normal 0.24268682 0.7702802 0.58972156
 outer loop
  vertex 0.065037124 0.1764373 0.12183134
  vertex 0.043707944 0.16772375 0.14199033
  vertex 0.06503717 0.1636464 0.1385385
 endloop
endfacet
facet normal -0.8574637 0.4085555 0.31279114
 outer loop
  vertex -0.18630017 0.1024307 0.07073044
  vertex -0.197604 0.086911 0.060014144
  vertex -0.19760397 0.0806101 0.06824422
 endloop
endfacet
facet normal -0.85746384 0.40855563 0.3127907
 outer loop
  vertex -0.18630017 0.1024307 0.07073044
  vertex -0.19760397 0.0806101 0.06824422
  vertex -0.18630014 0.09500469 0.0804301
 endloop
endfacet
facet normal 0.33651394 0.7477094 0.57244134
 outer loop
  vertex 0.08573998 0.17034201 0.11762254
  vertex 0.065037124 0.1764373 0.12183134
  vertex 0.06503717 0.1636464 0.1385385
 endloop
endfacet
facet normal 0.33651394 0.7477094 0.5724413
 outer loop
  vertex 0.08573998 0.17034201 0.11762254
  vertex 0.06503717 0.1636464 0.1385385
  vertex 0.08574002 0.15799302 0.13375248
 endloop
endfacet
facet normal -0.80287457 0.47335052 0.36239725
 outer loop
  vertex -0.17320222 0.11696393 0.080765575
  vertex -0.18630017 0.1024307 0.07073044
  vertex -0.18630014 0.09500469 0.0804301
 endloop
endfacet
facet normal -0.80287457 0.47335047 0.3623971
 outer loop
  vertex -0.17320222 0.11696393 0.080765575
  vertex -0.18630014 0.09500469 0.0804301
  vertex -0.17320219 0.108484335 0.09184139
 endloop
endfacet
facet normal 0.42711908 0.7179473 0.5496553
 outer loop
  vertex 0.10561712 0.16260624 0.11228096
  vertex 0.08573998 0.17034201 0.11762254
  vertex 0.08574002 0.15799302 0.13375248
 endloop
endfacet
facet normal 0.42711946 0.7179468 0.5496556
 outer loop
  vertex 0.10561712 0.16260624 0.11228096
  vertex 0.08574002 0.15799302 0.13375248
  vertex 0.105617166 0.15081806 0.12767835
 endloop
endfacet
facet normal -0.74055976 0.53357095 0.40850145
 outer loop
  vertex -0.1584362 0.13037074 0.09002292
  vertex -0.17320222 0.11696393 0.080765575
  vertex -0.17320219 0.108484335 0.09184139
 endloop
endfacet
facet normal -0.7405595 0.5335708 0.40850186
 outer loop
  vertex -0.1584362 0.13037074 0.09002292
  vertex -0.17320219 0.108484335 0.09184139
  vertex -0.15843615 0.12091922 0.10236824
 endloop
endfacet
facet normal 0.5136322 0.6812755 0.52158
 outer loop
  vertex 0.12447713 0.15330447 0.10585808
  vertex 0.10561712 0.16260624 0.11228096
  vertex 0.105617166 0.15081806 0.12767835
 endloop
endfacet
facet normal 0.5136314 0.68127656 0.5215794
 outer loop
  vertex 0.12447713 0.15330447 0.10585808
  vertex 0.105617166 0.15081806 0.12767835
  vertex 0.12447718 0.14219068 0.12037465
 endloop
endfacet
facet normal -0.67112756 0.58863693 0.45065987
 outer loop
  vertex -0.14214435 0.14252202 0.0984133
  vertex -0.1584362 0.13037074 0.09002292
  vertex -0.15843615 0.12091922 0.10236824
 endloop
endfacet
facet normal -0.67112774 0.588637 0.45065966
 outer loop
  vertex -0.14214435 0.14252202 0.0984133
  vertex -0.15843615 0.12091922 0.10236824
  vertex -0.14214431 0.1321896 0.11190924
 endloop
endfacet
facet normal 0.59522206 0.6380426 0.48847958
 outer loop
  vertex 0.14213836 0.14252631 0.09841575
  vertex 0.12447713 0.15330447 0.10585808
  vertex 0.12447718 0.14219068 0.12037465
 endloop
endfacet
facet normal 0.59522253 0.6380419 0.48847994
 outer loop
  vertex 0.14213836 0.14252631 0.09841575
  vertex 0.12447718 0.14219068 0.12037465
  vertex 0.1421384 0.1321939 0.11191168
 endloop
endfacet
facet normal -0.5952496 0.6380242 0.48847002
 outer loop
  vertex -0.124483585 0.1533007 0.10585594
  vertex -0.14214435 0.14252202 0.0984133
  vertex -0.14214431 0.1321896 0.11190924
 endloop
endfacet
facet normal -0.5952501 0.63802433 0.48846918
 outer loop
  vertex -0.124483585 0.1533007 0.10585594
  vertex -0.14214431 0.1321896 0.11190924
  vertex -0.12448354 0.14218691 0.12037251
 endloop
endfacet
facet normal 0.6711022 0.58865726 0.45067102
 outer loop
  vertex 0.15843071 0.13037553 0.09002562
  vertex 0.14213836 0.14252631 0.09841575
  vertex 0.1421384 0.1321939 0.11191168
 endloop
endfacet
facet normal 0.67110234 0.5886571 0.45067114
 outer loop
  vertex 0.15843071 0.13037553 0.09002562
  vertex 0.1421384 0.1321939 0.11191168
  vertex 0.15843076 0.120924 0.10237094
 endloop
endfacet
facet normal -0.513662 0.6812605 0.52157027
 outer loop
  vertex -0.105623975 0.16260304 0.11227915
  vertex -0.124483585 0.1533007 0.10585594
  vertex -0.12448354 0.14218691 0.12037251
 endloop
endfacet
facet normal -0.5136614 0.68126035 0.521571
 outer loop
  vertex -0.105623975 0.16260304 0.11227915
  vertex -0.12448354 0.14218691 0.12037251
  vertex -0.10562393 0.15081486 0.12767655
 endloop
endfacet
facet normal 0.85744685 0.37595427 0.35134527
 outer loop
  vertex 0.19760035 0.08061609 0.0682476
  vertex 0.18629593 0.09501031 0.08043326
  vertex 0.18629597 0.08666934 0.08935834
 endloop
endfacet
facet normal 0.85744673 0.37595448 0.35134515
 outer loop
  vertex 0.19760035 0.08061609 0.0682476
  vertex 0.18629597 0.08666934 0.08935834
  vertex 0.1976004 0.07353883 0.07582046
 endloop
endfacet
facet normal -0.24272035 0.70876044 0.66237867
 outer loop
  vertex -0.043715443 0.16772243 0.14198959
  vertex -0.06504446 0.16364443 0.13853739
  vertex -0.06504437 0.14927751 0.15391037
 endloop
endfacet
facet normal -0.24272116 0.708761 0.6623778
 outer loop
  vertex -0.043715443 0.16772243 0.14198959
  vertex -0.06504437 0.14927751 0.15391037
  vertex -0.043715354 0.15299755 0.15774561
 endloop
endfacet
facet normal 0.9037829 0.31269723 0.29222748
 outer loop
  vertex 0.2070018 0.065445445 0.05540467
  vertex 0.19760035 0.08061609 0.0682476
  vertex 0.1976004 0.07353883 0.07582046
 endloop
endfacet
facet normal 0.9037831 0.31269616 0.29222792
 outer loop
  vertex 0.2070018 0.065445445 0.05540467
  vertex 0.1976004 0.07353883 0.07582046
  vertex 0.20700184 0.05970007 0.061552368
 endloop
endfacet
facet normal -0.14657417 0.7227185 0.6754213
 outer loop
  vertex -0.021965396 0.17018521 0.14407437
  vertex -0.043715443 0.16772243 0.14198959
  vertex -0.043715354 0.15299755 0.15774561
 endloop
endfacet
facet normal -0.14657465 0.7227187 0.67542094
 outer loop
  vertex -0.021965396 0.17018521 0.14407437
  vertex -0.043715354 0.15299755 0.15774561
  vertex -0.021965306 0.15524414 0.16006173
 endloop
endfacet
facet normal -0.9891533 0.10731679 0.10029364
 outer loop
  vertex -0.21975425 0.033358883 0.028243218
  vertex -0.2229802 0.016758442 0.014189928
  vertex -0.2229802 0.015286872 0.015764546
 endloop
endfacet
facet normal -0.9891532 0.1073148 0.10029645
 outer loop
  vertex -0.21975425 0.033358883 0.028243218
  vertex -0.2229802 0.015286872 0.015764546
  vertex -0.21975423 0.030429916 0.03137729
 endloop
endfacet
facet normal 0.9414092 0.24641229 0.23028177
 outer loop
  vertex 0.21440974 0.049644537 0.042028192
  vertex 0.2070018 0.065445445 0.05540467
  vertex 0.20700184 0.05970007 0.061552368
 endloop
endfacet
facet normal 0.94140935 0.2464113 0.23028232
 outer loop
  vertex 0.21440974 0.049644537 0.042028192
  vertex 0.20700184 0.05970007 0.061552368
  vertex 0.21440975 0.045286383 0.04669153
 endloop
endfacet
facet normal -0.04902556 0.7297314 0.68197405
 outer loop
  vertex -3.8096264e-06 0.17100899 0.14477167
  vertex -0.021965396 0.17018521 0.14407437
  vertex -0.021965306 0.15524414 0.16006173
 endloop
endfacet
facet normal -0.049024746 0.72973084 0.6819747
 outer loop
  vertex -3.8096264e-06 0.17100899 0.14477167
  vertex -0.021965306 0.15524414 0.16006173
  vertex -3.7197794e-06 0.15599562 0.16083637
 endloop
endfacet
facet normal -0.96996623 0.17771079 0.16608535
 outer loop
  vertex -0.21441194 0.049638044 0.042024523
  vertex -0.21975425 0.033358883 0.028243218
  vertex -0.21975423 0.030429916 0.03137729
 endloop
endfacet
facet normal -0.9699663 0.17771135 0.16608433
 outer loop
  vertex -0.21441194 0.049638044 0.042024523
  vertex -0.21975423 0.030429916 0.03137729
  vertex -0.21441193 0.04527989 0.046687864
 endloop
endfacet
facet normal 0.96995807 0.17773846 0.1661036
 outer loop
  vertex 0.21975277 0.033365518 0.028246963
  vertex 0.21440974 0.049644537 0.042028192
  vertex 0.21440975 0.045286383 0.04669153
 endloop
endfacet
facet normal 0.969958 0.17773955 0.16610284
 outer loop
  vertex 0.21975277 0.033365518 0.028246963
  vertex 0.21440975 0.045286383 0.04669153
  vertex 0.21975279 0.030436555 0.031381033
 endloop
endfacet
facet normal 0.048991807 0.7297323 0.6819755
 outer loop
  vertex 0.021957787 0.17018586 0.14407475
  vertex -3.8096264e-06 0.17100899 0.14477167
  vertex -3.7197794e-06 0.15599562 0.16083637
 endloop
endfacet
facet normal 0.04899099 0.7297329 0.68197495
 outer loop
  vertex 0.021957787 0.17018586 0.14407475
  vertex -3.7197794e-06 0.15599562 0.16083637
  vertex 0.021957876 0.1552448 0.16006212
 endloop
endfacet
facet normal -0.94142073 0.24638496 0.2302636
 outer loop
  vertex -0.20700473 0.06543918 0.055401135
  vertex -0.21441194 0.049638044 0.042024523
  vertex -0.21441193 0.04527989 0.046687864
 endloop
endfacet
facet normal -0.9414207 0.24638438 0.2302648
 outer loop
  vertex -0.20700473 0.06543918 0.055401135
  vertex -0.21441193 0.04527989 0.046687864
  vertex -0.2070047 0.059693806 0.061548833
 endloop
endfacet
facet normal 0.98914844 0.10734334 0.10031362
 outer loop
  vertex 0.22297946 0.016765172 0.014193724
  vertex 0.21975277 0.033365518 0.028246963
  vertex 0.21975279 0.030436555 0.031381033
 endloop
endfacet
facet normal 0.9891485 0.107340604 0.10031584
 outer loop
  vertex 0.22297946 0.016765172 0.014193724
  vertex 0.21975279 0.030436555 0.031381033
  vertex 0.22297946 0.015293604 0.015768342
 endloop
endfacet
facet normal 0.14654128 0.7227232 0.67542344
 outer loop
  vertex 0.043707944 0.16772375 0.14199033
  vertex 0.021957787 0.17018586 0.14407475
  vertex 0.021957876 0.1552448 0.16006212
 endloop
endfacet
facet normal 0.14654173 0.7227228 0.6754237
 outer loop
  vertex 0.043707944 0.16772375 0.14199033
  vertex 0.021957876 0.1552448 0.16006212
  vertex 0.043708034 0.15299886 0.15774636
 endloop
endfacet
facet normal -0.9037976 0.31266934 0.29221168
 outer loop
  vertex -0.19760397 0.0806101 0.06824422
  vertex -0.20700473 0.06543918 0.055401135
  vertex -0.2070047 0.059693806 0.061548833
 endloop
endfacet
facet normal -0.9037975 0.31266904 0.29221234
 outer loop
  vertex -0.19760397 0.0806101 0.06824422
  vertex -0.2070047 0.059693806 0.061548833
  vertex -0.19760393 0.073532835 0.07581707
 endloop
endfacet
facet normal 0.24268723 0.70876855 0.66238207
 outer loop
  vertex 0.06503717 0.1636464 0.1385385
  vertex 0.043707944 0.16772375 0.14199033
  vertex 0.043708034 0.15299886 0.15774636
 endloop
endfacet
facet normal 0.24268799 0.7087679 0.66238254
 outer loop
  vertex 0.06503717 0.1636464 0.1385385
  vertex 0.043708034 0.15299886 0.15774636
  vertex 0.06503726 0.14927949 0.15391146
 endloop
endfacet
facet normal -0.85746366 0.37592837 0.35133153
 outer loop
  vertex -0.18630014 0.09500469 0.0804301
  vertex -0.19760397 0.0806101 0.06824422
  vertex -0.19760393 0.073532835 0.07581707
 endloop
endfacet
facet normal -0.85746384 0.37592864 0.35133088
 outer loop
  vertex -0.18630014 0.09500469 0.0804301
  vertex -0.19760393 0.073532835 0.07581707
  vertex -0.1863001 0.08666371 0.08935517
 endloop
endfacet
facet normal 0.3365142 0.68799984 0.6429731
 outer loop
  vertex 0.08574002 0.15799302 0.13375248
  vertex 0.06503717 0.1636464 0.1385385
  vertex 0.06503726 0.14927949 0.15391146
 endloop
endfacet
facet normal 0.3365135 0.68800056 0.64297277
 outer loop
  vertex 0.08574002 0.15799302 0.13375248
  vertex 0.06503726 0.14927949 0.15391146
  vertex 0.08574011 0.14412248 0.14859433
 endloop
endfacet
facet normal -0.8028744 0.4355495 0.40704963
 outer loop
  vertex -0.17320219 0.108484335 0.09184139
  vertex -0.18630014 0.09500469 0.0804301
  vertex -0.1863001 0.08666371 0.08935517
 endloop
endfacet
facet normal -0.8028742 0.4355493 0.40705022
 outer loop
  vertex -0.17320219 0.108484335 0.09184139
  vertex -0.1863001 0.08666371 0.08935517
  vertex -0.17320213 0.098959945 0.102032736
 endloop
endfacet
facet normal 0.4271198 0.6606149 0.61737883
 outer loop
  vertex 0.105617166 0.15081806 0.12767835
  vertex 0.08574002 0.15799302 0.13375248
  vertex 0.08574011 0.14412248 0.14859433
 endloop
endfacet
facet normal 0.42712048 0.6606141 0.6173792
 outer loop
  vertex 0.105617166 0.15081806 0.12767835
  vertex 0.08574011 0.14412248 0.14859433
  vertex 0.10561725 0.13757744 0.14184615
 endloop
endfacet
facet normal -0.7405593 0.49096063 0.45883492
 outer loop
  vertex -0.15843615 0.12091922 0.10236824
  vertex -0.17320219 0.108484335 0.09184139
  vertex -0.17320213 0.098959945 0.102032736
 endloop
endfacet
facet normal -0.7405597 0.49096096 0.458834
 outer loop
  vertex -0.15843615 0.12091922 0.10236824
  vertex -0.17320213 0.098959945 0.102032736
  vertex -0.15843609 0.11030316 0.11372772
 endloop
endfacet
facet normal 0.5136317 0.62687194 0.58584476
 outer loop
  vertex 0.12447718 0.14219068 0.12037465
  vertex 0.105617166 0.15081806 0.12767835
  vertex 0.10561725 0.13757744 0.14184615
 endloop
endfacet
facet normal 0.5136315 0.6268721 0.5858447
 outer loop
  vertex 0.12447718 0.14219068 0.12037465
  vertex 0.10561725 0.13757744 0.14184615
  vertex 0.12447725 0.12970752 0.13373196
 endloop
endfacet
facet normal -0.67112744 0.54162997 0.5061866
 outer loop
  vertex -0.14214431 0.1321896 0.11190924
  vertex -0.15843615 0.12091922 0.10236824
  vertex -0.15843609 0.11030316 0.11372772
 endloop
endfacet
facet normal -0.6711269 0.54162973 0.5061876
 outer loop
  vertex -0.14214431 0.1321896 0.11190924
  vertex -0.15843609 0.11030316 0.11372772
  vertex -0.14214423 0.1205841 0.12432743
 endloop
endfacet
facet normal 0.5952228 0.5870906 0.5486661
 outer loop
  vertex 0.1421384 0.1321939 0.11191168
  vertex 0.12447718 0.14219068 0.12037465
  vertex 0.12447725 0.12970752 0.13373196
 endloop
endfacet
facet normal 0.5952223 0.58709127 0.5486658
 outer loop
  vertex 0.1421384 0.1321939 0.11191168
  vertex 0.12447725 0.12970752 0.13373196
  vertex 0.14213848 0.1205884 0.12432987
 endloop
endfacet
facet normal -0.59524983 0.58707243 0.54865605
 outer loop
  vertex -0.12448354 0.14218691 0.12037251
  vertex -0.14214431 0.1321896 0.11190924
  vertex -0.14214423 0.1205841 0.12432743
 endloop
endfacet
facet normal -0.5952502 0.5870726 0.5486556
 outer loop
  vertex -0.12448354 0.14218691 0.12037251
  vertex -0.14214423 0.1205841 0.12432743
  vertex -0.124483466 0.12970375 0.13372983
 endloop
endfacet
facet normal 0.67110264 0.54165006 0.50619805
 outer loop
  vertex 0.15843076 0.120924 0.10237094
  vertex 0.1421384 0.1321939 0.11191168
  vertex 0.14213848 0.1205884 0.12432987
 endloop
endfacet
facet normal 0.6711028 0.5416498 0.5061981
 outer loop
  vertex 0.15843076 0.120924 0.10237094
  vertex 0.14213848 0.1205884 0.12432987
  vertex 0.15843081 0.11030795 0.113730416
 endloop
endfacet
facet normal -0.5136612 0.62685645 0.58583546
 outer loop
  vertex -0.10562393 0.15081486 0.12767655
  vertex -0.12448354 0.14218691 0.12037251
  vertex -0.124483466 0.12970375 0.13372983
 endloop
endfacet
facet normal -0.51366043 0.6268561 0.5858364
 outer loop
  vertex -0.10562393 0.15081486 0.12767655
  vertex -0.124483466 0.12970375 0.13372983
  vertex -0.10562385 0.13757424 0.14184433
 endloop
endfacet
facet normal 0.7405371 0.4909831 0.45884693
 outer loop
  vertex 0.17319733 0.108489566 0.09184434
  vertex 0.15843076 0.120924 0.10237094
  vertex 0.15843081 0.11030795 0.113730416
 endloop
endfacet
facet normal 0.74053717 0.4909828 0.458847
 outer loop
  vertex 0.17319733 0.108489566 0.09184434
  vertex 0.15843081 0.11030795 0.113730416
  vertex 0.17319739 0.098965175 0.10203569
 endloop
endfacet
facet normal -0.4271496 0.6606013 0.6173728
 outer loop
  vertex -0.08574709 0.15799041 0.133751
  vertex -0.10562393 0.15081486 0.12767655
  vertex -0.10562385 0.13757424 0.14184433
 endloop
endfacet
facet normal -0.42715093 0.660602 0.61737114
 outer loop
  vertex -0.08574709 0.15799041 0.133751
  vertex -0.10562385 0.13757424 0.14184433
  vertex -0.085747 0.14411987 0.14859287
 endloop
endfacet
facet normal 0.8028537 0.4355741 0.40706408
 outer loop
  vertex 0.18629593 0.09501031 0.08043326
  vertex 0.17319733 0.108489566 0.09184434
  vertex 0.17319739 0.098965175 0.10203569
 endloop
endfacet
facet normal 0.8028535 0.4355745 0.40706387
 outer loop
  vertex 0.18629593 0.09501031 0.08043326
  vertex 0.17319739 0.098965175 0.10203569
  vertex 0.18629597 0.08666934 0.08935834
 endloop
endfacet
facet normal -0.33654654 0.6879902 0.64296645
 outer loop
  vertex -0.06504446 0.16364443 0.13853739
  vertex -0.08574709 0.15799041 0.133751
  vertex -0.085747 0.14411987 0.14859287
 endloop
endfacet
facet normal -0.33654544 0.68798965 0.64296764
 outer loop
  vertex -0.06504446 0.16364443 0.13853739
  vertex -0.085747 0.14411987 0.14859287
  vertex -0.06504437 0.14927751 0.15391037
 endloop
endfacet
facet normal -0.9891532 0.09696511 0.11033478
 outer loop
  vertex -0.21975423 0.030429916 0.03137729
  vertex -0.2229802 0.015286872 0.015764546
  vertex -0.22298019 0.013668051 0.017187342
 endloop
endfacet
facet normal -0.98915315 0.09696513 0.110334806
 outer loop
  vertex -0.21975423 0.030429916 0.03137729
  vertex -0.22298019 0.013668051 0.017187342
  vertex -0.2197542 0.027207864 0.03420918
 endloop
endfacet
facet normal 0.9414095 0.22265498 0.25332388
 outer loop
  vertex 0.21440975 0.045286383 0.04669153
  vertex 0.20700184 0.05970007 0.061552368
  vertex 0.20700188 0.05337978 0.06710732
 endloop
endfacet
facet normal 0.94140935 0.22265638 0.25332323
 outer loop
  vertex 0.21440975 0.045286383 0.04669153
  vertex 0.20700188 0.05337978 0.06710732
  vertex 0.2144098 0.040492125 0.05090524
 endloop
endfacet
facet normal -0.049024265 0.65937114 0.7502175
 outer loop
  vertex -3.7197794e-06 0.15599562 0.16083637
  vertex -0.021965306 0.15524414 0.16006173
  vertex -0.02196518 0.13880797 0.1745076
 endloop
endfacet
facet normal -0.049025364 0.6593719 0.7502168
 outer loop
  vertex -3.7197794e-06 0.15599562 0.16083637
  vertex -0.02196518 0.13880797 0.1745076
  vertex -3.594016e-06 0.13947994 0.17535216
 endloop
endfacet
facet normal -0.96996623 0.16057351 0.18270656
 outer loop
  vertex -0.21441193 0.04527989 0.046687864
  vertex -0.21975423 0.030429916 0.03137729
  vertex -0.2197542 0.027207864 0.03420918
 endloop
endfacet
facet normal -0.96996623 0.16057345 0.18270677
 outer loop
  vertex -0.21441193 0.04527989 0.046687864
  vertex -0.2197542 0.027207864 0.03420918
  vertex -0.21441188 0.040485635 0.050901573
 endloop
endfacet
facet normal 0.9699582 0.16060483 0.18272209
 outer loop
  vertex 0.21975279 0.030436555 0.031381033
  vertex 0.21440975 0.045286383 0.04669153
  vertex 0.2144098 0.040492125 0.05090524
 endloop
endfacet
facet normal 0.96995807 0.1606051 0.18272197
 outer loop
  vertex 0.21975279 0.030436555 0.031381033
  vertex 0.2144098 0.040492125 0.05090524
  vertex 0.21975282 0.027214505 0.034212925
 endloop
endfacet
facet normal 0.048991412 0.6593734 0.7502176
 outer loop
  vertex 0.021957876 0.1552448 0.16006212
  vertex -3.7197794e-06 0.15599562 0.16083637
  vertex -3.594016e-06 0.13947994 0.17535216
 endloop
endfacet
facet normal 0.04899249 0.6593726 0.7502183
 outer loop
  vertex 0.021957876 0.1552448 0.16006212
  vertex -3.594016e-06 0.13947994 0.17535216
  vertex 0.021958003 0.13880862 0.17450799
 endloop
endfacet
facet normal -0.94142044 0.22262599 0.2533084
 outer loop
  vertex -0.2070047 0.059693806 0.061548833
  vertex -0.21441193 0.04527989 0.046687864
  vertex -0.21441188 0.040485635 0.050901573
 endloop
endfacet
facet normal -0.9414207 0.22262679 0.25330716
 outer loop
  vertex -0.2070047 0.059693806 0.061548833
  vertex -0.21441188 0.040485635 0.050901573
  vertex -0.20700465 0.053373516 0.06710378
 endloop
endfacet
facet normal 0.9891486 0.09699608 0.11034913
 outer loop
  vertex 0.22297946 0.015293604 0.015768342
  vertex 0.21975279 0.030436555 0.031381033
  vertex 0.21975282 0.027214505 0.034212925
 endloop
endfacet
facet normal 0.98914856 0.096995965 0.11034922
 outer loop
  vertex 0.22297946 0.015293604 0.015768342
  vertex 0.21975282 0.027214505 0.034212925
  vertex 0.22297947 0.013674783 0.017191138
 endloop
endfacet
facet normal 0.14654224 0.6530389 0.7430111
 outer loop
  vertex 0.043708034 0.15299886 0.15774636
  vertex 0.021957876 0.1552448 0.16006212
  vertex 0.021958003 0.13880862 0.17450799
 endloop
endfacet
facet normal 0.1465425 0.6530387 0.7430113
 outer loop
  vertex 0.043708034 0.15299886 0.15774636
  vertex 0.021958003 0.13880862 0.17450799
  vertex 0.043708157 0.1368005 0.17198321
 endloop
endfacet
facet normal -0.9037973 0.2825212 0.3214533
 outer loop
  vertex -0.19760393 0.073532835 0.07581707
  vertex -0.2070047 0.059693806 0.061548833
  vertex -0.20700465 0.053373516 0.06710378
 endloop
endfacet
facet normal -0.9037973 0.2825212 0.32145333
 outer loop
  vertex -0.19760393 0.073532835 0.07581707
  vertex -0.20700465 0.053373516 0.06710378
  vertex -0.19760387 0.06574739 0.082659766
 endloop
endfacet
facet normal 0.24268845 0.64042985 0.7286644
 outer loop
  vertex 0.06503726 0.14927949 0.15391146
  vertex 0.043708034 0.15299886 0.15774636
  vertex 0.043708157 0.1368005 0.17198321
 endloop
endfacet
facet normal 0.24268724 0.640431 0.72866386
 outer loop
  vertex 0.06503726 0.14927949 0.15391146
  vertex 0.043708157 0.1368005 0.17198321
  vertex 0.06503738 0.13347496 0.1678022
 endloop
endfacet
facet normal -0.8574636 0.33968097 0.38648796
 outer loop
  vertex -0.1863001 0.08666371 0.08935517
  vertex -0.19760393 0.073532835 0.07581707
  vertex -0.19760387 0.06574739 0.082659766
 endloop
endfacet
facet normal -0.85746366 0.33968097 0.38648805
 outer loop
  vertex -0.1863001 0.08666371 0.08935517
  vertex -0.19760387 0.06574739 0.082659766
  vertex -0.18630002 0.07748808 0.09741972
 endloop
endfacet
facet normal 0.33651394 0.62166554 0.70731205
 outer loop
  vertex 0.08574011 0.14412248 0.14859433
  vertex 0.06503726 0.14927949 0.15391146
  vertex 0.06503738 0.13347496 0.1678022
 endloop
endfacet
facet normal 0.33651444 0.62166494 0.70731235
 outer loop
  vertex 0.08574011 0.14412248 0.14859433
  vertex 0.06503738 0.13347496 0.1678022
  vertex 0.08574022 0.12886396 0.16200517
 endloop
endfacet
facet normal -0.80287385 0.39355358 0.4477824
 outer loop
  vertex -0.17320213 0.098959945 0.102032736
  vertex -0.1863001 0.08666371 0.08935517
  vertex -0.18630002 0.07748808 0.09741972
 endloop
endfacet
facet normal -0.80287373 0.39355347 0.44778267
 outer loop
  vertex -0.17320213 0.098959945 0.102032736
  vertex -0.18630002 0.07748808 0.09741972
  vertex -0.17320204 0.0884825 0.11124146
 endloop
endfacet
facet normal 0.4271209 0.59691983 0.6791572
 outer loop
  vertex 0.10561725 0.13757744 0.14184615
  vertex 0.08574011 0.14412248 0.14859433
  vertex 0.08574022 0.12886396 0.16200517
 endloop
endfacet
facet normal 0.4271215 0.5969191 0.67915744
 outer loop
  vertex 0.10561725 0.13757744 0.14184615
  vertex 0.08574022 0.12886396 0.16200517
  vertex 0.10561735 0.12301189 0.15464792
 endloop
endfacet
facet normal -0.74055946 0.44362196 0.5047487
 outer loop
  vertex -0.15843609 0.11030316 0.11372772
  vertex -0.17320213 0.098959945 0.102032736
  vertex -0.17320204 0.0884825 0.11124146
 endloop
endfacet
facet normal -0.7405593 0.44362178 0.50474924
 outer loop
  vertex -0.15843609 0.11030316 0.11372772
  vertex -0.17320204 0.0884825 0.11124146
  vertex -0.158436 0.098624796 0.123991914
 endloop
endfacet
facet normal 0.51363194 0.5664306 0.64446765
 outer loop
  vertex 0.12447725 0.12970752 0.13373196
  vertex 0.10561725 0.13757744 0.14184615
  vertex 0.10561735 0.12301189 0.15464792
 endloop
endfacet
facet normal 0.5136316 0.56643116 0.64446753
 outer loop
  vertex 0.12447725 0.12970752 0.13373196
  vertex 0.10561735 0.12301189 0.15464792
  vertex 0.12447736 0.1159752 0.1458014
 endloop
endfacet
facet normal -0.67112654 0.48940572 0.5568405
 outer loop
  vertex -0.14214423 0.1205841 0.12432743
  vertex -0.15843609 0.11030316 0.11372772
  vertex -0.158436 0.098624796 0.123991914
 endloop
endfacet
facet normal -0.67112726 0.48940626 0.55683905
 outer loop
  vertex -0.14214423 0.1205841 0.12432743
  vertex -0.158436 0.098624796 0.123991914
  vertex -0.14214414 0.10781729 0.1355483
 endloop
endfacet
facet normal 0.5952227 0.5304855 0.6035686
 outer loop
  vertex 0.14213848 0.1205884 0.12432987
  vertex 0.12447725 0.12970752 0.13373196
  vertex 0.12447736 0.1159752 0.1458014
 endloop
endfacet
facet normal 0.59522253 0.5304857 0.60356855
 outer loop
  vertex 0.14213848 0.1205884 0.12432987
  vertex 0.12447736 0.1159752 0.1458014
  vertex 0.14213857 0.1078216 0.13555072
 endloop
endfacet
facet normal -0.5952498 0.5304679 0.60355735
 outer loop
  vertex -0.124483466 0.12970375 0.13372983
  vertex -0.14214423 0.1205841 0.12432743
  vertex -0.14214414 0.10781729 0.1355483
 endloop
endfacet
facet normal -0.5952491 0.5304675 0.6035584
 outer loop
  vertex -0.124483466 0.12970375 0.13372983
  vertex -0.14214414 0.10781729 0.1355483
  vertex -0.12448336 0.11597143 0.14579926
 endloop
endfacet
facet normal 0.6711031 0.48942572 0.5568509
 outer loop
  vertex 0.15843081 0.11030795 0.113730416
  vertex 0.14213848 0.1205884 0.12432987
  vertex 0.14213857 0.1078216 0.13555072
 endloop
endfacet
facet normal 0.67110336 0.48942527 0.5568511
 outer loop
  vertex 0.15843081 0.11030795 0.113730416
  vertex 0.14213857 0.1078216 0.13555072
  vertex 0.1584309 0.09862958 0.12399461
 endloop
endfacet
facet normal -0.51366 0.56641555 0.64445853
 outer loop
  vertex -0.10562385 0.13757424 0.14184433
  vertex -0.124483466 0.12970375 0.13372983
  vertex -0.12448336 0.11597143 0.14579926
 endloop
endfacet
facet normal -0.51366067 0.566416 0.6444577
 outer loop
  vertex -0.10562385 0.13757424 0.14184433
  vertex -0.12448336 0.11597143 0.14579926
  vertex -0.105623744 0.123008706 0.15464611
 endloop
endfacet
facet normal 0.7405375 0.44364396 0.5047615
 outer loop
  vertex 0.17319739 0.098965175 0.10203569
  vertex 0.15843081 0.11030795 0.113730416
  vertex 0.1584309 0.09862958 0.12399461
 endloop
endfacet
facet normal 0.7405368 0.4436455 0.5047611
 outer loop
  vertex 0.17319739 0.098965175 0.10203569
  vertex 0.1584309 0.09862958 0.12399461
  vertex 0.17319748 0.08848773 0.11124441
 endloop
endfacet
facet normal -0.42715058 0.59690756 0.67914927
 outer loop
  vertex -0.085747 0.14411987 0.14859287
  vertex -0.10562385 0.13757424 0.14184433
  vertex -0.105623744 0.123008706 0.15464611
 endloop
endfacet
facet normal -0.42714968 0.59690696 0.6791504
 outer loop
  vertex -0.085747 0.14411987 0.14859287
  vertex -0.105623744 0.123008706 0.15464611
  vertex -0.08574689 0.12886135 0.1620037
 endloop
endfacet
facet normal 0.8028539 0.39357892 0.44779602
 outer loop
  vertex 0.18629597 0.08666934 0.08935834
  vertex 0.17319739 0.098965175 0.10203569
  vertex 0.17319748 0.08848773 0.11124441
 endloop
endfacet
facet normal 0.802854 0.39357844 0.44779617
 outer loop
  vertex 0.18629597 0.08666934 0.08935834
  vertex 0.17319748 0.08848773 0.11124441
  vertex 0.18629605 0.07749371 0.097422875
 endloop
endfacet
facet normal -0.33654505 0.62165457 0.7073069
 outer loop
  vertex -0.06504437 0.14927751 0.15391037
  vertex -0.085747 0.14411987 0.14859287
  vertex -0.08574689 0.12886135 0.1620037
 endloop
endfacet
facet normal -0.3365455 0.6216548 0.70730644
 outer loop
  vertex -0.06504437 0.14927751 0.15391037
  vertex -0.08574689 0.12886135 0.1620037
  vertex -0.065044254 0.13347298 0.1678011
 endloop
endfacet
facet normal 0.85744697 0.339707 0.38650212
 outer loop
  vertex 0.1976004 0.07353883 0.07582046
  vertex 0.18629597 0.08666934 0.08935834
  vertex 0.18629605 0.07749371 0.097422875
 endloop
endfacet
facet normal 0.8574472 0.33970615 0.3865024
 outer loop
  vertex 0.1976004 0.07353883 0.07582046
  vertex 0.18629605 0.07749371 0.097422875
  vertex 0.19760045 0.06575338 0.08266315
 endloop
endfacet
facet normal -0.24272057 0.64042306 0.7286597
 outer loop
  vertex -0.043715354 0.15299755 0.15774561
  vertex -0.06504437 0.14927751 0.15391037
  vertex -0.065044254 0.13347298 0.1678011
 endloop
endfacet
facet normal -0.24271984 0.6404226 0.7286604
 outer loop
  vertex -0.043715354 0.15299755 0.15774561
  vertex -0.065044254 0.13347298 0.1678011
  vertex -0.04371523 0.13679919 0.17198247
 endloop
endfacet
facet normal 0.9037833 0.28254813 0.32146898
 outer loop
  vertex 0.20700184 0.05970007 0.061552368
  vertex 0.1976004 0.07353883 0.07582046
  vertex 0.19760045 0.06575338 0.08266315
 endloop
endfacet
facet normal 0.9037833 0.282548 0.32146904
 outer loop
  vertex 0.20700184 0.05970007 0.061552368
  vertex 0.19760045 0.06575338 0.08266315
  vertex 0.20700188 0.05337978 0.06710732
 endloop
endfacet
facet normal -0.14657417 0.6530343 0.74300885
 outer loop
  vertex -0.021965306 0.15524414 0.16006173
  vertex -0.043715354 0.15299755 0.15774561
  vertex -0.04371523 0.13679919 0.17198247
 endloop
endfacet
facet normal -0.14657442 0.6530345 0.7430087
 outer loop
  vertex -0.021965306 0.15524414 0.16006173
  vertex -0.04371523 0.13679919 0.17198247
  vertex -0.02196518 0.13880797 0.1745076
 endloop
endfacet
facet normal -0.9414204 0.1967254 0.27391002
 outer loop
  vertex -0.20700465 0.053373516 0.06710378
  vertex -0.21441188 0.040485635 0.050901573
  vertex -0.21441184 0.035301447 0.05462507
 endloop
endfacet
facet normal -0.9414202 0.19672436 0.27391142
 outer loop
  vertex -0.20700465 0.053373516 0.06710378
  vertex -0.21441184 0.035301447 0.05462507
  vertex -0.20700458 0.046539184 0.072012484
 endloop
endfacet
facet normal 0.9891487 0.08571242 0.11932455
 outer loop
  vertex 0.22297947 0.013674783 0.017191138
  vertex 0.21975282 0.027214505 0.034212925
  vertex 0.21975285 0.023730392 0.036715362
 endloop
endfacet
facet normal 0.98914856 0.085712336 0.11932456
 outer loop
  vertex 0.22297947 0.013674783 0.017191138
  vertex 0.21975285 0.023730392 0.036715362
  vertex 0.22297949 0.011924298 0.01844841
 endloop
endfacet
facet normal 0.14654312 0.57706785 0.8034412
 outer loop
  vertex 0.043708157 0.1368005 0.17198321
  vertex 0.021958003 0.13880862 0.17450799
  vertex 0.021958161 0.12103566 0.18727331
 endloop
endfacet
facet normal 0.14654395 0.577067 0.8034416
 outer loop
  vertex 0.043708157 0.1368005 0.17198321
  vertex 0.021958161 0.12103566 0.18727331
  vertex 0.043708313 0.1192847 0.1845638
 endloop
endfacet
facet normal -0.903797 0.24965076 0.34759966
 outer loop
  vertex -0.19760387 0.06574739 0.082659766
  vertex -0.20700465 0.053373516 0.06710378
  vertex -0.20700458 0.046539184 0.072012484
 endloop
endfacet
facet normal -0.90379727 0.24965166 0.34759828
 outer loop
  vertex -0.19760387 0.06574739 0.082659766
  vertex -0.20700458 0.046539184 0.072012484
  vertex -0.19760379 0.057328723 0.088706404
 endloop
endfacet
facet normal 0.2426879 0.5659255 0.7879282
 outer loop
  vertex 0.06503738 0.13347496 0.1678022
  vertex 0.043708157 0.1368005 0.17198321
  vertex 0.043708313 0.1192847 0.1845638
 endloop
endfacet
facet normal 0.242689 0.56592447 0.7879287
 outer loop
  vertex 0.06503738 0.13347496 0.1678022
  vertex 0.043708313 0.1192847 0.1845638
  vertex 0.06503753 0.11638498 0.18007691
 endloop
endfacet
facet normal -0.8574633 0.30016205 0.41792277
 outer loop
  vertex -0.18630002 0.07748808 0.09741972
  vertex -0.19760387 0.06574739 0.082659766
  vertex -0.19760379 0.057328723 0.088706404
 endloop
endfacet
facet normal -0.85746324 0.30016202 0.41792282
 outer loop
  vertex -0.18630002 0.07748808 0.09741972
  vertex -0.19760379 0.057328723 0.088706404
  vertex -0.18629993 0.06756617 0.10454605
 endloop
endfacet
facet normal 0.33651504 0.54934233 0.7648403
 outer loop
  vertex 0.08574022 0.12886396 0.16200517
  vertex 0.06503738 0.13347496 0.1678022
  vertex 0.06503753 0.11638498 0.18007691
 endloop
endfacet
facet normal 0.33651426 0.54934317 0.76484
 outer loop
  vertex 0.08574022 0.12886396 0.16200517
  vertex 0.06503753 0.11638498 0.18007691
  vertex 0.08574037 0.112364426 0.17385583
 endloop
endfacet
facet normal -0.8028733 0.34776735 0.4842026
 outer loop
  vertex -0.17320204 0.0884825 0.11124146
  vertex -0.18630002 0.07748808 0.09741972
  vertex -0.18629993 0.06756617 0.10454605
 endloop
endfacet
facet normal -0.8028738 0.34776798 0.48420152
 outer loop
  vertex -0.17320204 0.0884825 0.11124146
  vertex -0.18629993 0.06756617 0.10454605
  vertex -0.17320195 0.0771529 0.119378865
 endloop
endfacet
facet normal 0.427122 0.5274766 0.73439443
 outer loop
  vertex 0.10561735 0.12301189 0.15464792
  vertex 0.08574022 0.12886396 0.16200517
  vertex 0.08574037 0.112364426 0.17385583
 endloop
endfacet
facet normal 0.4271216 0.52747715 0.7343943
 outer loop
  vertex 0.10561735 0.12301189 0.15464792
  vertex 0.08574037 0.112364426 0.17385583
  vertex 0.10561749 0.1072617 0.16596037
 endloop
endfacet
facet normal -0.7405588 0.39201215 0.54580134
 outer loop
  vertex -0.158436 0.098624796 0.123991914
  vertex -0.17320204 0.0884825 0.11124146
  vertex -0.17320195 0.0771529 0.119378865
 endloop
endfacet
facet normal -0.7405584 0.3920116 0.5458024
 outer loop
  vertex -0.158436 0.098624796 0.123991914
  vertex -0.17320195 0.0771529 0.119378865
  vertex -0.15843588 0.085996605 0.13306202
 endloop
endfacet
facet normal 0.51363206 0.5005357 0.6968831
 outer loop
  vertex 0.12447736 0.1159752 0.1458014
  vertex 0.10561735 0.12301189 0.15464792
  vertex 0.10561749 0.1072617 0.16596037
 endloop
endfacet
facet normal 0.51363254 0.5005351 0.6968832
 outer loop
  vertex 0.12447736 0.1159752 0.1458014
  vertex 0.10561749 0.1072617 0.16596037
  vertex 0.12447749 0.101126 0.15646671
 endloop
endfacet
facet normal -0.6711268 0.43246865 0.6021293
 outer loop
  vertex -0.14214414 0.10781729 0.1355483
  vertex -0.158436 0.098624796 0.123991914
  vertex -0.15843588 0.085996605 0.13306202
 endloop
endfacet
facet normal -0.6711266 0.43246853 0.6021295
 outer loop
  vertex -0.14214414 0.10781729 0.1355483
  vertex -0.15843588 0.085996605 0.13306202
  vertex -0.14214402 0.09401213 0.14546373
 endloop
endfacet
facet normal 0.5952231 0.46877158 0.65265816
 outer loop
  vertex 0.14213857 0.1078216 0.13555072
  vertex 0.12447736 0.1159752 0.1458014
  vertex 0.12447749 0.101126 0.15646671
 endloop
endfacet
facet normal 0.59522337 0.46877104 0.6526582
 outer loop
  vertex 0.14213857 0.1078216 0.13555072
  vertex 0.12447749 0.101126 0.15646671
  vertex 0.14213869 0.094016425 0.14546616
 endloop
endfacet
facet normal -0.59524864 0.46875355 0.65264785
 outer loop
  vertex -0.12448336 0.11597143 0.14579926
  vertex -0.14214414 0.10781729 0.1355483
  vertex -0.14214402 0.09401213 0.14546373
 endloop
endfacet
facet normal -0.5952488 0.4687537 0.6526476
 outer loop
  vertex -0.12448336 0.11597143 0.14579926
  vertex -0.14214402 0.09401213 0.14546373
  vertex -0.12448323 0.101122245 0.15646458
 endloop
endfacet
facet normal 0.67110384 0.4324881 0.60214096
 outer loop
  vertex 0.1584309 0.09862958 0.12399461
  vertex 0.14213857 0.1078216 0.13555072
  vertex 0.14213869 0.094016425 0.14546616
 endloop
endfacet
facet normal 0.67110276 0.43249014 0.60214055
 outer loop
  vertex 0.1584309 0.09862958 0.12399461
  vertex 0.14213869 0.094016425 0.14546616
  vertex 0.15843102 0.08600139 0.13306473
 endloop
endfacet
facet normal -0.51366013 0.50051963 0.69687396
 outer loop
  vertex -0.105623744 0.123008706 0.15464611
  vertex -0.12448336 0.11597143 0.14579926
  vertex -0.12448323 0.101122245 0.15646458
 endloop
endfacet
facet normal -0.51366 0.50051963 0.696874
 outer loop
  vertex -0.105623744 0.123008706 0.15464611
  vertex -0.12448323 0.101122245 0.15646458
  vertex -0.1056236 0.107258506 0.16595857
 endloop
endfacet
facet normal 0.7405373 0.3920347 0.5458143
 outer loop
  vertex 0.17319748 0.08848773 0.11124441
  vertex 0.1584309 0.09862958 0.12399461
  vertex 0.15843102 0.08600139 0.13306473
 endloop
endfacet
facet normal 0.74053794 0.39203328 0.5458145
 outer loop
  vertex 0.17319748 0.08848773 0.11124441
  vertex 0.15843102 0.08600139 0.13306473
  vertex 0.17319757 0.07715813 0.119381815
 endloop
endfacet
facet normal -0.4271491 0.5274642 0.73438764
 outer loop
  vertex -0.08574689 0.12886135 0.1620037
  vertex -0.105623744 0.123008706 0.15464611
  vertex -0.1056236 0.107258506 0.16595857
 endloop
endfacet
facet normal -0.42714897 0.5274641 0.7343877
 outer loop
  vertex -0.08574689 0.12886135 0.1620037
  vertex -0.1056236 0.107258506 0.16595857
  vertex -0.08574674 0.11236182 0.17385435
 endloop
endfacet
facet normal 0.8028545 0.34779152 0.48421663
 outer loop
  vertex 0.18629605 0.07749371 0.097422875
  vertex 0.17319748 0.08848773 0.11124441
  vertex 0.17319757 0.07715813 0.119381815
 endloop
endfacet
facet normal 0.8028542 0.3477922 0.48421648
 outer loop
  vertex 0.18629605 0.07749371 0.097422875
  vertex 0.17319757 0.07715813 0.119381815
  vertex 0.18629614 0.067571804 0.104549214
 endloop
endfacet
facet normal -0.33654487 0.54933274 0.7648341
 outer loop
  vertex -0.065044254 0.13347298 0.1678011
  vertex -0.08574689 0.12886135 0.1620037
  vertex -0.08574674 0.11236182 0.17385435
 endloop
endfacet
facet normal -0.33654574 0.5493333 0.7648332
 outer loop
  vertex -0.065044254 0.13347298 0.1678011
  vertex -0.08574674 0.11236182 0.17385435
  vertex -0.0650441 0.11638303 0.18007584
 endloop
endfacet
facet normal 0.85744745 0.30018774 0.4179367
 outer loop
  vertex 0.19760045 0.06575338 0.08266315
  vertex 0.18629605 0.07749371 0.097422875
  vertex 0.18629614 0.067571804 0.104549214
 endloop
endfacet
facet normal 0.85744745 0.3001878 0.4179367
 outer loop
  vertex 0.19760045 0.06575338 0.08266315
  vertex 0.18629614 0.067571804 0.104549214
  vertex 0.19760053 0.057334717 0.088709794
 endloop
endfacet
facet normal -0.24271916 0.5659186 0.78792346
 outer loop
  vertex -0.04371523 0.13679919 0.17198247
  vertex -0.065044254 0.13347298 0.1678011
  vertex -0.0650441 0.11638303 0.18007584
 endloop
endfacet
facet normal -0.24271815 0.56591785 0.78792435
 outer loop
  vertex -0.04371523 0.13679919 0.17198247
  vertex -0.0650441 0.11638303 0.18007584
  vertex -0.043715075 0.11928337 0.18456306
 endloop
endfacet
facet normal 0.9037836 0.24967934 0.34761396
 outer loop
  vertex 0.20700188 0.05337978 0.06710732
  vertex 0.19760045 0.06575338 0.08266315
  vertex 0.19760053 0.057334717 0.088709794
 endloop
endfacet
facet normal 0.90378344 0.24968036 0.34761366
 outer loop
  vertex 0.20700188 0.05337978 0.06710732
  vertex 0.19760053 0.057334717 0.088709794
  vertex 0.20700195 0.046545446 0.07201602
 endloop
endfacet
facet normal -0.14657372 0.5770624 0.80343956
 outer loop
  vertex -0.02196518 0.13880797 0.1745076
  vertex -0.04371523 0.13679919 0.17198247
  vertex -0.043715075 0.11928337 0.18456306
 endloop
endfacet
facet normal -0.14657456 0.577063 0.80343896
 outer loop
  vertex -0.02196518 0.13880797 0.1745076
  vertex -0.043715075 0.11928337 0.18456306
  vertex -0.021965021 0.12103499 0.18727292
 endloop
endfacet
facet normal -0.989153 0.08568382 0.11930833
 outer loop
  vertex -0.2197542 0.027207864 0.03420918
  vertex -0.22298019 0.013668051 0.017187342
  vertex -0.22298017 0.011917565 0.018444614
 endloop
endfacet
facet normal -0.9891531 0.08568377 0.11930839
 outer loop
  vertex -0.2197542 0.027207864 0.03420918
  vertex -0.22298017 0.011917565 0.018444614
  vertex -0.21975417 0.023723751 0.036711615
 endloop
endfacet
facet normal 0.9414096 0.19675529 0.27392602
 outer loop
  vertex 0.2144098 0.040492125 0.05090524
  vertex 0.20700188 0.05337978 0.06710732
  vertex 0.20700195 0.046545446 0.07201602
 endloop
endfacet
facet normal 0.9414097 0.19675368 0.27392647
 outer loop
  vertex 0.2144098 0.040492125 0.05090524
  vertex 0.20700195 0.046545446 0.07201602
  vertex 0.21440984 0.035307936 0.05462874
 endloop
endfacet
facet normal -0.04902474 0.58266276 0.8112341
 outer loop
  vertex -3.594016e-06 0.13947994 0.17535216
  vertex -0.02196518 0.13880797 0.1745076
  vertex -0.021965021 0.12103499 0.18727292
 endloop
endfacet
facet normal -0.049023997 0.58266217 0.81123453
 outer loop
  vertex -3.594016e-06 0.13947994 0.17535216
  vertex -0.021965021 0.12103499 0.18727292
  vertex -3.4335471e-06 0.12162095 0.18817922
 endloop
endfacet
facet normal -0.96996605 0.14189212 0.19756651
 outer loop
  vertex -0.21441188 0.040485635 0.050901573
  vertex -0.2197542 0.027207864 0.03420918
  vertex -0.21975417 0.023723751 0.036711615
 endloop
endfacet
facet normal -0.969966 0.1418921 0.19756654
 outer loop
  vertex -0.21441188 0.040485635 0.050901573
  vertex -0.21975417 0.023723751 0.036711615
  vertex -0.21441184 0.035301447 0.05462507
 endloop
endfacet
facet normal 0.96995825 0.14192128 0.19758372
 outer loop
  vertex 0.21975282 0.027214505 0.034212925
  vertex 0.2144098 0.040492125 0.05090524
  vertex 0.21440984 0.035307936 0.05462874
 endloop
endfacet
facet normal 0.96995825 0.14192128 0.19758368
 outer loop
  vertex 0.21975282 0.027214505 0.034212925
  vertex 0.21440984 0.035307936 0.05462874
  vertex 0.21975285 0.023730392 0.036715362
 endloop
endfacet
facet normal 0.048993073 0.58266366 0.8112353
 outer loop
  vertex 0.021958003 0.13880862 0.17450799
  vertex -3.594016e-06 0.13947994 0.17535216
  vertex -3.4335471e-06 0.12162095 0.18817922
 endloop
endfacet
facet normal 0.04899196 0.5826646 0.8112347
 outer loop
  vertex 0.021958003 0.13880862 0.17450799
  vertex -3.4335471e-06 0.12162095 0.18817922
  vertex 0.021958161 0.12103566 0.18727331
 endloop
endfacet
facet normal -0.8574628 0.25775233 0.44533268
 outer loop
  vertex -0.18629993 0.06756617 0.10454605
  vertex -0.19760379 0.057328723 0.088706404
  vertex -0.1976037 0.048357934 0.09389874
 endloop
endfacet
facet normal -0.85746294 0.25775257 0.44533244
 outer loop
  vertex -0.18629993 0.06756617 0.10454605
  vertex -0.1976037 0.048357934 0.09389874
  vertex -0.18629983 0.056993533 0.11066555
 endloop
endfacet
facet normal 0.336515 0.4717309 0.8150016
 outer loop
  vertex 0.08574037 0.112364426 0.17385583
  vertex 0.06503753 0.11638498 0.18007691
  vertex 0.06503772 0.09817418 0.19061743
 endloop
endfacet
facet normal 0.336515 0.4717309 0.8150016
 outer loop
  vertex 0.08574037 0.112364426 0.17385583
  vertex 0.06503772 0.09817418 0.19061743
  vertex 0.08574055 0.09478277 0.18403219
 endloop
endfacet
facet normal -0.8028734 0.29863197 0.5159587
 outer loop
  vertex -0.17320195 0.0771529 0.119378865
  vertex -0.18629993 0.06756617 0.10454605
  vertex -0.18629983 0.056993533 0.11066555
 endloop
endfacet
facet normal -0.80287284 0.298631 0.51596
 outer loop
  vertex -0.17320195 0.0771529 0.119378865
  vertex -0.18629983 0.056993533 0.11066555
  vertex -0.17320181 0.06508025 0.12636657
 endloop
endfacet
facet normal 0.42712227 0.45295402 0.7825594
 outer loop
  vertex 0.10561749 0.1072617 0.16596037
  vertex 0.08574037 0.112364426 0.17385583
  vertex 0.08574055 0.09478277 0.18403219
 endloop
endfacet
facet normal 0.42712203 0.4529544 0.78255934
 outer loop
  vertex 0.10561749 0.1072617 0.16596037
  vertex 0.08574055 0.09478277 0.18403219
  vertex 0.105617665 0.09047853 0.17567457
 endloop
endfacet
facet normal -0.74055773 0.33662432 0.5815998
 outer loop
  vertex -0.15843588 0.085996605 0.13306202
  vertex -0.17320195 0.0771529 0.119378865
  vertex -0.17320181 0.06508025 0.12636657
 endloop
endfacet
facet normal -0.7405579 0.3366246 0.58159935
 outer loop
  vertex -0.15843588 0.085996605 0.13306202
  vertex -0.17320181 0.06508025 0.12636657
  vertex -0.15843575 0.07254019 0.14085065
 endloop
endfacet
facet normal 0.5136332 0.42981943 0.74258757
 outer loop
  vertex 0.12447749 0.101126 0.15646671
  vertex 0.10561749 0.1072617 0.16596037
  vertex 0.105617665 0.09047853 0.17567457
 endloop
endfacet
facet normal 0.5136338 0.42981857 0.7425876
 outer loop
  vertex 0.12447749 0.101126 0.15646671
  vertex 0.105617665 0.09047853 0.17567457
  vertex 0.12447765 0.08530295 0.16562517
 endloop
endfacet
facet normal -0.671126 0.37136593 0.64162076
 outer loop
  vertex -0.14214402 0.09401213 0.14546373
  vertex -0.15843588 0.085996605 0.13306202
  vertex -0.15843575 0.07254019 0.14085065
 endloop
endfacet
facet normal -0.6711266 0.37136656 0.6416198
 outer loop
  vertex -0.14214402 0.09401213 0.14546373
  vertex -0.15843575 0.07254019 0.14085065
  vertex -0.14214388 0.07930155 0.1539783
 endloop
endfacet
facet normal 0.5952241 0.4025429 0.69546217
 outer loop
  vertex 0.14213869 0.094016425 0.14546616
  vertex 0.12447749 0.101126 0.15646671
  vertex 0.12447765 0.08530295 0.16562517
 endloop
endfacet
facet normal 0.59522414 0.4025427 0.6954621
 outer loop
  vertex 0.14213869 0.094016425 0.14546616
  vertex 0.12447765 0.08530295 0.16562517
  vertex 0.14213884 0.07930584 0.15398072
 endloop
endfacet
facet normal -0.59524816 0.40252548 0.6954516
 outer loop
  vertex -0.12448323 0.101122245 0.15646458
  vertex -0.14214402 0.09401213 0.14546373
  vertex -0.14214388 0.07930155 0.1539783
 endloop
endfacet
facet normal -0.59524804 0.40252534 0.6954517
 outer loop
  vertex -0.12448323 0.101122245 0.15646458
  vertex -0.14214388 0.07930155 0.1539783
  vertex -0.12448307 0.08529918 0.16562305
 endloop
endfacet
facet normal 0.6711033 0.37138665 0.64163256
 outer loop
  vertex 0.15843102 0.08600139 0.13306473
  vertex 0.14213869 0.094016425 0.14546616
  vertex 0.14213884 0.07930584 0.15398072
 endloop
endfacet
facet normal 0.6711036 0.37138605 0.64163256
 outer loop
  vertex 0.15843102 0.08600139 0.13306473
  vertex 0.14213884 0.07930584 0.15398072
  vertex 0.15843116 0.07254497 0.14085336
 endloop
endfacet
facet normal -0.51365936 0.4298035 0.7425786
 outer loop
  vertex -0.1056236 0.107258506 0.16595857
  vertex -0.12448323 0.101122245 0.15646458
  vertex -0.12448307 0.08529918 0.16562305
 endloop
endfacet
facet normal -0.51365954 0.42980367 0.74257845
 outer loop
  vertex -0.1056236 0.107258506 0.16595857
  vertex -0.12448307 0.08529918 0.16562305
  vertex -0.10562343 0.090475336 0.17567277
 endloop
endfacet
facet normal 0.7405384 0.3366464 0.5816115
 outer loop
  vertex 0.17319757 0.07715813 0.119381815
  vertex 0.15843102 0.08600139 0.13306473
  vertex 0.15843116 0.07254497 0.14085336
 endloop
endfacet
facet normal 0.740538 0.3366475 0.5816115
 outer loop
  vertex 0.17319757 0.07715813 0.119381815
  vertex 0.15843116 0.07254497 0.14085336
  vertex 0.1731977 0.06508548 0.12636952
 endloop
endfacet
facet normal -0.42714828 0.45294172 0.78255236
 outer loop
  vertex -0.08574674 0.11236182 0.17385435
  vertex -0.1056236 0.107258506 0.16595857
  vertex -0.10562343 0.090475336 0.17567277
 endloop
endfacet
facet normal -0.42714825 0.45294172 0.78255236
 outer loop
  vertex -0.08574674 0.11236182 0.17385435
  vertex -0.10562343 0.090475336 0.17567277
  vertex -0.085746564 0.09478018 0.18403071
 endloop
endfacet
facet normal 0.8028547 0.29865658 0.5159733
 outer loop
  vertex 0.18629614 0.067571804 0.104549214
  vertex 0.17319757 0.07715813 0.119381815
  vertex 0.1731977 0.06508548 0.12636952
 endloop
endfacet
facet normal 0.80285484 0.2986564 0.5159734
 outer loop
  vertex 0.18629614 0.067571804 0.104549214
  vertex 0.1731977 0.06508548 0.12636952
  vertex 0.18629624 0.05699917 0.11066872
 endloop
endfacet
facet normal -0.33654496 0.47172067 0.8149951
 outer loop
  vertex -0.0650441 0.11638303 0.18007584
  vertex -0.08574674 0.11236182 0.17385435
  vertex -0.085746564 0.09478018 0.18403071
 endloop
endfacet
facet normal -0.3365445 0.4717203 0.8149955
 outer loop
  vertex -0.0650441 0.11638303 0.18007584
  vertex -0.085746564 0.09478018 0.18403071
  vertex -0.06504391 0.09817222 0.19061635
 endloop
endfacet
facet normal 0.8574479 0.25777784 0.44534674
 outer loop
  vertex 0.19760053 0.057334717 0.088709794
  vertex 0.18629614 0.067571804 0.104549214
  vertex 0.18629624 0.05699917 0.11066872
 endloop
endfacet
facet normal 0.85744786 0.2577779 0.44534674
 outer loop
  vertex 0.19760053 0.057334717 0.088709794
  vertex 0.18629624 0.05699917 0.11066872
  vertex 0.19760062 0.048363924 0.09390214
 endloop
endfacet
facet normal -0.24271742 0.4859626 0.83960027
 outer loop
  vertex -0.043715075 0.11928337 0.18456306
  vertex -0.0650441 0.11638303 0.18007584
  vertex -0.06504391 0.09817222 0.19061635
 endloop
endfacet
facet normal -0.24271737 0.48596257 0.8396003
 outer loop
  vertex -0.043715075 0.11928337 0.18456306
  vertex -0.06504391 0.09817222 0.19061635
  vertex -0.043714885 0.10061878 0.19536622
 endloop
endfacet
facet normal 0.9037838 0.21440567 0.37041208
 outer loop
  vertex 0.20700195 0.046545446 0.07201602
  vertex 0.19760053 0.057334717 0.088709794
  vertex 0.19760062 0.048363924 0.09390214
 endloop
endfacet
facet normal 0.9037837 0.21440603 0.37041202
 outer loop
  vertex 0.20700195 0.046545446 0.07201602
  vertex 0.19760062 0.048363924 0.09390214
  vertex 0.20700203 0.03926289 0.07623121
 endloop
endfacet
facet normal -0.14657381 0.4955327 0.85613286
 outer loop
  vertex -0.021965021 0.12103499 0.18727292
  vertex -0.043715075 0.11928337 0.18456306
  vertex -0.043714885 0.10061878 0.19536622
 endloop
endfacet
facet normal -0.14657302 0.49553207 0.8561334
 outer loop
  vertex -0.021965021 0.12103499 0.18727292
  vertex -0.043714885 0.10061878 0.19536622
  vertex -0.021964828 0.102096386 0.19823466
 endloop
endfacet
facet normal -0.9891529 0.07357158 0.12713663
 outer loop
  vertex -0.21975417 0.023723751 0.036711615
  vertex -0.22298017 0.011917565 0.018444614
  vertex -0.22298014 0.010052273 0.019524256
 endloop
endfacet
facet normal -0.9891531 0.07357707 0.12713227
 outer loop
  vertex -0.21975417 0.023723751 0.036711615
  vertex -0.22298014 0.010052273 0.019524256
  vertex -0.21975414 0.020011133 0.038860504
 endloop
endfacet
facet normal 0.94141006 0.16895804 0.29189116
 outer loop
  vertex 0.21440984 0.035307936 0.05462874
  vertex 0.20700195 0.046545446 0.07201602
  vertex 0.20700203 0.03926289 0.07623121
 endloop
endfacet
facet normal 0.94140995 0.16895865 0.29189092
 outer loop
  vertex 0.21440984 0.035307936 0.05462874
  vertex 0.20700203 0.03926289 0.07623121
  vertex 0.2144099 0.029783748 0.05782618
 endloop
endfacet
facet normal -0.049023196 0.50034076 0.8644396
 outer loop
  vertex -3.4335471e-06 0.12162095 0.18817922
  vertex -0.021965021 0.12103499 0.18727292
  vertex -0.021964828 0.102096386 0.19823466
 endloop
endfacet
facet normal -0.04902399 0.5003415 0.8644392
 outer loop
  vertex -3.4335471e-06 0.12162095 0.18817922
  vertex -0.021964828 0.102096386 0.19823466
  vertex -3.239918e-06 0.10259071 0.19919403
 endloop
endfacet
facet normal -0.9699659 0.12184461 0.21052344
 outer loop
  vertex -0.21441184 0.035301447 0.05462507
  vertex -0.21975417 0.023723751 0.036711615
  vertex -0.21975414 0.020011133 0.038860504
 endloop
endfacet
facet normal -0.9699657 0.1218428 0.2105251
 outer loop
  vertex -0.21441184 0.035301447 0.05462507
  vertex -0.21975414 0.020011133 0.038860504
  vertex -0.21441178 0.029777259 0.057822507
 endloop
endfacet
facet normal 0.9699585 0.1218731 0.21054107
 outer loop
  vertex 0.21975285 0.023730392 0.036715362
  vertex 0.21440984 0.035307936 0.05462874
  vertex 0.2144099 0.029783748 0.05782618
 endloop
endfacet
facet normal 0.96995866 0.1218705 0.21054187
 outer loop
  vertex 0.21975285 0.023730392 0.036715362
  vertex 0.2144099 0.029783748 0.05782618
  vertex 0.21975288 0.020017773 0.038864244
 endloop
endfacet
facet normal 0.048992734 0.50034297 0.8644401
 outer loop
  vertex 0.021958161 0.12103566 0.18727331
  vertex -3.4335471e-06 0.12162095 0.18817922
  vertex -3.239918e-06 0.10259071 0.19919403
 endloop
endfacet
facet normal 0.048993524 0.5003422 0.86444044
 outer loop
  vertex 0.021958161 0.12103566 0.18727331
  vertex -3.239918e-06 0.10259071 0.19919403
  vertex 0.021958355 0.10209706 0.19823505
 endloop
endfacet
facet normal -0.94142 0.16892931 0.29187563
 outer loop
  vertex -0.20700458 0.046539184 0.072012484
  vertex -0.21441184 0.035301447 0.05462507
  vertex -0.21441178 0.029777259 0.057822507
 endloop
endfacet
facet normal -0.94141996 0.16892952 0.29187527
 outer loop
  vertex -0.20700458 0.046539184 0.072012484
  vertex -0.21441178 0.029777259 0.057822507
  vertex -0.2070045 0.039256625 0.07622767
 endloop
endfacet
facet normal 0.98914874 0.07360339 0.12715073
 outer loop
  vertex 0.22297949 0.011924298 0.01844841
  vertex 0.21975285 0.023730392 0.036715362
  vertex 0.21975288 0.020017773 0.038864244
 endloop
endfacet
facet normal 0.9891487 0.073609784 0.1271482
 outer loop
  vertex 0.22297949 0.011924298 0.01844841
  vertex 0.21975288 0.020017773 0.038864244
  vertex 0.22297952 0.010059007 0.01952805
 endloop
endfacet
facet normal 0.14654478 0.49553642 0.8561357
 outer loop
  vertex 0.043708313 0.1192847 0.1845638
  vertex 0.021958161 0.12103566 0.18727331
  vertex 0.021958355 0.10209706 0.19823505
 endloop
endfacet
facet normal 0.14654401 0.4955372 0.85613537
 outer loop
  vertex 0.043708313 0.1192847 0.1845638
  vertex 0.021958355 0.10209706 0.19823505
  vertex 0.043708503 0.100620106 0.19536696
 endloop
endfacet
facet normal -0.903797 0.21437812 0.3703959
 outer loop
  vertex -0.19760379 0.057328723 0.088706404
  vertex -0.20700458 0.046539184 0.072012484
  vertex -0.2070045 0.039256625 0.07622767
 endloop
endfacet
facet normal -0.9037969 0.21437804 0.37039593
 outer loop
  vertex -0.19760379 0.057328723 0.088706404
  vertex -0.2070045 0.039256625 0.07622767
  vertex -0.1976037 0.048357934 0.09389874
 endloop
endfacet
facet normal 0.24268977 0.48596975 0.83960414
 outer loop
  vertex 0.06503753 0.11638498 0.18007691
  vertex 0.043708313 0.1192847 0.1845638
  vertex 0.043708503 0.100620106 0.19536696
 endloop
endfacet
facet normal 0.24268956 0.48597 0.8396041
 outer loop
  vertex 0.06503753 0.11638498 0.18007691
  vertex 0.043708503 0.100620106 0.19536696
  vertex 0.06503772 0.09817418 0.19061743
 endloop
endfacet
facet normal -0.7405573 0.2779977 0.6117941
 outer loop
  vertex -0.15843575 0.07254019 0.14085065
  vertex -0.17320181 0.06508025 0.12636657
  vertex -0.17320168 0.052380804 0.13213733
 endloop
endfacet
facet normal -0.74055725 0.27799752 0.6117944
 outer loop
  vertex -0.15843575 0.07254019 0.14085065
  vertex -0.17320168 0.052380804 0.13213733
  vertex -0.1584356 0.05838514 0.14728284
 endloop
endfacet
facet normal 0.51363456 0.35496348 0.78114045
 outer loop
  vertex 0.12447765 0.08530295 0.16562517
  vertex 0.105617665 0.09047853 0.17567457
  vertex 0.105617866 0.07282401 0.18369696
 endloop
endfacet
facet normal 0.51363397 0.35496432 0.78114045
 outer loop
  vertex 0.12447765 0.08530295 0.16562517
  vertex 0.105617866 0.07282401 0.18369696
  vertex 0.12447783 0.068658374 0.17318864
 endloop
endfacet
facet normal -0.6711259 0.3066883 0.67493135
 outer loop
  vertex -0.14214388 0.07930155 0.1539783
  vertex -0.15843575 0.07254019 0.14085065
  vertex -0.1584356 0.05838514 0.14728284
 endloop
endfacet
facet normal -0.67112494 0.30668706 0.67493284
 outer loop
  vertex -0.14214388 0.07930155 0.1539783
  vertex -0.1584356 0.05838514 0.14728284
  vertex -0.1421437 0.06382724 0.16100995
 endloop
endfacet
facet normal 0.5952248 0.3324389 0.731568
 outer loop
  vertex 0.14213884 0.07930584 0.15398072
  vertex 0.12447765 0.08530295 0.16562517
  vertex 0.12447783 0.068658374 0.17318864
 endloop
endfacet
facet normal 0.5952251 0.3324385 0.731568
 outer loop
  vertex 0.14213884 0.07930584 0.15398072
  vertex 0.12447783 0.068658374 0.17318864
  vertex 0.14213902 0.06383153 0.1610124
 endloop
endfacet
facet normal -0.59524727 0.33241916 0.7315587
 outer loop
  vertex -0.12448307 0.08529918 0.16562305
  vertex -0.14214388 0.07930155 0.1539783
  vertex -0.1421437 0.06382724 0.16100995
 endloop
endfacet
facet normal -0.5952484 0.33242035 0.7315573
 outer loop
  vertex -0.12448307 0.08529918 0.16562305
  vertex -0.1421437 0.06382724 0.16100995
  vertex -0.124482885 0.06865462 0.17318651
 endloop
endfacet
facet normal 0.6711043 0.30670875 0.67494357
 outer loop
  vertex 0.15843116 0.07254497 0.14085336
  vertex 0.14213884 0.07930584 0.15398072
  vertex 0.14213902 0.06383153 0.1610124
 endloop
endfacet
facet normal 0.67110455 0.3067082 0.67494357
 outer loop
  vertex 0.15843116 0.07254497 0.14085336
  vertex 0.14213902 0.06383153 0.1610124
  vertex 0.1584313 0.058389932 0.14728555
 endloop
endfacet
facet normal -0.5136587 0.3549483 0.7811315
 outer loop
  vertex -0.10562343 0.090475336 0.17567277
  vertex -0.12448307 0.08529918 0.16562305
  vertex -0.124482885 0.06865462 0.17318651
 endloop
endfacet
facet normal -0.51365787 0.35494757 0.7811324
 outer loop
  vertex -0.10562343 0.090475336 0.17567277
  vertex -0.124482885 0.06865462 0.17318651
  vertex -0.10562323 0.07282082 0.18369514
 endloop
endfacet
facet normal 0.7405386 0.27801904 0.6118071
 outer loop
  vertex 0.1731977 0.06508548 0.12636952
  vertex 0.15843116 0.07254497 0.14085336
  vertex 0.1584313 0.058389932 0.14728555
 endloop
endfacet
facet normal 0.7405385 0.2780194 0.6118071
 outer loop
  vertex 0.1731977 0.06508548 0.12636952
  vertex 0.1584313 0.058389932 0.14728555
  vertex 0.17319784 0.05238604 0.13214028
 endloop
endfacet
facet normal -0.4271474 0.37405595 0.8231812
 outer loop
  vertex -0.085746564 0.09478018 0.18403071
  vertex -0.10562343 0.090475336 0.17567277
  vertex -0.10562323 0.07282082 0.18369514
 endloop
endfacet
facet normal -0.42714748 0.374056 0.82318103
 outer loop
  vertex -0.085746564 0.09478018 0.18403071
  vertex -0.10562323 0.07282082 0.18369514
  vertex -0.085746355 0.07628572 0.19243476
 endloop
endfacet
facet normal 0.8028554 0.24664485 0.54276115
 outer loop
  vertex 0.18629624 0.05699917 0.11066872
  vertex 0.1731977 0.06508548 0.12636952
  vertex 0.17319784 0.05238604 0.13214028
 endloop
endfacet
facet normal 0.80285543 0.24664456 0.54276115
 outer loop
  vertex 0.18629624 0.05699917 0.11066872
  vertex 0.17319784 0.05238604 0.13214028
  vertex 0.18629636 0.04587763 0.115722455
 endloop
endfacet
facet normal -0.33654365 0.38956478 0.8573084
 outer loop
  vertex -0.06504391 0.09817222 0.19061635
  vertex -0.085746564 0.09478018 0.18403071
  vertex -0.085746355 0.07628572 0.19243476
 endloop
endfacet
facet normal -0.3365436 0.38956472 0.85730845
 outer loop
  vertex -0.06504391 0.09817222 0.19061635
  vertex -0.085746355 0.07628572 0.19243476
  vertex -0.065043695 0.07901594 0.19932114
 endloop
endfacet
facet normal 0.85744834 0.21288557 0.4684678
 outer loop
  vertex 0.19760062 0.048363924 0.09390214
  vertex 0.18629624 0.05699917 0.11066872
  vertex 0.18629636 0.04587763 0.115722455
 endloop
endfacet
facet normal 0.8574483 0.21288581 0.46846774
 outer loop
  vertex 0.19760062 0.048363924 0.09390214
  vertex 0.18629636 0.04587763 0.115722455
  vertex 0.19760072 0.038927384 0.098190196
 endloop
endfacet
facet normal -0.24271648 0.4013268 0.8831905
 outer loop
  vertex -0.043714885 0.10061878 0.19536622
  vertex -0.06504391 0.09817222 0.19061635
  vertex -0.065043695 0.07901594 0.19932114
 endloop
endfacet
facet normal -0.24271668 0.40132704 0.8831904
 outer loop
  vertex -0.043714885 0.10061878 0.19536622
  vertex -0.065043695 0.07901594 0.19932114
  vertex -0.04371466 0.08098519 0.2042879
 endloop
endfacet
facet normal 0.9037841 0.17706741 0.38964275
 outer loop
  vertex 0.20700203 0.03926289 0.07623121
  vertex 0.19760062 0.048363924 0.09390214
  vertex 0.19760072 0.038927384 0.098190196
 endloop
endfacet
facet normal 0.9037843 0.17706625 0.3896428
 outer loop
  vertex 0.20700203 0.03926289 0.07623121
  vertex 0.19760072 0.038927384 0.098190196
  vertex 0.2070021 0.031602237 0.07971229
 endloop
endfacet
facet normal -0.14657198 0.40923074 0.90058136
 outer loop
  vertex -0.021964828 0.102096386 0.19823466
  vertex -0.043714885 0.10061878 0.19536622
  vertex -0.04371466 0.08098519 0.2042879
 endloop
endfacet
facet normal -0.14657317 0.40923175 0.90058076
 outer loop
  vertex -0.021964828 0.102096386 0.19823466
  vertex -0.04371466 0.08098519 0.2042879
  vertex -0.021964604 0.08217455 0.20728736
 endloop
endfacet
facet normal -0.989153 0.060761947 0.13373251
 outer loop
  vertex -0.21975414 0.020011133 0.038860504
  vertex -0.22298014 0.010052273 0.019524256
  vertex -0.22298013 0.008090142 0.020415869
 endloop
endfacet
facet normal -0.9891529 0.060758866 0.13373452
 outer loop
  vertex -0.21975414 0.020011133 0.038860504
  vertex -0.22298013 0.008090142 0.020415869
  vertex -0.2197541 0.01610577 0.040635135
 endloop
endfacet
facet normal 0.94141024 0.13953374 0.30704582
 outer loop
  vertex 0.2144099 0.029783748 0.05782618
  vertex 0.20700203 0.03926289 0.07623121
  vertex 0.2070021 0.031602237 0.07971229
 endloop
endfacet
facet normal 0.94141024 0.13953416 0.30704576
 outer loop
  vertex 0.2144099 0.029783748 0.05782618
  vertex 0.2070021 0.031602237 0.07971229
  vertex 0.21440996 0.023972753 0.06046675
 endloop
endfacet
facet normal -0.04902313 0.41320327 0.9093183
 outer loop
  vertex -3.239918e-06 0.10259071 0.19919403
  vertex -0.021964828 0.102096386 0.19823466
  vertex -0.021964604 0.08217455 0.20728736
 endloop
endfacet
facet normal -0.049022492 0.41320267 0.90931857
 outer loop
  vertex -3.239918e-06 0.10259071 0.19919403
  vertex -0.021964604 0.08217455 0.20728736
  vertex -3.0149934e-06 0.08257246 0.20829052
 endloop
endfacet
facet normal -0.9699655 0.10062021 0.22145548
 outer loop
  vertex -0.21441178 0.029777259 0.057822507
  vertex -0.21975414 0.020011133 0.038860504
  vertex -0.2197541 0.01610577 0.040635135
 endloop
endfacet
facet normal -0.9699656 0.10062127 0.22145465
 outer loop
  vertex -0.21441178 0.029777259 0.057822507
  vertex -0.2197541 0.01610577 0.040635135
  vertex -0.21441172 0.02396627 0.06046308
 endloop
endfacet
facet normal 0.9699589 0.100648805 0.2214717
 outer loop
  vertex 0.21975288 0.020017773 0.038864244
  vertex 0.2144099 0.029783748 0.05782618
  vertex 0.21440996 0.023972753 0.06046675
 endloop
endfacet
facet normal 0.9699587 0.10065007 0.22147144
 outer loop
  vertex 0.21975288 0.020017773 0.038864244
  vertex 0.21440996 0.023972753 0.06046675
  vertex 0.21975292 0.016112411 0.040638883
 endloop
endfacet
facet normal 0.048994526 0.4132042 0.90931946
 outer loop
  vertex 0.021958355 0.10209706 0.19823505
  vertex -3.239918e-06 0.10259071 0.19919403
  vertex -3.0149934e-06 0.08257246 0.20829052
 endloop
endfacet
facet normal 0.04899389 0.41320476 0.9093192
 outer loop
  vertex 0.021958355 0.10209706 0.19823505
  vertex -3.0149934e-06 0.08257246 0.20829052
  vertex 0.021958578 0.08217522 0.20728774
 endloop
endfacet
facet normal -0.94141966 0.1395073 0.3070288
 outer loop
  vertex -0.2070045 0.039256625 0.07622767
  vertex -0.21441178 0.029777259 0.057822507
  vertex -0.21441172 0.02396627 0.06046308
 endloop
endfacet
facet normal -0.9414198 0.13950768 0.30702853
 outer loop
  vertex -0.2070045 0.039256625 0.07622767
  vertex -0.21441172 0.02396627 0.06046308
  vertex -0.20700443 0.031595975 0.07970875
 endloop
endfacet
facet normal 0.98914874 0.060789306 0.13375115
 outer loop
  vertex 0.22297952 0.010059007 0.01952805
  vertex 0.21975288 0.020017773 0.038864244
  vertex 0.21975292 0.016112411 0.040638883
 endloop
endfacet
facet normal 0.9891488 0.06078578 0.13375217
 outer loop
  vertex 0.22297952 0.010059007 0.01952805
  vertex 0.21975292 0.016112411 0.040638883
  vertex 0.22297953 0.008096875 0.020419663
 endloop
endfacet
facet normal 0.14654486 0.40923622 0.9005834
 outer loop
  vertex 0.043708503 0.100620106 0.19536696
  vertex 0.021958355 0.10209706 0.19823505
  vertex 0.021958578 0.08217522 0.20728774
 endloop
endfacet
facet normal 0.14654599 0.4092351 0.9005836
 outer loop
  vertex 0.043708503 0.100620106 0.19536696
  vertex 0.021958578 0.08217522 0.20728774
  vertex 0.043708727 0.080986515 0.20428865
 endloop
endfacet
facet normal -0.90379655 0.17704104 0.3896258
 outer loop
  vertex -0.1976037 0.048357934 0.09389874
  vertex -0.2070045 0.039256625 0.07622767
  vertex -0.20700443 0.031595975 0.07970875
 endloop
endfacet
facet normal -0.9037963 0.17704041 0.38962647
 outer loop
  vertex -0.1976037 0.048357934 0.09389874
  vertex -0.20700443 0.031595975 0.07970875
  vertex -0.1976036 0.038921393 0.098186806
 endloop
endfacet
facet normal 0.2426905 0.4013343 0.88319427
 outer loop
  vertex 0.06503772 0.09817418 0.19061743
  vertex 0.043708503 0.100620106 0.19536696
  vertex 0.043708727 0.080986515 0.20428865
 endloop
endfacet
facet normal 0.24268933 0.40133557 0.883194
 outer loop
  vertex 0.06503772 0.09817418 0.19061743
  vertex 0.043708727 0.080986515 0.20428865
  vertex 0.065037936 0.079017915 0.19932224
 endloop
endfacet
facet normal -0.85746247 0.21286058 0.4684533
 outer loop
  vertex -0.18629983 0.056993533 0.11066555
  vertex -0.1976037 0.048357934 0.09389874
  vertex -0.1976036 0.038921393 0.098186806
 endloop
endfacet
facet normal -0.85746235 0.21286042 0.46845353
 outer loop
  vertex -0.18629983 0.056993533 0.11066555
  vertex -0.1976036 0.038921393 0.098186806
  vertex -0.18629971 0.045871995 0.11571928
 endloop
endfacet
facet normal 0.3365158 0.38957644 0.85731393
 outer loop
  vertex 0.08574055 0.09478277 0.18403219
  vertex 0.06503772 0.09817418 0.19061743
  vertex 0.065037936 0.079017915 0.19932224
 endloop
endfacet
facet normal 0.33651656 0.3895757 0.85731405
 outer loop
  vertex 0.08574055 0.09478277 0.18403219
  vertex 0.065037936 0.079017915 0.19932224
  vertex 0.08574076 0.07628831 0.19243625
 endloop
endfacet
facet normal -0.80287224 0.2466207 0.54274714
 outer loop
  vertex -0.17320181 0.06508025 0.12636657
  vertex -0.18629983 0.056993533 0.11066555
  vertex -0.18629971 0.045871995 0.11571928
 endloop
endfacet
facet normal -0.8028725 0.24662112 0.5427466
 outer loop
  vertex -0.17320181 0.06508025 0.12636657
  vertex -0.18629971 0.045871995 0.11571928
  vertex -0.17320168 0.052380804 0.13213733
 endloop
endfacet
facet normal 0.42712286 0.37406936 0.82318777
 outer loop
  vertex 0.105617665 0.09047853 0.17567457
  vertex 0.08574055 0.09478277 0.18403219
  vertex 0.08574076 0.07628831 0.19243625
 endloop
endfacet
facet normal 0.42712298 0.37406924 0.8231878
 outer loop
  vertex 0.105617665 0.09047853 0.17567457
  vertex 0.08574076 0.07628831 0.19243625
  vertex 0.105617866 0.07282401 0.18369696
 endloop
endfacet
facet normal -0.59524757 0.2591134 0.7606185
 outer loop
  vertex -0.124482885 0.06865462 0.17318651
  vertex -0.1421437 0.06382724 0.16100995
  vertex -0.1421435 0.047738206 0.16649102
 endloop
endfacet
facet normal -0.59524727 0.25911304 0.7606189
 outer loop
  vertex -0.124482885 0.06865462 0.17318651
  vertex -0.1421435 0.047738206 0.16649102
  vertex -0.12448267 0.05134884 0.17908208
 endloop
endfacet
facet normal 0.67110527 0.23907575 0.7017553
 outer loop
  vertex 0.1584313 0.058389932 0.14728555
  vertex 0.14213902 0.06383153 0.1610124
  vertex 0.14213921 0.047742505 0.16649346
 endloop
endfacet
facet normal 0.6711047 0.23907684 0.7017554
 outer loop
  vertex 0.1584313 0.058389932 0.14728555
  vertex 0.14213921 0.047742505 0.16649346
  vertex 0.1584315 0.043672588 0.15229933
 endloop
endfacet
facet normal -0.513657 0.27667353 0.81216276
 outer loop
  vertex -0.10562323 0.07282082 0.18369514
  vertex -0.124482885 0.06865462 0.17318651
  vertex -0.12448267 0.05134884 0.17908208
 endloop
endfacet
facet normal -0.5136574 0.276674 0.8121623
 outer loop
  vertex -0.10562323 0.07282082 0.18369514
  vertex -0.12448267 0.05134884 0.17908208
  vertex -0.10562301 0.05446499 0.18994844
 endloop
endfacet
facet normal 0.74053925 0.2167144 0.6361104
 outer loop
  vertex 0.17319784 0.05238604 0.13214028
  vertex 0.1584313 0.058389932 0.14728555
  vertex 0.1584315 0.043672588 0.15229933
 endloop
endfacet
facet normal 0.7405395 0.21671371 0.63611037
 outer loop
  vertex 0.17319784 0.05238604 0.13214028
  vertex 0.1584315 0.043672588 0.15229933
  vertex 0.173198 0.039182115 0.13663848
 endloop
endfacet
facet normal -0.42714652 0.29156896 0.85588163
 outer loop
  vertex -0.085746355 0.07628572 0.19243476
  vertex -0.10562323 0.07282082 0.18369514
  vertex -0.10562301 0.05446499 0.18994844
 endloop
endfacet
facet normal -0.42714638 0.29156882 0.85588175
 outer loop
  vertex -0.085746355 0.07628572 0.19243476
  vertex -0.10562301 0.05446499 0.18994844
  vertex -0.085746124 0.05705659 0.19898556
 endloop
endfacet
facet normal 0.8028561 0.19225816 0.5643217
 outer loop
  vertex 0.18629636 0.04587763 0.115722455
  vertex 0.17319784 0.05238604 0.13214028
  vertex 0.173198 0.039182115 0.13663848
 endloop
endfacet
facet normal 0.8028559 0.19225869 0.56432176
 outer loop
  vertex 0.18629636 0.04587763 0.115722455
  vertex 0.173198 0.039182115 0.13663848
  vertex 0.18629651 0.034314293 0.119661756
 endloop
endfacet
facet normal -0.33654258 0.30365792 0.8913647
 outer loop
  vertex -0.065043695 0.07901594 0.19932114
  vertex -0.085746355 0.07628572 0.19243476
  vertex -0.085746124 0.05705659 0.19898556
 endloop
endfacet
facet normal -0.33654344 0.30365872 0.89136404
 outer loop
  vertex -0.065043695 0.07901594 0.19932114
  vertex -0.085746124 0.05705659 0.19898556
  vertex -0.06504346 0.059098706 0.20610638
 endloop
endfacet
facet normal 0.85744894 0.16594432 0.487077
 outer loop
  vertex 0.19760072 0.038927384 0.098190196
  vertex 0.18629636 0.04587763 0.115722455
  vertex 0.18629651 0.034314293 0.119661756
 endloop
endfacet
facet normal 0.8574491 0.16594318 0.48707682
 outer loop
  vertex 0.19760072 0.038927384 0.098190196
  vertex 0.18629651 0.034314293 0.119661756
  vertex 0.19760084 0.029115977 0.10153265
 endloop
endfacet
facet normal -0.24271561 0.3128275 0.9182745
 outer loop
  vertex -0.04371466 0.08098519 0.2042879
  vertex -0.065043695 0.07901594 0.19932114
  vertex -0.06504346 0.059098706 0.20610638
 endloop
endfacet
facet normal -0.24271545 0.31282735 0.91827464
 outer loop
  vertex -0.04371466 0.08098519 0.2042879
  vertex -0.06504346 0.059098706 0.20610638
  vertex -0.04371441 0.060571667 0.21124221
 endloop
endfacet
facet normal 0.90378475 0.1380236 0.40512058
 outer loop
  vertex 0.2070021 0.031602237 0.07971229
  vertex 0.19760072 0.038927384 0.098190196
  vertex 0.19760084 0.029115977 0.10153265
 endloop
endfacet
facet normal 0.90378463 0.13802427 0.4051206
 outer loop
  vertex 0.2070021 0.031602237 0.07971229
  vertex 0.19760084 0.029115977 0.10153265
  vertex 0.20700221 0.023637263 0.08242571
 endloop
endfacet
facet normal -0.14657201 0.31898847 0.93635625
 outer loop
  vertex -0.021964604 0.08217455 0.20728736
  vertex -0.04371466 0.08098519 0.2042879
  vertex -0.04371441 0.060571667 0.21124221
 endloop
endfacet
facet normal -0.14657122 0.31898767 0.9363566
 outer loop
  vertex -0.021964604 0.08217455 0.20728736
  vertex -0.04371441 0.060571667 0.21124221
  vertex -0.02196435 0.061461303 0.21434376
 endloop
endfacet
facet normal -0.98915267 0.04735522 0.13904813
 outer loop
  vertex -0.2197541 0.01610577 0.040635135
  vertex -0.22298013 0.008090142 0.020415869
  vertex -0.2229801 0.0060500633 0.021110864
 endloop
endfacet
facet normal -0.98915267 0.04735529 0.13904813
 outer loop
  vertex -0.2197541 0.01610577 0.040635135
  vertex -0.2229801 0.0060500633 0.021110864
  vertex -0.21975404 0.012045262 0.042018436
 endloop
endfacet
facet normal 0.9414105 0.10876856 0.31924224
 outer loop
  vertex 0.21440996 0.023972753 0.06046675
  vertex 0.2070021 0.031602237 0.07971229
  vertex 0.20700221 0.023637263 0.08242571
 endloop
endfacet
facet normal 0.9414106 0.10876801 0.3192423
 outer loop
  vertex 0.21440996 0.023972753 0.06046675
  vertex 0.20700221 0.023637263 0.08242571
  vertex 0.21441004 0.017930921 0.06252503
 endloop
endfacet
facet normal -0.04902155 0.32208377 0.9454411
 outer loop
  vertex -3.0149934e-06 0.08257246 0.20829052
  vertex -0.021964604 0.08217455 0.20728736
  vertex -0.02196435 0.061461303 0.21434376
 endloop
endfacet
facet normal -0.049021486 0.32208365 0.9454411
 outer loop
  vertex -3.0149934e-06 0.08257246 0.20829052
  vertex -0.02196435 0.061461303 0.21434376
  vertex -2.7609397e-06 0.061759003 0.21538106
 endloop
endfacet
facet normal -0.9699652 0.078426614 0.23025332
 outer loop
  vertex -0.21441172 0.02396627 0.06046308
  vertex -0.2197541 0.01610577 0.040635135
  vertex -0.21975404 0.012045262 0.042018436
 endloop
endfacet
facet normal -0.9699654 0.07842846 0.23025215
 outer loop
  vertex -0.21441172 0.02396627 0.06046308
  vertex -0.21975404 0.012045262 0.042018436
  vertex -0.21441165 0.017924437 0.06252136
 endloop
endfacet
facet normal 0.96995896 0.07845791 0.23026916
 outer loop
  vertex 0.21975292 0.016112411 0.040638883
  vertex 0.21440996 0.023972753 0.06046675
  vertex 0.21441004 0.017930921 0.06252503
 endloop
endfacet
facet normal 0.96995896 0.07846032 0.23026894
 outer loop
  vertex 0.21975292 0.016112411 0.040638883
  vertex 0.21441004 0.017930921 0.06252503
  vertex 0.21975298 0.012051903 0.042022184
 endloop
endfacet
facet normal 0.048995093 0.32208517 0.945442
 outer loop
  vertex 0.021958578 0.08217522 0.20728774
  vertex -3.0149934e-06 0.08257246 0.20829052
  vertex -2.7609397e-06 0.061759003 0.21538106
 endloop
endfacet
facet normal 0.04899514 0.3220851 0.9454421
 outer loop
  vertex 0.021958578 0.08217522 0.20728774
  vertex -2.7609397e-06 0.061759003 0.21538106
  vertex 0.021958832 0.061461966 0.21434414
 endloop
endfacet
facet normal -0.94141936 0.1087397 0.31922594
 outer loop
  vertex -0.20700443 0.031595975 0.07970875
  vertex -0.21441172 0.02396627 0.06046308
  vertex -0.21441165 0.017924437 0.06252136
 endloop
endfacet
facet normal -0.94141924 0.10873864 0.3192267
 outer loop
  vertex -0.20700443 0.031595975 0.07970875
  vertex -0.21441165 0.017924437 0.06252136
  vertex -0.20700432 0.023631008 0.082422175
 endloop
endfacet
facet normal 0.989149 0.04738936 0.13906297
 outer loop
  vertex 0.22297953 0.008096875 0.020419663
  vertex 0.21975292 0.016112411 0.040638883
  vertex 0.21975298 0.012051903 0.042022184
 endloop
endfacet
facet normal 0.98914903 0.047389135 0.13906303
 outer loop
  vertex 0.22297953 0.008096875 0.020419663
  vertex 0.21975298 0.012051903 0.042022184
  vertex 0.22297956 0.006056798 0.021114657
 endloop
endfacet
facet normal 0.14654694 0.31899196 0.936359
 outer loop
  vertex 0.043708727 0.080986515 0.20428865
  vertex 0.021958578 0.08217522 0.20728774
  vertex 0.021958832 0.061461966 0.21434414
 endloop
endfacet
facet normal 0.14654616 0.31899276 0.9363588
 outer loop
  vertex 0.043708727 0.080986515 0.20428865
  vertex 0.021958832 0.061461966 0.21434414
  vertex 0.043708976 0.060572986 0.21124296
 endloop
endfacet
facet normal -0.9037959 0.13799544 0.40510517
 outer loop
  vertex -0.1976036 0.038921393 0.098186806
  vertex -0.20700443 0.031595975 0.07970875
  vertex -0.20700432 0.023631008 0.082422175
 endloop
endfacet
facet normal -0.903796 0.13799596 0.4051047
 outer loop
  vertex -0.1976036 0.038921393 0.098186806
  vertex -0.20700432 0.023631008 0.082422175
  vertex -0.19760348 0.02910999 0.101529256
 endloop
endfacet
facet normal 0.24269035 0.3128346 0.91827875
 outer loop
  vertex 0.065037936 0.079017915 0.19932224
  vertex 0.043708727 0.080986515 0.20428865
  vertex 0.043708976 0.060572986 0.21124296
 endloop
endfacet
facet normal 0.24269162 0.31283322 0.9182789
 outer loop
  vertex 0.065037936 0.079017915 0.19932224
  vertex 0.043708976 0.060572986 0.21124296
  vertex 0.065038174 0.059100665 0.20610745
 endloop
endfacet
facet normal -0.85746175 0.16591737 0.4870633
 outer loop
  vertex -0.18629971 0.045871995 0.11571928
  vertex -0.1976036 0.038921393 0.098186806
  vertex -0.19760348 0.02910999 0.101529256
 endloop
endfacet
facet normal -0.8574618 0.16591756 0.48706314
 outer loop
  vertex -0.18629971 0.045871995 0.11571928
  vertex -0.19760348 0.02910999 0.101529256
  vertex -0.18629956 0.03430866 0.11965858
 endloop
endfacet
facet normal 0.3365175 0.30366755 0.8913709
 outer loop
  vertex 0.08574076 0.07628831 0.19243625
  vertex 0.065037936 0.079017915 0.19932224
  vertex 0.065038174 0.059100665 0.20610745
 endloop
endfacet
facet normal 0.3365172 0.3036679 0.89137083
 outer loop
  vertex 0.08574076 0.07628831 0.19243625
  vertex 0.065038174 0.059100665 0.20610745
  vertex 0.08574099 0.05705917 0.19898705
 endloop
endfacet
facet normal -0.8028718 0.19223332 0.5643077
 outer loop
  vertex -0.17320168 0.052380804 0.13213733
  vertex -0.18629971 0.045871995 0.11571928
  vertex -0.18629956 0.03430866 0.11965858
 endloop
endfacet
facet normal -0.8028719 0.19223341 0.5643076
 outer loop
  vertex -0.17320168 0.052380804 0.13213733
  vertex -0.18629956 0.03430866 0.11965858
  vertex -0.17320152 0.039176878 0.13663553
 endloop
endfacet
facet normal 0.42712393 0.29158124 0.8558888
 outer loop
  vertex 0.105617866 0.07282401 0.18369696
  vertex 0.08574076 0.07628831 0.19243625
  vertex 0.08574099 0.05705917 0.19898705
 endloop
endfacet
facet normal 0.42712352 0.29158178 0.8558888
 outer loop
  vertex 0.105617866 0.07282401 0.18369696
  vertex 0.08574099 0.05705917 0.19898705
  vertex 0.10561809 0.054468177 0.18995026
 endloop
endfacet
facet normal -0.74055654 0.2166912 0.6360982
 outer loop
  vertex -0.1584356 0.05838514 0.14728284
  vertex -0.17320168 0.052380804 0.13213733
  vertex -0.17320152 0.039176878 0.13663553
 endloop
endfacet
facet normal -0.7405563 0.21669084 0.63609856
 outer loop
  vertex -0.1584356 0.05838514 0.14728284
  vertex -0.17320152 0.039176878 0.13663553
  vertex -0.1584354 0.043667797 0.15229662
 endloop
endfacet
facet normal 0.5136349 0.27668956 0.8121712
 outer loop
  vertex 0.12447783 0.068658374 0.17318864
  vertex 0.105617866 0.07282401 0.18369696
  vertex 0.10561809 0.054468177 0.18995026
 endloop
endfacet
facet normal 0.51363546 0.27668878 0.81217116
 outer loop
  vertex 0.12447783 0.068658374 0.17318864
  vertex 0.10561809 0.054468177 0.18995026
  vertex 0.12447805 0.05135261 0.1790842
 endloop
endfacet
facet normal -0.67112404 0.23905541 0.70174426
 outer loop
  vertex -0.1421437 0.06382724 0.16100995
  vertex -0.1584356 0.05838514 0.14728284
  vertex -0.1584354 0.043667797 0.15229662
 endloop
endfacet
facet normal -0.6711242 0.23905568 0.7017441
 outer loop
  vertex -0.1421437 0.06382724 0.16100995
  vertex -0.1584354 0.043667797 0.15229662
  vertex -0.1421435 0.047738206 0.16649102
 endloop
endfacet
facet normal 0.595226 0.25913107 0.7606294
 outer loop
  vertex 0.14213902 0.06383153 0.1610124
  vertex 0.12447783 0.068658374 0.17318864
  vertex 0.12447805 0.05135261 0.1790842
 endloop
endfacet
facet normal 0.5952257 0.25913158 0.7606295
 outer loop
  vertex 0.14213902 0.06383153 0.1610124
  vertex 0.12447805 0.05135261 0.1790842
  vertex 0.14213921 0.047742505 0.16649346
 endloop
endfacet
facet normal -0.4271453 0.20627369 0.8803397
 outer loop
  vertex -0.085746124 0.05705659 0.19898556
  vertex -0.10562301 0.05446499 0.18994844
  vertex -0.10562276 0.03558462 0.19437245
 endloop
endfacet
facet normal -0.42714518 0.20627354 0.8803398
 outer loop
  vertex -0.085746124 0.05705659 0.19898556
  vertex -0.10562276 0.03558462 0.19437245
  vertex -0.08574586 0.03727795 0.20362005
 endloop
endfacet
facet normal 0.8028566 0.13601963 0.58044803
 outer loop
  vertex 0.18629651 0.034314293 0.119661756
  vertex 0.173198 0.039182115 0.13663848
  vertex 0.17319818 0.025600871 0.1398208
 endloop
endfacet
facet normal 0.8028568 0.13601914 0.5804479
 outer loop
  vertex 0.18629651 0.034314293 0.119661756
  vertex 0.17319818 0.025600871 0.1398208
  vertex 0.18629666 0.022420514 0.122448675
 endloop
endfacet
facet normal -0.33654237 0.21482654 0.9168363
 outer loop
  vertex -0.06504346 0.059098706 0.20610638
  vertex -0.085746124 0.05705659 0.19898556
  vertex -0.08574586 0.03727795 0.20362005
 endloop
endfacet
facet normal -0.3365422 0.21482632 0.91683644
 outer loop
  vertex -0.06504346 0.059098706 0.20610638
  vertex -0.08574586 0.03727795 0.20362005
  vertex -0.06504319 0.038612306 0.2109067
 endloop
endfacet
facet normal 0.8574497 0.11740274 0.50099564
 outer loop
  vertex 0.19760084 0.029115977 0.10153265
  vertex 0.18629651 0.034314293 0.119661756
  vertex 0.18629666 0.022420514 0.122448675
 endloop
endfacet
facet normal 0.85744953 0.11740351 0.50099576
 outer loop
  vertex 0.19760084 0.029115977 0.10153265
  vertex 0.18629666 0.022420514 0.122448675
  vertex 0.19760098 0.019024203 0.10389733
 endloop
endfacet
facet normal -0.24271421 0.22131331 0.9445159
 outer loop
  vertex -0.04371441 0.060571667 0.21124221
  vertex -0.06504346 0.059098706 0.20610638
  vertex -0.06504319 0.038612306 0.2109067
 endloop
endfacet
facet normal -0.24271475 0.2213138 0.9445156
 outer loop
  vertex -0.04371441 0.060571667 0.21124221
  vertex -0.06504319 0.038612306 0.2109067
  vertex -0.04371414 0.039574783 0.21616216
 endloop
endfacet
facet normal 0.9037851 0.09765152 0.4166973
 outer loop
  vertex 0.20700221 0.023637263 0.08242571
  vertex 0.19760084 0.029115977 0.10153265
  vertex 0.19760098 0.019024203 0.10389733
 endloop
endfacet
facet normal 0.9037852 0.09765093 0.41669723
 outer loop
  vertex 0.20700221 0.023637263 0.08242571
  vertex 0.19760098 0.019024203 0.10389733
  vertex 0.20700231 0.015444688 0.08434538
 endloop
endfacet
facet normal -0.14657001 0.22567303 0.9631142
 outer loop
  vertex -0.02196435 0.061461303 0.21434376
  vertex -0.04371441 0.060571667 0.21124221
  vertex -0.04371414 0.039574783 0.21616216
 endloop
endfacet
facet normal -0.14656962 0.22567263 0.9631143
 outer loop
  vertex -0.02196435 0.061461303 0.21434376
  vertex -0.04371414 0.039574783 0.21616216
  vertex -0.021964071 0.040156145 0.21933593
 endloop
endfacet
facet normal -0.98915255 0.033498276 0.14302155
 outer loop
  vertex -0.21975404 0.012045262 0.042018436
  vertex -0.2229801 0.0060500633 0.021110864
  vertex -0.22298007 0.0039516874 0.021602549
 endloop
endfacet
facet normal -0.98915255 0.033501755 0.14302021
 outer loop
  vertex -0.21975404 0.012045262 0.042018436
  vertex -0.22298007 0.0039516874 0.021602549
  vertex -0.219754 0.00786872 0.042997077
 endloop
endfacet
facet normal 0.94141096 0.07695366 0.3283649
 outer loop
  vertex 0.21441004 0.017930921 0.06252503
  vertex 0.20700221 0.023637263 0.08242571
  vertex 0.20700231 0.015444688 0.08434538
 endloop
endfacet
facet normal 0.941411 0.07695295 0.3283649
 outer loop
  vertex 0.21441004 0.017930921 0.06252503
  vertex 0.20700231 0.015444688 0.08434538
  vertex 0.21441011 0.011716434 0.06398119
 endloop
endfacet
facet normal -0.049020376 0.22786339 0.9724584
 outer loop
  vertex -2.7609397e-06 0.061759003 0.21538106
  vertex -0.02196435 0.061461303 0.21434376
  vertex -0.021964071 0.040156145 0.21933593
 endloop
endfacet
facet normal -0.049020607 0.22786362 0.9724583
 outer loop
  vertex -2.7609397e-06 0.061759003 0.21538106
  vertex -0.021964071 0.040156145 0.21933593
  vertex -2.4802034e-06 0.04035078 0.22039738
 endloop
endfacet
facet normal -0.96996516 0.055483624 0.23683149
 outer loop
  vertex -0.21441165 0.017924437 0.06252136
  vertex -0.21975404 0.012045262 0.042018436
  vertex -0.219754 0.00786872 0.042997077
 endloop
endfacet
facet normal -0.9699651 0.055482548 0.236832
 outer loop
  vertex -0.21441165 0.017924437 0.06252136
  vertex -0.219754 0.00786872 0.042997077
  vertex -0.21441157 0.01170995 0.06397753
 endloop
endfacet
facet normal 0.9699592 0.05550973 0.23684989
 outer loop
  vertex 0.21975298 0.012051903 0.042022184
  vertex 0.21441004 0.017930921 0.06252503
  vertex 0.21441011 0.011716434 0.06398119
 endloop
endfacet
facet normal 0.96995926 0.05550852 0.23684989
 outer loop
  vertex 0.21975298 0.012051903 0.042022184
  vertex 0.21441011 0.011716434 0.06398119
  vertex 0.21975303 0.007875361 0.04300082
 endloop
endfacet
facet normal 0.0489964 0.22786511 0.9724592
 outer loop
  vertex 0.021958832 0.061461966 0.21434414
  vertex -2.7609397e-06 0.061759003 0.21538106
  vertex -2.4802034e-06 0.04035078 0.22039738
 endloop
endfacet
facet normal 0.04899662 0.22786489 0.9724592
 outer loop
  vertex 0.021958832 0.061461966 0.21434414
  vertex -2.4802034e-06 0.04035078 0.22039738
  vertex 0.021959111 0.040156808 0.21933632
 endloop
endfacet
facet normal -0.9414188 0.07692697 0.3283486
 outer loop
  vertex -0.20700432 0.023631008 0.082422175
  vertex -0.21441165 0.017924437 0.06252136
  vertex -0.21441157 0.01170995 0.06397753
 endloop
endfacet
facet normal -0.9414187 0.0769257 0.32834935
 outer loop
  vertex -0.20700432 0.023631008 0.082422175
  vertex -0.21441157 0.01170995 0.06397753
  vertex -0.20700422 0.015438427 0.08434183
 endloop
endfacet
facet normal 0.9891492 0.033526905 0.14303796
 outer loop
  vertex 0.22297956 0.006056798 0.021114657
  vertex 0.21975298 0.012051903 0.042022184
  vertex 0.21975303 0.007875361 0.04300082
 endloop
endfacet
facet normal 0.98914915 0.03353035 0.14303766
 outer loop
  vertex 0.22297956 0.006056798 0.021114657
  vertex 0.21975303 0.007875361 0.04300082
  vertex 0.22297959 0.0039584227 0.021606343
 endloop
endfacet
facet normal 0.14654735 0.22567706 0.9631167
 outer loop
  vertex 0.043708976 0.060572986 0.21124296
  vertex 0.021958832 0.061461966 0.21434414
  vertex 0.021959111 0.040156808 0.21933632
 endloop
endfacet
facet normal 0.14654699 0.22567737 0.96311665
 outer loop
  vertex 0.043708976 0.060572986 0.21124296
  vertex 0.021959111 0.040156808 0.21933632
  vertex 0.04370925 0.039576102 0.2161629
 endloop
endfacet
facet normal -0.9037955 0.09762379 0.41668126
 outer loop
  vertex -0.19760348 0.02910999 0.101529256
  vertex -0.20700432 0.023631008 0.082422175
  vertex -0.20700422 0.015438427 0.08434183
 endloop
endfacet
facet normal -0.90379554 0.09762377 0.41668123
 outer loop
  vertex -0.19760348 0.02910999 0.101529256
  vertex -0.20700422 0.015438427 0.08434183
  vertex -0.19760334 0.01901822 0.103893936
 endloop
endfacet
facet normal 0.24269275 0.22132103 0.9445196
 outer loop
  vertex 0.065038174 0.059100665 0.20610745
  vertex 0.043708976 0.060572986 0.21124296
  vertex 0.04370925 0.039576102 0.2161629
 endloop
endfacet
facet normal 0.24269192 0.22132191 0.9445196
 outer loop
  vertex 0.065038174 0.059100665 0.20610745
  vertex 0.04370925 0.039576102 0.2161629
  vertex 0.06503844 0.038614266 0.2109078
 endloop
endfacet
facet normal -0.8574612 0.1173775 0.5009818
 outer loop
  vertex -0.18629956 0.03430866 0.11965858
  vertex -0.19760348 0.02910999 0.101529256
  vertex -0.19760334 0.01901822 0.103893936
 endloop
endfacet
facet normal -0.85746133 0.11737792 0.5009815
 outer loop
  vertex -0.18629956 0.03430866 0.11965858
  vertex -0.19760334 0.01901822 0.103893936
  vertex -0.18629941 0.022414878 0.1224455
 endloop
endfacet
facet normal 0.3365183 0.21483788 0.91684246
 outer loop
  vertex 0.08574099 0.05705917 0.19898705
  vertex 0.065038174 0.059100665 0.20610745
  vertex 0.06503844 0.038614266 0.2109078
 endloop
endfacet
facet normal 0.3365197 0.21483615 0.91684234
 outer loop
  vertex 0.08574099 0.05705917 0.19898705
  vertex 0.06503844 0.038614266 0.2109078
  vertex 0.08574125 0.037280537 0.20362152
 endloop
endfacet
facet normal -0.80287117 0.13599558 0.5804335
 outer loop
  vertex -0.17320152 0.039176878 0.13663553
  vertex -0.18629956 0.03430866 0.11965858
  vertex -0.18629941 0.022414878 0.1224455
 endloop
endfacet
facet normal -0.802871 0.13599521 0.58043385
 outer loop
  vertex -0.17320152 0.039176878 0.13663553
  vertex -0.18629941 0.022414878 0.1224455
  vertex -0.17320134 0.025595637 0.13981785
 endloop
endfacet
facet normal 0.42712465 0.20628588 0.8803469
 outer loop
  vertex 0.10561809 0.054468177 0.18995026
  vertex 0.08574099 0.05705917 0.19898705
  vertex 0.08574125 0.037280537 0.20362152
 endloop
endfacet
facet normal 0.42712432 0.20628633 0.880347
 outer loop
  vertex 0.10561809 0.054468177 0.18995026
  vertex 0.08574125 0.037280537 0.20362152
  vertex 0.105618335 0.035587795 0.19437426
 endloop
endfacet
facet normal -0.7405556 0.15329854 0.65427595
 outer loop
  vertex -0.1584354 0.043667797 0.15229662
  vertex -0.17320152 0.039176878 0.13663553
  vertex -0.17320134 0.025595637 0.13981785
 endloop
endfacet
facet normal -0.7405556 0.15329859 0.6542759
 outer loop
  vertex -0.1584354 0.043667797 0.15229662
  vertex -0.17320134 0.025595637 0.13981785
  vertex -0.15843521 0.028529888 0.15584369
 endloop
endfacet
facet normal 0.5136364 0.19575085 0.8353797
 outer loop
  vertex 0.12447805 0.05135261 0.1790842
  vertex 0.10561809 0.054468177 0.18995026
  vertex 0.105618335 0.035587795 0.19437426
 endloop
endfacet
facet normal 0.5136363 0.195751 0.8353797
 outer loop
  vertex 0.12447805 0.05135261 0.1790842
  vertex 0.105618335 0.035587795 0.19437426
  vertex 0.12447828 0.033552315 0.18325512
 endloop
endfacet
facet normal -0.67112327 0.169121 0.7217976
 outer loop
  vertex -0.1421435 0.047738206 0.16649102
  vertex -0.1584354 0.043667797 0.15229662
  vertex -0.15843521 0.028529888 0.15584369
 endloop
endfacet
facet normal -0.671123 0.16912071 0.7217977
 outer loop
  vertex -0.1421435 0.047738206 0.16649102
  vertex -0.15843521 0.028529888 0.15584369
  vertex -0.14214328 0.031189417 0.17036869
 endloop
endfacet
facet normal 0.59522665 0.18332979 0.78236526
 outer loop
  vertex 0.14213921 0.047742505 0.16649346
  vertex 0.12447805 0.05135261 0.1790842
  vertex 0.12447828 0.033552315 0.18325512
 endloop
endfacet
facet normal 0.5952266 0.18332991 0.78236526
 outer loop
  vertex 0.14213921 0.047742505 0.16649346
  vertex 0.12447828 0.033552315 0.18325512
  vertex 0.14213943 0.03119372 0.17037113
 endloop
endfacet
facet normal -0.5952464 0.18331128 0.78235465
 outer loop
  vertex -0.12448267 0.05134884 0.17908208
  vertex -0.1421435 0.047738206 0.16649102
  vertex -0.14214328 0.031189417 0.17036869
 endloop
endfacet
facet normal -0.5952467 0.18331169 0.7823543
 outer loop
  vertex -0.12448267 0.05134884 0.17908208
  vertex -0.14214328 0.031189417 0.17036869
  vertex -0.12448244 0.033548538 0.183253
 endloop
endfacet
facet normal 0.6711055 0.16914156 0.7218091
 outer loop
  vertex 0.1584315 0.043672588 0.15229933
  vertex 0.14213921 0.047742505 0.16649346
  vertex 0.14213943 0.03119372 0.17037113
 endloop
endfacet
facet normal 0.6711059 0.16914077 0.72180897
 outer loop
  vertex 0.1584315 0.043672588 0.15229933
  vertex 0.14213943 0.03119372 0.17037113
  vertex 0.1584317 0.028534675 0.1558464
 endloop
endfacet
facet normal -0.51365626 0.19573551 0.83537114
 outer loop
  vertex -0.10562301 0.05446499 0.18994844
  vertex -0.12448267 0.05134884 0.17908208
  vertex -0.12448244 0.033548538 0.183253
 endloop
endfacet
facet normal -0.5136563 0.19573557 0.8353711
 outer loop
  vertex -0.10562301 0.05446499 0.18994844
  vertex -0.12448244 0.033548538 0.183253
  vertex -0.10562276 0.03558462 0.19437245
 endloop
endfacet
facet normal 0.7405404 0.15332037 0.654288
 outer loop
  vertex 0.173198 0.039182115 0.13663848
  vertex 0.1584315 0.043672588 0.15229933
  vertex 0.1584317 0.028534675 0.1558464
 endloop
endfacet
facet normal 0.7405402 0.15332088 0.6542882
 outer loop
  vertex 0.173198 0.039182115 0.13663848
  vertex 0.1584317 0.028534675 0.1558464
  vertex 0.17319818 0.025600871 0.1398208
 endloop
endfacet
facet normal -0.24271345 0.1276693 0.9616604
 outer loop
  vertex -0.04371414 0.039574783 0.21616216
  vertex -0.06504319 0.038612306 0.2109067
  vertex -0.0650429 0.017754033 0.2136759
 endloop
endfacet
facet normal -0.24271302 0.12766886 0.96166056
 outer loop
  vertex -0.04371414 0.039574783 0.21616216
  vertex -0.0650429 0.017754033 0.2136759
  vertex -0.043713838 0.01819677 0.21900035
 endloop
endfacet
facet normal 0.9037858 0.056338936 0.4242608
 outer loop
  vertex 0.20700231 0.015444688 0.08434538
  vertex 0.19760098 0.019024203 0.10389733
  vertex 0.19760112 0.008749245 0.10526146
 endloop
endfacet
facet normal 0.9037858 0.056338478 0.42426065
 outer loop
  vertex 0.20700231 0.015444688 0.08434538
  vertex 0.19760112 0.008749245 0.10526146
  vertex 0.20700243 0.007103405 0.08545278
 endloop
endfacet
facet normal -0.14656833 0.1301842 0.98059666
 outer loop
  vertex -0.021964071 0.040156145 0.21933593
  vertex -0.04371414 0.039574783 0.21616216
  vertex -0.043713838 0.01819677 0.21900035
 endloop
endfacet
facet normal -0.14656933 0.13018522 0.98059636
 outer loop
  vertex -0.021964071 0.040156145 0.21933593
  vertex -0.043713838 0.01819677 0.21900035
  vertex -0.02196377 0.018464256 0.22221582
 endloop
endfacet
facet normal -0.98915243 0.019318739 0.14561689
 outer loop
  vertex -0.219754 0.00786872 0.042997077
  vertex -0.22298007 0.0039516874 0.021602549
  vertex -0.22298004 0.001815222 0.021886192
 endloop
endfacet
facet normal -0.98915243 0.019318622 0.14561692
 outer loop
  vertex -0.219754 0.00786872 0.042997077
  vertex -0.22298004 0.001815222 0.021886192
  vertex -0.21975394 0.0036163665 0.04356163
 endloop
endfacet
facet normal 0.9414115 0.044398982 0.334325
 outer loop
  vertex 0.21441011 0.011716434 0.06398119
  vertex 0.20700231 0.015444688 0.08434538
  vertex 0.20700243 0.007103405 0.08545278
 endloop
endfacet
facet normal 0.94141144 0.044399384 0.33432505
 outer loop
  vertex 0.21441011 0.011716434 0.06398119
  vertex 0.20700243 0.007103405 0.08545278
  vertex 0.2144102 0.005389138 0.06482122
 endloop
endfacet
facet normal -0.04901929 0.13144965 0.99011016
 outer loop
  vertex -2.4802034e-06 0.04035078 0.22039738
  vertex -0.021964071 0.040156145 0.21933593
  vertex -0.02196377 0.018464256 0.22221582
 endloop
endfacet
facet normal -0.049018495 0.13144888 0.99011034
 outer loop
  vertex -2.4802034e-06 0.04035078 0.22039738
  vertex -0.02196377 0.018464256 0.22221582
  vertex -2.175488e-06 0.018553928 0.22329119
 endloop
endfacet
facet normal -0.9699648 0.031999588 0.24113134
 outer loop
  vertex -0.21441157 0.01170995 0.06397753
  vertex -0.219754 0.00786872 0.042997077
  vertex -0.21975394 0.0036163665 0.04356163
 endloop
endfacet
facet normal -0.96996474 0.031999353 0.24113144
 outer loop
  vertex -0.21441157 0.01170995 0.06397753
  vertex -0.21975394 0.0036163665 0.04356163
  vertex -0.21441148 0.00538266 0.064817555
 endloop
endfacet
facet normal 0.96995956 0.0320293 0.2411485
 outer loop
  vertex 0.21975303 0.007875361 0.04300082
  vertex 0.21441011 0.011716434 0.06398119
  vertex 0.2144102 0.005389138 0.06482122
 endloop
endfacet
facet normal 0.96995956 0.032029048 0.24114849
 outer loop
  vertex 0.21975303 0.007875361 0.04300082
  vertex 0.2144102 0.005389138 0.06482122
  vertex 0.21975309 0.003623005 0.043565374
 endloop
endfacet
facet normal 0.048997905 0.13145036 0.9901111
 outer loop
  vertex 0.021959111 0.040156808 0.21933632
  vertex -2.4802034e-06 0.04035078 0.22039738
  vertex -2.175488e-06 0.018553928 0.22329119
 endloop
endfacet
facet normal 0.04899711 0.13145114 0.99011105
 outer loop
  vertex 0.021959111 0.040156808 0.21933632
  vertex -2.175488e-06 0.018553928 0.22329119
  vertex 0.021959413 0.01846492 0.2222162
 endloop
endfacet
facet normal -0.94141823 0.044370294 0.3343097
 outer loop
  vertex -0.20700422 0.015438427 0.08434183
  vertex -0.21441157 0.01170995 0.06397753
  vertex -0.21441148 0.00538266 0.064817555
 endloop
endfacet
facet normal -0.94141823 0.04437032 0.3343097
 outer loop
  vertex -0.20700422 0.015438427 0.08434183
  vertex -0.21441148 0.00538266 0.064817555
  vertex -0.2070041 0.0070971446 0.08544924
 endloop
endfacet
facet normal 0.9891493 0.019348595 0.1456341
 outer loop
  vertex 0.22297959 0.0039584227 0.021606343
  vertex 0.21975303 0.007875361 0.04300082
  vertex 0.21975309 0.003623005 0.043565374
 endloop
endfacet
facet normal 0.98914933 0.0193485 0.14563411
 outer loop
  vertex 0.22297959 0.0039584227 0.021606343
  vertex 0.21975309 0.003623005 0.043565374
  vertex 0.22297962 0.0018219596 0.021889985
 endloop
endfacet
facet normal 0.14654827 0.13018964 0.9805989
 outer loop
  vertex 0.04370925 0.039576102 0.2161629
  vertex 0.021959111 0.040156808 0.21933632
  vertex 0.021959413 0.01846492 0.2222162
 endloop
endfacet
facet normal 0.14654921 0.13018867 0.9805989
 outer loop
  vertex 0.04370925 0.039576102 0.2161629
  vertex 0.021959413 0.01846492 0.2222162
  vertex 0.04370955 0.018198093 0.2190011
 endloop
endfacet
facet normal -0.90379494 0.056310907 0.424245
 outer loop
  vertex -0.19760334 0.01901822 0.103893936
  vertex -0.20700422 0.015438427 0.08434183
  vertex -0.2070041 0.0070971446 0.08544924
 endloop
endfacet
facet normal -0.90379494 0.05631061 0.4242451
 outer loop
  vertex -0.19760334 0.01901822 0.103893936
  vertex -0.2070041 0.0070971446 0.08544924
  vertex -0.1976032 0.008743262 0.10525806
 endloop
endfacet
facet normal 0.24269319 0.12767626 0.96166456
 outer loop
  vertex 0.06503844 0.038614266 0.2109078
  vertex 0.04370925 0.039576102 0.2161629
  vertex 0.04370955 0.018198093 0.2190011
 endloop
endfacet
facet normal 0.24269348 0.12767592 0.9616645
 outer loop
  vertex 0.06503844 0.038614266 0.2109078
  vertex 0.04370955 0.018198093 0.2190011
  vertex 0.06503873 0.017755993 0.21367699
 endloop
endfacet
facet normal -0.8574606 0.067706354 0.51007557
 outer loop
  vertex -0.18629941 0.022414878 0.1224455
  vertex -0.19760334 0.01901822 0.103893936
  vertex -0.1976032 0.008743262 0.10525806
 endloop
endfacet
facet normal -0.8574606 0.06770651 0.5100755
 outer loop
  vertex -0.18629941 0.022414878 0.1224455
  vertex -0.1976032 0.008743262 0.10525806
  vertex -0.18629923 0.010305208 0.12405322
 endloop
endfacet
facet normal 0.33652088 0.12393601 0.9334846
 outer loop
  vertex 0.08574125 0.037280537 0.20362152
  vertex 0.06503844 0.038614266 0.2109078
  vertex 0.06503873 0.017755993 0.21367699
 endloop
endfacet
facet normal 0.33652058 0.123936385 0.9334847
 outer loop
  vertex 0.08574125 0.037280537 0.20362152
  vertex 0.06503873 0.017755993 0.21367699
  vertex 0.085741535 0.017142892 0.20629504
 endloop
endfacet
facet normal -0.8028702 0.07844707 0.59096986
 outer loop
  vertex -0.17320134 0.025595637 0.13981785
  vertex -0.18629941 0.022414878 0.1224455
  vertex -0.18629923 0.010305208 0.12405322
 endloop
endfacet
facet normal -0.8028704 0.078447364 0.5909698
 outer loop
  vertex -0.17320134 0.025595637 0.13981785
  vertex -0.18629923 0.010305208 0.12405322
  vertex -0.17320114 0.01176787 0.14165366
 endloop
endfacet
facet normal 0.42712548 0.11900447 0.8963268
 outer loop
  vertex 0.105618335 0.035587795 0.19437426
  vertex 0.08574125 0.037280537 0.20362152
  vertex 0.085741535 0.017142892 0.20629504
 endloop
endfacet
facet normal 0.42712593 0.119003944 0.89632666
 outer loop
  vertex 0.105618335 0.035587795 0.19437426
  vertex 0.085741535 0.017142892 0.20629504
  vertex 0.1056186 0.01636471 0.19692636
 endloop
endfacet
facet normal -0.7405548 0.08842964 0.6661523
 outer loop
  vertex -0.15843521 0.028529888 0.15584369
  vertex -0.17320134 0.025595637 0.13981785
  vertex -0.17320114 0.01176787 0.14165366
 endloop
endfacet
facet normal -0.7405552 0.088430576 0.66615164
 outer loop
  vertex -0.15843521 0.028529888 0.15584369
  vertex -0.17320114 0.01176787 0.14165366
  vertex -0.158435 0.013117191 0.15788993
 endloop
endfacet
facet normal 0.5136374 0.11292688 0.8505435
 outer loop
  vertex 0.12447828 0.033552315 0.18325512
  vertex 0.105618335 0.035587795 0.19437426
  vertex 0.1056186 0.01636471 0.19692636
 endloop
endfacet
facet normal 0.5136366 0.11292811 0.85054386
 outer loop
  vertex 0.12447828 0.033552315 0.18325512
  vertex 0.1056186 0.01636471 0.19692636
  vertex 0.124478534 0.015428919 0.18566124
 endloop
endfacet
facet normal -0.6711221 0.097558714 0.73489964
 outer loop
  vertex -0.14214328 0.031189417 0.17036869
  vertex -0.15843521 0.028529888 0.15584369
  vertex -0.158435 0.013117191 0.15788993
 endloop
endfacet
facet normal -0.6711213 0.09755744 0.73490053
 outer loop
  vertex -0.14214328 0.031189417 0.17036869
  vertex -0.158435 0.013117191 0.15788993
  vertex -0.14214304 0.014340235 0.17260562
 endloop
endfacet
facet normal 0.59522766 0.105763055 0.7965665
 outer loop
  vertex 0.14213943 0.03119372 0.17037113
  vertex 0.12447828 0.033552315 0.18325512
  vertex 0.124478534 0.015428919 0.18566124
 endloop
endfacet
facet normal 0.5952282 0.10576221 0.79656625
 outer loop
  vertex 0.14213943 0.03119372 0.17037113
  vertex 0.124478534 0.015428919 0.18566124
  vertex 0.14213967 0.014344538 0.17260806
 endloop
endfacet
facet normal -0.59524566 0.10574396 0.7965556
 outer loop
  vertex -0.12448244 0.033548538 0.183253
  vertex -0.14214328 0.031189417 0.17036869
  vertex -0.14214304 0.014340235 0.17260562
 endloop
endfacet
facet normal -0.5952463 0.10574488 0.79655504
 outer loop
  vertex -0.12448244 0.033548538 0.183253
  vertex -0.14214304 0.014340235 0.17260562
  vertex -0.124482185 0.015425142 0.18565913
 endloop
endfacet
facet normal 0.6711068 0.0975778 0.73491096
 outer loop
  vertex 0.1584317 0.028534675 0.1558464
  vertex 0.14213943 0.03119372 0.17037113
  vertex 0.14213967 0.014344538 0.17260806
 endloop
endfacet
facet normal 0.6711065 0.09757844 0.7349112
 outer loop
  vertex 0.1584317 0.028534675 0.1558464
  vertex 0.14213967 0.014344538 0.17260806
  vertex 0.1584319 0.01312198 0.15789264
 endloop
endfacet
facet normal -0.51365507 0.112912536 0.8505346
 outer loop
  vertex -0.10562276 0.03558462 0.19437245
  vertex -0.12448244 0.033548538 0.183253
  vertex -0.124482185 0.015425142 0.18565913
 endloop
endfacet
facet normal -0.51365423 0.11291146 0.85053533
 outer loop
  vertex -0.10562276 0.03558462 0.19437245
  vertex -0.124482185 0.015425142 0.18565913
  vertex -0.10562249 0.016361533 0.19692454
 endloop
endfacet
facet normal 0.7405411 0.0884523 0.66616446
 outer loop
  vertex 0.17319818 0.025600871 0.1398208
  vertex 0.1584317 0.028534675 0.1558464
  vertex 0.1584319 0.01312198 0.15789264
 endloop
endfacet
facet normal 0.7405413 0.088452004 0.66616434
 outer loop
  vertex 0.17319818 0.025600871 0.1398208
  vertex 0.1584319 0.01312198 0.15789264
  vertex 0.17319837 0.011773104 0.1416566
 endloop
endfacet
facet normal -0.42714408 0.11899107 0.89631975
 outer loop
  vertex -0.08574586 0.03727795 0.20362005
  vertex -0.10562276 0.03558462 0.19437245
  vertex -0.10562249 0.016361533 0.19692454
 endloop
endfacet
facet normal -0.42714444 0.11899151 0.8963195
 outer loop
  vertex -0.08574586 0.03727795 0.20362005
  vertex -0.10562249 0.016361533 0.19692454
  vertex -0.08574558 0.017140307 0.20629357
 endloop
endfacet
facet normal 0.8028576 0.07847171 0.59098387
 outer loop
  vertex 0.18629666 0.022420514 0.122448675
  vertex 0.17319818 0.025600871 0.1398208
  vertex 0.17319837 0.011773104 0.1416566
 endloop
endfacet
facet normal 0.8028575 0.07847194 0.59098387
 outer loop
  vertex 0.18629666 0.022420514 0.122448675
  vertex 0.17319837 0.011773104 0.1416566
  vertex 0.18629684 0.010310843 0.12405638
 endloop
endfacet
facet normal -0.3365409 0.123926125 0.9334787
 outer loop
  vertex -0.06504319 0.038612306 0.2109067
  vertex -0.08574586 0.03727795 0.20362005
  vertex -0.08574558 0.017140307 0.20629357
 endloop
endfacet
facet normal -0.33654124 0.1239265 0.93347853
 outer loop
  vertex -0.06504319 0.038612306 0.2109067
  vertex -0.08574558 0.017140307 0.20629357
  vertex -0.0650429 0.017754033 0.2136759
 endloop
endfacet
facet normal 0.8574502 0.06773306 0.51008964
 outer loop
  vertex 0.19760098 0.019024203 0.10389733
  vertex 0.18629666 0.022420514 0.122448675
  vertex 0.18629684 0.010310843 0.12405638
 endloop
endfacet
facet normal 0.8574502 0.0677331 0.5100897
 outer loop
  vertex 0.19760098 0.019024203 0.10389733
  vertex 0.18629684 0.010310843 0.12405638
  vertex 0.19760112 0.008749245 0.10526146
 endloop
endfacet
facet normal -0.04901709 0.033767484 0.99822694
 outer loop
  vertex -2.175488e-06 0.018553928 0.22329119
  vertex -0.02196377 0.018464256 0.22221582
  vertex -0.021963444 -0.0034054557 0.22295563
 endloop
endfacet
facet normal -0.049016964 0.03376736 0.998227
 outer loop
  vertex -2.175488e-06 0.018553928 0.22329119
  vertex -0.021963444 -0.0034054557 0.22295563
  vertex -1.8497284e-06 -0.0034215897 0.22403458
 endloop
endfacet
facet normal -0.96996444 0.008207509 0.24310836
 outer loop
  vertex -0.21441148 0.00538266 0.064817555
  vertex -0.21975394 0.0036163665 0.04356163
  vertex -0.21975386 -0.00067085016 0.043706667
 endloop
endfacet
facet normal -0.96996444 0.008208189 0.24310817
 outer loop
  vertex -0.21441148 0.00538266 0.064817555
  vertex -0.21975386 -0.00067085016 0.043706667
  vertex -0.21441138 -0.0009964977 0.065033354
 endloop
endfacet
facet normal 0.9699599 0.008240469 0.24312516
 outer loop
  vertex 0.21975309 0.003623005 0.043565374
  vertex 0.2144102 0.005389138 0.06482122
  vertex 0.2144103 -0.000990019 0.06503702
 endloop
endfacet
facet normal 0.9699598 0.00824186 0.24312541
 outer loop
  vertex 0.21975309 0.003623005 0.043565374
  vertex 0.2144103 -0.000990019 0.06503702
  vertex 0.21975316 -0.00066421006 0.04371041
 endloop
endfacet
facet normal 0.04899852 0.03376884 0.99822783
 outer loop
  vertex 0.021959413 0.01846492 0.2222162
  vertex -2.175488e-06 0.018553928 0.22329119
  vertex -1.8497284e-06 -0.0034215897 0.22403458
 endloop
endfacet
facet normal 0.04899838 0.033768974 0.99822783
 outer loop
  vertex 0.021959413 0.01846492 0.2222162
  vertex -1.8497284e-06 -0.0034215897 0.22403458
  vertex 0.021959739 -0.0034047922 0.22295602
 endloop
endfacet
facet normal -0.94141775 0.0113865845 0.3370504
 outer loop
  vertex -0.2070041 0.0070971446 0.08544924
  vertex -0.21441148 0.00538266 0.064817555
  vertex -0.21441138 -0.0009964977 0.065033354
 endloop
endfacet
facet normal -0.941418 0.01138883 0.33704966
 outer loop
  vertex -0.2070041 0.0070971446 0.08544924
  vertex -0.21441138 -0.0009964977 0.065033354
  vertex -0.20700398 -0.0013125269 0.085733734
 endloop
endfacet
facet normal 0.9891495 0.004984379 0.14682767
 outer loop
  vertex 0.22297962 0.0018219596 0.021889985
  vertex 0.21975309 0.003623005 0.043565374
  vertex 0.21975316 -0.00066421006 0.04371041
 endloop
endfacet
facet normal 0.9891497 0.0049806167 0.14682727
 outer loop
  vertex 0.22297962 0.0018219596 0.021889985
  vertex 0.21975316 -0.00066421006 0.04371041
  vertex 0.22297965 -0.00033201906 0.021962851
 endloop
endfacet
facet normal 0.14655069 0.03344601 0.98863757
 outer loop
  vertex 0.04370955 0.018198093 0.2190011
  vertex 0.021959413 0.01846492 0.2222162
  vertex 0.021959739 -0.0034047922 0.22295602
 endloop
endfacet
facet normal 0.14654978 0.033446934 0.9886376
 outer loop
  vertex 0.04370955 0.018198093 0.2190011
  vertex 0.021959739 -0.0034047922 0.22295602
  vertex 0.043709867 -0.0033551704 0.21973023
 endloop
endfacet
facet normal -0.9037943 0.014456736 0.42772287
 outer loop
  vertex -0.1976032 0.008743262 0.10525806
  vertex -0.2070041 0.0070971446 0.08544924
  vertex -0.20700398 -0.0013125269 0.085733734
 endloop
endfacet
facet normal -0.9037942 0.014456322 0.42772305
 outer loop
  vertex -0.1976032 0.008743262 0.10525806
  vertex -0.20700398 -0.0013125269 0.085733734
  vertex -0.19760305 -0.0016159252 0.1056085
 endloop
endfacet
facet normal 0.24269482 0.032802556 0.9695479
 outer loop
  vertex 0.06503873 0.017755993 0.21367699
  vertex 0.04370955 0.018198093 0.2190011
  vertex 0.043709867 -0.0033551704 0.21973023
 endloop
endfacet
facet normal 0.24269564 0.032801628 0.96954775
 outer loop
  vertex 0.06503873 0.017755993 0.21367699
  vertex 0.043709867 -0.0033551704 0.21973023
  vertex 0.065039046 -0.003273264 0.21438837
 endloop
endfacet
facet normal -0.8574599 0.017384324 0.514257
 outer loop
  vertex -0.18629923 0.010305208 0.12405322
  vertex -0.1976032 0.008743262 0.10525806
  vertex -0.19760305 -0.0016159252 0.1056085
 endloop
endfacet
facet normal -0.8574598 0.017383909 0.51425725
 outer loop
  vertex -0.18629923 0.010305208 0.12405322
  vertex -0.19760305 -0.0016159252 0.1056085
  vertex -0.18629906 -0.0019037379 0.124466226
 endloop
endfacet
facet normal 0.3365219 0.031841964 0.94113714
 outer loop
  vertex 0.085741535 0.017142892 0.20629504
  vertex 0.06503873 0.017755993 0.21367699
  vertex 0.065039046 -0.003273264 0.21438837
 endloop
endfacet
facet normal 0.33652112 0.031842828 0.9411374
 outer loop
  vertex 0.085741535 0.017142892 0.20629504
  vertex 0.065039046 -0.003273264 0.21438837
  vertex 0.08574183 -0.0031598366 0.20698187
 endloop
endfacet
facet normal -0.8028695 0.020143634 0.59581435
 outer loop
  vertex -0.17320114 0.01176787 0.14165366
  vertex -0.18629923 0.010305208 0.12405322
  vertex -0.18629906 -0.0019037379 0.124466226
 endloop
endfacet
facet normal -0.8028695 0.020143509 0.5958144
 outer loop
  vertex -0.17320114 0.01176787 0.14165366
  vertex -0.18629906 -0.0019037379 0.124466226
  vertex -0.17320094 -0.0021732547 0.14212526
 endloop
endfacet
facet normal 0.42712724 0.030576818 0.90367436
 outer loop
  vertex 0.1056186 0.01636471 0.19692636
  vertex 0.085741535 0.017142892 0.20629504
  vertex 0.08574183 -0.0031598366 0.20698187
 endloop
endfacet
facet normal 0.427127 0.030577134 0.90367454
 outer loop
  vertex 0.1056186 0.01636471 0.19692636
  vertex 0.08574183 -0.0031598366 0.20698187
  vertex 0.105618894 -0.0030159708 0.19758199
 endloop
endfacet
facet normal -0.74055433 0.022708546 0.6716127
 outer loop
  vertex -0.158435 0.013117191 0.15788993
  vertex -0.17320114 0.01176787 0.14165366
  vertex -0.17320094 -0.0021732547 0.14212526
 endloop
endfacet
facet normal -0.740554 0.022707915 0.67161304
 outer loop
  vertex -0.158435 0.013117191 0.15788993
  vertex -0.17320094 -0.0021732547 0.14212526
  vertex -0.15843476 -0.0024218436 0.15841559
 endloop
endfacet
facet normal 0.5136378 0.029016934 0.8575163
 outer loop
  vertex 0.124478534 0.015428919 0.18566124
  vertex 0.1056186 0.01636471 0.19692636
  vertex 0.105618894 -0.0030159708 0.19758199
 endloop
endfacet
facet normal 0.5136389 0.02901538 0.8575157
 outer loop
  vertex 0.124478534 0.015428919 0.18566124
  vertex 0.105618894 -0.0030159708 0.19758199
  vertex 0.1244788 -0.0028430633 0.18627934
 endloop
endfacet
facet normal -0.67112017 0.025053661 0.7409251
 outer loop
  vertex -0.14214304 0.014340235 0.17260562
  vertex -0.158435 0.013117191 0.15788993
  vertex -0.15843476 -0.0024218436 0.15841559
 endloop
endfacet
facet normal -0.6711204 0.025054103 0.7409249
 outer loop
  vertex -0.14214304 0.014340235 0.17260562
  vertex -0.15843476 -0.0024218436 0.15841559
  vertex -0.14214279 -0.002647067 0.17318027
 endloop
endfacet
facet normal 0.5952293 0.02717568 0.8030962
 outer loop
  vertex 0.14213967 0.014344538 0.17260806
  vertex 0.124478534 0.015428919 0.18566124
  vertex 0.1244788 -0.0028430633 0.18627934
 endloop
endfacet
facet normal 0.595229 0.02717613 0.8030964
 outer loop
  vertex 0.14213967 0.014344538 0.17260806
  vertex 0.1244788 -0.0028430633 0.18627934
  vertex 0.14213993 -0.0026427633 0.17318271
 endloop
endfacet
facet normal -0.5952452 0.027157977 0.803085
 outer loop
  vertex -0.124482185 0.015425142 0.18565913
  vertex -0.14214304 0.014340235 0.17260562
  vertex -0.14214279 -0.002647067 0.17318027
 endloop
endfacet
facet normal -0.5952451 0.027157832 0.80308515
 outer loop
  vertex -0.124482185 0.015425142 0.18565913
  vertex -0.14214279 -0.002647067 0.17318027
  vertex -0.12448192 -0.0028468333 0.18627723
 endloop
endfacet
facet normal 0.6711075 0.025074475 0.7409359
 outer loop
  vertex 0.1584319 0.01312198 0.15789264
  vertex 0.14213967 0.014344538 0.17260806
  vertex 0.14213993 -0.0026427633 0.17318271
 endloop
endfacet
facet normal 0.6711074 0.02507465 0.740936
 outer loop
  vertex 0.1584319 0.01312198 0.15789264
  vertex 0.14213993 -0.0026427633 0.17318271
  vertex 0.15843214 -0.0024170552 0.1584183
 endloop
endfacet
facet normal -0.51365286 0.029000038 0.8575078
 outer loop
  vertex -0.10562249 0.016361533 0.19692454
  vertex -0.124482185 0.015425142 0.18565913
  vertex -0.12448192 -0.0028468333 0.18627723
 endloop
endfacet
facet normal -0.51365376 0.029001264 0.8575072
 outer loop
  vertex -0.10562249 0.016361533 0.19692454
  vertex -0.12448192 -0.0028468333 0.18627723
  vertex -0.1056222 -0.003019141 0.19758017
 endloop
endfacet
facet normal 0.7405422 0.022731053 0.6716253
 outer loop
  vertex 0.17319837 0.011773104 0.1416566
  vertex 0.1584319 0.01312198 0.15789264
  vertex 0.15843214 -0.0024170552 0.1584183
 endloop
endfacet
facet normal 0.7405422 0.022731146 0.6716253
 outer loop
  vertex 0.17319837 0.011773104 0.1416566
  vertex 0.15843214 -0.0024170552 0.1584183
  vertex 0.17319858 -0.0021680198 0.14212821
 endloop
endfacet
facet normal -0.42714325 0.0305641 0.9036673
 outer loop
  vertex -0.08574558 0.017140307 0.20629357
  vertex -0.10562249 0.016361533 0.19692454
  vertex -0.1056222 -0.003019141 0.19758017
 endloop
endfacet
facet normal -0.42714316 0.030564046 0.9036673
 outer loop
  vertex -0.08574558 0.017140307 0.20629357
  vertex -0.1056222 -0.003019141 0.19758017
  vertex -0.08574528 -0.003162428 0.20698039
 endloop
endfacet
facet normal 0.8028584 0.020167982 0.59582853
 outer loop
  vertex 0.18629684 0.010310843 0.12405638
  vertex 0.17319837 0.011773104 0.1416566
  vertex 0.17319858 -0.0021680198 0.14212821
 endloop
endfacet
facet normal 0.8028584 0.020167975 0.5958286
 outer loop
  vertex 0.18629684 0.010310843 0.12405638
  vertex 0.17319858 -0.0021680198 0.14212821
  vertex 0.18629701 -0.0018981034 0.12446939
 endloop
endfacet
facet normal -0.33653995 0.031832725 0.941131
 outer loop
  vertex -0.0650429 0.017754033 0.2136759
  vertex -0.08574558 0.017140307 0.20629357
  vertex -0.08574528 -0.003162428 0.20698039
 endloop
endfacet
facet normal -0.33653906 0.031831756 0.9411313
 outer loop
  vertex -0.0650429 0.017754033 0.2136759
  vertex -0.08574528 -0.003162428 0.20698039
  vertex -0.065042585 -0.0032752226 0.21438728
 endloop
endfacet
facet normal 0.85745084 0.0174098 0.5142712
 outer loop
  vertex 0.19760112 0.008749245 0.10526146
  vertex 0.18629684 0.010310843 0.12405638
  vertex 0.18629701 -0.0018981034 0.12446939
 endloop
endfacet
facet normal 0.857451 0.017409053 0.51427096
 outer loop
  vertex 0.19760112 0.008749245 0.10526146
  vertex 0.18629701 -0.0018981034 0.12446939
  vertex 0.19760127 -0.0016099452 0.10561189
 endloop
endfacet
facet normal -0.24271163 0.032794297 0.96954405
 outer loop
  vertex -0.043713838 0.01819677 0.21900035
  vertex -0.0650429 0.017754033 0.2136759
  vertex -0.065042585 -0.0032752226 0.21438728
 endloop
endfacet
facet normal -0.24271257 0.032795288 0.96954376
 outer loop
  vertex -0.043713838 0.01819677 0.21900035
  vertex -0.065042585 -0.0032752226 0.21438728
  vertex -0.04371352 -0.0033564914 0.21972948
 endloop
endfacet
facet normal 0.9037864 0.014482539 0.4277386
 outer loop
  vertex 0.20700243 0.007103405 0.08545278
  vertex 0.19760112 0.008749245 0.10526146
  vertex 0.19760127 -0.0016099452 0.10561189
 endloop
endfacet
facet normal 0.9037865 0.014482521 0.4277386
 outer loop
  vertex 0.20700243 0.007103405 0.08545278
  vertex 0.19760127 -0.0016099452 0.10561189
  vertex 0.20700255 -0.0013062665 0.085737266
 endloop
endfacet
facet normal -0.14656802 0.03344254 0.9886351
 outer loop
  vertex -0.02196377 0.018464256 0.22221582
  vertex -0.043713838 0.01819677 0.21900035
  vertex -0.04371352 -0.0033564914 0.21972948
 endloop
endfacet
facet normal -0.14656703 0.03344157 0.9886353
 outer loop
  vertex -0.02196377 0.018464256 0.22221582
  vertex -0.04371352 -0.0033564914 0.21972948
  vertex -0.021963444 -0.0034054557 0.22295563
 endloop
endfacet
facet normal -0.9891522 0.004952626 0.14681065
 outer loop
  vertex -0.21975394 0.0036163665 0.04356163
  vertex -0.22298004 0.001815222 0.021886192
  vertex -0.22298001 -0.0003387567 0.021959057
 endloop
endfacet
facet normal -0.9891521 0.004949415 0.14681122
 outer loop
  vertex -0.21975394 0.0036163665 0.04356163
  vertex -0.22298001 -0.0003387567 0.021959057
  vertex -0.21975386 -0.00067085016 0.043706667
 endloop
endfacet
facet normal 0.94141185 0.011415732 0.3370658
 outer loop
  vertex 0.2144102 0.005389138 0.06482122
  vertex 0.20700243 0.007103405 0.08545278
  vertex 0.20700255 -0.0013062665 0.085737266
 endloop
endfacet
facet normal 0.9414117 0.011417894 0.3370664
 outer loop
  vertex 0.2144102 0.005389138 0.06482122
  vertex 0.20700255 -0.0013062665 0.085737266
  vertex 0.2144103 -0.000990019 0.06503702
 endloop
endfacet
facet normal 0.14655137 -0.063617684 0.98715526
 outer loop
  vertex 0.043709867 -0.0033551704 0.21973023
  vertex 0.021959739 -0.0034047922 0.22295602
  vertex 0.02196008 -0.0252417 0.22154868
 endloop
endfacet
facet normal 0.14655171 -0.063618034 0.9871552
 outer loop
  vertex 0.043709867 -0.0033551704 0.21973023
  vertex 0.02196008 -0.0252417 0.22154868
  vertex 0.043710206 -0.024876112 0.21834324
 endloop
endfacet
facet normal -0.90379363 -0.027539354 0.4270817
 outer loop
  vertex -0.19760305 -0.0016159252 0.1056085
  vertex -0.20700398 -0.0013125269 0.085733734
  vertex -0.20700385 -0.009709581 0.08519255
 endloop
endfacet
facet normal -0.90379363 -0.027539104 0.4270816
 outer loop
  vertex -0.19760305 -0.0016159252 0.1056085
  vertex -0.20700385 -0.009709581 0.08519255
  vertex -0.19760288 -0.011959577 0.10494187
 endloop
endfacet
facet normal 0.24269709 -0.062388048 0.96809393
 outer loop
  vertex 0.065039046 -0.003273264 0.21438837
  vertex 0.043709867 -0.0033551704 0.21973023
  vertex 0.043710206 -0.024876112 0.21834324
 endloop
endfacet
facet normal 0.24269709 -0.062388048 0.96809393
 outer loop
  vertex 0.065039046 -0.003273264 0.21438837
  vertex 0.043710206 -0.024876112 0.21834324
  vertex 0.065039374 -0.024270989 0.2130351
 endloop
endfacet
facet normal -0.857459 -0.033107016 0.51348615
 outer loop
  vertex -0.18629906 -0.0019037379 0.124466226
  vertex -0.19760305 -0.0016159252 0.1056085
  vertex -0.19760288 -0.011959577 0.10494187
 endloop
endfacet
facet normal -0.85745937 -0.033105765 0.5134857
 outer loop
  vertex -0.18629906 -0.0019037379 0.124466226
  vertex -0.19760288 -0.011959577 0.10494187
  vertex -0.18629888 -0.014094374 0.12368056
 endloop
endfacet
facet normal 0.3365225 -0.06055833 0.9397262
 outer loop
  vertex 0.08574183 -0.0031598366 0.20698187
  vertex 0.065039046 -0.003273264 0.21438837
  vertex 0.065039374 -0.024270989 0.2130351
 endloop
endfacet
facet normal 0.33652154 -0.06055727 0.9397266
 outer loop
  vertex 0.08574183 -0.0031598366 0.20698187
  vertex 0.065039374 -0.024270989 0.2130351
  vertex 0.08574215 -0.023432136 0.20567538
 endloop
endfacet
facet normal -0.80286855 -0.038353324 0.59492105
 outer loop
  vertex -0.17320094 -0.0021732547 0.14212526
  vertex -0.18629906 -0.0019037379 0.124466226
  vertex -0.18629888 -0.014094374 0.12368056
 endloop
endfacet
facet normal -0.8028686 -0.038353223 0.594921
 outer loop
  vertex -0.17320094 -0.0021732547 0.14212526
  vertex -0.18629888 -0.014094374 0.12368056
  vertex -0.17320073 -0.016093476 0.14122814
 endloop
endfacet
facet normal 0.42712834 -0.058145046 0.90231955
 outer loop
  vertex 0.105618894 -0.0030159708 0.19758199
  vertex 0.08574183 -0.0031598366 0.20698187
  vertex 0.08574215 -0.023432136 0.20567538
 endloop
endfacet
facet normal 0.42712948 -0.05814633 0.9023189
 outer loop
  vertex 0.105618894 -0.0030159708 0.19758199
  vertex 0.08574215 -0.023432136 0.20567538
  vertex 0.1056192 -0.022367587 0.19633481
 endloop
endfacet
facet normal -0.7405531 -0.043230023 0.67060596
 outer loop
  vertex -0.15843476 -0.0024218436 0.15841559
  vertex -0.17320094 -0.0021732547 0.14212526
  vertex -0.17320073 -0.016093476 0.14122814
 endloop
endfacet
facet normal -0.7405525 -0.04323121 0.67060643
 outer loop
  vertex -0.15843476 -0.0024218436 0.15841559
  vertex -0.17320073 -0.016093476 0.14122814
  vertex -0.15843453 -0.017937576 0.15741561
 endloop
endfacet
facet normal 0.5136401 -0.05517461 0.85622984
 outer loop
  vertex 0.1244788 -0.0028430633 0.18627934
  vertex 0.105618894 -0.0030159708 0.19758199
  vertex 0.1056192 -0.022367587 0.19633481
 endloop
endfacet
facet normal 0.5136396 -0.055173874 0.8562302
 outer loop
  vertex 0.1244788 -0.0028430633 0.18627934
  vertex 0.1056192 -0.022367587 0.19633481
  vertex 0.12447909 -0.021087643 0.18510352
 endloop
endfacet
facet normal -0.6711192 -0.047690522 0.73981386
 outer loop
  vertex -0.14214279 -0.002647067 0.17318027
  vertex -0.15843476 -0.0024218436 0.15841559
  vertex -0.15843453 -0.017937576 0.15741561
 endloop
endfacet
facet normal -0.6711199 -0.047689237 0.7398134
 outer loop
  vertex -0.14214279 -0.002647067 0.17318027
  vertex -0.15843453 -0.017937576 0.15741561
  vertex -0.14214253 -0.019608902 0.17208712
 endloop
endfacet
facet normal 0.5952303 -0.05167061 0.8018922
 outer loop
  vertex 0.14213993 -0.0026427633 0.17318271
  vertex 0.1244788 -0.0028430633 0.18627934
  vertex 0.12447909 -0.021087643 0.18510352
 endloop
endfacet
facet normal 0.5952306 -0.051671106 0.8018919
 outer loop
  vertex 0.14213993 -0.0026427633 0.17318271
  vertex 0.12447909 -0.021087643 0.18510352
  vertex 0.14214018 -0.019604603 0.17208956
 endloop
endfacet
facet normal -0.595244 -0.051688176 0.8018809
 outer loop
  vertex -0.12448192 -0.0028468333 0.18627723
  vertex -0.14214279 -0.002647067 0.17318027
  vertex -0.14214253 -0.019608902 0.17208712
 endloop
endfacet
facet normal -0.59524345 -0.05168889 0.8018812
 outer loop
  vertex -0.12448192 -0.0028468333 0.18627723
  vertex -0.14214253 -0.019608902 0.17208712
  vertex -0.124481626 -0.021091416 0.1851014
 endloop
endfacet
facet normal 0.6711084 -0.047669902 0.73982507
 outer loop
  vertex 0.15843214 -0.0024170552 0.1584183
  vertex 0.14213993 -0.0026427633 0.17318271
  vertex 0.14214018 -0.019604603 0.17208956
 endloop
endfacet
facet normal 0.6711088 -0.047670584 0.7398246
 outer loop
  vertex 0.15843214 -0.0024170552 0.1584183
  vertex 0.14214018 -0.019604603 0.17208956
  vertex 0.15843238 -0.01793279 0.15741833
 endloop
endfacet
facet normal -0.5136524 -0.055189665 0.8562215
 outer loop
  vertex -0.1056222 -0.003019141 0.19758017
  vertex -0.12448192 -0.0028468333 0.18627723
  vertex -0.124481626 -0.021091416 0.1851014
 endloop
endfacet
facet normal -0.5136524 -0.055189658 0.8562215
 outer loop
  vertex -0.1056222 -0.003019141 0.19758017
  vertex -0.124481626 -0.021091416 0.1851014
  vertex -0.1056219 -0.022370758 0.196333
 endloop
endfacet
facet normal 0.74054325 -0.04320923 0.6706181
 outer loop
  vertex 0.17319858 -0.0021680198 0.14212821
  vertex 0.15843214 -0.0024170552 0.1584183
  vertex 0.15843238 -0.01793279 0.15741833
 endloop
endfacet
facet normal 0.74054295 -0.04320864 0.67061853
 outer loop
  vertex 0.17319858 -0.0021680198 0.14212821
  vertex 0.15843238 -0.01793279 0.15741833
  vertex 0.17319879 -0.016088242 0.14123109
 endloop
endfacet
facet normal -0.42714193 -0.058158714 0.9023122
 outer loop
  vertex -0.08574528 -0.003162428 0.20698039
  vertex -0.1056222 -0.003019141 0.19758017
  vertex -0.1056219 -0.022370758 0.196333
 endloop
endfacet
facet normal -0.42714137 -0.05815943 0.90231246
 outer loop
  vertex -0.08574528 -0.003162428 0.20698039
  vertex -0.1056219 -0.022370758 0.196333
  vertex -0.08574496 -0.023434721 0.20567387
 endloop
endfacet
facet normal 0.8028593 -0.03833009 0.5949352
 outer loop
  vertex 0.18629701 -0.0018981034 0.12446939
  vertex 0.17319858 -0.0021680198 0.14212821
  vertex 0.17319879 -0.016088242 0.14123109
 endloop
endfacet
facet normal 0.8028594 -0.03833031 0.594935
 outer loop
  vertex 0.18629701 -0.0018981034 0.12446939
  vertex 0.17319879 -0.016088242 0.14123109
  vertex 0.1862972 -0.014088743 0.123683736
 endloop
endfacet
facet normal -0.33653757 -0.060568873 0.93972003
 outer loop
  vertex -0.065042585 -0.0032752226 0.21438728
  vertex -0.08574528 -0.003162428 0.20698039
  vertex -0.08574496 -0.023434721 0.20567387
 endloop
endfacet
facet normal -0.336538 -0.06056844 0.93972003
 outer loop
  vertex -0.065042585 -0.0032752226 0.21438728
  vertex -0.08574496 -0.023434721 0.20567387
  vertex -0.06504226 -0.024272949 0.21303402
 endloop
endfacet
facet normal 0.8574518 -0.033081204 0.51349986
 outer loop
  vertex 0.19760127 -0.0016099452 0.10561189
  vertex 0.18629701 -0.0018981034 0.12446939
  vertex 0.1862972 -0.014088743 0.123683736
 endloop
endfacet
facet normal 0.85745156 -0.033080347 0.5135003
 outer loop
  vertex 0.19760127 -0.0016099452 0.10561189
  vertex 0.1862972 -0.014088743 0.123683736
  vertex 0.19760144 -0.011953602 0.104945265
 endloop
endfacet
facet normal -0.24271113 -0.062395364 0.96808994
 outer loop
  vertex -0.04371352 -0.0033564914 0.21972948
  vertex -0.065042585 -0.0032752226 0.21438728
  vertex -0.06504226 -0.024272949 0.21303402
 endloop
endfacet
facet normal -0.24271105 -0.06239544 0.96808994
 outer loop
  vertex -0.04371352 -0.0033564914 0.21972948
  vertex -0.06504226 -0.024272949 0.21303402
  vertex -0.043713182 -0.024877435 0.2183425
 endloop
endfacet
facet normal 0.9037871 -0.027511152 0.42709726
 outer loop
  vertex 0.20700255 -0.0013062665 0.085737266
  vertex 0.19760127 -0.0016099452 0.10561189
  vertex 0.19760144 -0.011953602 0.104945265
 endloop
endfacet
facet normal 0.903787 -0.027511101 0.42709726
 outer loop
  vertex 0.20700255 -0.0013062665 0.085737266
  vertex 0.19760144 -0.011953602 0.104945265
  vertex 0.20700268 -0.00970332 0.08519609
 endloop
endfacet
facet normal -0.14656566 -0.06362249 0.9871528
 outer loop
  vertex -0.021963444 -0.0034054557 0.22295563
  vertex -0.04371352 -0.0033564914 0.21972948
  vertex -0.043713182 -0.024877435 0.2183425
 endloop
endfacet
facet normal -0.14656603 -0.0636221 0.9871528
 outer loop
  vertex -0.021963444 -0.0034054557 0.22295563
  vertex -0.043713182 -0.024877435 0.2183425
  vertex -0.021963103 -0.025242362 0.22154829
 endloop
endfacet
facet normal -0.98915195 -0.009461149 0.14659113
 outer loop
  vertex -0.21975386 -0.00067085016 0.043706667
  vertex -0.22298001 -0.0003387567 0.021959057
  vertex -0.22297998 -0.0024895065 0.021820446
 endloop
endfacet
facet normal -0.9891519 -0.009461243 0.14659116
 outer loop
  vertex -0.21975386 -0.00067085016 0.043706667
  vertex -0.22297998 -0.0024895065 0.021820446
  vertex -0.2197538 -0.0049516372 0.04343078
 endloop
endfacet
facet normal 0.9414122 -0.021675631 0.33656102
 outer loop
  vertex 0.2144103 -0.000990019 0.06503702
  vertex 0.20700255 -0.0013062665 0.085737266
  vertex 0.20700268 -0.00970332 0.08519609
 endloop
endfacet
facet normal 0.9414124 -0.021677596 0.3365602
 outer loop
  vertex 0.2144103 -0.000990019 0.06503702
  vertex 0.20700268 -0.00970332 0.08519609
  vertex 0.2144104 -0.0073596174 0.06462651
 endloop
endfacet
facet normal -0.049015425 -0.06423782 0.99673015
 outer loop
  vertex -1.8497284e-06 -0.0034215897 0.22403458
  vertex -0.021963444 -0.0034054557 0.22295563
  vertex -0.021963103 -0.025242362 0.22154829
 endloop
endfacet
facet normal -0.049015377 -0.064237855 0.99673015
 outer loop
  vertex -1.8497284e-06 -0.0034215897 0.22403458
  vertex -0.021963103 -0.025242362 0.22154829
  vertex -1.5060618e-06 -0.025364146 0.22262043
 endloop
endfacet
facet normal -0.9699641 -0.015657814 0.24274366
 outer loop
  vertex -0.21441138 -0.0009964977 0.065033354
  vertex -0.21975386 -0.00067085016 0.043706667
  vertex -0.2197538 -0.0049516372 0.04343078
 endloop
endfacet
facet normal -0.96996415 -0.015658092 0.24274375
 outer loop
  vertex -0.21441138 -0.0009964977 0.065033354
  vertex -0.2197538 -0.0049516372 0.04343078
  vertex -0.21441129 -0.00736609 0.06462284
 endloop
endfacet
facet normal 0.9699603 -0.015631996 0.24276084
 outer loop
  vertex 0.21975316 -0.00066421006 0.04371041
  vertex 0.2144103 -0.000990019 0.06503702
  vertex 0.2144104 -0.0073596174 0.06462651
 endloop
endfacet
facet normal 0.9699602 -0.015631752 0.2427609
 outer loop
  vertex 0.21975316 -0.00066421006 0.04371041
  vertex 0.2144104 -0.0073596174 0.06462651
  vertex 0.21975322 -0.004944998 0.043434527
 endloop
endfacet
facet normal 0.04899983 -0.06423638 0.99673104
 outer loop
  vertex 0.021959739 -0.0034047922 0.22295602
  vertex -1.8497284e-06 -0.0034215897 0.22403458
  vertex -1.5060618e-06 -0.025364146 0.22262043
 endloop
endfacet
facet normal 0.04899979 -0.064236335 0.99673104
 outer loop
  vertex 0.021959739 -0.0034047922 0.22295602
  vertex -1.5060618e-06 -0.025364146 0.22262043
  vertex 0.02196008 -0.0252417 0.22154868
 endloop
endfacet
facet normal -0.9414175 -0.021703064 0.33654428
 outer loop
  vertex -0.20700398 -0.0013125269 0.085733734
  vertex -0.21441138 -0.0009964977 0.065033354
  vertex -0.21441129 -0.00736609 0.06462284
 endloop
endfacet
facet normal -0.9414173 -0.021704983 0.33654472
 outer loop
  vertex -0.20700398 -0.0013125269 0.085733734
  vertex -0.21441129 -0.00736609 0.06462284
  vertex -0.20700385 -0.009709581 0.08519255
 endloop
endfacet
facet normal 0.98914987 -0.009434612 0.14660712
 outer loop
  vertex 0.22297965 -0.00033201906 0.021962851
  vertex 0.21975316 -0.00066421006 0.04371041
  vertex 0.21975322 -0.004944998 0.043434527
 endloop
endfacet
facet normal 0.9891498 -0.009434749 0.14660703
 outer loop
  vertex 0.22297965 -0.00033201906 0.021962851
  vertex 0.21975322 -0.004944998 0.043434527
  vertex 0.22297968 -0.0024827674 0.021824239
 endloop
endfacet
facet normal 0.33652297 -0.15237574 0.9292652
 outer loop
  vertex 0.08574215 -0.023432136 0.20567538
  vertex 0.065039374 -0.024270989 0.2130351
  vertex 0.06503972 -0.045034964 0.20963022
 endloop
endfacet
facet normal 0.33652312 -0.15237594 0.92926514
 outer loop
  vertex 0.08574215 -0.023432136 0.20567538
  vertex 0.06503972 -0.045034964 0.20963022
  vertex 0.08574248 -0.04347875 0.20238812
 endloop
endfacet
facet normal -0.8028677 -0.09648326 0.58829784
 outer loop
  vertex -0.17320073 -0.016093476 0.14122814
  vertex -0.18629888 -0.014094374 0.12368056
  vertex -0.18629867 -0.026149303 0.12170379
 endloop
endfacet
facet normal -0.8028678 -0.09648303 0.5882978
 outer loop
  vertex -0.17320073 -0.016093476 0.14122814
  vertex -0.18629867 -0.026149303 0.12170379
  vertex -0.17320049 -0.029858733 0.13897091
 endloop
endfacet
facet normal 0.42713088 -0.14630865 0.892274
 outer loop
  vertex 0.1056192 -0.022367587 0.19633481
  vertex 0.08574215 -0.023432136 0.20567538
  vertex 0.08574248 -0.04347875 0.20238812
 endloop
endfacet
facet normal 0.4271302 -0.14630784 0.89227456
 outer loop
  vertex 0.1056192 -0.022367587 0.19633481
  vertex 0.08574248 -0.04347875 0.20238812
  vertex 0.10561951 -0.041503783 0.19319686
 endloop
endfacet
facet normal -0.7405514 -0.10875473 0.66314095
 outer loop
  vertex -0.15843453 -0.017937576 0.15741561
  vertex -0.17320073 -0.016093476 0.14122814
  vertex -0.17320049 -0.029858733 0.13897091
 endloop
endfacet
facet normal -0.74055153 -0.108754426 0.66314083
 outer loop
  vertex -0.15843453 -0.017937576 0.15741561
  vertex -0.17320049 -0.029858733 0.13897091
  vertex -0.15843427 -0.033280592 0.15489966
 endloop
endfacet
facet normal 0.51364094 -0.1388329 0.8466985
 outer loop
  vertex 0.12447909 -0.021087643 0.18510352
  vertex 0.1056192 -0.022367587 0.19633481
  vertex 0.10561951 -0.041503783 0.19319686
 endloop
endfacet
facet normal 0.5136414 -0.13883343 0.8466982
 outer loop
  vertex 0.12447909 -0.021087643 0.18510352
  vertex 0.10561951 -0.041503783 0.19319686
  vertex 0.12447939 -0.03912911 0.18214507
 endloop
endfacet
facet normal -0.6711187 -0.119975574 0.7315774
 outer loop
  vertex -0.14214253 -0.019608902 0.17208712
  vertex -0.15843453 -0.017937576 0.15741561
  vertex -0.15843427 -0.033280592 0.15489966
 endloop
endfacet
facet normal -0.6711184 -0.119976245 0.7315777
 outer loop
  vertex -0.14214253 -0.019608902 0.17208712
  vertex -0.15843427 -0.033280592 0.15489966
  vertex -0.14214225 -0.03638191 0.16933666
 endloop
endfacet
facet normal 0.5952318 -0.1300209 0.7929651
 outer loop
  vertex 0.14214018 -0.019604603 0.17208956
  vertex 0.12447909 -0.021087643 0.18510352
  vertex 0.12447939 -0.03912911 0.18214507
 endloop
endfacet
facet normal 0.5952321 -0.13002129 0.7929649
 outer loop
  vertex 0.14214018 -0.019604603 0.17208956
  vertex 0.12447939 -0.03912911 0.18214507
  vertex 0.14214046 -0.0363776 0.1693391
 endloop
endfacet
facet normal -0.59524226 -0.13003956 0.79295427
 outer loop
  vertex -0.124481626 -0.021091416 0.1851014
  vertex -0.14214253 -0.019608902 0.17208712
  vertex -0.14214225 -0.03638191 0.16933666
 endloop
endfacet
facet normal -0.5952428 -0.13003877 0.792954
 outer loop
  vertex -0.124481626 -0.021091416 0.1851014
  vertex -0.14214225 -0.03638191 0.16933666
  vertex -0.12448133 -0.039132882 0.18214296
 endloop
endfacet
facet normal 0.67110986 -0.11995547 0.7315888
 outer loop
  vertex 0.15843238 -0.01793279 0.15741833
  vertex 0.14214018 -0.019604603 0.17208956
  vertex 0.14214046 -0.0363776 0.1693391
 endloop
endfacet
facet normal 0.6711098 -0.11995532 0.73158896
 outer loop
  vertex 0.15843238 -0.01793279 0.15741833
  vertex 0.14214046 -0.0363776 0.1693391
  vertex 0.15843263 -0.0332758 0.15490237
 endloop
endfacet
facet normal -0.51365095 -0.13884902 0.8466898
 outer loop
  vertex -0.1056219 -0.022370758 0.196333
  vertex -0.124481626 -0.021091416 0.1851014
  vertex -0.12448133 -0.039132882 0.18214296
 endloop
endfacet
facet normal -0.51365095 -0.13884898 0.84668976
 outer loop
  vertex -0.1056219 -0.022370758 0.196333
  vertex -0.12448133 -0.039132882 0.18214296
  vertex -0.105621584 -0.041506942 0.19319504
 endloop
endfacet
facet normal 0.74054396 -0.10873204 0.66315305
 outer loop
  vertex 0.17319879 -0.016088242 0.14123109
  vertex 0.15843238 -0.01793279 0.15741833
  vertex 0.15843263 -0.0332758 0.15490237
 endloop
endfacet
facet normal 0.74054354 -0.108731166 0.66315365
 outer loop
  vertex 0.17319879 -0.016088242 0.14123109
  vertex 0.15843263 -0.0332758 0.15490237
  vertex 0.17319903 -0.029853499 0.13897386
 endloop
endfacet
facet normal -0.42714 -0.14632146 0.89226764
 outer loop
  vertex -0.08574496 -0.023434721 0.20567387
  vertex -0.1056219 -0.022370758 0.196333
  vertex -0.105621584 -0.041506942 0.19319504
 endloop
endfacet
facet normal -0.42713994 -0.14632154 0.89226764
 outer loop
  vertex -0.08574496 -0.023434721 0.20567387
  vertex -0.105621584 -0.041506942 0.19319504
  vertex -0.085744634 -0.043481335 0.20238662
 endloop
endfacet
facet normal 0.8028604 -0.09645757 0.58831215
 outer loop
  vertex 0.1862972 -0.014088743 0.123683736
  vertex 0.17319879 -0.016088242 0.14123109
  vertex 0.17319903 -0.029853499 0.13897386
 endloop
endfacet
facet normal 0.8028604 -0.096457794 0.58831203
 outer loop
  vertex 0.1862972 -0.014088743 0.123683736
  vertex 0.17319903 -0.029853499 0.13897386
  vertex 0.1862974 -0.02614367 0.12170696
 endloop
endfacet
facet normal -0.33653638 -0.1523859 0.92925876
 outer loop
  vertex -0.06504226 -0.024272949 0.21303402
  vertex -0.08574496 -0.023434721 0.20567387
  vertex -0.085744634 -0.043481335 0.20238662
 endloop
endfacet
facet normal -0.3365365 -0.15238577 0.9292587
 outer loop
  vertex -0.06504226 -0.024272949 0.21303402
  vertex -0.085744634 -0.043481335 0.20238662
  vertex -0.065041915 -0.045036927 0.20962913
 endloop
endfacet
facet normal 0.85745233 -0.08325185 0.507784
 outer loop
  vertex 0.19760144 -0.011953602 0.104945265
  vertex 0.1862972 -0.014088743 0.123683736
  vertex 0.1862974 -0.02614367 0.12170696
 endloop
endfacet
facet normal 0.85745275 -0.08325313 0.50778323
 outer loop
  vertex 0.19760144 -0.011953602 0.104945265
  vertex 0.1862974 -0.02614367 0.12170696
  vertex 0.1976016 -0.022182113 0.10326798
 endloop
endfacet
facet normal -0.24270956 -0.15698455 0.9573129
 outer loop
  vertex -0.043713182 -0.024877435 0.2183425
  vertex -0.06504226 -0.024272949 0.21303402
  vertex -0.065041915 -0.045036927 0.20962913
 endloop
endfacet
facet normal -0.24270935 -0.15698476 0.9573129
 outer loop
  vertex -0.043713182 -0.024877435 0.2183425
  vertex -0.065041915 -0.045036927 0.20962913
  vertex -0.043712832 -0.046158805 0.21485277
 endloop
endfacet
facet normal 0.90378773 -0.06924172 0.4223427
 outer loop
  vertex 0.20700268 -0.00970332 0.08519609
  vertex 0.19760144 -0.011953602 0.104945265
  vertex 0.1976016 -0.022182113 0.10326798
 endloop
endfacet
facet normal 0.9037877 -0.069241315 0.4223429
 outer loop
  vertex 0.20700268 -0.00970332 0.08519609
  vertex 0.1976016 -0.022182113 0.10326798
  vertex 0.20700282 -0.018006898 0.08383447
 endloop
endfacet
facet normal -0.14656459 -0.16007431 0.97616345
 outer loop
  vertex -0.021963103 -0.025242362 0.22154829
  vertex -0.043713182 -0.024877435 0.2183425
  vertex -0.043712832 -0.046158805 0.21485277
 endloop
endfacet
facet normal -0.14656413 -0.16007477 0.9761634
 outer loop
  vertex -0.021963103 -0.025242362 0.22154829
  vertex -0.043712832 -0.046158805 0.21485277
  vertex -0.021962745 -0.04683618 0.21800731
 endloop
endfacet
facet normal -0.98915166 -0.023784317 0.14495923
 outer loop
  vertex -0.2197538 -0.0049516372 0.04343078
  vertex -0.22297998 -0.0024895065 0.021820446
  vertex -0.22297995 -0.004616312 0.021471692
 endloop
endfacet
facet normal -0.9891516 -0.02378779 0.14495918
 outer loop
  vertex -0.2197538 -0.0049516372 0.04343078
  vertex -0.22297995 -0.004616312 0.021471692
  vertex -0.21975373 -0.00918477 0.04273663
 endloop
endfacet
facet normal 0.9414129 -0.05455971 0.3328138
 outer loop
  vertex 0.2144104 -0.0073596174 0.06462651
  vertex 0.20700268 -0.00970332 0.08519609
  vertex 0.20700282 -0.018006898 0.08383447
 endloop
endfacet
facet normal 0.9414128 -0.054559223 0.332814
 outer loop
  vertex 0.2144104 -0.0073596174 0.06462651
  vertex 0.20700282 -0.018006898 0.08383447
  vertex 0.2144105 -0.013658301 0.06359365
 endloop
endfacet
facet normal -0.04901373 -0.16162618 0.9856341
 outer loop
  vertex -1.5060618e-06 -0.025364146 0.22262043
  vertex -0.021963103 -0.025242362 0.22154829
  vertex -0.021962745 -0.04683618 0.21800731
 endloop
endfacet
facet normal -0.049014315 -0.1616256 0.9856342
 outer loop
  vertex -1.5060618e-06 -0.025364146 0.22262043
  vertex -0.021962745 -0.04683618 0.21800731
  vertex -1.1477977e-06 -0.047062453 0.21906233
 endloop
endfacet
facet normal -0.96996367 -0.039378956 0.24004108
 outer loop
  vertex -0.21441129 -0.00736609 0.06462284
  vertex -0.2197538 -0.0049516372 0.04343078
  vertex -0.21975373 -0.00918477 0.04273663
 endloop
endfacet
facet normal -0.96996385 -0.03937801 0.24004103
 outer loop
  vertex -0.21441129 -0.00736609 0.06462284
  vertex -0.21975373 -0.00918477 0.04273663
  vertex -0.21441118 -0.0136647755 0.06358998
 endloop
endfacet
facet normal 0.96996063 -0.039348796 0.24005868
 outer loop
  vertex 0.21975322 -0.004944998 0.043434527
  vertex 0.2144104 -0.0073596174 0.06462651
  vertex 0.2144105 -0.013658301 0.06359365
 endloop
endfacet
facet normal 0.9699606 -0.03934797 0.24005903
 outer loop
  vertex 0.21975322 -0.004944998 0.043434527
  vertex 0.2144105 -0.013658301 0.06359365
  vertex 0.2197533 -0.00917813 0.042740375
 endloop
endfacet
facet normal 0.049001276 -0.16162412 0.98563504
 outer loop
  vertex 0.02196008 -0.0252417 0.22154868
  vertex -1.5060618e-06 -0.025364146 0.22262043
  vertex -1.1477977e-06 -0.047062453 0.21906233
 endloop
endfacet
facet normal 0.04900186 -0.16162468 0.9856349
 outer loop
  vertex 0.02196008 -0.0252417 0.22154868
  vertex -1.1477977e-06 -0.047062453 0.21906233
  vertex 0.021960437 -0.046835516 0.2180077
 endloop
endfacet
facet normal -0.9414168 -0.05458788 0.33279824
 outer loop
  vertex -0.20700385 -0.009709581 0.08519255
  vertex -0.21441129 -0.00736609 0.06462284
  vertex -0.21441118 -0.0136647755 0.06358998
 endloop
endfacet
facet normal -0.94141674 -0.054587904 0.3327982
 outer loop
  vertex -0.20700385 -0.009709581 0.08519255
  vertex -0.21441118 -0.0136647755 0.06358998
  vertex -0.20700371 -0.018013155 0.08383092
 endloop
endfacet
facet normal 0.98915005 -0.023755759 0.14497541
 outer loop
  vertex 0.22297968 -0.0024827674 0.021824239
  vertex 0.21975322 -0.004944998 0.043434527
  vertex 0.2197533 -0.00917813 0.042740375
 endloop
endfacet
facet normal 0.98915005 -0.023759106 0.14497434
 outer loop
  vertex 0.22297968 -0.0024827674 0.021824239
  vertex 0.2197533 -0.00917813 0.042740375
  vertex 0.22297971 -0.0046095736 0.021475485
 endloop
endfacet
facet normal 0.14655337 -0.1600703 0.9761657
 outer loop
  vertex 0.043710206 -0.024876112 0.21834324
  vertex 0.02196008 -0.0252417 0.22154868
  vertex 0.021960437 -0.046835516 0.2180077
 endloop
endfacet
facet normal 0.14655292 -0.16006985 0.9761659
 outer loop
  vertex 0.043710206 -0.024876112 0.21834324
  vertex 0.021960437 -0.046835516 0.2180077
  vertex 0.043710556 -0.046157487 0.21485351
 endloop
endfacet
facet normal -0.9037929 -0.069268346 0.42232716
 outer loop
  vertex -0.19760288 -0.011959577 0.10494187
  vertex -0.20700385 -0.009709581 0.08519255
  vertex -0.20700371 -0.018013155 0.08383092
 endloop
endfacet
facet normal -0.90379304 -0.06926786 0.42232707
 outer loop
  vertex -0.19760288 -0.011959577 0.10494187
  vertex -0.20700371 -0.018013155 0.08383092
  vertex -0.19760272 -0.022188082 0.10326459
 endloop
endfacet
facet normal 0.24269858 -0.15697742 0.9573168
 outer loop
  vertex 0.065039374 -0.024270989 0.2130351
  vertex 0.043710206 -0.024876112 0.21834324
  vertex 0.043710556 -0.046157487 0.21485351
 endloop
endfacet
facet normal 0.2426984 -0.15697722 0.9573169
 outer loop
  vertex 0.065039374 -0.024270989 0.2130351
  vertex 0.043710556 -0.046157487 0.21485351
  vertex 0.06503972 -0.045034964 0.20963022
 endloop
endfacet
facet normal -0.8574585 -0.08327798 0.50776935
 outer loop
  vertex -0.18629888 -0.014094374 0.12368056
  vertex -0.19760288 -0.011959577 0.10494187
  vertex -0.19760272 -0.022188082 0.10326459
 endloop
endfacet
facet normal -0.8574582 -0.083279125 0.50776964
 outer loop
  vertex -0.18629888 -0.014094374 0.12368056
  vertex -0.19760272 -0.022188082 0.10326459
  vertex -0.18629867 -0.026149303 0.12170379
 endloop
endfacet
facet normal 0.5136428 -0.22115509 0.82901233
 outer loop
  vertex 0.12447939 -0.03912911 0.18214507
  vertex 0.10561951 -0.041503783 0.19319686
  vertex 0.10561984 -0.060240254 0.18819834
 endloop
endfacet
facet normal 0.5136432 -0.22115563 0.829012
 outer loop
  vertex 0.12447939 -0.03912911 0.18214507
  vertex 0.10561984 -0.060240254 0.18819834
  vertex 0.124479696 -0.056793727 0.17743249
 endloop
endfacet
facet normal -0.6711171 -0.19110566 0.7162964
 outer loop
  vertex -0.14214225 -0.03638191 0.16933666
  vertex -0.15843427 -0.033280592 0.15489966
  vertex -0.158434 -0.048303116 0.15089194
 endloop
endfacet
facet normal -0.6711176 -0.19110465 0.71629614
 outer loop
  vertex -0.14214225 -0.03638191 0.16933666
  vertex -0.158434 -0.048303116 0.15089194
  vertex -0.14214197 -0.052804563 0.16495544
 endloop
endfacet
facet normal 0.5952334 -0.20711869 0.7764014
 outer loop
  vertex 0.14214046 -0.0363776 0.1693391
  vertex 0.12447939 -0.03912911 0.18214507
  vertex 0.124479696 -0.056793727 0.17743249
 endloop
endfacet
facet normal 0.5952331 -0.2071183 0.7764017
 outer loop
  vertex 0.14214046 -0.0363776 0.1693391
  vertex 0.124479696 -0.056793727 0.17743249
  vertex 0.14214075 -0.05280026 0.16495787
 endloop
endfacet
facet normal -0.5952414 -0.20713528 0.77639073
 outer loop
  vertex -0.12448133 -0.039132882 0.18214296
  vertex -0.14214225 -0.03638191 0.16933666
  vertex -0.14214197 -0.052804563 0.16495544
 endloop
endfacet
facet normal -0.5952403 -0.20713718 0.77639115
 outer loop
  vertex -0.12448133 -0.039132882 0.18214296
  vertex -0.14214197 -0.052804563 0.16495544
  vertex -0.12448102 -0.0567975 0.17743036
 endloop
endfacet
facet normal 0.67111087 -0.19108509 0.71630764
 outer loop
  vertex 0.15843263 -0.0332758 0.15490237
  vertex 0.14214046 -0.0363776 0.1693391
  vertex 0.14214075 -0.05280026 0.16495787
 endloop
endfacet
facet normal 0.67111075 -0.1910848 0.71630794
 outer loop
  vertex 0.15843263 -0.0332758 0.15490237
  vertex 0.14214075 -0.05280026 0.16495787
  vertex 0.1584329 -0.048298325 0.15089466
 endloop
endfacet
facet normal -0.51364946 -0.2211719 0.82900375
 outer loop
  vertex -0.105621584 -0.041506942 0.19319504
  vertex -0.12448133 -0.039132882 0.18214296
  vertex -0.12448102 -0.0567975 0.17743036
 endloop
endfacet
facet normal -0.5136502 -0.22117072 0.8290036
 outer loop
  vertex -0.105621584 -0.041506942 0.19319504
  vertex -0.12448102 -0.0567975 0.17743036
  vertex -0.105621256 -0.060243413 0.18819652
 endloop
endfacet
facet normal 0.74054474 -0.17320763 0.6493017
 outer loop
  vertex 0.17319903 -0.029853499 0.13897386
  vertex 0.15843263 -0.0332758 0.15490237
  vertex 0.1584329 -0.048298325 0.15089466
 endloop
endfacet
facet normal 0.7405454 -0.17320906 0.6493005
 outer loop
  vertex 0.17319903 -0.029853499 0.13897386
  vertex 0.1584329 -0.048298325 0.15089466
  vertex 0.17319925 -0.043331217 0.13537826
 endloop
endfacet
facet normal -0.42713854 -0.2330746 0.8736297
 outer loop
  vertex -0.085744634 -0.043481335 0.20238662
  vertex -0.105621584 -0.041506942 0.19319504
  vertex -0.105621256 -0.060243413 0.18819652
 endloop
endfacet
facet normal -0.4271386 -0.23307456 0.8736297
 outer loop
  vertex -0.085744634 -0.043481335 0.20238662
  vertex -0.105621256 -0.060243413 0.18819652
  vertex -0.08574429 -0.063109204 0.19715029
 endloop
endfacet
facet normal 0.8028614 -0.15365894 0.576023
 outer loop
  vertex 0.1862974 -0.02614367 0.12170696
  vertex 0.17319903 -0.029853499 0.13897386
  vertex 0.17319925 -0.043331217 0.13537826
 endloop
endfacet
facet normal 0.8028608 -0.15365756 0.5760241
 outer loop
  vertex 0.1862974 -0.02614367 0.12170696
  vertex 0.17319925 -0.043331217 0.13537826
  vertex 0.18629761 -0.037946798 0.11855812
 endloop
endfacet
facet normal -0.33653492 -0.2427354 0.9098483
 outer loop
  vertex -0.065041915 -0.045036927 0.20962913
  vertex -0.085744634 -0.043481335 0.20238662
  vertex -0.08574429 -0.063109204 0.19715029
 endloop
endfacet
facet normal -0.3365349 -0.24273537 0.9098482
 outer loop
  vertex -0.065041915 -0.045036927 0.20962913
  vertex -0.08574429 -0.063109204 0.19715029
  vertex -0.06504156 -0.065367185 0.20420542
 endloop
endfacet
facet normal 0.8574535 -0.13262175 0.497177
 outer loop
  vertex 0.1976016 -0.022182113 0.10326798
  vertex 0.1862974 -0.02614367 0.12170696
  vertex 0.18629761 -0.037946798 0.11855812
 endloop
endfacet
facet normal 0.85745335 -0.13262135 0.49717733
 outer loop
  vertex 0.1976016 -0.022182113 0.10326798
  vertex 0.18629761 -0.037946798 0.11855812
  vertex 0.19760178 -0.032196965 0.10059623
 endloop
endfacet
facet normal -0.24270782 -0.25006172 0.9373164
 outer loop
  vertex -0.043712832 -0.046158805 0.21485277
  vertex -0.065041915 -0.045036927 0.20962913
  vertex -0.06504156 -0.065367185 0.20420542
 endloop
endfacet
facet normal -0.24270809 -0.2500614 0.9373164
 outer loop
  vertex -0.043712832 -0.046158805 0.21485277
  vertex -0.06504156 -0.065367185 0.20420542
  vertex -0.043712467 -0.06699564 0.20929392
 endloop
endfacet
facet normal 0.9037884 -0.11030283 0.41352135
 outer loop
  vertex 0.20700282 -0.018006898 0.08383447
  vertex 0.1976016 -0.022182113 0.10326798
  vertex 0.19760178 -0.032196965 0.10059623
 endloop
endfacet
facet normal 0.90378845 -0.1103029 0.41352132
 outer loop
  vertex 0.20700282 -0.018006898 0.08383447
  vertex 0.19760178 -0.032196965 0.10059623
  vertex 0.20700297 -0.02613703 0.08166551
 endloop
endfacet
facet normal -0.14656264 -0.25498363 0.95577335
 outer loop
  vertex -0.021962745 -0.04683618 0.21800731
  vertex -0.043712832 -0.046158805 0.21485277
  vertex -0.043712467 -0.06699564 0.20929392
 endloop
endfacet
facet normal -0.14656271 -0.25498357 0.9557734
 outer loop
  vertex -0.021962745 -0.04683618 0.21800731
  vertex -0.043712467 -0.06699564 0.20929392
  vertex -0.021962378 -0.06797894 0.21236685
 endloop
endfacet
facet normal -0.9891514 -0.037885554 0.14193045
 outer loop
  vertex -0.21975373 -0.00918477 0.04273663
  vertex -0.22297995 -0.004616312 0.021471692
  vertex -0.2229799 -0.006698694 0.020916153
 endloop
endfacet
facet normal -0.9891515 -0.037881967 0.14193086
 outer loop
  vertex -0.21975373 -0.00918477 0.04273663
  vertex -0.2229799 -0.006698694 0.020916153
  vertex -0.21975365 -0.01332948 0.04163091
 endloop
endfacet
facet normal 0.9414134 -0.086916514 0.32586247
 outer loop
  vertex 0.2144105 -0.013658301 0.06359365
  vertex 0.20700282 -0.018006898 0.08383447
  vertex 0.20700297 -0.02613703 0.08166551
 endloop
endfacet
facet normal 0.9414133 -0.086915866 0.32586288
 outer loop
  vertex 0.2144105 -0.013658301 0.06359365
  vertex 0.20700297 -0.02613703 0.08166551
  vertex 0.21441062 -0.019825418 0.061948378
 endloop
endfacet
facet normal -0.04901264 -0.2574557 0.9650462
 outer loop
  vertex -1.1477977e-06 -0.047062453 0.21906233
  vertex -0.021962745 -0.04683618 0.21800731
  vertex -0.021962378 -0.06797894 0.21236685
 endloop
endfacet
facet normal -0.049012847 -0.25745553 0.96504635
 outer loop
  vertex -1.1477977e-06 -0.047062453 0.21906233
  vertex -0.021962378 -0.06797894 0.21236685
  vertex -7.783866e-07 -0.068307504 0.21339458
 endloop
endfacet
facet normal -0.9699634 -0.062717676 0.23502675
 outer loop
  vertex -0.21441118 -0.0136647755 0.06358998
  vertex -0.21975373 -0.00918477 0.04273663
  vertex -0.21975365 -0.01332948 0.04163091
 endloop
endfacet
facet normal -0.9699633 -0.06271964 0.2350267
 outer loop
  vertex -0.21441118 -0.0136647755 0.06358998
  vertex -0.21975365 -0.01332948 0.04163091
  vertex -0.21441106 -0.01983189 0.06194471
 endloop
endfacet
facet normal 0.9699609 -0.062686816 0.23504491
 outer loop
  vertex 0.2197533 -0.00917813 0.042740375
  vertex 0.2144105 -0.013658301 0.06359365
  vertex 0.21441062 -0.019825418 0.061948378
 endloop
endfacet
facet normal 0.969961 -0.062687546 0.23504455
 outer loop
  vertex 0.2197533 -0.00917813 0.042740375
  vertex 0.21441062 -0.019825418 0.061948378
  vertex 0.21975337 -0.013322839 0.041634653
 endloop
endfacet
facet normal 0.049003445 -0.25745404 0.9650472
 outer loop
  vertex 0.021960437 -0.046835516 0.2180077
  vertex -1.1477977e-06 -0.047062453 0.21906233
  vertex -7.783866e-07 -0.068307504 0.21339458
 endloop
endfacet
facet normal 0.049003735 -0.2574543 0.9650471
 outer loop
  vertex 0.021960437 -0.046835516 0.2180077
  vertex -7.783866e-07 -0.068307504 0.21339458
  vertex 0.021960804 -0.06797827 0.21236724
 endloop
endfacet
facet normal -0.94141614 -0.086948015 0.32584605
 outer loop
  vertex -0.20700371 -0.018013155 0.08383092
  vertex -0.21441118 -0.0136647755 0.06358998
  vertex -0.21441106 -0.01983189 0.06194471
 endloop
endfacet
facet normal -0.9414164 -0.08694629 0.325846
 outer loop
  vertex -0.20700371 -0.018013155 0.08383092
  vertex -0.21441106 -0.01983189 0.06194471
  vertex -0.20700356 -0.026143288 0.08166197
 endloop
endfacet
facet normal 0.98915035 -0.037850708 0.14194693
 outer loop
  vertex 0.22297971 -0.0046095736 0.021475485
  vertex 0.2197533 -0.00917813 0.042740375
  vertex 0.21975337 -0.013322839 0.041634653
 endloop
endfacet
facet normal 0.9891503 -0.037847694 0.14194827
 outer loop
  vertex 0.22297971 -0.0046095736 0.021475485
  vertex 0.21975337 -0.013322839 0.041634653
  vertex 0.22297975 -0.006691954 0.020919949
 endloop
endfacet
facet normal 0.1465546 -0.25497922 0.9557758
 outer loop
  vertex 0.043710556 -0.046157487 0.21485351
  vertex 0.021960437 -0.046835516 0.2180077
  vertex 0.021960804 -0.06797827 0.21236724
 endloop
endfacet
facet normal 0.14655462 -0.25497922 0.95577574
 outer loop
  vertex 0.043710556 -0.046157487 0.21485351
  vertex 0.021960804 -0.06797827 0.21236724
  vertex 0.04371092 -0.06699432 0.20929466
 endloop
endfacet
facet normal -0.9037923 -0.11033127 0.41350505
 outer loop
  vertex -0.19760272 -0.022188082 0.10326459
  vertex -0.20700371 -0.018013155 0.08383092
  vertex -0.20700356 -0.026143288 0.08166197
 endloop
endfacet
facet normal -0.9037924 -0.110331036 0.41350505
 outer loop
  vertex -0.19760272 -0.022188082 0.10326459
  vertex -0.20700356 -0.026143288 0.08166197
  vertex -0.19760254 -0.032202937 0.10059283
 endloop
endfacet
facet normal 0.24269998 -0.25005403 0.9373205
 outer loop
  vertex 0.06503972 -0.045034964 0.20963022
  vertex 0.043710556 -0.046157487 0.21485351
  vertex 0.04371092 -0.06699432 0.20929466
 endloop
endfacet
facet normal 0.24270023 -0.25005427 0.9373204
 outer loop
  vertex 0.06503972 -0.045034964 0.20963022
  vertex 0.04371092 -0.06699432 0.20929466
  vertex 0.065040074 -0.06536522 0.20420651
 endloop
endfacet
facet normal -0.8574573 -0.13264854 0.49716327
 outer loop
  vertex -0.18629867 -0.026149303 0.12170379
  vertex -0.19760272 -0.022188082 0.10326459
  vertex -0.19760254 -0.032202937 0.10059283
 endloop
endfacet
facet normal -0.8574573 -0.13264841 0.49716324
 outer loop
  vertex -0.18629867 -0.026149303 0.12170379
  vertex -0.19760254 -0.032202937 0.10059283
  vertex -0.18629846 -0.03795243 0.11855495
 endloop
endfacet
facet normal 0.3365246 -0.24272533 0.9098547
 outer loop
  vertex 0.08574248 -0.04347875 0.20238812
  vertex 0.06503972 -0.045034964 0.20963022
  vertex 0.065040074 -0.06536522 0.20420651
 endloop
endfacet
facet normal 0.3365252 -0.2427259 0.90985435
 outer loop
  vertex 0.08574248 -0.04347875 0.20238812
  vertex 0.065040074 -0.06536522 0.20420651
  vertex 0.085742824 -0.063106626 0.19715178
 endloop
endfacet
facet normal -0.8028669 -0.15368196 0.5760092
 outer loop
  vertex -0.17320049 -0.029858733 0.13897091
  vertex -0.18629867 -0.026149303 0.12170379
  vertex -0.18629846 -0.03795243 0.11855495
 endloop
endfacet
facet normal -0.8028669 -0.15368186 0.5760092
 outer loop
  vertex -0.17320049 -0.029858733 0.13897091
  vertex -0.18629846 -0.03795243 0.11855495
  vertex -0.17320026 -0.043336455 0.1353753
 endloop
endfacet
facet normal 0.42713162 -0.23306206 0.8736364
 outer loop
  vertex 0.10561951 -0.041503783 0.19319686
  vertex 0.08574248 -0.04347875 0.20238812
  vertex 0.085742824 -0.063106626 0.19715178
 endloop
endfacet
facet normal 0.42713118 -0.23306155 0.8736368
 outer loop
  vertex 0.10561951 -0.041503783 0.19319686
  vertex 0.085742824 -0.063106626 0.19715178
  vertex 0.10561984 -0.060240254 0.18819834
 endloop
endfacet
facet normal -0.7405505 -0.1732305 0.64928895
 outer loop
  vertex -0.15843427 -0.033280592 0.15489966
  vertex -0.17320049 -0.029858733 0.13897091
  vertex -0.17320026 -0.043336455 0.1353753
 endloop
endfacet
facet normal -0.74055046 -0.1732307 0.649289
 outer loop
  vertex -0.15843427 -0.033280592 0.15489966
  vertex -0.17320026 -0.043336455 0.1353753
  vertex -0.158434 -0.048303116 0.15089194
 endloop
endfacet
facet normal 0.6711118 -0.26037493 0.69412804
 outer loop
  vertex 0.1584329 -0.048298325 0.15089466
  vertex 0.14214075 -0.05280026 0.16495787
  vertex 0.14214104 -0.068714395 0.15898801
 endloop
endfacet
facet normal 0.6711119 -0.26037496 0.69412804
 outer loop
  vertex 0.1584329 -0.048298325 0.15089466
  vertex 0.14214104 -0.068714395 0.15898801
  vertex 0.15843315 -0.0628557 0.14543378
 endloop
endfacet
facet normal -0.5136487 -0.30136257 0.80333406
 outer loop
  vertex -0.105621256 -0.060243413 0.18819652
  vertex -0.12448102 -0.0567975 0.17743036
  vertex -0.12448071 -0.073915154 0.17100905
 endloop
endfacet
facet normal -0.513649 -0.3013621 0.80333406
 outer loop
  vertex -0.105621256 -0.060243413 0.18819652
  vertex -0.12448071 -0.073915154 0.17100905
  vertex -0.10562093 -0.07839972 0.18138559
 endloop
endfacet
facet normal 0.7405466 -0.23601587 0.62919575
 outer loop
  vertex 0.17319925 -0.043331217 0.13537826
  vertex 0.1584329 -0.048298325 0.15089466
  vertex 0.15843315 -0.0628557 0.14543378
 endloop
endfacet
facet normal 0.74054646 -0.23601572 0.6291959
 outer loop
  vertex 0.17319925 -0.043331217 0.13537826
  vertex 0.15843315 -0.0628557 0.14543378
  vertex 0.17319949 -0.056391608 0.13047893
 endloop
endfacet
facet normal -0.42713717 -0.31758273 0.8465785
 outer loop
  vertex -0.08574429 -0.063109204 0.19715029
  vertex -0.105621256 -0.060243413 0.18819652
  vertex -0.10562093 -0.07839972 0.18138559
 endloop
endfacet
facet normal -0.42713645 -0.31758377 0.8465784
 outer loop
  vertex -0.08574429 -0.063109204 0.19715029
  vertex -0.10562093 -0.07839972 0.18138559
  vertex -0.08574394 -0.082129315 0.1900153
 endloop
endfacet
facet normal 0.80286187 -0.20937751 0.558188
 outer loop
  vertex 0.18629761 -0.037946798 0.11855812
  vertex 0.17319925 -0.043331217 0.13537826
  vertex 0.17319949 -0.056391608 0.13047893
 endloop
endfacet
facet normal 0.80286163 -0.20937698 0.5581886
 outer loop
  vertex 0.18629761 -0.037946798 0.11855812
  vertex 0.17319949 -0.056391608 0.13047893
  vertex 0.18629782 -0.049384452 0.11426755
 endloop
endfacet
facet normal -0.33653328 -0.33074787 0.88167524
 outer loop
  vertex -0.06504156 -0.065367185 0.20420542
  vertex -0.08574429 -0.063109204 0.19715029
  vertex -0.08574394 -0.082129315 0.1900153
 endloop
endfacet
facet normal -0.33653367 -0.3307474 0.8816753
 outer loop
  vertex -0.06504156 -0.065367185 0.20420542
  vertex -0.08574394 -0.082129315 0.1900153
  vertex -0.0650412 -0.08506793 0.19681512
 endloop
endfacet
facet normal 0.85745424 -0.1807141 0.48178273
 outer loop
  vertex 0.19760178 -0.032196965 0.10059623
  vertex 0.18629761 -0.037946798 0.11855812
  vertex 0.18629782 -0.049384452 0.11426755
 endloop
endfacet
facet normal 0.8574545 -0.18071492 0.48178196
 outer loop
  vertex 0.19760178 -0.032196965 0.10059623
  vertex 0.18629782 -0.049384452 0.11426755
  vertex 0.19760196 -0.041901715 0.09695569
 endloop
endfacet
facet normal -0.24270648 -0.34073076 0.90829295
 outer loop
  vertex -0.043712467 -0.06699564 0.20929392
  vertex -0.06504156 -0.065367185 0.20420542
  vertex -0.0650412 -0.08506793 0.19681512
 endloop
endfacet
facet normal -0.2427067 -0.34073058 0.908293
 outer loop
  vertex -0.043712467 -0.06699564 0.20929392
  vertex -0.0650412 -0.08506793 0.19681512
  vertex -0.0437121 -0.0871873 0.20171946
 endloop
endfacet
facet normal 0.90378904 -0.15030414 0.4007168
 outer loop
  vertex 0.20700297 -0.02613703 0.08166551
  vertex 0.19760178 -0.032196965 0.10059623
  vertex 0.19760196 -0.041901715 0.09695569
 endloop
endfacet
facet normal 0.9037893 -0.150305 0.40071607
 outer loop
  vertex 0.20700297 -0.02613703 0.08166551
  vertex 0.19760196 -0.041901715 0.09695569
  vertex 0.2070031 -0.034015417 0.078710094
 endloop
endfacet
facet normal -0.1465612 -0.3474381 0.9261785
 outer loop
  vertex -0.021962378 -0.06797894 0.21236685
  vertex -0.043712467 -0.06699564 0.20929392
  vertex -0.0437121 -0.0871873 0.20171946
 endloop
endfacet
facet normal -0.14656095 -0.34743837 0.92617846
 outer loop
  vertex -0.021962378 -0.06797894 0.21236685
  vertex -0.0437121 -0.0871873 0.20171946
  vertex -0.021962004 -0.08846703 0.20468119
 endloop
endfacet
facet normal -0.9891512 -0.051608562 0.13753694
 outer loop
  vertex -0.21975365 -0.01332948 0.04163091
  vertex -0.2229799 -0.006698694 0.020916153
  vertex -0.22297987 -0.008716596 0.020159181
 endloop
endfacet
facet normal -0.9891512 -0.051611982 0.1375362
 outer loop
  vertex -0.21975365 -0.01332948 0.04163091
  vertex -0.22297987 -0.008716596 0.020159181
  vertex -0.21975358 -0.017345851 0.040124256
 endloop
endfacet
facet normal 0.9414139 -0.118439384 0.31577218
 outer loop
  vertex 0.21441062 -0.019825418 0.061948378
  vertex 0.20700297 -0.02613703 0.08166551
  vertex 0.2070031 -0.034015417 0.078710094
 endloop
endfacet
facet normal 0.94141376 -0.11843889 0.3157725
 outer loop
  vertex 0.21441062 -0.019825418 0.061948378
  vertex 0.2070031 -0.034015417 0.078710094
  vertex 0.21441072 -0.025801573 0.05970655
 endloop
endfacet
facet normal -0.049011074 -0.35080737 0.9351642
 outer loop
  vertex -7.783866e-07 -0.068307504 0.21339458
  vertex -0.021962378 -0.06797894 0.21236685
  vertex -0.021962004 -0.08846703 0.20468119
 endloop
endfacet
facet normal -0.049010143 -0.35080826 0.9351639
 outer loop
  vertex -7.783866e-07 -0.068307504 0.21339458
  vertex -0.021962004 -0.08846703 0.20468119
  vertex -4.0138596e-07 -0.088894725 0.20567171
 endloop
endfacet
facet normal -0.96996284 -0.08545321 0.22774962
 outer loop
  vertex -0.21441106 -0.01983189 0.06194471
  vertex -0.21975365 -0.01332948 0.04163091
  vertex -0.21975358 -0.017345851 0.040124256
 endloop
endfacet
facet normal -0.9699629 -0.08545237 0.22774969
 outer loop
  vertex -0.21441106 -0.01983189 0.06194471
  vertex -0.21975358 -0.017345851 0.040124256
  vertex -0.21441096 -0.025808046 0.05970288
 endloop
endfacet
facet normal 0.96996146 -0.08542474 0.22776628
 outer loop
  vertex 0.21975337 -0.013322839 0.041634653
  vertex 0.21441062 -0.019825418 0.061948378
  vertex 0.21441072 -0.025801573 0.05970655
 endloop
endfacet
facet normal 0.9699614 -0.08542376 0.22776693
 outer loop
  vertex 0.21975337 -0.013322839 0.041634653
  vertex 0.21441072 -0.025801573 0.05970655
  vertex 0.21975344 -0.01733921 0.040128
 endloop
endfacet
facet normal 0.04900534 -0.35080677 0.9351647
 outer loop
  vertex 0.021960804 -0.06797827 0.21236724
  vertex -7.783866e-07 -0.068307504 0.21339458
  vertex -4.0138596e-07 -0.088894725 0.20567171
 endloop
endfacet
facet normal 0.049004424 -0.35080594 0.9351651
 outer loop
  vertex 0.021960804 -0.06797827 0.21236724
  vertex -4.0138596e-07 -0.088894725 0.20567171
  vertex 0.021961179 -0.08846636 0.20468158
 endloop
endfacet
facet normal -0.94141585 -0.11846579 0.31575656
 outer loop
  vertex -0.20700356 -0.026143288 0.08166197
  vertex -0.21441106 -0.01983189 0.06194471
  vertex -0.21441096 -0.025808046 0.05970288
 endloop
endfacet
facet normal -0.94141585 -0.11846519 0.31575656
 outer loop
  vertex -0.20700356 -0.026143288 0.08166197
  vertex -0.21441096 -0.025808046 0.05970288
  vertex -0.20700343 -0.03402168 0.07870656
 endloop
endfacet
facet normal 0.9891505 -0.05158127 0.13755207
 outer loop
  vertex 0.22297975 -0.006691954 0.020919949
  vertex 0.21975337 -0.013322839 0.041634653
  vertex 0.21975344 -0.01733921 0.040128
 endloop
endfacet
facet normal 0.9891506 -0.051584493 0.1375503
 outer loop
  vertex 0.22297975 -0.006691954 0.020919949
  vertex 0.21975344 -0.01733921 0.040128
  vertex 0.22297978 -0.008709856 0.020162975
 endloop
endfacet
facet normal 0.14655639 -0.3474339 0.9261808
 outer loop
  vertex 0.04371092 -0.06699432 0.20929466
  vertex 0.021960804 -0.06797827 0.21236724
  vertex 0.021961179 -0.08846636 0.20468158
 endloop
endfacet
facet normal 0.14655615 -0.3474337 0.92618096
 outer loop
  vertex 0.04371092 -0.06699432 0.20929466
  vertex 0.021961179 -0.08846636 0.20468158
  vertex 0.04371129 -0.08718597 0.20172021
 endloop
endfacet
facet normal -0.90379167 -0.15032978 0.40070134
 outer loop
  vertex -0.19760254 -0.032202937 0.10059283
  vertex -0.20700356 -0.026143288 0.08166197
  vertex -0.20700343 -0.03402168 0.07870656
 endloop
endfacet
facet normal -0.90379137 -0.15033138 0.40070134
 outer loop
  vertex -0.19760254 -0.032202937 0.10059283
  vertex -0.20700343 -0.03402168 0.07870656
  vertex -0.19760236 -0.041907683 0.0969523
 endloop
endfacet
facet normal 0.2427018 -0.34072316 0.90829706
 outer loop
  vertex 0.065040074 -0.06536522 0.20420651
  vertex 0.04371092 -0.06699432 0.20929466
  vertex 0.04371129 -0.08718597 0.20172021
 endloop
endfacet
facet normal 0.24270208 -0.34072343 0.9082969
 outer loop
  vertex 0.065040074 -0.06536522 0.20420651
  vertex 0.04371129 -0.08718597 0.20172021
  vertex 0.06504043 -0.08506596 0.1968162
 endloop
endfacet
facet normal -0.85745645 -0.18074122 0.48176867
 outer loop
  vertex -0.18629846 -0.03795243 0.11855495
  vertex -0.19760254 -0.032202937 0.10059283
  vertex -0.19760236 -0.041907683 0.0969523
 endloop
endfacet
facet normal -0.8574568 -0.18074009 0.48176858
 outer loop
  vertex -0.18629846 -0.03795243 0.11855495
  vertex -0.19760236 -0.041907683 0.0969523
  vertex -0.18629825 -0.049390085 0.11426438
 endloop
endfacet
facet normal 0.3365267 -0.33073753 0.88168156
 outer loop
  vertex 0.085742824 -0.063106626 0.19715178
  vertex 0.065040074 -0.06536522 0.20420651
  vertex 0.06504043 -0.08506596 0.1968162
 endloop
endfacet
facet normal 0.33652693 -0.3307378 0.88168144
 outer loop
  vertex 0.085742824 -0.063106626 0.19715178
  vertex 0.06504043 -0.08506596 0.1968162
  vertex 0.085743174 -0.08212674 0.19001679
 endloop
endfacet
facet normal -0.80286586 -0.20940058 0.5581735
 outer loop
  vertex -0.17320026 -0.043336455 0.1353753
  vertex -0.18629846 -0.03795243 0.11855495
  vertex -0.18629825 -0.049390085 0.11426438
 endloop
endfacet
facet normal -0.8028657 -0.20940134 0.55817354
 outer loop
  vertex -0.17320026 -0.043336455 0.1353753
  vertex -0.18629825 -0.049390085 0.11426438
  vertex -0.17320003 -0.056396846 0.13047598
 endloop
endfacet
facet normal 0.4271327 -0.3175706 0.8465853
 outer loop
  vertex 0.10561984 -0.060240254 0.18819834
  vertex 0.085742824 -0.063106626 0.19715178
  vertex 0.085743174 -0.08212674 0.19001679
 endloop
endfacet
facet normal 0.42713323 -0.3175711 0.8465848
 outer loop
  vertex 0.10561984 -0.060240254 0.18819834
  vertex 0.085743174 -0.08212674 0.19001679
  vertex 0.10562017 -0.07839656 0.18138738
 endloop
endfacet
facet normal -0.74054927 -0.2360383 0.6291841
 outer loop
  vertex -0.158434 -0.048303116 0.15089194
  vertex -0.17320026 -0.043336455 0.1353753
  vertex -0.17320003 -0.056396846 0.13047598
 endloop
endfacet
facet normal -0.7405497 -0.2360373 0.62918395
 outer loop
  vertex -0.158434 -0.048303116 0.15089194
  vertex -0.17320003 -0.056396846 0.13047598
  vertex -0.15843375 -0.06286048 0.14543107
 endloop
endfacet
facet normal 0.5136447 -0.3013479 0.8033421
 outer loop
  vertex 0.124479696 -0.056793727 0.17743249
  vertex 0.10561984 -0.060240254 0.18819834
  vertex 0.10562017 -0.07839656 0.18138738
 endloop
endfacet
facet normal 0.51364386 -0.30134708 0.803343
 outer loop
  vertex 0.124479696 -0.056793727 0.17743249
  vertex 0.10562017 -0.07839656 0.18138738
  vertex 0.12448001 -0.073911384 0.17101118
 endloop
endfacet
facet normal -0.6711164 -0.26039413 0.6941165
 outer loop
  vertex -0.14214197 -0.052804563 0.16495544
  vertex -0.158434 -0.048303116 0.15089194
  vertex -0.15843375 -0.06286048 0.14543107
 endloop
endfacet
facet normal -0.67111546 -0.260396 0.6941167
 outer loop
  vertex -0.14214197 -0.052804563 0.16495544
  vertex -0.15843375 -0.06286048 0.14543107
  vertex -0.14214167 -0.06871869 0.15898558
 endloop
endfacet
facet normal 0.5952344 -0.28222087 0.7523612
 outer loop
  vertex 0.14214075 -0.05280026 0.16495787
  vertex 0.124479696 -0.056793727 0.17743249
  vertex 0.12448001 -0.073911384 0.17101118
 endloop
endfacet
facet normal 0.5952347 -0.28222117 0.7523609
 outer loop
  vertex 0.14214075 -0.05280026 0.16495787
  vertex 0.12448001 -0.073911384 0.17101118
  vertex 0.14214104 -0.068714395 0.15898801
 endloop
endfacet
facet normal -0.59523886 -0.2822398 0.75235057
 outer loop
  vertex -0.12448102 -0.0567975 0.17743036
  vertex -0.14214197 -0.052804563 0.16495544
  vertex -0.14214167 -0.06871869 0.15898558
 endloop
endfacet
facet normal -0.5952395 -0.2822387 0.75235045
 outer loop
  vertex -0.12448102 -0.0567975 0.17743036
  vertex -0.14214167 -0.06871869 0.15898558
  vertex -0.12448071 -0.073915154 0.17100905
 endloop
endfacet
facet normal 0.8028627 -0.26308033 0.5349769
 outer loop
  vertex 0.18629782 -0.049384452 0.11426755
  vertex 0.17319949 -0.056391608 0.13047893
  vertex 0.17319974 -0.0689089 0.12432305
 endloop
endfacet
facet normal 0.8028631 -0.26308116 0.5349758
 outer loop
  vertex 0.18629782 -0.049384452 0.11426755
  vertex 0.17319974 -0.0689089 0.12432305
  vertex 0.18629803 -0.06034647 0.10887653
 endloop
endfacet
facet normal -0.33653197 -0.41557515 0.84501094
 outer loop
  vertex -0.0650412 -0.08506793 0.19681512
  vertex -0.08574394 -0.082129315 0.1900153
  vertex -0.08574359 -0.100358486 0.18105036
 endloop
endfacet
facet normal -0.33653253 -0.4155745 0.845011
 outer loop
  vertex -0.0650412 -0.08506793 0.19681512
  vertex -0.08574359 -0.100358486 0.18105036
  vertex -0.065040834 -0.10394943 0.18752939
 endloop
endfacet
facet normal 0.85745525 -0.22706711 0.4617476
 outer loop
  vertex 0.19760196 -0.041901715 0.09695569
  vertex 0.18629782 -0.049384452 0.11426755
  vertex 0.18629803 -0.06034647 0.10887653
 endloop
endfacet
facet normal 0.85745513 -0.22706647 0.46174836
 outer loop
  vertex 0.19760196 -0.041901715 0.09695569
  vertex 0.18629803 -0.06034647 0.10887653
  vertex 0.19760214 -0.0512029 0.09238146
 endloop
endfacet
facet normal -0.2427051 -0.42811874 0.870522
 outer loop
  vertex -0.0437121 -0.0871873 0.20171946
  vertex -0.0650412 -0.08506793 0.19681512
  vertex -0.065040834 -0.10394943 0.18752939
 endloop
endfacet
facet normal -0.24270557 -0.42811826 0.87052214
 outer loop
  vertex -0.0437121 -0.0871873 0.20171946
  vertex -0.065040834 -0.10394943 0.18752939
  vertex -0.043711726 -0.10653929 0.19220236
 endloop
endfacet
facet normal 0.90379 -0.18885607 0.38405353
 outer loop
  vertex 0.2070031 -0.034015417 0.078710094
  vertex 0.19760196 -0.041901715 0.09695569
  vertex 0.19760214 -0.0512029 0.09238146
 endloop
endfacet
facet normal 0.90378994 -0.1888559 0.38405365
 outer loop
  vertex 0.2070031 -0.034015417 0.078710094
  vertex 0.19760214 -0.0512029 0.09238146
  vertex 0.20700325 -0.041566186 0.0749967
 endloop
endfacet
facet normal -0.14655936 -0.43654656 0.887664
 outer loop
  vertex -0.021962004 -0.08846703 0.20468119
  vertex -0.0437121 -0.0871873 0.20171946
  vertex -0.043711726 -0.10653929 0.19220236
 endloop
endfacet
facet normal -0.146558 -0.4365479 0.88766354
 outer loop
  vertex -0.021962004 -0.08846703 0.20468119
  vertex -0.043711726 -0.10653929 0.19220236
  vertex -0.021961624 -0.108103134 0.19502433
 endloop
endfacet
facet normal -0.9891509 -0.06484829 0.13181521
 outer loop
  vertex -0.21975358 -0.017345851 0.040124256
  vertex -0.22297987 -0.008716596 0.020159181
  vertex -0.22297983 -0.010650585 0.019208064
 endloop
endfacet
facet normal -0.98915094 -0.064845085 0.13181625
 outer loop
  vertex -0.21975358 -0.017345851 0.040124256
  vertex -0.22297983 -0.010650585 0.019208064
  vertex -0.2197535 -0.021195205 0.038231183
 endloop
endfacet
facet normal 0.94141436 -0.14881779 0.3026422
 outer loop
  vertex 0.21441072 -0.025801573 0.05970655
  vertex 0.2070031 -0.034015417 0.078710094
  vertex 0.20700325 -0.041566186 0.0749967
 endloop
endfacet
facet normal 0.9414145 -0.14881893 0.30264112
 outer loop
  vertex 0.21441072 -0.025801573 0.05970655
  vertex 0.20700325 -0.041566186 0.0749967
  vertex 0.21441083 -0.031529214 0.05688975
 endloop
endfacet
facet normal -0.049008377 -0.44078138 0.8962756
 outer loop
  vertex -4.0138596e-07 -0.088894725 0.20567171
  vertex -0.021962004 -0.08846703 0.20468119
  vertex -0.021961624 -0.108103134 0.19502433
 endloop
endfacet
facet normal -0.04900953 -0.4407803 0.89627606
 outer loop
  vertex -4.0138596e-07 -0.088894725 0.20567171
  vertex -0.021961624 -0.108103134 0.19502433
  vertex -2.0426562e-08 -0.108625844 0.19596815
 endloop
endfacet
facet normal -0.96996254 -0.107365824 0.21827826
 outer loop
  vertex -0.21441096 -0.025808046 0.05970288
  vertex -0.21975358 -0.017345851 0.040124256
  vertex -0.2197535 -0.021195205 0.038231183
 endloop
endfacet
facet normal -0.9699624 -0.10736509 0.21827841
 outer loop
  vertex -0.21441096 -0.025808046 0.05970288
  vertex -0.2197535 -0.021195205 0.038231183
  vertex -0.21441086 -0.031535685 0.056886077
 endloop
endfacet
facet normal 0.96996176 -0.10733787 0.21829522
 outer loop
  vertex 0.21975344 -0.01733921 0.040128
  vertex 0.21441072 -0.025801573 0.05970655
  vertex 0.21441083 -0.031529214 0.05688975
 endloop
endfacet
facet normal 0.96996164 -0.10733711 0.21829584
 outer loop
  vertex 0.21975344 -0.01733921 0.040128
  vertex 0.21441083 -0.031529214 0.05688975
  vertex 0.21975352 -0.021188563 0.038234923
 endloop
endfacet
facet normal 0.049006086 -0.44077885 0.89627695
 outer loop
  vertex 0.021961179 -0.08846636 0.20468158
  vertex -4.0138596e-07 -0.088894725 0.20567171
  vertex -2.0426562e-08 -0.108625844 0.19596815
 endloop
endfacet
facet normal 0.049007237 -0.44077986 0.8962764
 outer loop
  vertex 0.021961179 -0.08846636 0.20468158
  vertex -2.0426562e-08 -0.108625844 0.19596815
  vertex 0.021961559 -0.10810246 0.19502471
 endloop
endfacet
facet normal -0.94141537 -0.14884576 0.30262548
 outer loop
  vertex -0.20700343 -0.03402168 0.07870656
  vertex -0.21441096 -0.025808046 0.05970288
  vertex -0.21441086 -0.031535685 0.056886077
 endloop
endfacet
facet normal -0.9414152 -0.14884697 0.30262533
 outer loop
  vertex -0.20700343 -0.03402168 0.07870656
  vertex -0.21441086 -0.031535685 0.056886077
  vertex -0.20700328 -0.041572444 0.07499316
 endloop
endfacet
facet normal 0.98915094 -0.06481462 0.13183199
 outer loop
  vertex 0.22297978 -0.008709856 0.020162975
  vertex 0.21975344 -0.01733921 0.040128
  vertex 0.21975352 -0.021188563 0.038234923
 endloop
endfacet
facet normal 0.98915076 -0.06481168 0.13183397
 outer loop
  vertex 0.22297978 -0.008709856 0.020162975
  vertex 0.21975352 -0.021188563 0.038234923
  vertex 0.22297983 -0.0106438445 0.01921186
 endloop
endfacet
facet normal 0.14655788 -0.43654338 0.88766587
 outer loop
  vertex 0.04371129 -0.08718597 0.20172021
  vertex 0.021961179 -0.08846636 0.20468158
  vertex 0.021961559 -0.10810246 0.19502471
 endloop
endfacet
facet normal 0.14655654 -0.43654227 0.8876666
 outer loop
  vertex 0.04371129 -0.08718597 0.20172021
  vertex 0.021961559 -0.10810246 0.19502471
  vertex 0.043711662 -0.10653796 0.1922031
 endloop
endfacet
facet normal -0.9037907 -0.1888843 0.38403797
 outer loop
  vertex -0.19760236 -0.041907683 0.0969523
  vertex -0.20700343 -0.03402168 0.07870656
  vertex -0.20700328 -0.041572444 0.07499316
 endloop
endfacet
facet normal -0.9037908 -0.18888356 0.38403806
 outer loop
  vertex -0.19760236 -0.041907683 0.0969523
  vertex -0.20700328 -0.041572444 0.07499316
  vertex -0.19760218 -0.051208865 0.092378065
 endloop
endfacet
facet normal 0.24270374 -0.42811093 0.87052625
 outer loop
  vertex 0.06504043 -0.08506596 0.1968162
  vertex 0.04371129 -0.08718597 0.20172021
  vertex 0.043711662 -0.10653796 0.1922031
 endloop
endfacet
facet normal 0.24270399 -0.42811114 0.8705261
 outer loop
  vertex 0.06504043 -0.08506596 0.1968162
  vertex 0.043711662 -0.10653796 0.1922031
  vertex 0.0650408 -0.10394747 0.18753047
 endloop
endfacet
facet normal -0.85745585 -0.22709283 0.46173403
 outer loop
  vertex -0.18629825 -0.049390085 0.11426438
  vertex -0.19760236 -0.041907683 0.0969523
  vertex -0.19760218 -0.051208865 0.092378065
 endloop
endfacet
facet normal -0.85745573 -0.22709307 0.461734
 outer loop
  vertex -0.18629825 -0.049390085 0.11426438
  vertex -0.19760218 -0.051208865 0.092378065
  vertex -0.18629804 -0.060352102 0.10887335
 endloop
endfacet
facet normal 0.33652845 -0.41556454 0.84501755
 outer loop
  vertex 0.085743174 -0.08212674 0.19001679
  vertex 0.06504043 -0.08506596 0.1968162
  vertex 0.0650408 -0.10394747 0.18753047
 endloop
endfacet
facet normal 0.33652815 -0.41556427 0.84501785
 outer loop
  vertex 0.085743174 -0.08212674 0.19001679
  vertex 0.0650408 -0.10394747 0.18753047
  vertex 0.085743524 -0.10035591 0.18105188
 endloop
endfacet
facet normal -0.8028647 -0.26310483 0.5349618
 outer loop
  vertex -0.17320003 -0.056396846 0.13047598
  vertex -0.18629825 -0.049390085 0.11426438
  vertex -0.18629804 -0.060352102 0.10887335
 endloop
endfacet
facet normal -0.8028645 -0.2631055 0.5349618
 outer loop
  vertex -0.17320003 -0.056396846 0.13047598
  vertex -0.18629804 -0.060352102 0.10887335
  vertex -0.17319977 -0.06891413 0.1243201
 endloop
endfacet
facet normal 0.42713472 -0.39902017 0.8113808
 outer loop
  vertex 0.10562017 -0.07839656 0.18138738
  vertex 0.085743174 -0.08212674 0.19001679
  vertex 0.085743524 -0.10035591 0.18105188
 endloop
endfacet
facet normal 0.4271354 -0.39902073 0.8113802
 outer loop
  vertex 0.10562017 -0.07839656 0.18138738
  vertex 0.085743524 -0.10035591 0.18105188
  vertex 0.1056205 -0.09579784 0.1728296
 endloop
endfacet
facet normal -0.7405486 -0.29657406 0.6030187
 outer loop
  vertex -0.15843375 -0.06286048 0.14543107
  vertex -0.17320003 -0.056396846 0.13047598
  vertex -0.17319977 -0.06891413 0.1243201
 endloop
endfacet
facet normal -0.74054873 -0.29657382 0.60301876
 outer loop
  vertex -0.15843375 -0.06286048 0.14543107
  vertex -0.17319977 -0.06891413 0.1243201
  vertex -0.15843347 -0.07681249 0.13856961
 endloop
endfacet
facet normal 0.51364535 -0.37863746 0.7699364
 outer loop
  vertex 0.12448001 -0.073911384 0.17101118
  vertex 0.10562017 -0.07839656 0.18138738
  vertex 0.1056205 -0.09579784 0.1728296
 endloop
endfacet
facet normal 0.51364493 -0.37863708 0.76993686
 outer loop
  vertex 0.12448001 -0.073911384 0.17101118
  vertex 0.1056205 -0.09579784 0.1728296
  vertex 0.12448033 -0.09031721 0.16294296
 endloop
endfacet
facet normal -0.6711141 -0.32717812 0.6652521
 outer loop
  vertex -0.14214167 -0.06871869 0.15898558
  vertex -0.15843375 -0.06286048 0.14543107
  vertex -0.15843347 -0.07681249 0.13856961
 endloop
endfacet
facet normal -0.671115 -0.3271763 0.66525203
 outer loop
  vertex -0.14214167 -0.06871869 0.15898558
  vertex -0.15843347 -0.07681249 0.13856961
  vertex -0.14214139 -0.083971046 0.15148464
 endloop
endfacet
facet normal 0.595236 -0.35460562 0.7210749
 outer loop
  vertex 0.14214104 -0.068714395 0.15898801
  vertex 0.12448001 -0.073911384 0.17101118
  vertex 0.12448033 -0.09031721 0.16294296
 endloop
endfacet
facet normal 0.595236 -0.3546056 0.7210748
 outer loop
  vertex 0.14214104 -0.068714395 0.15898801
  vertex 0.12448033 -0.09031721 0.16294296
  vertex 0.14214133 -0.08396676 0.15148707
 endloop
endfacet
facet normal -0.59523827 -0.35462287 0.72106457
 outer loop
  vertex -0.12448071 -0.073915154 0.17100905
  vertex -0.14214167 -0.06871869 0.15898558
  vertex -0.14214139 -0.083971046 0.15148464
 endloop
endfacet
facet normal -0.5952381 -0.35462317 0.72106457
 outer loop
  vertex -0.12448071 -0.073915154 0.17100905
  vertex -0.14214139 -0.083971046 0.15148464
  vertex -0.12448039 -0.09032098 0.16294084
 endloop
endfacet
facet normal 0.67111313 -0.32715684 0.6652636
 outer loop
  vertex 0.15843315 -0.0628557 0.14543378
  vertex 0.14214104 -0.068714395 0.15898801
  vertex 0.14214133 -0.08396676 0.15148707
 endloop
endfacet
facet normal 0.67111295 -0.32715666 0.66526383
 outer loop
  vertex 0.15843315 -0.0628557 0.14543378
  vertex 0.14214133 -0.08396676 0.15148707
  vertex 0.15843344 -0.07680771 0.13857232
 endloop
endfacet
facet normal -0.51364744 -0.37865198 0.7699279
 outer loop
  vertex -0.10562093 -0.07839972 0.18138559
  vertex -0.12448071 -0.073915154 0.17100905
  vertex -0.12448039 -0.09032098 0.16294084
 endloop
endfacet
facet normal -0.5136465 -0.37865353 0.76992786
 outer loop
  vertex -0.10562093 -0.07839972 0.18138559
  vertex -0.12448039 -0.09032098 0.16294084
  vertex -0.10562059 -0.095801 0.1728278
 endloop
endfacet
facet normal 0.74054766 -0.29655012 0.6030317
 outer loop
  vertex 0.17319949 -0.056391608 0.13047893
  vertex 0.15843315 -0.0628557 0.14543378
  vertex 0.15843344 -0.07680771 0.13857232
 endloop
endfacet
facet normal 0.7405477 -0.2965502 0.6030315
 outer loop
  vertex 0.17319949 -0.056391608 0.13047893
  vertex 0.15843344 -0.07680771 0.13857232
  vertex 0.17319974 -0.0689089 0.12432305
 endloop
endfacet
facet normal -0.42713502 -0.39903453 0.8113736
 outer loop
  vertex -0.08574394 -0.082129315 0.1900153
  vertex -0.10562093 -0.07839972 0.18138559
  vertex -0.10562059 -0.095801 0.1728278
 endloop
endfacet
facet normal -0.42713508 -0.39903435 0.81137365
 outer loop
  vertex -0.08574394 -0.082129315 0.1900153
  vertex -0.10562059 -0.095801 0.1728278
  vertex -0.08574359 -0.100358486 0.18105036
 endloop
endfacet
facet normal 0.90379065 -0.22558999 0.36369166
 outer loop
  vertex 0.20700325 -0.041566186 0.0749967
  vertex 0.19760214 -0.0512029 0.09238146
  vertex 0.19760232 -0.060010947 0.08691758
 endloop
endfacet
facet normal 0.9037906 -0.22558975 0.36369202
 outer loop
  vertex 0.20700325 -0.041566186 0.0749967
  vertex 0.19760232 -0.060010947 0.08691758
  vertex 0.2070034 -0.048716623 0.07056108
 endloop
endfacet
facet normal -0.14655645 -0.52145183 0.8406005
 outer loop
  vertex -0.021961624 -0.108103134 0.19502433
  vertex -0.043711726 -0.10653929 0.19220236
  vertex -0.043711353 -0.12486525 0.18083423
 endloop
endfacet
facet normal -0.14655648 -0.52145183 0.8406005
 outer loop
  vertex -0.021961624 -0.108103134 0.19502433
  vertex -0.043711353 -0.12486525 0.18083423
  vertex -0.021961244 -0.12669814 0.18348931
 endloop
endfacet
facet normal -0.98915076 -0.07745085 0.12482874
 outer loop
  vertex -0.2197535 -0.021195205 0.038231183
  vertex -0.22297983 -0.010650585 0.019208064
  vertex -0.2229798 -0.012482036 0.018071964
 endloop
endfacet
facet normal -0.9891507 -0.07745407 0.12482728
 outer loop
  vertex -0.2197535 -0.021195205 0.038231183
  vertex -0.2229798 -0.012482036 0.018071964
  vertex -0.21975343 -0.024840469 0.035969924
 endloop
endfacet
facet normal 0.9414151 -0.17776433 0.28659642
 outer loop
  vertex 0.21441083 -0.031529214 0.05688975
  vertex 0.20700325 -0.041566186 0.0749967
  vertex 0.2070034 -0.048716623 0.07056108
 endloop
endfacet
facet normal 0.94141495 -0.17776367 0.28659722
 outer loop
  vertex 0.21441083 -0.031529214 0.05688975
  vertex 0.2070034 -0.048716623 0.07056108
  vertex 0.21441095 -0.036953185 0.05352511
 endloop
endfacet
facet normal -0.049007732 -0.52650887 0.8487559
 outer loop
  vertex -2.0426562e-08 -0.108625844 0.19596815
  vertex -0.021961624 -0.108103134 0.19502433
  vertex -0.021961244 -0.12669814 0.18348931
 endloop
endfacet
facet normal -0.049008004 -0.5265087 0.848756
 outer loop
  vertex -2.0426562e-08 -0.108625844 0.19596815
  vertex -0.021961244 -0.12669814 0.18348931
  vertex 3.6082272e-07 -0.12731084 0.18437731
 endloop
endfacet
facet normal -0.9699622 -0.12824455 0.20670475
 outer loop
  vertex -0.21441086 -0.031535685 0.056886077
  vertex -0.2197535 -0.021195205 0.038231183
  vertex -0.21975343 -0.024840469 0.035969924
 endloop
endfacet
facet normal -0.9699621 -0.1282456 0.20670444
 outer loop
  vertex -0.21441086 -0.031535685 0.056886077
  vertex -0.21975343 -0.024840469 0.035969924
  vertex -0.21441074 -0.036959656 0.053521443
 endloop
endfacet
facet normal 0.96996206 -0.12821484 0.20672312
 outer loop
  vertex 0.21975352 -0.021188563 0.038234923
  vertex 0.21441083 -0.031529214 0.05688975
  vertex 0.21441095 -0.036953185 0.05352511
 endloop
endfacet
facet normal 0.9699622 -0.12821572 0.20672221
 outer loop
  vertex 0.21975352 -0.021188563 0.038234923
  vertex 0.21441095 -0.036953185 0.05352511
  vertex 0.2197536 -0.024833826 0.035973664
 endloop
endfacet
facet normal 0.049008895 -0.52650714 0.84875697
 outer loop
  vertex 0.021961559 -0.10810246 0.19502471
  vertex -2.0426562e-08 -0.108625844 0.19596815
  vertex 3.6082272e-07 -0.12731084 0.18437731
 endloop
endfacet
facet normal 0.04900881 -0.5265071 0.84875697
 outer loop
  vertex 0.021961559 -0.10810246 0.19502471
  vertex 3.6082272e-07 -0.12731084 0.18437731
  vertex 0.021961939 -0.12669748 0.1834897
 endloop
endfacet
facet normal -0.94141454 -0.17779382 0.28657985
 outer loop
  vertex -0.20700328 -0.041572444 0.07499316
  vertex -0.21441086 -0.031535685 0.056886077
  vertex -0.21441074 -0.036959656 0.053521443
 endloop
endfacet
facet normal -0.94141465 -0.17779338 0.28658
 outer loop
  vertex -0.20700328 -0.041572444 0.07499316
  vertex -0.21441074 -0.036959656 0.053521443
  vertex -0.20700313 -0.04872288 0.07055754
 endloop
endfacet
facet normal 0.98915106 -0.077423476 0.124843165
 outer loop
  vertex 0.22297983 -0.0106438445 0.01921186
  vertex 0.21975352 -0.021188563 0.038234923
  vertex 0.2197536 -0.024833826 0.035973664
 endloop
endfacet
facet normal 0.9891511 -0.077426255 0.12484077
 outer loop
  vertex 0.22297983 -0.0106438445 0.01921186
  vertex 0.2197536 -0.024833826 0.035973664
  vertex 0.22297986 -0.012475294 0.018075759
 endloop
endfacet
facet normal 0.14655834 -0.52144706 0.8406031
 outer loop
  vertex 0.043711662 -0.10653796 0.1922031
  vertex 0.021961559 -0.10810246 0.19502471
  vertex 0.021961939 -0.12669748 0.1834897
 endloop
endfacet
facet normal 0.14655873 -0.52144736 0.8406029
 outer loop
  vertex 0.043711662 -0.10653796 0.1922031
  vertex 0.021961939 -0.12669748 0.1834897
  vertex 0.043712035 -0.12486392 0.18083498
 endloop
endfacet
facet normal -0.90379 -0.22561751 0.36367607
 outer loop
  vertex -0.19760218 -0.051208865 0.092378065
  vertex -0.20700328 -0.041572444 0.07499316
  vertex -0.20700313 -0.04872288 0.07055754
 endloop
endfacet
facet normal -0.9037902 -0.22561687 0.36367622
 outer loop
  vertex -0.19760218 -0.051208865 0.092378065
  vertex -0.20700313 -0.04872288 0.07055754
  vertex -0.197602 -0.060016908 0.08691419
 endloop
endfacet
facet normal 0.24270561 -0.5113765 0.82437134
 outer loop
  vertex 0.0650408 -0.10394747 0.18753047
  vertex 0.043711662 -0.10653796 0.1922031
  vertex 0.043712035 -0.12486392 0.18083498
 endloop
endfacet
facet normal 0.24270512 -0.51137614 0.8243717
 outer loop
  vertex 0.0650408 -0.10394747 0.18753047
  vertex 0.043712035 -0.12486392 0.18083498
  vertex 0.06504116 -0.12182788 0.17643875
 endloop
endfacet
facet normal -0.85745496 -0.2712578 0.43725315
 outer loop
  vertex -0.18629804 -0.060352102 0.10887335
  vertex -0.19760218 -0.051208865 0.092378065
  vertex -0.197602 -0.060016908 0.08691419
 endloop
endfacet
facet normal -0.8574548 -0.2712581 0.43725306
 outer loop
  vertex -0.18629804 -0.060352102 0.10887335
  vertex -0.197602 -0.060016908 0.08691419
  vertex -0.18629783 -0.07073293 0.10243382
 endloop
endfacet
facet normal 0.3365298 -0.49638954 0.80021566
 outer loop
  vertex 0.085743524 -0.10035591 0.18105188
  vertex 0.0650408 -0.10394747 0.18753047
  vertex 0.06504116 -0.12182788 0.17643875
 endloop
endfacet
facet normal 0.3365299 -0.49638966 0.80021554
 outer loop
  vertex 0.085743524 -0.10035591 0.18105188
  vertex 0.06504116 -0.12182788 0.17643875
  vertex 0.08574388 -0.1176186 0.17034334
 endloop
endfacet
facet normal -0.8028634 -0.31427398 0.50659853
 outer loop
  vertex -0.17319977 -0.06891413 0.1243201
  vertex -0.18629804 -0.060352102 0.10887335
  vertex -0.18629783 -0.07073293 0.10243382
 endloop
endfacet
facet normal -0.8028635 -0.31427392 0.50659865
 outer loop
  vertex -0.17319977 -0.06891413 0.1243201
  vertex -0.18629783 -0.07073293 0.10243382
  vertex -0.17319953 -0.08076776 0.11696695
 endloop
endfacet
facet normal 0.42713693 -0.47662798 0.7683618
 outer loop
  vertex 0.1056205 -0.09579784 0.1728296
  vertex 0.085743524 -0.10035591 0.18105188
  vertex 0.08574388 -0.1176186 0.17034334
 endloop
endfacet
facet normal 0.42713726 -0.4766282 0.76836145
 outer loop
  vertex 0.1056205 -0.09579784 0.1728296
  vertex 0.08574388 -0.1176186 0.17034334
  vertex 0.105620846 -0.112276524 0.16260739
 endloop
endfacet
facet normal -0.7405476 -0.354252 0.5710471
 outer loop
  vertex -0.15843347 -0.07681249 0.13856961
  vertex -0.17319977 -0.06891413 0.1243201
  vertex -0.17319953 -0.08076776 0.11696695
 endloop
endfacet
facet normal -0.74054766 -0.35425174 0.5710471
 outer loop
  vertex -0.15843347 -0.07681249 0.13856961
  vertex -0.17319953 -0.08076776 0.11696695
  vertex -0.1584332 -0.09002477 0.13037366
 endloop
endfacet
facet normal 0.5136464 -0.45228097 0.7291155
 outer loop
  vertex 0.12448033 -0.09031721 0.16294296
  vertex 0.1056205 -0.09579784 0.1728296
  vertex 0.105620846 -0.112276524 0.16260739
 endloop
endfacet
facet normal 0.5136464 -0.45228094 0.72911537
 outer loop
  vertex 0.12448033 -0.09031721 0.16294296
  vertex 0.105620846 -0.112276524 0.16260739
  vertex 0.12448064 -0.105853215 0.15330553
 endloop
endfacet
facet normal -0.67111367 -0.3908083 0.6299803
 outer loop
  vertex -0.14214139 -0.083971046 0.15148464
  vertex -0.15843347 -0.07681249 0.13856961
  vertex -0.1584332 -0.09002477 0.13037366
 endloop
endfacet
facet normal -0.6711133 -0.39080915 0.62998027
 outer loop
  vertex -0.14214139 -0.083971046 0.15148464
  vertex -0.1584332 -0.09002477 0.13037366
  vertex -0.14214109 -0.098414734 0.1425248
 endloop
endfacet
facet normal 0.59523743 -0.42357588 0.68284404
 outer loop
  vertex 0.14214133 -0.08396676 0.15148707
  vertex 0.12448033 -0.09031721 0.16294296
  vertex 0.12448064 -0.105853215 0.15330553
 endloop
endfacet
facet normal 0.5952371 -0.42357555 0.68284446
 outer loop
  vertex 0.14214133 -0.08396676 0.15148707
  vertex 0.12448064 -0.105853215 0.15330553
  vertex 0.14214163 -0.09841045 0.14252724
 endloop
endfacet
facet normal -0.59523666 -0.4235939 0.6828334
 outer loop
  vertex -0.12448039 -0.09032098 0.16294084
  vertex -0.14214139 -0.083971046 0.15148464
  vertex -0.14214109 -0.098414734 0.1425248
 endloop
endfacet
facet normal -0.59523714 -0.42359328 0.68283343
 outer loop
  vertex -0.12448039 -0.09032098 0.16294084
  vertex -0.14214109 -0.098414734 0.1425248
  vertex -0.124480076 -0.105856985 0.15330341
 endloop
endfacet
facet normal 0.67111415 -0.3907883 0.6299923
 outer loop
  vertex 0.15843344 -0.07680771 0.13857232
  vertex 0.14214133 -0.08396676 0.15148707
  vertex 0.14214163 -0.09841045 0.14252724
 endloop
endfacet
facet normal 0.67111427 -0.3907884 0.6299922
 outer loop
  vertex 0.15843344 -0.07680771 0.13857232
  vertex 0.14214163 -0.09841045 0.14252724
  vertex 0.1584337 -0.090019986 0.13037637
 endloop
endfacet
facet normal -0.5136449 -0.4522964 0.72910696
 outer loop
  vertex -0.10562059 -0.095801 0.1728278
  vertex -0.12448039 -0.09032098 0.16294084
  vertex -0.124480076 -0.105856985 0.15330341
 endloop
endfacet
facet normal -0.5136449 -0.45229632 0.7291069
 outer loop
  vertex -0.10562059 -0.095801 0.1728278
  vertex -0.124480076 -0.105856985 0.15330341
  vertex -0.10562025 -0.11227969 0.1626056
 endloop
endfacet
facet normal 0.74054885 -0.35422933 0.5710594
 outer loop
  vertex 0.17319974 -0.0689089 0.12432305
  vertex 0.15843344 -0.07680771 0.13857232
  vertex 0.1584337 -0.090019986 0.13037637
 endloop
endfacet
facet normal 0.7405491 -0.3542296 0.57105905
 outer loop
  vertex 0.17319974 -0.0689089 0.12432305
  vertex 0.1584337 -0.090019986 0.13037637
  vertex 0.17319998 -0.08076253 0.1169699
 endloop
endfacet
facet normal -0.42713368 -0.47664145 0.7683553
 outer loop
  vertex -0.08574359 -0.100358486 0.18105036
  vertex -0.10562059 -0.095801 0.1728278
  vertex -0.10562025 -0.11227969 0.1626056
 endloop
endfacet
facet normal -0.42713428 -0.4766406 0.7683555
 outer loop
  vertex -0.08574359 -0.100358486 0.18105036
  vertex -0.10562025 -0.11227969 0.1626056
  vertex -0.08574323 -0.11762117 0.17034185
 endloop
endfacet
facet normal 0.80286413 -0.31425014 0.5066123
 outer loop
  vertex 0.18629803 -0.06034647 0.10887653
  vertex 0.17319974 -0.0689089 0.12432305
  vertex 0.17319998 -0.08076253 0.1169699
 endloop
endfacet
facet normal 0.8028642 -0.31425023 0.50661224
 outer loop
  vertex 0.18629803 -0.06034647 0.10887653
  vertex 0.17319998 -0.08076253 0.1169699
  vertex 0.18629824 -0.070727296 0.102437
 endloop
endfacet
facet normal -0.33653086 -0.4963987 0.8002096
 outer loop
  vertex -0.065040834 -0.10394943 0.18752939
  vertex -0.08574359 -0.100358486 0.18105036
  vertex -0.08574323 -0.11762117 0.17034185
 endloop
endfacet
facet normal -0.33653057 -0.49639904 0.80020946
 outer loop
  vertex -0.065040834 -0.10394943 0.18752939
  vertex -0.08574323 -0.11762117 0.17034185
  vertex -0.06504047 -0.12182985 0.17643766
 endloop
endfacet
facet normal 0.8574559 -0.2712322 0.43726695
 outer loop
  vertex 0.19760214 -0.0512029 0.09238146
  vertex 0.18629803 -0.06034647 0.10887653
  vertex 0.18629824 -0.070727296 0.102437
 endloop
endfacet
facet normal 0.85745585 -0.27123198 0.43726724
 outer loop
  vertex 0.19760214 -0.0512029 0.09238146
  vertex 0.18629824 -0.070727296 0.102437
  vertex 0.19760232 -0.060010947 0.08691758
 endloop
endfacet
facet normal -0.24270396 -0.51138306 0.8243677
 outer loop
  vertex -0.043711726 -0.10653929 0.19220236
  vertex -0.065040834 -0.10394943 0.18752939
  vertex -0.06504047 -0.12182985 0.17643766
 endloop
endfacet
facet normal -0.24270317 -0.51138395 0.8243674
 outer loop
  vertex -0.043711726 -0.10653929 0.19220236
  vertex -0.06504047 -0.12182985 0.17643766
  vertex -0.043711353 -0.12486525 0.18083423
 endloop
endfacet
facet normal -0.9699616 -0.14788899 0.19314064
 outer loop
  vertex -0.21441074 -0.036959656 0.053521443
  vertex -0.21975343 -0.024840469 0.035969924
  vertex -0.21975335 -0.028246537 0.03336225
 endloop
endfacet
facet normal -0.96996164 -0.14788803 0.19314107
 outer loop
  vertex -0.21441074 -0.036959656 0.053521443
  vertex -0.21975335 -0.028246537 0.03336225
  vertex -0.21441063 -0.042027712 0.04964136
 endloop
endfacet
facet normal 0.9699626 -0.14786054 0.1931575
 outer loop
  vertex 0.2197536 -0.024833826 0.035973664
  vertex 0.21441095 -0.036953185 0.05352511
  vertex 0.21441105 -0.042021245 0.049645025
 endloop
endfacet
facet normal 0.96996254 -0.14785983 0.19315828
 outer loop
  vertex 0.2197536 -0.024833826 0.035973664
  vertex 0.21441105 -0.042021245 0.049645025
  vertex 0.21975367 -0.028239895 0.033365995
 endloop
endfacet
facet normal 0.049010508 -0.6071647 0.7930631
 outer loop
  vertex 0.021961939 -0.12669748 0.1834897
  vertex 3.6082272e-07 -0.12731084 0.18437731
  vertex 7.3869023e-07 -0.14476974 0.17101085
 endloop
endfacet
facet normal 0.049010362 -0.60716456 0.79306316
 outer loop
  vertex 0.021961939 -0.12669748 0.1834897
  vertex 7.3869023e-07 -0.14476974 0.17101085
  vertex 0.021962315 -0.14407232 0.17018759
 endloop
endfacet
facet normal -0.941414 -0.205027 0.2677752
 outer loop
  vertex -0.20700313 -0.04872288 0.07055754
  vertex -0.21441074 -0.036959656 0.053521443
  vertex -0.21441063 -0.042027712 0.04964136
 endloop
endfacet
facet normal -0.9414138 -0.2050285 0.26777467
 outer loop
  vertex -0.20700313 -0.04872288 0.07055754
  vertex -0.21441063 -0.042027712 0.04964136
  vertex -0.20700298 -0.05540411 0.06544241
 endloop
endfacet
facet normal 0.98915136 -0.08928622 0.11665153
 outer loop
  vertex 0.22297986 -0.012475294 0.018075759
  vertex 0.2197536 -0.024833826 0.035973664
  vertex 0.21975367 -0.028239895 0.033365995
 endloop
endfacet
facet normal 0.9891513 -0.08928374 0.11665408
 outer loop
  vertex 0.22297986 -0.012475294 0.018075759
  vertex 0.21975367 -0.028239895 0.033365995
  vertex 0.2229799 -0.014186568 0.016765619
 endloop
endfacet
facet normal 0.14656048 -0.60132957 0.7854443
 outer loop
  vertex 0.043712035 -0.12486392 0.18083498
  vertex 0.021961939 -0.12669748 0.1834897
  vertex 0.021962315 -0.14407232 0.17018759
 endloop
endfacet
facet normal 0.14656027 -0.6013293 0.7854445
 outer loop
  vertex 0.043712035 -0.12486392 0.18083498
  vertex 0.021962315 -0.14407232 0.17018759
  vertex 0.043712407 -0.14198738 0.16772534
 endloop
endfacet
facet normal -0.9037894 -0.26017871 0.33981138
 outer loop
  vertex -0.197602 -0.060016908 0.08691419
  vertex -0.20700313 -0.04872288 0.07055754
  vertex -0.20700298 -0.05540411 0.06544241
 endloop
endfacet
facet normal -0.9037896 -0.2601777 0.33981165
 outer loop
  vertex -0.197602 -0.060016908 0.08691419
  vertex -0.20700298 -0.05540411 0.06544241
  vertex -0.19760182 -0.06824698 0.080613285
 endloop
endfacet
facet normal 0.24270679 -0.589716 0.77027816
 outer loop
  vertex 0.06504116 -0.12182788 0.17643875
  vertex 0.043712035 -0.12486392 0.18083498
  vertex 0.043712407 -0.14198738 0.16772534
 endloop
endfacet
facet normal 0.24270657 -0.58971584 0.7702784
 outer loop
  vertex 0.06504116 -0.12182788 0.17643875
  vertex 0.043712407 -0.14198738 0.16772534
  vertex 0.06504153 -0.13853502 0.16364785
 endloop
endfacet
facet normal -0.85745394 -0.31281087 0.40856105
 outer loop
  vertex -0.18629783 -0.07073293 0.10243382
  vertex -0.197602 -0.060016908 0.08691419
  vertex -0.19760182 -0.06824698 0.080613285
 endloop
endfacet
facet normal -0.85745406 -0.31281045 0.40856114
 outer loop
  vertex -0.18629783 -0.07073293 0.10243382
  vertex -0.19760182 -0.06824698 0.080613285
  vertex -0.18629763 -0.08043259 0.09500782
 endloop
endfacet
facet normal 0.33653143 -0.5724336 0.7477074
 outer loop
  vertex 0.08574388 -0.1176186 0.17034334
  vertex 0.06504116 -0.12182788 0.17643875
  vertex 0.06504153 -0.13853502 0.16364785
 endloop
endfacet
facet normal 0.3365316 -0.5724337 0.74770725
 outer loop
  vertex 0.08574388 -0.1176186 0.17034334
  vertex 0.06504153 -0.13853502 0.16364785
  vertex 0.085744224 -0.13374853 0.15799434
 endloop
endfacet
facet normal -0.80286247 -0.36241618 0.47335643
 outer loop
  vertex -0.17319953 -0.08076776 0.11696695
  vertex -0.18629783 -0.07073293 0.10243382
  vertex -0.18629763 -0.08043259 0.09500782
 endloop
endfacet
facet normal -0.80286235 -0.36241677 0.47335634
 outer loop
  vertex -0.17319953 -0.08076776 0.11696695
  vertex -0.18629763 -0.08043259 0.09500782
  vertex -0.1731993 -0.091843575 0.10848735
 endloop
endfacet
facet normal 0.42713872 -0.5496448 0.7179436
 outer loop
  vertex 0.105620846 -0.112276524 0.16260739
  vertex 0.08574388 -0.1176186 0.17034334
  vertex 0.085744224 -0.13374853 0.15799434
 endloop
endfacet
facet normal 0.42713875 -0.5496449 0.7179436
 outer loop
  vertex 0.105620846 -0.112276524 0.16260739
  vertex 0.085744224 -0.13374853 0.15799434
  vertex 0.105621174 -0.12767391 0.15081923
 endloop
endfacet
facet normal -0.7405465 -0.40851906 0.53357565
 outer loop
  vertex -0.1584332 -0.09002477 0.13037366
  vertex -0.17319953 -0.08076776 0.11696695
  vertex -0.1731993 -0.091843575 0.10848735
 endloop
endfacet
facet normal -0.7405465 -0.40851894 0.5335757
 outer loop
  vertex -0.1584332 -0.09002477 0.13037366
  vertex -0.1731993 -0.091843575 0.10848735
  vertex -0.15843293 -0.10237009 0.12092214
 endloop
endfacet
facet normal 0.5136479 -0.52156806 0.6812728
 outer loop
  vertex 0.12448064 -0.105853215 0.15330553
  vertex 0.105620846 -0.112276524 0.16260739
  vertex 0.105621174 -0.12767391 0.15081923
 endloop
endfacet
facet normal 0.5136475 -0.5215677 0.6812734
 outer loop
  vertex 0.12448064 -0.105853215 0.15330553
  vertex 0.105621174 -0.12767391 0.15081923
  vertex 0.124480955 -0.12036978 0.14219174
 endloop
endfacet
facet normal -0.671112 -0.45067614 0.58864224
 outer loop
  vertex -0.14214109 -0.098414734 0.1425248
  vertex -0.1584332 -0.09002477 0.13037366
  vertex -0.15843293 -0.10237009 0.12092214
 endloop
endfacet
facet normal -0.67111206 -0.45067596 0.5886423
 outer loop
  vertex -0.14214109 -0.098414734 0.1425248
  vertex -0.15843293 -0.10237009 0.12092214
  vertex -0.14214079 -0.11191066 0.13219239
 endloop
endfacet
facet normal 0.59523845 -0.48846537 0.6380382
 outer loop
  vertex 0.14214163 -0.09841045 0.14252724
  vertex 0.12448064 -0.105853215 0.15330553
  vertex 0.124480955 -0.12036978 0.14219174
 endloop
endfacet
facet normal 0.59523845 -0.4884654 0.6380381
 outer loop
  vertex 0.14214163 -0.09841045 0.14252724
  vertex 0.124480955 -0.12036978 0.14219174
  vertex 0.14214192 -0.11190637 0.13219483
 endloop
endfacet
facet normal -0.59523576 -0.48848304 0.6380272
 outer loop
  vertex -0.124480076 -0.105856985 0.15330341
  vertex -0.14214109 -0.098414734 0.1425248
  vertex -0.14214079 -0.11191066 0.13219239
 endloop
endfacet
facet normal -0.595236 -0.48848262 0.63802725
 outer loop
  vertex -0.124480076 -0.105856985 0.15330341
  vertex -0.14214079 -0.11191066 0.13219239
  vertex -0.12447976 -0.12037355 0.14218962
 endloop
endfacet
facet normal 0.6711154 -0.45065552 0.58865404
 outer loop
  vertex 0.1584337 -0.090019986 0.13037637
  vertex 0.14214163 -0.09841045 0.14252724
  vertex 0.14214192 -0.11190637 0.13219483
 endloop
endfacet
facet normal 0.67111593 -0.450656 0.58865315
 outer loop
  vertex 0.1584337 -0.090019986 0.13037637
  vertex 0.14214192 -0.11190637 0.13219483
  vertex 0.15843397 -0.10236531 0.12092484
 endloop
endfacet
facet normal -0.5136433 -0.5215832 0.68126464
 outer loop
  vertex -0.10562025 -0.11227969 0.1626056
  vertex -0.124480076 -0.105856985 0.15330341
  vertex -0.12447976 -0.12037355 0.14218962
 endloop
endfacet
facet normal -0.5136425 -0.5215844 0.68126434
 outer loop
  vertex -0.10562025 -0.11227969 0.1626056
  vertex -0.12447976 -0.12037355 0.14218962
  vertex -0.10561992 -0.12767707 0.15081742
 endloop
endfacet
facet normal 0.7405502 -0.40849665 0.53358775
 outer loop
  vertex 0.17319998 -0.08076253 0.1169699
  vertex 0.1584337 -0.090019986 0.13037637
  vertex 0.15843397 -0.10236531 0.12092484
 endloop
endfacet
facet normal 0.74055016 -0.40849653 0.5335879
 outer loop
  vertex 0.17319998 -0.08076253 0.1169699
  vertex 0.15843397 -0.10236531 0.12092484
  vertex 0.17320022 -0.091838345 0.1084903
 endloop
endfacet
facet normal -0.42713282 -0.5496586 0.7179366
 outer loop
  vertex -0.08574323 -0.11762117 0.17034185
  vertex -0.10562025 -0.11227969 0.1626056
  vertex -0.10561992 -0.12767707 0.15081742
 endloop
endfacet
facet normal -0.42713368 -0.5496576 0.7179369
 outer loop
  vertex -0.08574323 -0.11762117 0.17034185
  vertex -0.10561992 -0.12767707 0.15081742
  vertex -0.08574289 -0.13375111 0.15799285
 endloop
endfacet
facet normal 0.80286515 -0.3623926 0.47336996
 outer loop
  vertex 0.18629824 -0.070727296 0.102437
  vertex 0.17319998 -0.08076253 0.1169699
  vertex 0.17320022 -0.091838345 0.1084903
 endloop
endfacet
facet normal 0.802865 -0.36239237 0.4733704
 outer loop
  vertex 0.18629824 -0.070727296 0.102437
  vertex 0.17320022 -0.091838345 0.1084903
  vertex 0.18629844 -0.080426954 0.095010996
 endloop
endfacet
facet normal -0.3365289 -0.5724432 0.7477012
 outer loop
  vertex -0.06504047 -0.12182985 0.17643766
  vertex -0.08574323 -0.11762117 0.17034185
  vertex -0.08574289 -0.13375111 0.15799285
 endloop
endfacet
facet normal -0.33652845 -0.57244366 0.74770105
 outer loop
  vertex -0.06504047 -0.12182985 0.17643766
  vertex -0.08574289 -0.13375111 0.15799285
  vertex -0.065040104 -0.13853699 0.16364676
 endloop
endfacet
facet normal 0.85745674 -0.31278446 0.4085754
 outer loop
  vertex 0.19760232 -0.060010947 0.08691758
  vertex 0.18629824 -0.070727296 0.102437
  vertex 0.18629844 -0.080426954 0.095010996
 endloop
endfacet
facet normal 0.8574568 -0.31278467 0.4085749
 outer loop
  vertex 0.19760232 -0.060010947 0.08691758
  vertex 0.18629844 -0.080426954 0.095010996
  vertex 0.1976025 -0.06824102 0.08061667
 endloop
endfacet
facet normal -0.24270162 -0.58972347 0.77027416
 outer loop
  vertex -0.043711353 -0.12486525 0.18083423
  vertex -0.06504047 -0.12182985 0.17643766
  vertex -0.065040104 -0.13853699 0.16364676
 endloop
endfacet
facet normal -0.24270122 -0.5897238 0.7702739
 outer loop
  vertex -0.043711353 -0.12486525 0.18083423
  vertex -0.065040104 -0.13853699 0.16364676
  vertex -0.04371098 -0.1419887 0.1677246
 endloop
endfacet
facet normal 0.90379125 -0.2601509 0.33982757
 outer loop
  vertex 0.2070034 -0.048716623 0.07056108
  vertex 0.19760232 -0.060010947 0.08691758
  vertex 0.1976025 -0.06824102 0.08061667
 endloop
endfacet
facet normal 0.90379125 -0.26015085 0.33982763
 outer loop
  vertex 0.2070034 -0.048716623 0.07056108
  vertex 0.1976025 -0.06824102 0.08061667
  vertex 0.20700355 -0.055397853 0.06544595
 endloop
endfacet
facet normal -0.14655486 -0.60133415 0.7854419
 outer loop
  vertex -0.021961244 -0.12669814 0.18348931
  vertex -0.043711353 -0.12486525 0.18083423
  vertex -0.04371098 -0.1419887 0.1677246
 endloop
endfacet
facet normal -0.14655507 -0.60133404 0.78544194
 outer loop
  vertex -0.021961244 -0.12669814 0.18348931
  vertex -0.04371098 -0.1419887 0.1677246
  vertex -0.021960868 -0.14407298 0.1701872
 endloop
endfacet
facet normal -0.98915035 -0.08932014 0.116633825
 outer loop
  vertex -0.21975343 -0.024840469 0.035969924
  vertex -0.2229798 -0.012482036 0.018071964
  vertex -0.22297975 -0.01419331 0.01676182
 endloop
endfacet
facet normal -0.98915046 -0.08931728 0.11663544
 outer loop
  vertex -0.21975343 -0.024840469 0.035969924
  vertex -0.22297975 -0.01419331 0.01676182
  vertex -0.21975335 -0.028246537 0.03336225
 endloop
endfacet
facet normal 0.9414155 -0.20499912 0.2677912
 outer loop
  vertex 0.21441095 -0.036953185 0.05352511
  vertex 0.2070034 -0.048716623 0.07056108
  vertex 0.20700355 -0.055397853 0.06544595
 endloop
endfacet
facet normal 0.9414156 -0.20499974 0.2677904
 outer loop
  vertex 0.21441095 -0.036953185 0.05352511
  vertex 0.20700355 -0.055397853 0.06544595
  vertex 0.21441105 -0.042021245 0.049645025
 endloop
endfacet
facet normal -0.049006324 -0.607166 0.7930623
 outer loop
  vertex 3.6082272e-07 -0.12731084 0.18437731
  vertex -0.021961244 -0.12669814 0.18348931
  vertex -0.021960868 -0.14407298 0.1701872
 endloop
endfacet
facet normal -0.04900617 -0.6071661 0.7930622
 outer loop
  vertex 3.6082272e-07 -0.12731084 0.18437731
  vertex -0.021960868 -0.14407298 0.1701872
  vertex 7.3869023e-07 -0.14476974 0.17101085
 endloop
endfacet
facet normal -0.90378886 -0.29223245 0.31267536
 outer loop
  vertex -0.19760182 -0.06824698 0.080613285
  vertex -0.20700298 -0.05540411 0.06544241
  vertex -0.20700285 -0.06155181 0.059697043
 endloop
endfacet
facet normal -0.9037886 -0.29223394 0.3126747
 outer loop
  vertex -0.19760182 -0.06824698 0.080613285
  vertex -0.20700285 -0.06155181 0.059697043
  vertex -0.19760165 -0.07581983 0.07353602
 endloop
endfacet
facet normal 0.2427083 -0.6623767 0.70876646
 outer loop
  vertex 0.06504153 -0.13853502 0.16364785
  vertex 0.043712407 -0.14198738 0.16772534
  vertex 0.043712772 -0.15774341 0.15300044
 endloop
endfacet
facet normal 0.24270864 -0.6623769 0.7087661
 outer loop
  vertex 0.06504153 -0.13853502 0.16364785
  vertex 0.043712772 -0.15774341 0.15300044
  vertex 0.06504188 -0.15390798 0.14928094
 endloop
endfacet
facet normal -0.85745317 -0.35135183 0.37593347
 outer loop
  vertex -0.18629763 -0.08043259 0.09500782
  vertex -0.19760182 -0.06824698 0.080613285
  vertex -0.19760165 -0.07581983 0.07353602
 endloop
endfacet
facet normal -0.8574533 -0.351351 0.37593368
 outer loop
  vertex -0.18629763 -0.08043259 0.09500782
  vertex -0.19760165 -0.07581983 0.07353602
  vertex -0.18629742 -0.08935766 0.086666845
 endloop
endfacet
facet normal 0.33653313 -0.64296544 0.6879977
 outer loop
  vertex 0.085744224 -0.13374853 0.15799434
  vertex 0.06504153 -0.13853502 0.16364785
  vertex 0.06504188 -0.15390798 0.14928094
 endloop
endfacet
facet normal 0.3365333 -0.6429656 0.6879976
 outer loop
  vertex 0.085744224 -0.13374853 0.15799434
  vertex 0.06504188 -0.15390798 0.14928094
  vertex 0.08574457 -0.14859039 0.14412378
 endloop
endfacet
facet normal -0.8028614 -0.4070693 0.4355552
 outer loop
  vertex -0.1731993 -0.091843575 0.10848735
  vertex -0.18629763 -0.08043259 0.09500782
  vertex -0.18629742 -0.08935766 0.086666845
 endloop
endfacet
facet normal -0.80286115 -0.40706974 0.43555498
 outer loop
  vertex -0.1731993 -0.091843575 0.10848735
  vertex -0.18629742 -0.08935766 0.086666845
  vertex -0.17319906 -0.10203492 0.09896296
 endloop
endfacet
facet normal 0.42714018 -0.61736906 0.66061085
 outer loop
  vertex 0.105621174 -0.12767391 0.15081923
  vertex 0.085744224 -0.13374853 0.15799434
  vertex 0.08574457 -0.14859039 0.14412378
 endloop
endfacet
facet normal 0.4271397 -0.61736876 0.6606115
 outer loop
  vertex 0.105621174 -0.12767391 0.15081923
  vertex 0.08574457 -0.14859039 0.14412378
  vertex 0.1056215 -0.14184172 0.1375786
 endloop
endfacet
facet normal -0.7405455 -0.45885232 0.49096528
 outer loop
  vertex -0.15843293 -0.10237009 0.12092214
  vertex -0.1731993 -0.091843575 0.10848735
  vertex -0.17319906 -0.10203492 0.09896296
 endloop
endfacet
facet normal -0.740546 -0.45885122 0.49096557
 outer loop
  vertex -0.15843293 -0.10237009 0.12092214
  vertex -0.17319906 -0.10203492 0.09896296
  vertex -0.15843268 -0.11372955 0.11030609
 endloop
endfacet
facet normal 0.51364887 -0.58583266 0.62686914
 outer loop
  vertex 0.124480955 -0.12036978 0.14219174
  vertex 0.105621174 -0.12767391 0.15081923
  vertex 0.1056215 -0.14184172 0.1375786
 endloop
endfacet
facet normal 0.5136489 -0.58583266 0.626869
 outer loop
  vertex 0.124480955 -0.12036978 0.14219174
  vertex 0.1056215 -0.14184172 0.1375786
  vertex 0.12448127 -0.13372709 0.12970857
 endloop
endfacet
facet normal -0.67111075 -0.5062032 0.5416351
 outer loop
  vertex -0.14214079 -0.11191066 0.13219239
  vertex -0.15843293 -0.10237009 0.12092214
  vertex -0.15843268 -0.11372955 0.11030609
 endloop
endfacet
facet normal -0.6711106 -0.50620365 0.54163504
 outer loop
  vertex -0.14214079 -0.11191066 0.13219239
  vertex -0.15843268 -0.11372955 0.11030609
  vertex -0.14214051 -0.12432885 0.120586894
 endloop
endfacet
facet normal 0.5952399 -0.5486518 0.5870866
 outer loop
  vertex 0.14214192 -0.11190637 0.13219483
  vertex 0.124480955 -0.12036978 0.14219174
  vertex 0.12448127 -0.13372709 0.12970857
 endloop
endfacet
facet normal 0.59524006 -0.54865193 0.5870864
 outer loop
  vertex 0.14214192 -0.11190637 0.13219483
  vertex 0.12448127 -0.13372709 0.12970857
  vertex 0.1421422 -0.12432455 0.12058934
 endloop
endfacet
facet normal -0.59523463 -0.548669 0.5870759
 outer loop
  vertex -0.12447976 -0.12037355 0.14218962
  vertex -0.14214079 -0.11191066 0.13219239
  vertex -0.14214051 -0.12432885 0.120586894
 endloop
endfacet
facet normal -0.59523433 -0.54866946 0.5870757
 outer loop
  vertex -0.12447976 -0.12037355 0.14218962
  vertex -0.14214051 -0.12432885 0.120586894
  vertex -0.12447945 -0.13373086 0.12970646
 endloop
endfacet
facet normal 0.6711171 -0.5061834 0.5416458
 outer loop
  vertex 0.15843397 -0.10236531 0.12092484
  vertex 0.14214192 -0.11190637 0.13219483
  vertex 0.1421422 -0.12432455 0.12058934
 endloop
endfacet
facet normal 0.671117 -0.5061834 0.54164594
 outer loop
  vertex 0.15843397 -0.10236531 0.12092484
  vertex 0.1421422 -0.12432455 0.12058934
  vertex 0.15843423 -0.11372477 0.11030879
 endloop
endfacet
facet normal -0.51364106 -0.5858488 0.62686056
 outer loop
  vertex -0.10561992 -0.12767707 0.15081742
  vertex -0.12447976 -0.12037355 0.14218962
  vertex -0.12447945 -0.13373086 0.12970646
 endloop
endfacet
facet normal -0.5136416 -0.5858479 0.6268608
 outer loop
  vertex -0.10561992 -0.12767707 0.15081742
  vertex -0.12447945 -0.13373086 0.12970646
  vertex -0.105619594 -0.14184488 0.13757682
 endloop
endfacet
facet normal 0.7405513 -0.4588296 0.49097776
 outer loop
  vertex 0.17320022 -0.091838345 0.1084903
  vertex 0.15843397 -0.10236531 0.12092484
  vertex 0.15843423 -0.11372477 0.11030879
 endloop
endfacet
facet normal 0.7405512 -0.4588295 0.490978
 outer loop
  vertex 0.17320022 -0.091838345 0.1084903
  vertex 0.15843423 -0.11372477 0.11030879
  vertex 0.17320046 -0.10202969 0.09896591
 endloop
endfacet
facet normal -0.42713228 -0.61738133 0.6606046
 outer loop
  vertex -0.08574289 -0.13375111 0.15799285
  vertex -0.10561992 -0.12767707 0.15081742
  vertex -0.105619594 -0.14184488 0.13757682
 endloop
endfacet
facet normal -0.42713133 -0.6173824 0.6606041
 outer loop
  vertex -0.08574289 -0.13375111 0.15799285
  vertex -0.105619594 -0.14184488 0.13757682
  vertex -0.08574255 -0.14859296 0.14412229
 endloop
endfacet
facet normal 0.80286604 -0.4070452 0.435569
 outer loop
  vertex 0.18629844 -0.080426954 0.095010996
  vertex 0.17320022 -0.091838345 0.1084903
  vertex 0.17320046 -0.10202969 0.09896591
 endloop
endfacet
facet normal 0.8028659 -0.407045 0.43556935
 outer loop
  vertex 0.18629844 -0.080426954 0.095010996
  vertex 0.17320046 -0.10202969 0.09896591
  vertex 0.18629865 -0.08935203 0.08667002
 endloop
endfacet
facet normal -0.3365267 -0.64297545 0.68799156
 outer loop
  vertex -0.065040104 -0.13853699 0.16364676
  vertex -0.08574289 -0.13375111 0.15799285
  vertex -0.08574255 -0.14859296 0.14412229
 endloop
endfacet
facet normal -0.33652744 -0.64297473 0.6879919
 outer loop
  vertex -0.065040104 -0.13853699 0.16364676
  vertex -0.08574255 -0.14859296 0.14412229
  vertex -0.065039754 -0.15390997 0.14927985
 endloop
endfacet
facet normal 0.85745764 -0.35132474 0.3759485
 outer loop
  vertex 0.1976025 -0.06824102 0.08061667
  vertex 0.18629844 -0.080426954 0.095010996
  vertex 0.18629865 -0.08935203 0.08667002
 endloop
endfacet
facet normal 0.8574577 -0.3513249 0.37594828
 outer loop
  vertex 0.1976025 -0.06824102 0.08061667
  vertex 0.18629865 -0.08935203 0.08667002
  vertex 0.19760267 -0.07581387 0.07353941
 endloop
endfacet
facet normal -0.24269971 -0.662384 0.7087625
 outer loop
  vertex -0.04371098 -0.1419887 0.1677246
  vertex -0.065040104 -0.13853699 0.16364676
  vertex -0.065039754 -0.15390997 0.14927985
 endloop
endfacet
facet normal -0.2426995 -0.66238415 0.70876247
 outer loop
  vertex -0.04371098 -0.1419887 0.1677246
  vertex -0.065039754 -0.15390997 0.14927985
  vertex -0.043710615 -0.15774472 0.1529997
 endloop
endfacet
facet normal 0.903792 -0.29220605 0.31269088
 outer loop
  vertex 0.20700355 -0.055397853 0.06544595
  vertex 0.1976025 -0.06824102 0.08061667
  vertex 0.19760267 -0.07581387 0.07353941
 endloop
endfacet
facet normal 0.90379214 -0.2922065 0.31268996
 outer loop
  vertex 0.20700355 -0.055397853 0.06544595
  vertex 0.19760267 -0.07581387 0.07353941
  vertex 0.20700368 -0.06154555 0.059700586
 endloop
endfacet
facet normal -0.14655347 -0.6754252 0.72271913
 outer loop
  vertex -0.021960868 -0.14407298 0.1701872
  vertex -0.04371098 -0.1419887 0.1677246
  vertex -0.043710615 -0.15774472 0.1529997
 endloop
endfacet
facet normal -0.1465535 -0.6754252 0.72271913
 outer loop
  vertex -0.021960868 -0.14407298 0.1701872
  vertex -0.043710615 -0.15774472 0.1529997
  vertex -0.021960499 -0.16006033 0.15524612
 endloop
endfacet
facet normal -0.9891502 -0.1003179 0.10732272
 outer loop
  vertex -0.21975335 -0.028246537 0.03336225
  vertex -0.22297975 -0.01419331 0.01676182
  vertex -0.22297972 -0.015767928 0.015290251
 endloop
endfacet
facet normal -0.9891502 -0.100317895 0.10732274
 outer loop
  vertex -0.21975335 -0.028246537 0.03336225
  vertex -0.22297972 -0.015767928 0.015290251
  vertex -0.2197533 -0.03138061 0.030433286
 endloop
endfacet
facet normal 0.94141614 -0.23025982 0.2464062
 outer loop
  vertex 0.21441105 -0.042021245 0.049645025
  vertex 0.20700355 -0.055397853 0.06544595
  vertex 0.20700368 -0.06154555 0.059700586
 endloop
endfacet
facet normal 0.9414161 -0.23025955 0.24640657
 outer loop
  vertex 0.21441105 -0.042021245 0.049645025
  vertex 0.20700368 -0.06154555 0.059700586
  vertex 0.21441115 -0.046684586 0.045286875
 endloop
endfacet
facet normal -0.049004454 -0.6819759 0.7297311
 outer loop
  vertex 7.3869023e-07 -0.14476974 0.17101085
  vertex -0.021960868 -0.14407298 0.1701872
  vertex -0.021960499 -0.16006033 0.15524612
 endloop
endfacet
facet normal -0.04900459 -0.68197584 0.72973114
 outer loop
  vertex 7.3869023e-07 -0.14476974 0.17101085
  vertex -0.021960499 -0.16006033 0.15524612
  vertex 1.109537e-06 -0.16083445 0.15599748
 endloop
endfacet
facet normal -0.9699613 -0.1661061 0.17771831
 outer loop
  vertex -0.21441063 -0.042027712 0.04964136
  vertex -0.21975335 -0.028246537 0.03336225
  vertex -0.2197533 -0.03138061 0.030433286
 endloop
endfacet
facet normal -0.9699611 -0.16610835 0.17771706
 outer loop
  vertex -0.21441063 -0.042027712 0.04964136
  vertex -0.2197533 -0.03138061 0.030433286
  vertex -0.21441053 -0.046691053 0.045283202
 endloop
endfacet
facet normal 0.969963 -0.16608024 0.17773364
 outer loop
  vertex 0.21975367 -0.028239895 0.033365995
  vertex 0.21441105 -0.042021245 0.049645025
  vertex 0.21441115 -0.046684586 0.045286875
 endloop
endfacet
facet normal 0.9699631 -0.16608155 0.1777317
 outer loop
  vertex 0.21975367 -0.028239895 0.033365995
  vertex 0.21441115 -0.046684586 0.045286875
  vertex 0.21975373 -0.03137397 0.03043703
 endloop
endfacet
facet normal 0.049011994 -0.68197435 0.729732
 outer loop
  vertex 0.021962315 -0.14407232 0.17018759
  vertex 7.3869023e-07 -0.14476974 0.17101085
  vertex 1.109537e-06 -0.16083445 0.15599748
 endloop
endfacet
facet normal 0.049012132 -0.6819745 0.72973186
 outer loop
  vertex 0.021962315 -0.14407232 0.17018759
  vertex 1.109537e-06 -0.16083445 0.15599748
  vertex 0.021962684 -0.16005968 0.15524651
 endloop
endfacet
facet normal -0.9414133 -0.23028769 0.2463912
 outer loop
  vertex -0.20700298 -0.05540411 0.06544241
  vertex -0.21441063 -0.042027712 0.04964136
  vertex -0.21441053 -0.046691053 0.045283202
 endloop
endfacet
facet normal -0.9414133 -0.23028721 0.2463914
 outer loop
  vertex -0.20700298 -0.05540411 0.06544241
  vertex -0.21441053 -0.046691053 0.045283202
  vertex -0.20700285 -0.06155181 0.059697043
 endloop
endfacet
facet normal 0.98915154 -0.10029172 0.10733513
 outer loop
  vertex 0.2229799 -0.014186568 0.016765619
  vertex 0.21975367 -0.028239895 0.033365995
  vertex 0.21975373 -0.03137397 0.03043703
 endloop
endfacet
facet normal 0.98915154 -0.10029191 0.107334875
 outer loop
  vertex 0.2229799 -0.014186568 0.016765619
  vertex 0.21975373 -0.03137397 0.03043703
  vertex 0.22297993 -0.015761185 0.015294047
 endloop
endfacet
facet normal 0.14656192 -0.6754207 0.7227216
 outer loop
  vertex 0.043712407 -0.14198738 0.16772534
  vertex 0.021962315 -0.14407232 0.17018759
  vertex 0.021962684 -0.16005968 0.15524651
 endloop
endfacet
facet normal 0.14656194 -0.6754207 0.7227216
 outer loop
  vertex 0.043712407 -0.14198738 0.16772534
  vertex 0.021962684 -0.16005968 0.15524651
  vertex 0.043712772 -0.15774341 0.15300044
 endloop
endfacet
facet normal -0.80286026 -0.44780153 0.39355963
 outer loop
  vertex -0.17319906 -0.10203492 0.09896296
  vertex -0.18629742 -0.08935766 0.086666845
  vertex -0.18629722 -0.0974222 0.07749122
 endloop
endfacet
facet normal -0.8028602 -0.4478017 0.3935596
 outer loop
  vertex -0.17319906 -0.10203492 0.09896296
  vertex -0.18629722 -0.0974222 0.07749122
  vertex -0.17319883 -0.11124363 0.088485524
 endloop
endfacet
facet normal 0.42714113 -0.6791466 0.59691733
 outer loop
  vertex 0.1056215 -0.14184172 0.1375786
  vertex 0.08574457 -0.14859039 0.14412378
  vertex 0.0857449 -0.16200122 0.12886527
 endloop
endfacet
facet normal 0.42714182 -0.6791469 0.5969165
 outer loop
  vertex 0.1056215 -0.14184172 0.1375786
  vertex 0.0857449 -0.16200122 0.12886527
  vertex 0.10562182 -0.15464349 0.12301306
 endloop
endfacet
facet normal -0.74054486 -0.5047656 0.44362697
 outer loop
  vertex -0.15843268 -0.11372955 0.11030609
  vertex -0.17319906 -0.10203492 0.09896296
  vertex -0.17319883 -0.11124363 0.088485524
 endloop
endfacet
facet normal -0.7405449 -0.5047656 0.443627
 outer loop
  vertex -0.15843268 -0.11372955 0.11030609
  vertex -0.17319883 -0.11124363 0.088485524
  vertex -0.15843242 -0.12399376 0.09862774
 endloop
endfacet
facet normal 0.5136504 -0.64445543 0.56642777
 outer loop
  vertex 0.12448127 -0.13372709 0.12970857
  vertex 0.1056215 -0.14184172 0.1375786
  vertex 0.10562182 -0.15464349 0.12301306
 endloop
endfacet
facet normal 0.51365006 -0.64445525 0.5664283
 outer loop
  vertex 0.12448127 -0.13372709 0.12970857
  vertex 0.10562182 -0.15464349 0.12301306
  vertex 0.124481566 -0.14579652 0.115976274
 endloop
endfacet
facet normal -0.6711093 -0.55685616 0.48941132
 outer loop
  vertex -0.14214051 -0.12432885 0.120586894
  vertex -0.15843268 -0.11372955 0.11030609
  vertex -0.15843242 -0.12399376 0.09862774
 endloop
endfacet
facet normal -0.671109 -0.55685693 0.48941112
 outer loop
  vertex -0.14214051 -0.12432885 0.120586894
  vertex -0.15843242 -0.12399376 0.09862774
  vertex -0.14214022 -0.1355497 0.10782009
 endloop
endfacet
facet normal 0.59524137 -0.6035538 0.53048146
 outer loop
  vertex 0.1421422 -0.12432455 0.12058934
  vertex 0.12448127 -0.13372709 0.12970857
  vertex 0.124481566 -0.14579652 0.115976274
 endloop
endfacet
facet normal 0.5952409 -0.6035536 0.5304823
 outer loop
  vertex 0.1421422 -0.12432455 0.12058934
  vertex 0.124481566 -0.14579652 0.115976274
  vertex 0.14214249 -0.13554542 0.10782254
 endloop
endfacet
facet normal -0.595233 -0.60357153 0.5304706
 outer loop
  vertex -0.12447945 -0.13373086 0.12970646
  vertex -0.14214051 -0.12432885 0.120586894
  vertex -0.14214022 -0.1355497 0.10782009
 endloop
endfacet
facet normal -0.5952329 -0.6035718 0.53047055
 outer loop
  vertex -0.12447945 -0.13373086 0.12970646
  vertex -0.14214022 -0.1355497 0.10782009
  vertex -0.12447915 -0.14580029 0.115974136
 endloop
endfacet
facet normal 0.6711182 -0.5568354 0.4894229
 outer loop
  vertex 0.15843423 -0.11372477 0.11030879
  vertex 0.1421422 -0.12432455 0.12058934
  vertex 0.14214249 -0.13554542 0.10782254
 endloop
endfacet
facet normal 0.67111844 -0.55683553 0.4894224
 outer loop
  vertex 0.15843423 -0.11372477 0.11030879
  vertex 0.14214249 -0.13554542 0.10782254
  vertex 0.15843448 -0.12398898 0.098630436
 endloop
endfacet
facet normal -0.51364017 -0.6444713 0.5664192
 outer loop
  vertex -0.105619594 -0.14184488 0.13757682
  vertex -0.12447945 -0.13373086 0.12970646
  vertex -0.12447915 -0.14580029 0.115974136
 endloop
endfacet
facet normal -0.5136401 -0.6444713 0.5664191
 outer loop
  vertex -0.105619594 -0.14184488 0.13757682
  vertex -0.12447915 -0.14580029 0.115974136
  vertex -0.105619274 -0.15464665 0.12301127
 endloop
endfacet
facet normal 0.74055225 -0.5047436 0.44363973
 outer loop
  vertex 0.17320046 -0.10202969 0.09896591
  vertex 0.15843423 -0.11372477 0.11030879
  vertex 0.15843448 -0.12398898 0.098630436
 endloop
endfacet
facet normal 0.74055254 -0.50474364 0.44363928
 outer loop
  vertex 0.17320046 -0.10202969 0.09896591
  vertex 0.15843448 -0.12398898 0.098630436
  vertex 0.17320068 -0.1112384 0.088488474
 endloop
endfacet
facet normal -0.42712998 -0.6791604 0.59690964
 outer loop
  vertex -0.08574255 -0.14859296 0.14412229
  vertex -0.105619594 -0.14184488 0.13757682
  vertex -0.105619274 -0.15464665 0.12301127
 endloop
endfacet
facet normal -0.42713028 -0.6791601 0.59690976
 outer loop
  vertex -0.08574255 -0.14859296 0.14412229
  vertex -0.105619274 -0.15464665 0.12301127
  vertex -0.08574221 -0.16200379 0.12886378
 endloop
endfacet
facet normal 0.80286694 -0.4477779 0.3935729
 outer loop
  vertex 0.18629865 -0.08935203 0.08667002
  vertex 0.17320046 -0.10202969 0.09896591
  vertex 0.17320068 -0.1112384 0.088488474
 endloop
endfacet
facet normal 0.802867 -0.44777796 0.3935728
 outer loop
  vertex 0.18629865 -0.08935203 0.08667002
  vertex 0.17320068 -0.1112384 0.088488474
  vertex 0.18629885 -0.097416565 0.07749439
 endloop
endfacet
facet normal -0.33652574 -0.7073142 0.6216567
 outer loop
  vertex -0.065039754 -0.15390997 0.14927985
  vertex -0.08574255 -0.14859296 0.14412229
  vertex -0.08574221 -0.16200379 0.12886378
 endloop
endfacet
facet normal -0.33652622 -0.7073137 0.621657
 outer loop
  vertex -0.065039754 -0.15390997 0.14927985
  vertex -0.08574221 -0.16200379 0.12886378
  vertex -0.065039404 -0.16780071 0.13347532
 endloop
endfacet
facet normal 0.85745853 -0.3864821 0.33970052
 outer loop
  vertex 0.19760267 -0.07581387 0.07353941
  vertex 0.18629865 -0.08935203 0.08667002
  vertex 0.18629885 -0.097416565 0.07749439
 endloop
endfacet
facet normal 0.8574585 -0.38648203 0.33970076
 outer loop
  vertex 0.19760267 -0.07581387 0.07353941
  vertex 0.18629885 -0.097416565 0.07749439
  vertex 0.19760284 -0.08265657 0.06575397
 endloop
endfacet
facet normal -0.242698 -0.72866535 0.6404252
 outer loop
  vertex -0.043710615 -0.15774472 0.1529997
  vertex -0.065039754 -0.15390997 0.14927985
  vertex -0.065039404 -0.16780071 0.13347532
 endloop
endfacet
facet normal -0.2426973 -0.728666 0.6404248
 outer loop
  vertex -0.043710615 -0.15774472 0.1529997
  vertex -0.065039404 -0.16780071 0.13347532
  vertex -0.043710265 -0.17198157 0.13680135
 endloop
endfacet
facet normal 0.90379286 -0.32144734 0.2825421
 outer loop
  vertex 0.20700368 -0.06154555 0.059700586
  vertex 0.19760267 -0.07581387 0.07353941
  vertex 0.19760284 -0.08265657 0.06575397
 endloop
endfacet
facet normal 0.9037929 -0.32144758 0.28254154
 outer loop
  vertex 0.20700368 -0.06154555 0.059700586
  vertex 0.19760284 -0.08265657 0.06575397
  vertex 0.20700382 -0.067100495 0.053380296
 endloop
endfacet
facet normal -0.14655194 -0.7430121 0.6530357
 outer loop
  vertex -0.021960499 -0.16006033 0.15524612
  vertex -0.043710615 -0.15774472 0.1529997
  vertex -0.043710265 -0.17198157 0.13680135
 endloop
endfacet
facet normal -0.14655223 -0.7430118 0.6530359
 outer loop
  vertex -0.021960499 -0.16006033 0.15524612
  vertex -0.043710265 -0.17198157 0.13680135
  vertex -0.021960141 -0.17450622 0.13880995
 endloop
endfacet
facet normal -0.98915005 -0.11036004 0.096969105
 outer loop
  vertex -0.2197533 -0.03138061 0.030433286
  vertex -0.22297972 -0.015767928 0.015290251
  vertex -0.22297968 -0.017190725 0.01367143
 endloop
endfacet
facet normal -0.98915005 -0.11035741 0.09697138
 outer loop
  vertex -0.2197533 -0.03138061 0.030433286
  vertex -0.22297968 -0.017190725 0.01367143
  vertex -0.21975322 -0.034212504 0.027211234
 endloop
endfacet
facet normal 0.9414166 -0.2533024 0.22264908
 outer loop
  vertex 0.21441115 -0.046684586 0.045286875
  vertex 0.20700368 -0.06154555 0.059700586
  vertex 0.20700382 -0.067100495 0.053380296
 endloop
endfacet
facet normal 0.9414167 -0.25330228 0.22264937
 outer loop
  vertex 0.21441115 -0.046684586 0.045286875
  vertex 0.20700382 -0.067100495 0.053380296
  vertex 0.21441126 -0.05089829 0.040492613
 endloop
endfacet
facet normal -0.049002875 -0.75021833 0.6593718
 outer loop
  vertex 1.109537e-06 -0.16083445 0.15599748
  vertex -0.021960499 -0.16006033 0.15524612
  vertex -0.021960141 -0.17450622 0.13880995
 endloop
endfacet
facet normal -0.04900301 -0.7502182 0.659372
 outer loop
  vertex 1.109537e-06 -0.16083445 0.15599748
  vertex -0.021960141 -0.17450622 0.13880995
  vertex 1.4697916e-06 -0.17535023 0.13948178
 endloop
endfacet
facet normal -0.96996075 -0.18272944 0.16058037
 outer loop
  vertex -0.21441053 -0.046691053 0.045283202
  vertex -0.2197533 -0.03138061 0.030433286
  vertex -0.21975322 -0.034212504 0.027211234
 endloop
endfacet
facet normal -0.96996075 -0.18272896 0.16058071
 outer loop
  vertex -0.21441053 -0.046691053 0.045283202
  vertex -0.21975322 -0.034212504 0.027211234
  vertex -0.21441042 -0.05090476 0.040488947
 endloop
endfacet
facet normal 0.96996343 -0.18270025 0.16059744
 outer loop
  vertex 0.21975373 -0.03137397 0.03043703
  vertex 0.21441115 -0.046684586 0.045286875
  vertex 0.21441126 -0.05089829 0.040492613
 endloop
endfacet
facet normal 0.9699634 -0.18269953 0.16059868
 outer loop
  vertex 0.21975373 -0.03137397 0.03043703
  vertex 0.21441126 -0.05089829 0.040492613
  vertex 0.2197538 -0.03420586 0.027214978
 endloop
endfacet
facet normal 0.049013693 -0.7502167 0.6593728
 outer loop
  vertex 0.021962684 -0.16005968 0.15524651
  vertex 1.109537e-06 -0.16083445 0.15599748
  vertex 1.4697916e-06 -0.17535023 0.13948178
 endloop
endfacet
facet normal 0.04901383 -0.75021684 0.6593726
 outer loop
  vertex 0.021962684 -0.16005968 0.15524651
  vertex 1.4697916e-06 -0.17535023 0.13948178
  vertex 0.021963041 -0.17450556 0.13881034
 endloop
endfacet
facet normal -0.9414128 -0.25333038 0.22263347
 outer loop
  vertex -0.20700285 -0.06155181 0.059697043
  vertex -0.21441053 -0.046691053 0.045283202
  vertex -0.21441042 -0.05090476 0.040488947
 endloop
endfacet
facet normal -0.94141287 -0.25332993 0.22263375
 outer loop
  vertex -0.20700285 -0.06155181 0.059697043
  vertex -0.21441042 -0.05090476 0.040488947
  vertex -0.20700271 -0.06710675 0.053376764
 endloop
endfacet
facet normal 0.9891518 -0.11032606 0.09698947
 outer loop
  vertex 0.22297993 -0.015761185 0.015294047
  vertex 0.21975373 -0.03137397 0.03043703
  vertex 0.2197538 -0.03420586 0.027214978
 endloop
endfacet
facet normal 0.9891517 -0.11032426 0.09699214
 outer loop
  vertex 0.22297993 -0.015761185 0.015294047
  vertex 0.2197538 -0.03420586 0.027214978
  vertex 0.22297998 -0.01718398 0.013675226
 endloop
endfacet
facet normal 0.14656357 -0.74300736 0.6530383
 outer loop
  vertex 0.043712772 -0.15774341 0.15300044
  vertex 0.021962684 -0.16005968 0.15524651
  vertex 0.021963041 -0.17450556 0.13881034
 endloop
endfacet
facet normal 0.14656392 -0.7430076 0.6530381
 outer loop
  vertex 0.043712772 -0.15774341 0.15300044
  vertex 0.021963041 -0.17450556 0.13881034
  vertex 0.043713123 -0.17198026 0.13680209
 endloop
endfacet
facet normal -0.90378785 -0.32147443 0.2825273
 outer loop
  vertex -0.19760165 -0.07581983 0.07353602
  vertex -0.20700285 -0.06155181 0.059697043
  vertex -0.20700271 -0.06710675 0.053376764
 endloop
endfacet
facet normal -0.90378785 -0.32147443 0.2825273
 outer loop
  vertex -0.19760165 -0.07581983 0.07353602
  vertex -0.20700271 -0.06710675 0.053376764
  vertex -0.19760148 -0.082662515 0.06575058
 endloop
endfacet
facet normal 0.2427103 -0.7286584 0.64042854
 outer loop
  vertex 0.06504188 -0.15390798 0.14928094
  vertex 0.043712772 -0.15774341 0.15300044
  vertex 0.043713123 -0.17198026 0.13680209
 endloop
endfacet
facet normal 0.24270986 -0.72865814 0.640429
 outer loop
  vertex 0.06504188 -0.15390798 0.14928094
  vertex 0.043713123 -0.17198026 0.13680209
  vertex 0.06504223 -0.16779873 0.13347639
 endloop
endfacet
facet normal -0.8574525 -0.38650778 0.33968654
 outer loop
  vertex -0.18629742 -0.08935766 0.086666845
  vertex -0.19760165 -0.07581983 0.07353602
  vertex -0.19760148 -0.082662515 0.06575058
 endloop
endfacet
facet normal -0.85745263 -0.3865075 0.33968663
 outer loop
  vertex -0.18629742 -0.08935766 0.086666845
  vertex -0.19760148 -0.082662515 0.06575058
  vertex -0.18629722 -0.0974222 0.07749122
 endloop
endfacet
facet normal 0.33653477 -0.7073043 0.62166303
 outer loop
  vertex 0.08574457 -0.14859039 0.14412378
  vertex 0.06504188 -0.15390798 0.14928094
  vertex 0.06504223 -0.16779873 0.13347639
 endloop
endfacet
facet normal 0.33653447 -0.70730424 0.62166333
 outer loop
  vertex 0.08574457 -0.14859039 0.14412378
  vertex 0.06504223 -0.16779873 0.13347639
  vertex 0.0857449 -0.16200122 0.12886527
 endloop
endfacet
facet normal -0.67110777 -0.602147 0.43247372
 outer loop
  vertex -0.14214022 -0.1355497 0.10782009
  vertex -0.15843242 -0.12399376 0.09862774
  vertex -0.15843217 -0.13306387 0.08599953
 endloop
endfacet
facet normal -0.67110765 -0.602147 0.4324736
 outer loop
  vertex -0.14214022 -0.1355497 0.10782009
  vertex -0.15843217 -0.13306387 0.08599953
  vertex -0.14213996 -0.14546514 0.09401492
 endloop
endfacet
facet normal 0.59524214 -0.6526434 0.4687679
 outer loop
  vertex 0.14214249 -0.13554542 0.10782254
  vertex 0.124481566 -0.14579652 0.115976274
  vertex 0.12448186 -0.15646183 0.101127096
 endloop
endfacet
facet normal 0.5952431 -0.6526437 0.46876633
 outer loop
  vertex 0.14214249 -0.13554542 0.10782254
  vertex 0.12448186 -0.15646183 0.101127096
  vertex 0.14214276 -0.14546084 0.094017364
 endloop
endfacet
facet normal -0.5952316 -0.65266126 0.4687565
 outer loop
  vertex -0.12447915 -0.14580029 0.115974136
  vertex -0.14214022 -0.1355497 0.10782009
  vertex -0.14213996 -0.14546514 0.09401492
 endloop
endfacet
facet normal -0.59523195 -0.65266067 0.4687568
 outer loop
  vertex -0.12447915 -0.14580029 0.115974136
  vertex -0.14213996 -0.14546514 0.09401492
  vertex -0.12447886 -0.1564656 0.10112495
 endloop
endfacet
facet normal 0.6711195 -0.6021263 0.43248415
 outer loop
  vertex 0.15843448 -0.12398898 0.098630436
  vertex 0.14214249 -0.13554542 0.10782254
  vertex 0.14214276 -0.14546084 0.094017364
 endloop
endfacet
facet normal 0.67111915 -0.60212606 0.43248492
 outer loop
  vertex 0.15843448 -0.12398898 0.098630436
  vertex 0.14214276 -0.14546084 0.094017364
  vertex 0.15843473 -0.13305907 0.08600223
 endloop
endfacet
facet normal -0.5136386 -0.696887 0.5005236
 outer loop
  vertex -0.105619274 -0.15464665 0.12301127
  vertex -0.12447915 -0.14580029 0.115974136
  vertex -0.12447886 -0.1564656 0.10112495
 endloop
endfacet
facet normal -0.5136389 -0.69688666 0.5005238
 outer loop
  vertex -0.105619274 -0.15464665 0.12301127
  vertex -0.12447886 -0.1564656 0.10112495
  vertex -0.10561897 -0.1659591 0.107261084
 endloop
endfacet
facet normal 0.74055356 -0.54579675 0.39202833
 outer loop
  vertex 0.17320068 -0.1112384 0.088488474
  vertex 0.15843448 -0.12398898 0.098630436
  vertex 0.15843473 -0.13305907 0.08600223
 endloop
endfacet
facet normal 0.7405532 -0.5457967 0.3920293
 outer loop
  vertex 0.17320068 -0.1112384 0.088488474
  vertex 0.15843473 -0.13305907 0.08600223
  vertex 0.1732009 -0.1193758 0.077158876
 endloop
endfacet
facet normal -0.42712894 -0.7343972 0.5274672
 outer loop
  vertex -0.08574221 -0.16200379 0.12886378
  vertex -0.105619274 -0.15464665 0.12301127
  vertex -0.10561897 -0.1659591 0.107261084
 endloop
endfacet
facet normal -0.4271285 -0.7343977 0.52746683
 outer loop
  vertex -0.08574221 -0.16200379 0.12886378
  vertex -0.10561897 -0.1659591 0.107261084
  vertex -0.08574189 -0.17385444 0.11236425
 endloop
endfacet
facet normal 0.80286795 -0.48419735 0.3477872
 outer loop
  vertex 0.18629885 -0.097416565 0.07749439
  vertex 0.17320068 -0.1112384 0.088488474
  vertex 0.1732009 -0.1193758 0.077158876
 endloop
endfacet
facet normal 0.8028678 -0.48419732 0.34778747
 outer loop
  vertex 0.18629885 -0.097416565 0.07749439
  vertex 0.1732009 -0.1193758 0.077158876
  vertex 0.18629904 -0.10454291 0.06757249
 endloop
endfacet
facet normal -0.33652464 -0.76484156 0.54933465
 outer loop
  vertex -0.065039404 -0.16780071 0.13347532
  vertex -0.08574221 -0.16200379 0.12886378
  vertex -0.08574189 -0.17385444 0.11236425
 endloop
endfacet
facet normal -0.33652443 -0.7648418 0.5493345
 outer loop
  vertex -0.065039404 -0.16780071 0.13347532
  vertex -0.08574189 -0.17385444 0.11236425
  vertex -0.065039076 -0.18007544 0.11638534
 endloop
endfacet
facet normal 0.8574593 -0.41791624 0.3001826
 outer loop
  vertex 0.19760284 -0.08265657 0.06575397
  vertex 0.18629885 -0.097416565 0.07749439
  vertex 0.18629904 -0.10454291 0.06757249
 endloop
endfacet
facet normal 0.85745955 -0.4179165 0.30018148
 outer loop
  vertex 0.19760284 -0.08265657 0.06575397
  vertex 0.18629904 -0.10454291 0.06757249
  vertex 0.197603 -0.0887032 0.057335302
 endloop
endfacet
facet normal -0.24269581 -0.7879302 0.56591934
 outer loop
  vertex -0.043710265 -0.17198157 0.13680135
  vertex -0.065039404 -0.16780071 0.13347532
  vertex -0.065039076 -0.18007544 0.11638534
 endloop
endfacet
facet normal -0.24269617 -0.78792995 0.5659196
 outer loop
  vertex -0.043710265 -0.17198157 0.13680135
  vertex -0.065039076 -0.18007544 0.11638534
  vertex -0.043709923 -0.18456216 0.11928554
 endloop
endfacet
facet normal 0.90379363 -0.34759253 0.24967283
 outer loop
  vertex 0.20700382 -0.067100495 0.053380296
  vertex 0.19760284 -0.08265657 0.06575397
  vertex 0.197603 -0.0887032 0.057335302
 endloop
endfacet
facet normal 0.9037936 -0.3475925 0.24967304
 outer loop
  vertex 0.20700382 -0.067100495 0.053380296
  vertex 0.197603 -0.0887032 0.057335302
  vertex 0.20700395 -0.07200919 0.046545967
 endloop
endfacet
facet normal -0.14655082 -0.80344296 0.57706356
 outer loop
  vertex -0.021960141 -0.17450622 0.13880995
  vertex -0.043710265 -0.17198157 0.13680135
  vertex -0.043709923 -0.18456216 0.11928554
 endloop
endfacet
facet normal -0.146551 -0.80344284 0.5770637
 outer loop
  vertex -0.021960141 -0.17450622 0.13880995
  vertex -0.043709923 -0.18456216 0.11928554
  vertex -0.021959797 -0.1872715 0.12103699
 endloop
endfacet
facet normal -0.98914987 -0.119330116 0.08569109
 outer loop
  vertex -0.21975322 -0.034212504 0.027211234
  vertex -0.22297968 -0.017190725 0.01367143
  vertex -0.22297965 -0.018447997 0.011920945
 endloop
endfacet
facet normal -0.98914975 -0.119332604 0.08568851
 outer loop
  vertex -0.21975322 -0.034212504 0.027211234
  vertex -0.22297965 -0.018447997 0.011920945
  vertex -0.21975315 -0.03671494 0.023727119
 endloop
endfacet
facet normal 0.94141716 -0.27390492 0.19674827
 outer loop
  vertex 0.21441126 -0.05089829 0.040492613
  vertex 0.20700382 -0.067100495 0.053380296
  vertex 0.20700395 -0.07200919 0.046545967
 endloop
endfacet
facet normal 0.94141704 -0.27390474 0.19674884
 outer loop
  vertex 0.21441126 -0.05089829 0.040492613
  vertex 0.20700395 -0.07200919 0.046545967
  vertex 0.21441136 -0.054621793 0.035308424
 endloop
endfacet
facet normal -0.049001355 -0.81123555 0.5826626
 outer loop
  vertex 1.4697916e-06 -0.17535023 0.13948178
  vertex -0.021960141 -0.17450622 0.13880995
  vertex -0.021959797 -0.1872715 0.12103699
 endloop
endfacet
facet normal -0.04900137 -0.81123555 0.58266264
 outer loop
  vertex 1.4697916e-06 -0.17535023 0.13948178
  vertex -0.021959797 -0.1872715 0.12103699
  vertex 1.8159845e-06 -0.18817729 0.12162283
 endloop
endfacet
facet normal -0.9699604 -0.19759057 0.14189711
 outer loop
  vertex -0.21441042 -0.05090476 0.040488947
  vertex -0.21975322 -0.034212504 0.027211234
  vertex -0.21975315 -0.03671494 0.023727119
 endloop
endfacet
facet normal -0.96996045 -0.19758973 0.14189784
 outer loop
  vertex -0.21441042 -0.05090476 0.040488947
  vertex -0.21975315 -0.03671494 0.023727119
  vertex -0.21441032 -0.05462826 0.035304762
 endloop
endfacet
facet normal 0.9699637 -0.19756061 0.14191583
 outer loop
  vertex 0.2197538 -0.03420586 0.027214978
  vertex 0.21441126 -0.05089829 0.040492613
  vertex 0.21441136 -0.054621793 0.035308424
 endloop
endfacet
facet normal 0.96996367 -0.19756022 0.1419168
 outer loop
  vertex 0.2197538 -0.03420586 0.027214978
  vertex 0.21441136 -0.054621793 0.035308424
  vertex 0.21975388 -0.0367083 0.023730863
 endloop
endfacet
facet normal 0.049015354 -0.81123406 0.58266354
 outer loop
  vertex 0.021963041 -0.17450556 0.13881034
  vertex 1.4697916e-06 -0.17535023 0.13948178
  vertex 1.8159845e-06 -0.18817729 0.12162283
 endloop
endfacet
facet normal 0.049015764 -0.8112343 0.5826631
 outer loop
  vertex 0.021963041 -0.17450556 0.13881034
  vertex 1.8159845e-06 -0.18817729 0.12162283
  vertex 0.021963386 -0.18727085 0.121037364
 endloop
endfacet
facet normal -0.9414123 -0.2739334 0.1967317
 outer loop
  vertex -0.20700271 -0.06710675 0.053376764
  vertex -0.21441042 -0.05090476 0.040488947
  vertex -0.21441032 -0.05462826 0.035304762
 endloop
endfacet
facet normal -0.9414123 -0.2739334 0.19673167
 outer loop
  vertex -0.20700271 -0.06710675 0.053376764
  vertex -0.21441032 -0.05462826 0.035304762
  vertex -0.20700258 -0.07201545 0.046542432
 endloop
endfacet
facet normal 0.989152 -0.1193004 0.08570771
 outer loop
  vertex 0.22297998 -0.01718398 0.013675226
  vertex 0.2197538 -0.03420586 0.027214978
  vertex 0.21975388 -0.0367083 0.023730863
 endloop
endfacet
facet normal 0.9891521 -0.119301975 0.08570476
 outer loop
  vertex 0.22297998 -0.01718398 0.013675226
  vertex 0.21975388 -0.0367083 0.023730863
  vertex 0.22298001 -0.018441254 0.011924742
 endloop
endfacet
facet normal 0.14656554 -0.8034386 0.5770659
 outer loop
  vertex 0.043713123 -0.17198026 0.13680209
  vertex 0.021963041 -0.17450556 0.13881034
  vertex 0.021963386 -0.18727085 0.121037364
 endloop
endfacet
facet normal 0.14656529 -0.8034384 0.57706606
 outer loop
  vertex 0.043713123 -0.17198026 0.13680209
  vertex 0.021963386 -0.18727085 0.121037364
  vertex 0.043713465 -0.18456085 0.119286284
 endloop
endfacet
facet normal -0.9037872 -0.34762034 0.24965738
 outer loop
  vertex -0.19760148 -0.082662515 0.06575058
  vertex -0.20700271 -0.06710675 0.053376764
  vertex -0.20700258 -0.07201545 0.046542432
 endloop
endfacet
facet normal -0.9037873 -0.34761983 0.24965778
 outer loop
  vertex -0.19760148 -0.082662515 0.06575058
  vertex -0.20700258 -0.07201545 0.046542432
  vertex -0.19760132 -0.08870915 0.05733192
 endloop
endfacet
facet normal 0.24271141 -0.7879224 0.56592363
 outer loop
  vertex 0.06504223 -0.16779873 0.13347639
  vertex 0.043713123 -0.17198026 0.13680209
  vertex 0.043713465 -0.18456085 0.119286284
 endloop
endfacet
facet normal 0.24271098 -0.7879222 0.56592405
 outer loop
  vertex 0.06504223 -0.16779873 0.13347639
  vertex 0.043713465 -0.18456085 0.119286284
  vertex 0.065042555 -0.18007347 0.11638643
 endloop
endfacet
facet normal -0.8574517 -0.41794255 0.30016744
 outer loop
  vertex -0.18629722 -0.0974222 0.07749122
  vertex -0.19760148 -0.082662515 0.06575058
  vertex -0.19760132 -0.08870915 0.05733192
 endloop
endfacet
facet normal -0.85745186 -0.4179421 0.3001677
 outer loop
  vertex -0.18629722 -0.0974222 0.07749122
  vertex -0.19760132 -0.08870915 0.05733192
  vertex -0.18629703 -0.10454854 0.067569315
 endloop
endfacet
facet normal 0.336536 -0.7648318 0.5493413
 outer loop
  vertex 0.0857449 -0.16200122 0.12886527
  vertex 0.06504223 -0.16779873 0.13347639
  vertex 0.065042555 -0.18007347 0.11638643
 endloop
endfacet
facet normal 0.3365361 -0.7648318 0.5493412
 outer loop
  vertex 0.0857449 -0.16200122 0.12886527
  vertex 0.065042555 -0.18007347 0.11638643
  vertex 0.08574522 -0.17385189 0.11236573
 endloop
endfacet
facet normal -0.8028593 -0.4842215 0.34777355
 outer loop
  vertex -0.17319883 -0.11124363 0.088485524
  vertex -0.18629722 -0.0974222 0.07749122
  vertex -0.18629703 -0.10454854 0.067569315
 endloop
endfacet
facet normal -0.80285907 -0.48422205 0.34777325
 outer loop
  vertex -0.17319883 -0.11124363 0.088485524
  vertex -0.18629703 -0.10454854 0.067569315
  vertex -0.17319861 -0.11938103 0.077155925
 endloop
endfacet
facet normal 0.4271432 -0.73438394 0.527474
 outer loop
  vertex 0.10562182 -0.15464349 0.12301306
  vertex 0.0857449 -0.16200122 0.12886527
  vertex 0.08574522 -0.17385189 0.11236573
 endloop
endfacet
facet normal 0.42714307 -0.73438394 0.5274742
 outer loop
  vertex 0.10562182 -0.15464349 0.12301306
  vertex 0.08574522 -0.17385189 0.11236573
  vertex 0.10562213 -0.16595595 0.10726287
 endloop
endfacet
facet normal -0.74054384 -0.5458189 0.39201596
 outer loop
  vertex -0.15843242 -0.12399376 0.09862774
  vertex -0.17319883 -0.11124363 0.088485524
  vertex -0.17319861 -0.11938103 0.077155925
 endloop
endfacet
facet normal -0.7405435 -0.5458196 0.3920156
 outer loop
  vertex -0.15843242 -0.12399376 0.09862774
  vertex -0.17319861 -0.11938103 0.077155925
  vertex -0.15843217 -0.13306387 0.08599953
 endloop
endfacet
facet normal 0.5136515 -0.6968711 0.50053257
 outer loop
  vertex 0.124481566 -0.14579652 0.115976274
  vertex 0.10562182 -0.15464349 0.12301306
  vertex 0.10562213 -0.16595595 0.10726287
 endloop
endfacet
facet normal 0.5136515 -0.69687104 0.50053257
 outer loop
  vertex 0.124481566 -0.14579652 0.115976274
  vertex 0.10562213 -0.16595595 0.10726287
  vertex 0.12448186 -0.15646183 0.101127096
 endloop
endfacet
facet normal -0.5136375 -0.74259174 0.429807
 outer loop
  vertex -0.10561897 -0.1659591 0.107261084
  vertex -0.12447886 -0.1564656 0.10112495
  vertex -0.12447859 -0.16562408 0.08530187
 endloop
endfacet
facet normal -0.5136379 -0.7425912 0.42980742
 outer loop
  vertex -0.10561897 -0.1659591 0.107261084
  vertex -0.12447859 -0.16562408 0.08530187
  vertex -0.10561868 -0.1756733 0.09047791
 endloop
endfacet
facet normal 0.7405542 -0.5815941 0.33664188
 outer loop
  vertex 0.1732009 -0.1193758 0.077158876
  vertex 0.15843473 -0.13305907 0.08600223
  vertex 0.15843496 -0.14084771 0.07254581
 endloop
endfacet
facet normal 0.7405541 -0.58159405 0.3366422
 outer loop
  vertex 0.1732009 -0.1193758 0.077158876
  vertex 0.15843496 -0.14084771 0.07254581
  vertex 0.17320111 -0.12636352 0.065086216
 endloop
endfacet
facet normal -0.42712724 -0.78256226 0.4529444
 outer loop
  vertex -0.08574189 -0.17385444 0.11236425
  vertex -0.10561897 -0.1659591 0.107261084
  vertex -0.10561868 -0.1756733 0.09047791
 endloop
endfacet
facet normal -0.42712677 -0.78256273 0.45294398
 outer loop
  vertex -0.08574189 -0.17385444 0.11236425
  vertex -0.10561868 -0.1756733 0.09047791
  vertex -0.08574159 -0.18403079 0.094782606
 endloop
endfacet
facet normal 0.8028688 -0.51595473 0.29865095
 outer loop
  vertex 0.18629904 -0.10454291 0.06757249
  vertex 0.1732009 -0.1193758 0.077158876
  vertex 0.17320111 -0.12636352 0.065086216
 endloop
endfacet
facet normal 0.8028683 -0.5159547 0.29865232
 outer loop
  vertex 0.18629904 -0.10454291 0.06757249
  vertex 0.17320111 -0.12636352 0.065086216
  vertex 0.18629923 -0.110662416 0.05699985
 endloop
endfacet
facet normal -0.33652294 -0.81500334 0.4717223
 outer loop
  vertex -0.065039076 -0.18007544 0.11638534
  vertex -0.08574189 -0.17385444 0.11236425
  vertex -0.08574159 -0.18403079 0.094782606
 endloop
endfacet
facet normal -0.336523 -0.8150032 0.4717224
 outer loop
  vertex -0.065039076 -0.18007544 0.11638534
  vertex -0.08574159 -0.18403079 0.094782606
  vertex -0.06503876 -0.19061595 0.09817453
 endloop
endfacet
facet normal 0.8574603 -0.4453257 0.25777283
 outer loop
  vertex 0.197603 -0.0887032 0.057335302
  vertex 0.18629904 -0.10454291 0.06757249
  vertex 0.18629923 -0.110662416 0.05699985
 endloop
endfacet
facet normal 0.8574603 -0.44532567 0.25777262
 outer loop
  vertex 0.197603 -0.0887032 0.057335302
  vertex 0.18629923 -0.110662416 0.05699985
  vertex 0.19760317 -0.09389555 0.048364505
 endloop
endfacet
facet normal -0.24269475 -0.8396059 0.4859642
 outer loop
  vertex -0.043709923 -0.18456216 0.11928554
  vertex -0.065039076 -0.18007544 0.11638534
  vertex -0.06503876 -0.19061595 0.09817453
 endloop
endfacet
facet normal -0.24269517 -0.83960557 0.48596454
 outer loop
  vertex -0.043709923 -0.18456216 0.11928554
  vertex -0.06503876 -0.19061595 0.09817453
  vertex -0.043709602 -0.19536532 0.10062097
 endloop
endfacet
facet normal 0.9037942 -0.37038967 0.21440011
 outer loop
  vertex 0.20700395 -0.07200919 0.046545967
  vertex 0.197603 -0.0887032 0.057335302
  vertex 0.19760317 -0.09389555 0.048364505
 endloop
endfacet
facet normal 0.90379417 -0.37038967 0.21440047
 outer loop
  vertex 0.20700395 -0.07200919 0.046545967
  vertex 0.19760317 -0.09389555 0.048364505
  vertex 0.20700409 -0.07622438 0.039263412
 endloop
endfacet
facet normal -0.14654958 -0.85613614 0.49553415
 outer loop
  vertex -0.021959797 -0.1872715 0.12103699
  vertex -0.043709923 -0.18456216 0.11928554
  vertex -0.043709602 -0.19536532 0.10062097
 endloop
endfacet
facet normal -0.1465487 -0.85613674 0.49553347
 outer loop
  vertex -0.021959797 -0.1872715 0.12103699
  vertex -0.043709602 -0.19536532 0.10062097
  vertex -0.021959469 -0.19823326 0.10209838
 endloop
endfacet
facet normal -0.9891495 -0.12715645 0.07358309
 outer loop
  vertex -0.21975315 -0.03671494 0.023727119
  vertex -0.22297965 -0.018447997 0.011920945
  vertex -0.22297962 -0.019527638 0.010055654
 endloop
endfacet
facet normal -0.9891495 -0.12715654 0.073583
 outer loop
  vertex -0.21975315 -0.03671494 0.023727119
  vertex -0.22297962 -0.019527638 0.010055654
  vertex -0.21975309 -0.038863827 0.020014498
 endloop
endfacet
facet normal 0.9414176 -0.2918694 0.16895317
 outer loop
  vertex 0.21441136 -0.054621793 0.035308424
  vertex 0.20700395 -0.07200919 0.046545967
  vertex 0.20700409 -0.07622438 0.039263412
 endloop
endfacet
facet normal 0.9414175 -0.29186925 0.1689539
 outer loop
  vertex 0.21441136 -0.054621793 0.035308424
  vertex 0.20700409 -0.07622438 0.039263412
  vertex 0.21441147 -0.057819232 0.02978424
 endloop
endfacet
facet normal -0.048999783 -0.86444056 0.5003414
 outer loop
  vertex 1.8159845e-06 -0.18817729 0.12162283
  vertex -0.021959797 -0.1872715 0.12103699
  vertex -0.021959469 -0.19823326 0.10209838
 endloop
endfacet
facet normal -0.049000405 -0.8644402 0.50034195
 outer loop
  vertex 1.8159845e-06 -0.18817729 0.12162283
  vertex -0.021959469 -0.19823326 0.10209838
  vertex 2.1447818e-06 -0.1991921 0.10259257
 endloop
endfacet
facet normal -0.9699601 -0.21054678 0.12185007
 outer loop
  vertex -0.21441032 -0.05462826 0.035304762
  vertex -0.21975315 -0.03671494 0.023727119
  vertex -0.21975309 -0.038863827 0.020014498
 endloop
endfacet
facet normal -0.96996 -0.21054843 0.121848345
 outer loop
  vertex -0.21441032 -0.05462826 0.035304762
  vertex -0.21975309 -0.038863827 0.020014498
  vertex -0.21441022 -0.057825692 0.029780574
 endloop
endfacet
facet normal 0.96996415 -0.21051812 0.12186775
 outer loop
  vertex 0.21975388 -0.0367083 0.023730863
  vertex 0.21441136 -0.054621793 0.035308424
  vertex 0.21441147 -0.057819232 0.02978424
 endloop
endfacet
facet normal 0.96996427 -0.21051882 0.1218653
 outer loop
  vertex 0.21975388 -0.0367083 0.023730863
  vertex 0.21441147 -0.057819232 0.02978424
  vertex 0.21975394 -0.038857188 0.020018246
 endloop
endfacet
facet normal 0.04901716 -0.8644388 0.5003428
 outer loop
  vertex 0.021963386 -0.18727085 0.121037364
  vertex 1.8159845e-06 -0.18817729 0.12162283
  vertex 2.1447818e-06 -0.1991921 0.10259257
 endloop
endfacet
facet normal 0.049017776 -0.864439 0.5003422
 outer loop
  vertex 0.021963386 -0.18727085 0.121037364
  vertex 2.1447818e-06 -0.1991921 0.10259257
  vertex 0.021963714 -0.1982326 0.102098756
 endloop
endfacet
facet normal -0.94141173 -0.29189876 0.1689349
 outer loop
  vertex -0.20700258 -0.07201545 0.046542432
  vertex -0.21441032 -0.05462826 0.035304762
  vertex -0.21441022 -0.057825692 0.029780574
 endloop
endfacet
facet normal -0.94141185 -0.29189846 0.16893521
 outer loop
  vertex -0.20700258 -0.07201545 0.046542432
  vertex -0.21441022 -0.057825692 0.029780574
  vertex -0.20700245 -0.07623064 0.039259873
 endloop
endfacet
facet normal 0.98915225 -0.1271268 0.07359777
 outer loop
  vertex 0.22298001 -0.018441254 0.011924742
  vertex 0.21975388 -0.0367083 0.023730863
  vertex 0.21975394 -0.038857188 0.020018246
 endloop
endfacet
facet normal 0.98915225 -0.12712693 0.073597565
 outer loop
  vertex 0.22298001 -0.018441254 0.011924742
  vertex 0.21975394 -0.038857188 0.020018246
  vertex 0.22298004 -0.019520894 0.010059452
 endloop
endfacet
facet normal 0.14656688 -0.8561322 0.4955359
 outer loop
  vertex 0.043713465 -0.18456085 0.119286284
  vertex 0.021963386 -0.18727085 0.121037364
  vertex 0.021963714 -0.1982326 0.102098756
 endloop
endfacet
facet normal 0.14656602 -0.85613185 0.49553668
 outer loop
  vertex 0.043713465 -0.18456085 0.119286284
  vertex 0.021963714 -0.1982326 0.102098756
  vertex 0.043713786 -0.19536401 0.100621715
 endloop
endfacet
facet normal -0.90378666 -0.37041795 0.21438347
 outer loop
  vertex -0.19760132 -0.08870915 0.05733192
  vertex -0.20700258 -0.07201545 0.046542432
  vertex -0.20700245 -0.07623064 0.039259873
 endloop
endfacet
facet normal -0.9037866 -0.3704182 0.21438324
 outer loop
  vertex -0.19760132 -0.08870915 0.05733192
  vertex -0.20700245 -0.07623064 0.039259873
  vertex -0.19760115 -0.09390149 0.048361123
 endloop
endfacet
facet normal 0.24271242 -0.83959824 0.4859686
 outer loop
  vertex 0.065042555 -0.18007347 0.11638643
  vertex 0.043713465 -0.18456085 0.119286284
  vertex 0.043713786 -0.19536401 0.100621715
 endloop
endfacet
facet normal 0.24271253 -0.83959824 0.48596847
 outer loop
  vertex 0.065042555 -0.18007347 0.11638643
  vertex 0.043713786 -0.19536401 0.100621715
  vertex 0.06504287 -0.19061399 0.09817563
 endloop
endfacet
facet normal -0.857451 -0.44535285 0.25775665
 outer loop
  vertex -0.18629703 -0.10454854 0.067569315
  vertex -0.19760132 -0.08870915 0.05733192
  vertex -0.19760115 -0.09390149 0.048361123
 endloop
endfacet
facet normal -0.85745114 -0.44535264 0.2577568
 outer loop
  vertex -0.18629703 -0.10454854 0.067569315
  vertex -0.19760115 -0.09390149 0.048361123
  vertex -0.18629684 -0.11066805 0.05699667
 endloop
endfacet
facet normal 0.3365375 -0.8149935 0.47172874
 outer loop
  vertex 0.08574522 -0.17385189 0.11236573
  vertex 0.065042555 -0.18007347 0.11638643
  vertex 0.06504287 -0.19061399 0.09817563
 endloop
endfacet
facet normal 0.336538 -0.8149937 0.4717282
 outer loop
  vertex 0.08574522 -0.17385189 0.11236573
  vertex 0.06504287 -0.19061399 0.09817563
  vertex 0.08574553 -0.18402824 0.09478408
 endloop
endfacet
facet normal -0.80285823 -0.51597935 0.2986369
 outer loop
  vertex -0.17319861 -0.11938103 0.077155925
  vertex -0.18629703 -0.10454854 0.067569315
  vertex -0.18629684 -0.11066805 0.05699667
 endloop
endfacet
facet normal -0.8028586 -0.5159784 0.2986375
 outer loop
  vertex -0.17319861 -0.11938103 0.077155925
  vertex -0.18629684 -0.11066805 0.05699667
  vertex -0.1731984 -0.12636876 0.065083265
 endloop
endfacet
facet normal 0.42714447 -0.7825491 0.45295078
 outer loop
  vertex 0.10562213 -0.16595595 0.10726287
  vertex 0.08574522 -0.17385189 0.11236573
  vertex 0.08574553 -0.18402824 0.09478408
 endloop
endfacet
facet normal 0.42714435 -0.78254914 0.4529509
 outer loop
  vertex 0.10562213 -0.16595595 0.10726287
  vertex 0.08574553 -0.18402824 0.09478408
  vertex 0.10562242 -0.17567013 0.0904797
 endloop
endfacet
facet normal -0.74054253 -0.5816158 0.33662993
 outer loop
  vertex -0.15843217 -0.13306387 0.08599953
  vertex -0.17319861 -0.11938103 0.077155925
  vertex -0.1731984 -0.12636876 0.065083265
 endloop
endfacet
facet normal -0.74054253 -0.58161587 0.33662993
 outer loop
  vertex -0.15843217 -0.13306387 0.08599953
  vertex -0.1731984 -0.12636876 0.065083265
  vertex -0.15843195 -0.14085251 0.072543114
 endloop
endfacet
facet normal 0.51365286 -0.74257606 0.4298158
 outer loop
  vertex 0.12448186 -0.15646183 0.101127096
  vertex 0.10562213 -0.16595595 0.10726287
  vertex 0.10562242 -0.17567013 0.0904797
 endloop
endfacet
facet normal 0.5136521 -0.7425759 0.42981684
 outer loop
  vertex 0.12448186 -0.15646183 0.101127096
  vertex 0.10562242 -0.17567013 0.0904797
  vertex 0.124482125 -0.16562033 0.085304044
 endloop
endfacet
facet normal -0.67110646 -0.6416377 0.37137198
 outer loop
  vertex -0.14213996 -0.14546514 0.09401492
  vertex -0.15843217 -0.13306387 0.08599953
  vertex -0.15843195 -0.14085251 0.072543114
 endloop
endfacet
facet normal -0.67110664 -0.6416374 0.37137213
 outer loop
  vertex -0.14213996 -0.14546514 0.09401492
  vertex -0.15843195 -0.14085251 0.072543114
  vertex -0.1421397 -0.1539797 0.07930435
 endloop
endfacet
facet normal 0.59524435 -0.6954467 0.40253952
 outer loop
  vertex 0.14214276 -0.14546084 0.094017364
  vertex 0.12448186 -0.15646183 0.101127096
  vertex 0.124482125 -0.16562033 0.085304044
 endloop
endfacet
facet normal 0.5952441 -0.6954467 0.40253982
 outer loop
  vertex 0.14214276 -0.14546084 0.094017364
  vertex 0.124482125 -0.16562033 0.085304044
  vertex 0.14214301 -0.15397543 0.079306796
 endloop
endfacet
facet normal -0.59523076 -0.69546443 0.4025289
 outer loop
  vertex -0.12447886 -0.1564656 0.10112495
  vertex -0.14213996 -0.14546514 0.09401492
  vertex -0.1421397 -0.1539797 0.07930435
 endloop
endfacet
facet normal -0.59523034 -0.69546497 0.40252846
 outer loop
  vertex -0.12447886 -0.1564656 0.10112495
  vertex -0.1421397 -0.1539797 0.07930435
  vertex -0.12447859 -0.16562408 0.08530187
 endloop
endfacet
facet normal 0.6711202 -0.64161646 0.37138382
 outer loop
  vertex 0.15843473 -0.13305907 0.08600223
  vertex 0.14214276 -0.14546084 0.094017364
  vertex 0.14214301 -0.15397543 0.079306796
 endloop
endfacet
facet normal 0.67112106 -0.64161664 0.3713821
 outer loop
  vertex 0.15843473 -0.13305907 0.08600223
  vertex 0.14214301 -0.15397543 0.079306796
  vertex 0.15843496 -0.14084771 0.07254581
 endloop
endfacet
facet normal -0.3365217 -0.8573161 0.38956678
 outer loop
  vertex -0.06503876 -0.19061595 0.09817453
  vertex -0.08574159 -0.18403079 0.094782606
  vertex -0.085741304 -0.19243483 0.07628814
 endloop
endfacet
facet normal -0.33652243 -0.8573154 0.38956746
 outer loop
  vertex -0.06503876 -0.19061595 0.09817453
  vertex -0.085741304 -0.19243483 0.07628814
  vertex -0.065038465 -0.19932075 0.079018265
 endloop
endfacet
facet normal 0.8574611 -0.46844703 0.2128799
 outer loop
  vertex 0.19760317 -0.09389555 0.048364505
  vertex 0.18629923 -0.110662416 0.05699985
  vertex 0.1862994 -0.11571616 0.045878313
 endloop
endfacet
facet normal 0.85746133 -0.46844706 0.21287884
 outer loop
  vertex 0.19760317 -0.09389555 0.048364505
  vertex 0.1862994 -0.11571616 0.045878313
  vertex 0.1976033 -0.098183595 0.038927972
 endloop
endfacet
facet normal -0.24269377 -0.8831957 0.4013292
 outer loop
  vertex -0.043709602 -0.19536532 0.10062097
  vertex -0.06503876 -0.19061595 0.09817453
  vertex -0.065038465 -0.19932075 0.079018265
 endloop
endfacet
facet normal -0.24269432 -0.88319534 0.4013296
 outer loop
  vertex -0.043709602 -0.19536532 0.10062097
  vertex -0.065038465 -0.19932075 0.079018265
  vertex -0.0437093 -0.20428704 0.08098738
 endloop
endfacet
facet normal 0.9037948 -0.3896211 0.17706026
 outer loop
  vertex 0.20700409 -0.07622438 0.039263412
  vertex 0.19760317 -0.09389555 0.048364505
  vertex 0.1976033 -0.098183595 0.038927972
 endloop
endfacet
facet normal 0.90379465 -0.38962102 0.17706136
 outer loop
  vertex 0.20700409 -0.07622438 0.039263412
  vertex 0.1976033 -0.098183595 0.038927972
  vertex 0.2070042 -0.07970545 0.031602763
 endloop
endfacet
facet normal -0.1465474 -0.9005844 0.40923288
 outer loop
  vertex -0.021959469 -0.19823326 0.10209838
  vertex -0.043709602 -0.19536532 0.10062097
  vertex -0.0437093 -0.20428704 0.08098738
 endloop
endfacet
facet normal -0.14654659 -0.90058494 0.4092322
 outer loop
  vertex -0.021959469 -0.19823326 0.10209838
  vertex -0.0437093 -0.20428704 0.08098738
  vertex -0.021959163 -0.20728594 0.08217654
 endloop
endfacet
facet normal -0.9891493 -0.13375784 0.060765754
 outer loop
  vertex -0.21975309 -0.038863827 0.020014498
  vertex -0.22297962 -0.019527638 0.010055654
  vertex -0.22297959 -0.02041925 0.008093521
 endloop
endfacet
facet normal -0.9891493 -0.13375778 0.06076588
 outer loop
  vertex -0.21975309 -0.038863827 0.020014498
  vertex -0.22297959 -0.02041925 0.008093521
  vertex -0.21975303 -0.040638465 0.016109135
 endloop
endfacet
facet normal 0.941418 -0.30702403 0.13952911
 outer loop
  vertex 0.21441147 -0.057819232 0.02978424
  vertex 0.20700409 -0.07622438 0.039263412
  vertex 0.2070042 -0.07970545 0.031602763
 endloop
endfacet
facet normal 0.94141805 -0.30702406 0.13952902
 outer loop
  vertex 0.21441147 -0.057819232 0.02978424
  vertex 0.2070042 -0.07970545 0.031602763
  vertex 0.21441156 -0.0604598 0.023973247
 endloop
endfacet
facet normal -0.048999008 -0.90931976 0.4132029
 outer loop
  vertex 2.1447818e-06 -0.1991921 0.10259257
  vertex -0.021959469 -0.19823326 0.10209838
  vertex -0.021959163 -0.20728594 0.08217654
 endloop
endfacet
facet normal -0.04899865 -0.90931994 0.41320258
 outer loop
  vertex 2.1447818e-06 -0.1991921 0.10259257
  vertex -0.021959163 -0.20728594 0.08217654
  vertex 2.4530166e-06 -0.20828858 0.08257433
 endloop
endfacet
facet normal -0.9699596 -0.22147803 0.100627184
 outer loop
  vertex -0.21441022 -0.057825692 0.029780574
  vertex -0.21975309 -0.038863827 0.020014498
  vertex -0.21975303 -0.040638465 0.016109135
 endloop
endfacet
facet normal -0.9699597 -0.2214781 0.10062707
 outer loop
  vertex -0.21441022 -0.057825692 0.029780574
  vertex -0.21975303 -0.040638465 0.016109135
  vertex -0.21441013 -0.060466267 0.023969583
 endloop
endfacet
facet normal 0.96996456 -0.22144887 0.10064331
 outer loop
  vertex 0.21975394 -0.038857188 0.020018246
  vertex 0.21441147 -0.057819232 0.02978424
  vertex 0.21441156 -0.0604598 0.023973247
 endloop
endfacet
facet normal 0.9699646 -0.22144884 0.10064349
 outer loop
  vertex 0.21975394 -0.038857188 0.020018246
  vertex 0.21441156 -0.0604598 0.023973247
  vertex 0.219754 -0.040631827 0.016112879
 endloop
endfacet
facet normal 0.0490192 -0.90931845 0.41320342
 outer loop
  vertex 0.021963714 -0.1982326 0.102098756
  vertex 2.1447818e-06 -0.1991921 0.10259257
  vertex 2.4530166e-06 -0.20828858 0.08257433
 endloop
endfacet
facet normal 0.04901885 -0.9093183 0.41320375
 outer loop
  vertex 0.021963714 -0.1982326 0.102098756
  vertex 2.4530166e-06 -0.20828858 0.08257433
  vertex 0.02196402 -0.20728528 0.08217691
 endloop
endfacet
facet normal -0.94141126 -0.30705178 0.13951305
 outer loop
  vertex -0.20700245 -0.07623064 0.039259873
  vertex -0.21441022 -0.057825692 0.029780574
  vertex -0.21441013 -0.060466267 0.023969583
 endloop
endfacet
facet normal -0.9414112 -0.30705217 0.1395126
 outer loop
  vertex -0.20700245 -0.07623064 0.039259873
  vertex -0.21441013 -0.060466267 0.023969583
  vertex -0.20700233 -0.079711705 0.031599224
 endloop
endfacet
facet normal 0.9891525 -0.13372724 0.060782127
 outer loop
  vertex 0.22298004 -0.019520894 0.010059452
  vertex 0.21975394 -0.038857188 0.020018246
  vertex 0.219754 -0.040631827 0.016112879
 endloop
endfacet
facet normal 0.98915243 -0.1337273 0.060781877
 outer loop
  vertex 0.22298004 -0.019520894 0.010059452
  vertex 0.219754 -0.040631827 0.016112879
  vertex 0.22298007 -0.020412505 0.008097319
 endloop
endfacet
facet normal 0.14656754 -0.9005804 0.40923464
 outer loop
  vertex 0.043713786 -0.19536401 0.100621715
  vertex 0.021963714 -0.1982326 0.102098756
  vertex 0.02196402 -0.20728528 0.08217691
 endloop
endfacet
facet normal 0.14656672 -0.9005801 0.40923545
 outer loop
  vertex 0.043713786 -0.19536401 0.100621715
  vertex 0.02196402 -0.20728528 0.08217691
  vertex 0.043714087 -0.20428573 0.080988124
 endloop
endfacet
facet normal -0.90378594 -0.38964832 0.17704561
 outer loop
  vertex -0.19760115 -0.09390149 0.048361123
  vertex -0.20700245 -0.07623064 0.039259873
  vertex -0.20700233 -0.079711705 0.031599224
 endloop
endfacet
facet normal -0.90378624 -0.38964716 0.17704673
 outer loop
  vertex -0.19760115 -0.09390149 0.048361123
  vertex -0.20700233 -0.079711705 0.031599224
  vertex -0.19760102 -0.09818955 0.03892459
 endloop
endfacet
facet normal 0.24271388 -0.88318807 0.40133375
 outer loop
  vertex 0.06504287 -0.19061399 0.09817563
  vertex 0.043713786 -0.19536401 0.100621715
  vertex 0.043714087 -0.20428573 0.080988124
 endloop
endfacet
facet normal 0.24271522 -0.88318837 0.40133232
 outer loop
  vertex 0.06504287 -0.19061399 0.09817563
  vertex 0.043714087 -0.20428573 0.080988124
  vertex 0.06504317 -0.19931877 0.07901935
 endloop
endfacet
facet normal -0.85745037 -0.4684727 0.2128665
 outer loop
  vertex -0.18629684 -0.11066805 0.05699667
  vertex -0.19760115 -0.09390149 0.048361123
  vertex -0.19760102 -0.09818955 0.03892459
 endloop
endfacet
facet normal -0.85745037 -0.4684729 0.2128664
 outer loop
  vertex -0.18629684 -0.11066805 0.05699667
  vertex -0.19760102 -0.09818955 0.03892459
  vertex -0.18629667 -0.11572179 0.045875132
 endloop
endfacet
facet normal 0.3365393 -0.8573064 0.38957283
 outer loop
  vertex 0.08574553 -0.18402824 0.09478408
  vertex 0.06504287 -0.19061399 0.09817563
  vertex 0.06504317 -0.19931877 0.07901935
 endloop
endfacet
facet normal 0.3365386 -0.85730636 0.38957366
 outer loop
  vertex 0.08574553 -0.18402824 0.09478408
  vertex 0.06504317 -0.19931877 0.07901935
  vertex 0.08574581 -0.1924323 0.07628963
 endloop
endfacet
facet normal -0.8028578 -0.5427658 0.24662663
 outer loop
  vertex -0.1731984 -0.12636876 0.065083265
  vertex -0.18629684 -0.11066805 0.05699667
  vertex -0.18629667 -0.11572179 0.045875132
 endloop
endfacet
facet normal -0.80285764 -0.54276603 0.24662635
 outer loop
  vertex -0.1731984 -0.12636876 0.065083265
  vertex -0.18629667 -0.11572179 0.045875132
  vertex -0.17319821 -0.13213952 0.05238383
 endloop
endfacet
facet normal 0.42714566 -0.82317734 0.3740665
 outer loop
  vertex 0.10562242 -0.17567013 0.0904797
  vertex 0.08574553 -0.18402824 0.09478408
  vertex 0.08574581 -0.1924323 0.07628963
 endloop
endfacet
facet normal 0.4271453 -0.8231772 0.37406692
 outer loop
  vertex 0.10562242 -0.17567013 0.0904797
  vertex 0.08574581 -0.1924323 0.07628963
  vertex 0.10562269 -0.18369253 0.072825186
 endloop
endfacet
facet normal -0.74054164 -0.6118112 0.27800217
 outer loop
  vertex -0.15843195 -0.14085251 0.072543114
  vertex -0.1731984 -0.12636876 0.065083265
  vertex -0.17319821 -0.13213952 0.05238383
 endloop
endfacet
facet normal -0.74054134 -0.6118118 0.27800164
 outer loop
  vertex -0.15843195 -0.14085251 0.072543114
  vertex -0.17319821 -0.13213952 0.05238383
  vertex -0.15843172 -0.1472847 0.058388073
 endloop
endfacet
facet normal 0.51365346 -0.7811292 0.35496113
 outer loop
  vertex 0.124482125 -0.16562033 0.085304044
  vertex 0.10562242 -0.17567013 0.0904797
  vertex 0.10562269 -0.18369253 0.072825186
 endloop
endfacet
facet normal 0.51365364 -0.7811292 0.3549607
 outer loop
  vertex 0.124482125 -0.16562033 0.085304044
  vertex 0.10562269 -0.18369253 0.072825186
  vertex 0.124482386 -0.17318378 0.06865947
 endloop
endfacet
facet normal -0.67110556 -0.6749494 0.30669308
 outer loop
  vertex -0.1421397 -0.1539797 0.07930435
  vertex -0.15843195 -0.14085251 0.072543114
  vertex -0.15843172 -0.1472847 0.058388073
 endloop
endfacet
facet normal -0.6711054 -0.67494977 0.30669278
 outer loop
  vertex -0.1421397 -0.1539797 0.07930435
  vertex -0.15843172 -0.1472847 0.058388073
  vertex -0.14213946 -0.16101137 0.06383004
 endloop
endfacet
facet normal 0.59524524 -0.7315535 0.3324344
 outer loop
  vertex 0.14214301 -0.15397543 0.079306796
  vertex 0.124482125 -0.16562033 0.085304044
  vertex 0.124482386 -0.17318378 0.06865947
 endloop
endfacet
facet normal 0.5952457 -0.7315535 0.33243355
 outer loop
  vertex 0.14214301 -0.15397543 0.079306796
  vertex 0.124482386 -0.17318378 0.06865947
  vertex 0.14214325 -0.16100709 0.063832484
 endloop
endfacet
facet normal -0.59522927 -0.73157144 0.33242336
 outer loop
  vertex -0.12447859 -0.16562408 0.08530187
  vertex -0.1421397 -0.1539797 0.07930435
  vertex -0.14213946 -0.16101137 0.06383004
 endloop
endfacet
facet normal -0.5952298 -0.7315707 0.33242399
 outer loop
  vertex -0.12447859 -0.16562408 0.08530187
  vertex -0.14213946 -0.16101137 0.06383004
  vertex -0.12447833 -0.17318754 0.068657316
 endloop
endfacet
facet normal 0.67112195 -0.67492825 0.3067037
 outer loop
  vertex 0.15843496 -0.14084771 0.07254581
  vertex 0.14214301 -0.15397543 0.079306796
  vertex 0.14214325 -0.16100709 0.063832484
 endloop
endfacet
facet normal 0.6711215 -0.67492825 0.30670485
 outer loop
  vertex 0.15843496 -0.14084771 0.07254581
  vertex 0.14214325 -0.16100709 0.063832484
  vertex 0.15843518 -0.1472799 0.058390778
 endloop
endfacet
facet normal -0.5136366 -0.7811444 0.35495204
 outer loop
  vertex -0.10561868 -0.1756733 0.09047791
  vertex -0.12447859 -0.16562408 0.08530187
  vertex -0.12447833 -0.17318754 0.068657316
 endloop
endfacet
facet normal -0.5136364 -0.78114456 0.3549519
 outer loop
  vertex -0.10561868 -0.1756733 0.09047791
  vertex -0.12447833 -0.17318754 0.068657316
  vertex -0.10561841 -0.18369569 0.0728234
 endloop
endfacet
facet normal 0.7405551 -0.61178905 0.27801484
 outer loop
  vertex 0.17320111 -0.12636352 0.065086216
  vertex 0.15843496 -0.14084771 0.07254581
  vertex 0.15843518 -0.1472799 0.058390778
 endloop
endfacet
facet normal 0.74055505 -0.6117891 0.27801493
 outer loop
  vertex 0.17320111 -0.12636352 0.065086216
  vertex 0.15843518 -0.1472799 0.058390778
  vertex 0.17320131 -0.13213427 0.052386787
 endloop
endfacet
facet normal -0.4271255 -0.8231909 0.3740594
 outer loop
  vertex -0.08574159 -0.18403079 0.094782606
  vertex -0.10561868 -0.1756733 0.09047791
  vertex -0.10561841 -0.18369569 0.0728234
 endloop
endfacet
facet normal -0.42712492 -0.8231915 0.3740589
 outer loop
  vertex -0.08574159 -0.18403079 0.094782606
  vertex -0.10561841 -0.18369569 0.0728234
  vertex -0.085741304 -0.19243483 0.07628814
 endloop
endfacet
facet normal 0.8028693 -0.5427425 0.24664032
 outer loop
  vertex 0.18629923 -0.110662416 0.05699985
  vertex 0.17320111 -0.12636352 0.065086216
  vertex 0.17320131 -0.13213427 0.052386787
 endloop
endfacet
facet normal 0.80286944 -0.54274255 0.2466398
 outer loop
  vertex 0.18629923 -0.110662416 0.05699985
  vertex 0.17320131 -0.13213427 0.052386787
  vertex 0.1862994 -0.11571616 0.045878313
 endloop
endfacet
facet normal -0.14654537 -0.9363603 0.31898865
 outer loop
  vertex -0.021959163 -0.20728594 0.08217654
  vertex -0.0437093 -0.20428704 0.08098738
  vertex -0.04370902 -0.21124133 0.06057384
 endloop
endfacet
facet normal -0.14654563 -0.9363602 0.3189889
 outer loop
  vertex -0.021959163 -0.20728594 0.08217654
  vertex -0.04370902 -0.21124133 0.06057384
  vertex -0.021958878 -0.21434234 0.061463304
 endloop
endfacet
facet normal -0.9891491 -0.13907103 0.04736316
 outer loop
  vertex -0.21975303 -0.040638465 0.016109135
  vertex -0.22297959 -0.02041925 0.008093521
  vertex -0.22297956 -0.021114247 0.0060534426
 endloop
endfacet
facet normal -0.9891491 -0.13907109 0.047363102
 outer loop
  vertex -0.21975303 -0.040638465 0.016109135
  vertex -0.22297956 -0.021114247 0.0060534426
  vertex -0.21975297 -0.042021766 0.012048627
 endloop
endfacet
facet normal 0.94141847 -0.3192212 0.10876179
 outer loop
  vertex 0.21441156 -0.0604598 0.023973247
  vertex 0.2070042 -0.07970545 0.031602763
  vertex 0.20700431 -0.08241888 0.023637796
 endloop
endfacet
facet normal 0.9414185 -0.3192212 0.10876127
 outer loop
  vertex 0.21441156 -0.0604598 0.023973247
  vertex 0.20700431 -0.08241888 0.023637796
  vertex 0.21441163 -0.06251808 0.017931418
 endloop
endfacet
facet normal -0.048997346 -0.94544226 0.3220842
 outer loop
  vertex 2.4530166e-06 -0.20828858 0.08257433
  vertex -0.021959163 -0.20728594 0.08217654
  vertex -0.021958878 -0.21434234 0.061463304
 endloop
endfacet
facet normal -0.048997123 -0.94544226 0.32208398
 outer loop
  vertex 2.4530166e-06 -0.20828858 0.08257433
  vertex -0.021958878 -0.21434234 0.061463304
  vertex 2.7377207e-06 -0.21537912 0.061760873
 endloop
endfacet
facet normal -0.96995926 -0.23027602 0.078434326
 outer loop
  vertex -0.21441013 -0.060466267 0.023969583
  vertex -0.21975303 -0.040638465 0.016109135
  vertex -0.21975297 -0.042021766 0.012048627
 endloop
endfacet
facet normal -0.96995944 -0.230275 0.07843603
 outer loop
  vertex -0.21441013 -0.060466267 0.023969583
  vertex -0.21975297 -0.042021766 0.012048627
  vertex -0.21441005 -0.06252454 0.017927753
 endloop
endfacet
facet normal 0.96996486 -0.23024677 0.07845062
 outer loop
  vertex 0.219754 -0.040631827 0.016112879
  vertex 0.21441156 -0.0604598 0.023973247
  vertex 0.21441163 -0.06251808 0.017931418
 endloop
endfacet
facet normal 0.96996474 -0.2302466 0.078452624
 outer loop
  vertex 0.219754 -0.040631827 0.016112879
  vertex 0.21441163 -0.06251808 0.017931418
  vertex 0.21975406 -0.042015124 0.012052373
 endloop
endfacet
facet normal 0.049020167 -0.9454408 0.32208484
 outer loop
  vertex 0.02196402 -0.20728528 0.08217691
  vertex 2.4530166e-06 -0.20828858 0.08257433
  vertex 2.7377207e-06 -0.21537912 0.061760873
 endloop
endfacet
facet normal 0.049019944 -0.9454408 0.32208505
 outer loop
  vertex 0.02196402 -0.20728528 0.08217691
  vertex 2.7377207e-06 -0.21537912 0.061760873
  vertex 0.021964304 -0.21434169 0.061463676
 endloop
endfacet
facet normal -0.9414109 -0.3192487 0.108747095
 outer loop
  vertex -0.20700233 -0.079711705 0.031599224
  vertex -0.21441013 -0.060466267 0.023969583
  vertex -0.21441005 -0.06252454 0.017927753
 endloop
endfacet
facet normal -0.9414108 -0.31924918 0.108746395
 outer loop
  vertex -0.20700233 -0.079711705 0.031599224
  vertex -0.21441005 -0.06252454 0.017927753
  vertex -0.20700222 -0.08242513 0.02363426
 endloop
endfacet
facet normal 0.98915267 -0.13903975 0.047381353
 outer loop
  vertex 0.22298007 -0.020412505 0.008097319
  vertex 0.219754 -0.040631827 0.016112879
  vertex 0.21975406 -0.042015124 0.012052373
 endloop
endfacet
facet normal 0.98915267 -0.13903973 0.047381405
 outer loop
  vertex 0.22298007 -0.020412505 0.008097319
  vertex 0.21975406 -0.042015124 0.012052373
  vertex 0.2229801 -0.0211075 0.006057243
 endloop
endfacet
facet normal 0.14656813 -0.9363558 0.31899142
 outer loop
  vertex 0.043714087 -0.20428573 0.080988124
  vertex 0.02196402 -0.20728528 0.08217691
  vertex 0.021964304 -0.21434169 0.061463676
 endloop
endfacet
facet normal 0.1465684 -0.9363559 0.31899112
 outer loop
  vertex 0.043714087 -0.20428573 0.080988124
  vertex 0.021964304 -0.21434169 0.061463676
  vertex 0.043714367 -0.21124002 0.060574584
 endloop
endfacet
facet normal -0.90378565 -0.40512562 0.13800246
 outer loop
  vertex -0.19760102 -0.09818955 0.03892459
  vertex -0.20700233 -0.079711705 0.031599224
  vertex -0.20700222 -0.08242513 0.02363426
 endloop
endfacet
facet normal -0.90378565 -0.40512565 0.1380024
 outer loop
  vertex -0.19760102 -0.09818955 0.03892459
  vertex -0.20700222 -0.08242513 0.02363426
  vertex -0.19760089 -0.10153201 0.02911319
 endloop
endfacet
facet normal 0.24271646 -0.91827273 0.31283206
 outer loop
  vertex 0.06504317 -0.19931877 0.07901935
  vertex 0.043714087 -0.20428573 0.080988124
  vertex 0.043714367 -0.21124002 0.060574584
 endloop
endfacet
facet normal 0.2427156 -0.9182726 0.31283298
 outer loop
  vertex 0.06504317 -0.19931877 0.07901935
  vertex 0.043714367 -0.21124002 0.060574584
  vertex 0.065043435 -0.20610401 0.059102114
 endloop
endfacet
facet normal -0.8574496 -0.48708263 0.16592348
 outer loop
  vertex -0.18629667 -0.11572179 0.045875132
  vertex -0.19760102 -0.09818955 0.03892459
  vertex -0.19760089 -0.10153201 0.02911319
 endloop
endfacet
facet normal -0.8574496 -0.48708296 0.16592313
 outer loop
  vertex -0.18629667 -0.11572179 0.045875132
  vertex -0.19760089 -0.10153201 0.02911319
  vertex -0.18629651 -0.11966109 0.03431179
 endloop
endfacet
facet normal 0.33653986 -0.89136267 0.30366674
 outer loop
  vertex 0.08574581 -0.1924323 0.07628963
  vertex 0.06504317 -0.19931877 0.07901935
  vertex 0.065043435 -0.20610401 0.059102114
 endloop
endfacet
facet normal 0.3365402 -0.89136267 0.3036663
 outer loop
  vertex 0.08574581 -0.1924323 0.07628963
  vertex 0.065043435 -0.20610401 0.059102114
  vertex 0.08574607 -0.19898312 0.057060488
 endloop
endfacet
facet normal -0.8028569 -0.56432706 0.19223876
 outer loop
  vertex -0.17319821 -0.13213952 0.05238383
  vertex -0.18629667 -0.11572179 0.045875132
  vertex -0.18629651 -0.11966109 0.03431179
 endloop
endfacet
facet normal -0.802857 -0.56432676 0.19223908
 outer loop
  vertex -0.17319821 -0.13213952 0.05238383
  vertex -0.18629651 -0.11966109 0.03431179
  vertex -0.17319803 -0.13663772 0.039179903
 endloop
endfacet
facet normal 0.42714652 -0.85587823 0.29157904
 outer loop
  vertex 0.10562269 -0.18369253 0.072825186
  vertex 0.08574581 -0.1924323 0.07628963
  vertex 0.08574607 -0.19898312 0.057060488
 endloop
endfacet
facet normal 0.42714655 -0.8558782 0.29157892
 outer loop
  vertex 0.10562269 -0.18369253 0.072825186
  vertex 0.08574607 -0.19898312 0.057060488
  vertex 0.10562294 -0.18994583 0.054469354
 endloop
endfacet
facet normal -0.74054044 -0.63611525 0.21669619
 outer loop
  vertex -0.15843172 -0.1472847 0.058388073
  vertex -0.17319821 -0.13213952 0.05238383
  vertex -0.17319803 -0.13663772 0.039179903
 endloop
endfacet
facet normal -0.7405406 -0.6361151 0.21669647
 outer loop
  vertex -0.15843172 -0.1472847 0.058388073
  vertex -0.17319803 -0.13663772 0.039179903
  vertex -0.15843153 -0.15229848 0.04367073
 endloop
endfacet
facet normal 0.5136549 -0.81215966 0.27668646
 outer loop
  vertex 0.124482386 -0.17318378 0.06865947
  vertex 0.10562269 -0.18369253 0.072825186
  vertex 0.10562294 -0.18994583 0.054469354
 endloop
endfacet
facet normal 0.5136552 -0.81215954 0.27668598
 outer loop
  vertex 0.124482386 -0.17318378 0.06865947
  vertex 0.10562294 -0.18994583 0.054469354
  vertex 0.12448262 -0.17907935 0.051353704
 endloop
endfacet
facet normal -0.6711043 -0.7017612 0.23906118
 outer loop
  vertex -0.14213946 -0.16101137 0.06383004
  vertex -0.15843172 -0.1472847 0.058388073
  vertex -0.15843153 -0.15229848 0.04367073
 endloop
endfacet
facet normal -0.6711043 -0.7017612 0.23906118
 outer loop
  vertex -0.14213946 -0.16101137 0.06383004
  vertex -0.15843153 -0.15229848 0.04367073
  vertex -0.14213924 -0.16649245 0.047741026
 endloop
endfacet
facet normal 0.59524673 -0.76061445 0.25912714
 outer loop
  vertex 0.14214325 -0.16100709 0.063832484
  vertex 0.124482386 -0.17318378 0.06865947
  vertex 0.12448262 -0.17907935 0.051353704
 endloop
endfacet
facet normal 0.595246 -0.76061463 0.2591284
 outer loop
  vertex 0.14214325 -0.16100709 0.063832484
  vertex 0.12448262 -0.17907935 0.051353704
  vertex 0.14214347 -0.16648817 0.047743462
 endloop
endfacet
facet normal -0.59522885 -0.76063174 0.25911778
 outer loop
  vertex -0.12447833 -0.17318754 0.068657316
  vertex -0.14213946 -0.16101137 0.06383004
  vertex -0.14213924 -0.16649245 0.047741026
 endloop
endfacet
facet normal -0.59522843 -0.76063216 0.25911728
 outer loop
  vertex -0.12447833 -0.17318754 0.068657316
  vertex -0.14213924 -0.16649245 0.047741026
  vertex -0.1244781 -0.17908311 0.05135155
 endloop
endfacet
facet normal 0.67112243 -0.70174 0.23907253
 outer loop
  vertex 0.15843518 -0.1472799 0.058390778
  vertex 0.14214325 -0.16100709 0.063832484
  vertex 0.14214347 -0.16648817 0.047743462
 endloop
endfacet
facet normal 0.67112285 -0.7017399 0.23907158
 outer loop
  vertex 0.15843518 -0.1472799 0.058390778
  vertex 0.14214347 -0.16648817 0.047743462
  vertex 0.15843537 -0.15229368 0.043673433
 endloop
endfacet
facet normal -0.51363516 -0.81217515 0.27667752
 outer loop
  vertex -0.10561841 -0.18369569 0.0728234
  vertex -0.12447833 -0.17318754 0.068657316
  vertex -0.1244781 -0.17908311 0.05135155
 endloop
endfacet
facet normal -0.5136352 -0.81217504 0.2766776
 outer loop
  vertex -0.10561841 -0.18369569 0.0728234
  vertex -0.1244781 -0.17908311 0.05135155
  vertex -0.10561816 -0.18994899 0.054467574
 endloop
endfacet
facet normal 0.740556 -0.63609296 0.21670845
 outer loop
  vertex 0.17320131 -0.13213427 0.052386787
  vertex 0.15843518 -0.1472799 0.058390778
  vertex 0.15843537 -0.15229368 0.043673433
 endloop
endfacet
facet normal 0.74055594 -0.63609296 0.21670863
 outer loop
  vertex 0.17320131 -0.13213427 0.052386787
  vertex 0.15843537 -0.15229368 0.043673433
  vertex 0.17320149 -0.13663247 0.03918286
 endloop
endfacet
facet normal -0.42712379 -0.85589194 0.2915719
 outer loop
  vertex -0.085741304 -0.19243483 0.07628814
  vertex -0.10561841 -0.18369569 0.0728234
  vertex -0.10561816 -0.18994899 0.054467574
 endloop
endfacet
facet normal -0.4271241 -0.8558917 0.2915722
 outer loop
  vertex -0.085741304 -0.19243483 0.07628814
  vertex -0.10561816 -0.18994899 0.054467574
  vertex -0.08574104 -0.19898565 0.057059012
 endloop
endfacet
facet normal 0.8028703 -0.5643032 0.19225278
 outer loop
  vertex 0.1862994 -0.11571616 0.045878313
  vertex 0.17320131 -0.13213427 0.052386787
  vertex 0.17320149 -0.13663247 0.03918286
 endloop
endfacet
facet normal 0.80287004 -0.56430334 0.19225349
 outer loop
  vertex 0.1862994 -0.11571616 0.045878313
  vertex 0.17320149 -0.13663247 0.03918286
  vertex 0.18629956 -0.11965546 0.03431497
 endloop
endfacet
facet normal -0.33652115 -0.8913719 0.30366057
 outer loop
  vertex -0.065038465 -0.19932075 0.079018265
  vertex -0.085741304 -0.19243483 0.07628814
  vertex -0.08574104 -0.19898565 0.057059012
 endloop
endfacet
facet normal -0.3365207 -0.8913722 0.30366015
 outer loop
  vertex -0.065038465 -0.19932075 0.079018265
  vertex -0.08574104 -0.19898565 0.057059012
  vertex -0.0650382 -0.20610598 0.05910102
 endloop
endfacet
facet normal 0.857462 -0.48705587 0.1659382
 outer loop
  vertex 0.1976033 -0.098183595 0.038927972
  vertex 0.1862994 -0.11571616 0.045878313
  vertex 0.18629956 -0.11965546 0.03431497
 endloop
endfacet
facet normal 0.85746217 -0.4870559 0.16593775
 outer loop
  vertex 0.1976033 -0.098183595 0.038927972
  vertex 0.18629956 -0.11965546 0.03431497
  vertex 0.19760343 -0.10152606 0.02911657
 endloop
endfacet
facet normal -0.24269304 -0.9182803 0.3128282
 outer loop
  vertex -0.0437093 -0.20428704 0.08098738
  vertex -0.065038465 -0.19932075 0.079018265
  vertex -0.0650382 -0.20610598 0.05910102
 endloop
endfacet
facet normal -0.2426928 -0.9182804 0.312828
 outer loop
  vertex -0.0437093 -0.20428704 0.08098738
  vertex -0.0650382 -0.20610598 0.05910102
  vertex -0.04370902 -0.21124133 0.06057384
 endloop
endfacet
facet normal 0.9037952 -0.4050991 0.13801803
 outer loop
  vertex 0.2070042 -0.07970545 0.031602763
  vertex 0.1976033 -0.098183595 0.038927972
  vertex 0.19760343 -0.10152606 0.02911657
 endloop
endfacet
facet normal 0.9037953 -0.4050991 0.13801737
 outer loop
  vertex 0.2070042 -0.07970545 0.031602763
  vertex 0.19760343 -0.10152606 0.02911657
  vertex 0.20700431 -0.08241888 0.023637796
 endloop
endfacet
facet normal 0.049021155 -0.97245806 0.22786471
 outer loop
  vertex 0.021964304 -0.21434169 0.061463676
  vertex 2.7377207e-06 -0.21537912 0.061760873
  vertex 2.9961523e-06 -0.22039545 0.040352643
 endloop
endfacet
facet normal 0.049021225 -0.97245806 0.22786464
 outer loop
  vertex 0.021964304 -0.21434169 0.061463676
  vertex 2.9961523e-06 -0.22039545 0.040352643
  vertex 0.021964561 -0.21933386 0.040158525
 endloop
endfacet
facet normal -0.94141024 -0.32837185 0.07693207
 outer loop
  vertex -0.20700222 -0.08242513 0.02363426
  vertex -0.21441005 -0.06252454 0.017927753
  vertex -0.21440998 -0.063980706 0.01171327
 endloop
endfacet
facet normal -0.94141024 -0.32837227 0.07693134
 outer loop
  vertex -0.20700222 -0.08242513 0.02363426
  vertex -0.21440998 -0.063980706 0.01171327
  vertex -0.20700212 -0.0843448 0.015441682
 endloop
endfacet
facet normal 0.98915285 -0.14301401 0.03352142
 outer loop
  vertex 0.2229801 -0.0211075 0.006057243
  vertex 0.21975406 -0.042015124 0.012052373
  vertex 0.2197541 -0.042993765 0.007875831
 endloop
endfacet
facet normal 0.9891527 -0.14301375 0.03352478
 outer loop
  vertex 0.2229801 -0.0211075 0.006057243
  vertex 0.2197541 -0.042993765 0.007875831
  vertex 0.22298013 -0.021599187 0.0039588674
 endloop
endfacet
facet normal 0.14656967 -0.9631135 0.22567624
 outer loop
  vertex 0.043714367 -0.21124002 0.060574584
  vertex 0.021964304 -0.21434169 0.061463676
  vertex 0.021964561 -0.21933386 0.040158525
 endloop
endfacet
facet normal 0.14656937 -0.9631135 0.22567654
 outer loop
  vertex 0.043714367 -0.21124002 0.060574584
  vertex 0.021964561 -0.21933386 0.040158525
  vertex 0.04371462 -0.21615997 0.0395777
 endloop
endfacet
facet normal -0.90378505 -0.4167025 0.097629175
 outer loop
  vertex -0.19760089 -0.10153201 0.02911319
  vertex -0.20700222 -0.08242513 0.02363426
  vertex -0.20700212 -0.0843448 0.015441682
 endloop
endfacet
facet normal -0.90378535 -0.41670185 0.09763018
 outer loop
  vertex -0.19760089 -0.10153201 0.02911319
  vertex -0.20700212 -0.0843448 0.015441682
  vertex -0.19760077 -0.1038967 0.019021416
 endloop
endfacet
facet normal 0.2427167 -0.9445138 0.22131944
 outer loop
  vertex 0.065043435 -0.20610401 0.059102114
  vertex 0.043714367 -0.21124002 0.060574584
  vertex 0.04371462 -0.21615997 0.0395777
 endloop
endfacet
facet normal 0.24271719 -0.9445138 0.22131892
 outer loop
  vertex 0.065043435 -0.20610401 0.059102114
  vertex 0.04371462 -0.21615997 0.0395777
  vertex 0.06504369 -0.21090433 0.038615707
 endloop
endfacet
facet normal -0.8574489 -0.5010015 0.117383696
 outer loop
  vertex -0.18629651 -0.11966109 0.03431179
  vertex -0.19760089 -0.10153201 0.02911319
  vertex -0.19760077 -0.1038967 0.019021416
 endloop
endfacet
facet normal -0.8574489 -0.5010015 0.117383696
 outer loop
  vertex -0.18629651 -0.11966109 0.03431179
  vertex -0.19760077 -0.1038967 0.019021416
  vertex -0.18629637 -0.12244801 0.022418013
 endloop
endfacet
facet normal 0.33654138 -0.91683483 0.21483444
 outer loop
  vertex 0.08574607 -0.19898312 0.057060488
  vertex 0.065043435 -0.20610401 0.059102114
  vertex 0.06504369 -0.21090433 0.038615707
 endloop
endfacet
facet normal 0.33654177 -0.91683483 0.21483399
 outer loop
  vertex 0.08574607 -0.19898312 0.057060488
  vertex 0.06504369 -0.21090433 0.038615707
  vertex 0.08574631 -0.20361759 0.03728185
 endloop
endfacet
facet normal -0.80285645 -0.58045274 0.13600114
 outer loop
  vertex -0.17319803 -0.13663772 0.039179903
  vertex -0.18629651 -0.11966109 0.03431179
  vertex -0.18629637 -0.12244801 0.022418013
 endloop
endfacet
facet normal -0.8028562 -0.58045316 0.1360006
 outer loop
  vertex -0.17319803 -0.13663772 0.039179903
  vertex -0.18629637 -0.12244801 0.022418013
  vertex -0.17319787 -0.13982004 0.025598662
 endloop
endfacet
facet normal 0.42714772 -0.88033646 0.20628285
 outer loop
  vertex 0.10562294 -0.18994583 0.054469354
  vertex 0.08574607 -0.19898312 0.057060488
  vertex 0.08574631 -0.20361759 0.03728185
 endloop
endfacet
facet normal 0.4271471 -0.8803366 0.20628363
 outer loop
  vertex 0.10562294 -0.18994583 0.054469354
  vertex 0.08574631 -0.20361759 0.03728185
  vertex 0.10562317 -0.19436984 0.03558898
 endloop
endfacet
facet normal -0.7405398 -0.6542927 0.15330327
 outer loop
  vertex -0.15843153 -0.15229848 0.04367073
  vertex -0.17319803 -0.13663772 0.039179903
  vertex -0.17319787 -0.13982004 0.025598662
 endloop
endfacet
facet normal -0.7405398 -0.65429276 0.15330315
 outer loop
  vertex -0.15843153 -0.15229848 0.04367073
  vertex -0.17319787 -0.13982004 0.025598662
  vertex -0.15843134 -0.15584557 0.028532814
 endloop
endfacet
facet normal 0.51365626 -0.83536816 0.19574782
 outer loop
  vertex 0.12448262 -0.17907935 0.051353704
  vertex 0.10562294 -0.18994583 0.054469354
  vertex 0.10562317 -0.19436984 0.03558898
 endloop
endfacet
facet normal 0.5136564 -0.83536816 0.19574773
 outer loop
  vertex 0.12448262 -0.17907935 0.051353704
  vertex 0.10562317 -0.19436984 0.03558898
  vertex 0.12448283 -0.18325028 0.033553403
 endloop
endfacet
facet normal -0.6711033 -0.7218149 0.1691257
 outer loop
  vertex -0.14213924 -0.16649245 0.047741026
  vertex -0.15843153 -0.15229848 0.04367073
  vertex -0.15843134 -0.15584557 0.028532814
 endloop
endfacet
facet normal -0.67110384 -0.7218144 0.16912647
 outer loop
  vertex -0.14213924 -0.16649245 0.047741026
  vertex -0.15843134 -0.15584557 0.028532814
  vertex -0.14213905 -0.17037013 0.031192238
 endloop
endfacet
facet normal 0.595247 -0.7823507 0.18332578
 outer loop
  vertex 0.14214347 -0.16648817 0.047743462
  vertex 0.12448262 -0.17907935 0.051353704
  vertex 0.12448283 -0.18325028 0.033553403
 endloop
endfacet
facet normal 0.5952472 -0.78235066 0.18332537
 outer loop
  vertex 0.14214347 -0.16648817 0.047743462
  vertex 0.12448283 -0.18325028 0.033553403
  vertex 0.14214367 -0.17036584 0.031194678
 endloop
endfacet
facet normal -0.5952275 -0.7823678 0.18331617
 outer loop
  vertex -0.1244781 -0.17908311 0.05135155
  vertex -0.14213924 -0.16649245 0.047741026
  vertex -0.14213905 -0.17037013 0.031192238
 endloop
endfacet
facet normal -0.59522706 -0.78236836 0.18331547
 outer loop
  vertex -0.1244781 -0.17908311 0.05135155
  vertex -0.14213905 -0.17037013 0.031192238
  vertex -0.124477886 -0.18325403 0.03355125
 endloop
endfacet
facet normal 0.6711236 -0.7217935 0.16913669
 outer loop
  vertex 0.15843537 -0.15229368 0.043673433
  vertex 0.14214347 -0.16648817 0.047743462
  vertex 0.14214367 -0.17036584 0.031194678
 endloop
endfacet
facet normal 0.671123 -0.7217938 0.16913795
 outer loop
  vertex 0.15843537 -0.15229368 0.043673433
  vertex 0.14214367 -0.17036584 0.031194678
  vertex 0.15843557 -0.15584077 0.028535519
 endloop
endfacet
facet normal -0.5136341 -0.83538395 0.19573894
 outer loop
  vertex -0.10561816 -0.18994899 0.054467574
  vertex -0.1244781 -0.17908311 0.05135155
  vertex -0.124477886 -0.18325403 0.03355125
 endloop
endfacet
facet normal -0.5136341 -0.8353839 0.19573894
 outer loop
  vertex -0.10561816 -0.18994899 0.054467574
  vertex -0.124477886 -0.18325403 0.03355125
  vertex -0.105617926 -0.194373 0.0355872
 endloop
endfacet
facet normal 0.74055684 -0.65427023 0.15331684
 outer loop
  vertex 0.17320149 -0.13663247 0.03918286
  vertex 0.15843537 -0.15229368 0.043673433
  vertex 0.15843557 -0.15584077 0.028535519
 endloop
endfacet
facet normal 0.74055725 -0.65427 0.15331578
 outer loop
  vertex 0.17320149 -0.13663247 0.03918286
  vertex 0.15843557 -0.15584077 0.028535519
  vertex 0.17320165 -0.1398148 0.025601616
 endloop
endfacet
facet normal -0.42712313 -0.8803499 0.20627631
 outer loop
  vertex -0.08574104 -0.19898565 0.057059012
  vertex -0.10561816 -0.18994899 0.054467574
  vertex -0.105617926 -0.194373 0.0355872
 endloop
endfacet
facet normal -0.4271232 -0.8803498 0.20627636
 outer loop
  vertex -0.08574104 -0.19898565 0.057059012
  vertex -0.105617926 -0.194373 0.0355872
  vertex -0.085740805 -0.20362014 0.037280373
 endloop
endfacet
facet normal 0.8028708 -0.58042955 0.13601443
 outer loop
  vertex 0.18629956 -0.11965546 0.03431497
  vertex 0.17320149 -0.13663247 0.03918286
  vertex 0.17320165 -0.1398148 0.025601616
 endloop
endfacet
facet normal 0.8028711 -0.58042943 0.1360137
 outer loop
  vertex 0.18629956 -0.11965546 0.03431497
  vertex 0.17320165 -0.1398148 0.025601616
  vertex 0.1862997 -0.12244238 0.02242119
 endloop
endfacet
facet normal -0.33651948 -0.9168441 0.21482873
 outer loop
  vertex -0.0650382 -0.20610598 0.05910102
  vertex -0.08574104 -0.19898565 0.057059012
  vertex -0.085740805 -0.20362014 0.037280373
 endloop
endfacet
facet normal -0.33651972 -0.91684407 0.21482897
 outer loop
  vertex -0.0650382 -0.20610598 0.05910102
  vertex -0.085740805 -0.20362014 0.037280373
  vertex -0.06503794 -0.21090631 0.038614612
 endloop
endfacet
facet normal 0.8574627 -0.5009748 0.11739676
 outer loop
  vertex 0.19760343 -0.10152606 0.02911657
  vertex 0.18629956 -0.11965546 0.03431497
  vertex 0.1862997 -0.12244238 0.02242119
 endloop
endfacet
facet normal 0.8574625 -0.5009749 0.11739736
 outer loop
  vertex 0.19760343 -0.10152606 0.02911657
  vertex 0.1862997 -0.12244238 0.02242119
  vertex 0.19760355 -0.10389074 0.019024795
 endloop
endfacet
facet normal -0.24269158 -0.9445212 0.22131534
 outer loop
  vertex -0.04370902 -0.21124133 0.06057384
  vertex -0.0650382 -0.20610598 0.05910102
  vertex -0.06503794 -0.21090631 0.038614612
 endloop
endfacet
facet normal -0.24269158 -0.9445212 0.22131531
 outer loop
  vertex -0.04370902 -0.21124133 0.06057384
  vertex -0.06503794 -0.21090631 0.038614612
  vertex -0.043708768 -0.21616128 0.039576955
 endloop
endfacet
facet normal 0.9037958 -0.41667563 0.097645104
 outer loop
  vertex 0.20700431 -0.08241888 0.023637796
  vertex 0.19760343 -0.10152606 0.02911657
  vertex 0.19760355 -0.10389074 0.019024795
 endloop
endfacet
facet normal 0.9037957 -0.41667578 0.09764598
 outer loop
  vertex 0.20700431 -0.08241888 0.023637796
  vertex 0.19760355 -0.10389074 0.019024795
  vertex 0.20700441 -0.084338546 0.015445221
 endloop
endfacet
facet normal -0.1465445 -0.96311784 0.22567402
 outer loop
  vertex -0.021958878 -0.21434234 0.061463304
  vertex -0.04370902 -0.21124133 0.06057384
  vertex -0.043708768 -0.21616128 0.039576955
 endloop
endfacet
facet normal -0.14654419 -0.96311796 0.22567372
 outer loop
  vertex -0.021958878 -0.21434234 0.061463304
  vertex -0.043708768 -0.21616128 0.039576955
  vertex -0.021958621 -0.21933451 0.040158153
 endloop
endfacet
facet normal -0.9891489 -0.14304513 0.03350394
 outer loop
  vertex -0.21975297 -0.042021766 0.012048627
  vertex -0.22297956 -0.021114247 0.0060534426
  vertex -0.22297953 -0.021605933 0.0039550676
 endloop
endfacet
facet normal -0.989149 -0.1430439 0.033507045
 outer loop
  vertex -0.21975297 -0.042021766 0.012048627
  vertex -0.22297953 -0.021605933 0.0039550676
  vertex -0.21975292 -0.043000404 0.007872083
 endloop
endfacet
facet normal 0.94141895 -0.32834336 0.07694862
 outer loop
  vertex 0.21441163 -0.06251808 0.017931418
  vertex 0.20700431 -0.08241888 0.023637796
  vertex 0.20700441 -0.084338546 0.015445221
 endloop
endfacet
facet normal 0.941419 -0.32834333 0.07694785
 outer loop
  vertex 0.21441163 -0.06251808 0.017931418
  vertex 0.20700441 -0.084338546 0.015445221
  vertex 0.2144117 -0.06397425 0.01171693
 endloop
endfacet
facet normal -0.04899593 -0.97245955 0.22786379
 outer loop
  vertex 2.7377207e-06 -0.21537912 0.061760873
  vertex -0.021958878 -0.21434234 0.061463304
  vertex -0.021958621 -0.21933451 0.040158153
 endloop
endfacet
facet normal -0.048996005 -0.9724595 0.22786388
 outer loop
  vertex 2.7377207e-06 -0.21537912 0.061760873
  vertex -0.021958621 -0.21933451 0.040158153
  vertex 2.9961523e-06 -0.22039545 0.040352643
 endloop
endfacet
facet normal -0.96995914 -0.23685491 0.055488877
 outer loop
  vertex -0.21441005 -0.06252454 0.017927753
  vertex -0.21975297 -0.042021766 0.012048627
  vertex -0.21975292 -0.043000404 0.007872083
 endloop
endfacet
facet normal -0.969959 -0.23685543 0.0554878
 outer loop
  vertex -0.21441005 -0.06252454 0.017927753
  vertex -0.21975292 -0.043000404 0.007872083
  vertex -0.21440998 -0.063980706 0.01171327
 endloop
endfacet
facet normal 0.9699651 -0.23682694 0.055504344
 outer loop
  vertex 0.21975406 -0.042015124 0.012052373
  vertex 0.21441163 -0.06251808 0.017931418
  vertex 0.2144117 -0.06397425 0.01171693
 endloop
endfacet
facet normal 0.9699651 -0.23682688 0.055503372
 outer loop
  vertex 0.21975406 -0.042015124 0.012052373
  vertex 0.2144117 -0.06397425 0.01171693
  vertex 0.2197541 -0.042993765 0.007875831
 endloop
endfacet
facet normal 0.2427182 -0.96165854 0.12767461
 outer loop
  vertex 0.06504369 -0.21090433 0.038615707
  vertex 0.04371462 -0.21615997 0.0395777
  vertex 0.043714847 -0.21899816 0.01819969
 endloop
endfacet
facet normal 0.24271718 -0.96165866 0.12767571
 outer loop
  vertex 0.06504369 -0.21090433 0.038615707
  vertex 0.043714847 -0.21899816 0.01819969
  vertex 0.065043904 -0.21367355 0.017757442
 endloop
endfacet
facet normal -0.8574483 -0.5100958 0.06771081
 outer loop
  vertex -0.18629637 -0.12244801 0.022418013
  vertex -0.19760077 -0.1038967 0.019021416
  vertex -0.19760065 -0.10526081 0.008746462
 endloop
endfacet
facet normal -0.8574486 -0.51009506 0.06771192
 outer loop
  vertex -0.18629637 -0.12244801 0.022418013
  vertex -0.19760065 -0.10526081 0.008746462
  vertex -0.18629624 -0.12405572 0.010308338
 endloop
endfacet
facet normal 0.33654273 -0.9334769 0.12393517
 outer loop
  vertex 0.08574631 -0.20361759 0.03728185
  vertex 0.06504369 -0.21090433 0.038615707
  vertex 0.065043904 -0.21367355 0.017757442
 endloop
endfacet
facet normal 0.33654293 -0.9334768 0.12393492
 outer loop
  vertex 0.08574631 -0.20361759 0.03728185
  vertex 0.065043904 -0.21367355 0.017757442
  vertex 0.08574653 -0.20629112 0.017144205
 endloop
endfacet
facet normal -0.8028555 -0.5909892 0.07845221
 outer loop
  vertex -0.17319787 -0.13982004 0.025598662
  vertex -0.18629637 -0.12244801 0.022418013
  vertex -0.18629624 -0.12405572 0.010308338
 endloop
endfacet
facet normal -0.8028557 -0.59098905 0.07845249
 outer loop
  vertex -0.17319787 -0.13982004 0.025598662
  vertex -0.18629624 -0.12405572 0.010308338
  vertex -0.17319772 -0.14165585 0.011770895
 endloop
endfacet
facet normal 0.42714816 -0.8963163 0.11900234
 outer loop
  vertex 0.10562317 -0.19436984 0.03558898
  vertex 0.08574631 -0.20361759 0.03728185
  vertex 0.08574653 -0.20629112 0.017144205
 endloop
endfacet
facet normal 0.42714918 -0.89631605 0.11900105
 outer loop
  vertex 0.10562317 -0.19436984 0.03558898
  vertex 0.08574653 -0.20629112 0.017144205
  vertex 0.10562337 -0.19692193 0.0163659
 endloop
endfacet
facet normal -0.740539 -0.66616905 0.08843426
 outer loop
  vertex -0.15843134 -0.15584557 0.028532814
  vertex -0.17319787 -0.13982004 0.025598662
  vertex -0.17319772 -0.14165585 0.011770895
 endloop
endfacet
facet normal -0.74053913 -0.66616905 0.08843438
 outer loop
  vertex -0.15843134 -0.15584557 0.028532814
  vertex -0.17319772 -0.14165585 0.011770895
  vertex -0.15843117 -0.1578918 0.013120119
 endloop
endfacet
facet normal 0.51365733 -0.8505319 0.112923585
 outer loop
  vertex 0.12448283 -0.18325028 0.033553403
  vertex 0.10562317 -0.19436984 0.03558898
  vertex 0.10562337 -0.19692193 0.0163659
 endloop
endfacet
facet normal 0.51365644 -0.85053223 0.112924874
 outer loop
  vertex 0.12448283 -0.18325028 0.033553403
  vertex 0.10562337 -0.19692193 0.0163659
  vertex 0.12448303 -0.1856564 0.015430007
 endloop
endfacet
facet normal -0.67110294 -0.73491657 0.09756221
 outer loop
  vertex -0.14213905 -0.17037013 0.031192238
  vertex -0.15843134 -0.15584557 0.028532814
  vertex -0.15843117 -0.1578918 0.013120119
 endloop
endfacet
facet normal -0.6711028 -0.7349168 0.09756202
 outer loop
  vertex -0.14213905 -0.17037013 0.031192238
  vertex -0.15843117 -0.1578918 0.013120119
  vertex -0.14213887 -0.17260706 0.014343062
 endloop
endfacet
facet normal 0.5952481 -0.79655176 0.10575914
 outer loop
  vertex 0.14214367 -0.17036584 0.031194678
  vertex 0.12448283 -0.18325028 0.033553403
  vertex 0.12448303 -0.1856564 0.015430007
 endloop
endfacet
facet normal 0.5952487 -0.79655135 0.10575817
 outer loop
  vertex 0.14214367 -0.17036584 0.031194678
  vertex 0.12448303 -0.1856564 0.015430007
  vertex 0.14214385 -0.17260277 0.014345495
 endloop
endfacet
facet normal -0.59522617 -0.7965696 0.105747975
 outer loop
  vertex -0.124477886 -0.18325403 0.03355125
  vertex -0.14213905 -0.17037013 0.031192238
  vertex -0.14213887 -0.17260706 0.014343062
 endloop
endfacet
facet normal -0.5952262 -0.7965695 0.105748124
 outer loop
  vertex -0.124477886 -0.18325403 0.03355125
  vertex -0.14213887 -0.17260706 0.014343062
  vertex -0.12447769 -0.18566014 0.015427854
 endloop
endfacet
facet normal 0.6711237 -0.7348961 0.09757346
 outer loop
  vertex 0.15843557 -0.15584077 0.028535519
  vertex 0.14214367 -0.17036584 0.031194678
  vertex 0.14214385 -0.17260277 0.014345495
 endloop
endfacet
facet normal 0.67112356 -0.73489624 0.09757374
 outer loop
  vertex 0.15843557 -0.15584077 0.028535519
  vertex 0.14214385 -0.17260277 0.014345495
  vertex 0.15843573 -0.157887 0.013122822
 endloop
endfacet
facet normal -0.513633 -0.8505477 0.11291525
 outer loop
  vertex -0.105617926 -0.194373 0.0355872
  vertex -0.124477886 -0.18325403 0.03355125
  vertex -0.12447769 -0.18566014 0.015427854
 endloop
endfacet
facet normal -0.5136328 -0.85054785 0.11291492
 outer loop
  vertex -0.105617926 -0.194373 0.0355872
  vertex -0.12447769 -0.18566014 0.015427854
  vertex -0.105617724 -0.19692509 0.016364112
 endloop
endfacet
facet normal 0.740558 -0.66614634 0.0884471
 outer loop
  vertex 0.17320165 -0.1398148 0.025601616
  vertex 0.15843557 -0.15584077 0.028535519
  vertex 0.15843573 -0.157887 0.013122822
 endloop
endfacet
facet normal 0.74055797 -0.6661464 0.08844716
 outer loop
  vertex 0.17320165 -0.1398148 0.025601616
  vertex 0.15843573 -0.157887 0.013122822
  vertex 0.1732018 -0.1416506 0.011773849
 endloop
endfacet
facet normal -0.42712235 -0.8963297 0.11899389
 outer loop
  vertex -0.085740805 -0.20362014 0.037280373
  vertex -0.105617926 -0.194373 0.0355872
  vertex -0.105617724 -0.19692509 0.016364112
 endloop
endfacet
facet normal -0.42712215 -0.8963298 0.11899367
 outer loop
  vertex -0.085740805 -0.20362014 0.037280373
  vertex -0.105617724 -0.19692509 0.016364112
  vertex -0.08574059 -0.20629364 0.017142734
 endloop
endfacet
facet normal 0.8028718 -0.5909653 0.07846665
 outer loop
  vertex 0.1862997 -0.12244238 0.02242119
  vertex 0.17320165 -0.1398148 0.025601616
  vertex 0.1732018 -0.1416506 0.011773849
 endloop
endfacet
facet normal 0.80287164 -0.59096533 0.0784668
 outer loop
  vertex 0.1862997 -0.12244238 0.02242119
  vertex 0.1732018 -0.1416506 0.011773849
  vertex 0.18629983 -0.12405009 0.010311516
 endloop
endfacet
facet normal -0.33651856 -0.9334866 0.12392762
 outer loop
  vertex -0.06503794 -0.21090631 0.038614612
  vertex -0.085740805 -0.20362014 0.037280373
  vertex -0.08574059 -0.20629364 0.017142734
 endloop
endfacet
facet normal -0.33651957 -0.9334861 0.1239287
 outer loop
  vertex -0.06503794 -0.21090631 0.038614612
  vertex -0.08574059 -0.20629364 0.017142734
  vertex -0.06503773 -0.21367551 0.01775634
 endloop
endfacet
facet normal 0.85746306 -0.51006866 0.0677274
 outer loop
  vertex 0.19760355 -0.10389074 0.019024795
  vertex 0.1862997 -0.12244238 0.02242119
  vertex 0.18629983 -0.12405009 0.010311516
 endloop
endfacet
facet normal 0.8574629 -0.51006895 0.06772821
 outer loop
  vertex 0.19760355 -0.10389074 0.019024795
  vertex 0.18629983 -0.12405009 0.010311516
  vertex 0.19760367 -0.10525487 0.008749837
 endloop
endfacet
facet normal -0.2426905 -0.961666 0.12767091
 outer loop
  vertex -0.043708768 -0.21616128 0.039576955
  vertex -0.06503794 -0.21090631 0.038614612
  vertex -0.06503773 -0.21367551 0.01775634
 endloop
endfacet
facet normal -0.24269003 -0.9616661 0.12767045
 outer loop
  vertex -0.043708768 -0.21616128 0.039576955
  vertex -0.06503773 -0.21367551 0.01775634
  vertex -0.04370854 -0.21899948 0.018198945
 endloop
endfacet
facet normal 0.9037962 -0.42423934 0.056333777
 outer loop
  vertex 0.20700441 -0.084338546 0.015445221
  vertex 0.19760355 -0.10389074 0.019024795
  vertex 0.19760367 -0.10525487 0.008749837
 endloop
endfacet
facet normal 0.9037963 -0.42423907 0.05633271
 outer loop
  vertex 0.20700441 -0.084338546 0.015445221
  vertex 0.19760367 -0.10525487 0.008749837
  vertex 0.2070045 -0.085445955 0.0071039423
 endloop
endfacet
facet normal -0.14654317 -0.98060024 0.13018522
 outer loop
  vertex -0.021958621 -0.21933451 0.040158153
  vertex -0.043708768 -0.21616128 0.039576955
  vertex -0.04370854 -0.21899948 0.018198945
 endloop
endfacet
facet normal -0.14654365 -0.9806002 0.1301857
 outer loop
  vertex -0.021958621 -0.21933451 0.040158153
  vertex -0.04370854 -0.21899948 0.018198945
  vertex -0.021958394 -0.22221439 0.018466284
 endloop
endfacet
facet normal -0.98914886 -0.14563973 0.019328674
 outer loop
  vertex -0.21975292 -0.043000404 0.007872083
  vertex -0.22297953 -0.021605933 0.0039550676
  vertex -0.22297952 -0.021889577 0.0018186026
 endloop
endfacet
facet normal -0.98914886 -0.14564073 0.019325238
 outer loop
  vertex -0.21975292 -0.043000404 0.007872083
  vertex -0.22297952 -0.021889577 0.0018186026
  vertex -0.21975288 -0.043564957 0.003619728
 endloop
endfacet
facet normal 0.94141936 -0.3343036 0.044393096
 outer loop
  vertex 0.2144117 -0.06397425 0.01171693
  vertex 0.20700441 -0.084338546 0.015445221
  vertex 0.2070045 -0.085445955 0.0071039423
 endloop
endfacet
facet normal 0.9414192 -0.33430383 0.044394337
 outer loop
  vertex 0.2144117 -0.06397425 0.01171693
  vertex 0.2070045 -0.085445955 0.0071039423
  vertex 0.21441178 -0.06481428 0.00538964
 endloop
endfacet
facet normal -0.048994903 -0.9901114 0.13144943
 outer loop
  vertex 2.9961523e-06 -0.22039545 0.040352643
  vertex -0.021958621 -0.21933451 0.040158153
  vertex -0.021958394 -0.22221439 0.018466284
 endloop
endfacet
facet normal -0.048994742 -0.9901114 0.13144928
 outer loop
  vertex 2.9961523e-06 -0.22039545 0.040352643
  vertex -0.021958394 -0.22221439 0.018466284
  vertex 3.2258226e-06 -0.22328925 0.018555805
 endloop
endfacet
facet normal -0.9699588 -0.24115455 0.03200606
 outer loop
  vertex -0.21440998 -0.063980706 0.01171327
  vertex -0.21975292 -0.043000404 0.007872083
  vertex -0.21975288 -0.043564957 0.003619728
 endloop
endfacet
facet normal -0.96995884 -0.24115494 0.032005098
 outer loop
  vertex -0.21440998 -0.063980706 0.01171327
  vertex -0.21975288 -0.043564957 0.003619728
  vertex -0.2144099 -0.06482074 0.0053859837
 endloop
endfacet
facet normal 0.9699654 -0.24112555 0.032023996
 outer loop
  vertex 0.2197541 -0.042993765 0.007875831
  vertex 0.2144117 -0.06397425 0.01171693
  vertex 0.21441178 -0.06481428 0.00538964
 endloop
endfacet
facet normal 0.9699655 -0.24112542 0.03202257
 outer loop
  vertex 0.2197541 -0.042993765 0.007875831
  vertex 0.21441178 -0.06481428 0.00538964
  vertex 0.21975414 -0.04355832 0.0036234732
 endloop
endfacet
facet normal 0.04902229 -0.9901099 0.13145012
 outer loop
  vertex 0.021964561 -0.21933386 0.040158525
  vertex 2.9961523e-06 -0.22039545 0.040352643
  vertex 3.2258226e-06 -0.22328925 0.018555805
 endloop
endfacet
facet normal 0.04902211 -0.99010986 0.1314503
 outer loop
  vertex 0.021964561 -0.21933386 0.040158525
  vertex 3.2258226e-06 -0.22328925 0.018555805
  vertex 0.021964788 -0.22221373 0.01846666
 endloop
endfacet
facet normal -0.9414098 -0.3343326 0.04437597
 outer loop
  vertex -0.20700212 -0.0843448 0.015441682
  vertex -0.21440998 -0.063980706 0.01171327
  vertex -0.2144099 -0.06482074 0.0053859837
 endloop
endfacet
facet normal -0.94140995 -0.33433226 0.044376723
 outer loop
  vertex -0.20700212 -0.0843448 0.015441682
  vertex -0.2144099 -0.06482074 0.0053859837
  vertex -0.20700203 -0.08545221 0.0071004033
 endloop
endfacet
facet normal 0.98915297 -0.14561036 0.019341968
 outer loop
  vertex 0.22298013 -0.021599187 0.0039588674
  vertex 0.2197541 -0.042993765 0.007875831
  vertex 0.21975414 -0.04355832 0.0036234732
 endloop
endfacet
facet normal 0.98915297 -0.14561032 0.019338332
 outer loop
  vertex 0.22298013 -0.021599187 0.0039588674
  vertex 0.21975414 -0.04355832 0.0036234732
  vertex 0.22298014 -0.021882828 0.001822404
 endloop
endfacet
facet normal 0.14657052 -0.9805958 0.1301882
 outer loop
  vertex 0.04371462 -0.21615997 0.0395777
  vertex 0.021964561 -0.21933386 0.040158525
  vertex 0.021964788 -0.22221373 0.01846666
 endloop
endfacet
facet normal 0.14657097 -0.98059577 0.13018775
 outer loop
  vertex 0.04371462 -0.21615997 0.0395777
  vertex 0.021964788 -0.22221373 0.01846666
  vertex 0.043714847 -0.21899816 0.01819969
 endloop
endfacet
facet normal -0.9037849 -0.4242656 0.056316905
 outer loop
  vertex -0.19760077 -0.1038967 0.019021416
  vertex -0.20700212 -0.0843448 0.015441682
  vertex -0.20700203 -0.08545221 0.0071004033
 endloop
endfacet
facet normal -0.9037846 -0.42426634 0.056315478
 outer loop
  vertex -0.19760077 -0.1038967 0.019021416
  vertex -0.20700203 -0.08545221 0.0071004033
  vertex -0.19760065 -0.10526081 0.008746462
 endloop
endfacet
facet normal 0.8028723 -0.59581 0.020162199
 outer loop
  vertex 0.18629983 -0.12405009 0.010311516
  vertex 0.1732018 -0.1416506 0.011773849
  vertex 0.17320192 -0.14212221 -0.0021672784
 endloop
endfacet
facet normal 0.8028721 -0.5958101 0.020162467
 outer loop
  vertex 0.18629983 -0.12405009 0.010311516
  vertex 0.17320192 -0.14212221 -0.0021672784
  vertex 0.18629993 -0.1244631 -0.001897426
 endloop
endfacet
facet normal -0.33651856 -0.94113857 0.03183429
 outer loop
  vertex -0.06503773 -0.21367551 0.01775634
  vertex -0.08574059 -0.20629364 0.017142734
  vertex -0.08574041 -0.20698045 -0.003159986
 endloop
endfacet
facet normal -0.33651885 -0.94113845 0.031834595
 outer loop
  vertex -0.06503773 -0.21367551 0.01775634
  vertex -0.08574041 -0.20698045 -0.003159986
  vertex -0.06503753 -0.21438691 -0.0032729094
 endloop
endfacet
facet normal 0.8574633 -0.51425064 0.017403875
 outer loop
  vertex 0.19760367 -0.10525487 0.008749837
  vertex 0.18629983 -0.12405009 0.010311516
  vertex 0.18629993 -0.1244631 -0.001897426
 endloop
endfacet
facet normal 0.8574633 -0.5142506 0.017403794
 outer loop
  vertex 0.19760367 -0.10525487 0.008749837
  vertex 0.18629993 -0.1244631 -0.001897426
  vertex 0.19760376 -0.10560531 -0.0016093496
 endloop
endfacet
facet normal -0.24268906 -0.9695496 0.03279656
 outer loop
  vertex -0.04370854 -0.21899948 0.018198945
  vertex -0.06503773 -0.21367551 0.01775634
  vertex -0.06503753 -0.21438691 -0.0032729094
 endloop
endfacet
facet normal -0.24268934 -0.96954954 0.032796856
 outer loop
  vertex -0.04370854 -0.21899948 0.018198945
  vertex -0.06503753 -0.21438691 -0.0032729094
  vertex -0.043708347 -0.2197286 -0.003354319
 endloop
endfacet
facet normal 0.90379673 -0.42771706 0.014476921
 outer loop
  vertex 0.2070045 -0.085445955 0.0071039423
  vertex 0.19760367 -0.10525487 0.008749837
  vertex 0.19760376 -0.10560531 -0.0016093496
 endloop
endfacet
facet normal 0.90379685 -0.42771694 0.0144766085
 outer loop
  vertex 0.2070045 -0.085445955 0.0071039423
  vertex 0.19760376 -0.10560531 -0.0016093496
  vertex 0.20700458 -0.08573043 -0.0013057217
 endloop
endfacet
facet normal -0.14654273 -0.9886388 0.033443503
 outer loop
  vertex -0.021958394 -0.22221439 0.018466284
  vertex -0.04370854 -0.21899948 0.018198945
  vertex -0.043708347 -0.2197286 -0.003354319
 endloop
endfacet
facet normal -0.14654246 -0.9886389 0.033443205
 outer loop
  vertex -0.021958394 -0.22221439 0.018466284
  vertex -0.043708347 -0.2197286 -0.003354319
  vertex -0.021958195 -0.22295421 -0.0034034264
 endloop
endfacet
facet normal -0.9891487 -0.14683436 0.004960269
 outer loop
  vertex -0.21975288 -0.043564957 0.003619728
  vertex -0.22297952 -0.021889577 0.0018186026
  vertex -0.2229795 -0.021962442 -0.0003353771
 endloop
endfacet
facet normal -0.98914856 -0.14683492 0.004957056
 outer loop
  vertex -0.21975288 -0.043564957 0.003619728
  vertex -0.2229795 -0.021962442 -0.0003353771
  vertex -0.21975283 -0.043709993 -0.000667489
 endloop
endfacet
facet normal 0.94141954 -0.33704463 0.011409724
 outer loop
  vertex 0.21441178 -0.06481428 0.00538964
  vertex 0.2070045 -0.085445955 0.0071039423
  vertex 0.20700458 -0.08573043 -0.0013057217
 endloop
endfacet
facet normal 0.9414194 -0.33704486 0.011410656
 outer loop
  vertex 0.21441178 -0.06481428 0.00538964
  vertex 0.20700458 -0.08573043 -0.0013057217
  vertex 0.21441184 -0.065030076 -0.0009895192
 endloop
endfacet
facet normal -0.04899383 -0.9982281 0.033768483
 outer loop
  vertex 3.2258226e-06 -0.22328925 0.018555805
  vertex -0.021958394 -0.22221439 0.018466284
  vertex -0.021958195 -0.22295421 -0.0034034264
 endloop
endfacet
facet normal -0.04899368 -0.9982281 0.03376834
 outer loop
  vertex 3.2258226e-06 -0.22328925 0.018555805
  vertex -0.021958195 -0.22295421 -0.0034034264
  vertex 3.4245197e-06 -0.22403266 -0.0034197196
 endloop
endfacet
facet normal -0.96995854 -0.24313171 0.008215043
 outer loop
  vertex -0.2144099 -0.06482074 0.0053859837
  vertex -0.21975288 -0.043564957 0.003619728
  vertex -0.21975283 -0.043709993 -0.000667489
 endloop
endfacet
facet normal -0.9699585 -0.24313152 0.008215773
 outer loop
  vertex -0.2144099 -0.06482074 0.0053859837
  vertex -0.21975283 -0.043709993 -0.000667489
  vertex -0.21440984 -0.065036535 -0.0009931735
 endloop
endfacet
facet normal 0.9699657 -0.24310218 0.008232892
 outer loop
  vertex 0.21975414 -0.04355832 0.0036234732
  vertex 0.21441178 -0.06481428 0.00538964
  vertex 0.21441184 -0.065030076 -0.0009895192
 endloop
endfacet
facet normal 0.9699657 -0.24310242 0.008234062
 outer loop
  vertex 0.21975414 -0.04355832 0.0036234732
  vertex 0.21441184 -0.065030076 -0.0009895192
  vertex 0.21975419 -0.04370335 -0.00066374347
 endloop
endfacet
facet normal 0.049023114 -0.99822664 0.03376918
 outer loop
  vertex 0.021964788 -0.22221373 0.01846666
  vertex 3.2258226e-06 -0.22328925 0.018555805
  vertex 3.4245197e-06 -0.22403266 -0.0034197196
 endloop
endfacet
facet normal 0.049022965 -0.99822664 0.033769332
 outer loop
  vertex 0.021964788 -0.22221373 0.01846666
  vertex 3.4245197e-06 -0.22403266 -0.0034197196
  vertex 0.021964988 -0.22295356 -0.0034030515
 endloop
endfacet
facet normal -0.94140965 -0.3370729 0.011393944
 outer loop
  vertex -0.20700203 -0.08545221 0.0071004033
  vertex -0.2144099 -0.06482074 0.0053859837
  vertex -0.21440984 -0.065036535 -0.0009931735
 endloop
endfacet
facet normal -0.9414097 -0.3370728 0.0113943005
 outer loop
  vertex -0.20700203 -0.08545221 0.0071004033
  vertex -0.21440984 -0.065036535 -0.0009931735
  vertex -0.20700195 -0.08573669 -0.001309257
 endloop
endfacet
facet normal 0.98915315 -0.14680369 0.004976562
 outer loop
  vertex 0.22298014 -0.021882828 0.001822404
  vertex 0.21975414 -0.04355832 0.0036234732
  vertex 0.21975419 -0.04370335 -0.00066374347
 endloop
endfacet
facet normal 0.9891532 -0.14680332 0.00497308
 outer loop
  vertex 0.22298014 -0.021882828 0.001822404
  vertex 0.21975419 -0.04370335 -0.00066374347
  vertex 0.22298016 -0.021955695 -0.00033157467
 endloop
endfacet
facet normal 0.14657195 -0.98863447 0.033445727
 outer loop
  vertex 0.043714847 -0.21899816 0.01819969
  vertex 0.021964788 -0.22221373 0.01846666
  vertex 0.021964988 -0.22295356 -0.0034030515
 endloop
endfacet
facet normal 0.14657168 -0.98863447 0.033445977
 outer loop
  vertex 0.043714847 -0.21899816 0.01819969
  vertex 0.021964988 -0.22295356 -0.0034030515
  vertex 0.04371504 -0.2197273 -0.003353573
 endloop
endfacet
facet normal -0.90378416 -0.4277441 0.014461899
 outer loop
  vertex -0.19760065 -0.10526081 0.008746462
  vertex -0.20700203 -0.08545221 0.0071004033
  vertex -0.20700195 -0.08573669 -0.001309257
 endloop
endfacet
facet normal -0.90378433 -0.42774385 0.01446258
 outer loop
  vertex -0.19760065 -0.10526081 0.008746462
  vertex -0.20700195 -0.08573669 -0.001309257
  vertex -0.19760056 -0.10561126 -0.001612721
 endloop
endfacet
facet normal 0.24271804 -0.9695422 0.032800976
 outer loop
  vertex 0.065043904 -0.21367355 0.017757442
  vertex 0.043714847 -0.21899816 0.01819969
  vertex 0.04371504 -0.2197273 -0.003353573
 endloop
endfacet
facet normal 0.24271888 -0.969542 0.032800082
 outer loop
  vertex 0.065043904 -0.21367355 0.017757442
  vertex 0.04371504 -0.2197273 -0.003353573
  vertex 0.0650441 -0.21438493 -0.0032718147
 endloop
endfacet
facet normal -0.85744804 -0.51427656 0.017390298
 outer loop
  vertex -0.18629624 -0.12405572 0.010308338
  vertex -0.19760065 -0.10526081 0.008746462
  vertex -0.19760056 -0.10561126 -0.001612721
 endloop
endfacet
facet normal -0.85744804 -0.51427674 0.017390141
 outer loop
  vertex -0.18629624 -0.12405572 0.010308338
  vertex -0.19760056 -0.10561126 -0.001612721
  vertex -0.18629614 -0.12446874 -0.0019006043
 endloop
endfacet
facet normal 0.33654383 -0.9411293 0.031839788
 outer loop
  vertex 0.08574653 -0.20629112 0.017144205
  vertex 0.065043904 -0.21367355 0.017757442
  vertex 0.0650441 -0.21438493 -0.0032718147
 endloop
endfacet
facet normal 0.33654374 -0.94112945 0.0318399
 outer loop
  vertex 0.08574653 -0.20629112 0.017144205
  vertex 0.0650441 -0.21438493 -0.0032718147
  vertex 0.085746706 -0.20697793 -0.0031585235
 endloop
endfacet
facet normal -0.80285513 -0.59583354 0.020149553
 outer loop
  vertex -0.17319772 -0.14165585 0.011770895
  vertex -0.18629624 -0.12405572 0.010308338
  vertex -0.18629614 -0.12446874 -0.0019006043
 endloop
endfacet
facet normal -0.802855 -0.5958338 0.020149257
 outer loop
  vertex -0.17319772 -0.14165585 0.011770895
  vertex -0.18629614 -0.12446874 -0.0019006043
  vertex -0.1731976 -0.14212745 -0.0021702335
 endloop
endfacet
facet normal 0.4271501 -0.9036637 0.030573288
 outer loop
  vertex 0.10562337 -0.19692193 0.0163659
  vertex 0.08574653 -0.20629112 0.017144205
  vertex 0.085746706 -0.20697793 -0.0031585235
 endloop
endfacet
facet normal 0.42714995 -0.90366375 0.030573461
 outer loop
  vertex 0.10562337 -0.19692193 0.0163659
  vertex 0.085746706 -0.20697793 -0.0031585235
  vertex 0.10562354 -0.19757755 -0.003014781
 endloop
endfacet
facet normal -0.7405385 -0.67162997 0.022713872
 outer loop
  vertex -0.15843117 -0.1578918 0.013120119
  vertex -0.17319772 -0.14165585 0.011770895
  vertex -0.1731976 -0.14212745 -0.0021702335
 endloop
endfacet
facet normal -0.74053836 -0.67163014 0.022713477
 outer loop
  vertex -0.15843117 -0.1578918 0.013120119
  vertex -0.1731976 -0.14212745 -0.0021702335
  vertex -0.15843104 -0.15841745 -0.002418916
 endloop
endfacet
facet normal 0.51365733 -0.8575048 0.029012728
 outer loop
  vertex 0.12448303 -0.1856564 0.015430007
  vertex 0.10562337 -0.19692193 0.0163659
  vertex 0.10562354 -0.19757755 -0.003014781
 endloop
endfacet
facet normal 0.5136573 -0.8575047 0.029012782
 outer loop
  vertex 0.12448303 -0.1856564 0.015430007
  vertex 0.10562354 -0.19757755 -0.003014781
  vertex 0.12448319 -0.18627451 -0.0028419679
 endloop
endfacet
facet normal -0.67110205 -0.74094146 0.02505872
 outer loop
  vertex -0.14213887 -0.17260706 0.014343062
  vertex -0.15843117 -0.1578918 0.013120119
  vertex -0.15843104 -0.15841745 -0.002418916
 endloop
endfacet
facet normal -0.671102 -0.7409414 0.025058754
 outer loop
  vertex -0.14213887 -0.17260706 0.014343062
  vertex -0.15843104 -0.15841745 -0.002418916
  vertex -0.14213872 -0.17318171 -0.0026442464
 endloop
endfacet
facet normal 0.5952495 -0.8030814 0.02717245
 outer loop
  vertex 0.14214385 -0.17260277 0.014345495
  vertex 0.12448303 -0.1856564 0.015430007
  vertex 0.12448319 -0.18627451 -0.0028419679
 endloop
endfacet
facet normal 0.5952498 -0.8030812 0.027171941
 outer loop
  vertex 0.14214385 -0.17260277 0.014345495
  vertex 0.12448319 -0.18627451 -0.0028419679
  vertex 0.142144 -0.17317742 -0.0026418064
 endloop
endfacet
facet normal -0.5952255 -0.8030995 0.027162107
 outer loop
  vertex -0.12447769 -0.18566014 0.015427854
  vertex -0.14213887 -0.17260706 0.014343062
  vertex -0.14213872 -0.17318171 -0.0026442464
 endloop
endfacet
facet normal -0.5952261 -0.8030991 0.02716301
 outer loop
  vertex -0.12447769 -0.18566014 0.015427854
  vertex -0.14213872 -0.17318171 -0.0026442464
  vertex -0.12447753 -0.18627827 -0.002844129
 endloop
endfacet
facet normal 0.67112416 -0.74092096 0.025069846
 outer loop
  vertex 0.15843573 -0.157887 0.013122822
  vertex 0.14214385 -0.17260277 0.014345495
  vertex 0.142144 -0.17317742 -0.0026418064
 endloop
endfacet
facet normal 0.67112434 -0.7409208 0.025069643
 outer loop
  vertex 0.15843573 -0.157887 0.013122822
  vertex 0.142144 -0.17317742 -0.0026418064
  vertex 0.15843587 -0.15841265 -0.0024162128
 endloop
endfacet
facet normal -0.5136318 -0.85752034 0.02900478
 outer loop
  vertex -0.105617724 -0.19692509 0.016364112
  vertex -0.12447769 -0.18566014 0.015427854
  vertex -0.12447753 -0.18627827 -0.002844129
 endloop
endfacet
facet normal -0.51363236 -0.85752 0.029005501
 outer loop
  vertex -0.105617724 -0.19692509 0.016364112
  vertex -0.12447753 -0.18627827 -0.002844129
  vertex -0.10561755 -0.19758074 -0.0030165534
 endloop
endfacet
facet normal 0.7405586 -0.67160743 0.02272548
 outer loop
  vertex 0.1732018 -0.1416506 0.011773849
  vertex 0.15843573 -0.157887 0.013122822
  vertex 0.15843587 -0.15841265 -0.0024162128
 endloop
endfacet
facet normal 0.7405585 -0.6716075 0.02272577
 outer loop
  vertex 0.1732018 -0.1416506 0.011773849
  vertex 0.15843587 -0.15841265 -0.0024162128
  vertex 0.17320192 -0.14212221 -0.0021672784
 endloop
endfacet
facet normal -0.4271215 -0.90367746 0.03056778
 outer loop
  vertex -0.08574059 -0.20629364 0.017142734
  vertex -0.105617724 -0.19692509 0.016364112
  vertex -0.10561755 -0.19758074 -0.0030165534
 endloop
endfacet
facet normal -0.42712018 -0.903678 0.03056627
 outer loop
  vertex -0.08574059 -0.20629364 0.017142734
  vertex -0.10561755 -0.19758074 -0.0030165534
  vertex -0.08574041 -0.20698045 -0.003159986
 endloop
endfacet
facet normal 0.90379715 -0.42707554 -0.027517576
 outer loop
  vertex 0.20700458 -0.08573043 -0.0013057217
  vertex 0.19760376 -0.10560531 -0.0016093496
  vertex 0.19760384 -0.104938686 -0.011953002
 endloop
endfacet
facet normal 0.90379715 -0.42707562 -0.027517399
 outer loop
  vertex 0.20700458 -0.08573043 -0.0013057217
  vertex 0.19760384 -0.104938686 -0.011953002
  vertex 0.20700464 -0.08518927 -0.009702768
 endloop
endfacet
facet normal -0.14654176 -0.9871564 -0.06362156
 outer loop
  vertex -0.021958195 -0.22295421 -0.0034034264
  vertex -0.043708347 -0.2197286 -0.003354319
  vertex -0.043708183 -0.21834162 -0.024875253
 endloop
endfacet
facet normal -0.14654218 -0.98715645 -0.06362113
 outer loop
  vertex -0.021958195 -0.22295421 -0.0034034264
  vertex -0.043708183 -0.21834162 -0.024875253
  vertex -0.02195803 -0.22154687 -0.025240334
 endloop
endfacet
facet normal -0.98914844 -0.14661469 -0.009462675
 outer loop
  vertex -0.21975283 -0.043709993 -0.000667489
  vertex -0.2229795 -0.021962442 -0.0003353771
  vertex -0.22297947 -0.02182383 -0.002486125
 endloop
endfacet
facet normal -0.98914856 -0.14661413 -0.009455903
 outer loop
  vertex -0.21975283 -0.043709993 -0.000667489
  vertex -0.22297947 -0.02182383 -0.002486125
  vertex -0.2197528 -0.043434106 -0.004948277
 endloop
endfacet
facet normal 0.9414197 -0.33653945 -0.021682318
 outer loop
  vertex 0.21441184 -0.065030076 -0.0009895192
  vertex 0.20700458 -0.08573043 -0.0013057217
  vertex 0.20700464 -0.08518927 -0.009702768
 endloop
endfacet
facet normal 0.9414197 -0.33653924 -0.021682847
 outer loop
  vertex 0.21441184 -0.065030076 -0.0009895192
  vertex 0.20700464 -0.08518927 -0.009702768
  vertex 0.21441188 -0.06461956 -0.0073591135
 endloop
endfacet
facet normal -0.048992895 -0.99673134 -0.0642375
 outer loop
  vertex 3.4245197e-06 -0.22403266 -0.0034197196
  vertex -0.021958195 -0.22295421 -0.0034034264
  vertex -0.02195803 -0.22154687 -0.025240334
 endloop
endfacet
facet normal -0.048992842 -0.9967313 -0.06423753
 outer loop
  vertex 3.4245197e-06 -0.22403266 -0.0034197196
  vertex -0.02195803 -0.22154687 -0.025240334
  vertex 3.59033e-06 -0.2226185 -0.025362276
 endloop
endfacet
facet normal -0.96995836 -0.24276699 -0.015652562
 outer loop
  vertex -0.21440984 -0.065036535 -0.0009931735
  vertex -0.21975283 -0.043709993 -0.000667489
  vertex -0.2197528 -0.043434106 -0.004948277
 endloop
endfacet
facet normal -0.9699583 -0.24276698 -0.015652541
 outer loop
  vertex -0.21440984 -0.065036535 -0.0009931735
  vertex -0.2197528 -0.043434106 -0.004948277
  vertex -0.2144098 -0.06462603 -0.007362768
 endloop
endfacet
facet normal 0.96996593 -0.24273783 -0.01563733
 outer loop
  vertex 0.21975419 -0.04370335 -0.00066374347
  vertex 0.21441184 -0.065030076 -0.0009895192
  vertex 0.21441188 -0.06461956 -0.0073591135
 endloop
endfacet
facet normal 0.9699659 -0.24273784 -0.015637249
 outer loop
  vertex 0.21975419 -0.04370335 -0.00066374347
  vertex 0.21441188 -0.06461956 -0.0073591135
  vertex 0.21975422 -0.043427464 -0.0049445285
 endloop
endfacet
facet normal 0.0490238 -0.99672985 -0.0642367
 outer loop
  vertex 0.021964988 -0.22295356 -0.0034030515
  vertex 3.4245197e-06 -0.22403266 -0.0034197196
  vertex 3.59033e-06 -0.2226185 -0.025362276
 endloop
endfacet
facet normal 0.049023762 -0.9967298 -0.064236656
 outer loop
  vertex 0.021964988 -0.22295356 -0.0034030515
  vertex 3.59033e-06 -0.2226185 -0.025362276
  vertex 0.021965152 -0.22154622 -0.025239957
 endloop
endfacet
facet normal -0.94140935 -0.33656737 -0.021697542
 outer loop
  vertex -0.20700195 -0.08573669 -0.001309257
  vertex -0.21440984 -0.065036535 -0.0009931735
  vertex -0.2144098 -0.06462603 -0.007362768
 endloop
endfacet
facet normal -0.94140935 -0.33656746 -0.021697804
 outer loop
  vertex -0.20700195 -0.08573669 -0.001309257
  vertex -0.2144098 -0.06462603 -0.007362768
  vertex -0.2070019 -0.08519552 -0.009706305
 endloop
endfacet
facet normal 0.9891533 -0.14658318 -0.00944009
 outer loop
  vertex 0.22298016 -0.021955695 -0.00033157467
  vertex 0.21975419 -0.04370335 -0.00066374347
  vertex 0.21975422 -0.043427464 -0.0049445285
 endloop
endfacet
facet normal 0.98915315 -0.1465846 -0.009433203
 outer loop
  vertex 0.22298016 -0.021955695 -0.00033157467
  vertex 0.21975422 -0.043427464 -0.0049445285
  vertex 0.22298019 -0.021817084 -0.002482323
 endloop
endfacet
facet normal 0.14657262 -0.98715204 -0.06361867
 outer loop
  vertex 0.04371504 -0.2197273 -0.003353573
  vertex 0.021964988 -0.22295356 -0.0034030515
  vertex 0.021965152 -0.22154622 -0.025239957
 endloop
endfacet
facet normal 0.14657298 -0.9871519 -0.063619025
 outer loop
  vertex 0.04371504 -0.2197273 -0.003353573
  vertex 0.021965152 -0.22154622 -0.025239957
  vertex 0.043715205 -0.21834031 -0.024874508
 endloop
endfacet
facet normal -0.903784 -0.42710245 -0.027532313
 outer loop
  vertex -0.19760056 -0.10561126 -0.001612721
  vertex -0.20700195 -0.08573669 -0.001309257
  vertex -0.2070019 -0.08519552 -0.009706305
 endloop
endfacet
facet normal -0.903784 -0.42710248 -0.027532306
 outer loop
  vertex -0.19760056 -0.10561126 -0.001612721
  vertex -0.2070019 -0.08519552 -0.009706305
  vertex -0.19760048 -0.10494463 -0.011956373
 endloop
endfacet
facet normal 0.24271962 -0.9680882 -0.06238968
 outer loop
  vertex 0.0650441 -0.21438493 -0.0032718147
  vertex 0.04371504 -0.2197273 -0.003353573
  vertex 0.043715205 -0.21834031 -0.024874508
 endloop
endfacet
facet normal 0.24271959 -0.96808815 -0.062389657
 outer loop
  vertex 0.0650441 -0.21438493 -0.0032718147
  vertex 0.043715205 -0.21834031 -0.024874508
  vertex 0.065044254 -0.21303166 -0.02426954
 endloop
endfacet
facet normal -0.85744756 -0.5135056 -0.03310049
 outer loop
  vertex -0.18629614 -0.12446874 -0.0019006043
  vertex -0.19760056 -0.10561126 -0.001612721
  vertex -0.19760048 -0.10494463 -0.011956373
 endloop
endfacet
facet normal -0.85744756 -0.5135055 -0.03310041
 outer loop
  vertex -0.18629614 -0.12446874 -0.0019006043
  vertex -0.19760048 -0.10494463 -0.011956373
  vertex -0.18629605 -0.12368308 -0.014091244
 endloop
endfacet
facet normal 0.33654448 -0.9397181 -0.060560554
 outer loop
  vertex 0.085746706 -0.20697793 -0.0031585235
  vertex 0.0650441 -0.21438493 -0.0032718147
  vertex 0.065044254 -0.21303166 -0.02426954
 endloop
endfacet
facet normal 0.3365435 -0.9397186 -0.060559463
 outer loop
  vertex 0.085746706 -0.20697793 -0.0031585235
  vertex 0.065044254 -0.21303166 -0.02426954
  vertex 0.08574686 -0.20567144 -0.023430822
 endloop
endfacet
facet normal -0.80285454 -0.59494025 -0.0383483
 outer loop
  vertex -0.1731976 -0.14212745 -0.0021702335
  vertex -0.18629614 -0.12446874 -0.0019006043
  vertex -0.18629605 -0.12368308 -0.014091244
 endloop
endfacet
facet normal -0.8028547 -0.59494 -0.038347833
 outer loop
  vertex -0.1731976 -0.14212745 -0.0021702335
  vertex -0.18629605 -0.12368308 -0.014091244
  vertex -0.1731975 -0.14123034 -0.016090447
 endloop
endfacet
facet normal 0.42715073 -0.9023087 -0.058147803
 outer loop
  vertex 0.10562354 -0.19757755 -0.003014781
  vertex 0.085746706 -0.20697793 -0.0031585235
  vertex 0.08574686 -0.20567144 -0.023430822
 endloop
endfacet
facet normal 0.42715123 -0.90230846 -0.058148425
 outer loop
  vertex 0.10562354 -0.19757755 -0.003014781
  vertex 0.08574686 -0.20567144 -0.023430822
  vertex 0.10562369 -0.19633038 -0.022366397
 endloop
endfacet
facet normal -0.7405379 -0.67062306 -0.043224882
 outer loop
  vertex -0.15843104 -0.15841745 -0.002418916
  vertex -0.1731976 -0.14212745 -0.0021702335
  vertex -0.1731975 -0.14123034 -0.016090447
 endloop
endfacet
facet normal -0.74053735 -0.67062354 -0.04322596
 outer loop
  vertex -0.15843104 -0.15841745 -0.002418916
  vertex -0.1731975 -0.14123034 -0.016090447
  vertex -0.15843092 -0.15741749 -0.017934658
 endloop
endfacet
facet normal 0.51365805 -0.8562189 -0.0551774
 outer loop
  vertex 0.12448319 -0.18627451 -0.0028419679
  vertex 0.10562354 -0.19757755 -0.003014781
  vertex 0.10562369 -0.19633038 -0.022366397
 endloop
endfacet
facet normal 0.51365745 -0.85621935 -0.055176675
 outer loop
  vertex 0.12448319 -0.18627451 -0.0028419679
  vertex 0.10562369 -0.19633038 -0.022366397
  vertex 0.12448333 -0.18509871 -0.021086555
 endloop
endfacet
facet normal -0.6711014 -0.7398304 -0.047685694
 outer loop
  vertex -0.14213872 -0.17318171 -0.0026442464
  vertex -0.15843104 -0.15841745 -0.002418916
  vertex -0.15843092 -0.15741749 -0.017934658
 endloop
endfacet
facet normal -0.67110103 -0.7398307 -0.047686256
 outer loop
  vertex -0.14213872 -0.17318171 -0.0026442464
  vertex -0.15843092 -0.15741749 -0.017934658
  vertex -0.14213859 -0.17208855 -0.019606074
 endloop
endfacet
facet normal 0.59525037 -0.80187696 -0.05167382
 outer loop
  vertex 0.142144 -0.17317742 -0.0026418064
  vertex 0.12448319 -0.18627451 -0.0028419679
  vertex 0.12448333 -0.18509871 -0.021086555
 endloop
endfacet
facet normal 0.5952507 -0.8018767 -0.0516743
 outer loop
  vertex 0.142144 -0.17317742 -0.0026418064
  vertex 0.12448333 -0.18509871 -0.021086555
  vertex 0.14214413 -0.17208427 -0.019603638
 endloop
endfacet
facet normal -0.5952255 -0.8018947 -0.051685613
 outer loop
  vertex -0.12447753 -0.18627827 -0.002844129
  vertex -0.14213872 -0.17318171 -0.0026442464
  vertex -0.14213859 -0.17208855 -0.019606074
 endloop
endfacet
facet normal -0.5952255 -0.8018947 -0.051685523
 outer loop
  vertex -0.12447753 -0.18627827 -0.002844129
  vertex -0.14213859 -0.17208855 -0.019606074
  vertex -0.12447739 -0.18510243 -0.021088708
 endloop
endfacet
facet normal 0.6711248 -0.73981 -0.047673665
 outer loop
  vertex 0.15843587 -0.15841265 -0.0024162128
  vertex 0.142144 -0.17317742 -0.0026418064
  vertex 0.14214413 -0.17208427 -0.019603638
 endloop
endfacet
facet normal 0.67112494 -0.7398097 -0.047674045
 outer loop
  vertex 0.15843587 -0.15841265 -0.0024162128
  vertex 0.14214413 -0.17208427 -0.019603638
  vertex 0.15843599 -0.1574127 -0.017931953
 endloop
endfacet
facet normal -0.5136315 -0.85623425 -0.055186998
 outer loop
  vertex -0.10561755 -0.19758074 -0.0030165534
  vertex -0.12447753 -0.18627827 -0.002844129
  vertex -0.12447739 -0.18510243 -0.021088708
 endloop
endfacet
facet normal -0.5136315 -0.8562342 -0.05518694
 outer loop
  vertex -0.10561755 -0.19758074 -0.0030165534
  vertex -0.12447739 -0.18510243 -0.021088708
  vertex -0.105617404 -0.19633356 -0.02236817
 endloop
endfacet
facet normal 0.74055904 -0.6706004 -0.04321312
 outer loop
  vertex 0.17320192 -0.14212221 -0.0021672784
  vertex 0.15843587 -0.15841265 -0.0024162128
  vertex 0.15843599 -0.1574127 -0.017931953
 endloop
endfacet
facet normal 0.74055874 -0.6706009 -0.043212358
 outer loop
  vertex 0.17320192 -0.14212221 -0.0021672784
  vertex 0.15843599 -0.1574127 -0.017931953
  vertex 0.17320202 -0.1412251 -0.016087493
 endloop
endfacet
facet normal -0.4271196 -0.90232295 -0.058156643
 outer loop
  vertex -0.08574041 -0.20698045 -0.003159986
  vertex -0.10561755 -0.19758074 -0.0030165534
  vertex -0.105617404 -0.19633356 -0.02236817
 endloop
endfacet
facet normal -0.4271201 -0.90232277 -0.058156025
 outer loop
  vertex -0.08574041 -0.20698045 -0.003159986
  vertex -0.105617404 -0.19633356 -0.02236817
  vertex -0.08574025 -0.20567395 -0.023432264
 endloop
endfacet
facet normal 0.8028727 -0.59491664 -0.0383343
 outer loop
  vertex 0.18629993 -0.1244631 -0.001897426
  vertex 0.17320192 -0.14212221 -0.0021672784
  vertex 0.17320202 -0.1412251 -0.016087493
 endloop
endfacet
facet normal 0.80287296 -0.5949162 -0.038334984
 outer loop
  vertex 0.18629993 -0.1244631 -0.001897426
  vertex 0.17320202 -0.1412251 -0.016087493
  vertex 0.18630002 -0.12367745 -0.014088066
 endloop
endfacet
facet normal -0.33651802 -0.9397273 -0.060565975
 outer loop
  vertex -0.06503753 -0.21438691 -0.0032729094
  vertex -0.08574041 -0.20698045 -0.003159986
  vertex -0.08574025 -0.20567395 -0.023432264
 endloop
endfacet
facet normal -0.33651784 -0.9397273 -0.06056614
 outer loop
  vertex -0.06503753 -0.21438691 -0.0032729094
  vertex -0.08574025 -0.20567395 -0.023432264
  vertex -0.06503738 -0.21303365 -0.024270643
 endloop
endfacet
facet normal 0.8574638 -0.5134796 -0.033086184
 outer loop
  vertex 0.19760376 -0.10560531 -0.0016093496
  vertex 0.18629993 -0.1244631 -0.001897426
  vertex 0.18630002 -0.12367745 -0.014088066
 endloop
endfacet
facet normal 0.85746384 -0.5134794 -0.033086404
 outer loop
  vertex 0.19760376 -0.10560531 -0.0016093496
  vertex 0.18630002 -0.12367745 -0.014088066
  vertex 0.19760384 -0.104938686 -0.011953002
 endloop
endfacet
facet normal -0.24268857 -0.96809566 -0.06239373
 outer loop
  vertex -0.043708347 -0.2197286 -0.003354319
  vertex -0.06503753 -0.21438691 -0.0032729094
  vertex -0.06503738 -0.21303365 -0.024270643
 endloop
endfacet
facet normal -0.24268846 -0.9680957 -0.06239384
 outer loop
  vertex -0.043708347 -0.2197286 -0.003354319
  vertex -0.06503738 -0.21303365 -0.024270643
  vertex -0.043708183 -0.21834162 -0.024875253
 endloop
endfacet
facet normal 0.96996605 -0.2400354 -0.039356135
 outer loop
  vertex 0.21975422 -0.043427464 -0.0049445285
  vertex 0.21441188 -0.06461956 -0.0073591135
  vertex 0.21441191 -0.06358671 -0.013657803
 endloop
endfacet
facet normal 0.969966 -0.2400361 -0.03935453
 outer loop
  vertex 0.21975422 -0.043427464 -0.0049445285
  vertex 0.21441191 -0.06358671 -0.013657803
  vertex 0.21975425 -0.04273331 -0.009177661
 endloop
endfacet
facet normal 0.049024407 -0.98563385 -0.16162445
 outer loop
  vertex 0.021965152 -0.22154622 -0.025239957
  vertex 3.59033e-06 -0.2226185 -0.025362276
  vertex 3.7216562e-06 -0.2190604 -0.047060583
 endloop
endfacet
facet normal 0.049024392 -0.9856339 -0.16162443
 outer loop
  vertex 0.021965152 -0.22154622 -0.025239957
  vertex 3.7216562e-06 -0.2190604 -0.047060583
  vertex 0.021965282 -0.21800525 -0.046833765
 endloop
endfacet
facet normal -0.9414091 -0.33282092 -0.054580446
 outer loop
  vertex -0.2070019 -0.08519552 -0.009706305
  vertex -0.2144098 -0.06462603 -0.007362768
  vertex -0.21440977 -0.06359317 -0.013661455
 endloop
endfacet
facet normal -0.94140905 -0.33282107 -0.05458118
 outer loop
  vertex -0.2070019 -0.08519552 -0.009706305
  vertex -0.21440977 -0.06359317 -0.013661455
  vertex -0.20700185 -0.083833896 -0.018009877
 endloop
endfacet
facet normal 0.98915327 -0.14495203 -0.02376237
 outer loop
  vertex 0.22298019 -0.021817084 -0.002482323
  vertex 0.21975422 -0.043427464 -0.0049445285
  vertex 0.21975425 -0.04273331 -0.009177661
 endloop
endfacet
facet normal 0.9891535 -0.14494996 -0.02376894
 outer loop
  vertex 0.22298019 -0.021817084 -0.002482323
  vertex 0.21975425 -0.04273331 -0.009177661
  vertex 0.22298019 -0.02146833 -0.004609129
 endloop
endfacet
facet normal 0.14657378 -0.9761626 -0.16007073
 outer loop
  vertex 0.043715205 -0.21834031 -0.024874508
  vertex 0.021965152 -0.22154622 -0.025239957
  vertex 0.021965282 -0.21800525 -0.046833765
 endloop
endfacet
facet normal 0.14657328 -0.9761628 -0.16007026
 outer loop
  vertex 0.043715205 -0.21834031 -0.024874508
  vertex 0.021965282 -0.21800525 -0.046833765
  vertex 0.04371533 -0.21485059 -0.046155877
 endloop
endfacet
facet normal -0.9037837 -0.42234796 -0.06926168
 outer loop
  vertex -0.19760048 -0.10494463 -0.011956373
  vertex -0.2070019 -0.08519552 -0.009706305
  vertex -0.20700185 -0.083833896 -0.018009877
 endloop
endfacet
facet normal -0.9037837 -0.4223481 -0.06926212
 outer loop
  vertex -0.19760048 -0.10494463 -0.011956373
  vertex -0.20700185 -0.083833896 -0.018009877
  vertex -0.19760042 -0.10326736 -0.022184871
 endloop
endfacet
facet normal 0.24272017 -0.9573112 -0.1569784
 outer loop
  vertex 0.065044254 -0.21303166 -0.02426954
  vertex 0.043715205 -0.21834031 -0.024874508
  vertex 0.04371533 -0.21485059 -0.046155877
 endloop
endfacet
facet normal 0.24272056 -0.95731103 -0.1569788
 outer loop
  vertex 0.065044254 -0.21303166 -0.02426954
  vertex 0.04371533 -0.21485059 -0.046155877
  vertex 0.06504438 -0.20962678 -0.045033514
 endloop
endfacet
facet normal -0.8574472 -0.50778925 -0.08327256
 outer loop
  vertex -0.18629605 -0.12368308 -0.014091244
  vertex -0.19760048 -0.10494463 -0.011956373
  vertex -0.19760042 -0.10326736 -0.022184871
 endloop
endfacet
facet normal -0.85744727 -0.5077891 -0.08327219
 outer loop
  vertex -0.18629605 -0.12368308 -0.014091244
  vertex -0.19760042 -0.10326736 -0.022184871
  vertex -0.18629597 -0.12170632 -0.026146175
 endloop
endfacet
facet normal 0.33654404 -0.9292572 -0.15237793
 outer loop
  vertex 0.08574686 -0.20567144 -0.023430822
  vertex 0.065044254 -0.21303166 -0.02426954
  vertex 0.06504438 -0.20962678 -0.045033514
 endloop
endfacet
facet normal 0.33654484 -0.92925686 -0.1523788
 outer loop
  vertex 0.08574686 -0.20567144 -0.023430822
  vertex 0.06504438 -0.20962678 -0.045033514
  vertex 0.08574698 -0.20238417 -0.043477435
 endloop
endfacet
facet normal -0.8028545 -0.58831704 -0.09647673
 outer loop
  vertex -0.1731975 -0.14123034 -0.016090447
  vertex -0.18629605 -0.12368308 -0.014091244
  vertex -0.18629597 -0.12170632 -0.026146175
 endloop
endfacet
facet normal -0.80285394 -0.5883175 -0.096478224
 outer loop
  vertex -0.1731975 -0.14123034 -0.016090447
  vertex -0.18629597 -0.12170632 -0.026146175
  vertex -0.1731974 -0.1389731 -0.029855696
 endloop
endfacet
facet normal 0.42715192 -0.8922635 -0.14631204
 outer loop
  vertex 0.10562369 -0.19633038 -0.022366397
  vertex 0.08574686 -0.20567144 -0.023430822
  vertex 0.08574698 -0.20238417 -0.043477435
 endloop
endfacet
facet normal 0.4271507 -0.8922642 -0.1463107
 outer loop
  vertex 0.10562369 -0.19633038 -0.022366397
  vertex 0.08574698 -0.20238417 -0.043477435
  vertex 0.105623804 -0.19319244 -0.041502584
 endloop
endfacet
facet normal -0.74053687 -0.66315794 -0.108750276
 outer loop
  vertex -0.15843092 -0.15741749 -0.017934658
  vertex -0.1731975 -0.14123034 -0.016090447
  vertex -0.1731974 -0.1389731 -0.029855696
 endloop
endfacet
facet normal -0.74053735 -0.6631577 -0.10874934
 outer loop
  vertex -0.15843092 -0.15741749 -0.017934658
  vertex -0.1731974 -0.1389731 -0.029855696
  vertex -0.15843083 -0.15490153 -0.033277668
 endloop
endfacet
facet normal 0.51365817 -0.8466875 -0.13883656
 outer loop
  vertex 0.12448333 -0.18509871 -0.021086555
  vertex 0.10562369 -0.19633038 -0.022366397
  vertex 0.105623804 -0.19319244 -0.041502584
 endloop
endfacet
facet normal 0.5136585 -0.84668714 -0.13883707
 outer loop
  vertex 0.12448333 -0.18509871 -0.021086555
  vertex 0.105623804 -0.19319244 -0.041502584
  vertex 0.12448344 -0.18214026 -0.039128028
 endloop
endfacet
facet normal -0.6711005 -0.7315949 -0.11997132
 outer loop
  vertex -0.14213859 -0.17208855 -0.019606074
  vertex -0.15843092 -0.15741749 -0.017934658
  vertex -0.15843083 -0.15490153 -0.033277668
 endloop
endfacet
facet normal -0.6711004 -0.73159486 -0.11997129
 outer loop
  vertex -0.14213859 -0.17208855 -0.019606074
  vertex -0.15843083 -0.15490153 -0.033277668
  vertex -0.14213848 -0.1693381 -0.03637908
 endloop
endfacet
facet normal 0.59525126 -0.7929499 -0.13002476
 outer loop
  vertex 0.14214413 -0.17208427 -0.019603638
  vertex 0.12448333 -0.18509871 -0.021086555
  vertex 0.12448344 -0.18214026 -0.039128028
 endloop
endfacet
facet normal 0.5952515 -0.7929497 -0.13002509
 outer loop
  vertex 0.14214413 -0.17208427 -0.019603638
  vertex 0.12448344 -0.18214026 -0.039128028
  vertex 0.14214423 -0.16933382 -0.036376644
 endloop
endfacet
facet normal -0.595225 -0.792968 -0.13003477
 outer loop
  vertex -0.12447739 -0.18510243 -0.021088708
  vertex -0.14213859 -0.17208855 -0.019606074
  vertex -0.14213848 -0.1693381 -0.03637908
 endloop
endfacet
facet normal -0.5952251 -0.7929679 -0.13003467
 outer loop
  vertex -0.12447739 -0.18510243 -0.021088708
  vertex -0.14213848 -0.1693381 -0.03637908
  vertex -0.12447728 -0.18214399 -0.039130174
 endloop
endfacet
facet normal 0.6711254 -0.7315738 -0.11996012
 outer loop
  vertex 0.15843599 -0.1574127 -0.017931953
  vertex 0.14214413 -0.17208427 -0.019603638
  vertex 0.14214423 -0.16933382 -0.036376644
 endloop
endfacet
facet normal 0.6711254 -0.7315739 -0.119960055
 outer loop
  vertex 0.15843599 -0.1574127 -0.017931953
  vertex 0.14214423 -0.16933382 -0.036376644
  vertex 0.15843607 -0.15489674 -0.033274963
 endloop
endfacet
facet normal -0.51363087 -0.8467025 -0.1388456
 outer loop
  vertex -0.105617404 -0.19633356 -0.02236817
  vertex -0.12447739 -0.18510243 -0.021088708
  vertex -0.12447728 -0.18214399 -0.039130174
 endloop
endfacet
facet normal -0.5136313 -0.84670246 -0.13884501
 outer loop
  vertex -0.105617404 -0.19633356 -0.02236817
  vertex -0.12447728 -0.18214399 -0.039130174
  vertex -0.10561729 -0.19319561 -0.041504353
 endloop
endfacet
facet normal 0.74055916 -0.66313523 -0.10873703
 outer loop
  vertex 0.17320202 -0.1412251 -0.016087493
  vertex 0.15843599 -0.1574127 -0.017931953
  vertex 0.15843607 -0.15489674 -0.033274963
 endloop
endfacet
facet normal 0.7405591 -0.6631353 -0.10873695
 outer loop
  vertex 0.17320202 -0.1412251 -0.016087493
  vertex 0.15843607 -0.15489674 -0.033274963
  vertex 0.17320211 -0.13896786 -0.029852742
 endloop
endfacet
facet normal -0.42711958 -0.8922779 -0.14631797
 outer loop
  vertex -0.08574025 -0.20567395 -0.023432264
  vertex -0.105617404 -0.19633356 -0.02236817
  vertex -0.10561729 -0.19319561 -0.041504353
 endloop
endfacet
facet normal -0.42711887 -0.89227813 -0.14631896
 outer loop
  vertex -0.08574025 -0.20567395 -0.023432264
  vertex -0.10561729 -0.19319561 -0.041504353
  vertex -0.085740134 -0.20238669 -0.043478865
 endloop
endfacet
facet normal 0.80287343 -0.5882932 -0.09646384
 outer loop
  vertex 0.18630002 -0.12367745 -0.014088066
  vertex 0.17320202 -0.1412251 -0.016087493
  vertex 0.17320211 -0.13896786 -0.029852742
 endloop
endfacet
facet normal 0.80287313 -0.58829385 -0.096463025
 outer loop
  vertex 0.18630002 -0.12367745 -0.014088066
  vertex 0.17320211 -0.13896786 -0.029852742
  vertex 0.1863001 -0.12170069 -0.026142998
 endloop
endfacet
facet normal -0.33651713 -0.92926604 -0.1523837
 outer loop
  vertex -0.06503738 -0.21303365 -0.024270643
  vertex -0.08574025 -0.20567395 -0.023432264
  vertex -0.085740134 -0.20238669 -0.043478865
 endloop
endfacet
facet normal -0.3365173 -0.929266 -0.1523835
 outer loop
  vertex -0.06503738 -0.21303365 -0.024270643
  vertex -0.085740134 -0.20238669 -0.043478865
  vertex -0.06503725 -0.20962876 -0.045034613
 endloop
endfacet
facet normal 0.8574641 -0.5077632 -0.08325731
 outer loop
  vertex 0.19760384 -0.104938686 -0.011953002
  vertex 0.18630002 -0.12367745 -0.014088066
  vertex 0.1863001 -0.12170069 -0.026142998
 endloop
endfacet
facet normal 0.8574644 -0.5077627 -0.08325811
 outer loop
  vertex 0.19760384 -0.104938686 -0.011953002
  vertex 0.1863001 -0.12170069 -0.026142998
  vertex 0.1976039 -0.10326141 -0.022181509
 endloop
endfacet
facet normal -0.24268776 -0.9573186 -0.15698302
 outer loop
  vertex -0.043708183 -0.21834162 -0.024875253
  vertex -0.06503738 -0.21303365 -0.024270643
  vertex -0.06503725 -0.20962876 -0.045034613
 endloop
endfacet
facet normal -0.24268825 -0.9573186 -0.15698251
 outer loop
  vertex -0.043708183 -0.21834162 -0.024875253
  vertex -0.06503725 -0.20962876 -0.045034613
  vertex -0.043708056 -0.2148519 -0.046156622
 endloop
endfacet
facet normal 0.90379745 -0.42232114 -0.06924712
 outer loop
  vertex 0.20700464 -0.08518927 -0.009702768
  vertex 0.19760384 -0.104938686 -0.011953002
  vertex 0.1976039 -0.10326141 -0.022181509
 endloop
endfacet
facet normal 0.9037975 -0.42232087 -0.06924749
 outer loop
  vertex 0.20700464 -0.08518927 -0.009702768
  vertex 0.1976039 -0.10326141 -0.022181509
  vertex 0.20700468 -0.083827645 -0.01800634
 endloop
endfacet
facet normal -0.14654167 -0.97616714 -0.16007271
 outer loop
  vertex -0.02195803 -0.22154687 -0.025240334
  vertex -0.043708183 -0.21834162 -0.024875253
  vertex -0.043708056 -0.2148519 -0.046156622
 endloop
endfacet
facet normal -0.14654113 -0.97616714 -0.16007327
 outer loop
  vertex -0.02195803 -0.22154687 -0.025240334
  vertex -0.043708056 -0.2148519 -0.046156622
  vertex -0.0219579 -0.21800591 -0.046834137
 endloop
endfacet
facet normal -0.9891485 -0.14498277 -0.023774315
 outer loop
  vertex -0.2197528 -0.043434106 -0.004948277
  vertex -0.22297947 -0.02182383 -0.002486125
  vertex -0.22297947 -0.021475077 -0.004612931
 endloop
endfacet
facet normal -0.9891483 -0.14498264 -0.02378121
 outer loop
  vertex -0.2197528 -0.043434106 -0.004948277
  vertex -0.22297947 -0.021475077 -0.004612931
  vertex -0.21975277 -0.042739958 -0.009181409
 endloop
endfacet
facet normal 0.94141996 -0.33279264 -0.05456642
 outer loop
  vertex 0.21441188 -0.06461956 -0.0073591135
  vertex 0.20700464 -0.08518927 -0.009702768
  vertex 0.20700468 -0.083827645 -0.01800634
 endloop
endfacet
facet normal 0.94141996 -0.33279258 -0.054566495
 outer loop
  vertex 0.21441188 -0.06461956 -0.0073591135
  vertex 0.20700468 -0.083827645 -0.01800634
  vertex 0.21441191 -0.06358671 -0.013657803
 endloop
endfacet
facet normal -0.048992157 -0.98563534 -0.16162528
 outer loop
  vertex 3.59033e-06 -0.2226185 -0.025362276
  vertex -0.02195803 -0.22154687 -0.025240334
  vertex -0.0219579 -0.21800591 -0.046834137
 endloop
endfacet
facet normal -0.04899217 -0.9856354 -0.16162528
 outer loop
  vertex 3.59033e-06 -0.2226185 -0.025362276
  vertex -0.0219579 -0.21800591 -0.046834137
  vertex 3.7216562e-06 -0.2190604 -0.047060583
 endloop
endfacet
facet normal -0.9699582 -0.2400644 -0.039372545
 outer loop
  vertex -0.2144098 -0.06462603 -0.007362768
  vertex -0.2197528 -0.043434106 -0.004948277
  vertex -0.21975277 -0.042739958 -0.009181409
 endloop
endfacet
facet normal -0.9699583 -0.24006425 -0.039370332
 outer loop
  vertex -0.2144098 -0.06462603 -0.007362768
  vertex -0.21975277 -0.042739958 -0.009181409
  vertex -0.21440977 -0.06359317 -0.013661455
 endloop
endfacet
facet normal 0.24272095 -0.9373145 -0.2500562
 outer loop
  vertex 0.06504438 -0.20962678 -0.045033514
  vertex 0.04371533 -0.21485059 -0.046155877
  vertex 0.043715425 -0.20929173 -0.066992715
 endloop
endfacet
facet normal 0.24272001 -0.9373149 -0.25005528
 outer loop
  vertex 0.06504438 -0.20962678 -0.045033514
  vertex 0.043715425 -0.20929173 -0.066992715
  vertex 0.06504447 -0.20420308 -0.06536377
 endloop
endfacet
facet normal -0.8574471 -0.49718267 -0.13264233
 outer loop
  vertex -0.18629597 -0.12170632 -0.026146175
  vertex -0.19760042 -0.10326736 -0.022184871
  vertex -0.19760038 -0.10059559 -0.032199718
 endloop
endfacet
facet normal -0.8574469 -0.4971827 -0.13264278
 outer loop
  vertex -0.18629597 -0.12170632 -0.026146175
  vertex -0.19760038 -0.10059559 -0.032199718
  vertex -0.18629591 -0.11855748 -0.037949298
 endloop
endfacet
facet normal 0.3365453 -0.90984666 -0.2427269
 outer loop
  vertex 0.08574698 -0.20238417 -0.043477435
  vertex 0.06504438 -0.20962678 -0.045033514
  vertex 0.06504447 -0.20420308 -0.06536377
 endloop
endfacet
facet normal 0.33654588 -0.90984625 -0.24272752
 outer loop
  vertex 0.08574698 -0.20238417 -0.043477435
  vertex 0.06504447 -0.20420308 -0.06536377
  vertex 0.08574707 -0.19714785 -0.0631053
 endloop
endfacet
facet normal -0.80285364 -0.5760289 -0.15367714
 outer loop
  vertex -0.1731974 -0.1389731 -0.029855696
  vertex -0.18629597 -0.12170632 -0.026146175
  vertex -0.18629591 -0.11855748 -0.037949298
 endloop
endfacet
facet normal -0.8028539 -0.5760288 -0.15367669
 outer loop
  vertex -0.1731974 -0.1389731 -0.029855696
  vertex -0.18629591 -0.11855748 -0.037949298
  vertex -0.17319734 -0.13537751 -0.04333342
 endloop
endfacet
facet normal 0.42715126 -0.8736263 -0.23306432
 outer loop
  vertex 0.105623804 -0.19319244 -0.041502584
  vertex 0.08574698 -0.20238417 -0.043477435
  vertex 0.08574707 -0.19714785 -0.0631053
 endloop
endfacet
facet normal 0.4271512 -0.8736263 -0.23306426
 outer loop
  vertex 0.105623804 -0.19319244 -0.041502584
  vertex 0.08574707 -0.19714785 -0.0631053
  vertex 0.10562389 -0.18819392 -0.060239047
 endloop
endfacet
facet normal -0.740537 -0.6493057 -0.17322524
 outer loop
  vertex -0.15843083 -0.15490153 -0.033277668
  vertex -0.1731974 -0.1389731 -0.029855696
  vertex -0.17319734 -0.13537751 -0.04333342
 endloop
endfacet
facet normal -0.7405365 -0.64930594 -0.17322627
 outer loop
  vertex -0.15843083 -0.15490153 -0.033277668
  vertex -0.17319734 -0.13537751 -0.04333342
  vertex -0.15843076 -0.1508938 -0.04830019
 endloop
endfacet
facet normal 0.5136591 -0.82900125 -0.22115879
 outer loop
  vertex 0.12448344 -0.18214026 -0.039128028
  vertex 0.105623804 -0.19319244 -0.041502584
  vertex 0.10562389 -0.18819392 -0.060239047
 endloop
endfacet
facet normal 0.51365894 -0.8290015 -0.22115853
 outer loop
  vertex 0.12448344 -0.18214026 -0.039128028
  vertex 0.10562389 -0.18819392 -0.060239047
  vertex 0.12448352 -0.1774277 -0.056792654
 endloop
endfacet
facet normal -0.6711 -0.7163132 -0.19110222
 outer loop
  vertex -0.14213848 -0.1693381 -0.03637908
  vertex -0.15843083 -0.15490153 -0.033277668
  vertex -0.15843076 -0.1508938 -0.04830019
 endloop
endfacet
facet normal -0.67110056 -0.7163131 -0.1911013
 outer loop
  vertex -0.14213848 -0.1693381 -0.03637908
  vertex -0.15843076 -0.1508938 -0.04830019
  vertex -0.1421384 -0.16495687 -0.052801725
 endloop
endfacet
facet normal 0.5952518 -0.7763865 -0.20712152
 outer loop
  vertex 0.14214423 -0.16933382 -0.036376644
  vertex 0.12448344 -0.18214026 -0.039128028
  vertex 0.12448352 -0.1774277 -0.056792654
 endloop
endfacet
facet normal 0.59525174 -0.77638656 -0.20712134
 outer loop
  vertex 0.14214423 -0.16933382 -0.036376644
  vertex 0.12448352 -0.1774277 -0.056792654
  vertex 0.14214431 -0.16495259 -0.05279929
 endloop
endfacet
facet normal -0.5952247 -0.77640444 -0.20713218
 outer loop
  vertex -0.12447728 -0.18214399 -0.039130174
  vertex -0.14213848 -0.1693381 -0.03637908
  vertex -0.1421384 -0.16495687 -0.052801725
 endloop
endfacet
facet normal -0.5952244 -0.77640456 -0.20713261
 outer loop
  vertex -0.12447728 -0.18214399 -0.039130174
  vertex -0.1421384 -0.16495687 -0.052801725
  vertex -0.1244772 -0.1774314 -0.05679479
 endloop
endfacet
facet normal 0.67112565 -0.71629274 -0.19108915
 outer loop
  vertex 0.15843607 -0.15489674 -0.033274963
  vertex 0.14214423 -0.16933382 -0.036376644
  vertex 0.14214431 -0.16495259 -0.05279929
 endloop
endfacet
facet normal 0.6711261 -0.716292 -0.19108993
 outer loop
  vertex 0.15843607 -0.15489674 -0.033274963
  vertex 0.14214431 -0.16495259 -0.05279929
  vertex 0.15843615 -0.15088901 -0.048297487
 endloop
endfacet
facet normal -0.5136308 -0.8290164 -0.2211681
 outer loop
  vertex -0.10561729 -0.19319561 -0.041504353
  vertex -0.12447728 -0.18214399 -0.039130174
  vertex -0.1244772 -0.1774314 -0.05679479
 endloop
endfacet
facet normal -0.513631 -0.8290164 -0.22116773
 outer loop
  vertex -0.10561729 -0.19319561 -0.041504353
  vertex -0.1244772 -0.1774314 -0.05679479
  vertex -0.1056172 -0.18819709 -0.060240813
 endloop
endfacet
facet normal 0.7405595 -0.64928335 -0.17321292
 outer loop
  vertex 0.17320211 -0.13896786 -0.029852742
  vertex 0.15843607 -0.15489674 -0.033274963
  vertex 0.15843615 -0.15088901 -0.048297487
 endloop
endfacet
facet normal 0.7405595 -0.64928347 -0.17321286
 outer loop
  vertex 0.17320211 -0.13896786 -0.029852742
  vertex 0.15843615 -0.15088901 -0.048297487
  vertex 0.17320217 -0.13537227 -0.04333046
 endloop
endfacet
facet normal -0.42711845 -0.87364024 -0.23307212
 outer loop
  vertex -0.085740134 -0.20238669 -0.043478865
  vertex -0.10561729 -0.19319561 -0.041504353
  vertex -0.1056172 -0.18819709 -0.060240813
 endloop
endfacet
facet normal -0.4271181 -0.8736403 -0.23307261
 outer loop
  vertex -0.085740134 -0.20238669 -0.043478865
  vertex -0.1056172 -0.18819709 -0.060240813
  vertex -0.085740045 -0.19715035 -0.06310673
 endloop
endfacet
facet normal 0.8028735 -0.576005 -0.15366326
 outer loop
  vertex 0.1863001 -0.12170069 -0.026142998
  vertex 0.17320211 -0.13896786 -0.029852742
  vertex 0.17320217 -0.13537227 -0.04333046
 endloop
endfacet
facet normal 0.8028734 -0.57600534 -0.15366279
 outer loop
  vertex 0.1863001 -0.12170069 -0.026142998
  vertex 0.17320217 -0.13537227 -0.04333046
  vertex 0.18630016 -0.11855185 -0.037946116
 endloop
endfacet
facet normal -0.3365168 -0.9098553 -0.24273369
 outer loop
  vertex -0.06503725 -0.20962876 -0.045034613
  vertex -0.085740134 -0.20238669 -0.043478865
  vertex -0.085740045 -0.19715035 -0.06310673
 endloop
endfacet
facet normal -0.33651736 -0.90985537 -0.242733
 outer loop
  vertex -0.06503725 -0.20962876 -0.045034613
  vertex -0.085740045 -0.19715035 -0.06310673
  vertex -0.06503716 -0.20420505 -0.06536486
 endloop
endfacet
facet normal 0.8574646 -0.49715638 -0.13262717
 outer loop
  vertex 0.1976039 -0.10326141 -0.022181509
  vertex 0.1863001 -0.12170069 -0.026142998
  vertex 0.18630016 -0.11855185 -0.037946116
 endloop
endfacet
facet normal 0.85746473 -0.4971561 -0.13262755
 outer loop
  vertex 0.1976039 -0.10326141 -0.022181509
  vertex 0.18630016 -0.11855185 -0.037946116
  vertex 0.19760394 -0.10058965 -0.03219636
 endloop
endfacet
facet normal -0.24268775 -0.9373221 -0.25006014
 outer loop
  vertex -0.043708056 -0.2148519 -0.046156622
  vertex -0.06503725 -0.20962876 -0.045034613
  vertex -0.06503716 -0.20420505 -0.06536486
 endloop
endfacet
facet normal -0.24268752 -0.9373221 -0.25006038
 outer loop
  vertex -0.043708056 -0.2148519 -0.046156622
  vertex -0.06503716 -0.20420505 -0.06536486
  vertex -0.043707963 -0.20929304 -0.06699346
 endloop
endfacet
facet normal 0.9037977 -0.41349924 -0.110309325
 outer loop
  vertex 0.20700468 -0.083827645 -0.01800634
  vertex 0.1976039 -0.10326141 -0.022181509
  vertex 0.19760394 -0.10058965 -0.03219636
 endloop
endfacet
facet normal 0.90379757 -0.41349965 -0.1103088
 outer loop
  vertex 0.20700468 -0.083827645 -0.01800634
  vertex 0.19760394 -0.10058965 -0.03219636
  vertex 0.20700473 -0.08165868 -0.026136465
 endloop
endfacet
facet normal -0.14654075 -0.9557768 -0.25498334
 outer loop
  vertex -0.0219579 -0.21800591 -0.046834137
  vertex -0.043708056 -0.2148519 -0.046156622
  vertex -0.043707963 -0.20929304 -0.06699346
 endloop
endfacet
facet normal -0.14654079 -0.9557768 -0.2549833
 outer loop
  vertex -0.0219579 -0.21800591 -0.046834137
  vertex -0.043707963 -0.20929304 -0.06699346
  vertex -0.021957805 -0.21236543 -0.0679769
 endloop
endfacet
facet normal -0.98914826 -0.14195418 -0.03787762
 outer loop
  vertex -0.21975277 -0.042739958 -0.009181409
  vertex -0.22297947 -0.021475077 -0.004612931
  vertex -0.22297946 -0.020919539 -0.006695312
 endloop
endfacet
facet normal -0.9891483 -0.14195459 -0.037874352
 outer loop
  vertex -0.21975277 -0.042739958 -0.009181409
  vertex -0.22297946 -0.020919539 -0.006695312
  vertex -0.21975276 -0.041634228 -0.01332612
 endloop
endfacet
facet normal 0.94142014 -0.32584122 -0.08692299
 outer loop
  vertex 0.21441191 -0.06358671 -0.013657803
  vertex 0.20700468 -0.083827645 -0.01800634
  vertex 0.20700473 -0.08165868 -0.026136465
 endloop
endfacet
facet normal 0.9414202 -0.32584095 -0.08692346
 outer loop
  vertex 0.21441191 -0.06358671 -0.013657803
  vertex 0.20700473 -0.08165868 -0.026136465
  vertex 0.21441194 -0.061941445 -0.019824924
 endloop
endfacet
facet normal -0.04899173 -0.9650473 -0.25745603
 outer loop
  vertex 3.7216562e-06 -0.2190604 -0.047060583
  vertex -0.0219579 -0.21800591 -0.046834137
  vertex -0.021957805 -0.21236543 -0.0679769
 endloop
endfacet
facet normal -0.048992675 -0.9650474 -0.2574551
 outer loop
  vertex 3.7216562e-06 -0.2190604 -0.047060583
  vertex -0.021957805 -0.21236543 -0.0679769
  vertex 3.8172348e-06 -0.21339266 -0.06830564
 endloop
endfacet
facet normal -0.9699582 -0.23504992 -0.062710315
 outer loop
  vertex -0.21440977 -0.06359317 -0.013661455
  vertex -0.21975277 -0.042739958 -0.009181409
  vertex -0.21975276 -0.041634228 -0.01332612
 endloop
endfacet
facet normal -0.9699581 -0.23504987 -0.0627114
 outer loop
  vertex -0.21440977 -0.06359317 -0.013661455
  vertex -0.21975276 -0.041634228 -0.01332612
  vertex -0.21440974 -0.061947905 -0.019828575
 endloop
endfacet
facet normal 0.96996605 -0.23502177 -0.06269451
 outer loop
  vertex 0.21975425 -0.04273331 -0.009177661
  vertex 0.21441191 -0.06358671 -0.013657803
  vertex 0.21441194 -0.061941445 -0.019824924
 endloop
endfacet
facet normal 0.9699661 -0.2350212 -0.06269542
 outer loop
  vertex 0.21975425 -0.04273331 -0.009177661
  vertex 0.21441194 -0.061941445 -0.019824924
  vertex 0.21975426 -0.041627586 -0.013322371
 endloop
endfacet
facet normal 0.049024966 -0.96504605 -0.25745428
 outer loop
  vertex 0.021965282 -0.21800525 -0.046833765
  vertex 3.7216562e-06 -0.2190604 -0.047060583
  vertex 3.8172348e-06 -0.21339266 -0.06830564
 endloop
endfacet
facet normal 0.049025908 -0.96504575 -0.2574552
 outer loop
  vertex 0.021965282 -0.21800525 -0.046833765
  vertex 3.8172348e-06 -0.21339266 -0.06830564
  vertex 0.021965377 -0.21236478 -0.06797653
 endloop
endfacet
facet normal -0.94140893 -0.3258692 -0.08694009
 outer loop
  vertex -0.20700185 -0.083833896 -0.018009877
  vertex -0.21440977 -0.06359317 -0.013661455
  vertex -0.21440974 -0.061947905 -0.019828575
 endloop
endfacet
facet normal -0.9414088 -0.32586923 -0.08694079
 outer loop
  vertex -0.20700185 -0.083833896 -0.018009877
  vertex -0.21440974 -0.061947905 -0.019828575
  vertex -0.2070018 -0.081664935 -0.026140004
 endloop
endfacet
facet normal 0.9891535 -0.14192295 -0.037858646
 outer loop
  vertex 0.22298019 -0.02146833 -0.004609129
  vertex 0.21975425 -0.04273331 -0.009177661
  vertex 0.21975426 -0.041627586 -0.013322371
 endloop
endfacet
facet normal 0.98915344 -0.14192428 -0.037855502
 outer loop
  vertex 0.22298019 -0.02146833 -0.004609129
  vertex 0.21975426 -0.041627586 -0.013322371
  vertex 0.2229802 -0.020912793 -0.0066915094
 endloop
endfacet
facet normal 0.14657395 -0.9557724 -0.25498077
 outer loop
  vertex 0.04371533 -0.21485059 -0.046155877
  vertex 0.021965282 -0.21800525 -0.046833765
  vertex 0.021965377 -0.21236478 -0.06797653
 endloop
endfacet
facet normal 0.14657398 -0.9557724 -0.25498083
 outer loop
  vertex 0.04371533 -0.21485059 -0.046155877
  vertex 0.021965377 -0.21236478 -0.06797653
  vertex 0.043715425 -0.20929173 -0.066992715
 endloop
endfacet
facet normal -0.9037834 -0.4135261 -0.11032574
 outer loop
  vertex -0.19760042 -0.10326736 -0.022184871
  vertex -0.20700185 -0.083833896 -0.018009877
  vertex -0.2070018 -0.081664935 -0.026140004
 endloop
endfacet
facet normal -0.9037836 -0.413526 -0.110324636
 outer loop
  vertex -0.19760042 -0.10326736 -0.022184871
  vertex -0.2070018 -0.081664935 -0.026140004
  vertex -0.19760038 -0.10059559 -0.032199718
 endloop
endfacet
facet normal 0.42715153 -0.8465748 -0.3175733
 outer loop
  vertex 0.10562389 -0.18819392 -0.060239047
  vertex 0.08574707 -0.19714785 -0.0631053
  vertex 0.08574712 -0.19001286 -0.08212541
 endloop
endfacet
facet normal 0.4271515 -0.8465748 -0.31757325
 outer loop
  vertex 0.10562389 -0.18819392 -0.060239047
  vertex 0.08574712 -0.19001286 -0.08212541
  vertex 0.105623946 -0.18138297 -0.078395344
 endloop
endfacet
facet normal -0.74053633 -0.6292008 -0.23603438
 outer loop
  vertex -0.15843076 -0.1508938 -0.04830019
  vertex -0.17319734 -0.13537751 -0.04333342
  vertex -0.1731973 -0.13047817 -0.056393806
 endloop
endfacet
facet normal -0.7405372 -0.62920064 -0.23603228
 outer loop
  vertex -0.15843076 -0.1508938 -0.04830019
  vertex -0.1731973 -0.13047817 -0.056393806
  vertex -0.15843073 -0.14543293 -0.06285755
 endloop
endfacet
facet normal 0.51365924 -0.80333155 -0.30135122
 outer loop
  vertex 0.12448352 -0.1774277 -0.056792654
  vertex 0.10562389 -0.18819392 -0.060239047
  vertex 0.105623946 -0.18138297 -0.078395344
 endloop
endfacet
facet normal 0.5136591 -0.8033316 -0.30135113
 outer loop
  vertex 0.12448352 -0.1774277 -0.056792654
  vertex 0.105623946 -0.18138297 -0.078395344
  vertex 0.12448356 -0.17100638 -0.073910296
 endloop
endfacet
facet normal -0.6711002 -0.6941336 -0.2603903
 outer loop
  vertex -0.1421384 -0.16495687 -0.052801725
  vertex -0.15843076 -0.1508938 -0.04830019
  vertex -0.15843073 -0.14543293 -0.06285755
 endloop
endfacet
facet normal -0.67109996 -0.69413364 -0.26039076
 outer loop
  vertex -0.1421384 -0.16495687 -0.052801725
  vertex -0.15843073 -0.14543293 -0.06285755
  vertex -0.14213836 -0.15898703 -0.06871586
 endloop
endfacet
facet normal 0.595252 -0.75234586 -0.2822247
 outer loop
  vertex 0.14214431 -0.16495259 -0.05279929
  vertex 0.12448352 -0.1774277 -0.056792654
  vertex 0.12448356 -0.17100638 -0.073910296
 endloop
endfacet
facet normal 0.59525216 -0.7523456 -0.28222498
 outer loop
  vertex 0.14214431 -0.16495259 -0.05279929
  vertex 0.12448356 -0.17100638 -0.073910296
  vertex 0.14214435 -0.15898274 -0.06871342
 endloop
endfacet
facet normal -0.59522414 -0.7523643 -0.2822345
 outer loop
  vertex -0.1244772 -0.1774314 -0.05679479
  vertex -0.1421384 -0.16495687 -0.052801725
  vertex -0.14213836 -0.15898703 -0.06871586
 endloop
endfacet
facet normal -0.59522396 -0.7523643 -0.28223464
 outer loop
  vertex -0.1244772 -0.1774314 -0.05679479
  vertex -0.14213836 -0.15898703 -0.06871586
  vertex -0.124477156 -0.17101009 -0.073912434
 endloop
endfacet
facet normal 0.67112625 -0.6941123 -0.26037976
 outer loop
  vertex 0.15843615 -0.15088901 -0.048297487
  vertex 0.14214431 -0.16495259 -0.05279929
  vertex 0.14214435 -0.15898274 -0.06871342
 endloop
endfacet
facet normal 0.67112607 -0.6941126 -0.2603795
 outer loop
  vertex 0.15843615 -0.15088901 -0.048297487
  vertex 0.14214435 -0.15898274 -0.06871342
  vertex 0.15843618 -0.14542814 -0.062854856
 endloop
endfacet
facet normal -0.51363057 -0.80334675 -0.30135942
 outer loop
  vertex -0.1056172 -0.18819709 -0.060240813
  vertex -0.1244772 -0.1774314 -0.05679479
  vertex -0.124477156 -0.17101009 -0.073912434
 endloop
endfacet
facet normal -0.5136308 -0.8033468 -0.30135912
 outer loop
  vertex -0.1056172 -0.18819709 -0.060240813
  vertex -0.124477156 -0.17101009 -0.073912434
  vertex -0.10561715 -0.18138616 -0.07839712
 endloop
endfacet
facet normal 0.7405597 -0.62917846 -0.23602077
 outer loop
  vertex 0.17320217 -0.13537227 -0.04333046
  vertex 0.15843615 -0.15088901 -0.048297487
  vertex 0.15843618 -0.14542814 -0.062854856
 endloop
endfacet
facet normal 0.74055976 -0.6291783 -0.23602083
 outer loop
  vertex 0.17320217 -0.13537227 -0.04333046
  vertex 0.15843618 -0.14542814 -0.062854856
  vertex 0.17320222 -0.13047293 -0.056390848
 endloop
endfacet
facet normal -0.42711788 -0.8465891 -0.31758025
 outer loop
  vertex -0.085740045 -0.19715035 -0.06310673
  vertex -0.1056172 -0.18819709 -0.060240813
  vertex -0.10561715 -0.18138616 -0.07839712
 endloop
endfacet
facet normal -0.42711833 -0.846589 -0.31757966
 outer loop
  vertex -0.085740045 -0.19715035 -0.06310673
  vertex -0.10561715 -0.18138616 -0.07839712
  vertex -0.08573999 -0.19001539 -0.08212684
 endloop
endfacet
facet normal 0.80287355 -0.5581691 -0.20938304
 outer loop
  vertex 0.18630016 -0.11855185 -0.037946116
  vertex 0.17320217 -0.13537227 -0.04333046
  vertex 0.17320222 -0.13047293 -0.056390848
 endloop
endfacet
facet normal 0.8028733 -0.5581697 -0.20938237
 outer loop
  vertex 0.18630016 -0.11855185 -0.037946116
  vertex 0.17320222 -0.13047293 -0.056390848
  vertex 0.18630019 -0.11426128 -0.049383774
 endloop
endfacet
facet normal -0.336517 -0.8816829 -0.33074406
 outer loop
  vertex -0.06503716 -0.20420505 -0.06536486
  vertex -0.085740045 -0.19715035 -0.06310673
  vertex -0.08573999 -0.19001539 -0.08212684
 endloop
endfacet
facet normal -0.33651608 -0.8816828 -0.33074513
 outer loop
  vertex -0.06503716 -0.20420505 -0.06536486
  vertex -0.08573999 -0.19001539 -0.08212684
  vertex -0.0650371 -0.19681475 -0.0850656
 endloop
endfacet
facet normal 0.85746485 -0.48176184 -0.18071958
 outer loop
  vertex 0.19760394 -0.10058965 -0.03219636
  vertex 0.18630016 -0.11855185 -0.037946116
  vertex 0.18630019 -0.11426128 -0.049383774
 endloop
endfacet
facet normal 0.8574649 -0.4817617 -0.18071973
 outer loop
  vertex 0.19760394 -0.10058965 -0.03219636
  vertex 0.18630019 -0.11426128 -0.049383774
  vertex 0.19760397 -0.09694912 -0.04190111
 endloop
endfacet
facet normal -0.2426872 -0.9082987 -0.34072924
 outer loop
  vertex -0.043707963 -0.20929304 -0.06699346
  vertex -0.06503716 -0.20420505 -0.06536486
  vertex -0.0650371 -0.19681475 -0.0850656
 endloop
endfacet
facet normal -0.24268806 -0.90829885 -0.34072834
 outer loop
  vertex -0.043707963 -0.20929304 -0.06699346
  vertex -0.0650371 -0.19681475 -0.0850656
  vertex -0.043707903 -0.2017186 -0.087185115
 endloop
endfacet
facet normal 0.90379775 -0.40069535 -0.15030935
 outer loop
  vertex 0.20700473 -0.08165868 -0.026136465
  vertex 0.19760394 -0.10058965 -0.03219636
  vertex 0.19760397 -0.09694912 -0.04190111
 endloop
endfacet
facet normal 0.90379786 -0.40069458 -0.15031028
 outer loop
  vertex 0.20700473 -0.08165868 -0.026136465
  vertex 0.19760397 -0.09694912 -0.04190111
  vertex 0.20700474 -0.07870328 -0.03401485
 endloop
endfacet
facet normal -0.14654063 -0.9261823 -0.34743664
 outer loop
  vertex -0.021957805 -0.21236543 -0.0679769
  vertex -0.043707963 -0.20929304 -0.06699346
  vertex -0.043707903 -0.2017186 -0.087185115
 endloop
endfacet
facet normal -0.14653952 -0.92618203 -0.34743774
 outer loop
  vertex -0.021957805 -0.21236543 -0.0679769
  vertex -0.043707903 -0.2017186 -0.087185115
  vertex -0.021957746 -0.20467977 -0.088464975
 endloop
endfacet
facet normal -0.98914826 -0.13756008 -0.051602773
 outer loop
  vertex -0.21975276 -0.041634228 -0.01332612
  vertex -0.22297946 -0.020919539 -0.006695312
  vertex -0.22297946 -0.020162566 -0.008713214
 endloop
endfacet
facet normal -0.9891482 -0.13755937 -0.051606026
 outer loop
  vertex -0.21975276 -0.041634228 -0.01332612
  vertex -0.22297946 -0.020162566 -0.008713214
  vertex -0.21975274 -0.040127575 -0.01734249
 endloop
endfacet
facet normal 0.94142026 -0.31575075 -0.11844532
 outer loop
  vertex 0.21441194 -0.061941445 -0.019824924
  vertex 0.20700473 -0.08165868 -0.026136465
  vertex 0.20700474 -0.07870328 -0.03401485
 endloop
endfacet
facet normal 0.94142026 -0.31575122 -0.118444726
 outer loop
  vertex 0.21441194 -0.061941445 -0.019824924
  vertex 0.20700474 -0.07870328 -0.03401485
  vertex 0.21441196 -0.05969962 -0.025801083
 endloop
endfacet
facet normal -0.048992354 -0.9351653 -0.35080728
 outer loop
  vertex 3.8172348e-06 -0.21339266 -0.06830564
  vertex -0.021957805 -0.21236543 -0.0679769
  vertex -0.021957746 -0.20467977 -0.088464975
 endloop
endfacet
facet normal -0.048992068 -0.93516517 -0.35080758
 outer loop
  vertex 3.8172348e-06 -0.21339266 -0.06830564
  vertex -0.021957746 -0.20467977 -0.088464975
  vertex 3.8761436e-06 -0.2056698 -0.08889285
 endloop
endfacet
facet normal -0.9699581 -0.22777209 -0.08544728
 outer loop
  vertex -0.21440974 -0.061947905 -0.019828575
  vertex -0.21975276 -0.041634228 -0.01332612
  vertex -0.21975274 -0.040127575 -0.01734249
 endloop
endfacet
facet normal -0.9699581 -0.22777224 -0.08544598
 outer loop
  vertex -0.21440974 -0.061947905 -0.019828575
  vertex -0.21975274 -0.040127575 -0.01734249
  vertex -0.21440972 -0.059706084 -0.025804734
 endloop
endfacet
facet normal 0.96996623 -0.22774369 -0.08543058
 outer loop
  vertex 0.21975426 -0.041627586 -0.013322371
  vertex 0.21441194 -0.061941445 -0.019824924
  vertex 0.21441196 -0.05969962 -0.025801083
 endloop
endfacet
facet normal 0.9699661 -0.22774427 -0.08542961
 outer loop
  vertex 0.21975426 -0.041627586 -0.013322371
  vertex 0.21441196 -0.05969962 -0.025801083
  vertex 0.21975428 -0.040120933 -0.017338743
 endloop
endfacet
facet normal 0.049026277 -0.9351637 -0.3508067
 outer loop
  vertex 0.021965377 -0.21236478 -0.06797653
  vertex 3.8172348e-06 -0.21339266 -0.06830564
  vertex 3.8761436e-06 -0.2056698 -0.08889285
 endloop
endfacet
facet normal 0.049025986 -0.93516374 -0.35080644
 outer loop
  vertex 0.021965377 -0.21236478 -0.06797653
  vertex 3.8761436e-06 -0.2056698 -0.08889285
  vertex 0.021965437 -0.20467912 -0.0884646
 endloop
endfacet
facet normal -0.9414087 -0.31577986 -0.118459985
 outer loop
  vertex -0.2070018 -0.081664935 -0.026140004
  vertex -0.21440974 -0.061947905 -0.019828575
  vertex -0.21440972 -0.059706084 -0.025804734
 endloop
endfacet
facet normal -0.94140863 -0.31577983 -0.11845984
 outer loop
  vertex -0.2070018 -0.081664935 -0.026140004
  vertex -0.21440972 -0.059706084 -0.025804734
  vertex -0.20700179 -0.07870953 -0.03401839
 endloop
endfacet
facet normal 0.9891535 -0.13752875 -0.05158718
 outer loop
  vertex 0.2229802 -0.020912793 -0.0066915094
  vertex 0.21975426 -0.041627586 -0.013322371
  vertex 0.21975428 -0.040120933 -0.017338743
 endloop
endfacet
facet normal 0.98915356 -0.1375271 -0.051590223
 outer loop
  vertex 0.2229802 -0.020912793 -0.0066915094
  vertex 0.21975428 -0.040120933 -0.017338743
  vertex 0.2229802 -0.020155823 -0.00870941
 endloop
endfacet
facet normal 0.14657448 -0.9261775 -0.34743515
 outer loop
  vertex 0.043715425 -0.20929173 -0.066992715
  vertex 0.021965377 -0.21236478 -0.06797653
  vertex 0.021965437 -0.20467912 -0.0884646
 endloop
endfacet
facet normal 0.14657338 -0.92617804 -0.34743416
 outer loop
  vertex 0.043715425 -0.20929173 -0.066992715
  vertex 0.021965437 -0.20467912 -0.0884646
  vertex 0.043715484 -0.20171729 -0.08718437
 endloop
endfacet
facet normal -0.9037835 -0.40072206 -0.15032397
 outer loop
  vertex -0.19760038 -0.10059559 -0.032199718
  vertex -0.2070018 -0.081664935 -0.026140004
  vertex -0.20700179 -0.07870953 -0.03401839
 endloop
endfacet
facet normal -0.90378326 -0.4007221 -0.150325
 outer loop
  vertex -0.19760038 -0.10059559 -0.032199718
  vertex -0.20700179 -0.07870953 -0.03401839
  vertex -0.19760035 -0.09695507 -0.04190446
 endloop
endfacet
facet normal 0.24272029 -0.9082917 -0.34072423
 outer loop
  vertex 0.06504447 -0.20420308 -0.06536377
  vertex 0.043715425 -0.20929173 -0.066992715
  vertex 0.043715484 -0.20171729 -0.08718437
 endloop
endfacet
facet normal 0.24272123 -0.90829116 -0.3407251
 outer loop
  vertex 0.06504447 -0.20420308 -0.06536377
  vertex 0.043715484 -0.20171729 -0.08718437
  vertex 0.06504453 -0.19681278 -0.08506451
 endloop
endfacet
facet normal -0.85744673 -0.48178828 -0.18073511
 outer loop
  vertex -0.18629591 -0.11855748 -0.037949298
  vertex -0.19760038 -0.10059559 -0.032199718
  vertex -0.19760035 -0.09695507 -0.04190446
 endloop
endfacet
facet normal -0.85744697 -0.4817882 -0.180734
 outer loop
  vertex -0.18629591 -0.11855748 -0.037949298
  vertex -0.19760035 -0.09695507 -0.04190446
  vertex -0.18629588 -0.11426691 -0.049386956
 endloop
endfacet
facet normal 0.33654618 -0.88167334 -0.3307397
 outer loop
  vertex 0.08574707 -0.19714785 -0.0631053
  vertex 0.06504447 -0.20420308 -0.06536377
  vertex 0.06504453 -0.19681278 -0.08506451
 endloop
endfacet
facet normal 0.33654648 -0.8816731 -0.33073995
 outer loop
  vertex 0.08574707 -0.19714785 -0.0631053
  vertex 0.06504453 -0.19681278 -0.08506451
  vertex 0.08574712 -0.19001286 -0.08212541
 endloop
endfacet
facet normal -0.80285364 -0.5581931 -0.20939533
 outer loop
  vertex -0.17319734 -0.13537751 -0.04333342
  vertex -0.18629591 -0.11855748 -0.037949298
  vertex -0.18629588 -0.11426691 -0.049386956
 endloop
endfacet
facet normal -0.80285305 -0.55819327 -0.20939754
 outer loop
  vertex -0.17319734 -0.13537751 -0.04333342
  vertex -0.18629588 -0.11426691 -0.049386956
  vertex -0.1731973 -0.13047817 -0.056393806
 endloop
endfacet
facet normal 0.5952523 -0.72106004 -0.35460854
 outer loop
  vertex 0.14214435 -0.15898274 -0.06871342
  vertex 0.12448356 -0.17100638 -0.073910296
  vertex 0.124483585 -0.16293818 -0.090316124
 endloop
endfacet
facet normal 0.59525263 -0.72105956 -0.3546089
 outer loop
  vertex 0.14214435 -0.15898274 -0.06871342
  vertex 0.124483585 -0.16293818 -0.090316124
  vertex 0.14214437 -0.15148179 -0.08396577
 endloop
endfacet
facet normal -0.59522384 -0.7210781 -0.35461923
 outer loop
  vertex -0.124477156 -0.17101009 -0.073912434
  vertex -0.14213836 -0.15898703 -0.06871586
  vertex -0.14213835 -0.15148608 -0.083968215
 endloop
endfacet
facet normal -0.595224 -0.7210782 -0.35461903
 outer loop
  vertex -0.124477156 -0.17101009 -0.073912434
  vertex -0.14213835 -0.15148608 -0.083968215
  vertex -0.12447713 -0.16294189 -0.09031826
 endloop
endfacet
facet normal 0.6711262 -0.6652483 -0.32716143
 outer loop
  vertex 0.15843618 -0.14542814 -0.062854856
  vertex 0.14214435 -0.15898274 -0.06871342
  vertex 0.14214437 -0.15148179 -0.08396577
 endloop
endfacet
facet normal 0.6711257 -0.6652488 -0.32716098
 outer loop
  vertex 0.15843618 -0.14542814 -0.062854856
  vertex 0.14214437 -0.15148179 -0.08396577
  vertex 0.15843621 -0.13856669 -0.07680686
 endloop
endfacet
facet normal -0.51363057 -0.7699407 -0.37864897
 outer loop
  vertex -0.10561715 -0.18138616 -0.07839712
  vertex -0.124477156 -0.17101009 -0.073912434
  vertex -0.12447713 -0.16294189 -0.09031826
 endloop
endfacet
facet normal -0.51363 -0.7699406 -0.37864983
 outer loop
  vertex -0.10561715 -0.18138616 -0.07839712
  vertex -0.12447713 -0.16294189 -0.09031826
  vertex -0.105617136 -0.17282838 -0.095798396
 endloop
endfacet
facet normal 0.74055994 -0.60301435 -0.29655454
 outer loop
  vertex 0.17320222 -0.13047293 -0.056390848
  vertex 0.15843618 -0.14542814 -0.062854856
  vertex 0.15843621 -0.13856669 -0.07680686
 endloop
endfacet
facet normal 0.74056 -0.6030142 -0.2965547
 outer loop
  vertex 0.17320222 -0.13047293 -0.056390848
  vertex 0.15843621 -0.13856669 -0.07680686
  vertex 0.17320223 -0.124317065 -0.06890814
 endloop
endfacet
facet normal -0.42711827 -0.811384 -0.39903125
 outer loop
  vertex -0.08573999 -0.19001539 -0.08212684
  vertex -0.10561715 -0.18138616 -0.07839712
  vertex -0.105617136 -0.17282838 -0.095798396
 endloop
endfacet
facet normal -0.42711824 -0.811384 -0.39903128
 outer loop
  vertex -0.08573999 -0.19001539 -0.08212684
  vertex -0.105617136 -0.17282838 -0.095798396
  vertex -0.08573997 -0.18105046 -0.100356005
 endloop
endfacet
facet normal 0.80287355 -0.5349581 -0.26308545
 outer loop
  vertex 0.18630019 -0.11426128 -0.049383774
  vertex 0.17320222 -0.13047293 -0.056390848
  vertex 0.17320223 -0.124317065 -0.06890814
 endloop
endfacet
facet normal 0.80287355 -0.534958 -0.2630856
 outer loop
  vertex 0.18630019 -0.11426128 -0.049383774
  vertex 0.17320223 -0.124317065 -0.06890814
  vertex 0.1863002 -0.10887027 -0.060345802
 endloop
endfacet
facet normal -0.33651587 -0.8450188 -0.4155724
 outer loop
  vertex -0.0650371 -0.19681475 -0.0850656
  vertex -0.08573999 -0.19001539 -0.08212684
  vertex -0.08573997 -0.18105046 -0.100356005
 endloop
endfacet
facet normal -0.33651602 -0.84501874 -0.41557223
 outer loop
  vertex -0.0650371 -0.19681475 -0.0850656
  vertex -0.08573997 -0.18105046 -0.100356005
  vertex -0.06503709 -0.18752901 -0.103947096
 endloop
endfacet
facet normal 0.857465 -0.46172756 -0.22707154
 outer loop
  vertex 0.19760397 -0.09694912 -0.04190111
  vertex 0.18630019 -0.11426128 -0.049383774
  vertex 0.1863002 -0.10887027 -0.060345802
 endloop
endfacet
facet normal 0.857465 -0.46172735 -0.2270717
 outer loop
  vertex 0.19760397 -0.09694912 -0.04190111
  vertex 0.1863002 -0.10887027 -0.060345802
  vertex 0.19760399 -0.09237489 -0.051202293
 endloop
endfacet
facet normal -0.2426879 -0.87052757 -0.42811713
 outer loop
  vertex -0.043707903 -0.2017186 -0.087185115
  vertex -0.0650371 -0.19681475 -0.0850656
  vertex -0.06503709 -0.18752901 -0.103947096
 endloop
endfacet
facet normal -0.24268828 -0.87052774 -0.42811674
 outer loop
  vertex -0.043707903 -0.2017186 -0.087185115
  vertex -0.06503709 -0.18752901 -0.103947096
  vertex -0.04370788 -0.1922015 -0.106537096
 endloop
endfacet
facet normal 0.90379804 -0.3840318 -0.1888617
 outer loop
  vertex 0.20700474 -0.07870328 -0.03401485
  vertex 0.19760397 -0.09694912 -0.04190111
  vertex 0.19760399 -0.09237489 -0.051202293
 endloop
endfacet
facet normal 0.903798 -0.3840318 -0.1888616
 outer loop
  vertex 0.20700474 -0.07870328 -0.03401485
  vertex 0.19760399 -0.09237489 -0.051202293
  vertex 0.20700476 -0.07498988 -0.041565616
 endloop
endfacet
facet normal -0.14653943 -0.88766766 -0.4365459
 outer loop
  vertex -0.021957746 -0.20467977 -0.088464975
  vertex -0.043707903 -0.2017186 -0.087185115
  vertex -0.04370788 -0.1922015 -0.106537096
 endloop
endfacet
facet normal -0.1465387 -0.8876674 -0.43654665
 outer loop
  vertex -0.021957746 -0.20467977 -0.088464975
  vertex -0.04370788 -0.1922015 -0.106537096
  vertex -0.021957725 -0.19502293 -0.10810107
 endloop
endfacet
facet normal -0.98914814 -0.1318377 -0.064843856
 outer loop
  vertex -0.21975274 -0.040127575 -0.01734249
  vertex -0.22297946 -0.020162566 -0.008713214
  vertex -0.22297944 -0.019211452 -0.010647203
 endloop
endfacet
facet normal -0.9891483 -0.13183975 -0.06483746
 outer loop
  vertex -0.21975274 -0.040127575 -0.01734249
  vertex -0.22297944 -0.019211452 -0.010647203
  vertex -0.21975274 -0.038234502 -0.021191845
 endloop
endfacet
facet normal 0.94142026 -0.3026206 -0.14882426
 outer loop
  vertex 0.21441196 -0.05969962 -0.025801083
  vertex 0.20700474 -0.07870328 -0.03401485
  vertex 0.20700476 -0.07498988 -0.041565616
 endloop
endfacet
facet normal 0.94142026 -0.30262095 -0.1488238
 outer loop
  vertex 0.21441196 -0.05969962 -0.025801083
  vertex 0.20700476 -0.07498988 -0.041565616
  vertex 0.21441197 -0.056882817 -0.031528726
 endloop
endfacet
facet normal -0.048991892 -0.8962769 -0.44078058
 outer loop
  vertex 3.8761436e-06 -0.2056698 -0.08889285
  vertex -0.021957746 -0.20467977 -0.088464975
  vertex -0.021957725 -0.19502293 -0.10810107
 endloop
endfacet
facet normal -0.048991833 -0.89627683 -0.44078067
 outer loop
  vertex 3.8761436e-06 -0.2056698 -0.08889285
  vertex -0.021957725 -0.19502293 -0.10810107
  vertex 3.897817e-06 -0.19596623 -0.10862396
 endloop
endfacet
facet normal -0.9699581 -0.21830128 -0.10735832
 outer loop
  vertex -0.21440972 -0.059706084 -0.025804734
  vertex -0.21975274 -0.040127575 -0.01734249
  vertex -0.21975274 -0.038234502 -0.021191845
 endloop
endfacet
facet normal -0.9699579 -0.21830072 -0.1073607
 outer loop
  vertex -0.21440972 -0.059706084 -0.025804734
  vertex -0.21975274 -0.038234502 -0.021191845
  vertex -0.21440971 -0.056889284 -0.031532377
 endloop
endfacet
facet normal 0.96996623 -0.21827322 -0.10734229
 outer loop
  vertex 0.21975428 -0.040120933 -0.017338743
  vertex 0.21441196 -0.05969962 -0.025801083
  vertex 0.21441197 -0.056882817 -0.031528726
 endloop
endfacet
facet normal 0.96996635 -0.21827191 -0.107343875
 outer loop
  vertex 0.21975428 -0.040120933 -0.017338743
  vertex 0.21441197 -0.056882817 -0.031528726
  vertex 0.21975428 -0.03822786 -0.021188097
 endloop
endfacet
facet normal 0.049026184 -0.8962754 -0.44077983
 outer loop
  vertex 0.021965437 -0.20467912 -0.0884646
  vertex 3.8761436e-06 -0.2056698 -0.08889285
  vertex 3.897817e-06 -0.19596623 -0.10862396
 endloop
endfacet
facet normal 0.049026128 -0.8962754 -0.44077975
 outer loop
  vertex 0.021965437 -0.20467912 -0.0884646
  vertex 3.897817e-06 -0.19596623 -0.10862396
  vertex 0.021965457 -0.19502227 -0.1081007
 endloop
endfacet
facet normal -0.9414086 -0.30264807 -0.14884189
 outer loop
  vertex -0.20700179 -0.07870953 -0.03401839
  vertex -0.21440972 -0.059706084 -0.025804734
  vertex -0.21440971 -0.056889284 -0.031532377
 endloop
endfacet
facet normal -0.9414087 -0.3026482 -0.1488413
 outer loop
  vertex -0.20700179 -0.07870953 -0.03401839
  vertex -0.21440971 -0.056889284 -0.031532377
  vertex -0.20700178 -0.074996136 -0.04156915
 endloop
endfacet
facet normal 0.98915356 -0.1318081 -0.0648219
 outer loop
  vertex 0.2229802 -0.020155823 -0.00870941
  vertex 0.21975428 -0.040120933 -0.017338743
  vertex 0.21975428 -0.03822786 -0.021188097
 endloop
endfacet
facet normal 0.9891534 -0.131812 -0.06481626
 outer loop
  vertex 0.2229802 -0.020155823 -0.00870941
  vertex 0.21975428 -0.03822786 -0.021188097
  vertex 0.22298022 -0.019204706 -0.010643399
 endloop
endfacet
facet normal 0.14657366 -0.8876629 -0.4365441
 outer loop
  vertex 0.043715484 -0.20171729 -0.08718437
  vertex 0.021965437 -0.20467912 -0.0884646
  vertex 0.021965457 -0.19502227 -0.1081007
 endloop
endfacet
facet normal 0.14657289 -0.88766336 -0.43654346
 outer loop
  vertex 0.043715484 -0.20171729 -0.08718437
  vertex 0.021965457 -0.19502227 -0.1081007
  vertex 0.043715507 -0.19220018 -0.10653635
 endloop
endfacet
facet normal -0.90378314 -0.38405865 -0.18887813
 outer loop
  vertex -0.19760035 -0.09695507 -0.04190446
  vertex -0.20700179 -0.07870953 -0.03401839
  vertex -0.20700178 -0.074996136 -0.04156915
 endloop
endfacet
facet normal -0.9037832 -0.38405865 -0.18887785
 outer loop
  vertex -0.19760035 -0.09695507 -0.04190446
  vertex -0.20700178 -0.074996136 -0.04156915
  vertex -0.19760033 -0.09238084 -0.05120564
 endloop
endfacet
facet normal 0.24272135 -0.8705205 -0.42811263
 outer loop
  vertex 0.06504453 -0.19681278 -0.08506451
  vertex 0.043715484 -0.20171729 -0.08718437
  vertex 0.043715507 -0.19220018 -0.10653635
 endloop
endfacet
facet normal 0.24272187 -0.8705201 -0.4281131
 outer loop
  vertex 0.06504453 -0.19681278 -0.08506451
  vertex 0.043715507 -0.19220018 -0.10653635
  vertex 0.065044545 -0.18752705 -0.103946
 endloop
endfacet
facet normal -0.85744685 -0.46175337 -0.22708732
 outer loop
  vertex -0.18629588 -0.11426691 -0.049386956
  vertex -0.19760035 -0.09695507 -0.04190446
  vertex -0.19760033 -0.09238084 -0.05120564
 endloop
endfacet
facet normal -0.8574471 -0.46175343 -0.2270866
 outer loop
  vertex -0.18629588 -0.11426691 -0.049386956
  vertex -0.19760033 -0.09238084 -0.05120564
  vertex -0.18629587 -0.1088759 -0.060348984
 endloop
endfacet
facet normal 0.33654663 -0.8450091 -0.41556695
 outer loop
  vertex 0.08574712 -0.19001286 -0.08212541
  vertex 0.06504453 -0.19681278 -0.08506451
  vertex 0.065044545 -0.18752705 -0.103946
 endloop
endfacet
facet normal 0.33654642 -0.8450093 -0.4155668
 outer loop
  vertex 0.08574712 -0.19001286 -0.08212541
  vertex 0.065044545 -0.18752705 -0.103946
  vertex 0.085747145 -0.18104793 -0.10035458
 endloop
endfacet
facet normal -0.8028528 -0.5349821 -0.26309958
 outer loop
  vertex -0.1731973 -0.13047817 -0.056393806
  vertex -0.18629588 -0.11426691 -0.049386956
  vertex -0.18629587 -0.1088759 -0.060348984
 endloop
endfacet
facet normal -0.8028528 -0.5349821 -0.26309994
 outer loop
  vertex -0.1731973 -0.13047817 -0.056393806
  vertex -0.18629587 -0.1088759 -0.060348984
  vertex -0.17319728 -0.124322295 -0.06891109
 endloop
endfacet
facet normal 0.4271517 -0.8113703 -0.39902335
 outer loop
  vertex 0.105623946 -0.18138297 -0.078395344
  vertex 0.08574712 -0.19001286 -0.08212541
  vertex 0.085747145 -0.18104793 -0.10035458
 endloop
endfacet
facet normal 0.427152 -0.8113701 -0.39902365
 outer loop
  vertex 0.105623946 -0.18138297 -0.078395344
  vertex 0.085747145 -0.18104793 -0.10035458
  vertex 0.10562396 -0.17282519 -0.09579662
 endloop
endfacet
facet normal -0.74053717 -0.60303575 -0.29656798
 outer loop
  vertex -0.15843073 -0.14543293 -0.06285755
  vertex -0.1731973 -0.13047817 -0.056393806
  vertex -0.17319728 -0.124322295 -0.06891109
 endloop
endfacet
facet normal -0.74053705 -0.6030358 -0.2965682
 outer loop
  vertex -0.15843073 -0.14543293 -0.06285755
  vertex -0.17319728 -0.124322295 -0.06891109
  vertex -0.1584307 -0.13857149 -0.076809555
 endloop
endfacet
facet normal 0.5136594 -0.7699251 -0.37864134
 outer loop
  vertex 0.12448356 -0.17100638 -0.073910296
  vertex 0.105623946 -0.18138297 -0.078395344
  vertex 0.10562396 -0.17282519 -0.09579662
 endloop
endfacet
facet normal 0.51365846 -0.7699262 -0.37864044
 outer loop
  vertex 0.12448356 -0.17100638 -0.073910296
  vertex 0.10562396 -0.17282519 -0.09579662
  vertex 0.124483585 -0.16293818 -0.090316124
 endloop
endfacet
facet normal -0.6710998 -0.6652687 -0.32717365
 outer loop
  vertex -0.14213836 -0.15898703 -0.06871586
  vertex -0.15843073 -0.14543293 -0.06285755
  vertex -0.1584307 -0.13857149 -0.076809555
 endloop
endfacet
facet normal -0.6711002 -0.6652687 -0.32717288
 outer loop
  vertex -0.14213836 -0.15898703 -0.06871586
  vertex -0.1584307 -0.13857149 -0.076809555
  vertex -0.14213835 -0.15148608 -0.083968215
 endloop
endfacet
facet normal 0.7405602 -0.57104194 -0.35423416
 outer loop
  vertex 0.17320223 -0.124317065 -0.06890814
  vertex 0.15843621 -0.13856669 -0.07680686
  vertex 0.1584362 -0.13037074 -0.090019144
 endloop
endfacet
facet normal 0.7405604 -0.5710414 -0.3542345
 outer loop
  vertex 0.17320223 -0.124317065 -0.06890814
  vertex 0.1584362 -0.13037074 -0.090019144
  vertex 0.17320222 -0.116963916 -0.08076177
 endloop
endfacet
facet normal -0.42711836 -0.7683655 -0.47663873
 outer loop
  vertex -0.08573997 -0.18105046 -0.100356005
  vertex -0.105617136 -0.17282838 -0.095798396
  vertex -0.10561715 -0.16260618 -0.112277076
 endloop
endfacet
facet normal -0.42711845 -0.76836544 -0.4766385
 outer loop
  vertex -0.08573997 -0.18105046 -0.100356005
  vertex -0.10561715 -0.16260618 -0.112277076
  vertex -0.085739985 -0.17034194 -0.11761868
 endloop
endfacet
facet normal 0.80287355 -0.50659376 -0.31425583
 outer loop
  vertex 0.1863002 -0.10887027 -0.060345802
  vertex 0.17320223 -0.124317065 -0.06890814
  vertex 0.17320222 -0.116963916 -0.08076177
 endloop
endfacet
facet normal 0.80287355 -0.5065938 -0.3142558
 outer loop
  vertex 0.1863002 -0.10887027 -0.060345802
  vertex 0.17320222 -0.116963916 -0.08076177
  vertex 0.18630019 -0.102430746 -0.070726626
 endloop
endfacet
facet normal -0.3365159 -0.8002169 -0.4963969
 outer loop
  vertex -0.06503709 -0.18752901 -0.103947096
  vertex -0.08573997 -0.18105046 -0.100356005
  vertex -0.085739985 -0.17034194 -0.11761868
 endloop
endfacet
facet normal -0.33651608 -0.800217 -0.49639672
 outer loop
  vertex -0.06503709 -0.18752901 -0.103947096
  vertex -0.085739985 -0.17034194 -0.11761868
  vertex -0.0650371 -0.17643729 -0.12182751
 endloop
endfacet
facet normal 0.857465 -0.43724594 -0.27123743
 outer loop
  vertex 0.19760399 -0.09237489 -0.051202293
  vertex 0.1863002 -0.10887027 -0.060345802
  vertex 0.18630019 -0.102430746 -0.070726626
 endloop
endfacet
facet normal 0.8574647 -0.43724704 -0.27123663
 outer loop
  vertex 0.19760399 -0.09237489 -0.051202293
  vertex 0.18630019 -0.102430746 -0.070726626
  vertex 0.19760399 -0.086911015 -0.060010336
 endloop
endfacet
facet normal -0.24268828 -0.82437325 -0.5113816
 outer loop
  vertex -0.04370788 -0.1922015 -0.106537096
  vertex -0.06503709 -0.18752901 -0.103947096
  vertex -0.0650371 -0.17643729 -0.12182751
 endloop
endfacet
facet normal -0.24268763 -0.82437295 -0.5113823
 outer loop
  vertex -0.04370788 -0.1922015 -0.106537096
  vertex -0.0650371 -0.17643729 -0.12182751
  vertex -0.043707896 -0.18083337 -0.12486306
 endloop
endfacet
facet normal 0.90379804 -0.3636703 -0.22559488
 outer loop
  vertex 0.20700476 -0.07498988 -0.041565616
  vertex 0.19760399 -0.09237489 -0.051202293
  vertex 0.19760399 -0.086911015 -0.060010336
 endloop
endfacet
facet normal 0.90379834 -0.36366883 -0.2255959
 outer loop
  vertex 0.20700476 -0.07498988 -0.041565616
  vertex 0.19760399 -0.086911015 -0.060010336
  vertex 0.20700474 -0.070554264 -0.048716046
 endloop
endfacet
facet normal -0.1465388 -0.84060407 -0.521451
 outer loop
  vertex -0.021957725 -0.19502293 -0.10810107
  vertex -0.04370788 -0.1922015 -0.106537096
  vertex -0.043707896 -0.18083337 -0.12486306
 endloop
endfacet
facet normal -0.1465399 -0.84060454 -0.52145
 outer loop
  vertex -0.021957725 -0.19502293 -0.10810107
  vertex -0.043707896 -0.18083337 -0.12486306
  vertex -0.02195774 -0.18348792 -0.1266961
 endloop
endfacet
facet normal -0.9891484 -0.124853015 -0.07744192
 outer loop
  vertex -0.21975274 -0.038234502 -0.021191845
  vertex -0.22297944 -0.019211452 -0.010647203
  vertex -0.22297946 -0.01807535 -0.012478652
 endloop
endfacet
facet normal -0.9891482 -0.124850295 -0.07744811
 outer loop
  vertex -0.21975274 -0.038234502 -0.021191845
  vertex -0.22297946 -0.01807535 -0.012478652
  vertex -0.21975274 -0.035973243 -0.024837108
 endloop
endfacet
facet normal 0.94142014 -0.28657463 -0.17777228
 outer loop
  vertex 0.21441197 -0.056882817 -0.031528726
  vertex 0.20700476 -0.07498988 -0.041565616
  vertex 0.20700474 -0.070554264 -0.048716046
 endloop
endfacet
facet normal 0.9414203 -0.28657416 -0.17777276
 outer loop
  vertex 0.21441197 -0.056882817 -0.031528726
  vertex 0.20700474 -0.070554264 -0.048716046
  vertex 0.21441196 -0.053518176 -0.036952693
 endloop
endfacet
facet normal -0.04899186 -0.84875757 -0.5265076
 outer loop
  vertex 3.897817e-06 -0.19596623 -0.10862396
  vertex -0.021957725 -0.19502293 -0.10810107
  vertex -0.02195774 -0.18348792 -0.1266961
 endloop
endfacet
facet normal -0.048991065 -0.84875727 -0.5265083
 outer loop
  vertex 3.897817e-06 -0.19596623 -0.10862396
  vertex -0.02195774 -0.18348792 -0.1266961
  vertex 3.8820453e-06 -0.1843754 -0.12730893
 endloop
endfacet
facet normal -0.96995795 -0.20672768 -0.12823895
 outer loop
  vertex -0.21440971 -0.056889284 -0.031532377
  vertex -0.21975274 -0.038234502 -0.021191845
  vertex -0.21975274 -0.035973243 -0.024837108
 endloop
endfacet
facet normal -0.96995807 -0.20672846 -0.12823676
 outer loop
  vertex -0.21440971 -0.056889284 -0.031532377
  vertex -0.21975274 -0.035973243 -0.024837108
  vertex -0.21440972 -0.053524647 -0.036956344
 endloop
endfacet
facet normal 0.96996635 -0.20669812 -0.1282234
 outer loop
  vertex 0.21975428 -0.03822786 -0.021188097
  vertex 0.21441197 -0.056882817 -0.031528726
  vertex 0.21441196 -0.053518176 -0.036952693
 endloop
endfacet
facet normal 0.9699662 -0.2066998 -0.12822169
 outer loop
  vertex 0.21975428 -0.03822786 -0.021188097
  vertex 0.21441196 -0.053518176 -0.036952693
  vertex 0.21975428 -0.0359666 -0.02483336
 endloop
endfacet
facet normal 0.04902619 -0.8487557 -0.52650744
 outer loop
  vertex 0.021965457 -0.19502227 -0.1081007
  vertex 3.897817e-06 -0.19596623 -0.10862396
  vertex 3.8820453e-06 -0.1843754 -0.12730893
 endloop
endfacet
facet normal 0.049025744 -0.848756 -0.5265071
 outer loop
  vertex 0.021965457 -0.19502227 -0.1081007
  vertex 3.8820453e-06 -0.1843754 -0.12730893
  vertex 0.021965442 -0.18348727 -0.1266957
 endloop
endfacet
facet normal -0.94140863 -0.286604 -0.17778586
 outer loop
  vertex -0.20700178 -0.074996136 -0.04156915
  vertex -0.21440971 -0.056889284 -0.031532377
  vertex -0.21440972 -0.053524647 -0.036956344
 endloop
endfacet
facet normal -0.94140863 -0.28660387 -0.17778648
 outer loop
  vertex -0.20700178 -0.074996136 -0.04156915
  vertex -0.21440972 -0.053524647 -0.036956344
  vertex -0.20700179 -0.07056052 -0.04871958
 endloop
endfacet
facet normal 0.98915344 -0.12482033 -0.07742953
 outer loop
  vertex 0.22298022 -0.019204706 -0.010643399
  vertex 0.21975428 -0.03822786 -0.021188097
  vertex 0.21975428 -0.0359666 -0.02483336
 endloop
endfacet
facet normal 0.98915356 -0.1248158 -0.077434786
 outer loop
  vertex 0.22298022 -0.019204706 -0.010643399
  vertex 0.21975428 -0.0359666 -0.02483336
  vertex 0.2229802 -0.018068606 -0.012474849
 endloop
endfacet
facet normal 0.14657305 -0.84060013 -0.5214478
 outer loop
  vertex 0.043715507 -0.19220018 -0.10653635
  vertex 0.021965457 -0.19502227 -0.1081007
  vertex 0.021965442 -0.18348727 -0.1266957
 endloop
endfacet
facet normal 0.1465738 -0.8405996 -0.52144843
 outer loop
  vertex 0.043715507 -0.19220018 -0.10653635
  vertex 0.021965442 -0.18348727 -0.1266957
  vertex 0.043715492 -0.18083206 -0.12486231
 endloop
endfacet
facet normal -0.9037832 -0.3636977 -0.22561006
 outer loop
  vertex -0.19760033 -0.09238084 -0.05120564
  vertex -0.20700178 -0.074996136 -0.04156915
  vertex -0.20700179 -0.07056052 -0.04871958
 endloop
endfacet
facet normal -0.9037829 -0.36369738 -0.2256117
 outer loop
  vertex -0.19760033 -0.09238084 -0.05120564
  vertex -0.20700179 -0.07056052 -0.04871958
  vertex -0.19760033 -0.08691696 -0.06001368
 endloop
endfacet
facet normal 0.2427218 -0.82436556 -0.51137805
 outer loop
  vertex 0.065044545 -0.18752705 -0.103946
  vertex 0.043715507 -0.19220018 -0.10653635
  vertex 0.043715492 -0.18083206 -0.12486231
 endloop
endfacet
facet normal 0.24272102 -0.82436615 -0.51137745
 outer loop
  vertex 0.065044545 -0.18752705 -0.103946
  vertex 0.043715492 -0.18083206 -0.12486231
  vertex 0.06504453 -0.17643532 -0.121826425
 endloop
endfacet
facet normal -0.8574471 -0.43727207 -0.27125213
 outer loop
  vertex -0.18629587 -0.1088759 -0.060348984
  vertex -0.19760033 -0.09238084 -0.05120564
  vertex -0.19760033 -0.08691696 -0.06001368
 endloop
endfacet
facet normal -0.8574472 -0.43727216 -0.27125147
 outer loop
  vertex -0.18629587 -0.1088759 -0.060348984
  vertex -0.19760033 -0.08691696 -0.06001368
  vertex -0.18629588 -0.10243638 -0.0707298
 endloop
endfacet
facet normal 0.33654636 -0.8002076 -0.4963913
 outer loop
  vertex 0.085747145 -0.18104793 -0.10035458
  vertex 0.065044545 -0.18752705 -0.103946
  vertex 0.06504453 -0.17643532 -0.121826425
 endloop
endfacet
facet normal 0.33654654 -0.80020744 -0.49639142
 outer loop
  vertex 0.085747145 -0.18104793 -0.10035458
  vertex 0.06504453 -0.17643532 -0.121826425
  vertex 0.08574713 -0.1703394 -0.117617264
 endloop
endfacet
facet normal -0.80285287 -0.5066185 -0.31426907
 outer loop
  vertex -0.17319728 -0.124322295 -0.06891109
  vertex -0.18629587 -0.1088759 -0.060348984
  vertex -0.18629588 -0.10243638 -0.0707298
 endloop
endfacet
facet normal -0.80285275 -0.5066185 -0.3142691
 outer loop
  vertex -0.17319728 -0.124322295 -0.06891109
  vertex -0.18629588 -0.10243638 -0.0707298
  vertex -0.1731973 -0.116969146 -0.08076472
 endloop
endfacet
facet normal 0.42715207 -0.7683518 -0.4766305
 outer loop
  vertex 0.10562396 -0.17282519 -0.09579662
  vertex 0.085747145 -0.18104793 -0.10035458
  vertex 0.08574713 -0.1703394 -0.117617264
 endloop
endfacet
facet normal 0.4271527 -0.76835114 -0.47663102
 outer loop
  vertex 0.10562396 -0.17282519 -0.09579662
  vertex 0.08574713 -0.1703394 -0.117617264
  vertex 0.105623946 -0.16260298 -0.11227531
 endloop
endfacet
facet normal -0.74053705 -0.5710641 -0.3542467
 outer loop
  vertex -0.1584307 -0.13857149 -0.076809555
  vertex -0.17319728 -0.124322295 -0.06891109
  vertex -0.1731973 -0.116969146 -0.08076472
 endloop
endfacet
facet normal -0.7405372 -0.5710641 -0.35424626
 outer loop
  vertex -0.1584307 -0.13857149 -0.076809555
  vertex -0.1731973 -0.116969146 -0.08076472
  vertex -0.15843071 -0.13037553 -0.09002184
 endloop
endfacet
facet normal 0.5136586 -0.7291042 -0.4522851
 outer loop
  vertex 0.124483585 -0.16293818 -0.090316124
  vertex 0.10562396 -0.17282519 -0.09579662
  vertex 0.105623946 -0.16260298 -0.11227531
 endloop
endfacet
facet normal 0.5136584 -0.72910446 -0.45228496
 outer loop
  vertex 0.124483585 -0.16293818 -0.090316124
  vertex 0.105623946 -0.16260298 -0.11227531
  vertex 0.12448357 -0.15330075 -0.10585213
 endloop
endfacet
facet normal -0.6711001 -0.6299973 -0.39080426
 outer loop
  vertex -0.14213835 -0.15148608 -0.083968215
  vertex -0.1584307 -0.13857149 -0.076809555
  vertex -0.15843071 -0.13037553 -0.09002184
 endloop
endfacet
facet normal -0.6710997 -0.62999725 -0.39080513
 outer loop
  vertex -0.14213835 -0.15148608 -0.083968215
  vertex -0.15843071 -0.13037553 -0.09002184
  vertex -0.14213836 -0.14252624 -0.0984119
 endloop
endfacet
facet normal 0.5952526 -0.68282884 -0.42357898
 outer loop
  vertex 0.14214437 -0.15148179 -0.08396577
  vertex 0.124483585 -0.16293818 -0.090316124
  vertex 0.12448357 -0.15330075 -0.10585213
 endloop
endfacet
facet normal 0.59525234 -0.6828292 -0.42357874
 outer loop
  vertex 0.14214437 -0.15148179 -0.08396577
  vertex 0.12448357 -0.15330075 -0.10585213
  vertex 0.14214435 -0.14252196 -0.09840947
 endloop
endfacet
facet normal -0.59522396 -0.68284714 -0.42358956
 outer loop
  vertex -0.12447713 -0.16294189 -0.09031826
  vertex -0.14213835 -0.15148608 -0.083968215
  vertex -0.14213836 -0.14252624 -0.0984119
 endloop
endfacet
facet normal -0.59522414 -0.6828472 -0.42358923
 outer loop
  vertex -0.12447713 -0.16294189 -0.09031826
  vertex -0.14213836 -0.14252624 -0.0984119
  vertex -0.12447715 -0.15330446 -0.105854265
 endloop
endfacet
facet normal 0.67112565 -0.62997705 -0.3907931
 outer loop
  vertex 0.15843621 -0.13856669 -0.07680686
  vertex 0.14214437 -0.15148179 -0.08396577
  vertex 0.14214435 -0.14252196 -0.09840947
 endloop
endfacet
facet normal 0.6711257 -0.629977 -0.39079314
 outer loop
  vertex 0.15843621 -0.13856669 -0.07680686
  vertex 0.14214435 -0.14252196 -0.09840947
  vertex 0.1584362 -0.13037074 -0.090019144
 endloop
endfacet
facet normal -0.51362985 -0.7291194 -0.45229325
 outer loop
  vertex -0.105617136 -0.17282838 -0.095798396
  vertex -0.12447713 -0.16294189 -0.09031826
  vertex -0.12447715 -0.15330446 -0.105854265
 endloop
endfacet
facet normal -0.51363 -0.7291194 -0.4522932
 outer loop
  vertex -0.105617136 -0.17282838 -0.095798396
  vertex -0.12447715 -0.15330446 -0.105854265
  vertex -0.10561715 -0.16260618 -0.112277076
 endloop
endfacet
facet normal 0.8574646 -0.40855464 -0.31279
 outer loop
  vertex 0.19760399 -0.086911015 -0.060010336
  vertex 0.18630019 -0.102430746 -0.070726626
  vertex 0.18630016 -0.09500474 -0.08042628
 endloop
endfacet
facet normal 0.8574648 -0.40855405 -0.31279036
 outer loop
  vertex 0.19760399 -0.086911015 -0.060010336
  vertex 0.18630016 -0.09500474 -0.08042628
  vertex 0.19760396 -0.080610104 -0.06824041
 endloop
endfacet
facet normal -0.24268785 -0.7702797 -0.58972174
 outer loop
  vertex -0.043707896 -0.18083337 -0.12486306
  vertex -0.0650371 -0.17643729 -0.12182751
  vertex -0.065037146 -0.16364639 -0.13853465
 endloop
endfacet
facet normal -0.24268803 -0.7702798 -0.58972156
 outer loop
  vertex -0.043707896 -0.18083337 -0.12486306
  vertex -0.065037146 -0.16364639 -0.13853465
  vertex -0.04370795 -0.16772375 -0.1419865
 endloop
endfacet
facet normal 0.9037982 -0.33980486 -0.26015645
 outer loop
  vertex 0.20700474 -0.070554264 -0.048716046
  vertex 0.19760399 -0.086911015 -0.060010336
  vertex 0.19760396 -0.080610104 -0.06824041
 endloop
endfacet
facet normal 0.903798 -0.3398062 -0.2601557
 outer loop
  vertex 0.20700474 -0.070554264 -0.048716046
  vertex 0.19760396 -0.080610104 -0.06824041
  vertex 0.20700473 -0.06543915 -0.05539728
 endloop
endfacet
facet normal -0.14654018 -0.78544563 -0.6013328
 outer loop
  vertex -0.02195774 -0.18348792 -0.1266961
  vertex -0.043707896 -0.18083337 -0.12486306
  vertex -0.04370795 -0.16772375 -0.1419865
 endloop
endfacet
facet normal -0.14653942 -0.7854452 -0.6013335
 outer loop
  vertex -0.02195774 -0.18348792 -0.1266961
  vertex -0.04370795 -0.16772375 -0.1419865
  vertex -0.021957792 -0.17018582 -0.14407092
 endloop
endfacet
facet normal -0.9891482 -0.11665788 -0.08931264
 outer loop
  vertex -0.21975274 -0.035973243 -0.024837108
  vertex -0.22297946 -0.01807535 -0.012478652
  vertex -0.22297946 -0.016765209 -0.014189926
 endloop
endfacet
facet normal -0.9891483 -0.116659574 -0.08930963
 outer loop
  vertex -0.21975274 -0.035973243 -0.024837108
  vertex -0.22297946 -0.016765209 -0.014189926
  vertex -0.21975276 -0.033365574 -0.028243177
 endloop
endfacet
facet normal 0.9414202 -0.26777008 -0.20500535
 outer loop
  vertex 0.21441196 -0.053518176 -0.036952693
  vertex 0.20700474 -0.070554264 -0.048716046
  vertex 0.20700473 -0.06543915 -0.05539728
 endloop
endfacet
facet normal 0.9414203 -0.26776922 -0.20500591
 outer loop
  vertex 0.21441196 -0.053518176 -0.036952693
  vertex 0.20700473 -0.06543915 -0.05539728
  vertex 0.21441194 -0.04963809 -0.042020753
 endloop
endfacet
facet normal -0.048991196 -0.7930632 -0.60716605
 outer loop
  vertex 3.8820453e-06 -0.1843754 -0.12730893
  vertex -0.02195774 -0.18348792 -0.1266961
  vertex -0.021957792 -0.17018582 -0.14407092
 endloop
endfacet
facet normal -0.04899133 -0.7930633 -0.60716593
 outer loop
  vertex 3.8820453e-06 -0.1843754 -0.12730893
  vertex -0.021957792 -0.17018582 -0.14407092
  vertex 3.8289804e-06 -0.17100893 -0.14476785
 endloop
endfacet
facet normal -0.9699581 -0.19316398 -0.14788118
 outer loop
  vertex -0.21440972 -0.053524647 -0.036956344
  vertex -0.21975274 -0.035973243 -0.024837108
  vertex -0.21975276 -0.033365574 -0.028243177
 endloop
endfacet
facet normal -0.9699581 -0.19316354 -0.14788228
 outer loop
  vertex -0.21440972 -0.053524647 -0.036956344
  vertex -0.21975276 -0.033365574 -0.028243177
  vertex -0.21440974 -0.049644563 -0.042024404
 endloop
endfacet
facet normal 0.9699662 -0.19313522 -0.14786643
 outer loop
  vertex 0.21975428 -0.0359666 -0.02483336
  vertex 0.21441196 -0.053518176 -0.036952693
  vertex 0.21441194 -0.04963809 -0.042020753
 endloop
endfacet
facet normal 0.96996623 -0.19313428 -0.14786707
 outer loop
  vertex 0.21975428 -0.0359666 -0.02483336
  vertex 0.21441194 -0.04963809 -0.042020753
  vertex 0.21975426 -0.033358928 -0.028239429
 endloop
endfacet
facet normal 0.049025636 -0.79306185 -0.6071651
 outer loop
  vertex 0.021965442 -0.18348727 -0.1266957
  vertex 3.8820453e-06 -0.1843754 -0.12730893
  vertex 3.8289804e-06 -0.17100893 -0.14476785
 endloop
endfacet
facet normal 0.049025774 -0.79306173 -0.60716516
 outer loop
  vertex 0.021965442 -0.18348727 -0.1266957
  vertex 3.8289804e-06 -0.17100893 -0.14476785
  vertex 0.02196539 -0.17018516 -0.14407054
 endloop
endfacet
facet normal -0.9414087 -0.2677978 -0.205022
 outer loop
  vertex -0.20700179 -0.07056052 -0.04871958
  vertex -0.21440972 -0.053524647 -0.036956344
  vertex -0.21440974 -0.049644563 -0.042024404
 endloop
endfacet
facet normal -0.9414087 -0.2677977 -0.20502229
 outer loop
  vertex -0.20700179 -0.07056052 -0.04871958
  vertex -0.21440974 -0.049644563 -0.042024404
  vertex -0.2070018 -0.06544541 -0.055400815
 endloop
endfacet
facet normal 0.9891535 -0.1166273 -0.089293756
 outer loop
  vertex 0.2229802 -0.018068606 -0.012474849
  vertex 0.21975428 -0.0359666 -0.02483336
  vertex 0.21975426 -0.033358928 -0.028239429
 endloop
endfacet
facet normal 0.98915344 -0.11662976 -0.08929132
 outer loop
  vertex 0.2229802 -0.018068606 -0.012474849
  vertex 0.21975426 -0.033358928 -0.028239429
  vertex 0.2229802 -0.016758462 -0.0141861215
 endloop
endfacet
facet normal 0.14657371 -0.7854408 -0.60133094
 outer loop
  vertex 0.043715492 -0.18083206 -0.12486231
  vertex 0.021965442 -0.18348727 -0.1266957
  vertex 0.02196539 -0.17018516 -0.14407054
 endloop
endfacet
facet normal 0.14657298 -0.7854413 -0.6013304
 outer loop
  vertex 0.043715492 -0.18083206 -0.12486231
  vertex 0.02196539 -0.17018516 -0.14407054
  vertex 0.04371544 -0.16772243 -0.14198576
 endloop
endfacet
facet normal -0.90378296 -0.3398333 -0.2601724
 outer loop
  vertex -0.19760033 -0.08691696 -0.06001368
  vertex -0.20700179 -0.07056052 -0.04871958
  vertex -0.2070018 -0.06544541 -0.055400815
 endloop
endfacet
facet normal -0.903783 -0.33983347 -0.26017183
 outer loop
  vertex -0.19760033 -0.08691696 -0.06001368
  vertex -0.2070018 -0.06544541 -0.055400815
  vertex -0.19760036 -0.08061605 -0.06824376
 endloop
endfacet
facet normal 0.24272084 -0.77027255 -0.58971757
 outer loop
  vertex 0.06504453 -0.17643532 -0.121826425
  vertex 0.043715492 -0.18083206 -0.12486231
  vertex 0.04371544 -0.16772243 -0.14198576
 endloop
endfacet
facet normal 0.24272086 -0.7702725 -0.5897175
 outer loop
  vertex 0.06504453 -0.17643532 -0.121826425
  vertex 0.04371544 -0.16772243 -0.14198576
  vertex 0.065044485 -0.16364442 -0.13853356
 endloop
endfacet
facet normal -0.85744727 -0.40858015 -0.31280416
 outer loop
  vertex -0.18629588 -0.10243638 -0.0707298
  vertex -0.19760033 -0.08691696 -0.06001368
  vertex -0.19760036 -0.08061605 -0.06824376
 endloop
endfacet
facet normal -0.85744727 -0.40858012 -0.31280428
 outer loop
  vertex -0.18629588 -0.10243638 -0.0707298
  vertex -0.19760036 -0.08061605 -0.06824376
  vertex -0.18629591 -0.09501037 -0.08042946
 endloop
endfacet
facet normal 0.33654636 -0.74769914 -0.5724357
 outer loop
  vertex 0.08574713 -0.1703394 -0.117617264
  vertex 0.06504453 -0.17643532 -0.121826425
  vertex 0.065044485 -0.16364442 -0.13853356
 endloop
endfacet
facet normal 0.33654606 -0.74769944 -0.5724355
 outer loop
  vertex 0.08574713 -0.1703394 -0.117617264
  vertex 0.065044485 -0.16364442 -0.13853356
  vertex 0.085747086 -0.15799041 -0.1337472
 endloop
endfacet
facet normal -0.802853 -0.473376 -0.36241177
 outer loop
  vertex -0.1731973 -0.116969146 -0.08076472
  vertex -0.18629588 -0.10243638 -0.0707298
  vertex -0.18629591 -0.09501037 -0.08042946
 endloop
endfacet
facet normal -0.80285275 -0.47337583 -0.36241248
 outer loop
  vertex -0.1731973 -0.116969146 -0.08076472
  vertex -0.18629591 -0.09501037 -0.08042946
  vertex -0.17319733 -0.10848955 -0.09184053
 endloop
endfacet
facet normal 0.42715254 -0.71793354 -0.5496472
 outer loop
  vertex 0.105623946 -0.16260298 -0.11227531
  vertex 0.08574713 -0.1703394 -0.117617264
  vertex 0.085747086 -0.15799041 -0.1337472
 endloop
endfacet
facet normal 0.42715263 -0.71793354 -0.5496473
 outer loop
  vertex 0.105623946 -0.16260298 -0.11227531
  vertex 0.085747086 -0.15799041 -0.1337472
  vertex 0.1056239 -0.15081482 -0.1276727
 endloop
endfacet
facet normal -0.7405373 -0.5335922 -0.40851408
 outer loop
  vertex -0.15843071 -0.13037553 -0.09002184
  vertex -0.1731973 -0.116969146 -0.08076472
  vertex -0.17319733 -0.10848955 -0.09184053
 endloop
endfacet
facet normal -0.74053746 -0.53359234 -0.4085138
 outer loop
  vertex -0.15843071 -0.13037553 -0.09002184
  vertex -0.17319733 -0.10848955 -0.09184053
  vertex -0.15843076 -0.120924 -0.102367155
 endloop
endfacet
facet normal 0.51365846 -0.6812619 -0.5215719
 outer loop
  vertex 0.12448357 -0.15330075 -0.10585213
  vertex 0.105623946 -0.16260298 -0.11227531
  vertex 0.1056239 -0.15081482 -0.1276727
 endloop
endfacet
facet normal 0.5136588 -0.6812614 -0.5215722
 outer loop
  vertex 0.12448357 -0.15330075 -0.10585213
  vertex 0.1056239 -0.15081482 -0.1276727
  vertex 0.124483526 -0.14218694 -0.12036868
 endloop
endfacet
facet normal -0.6710998 -0.58865875 -0.45067278
 outer loop
  vertex -0.14213836 -0.14252624 -0.0984119
  vertex -0.15843071 -0.13037553 -0.09002184
  vertex -0.15843076 -0.120924 -0.102367155
 endloop
endfacet
facet normal -0.6711004 -0.588659 -0.45067155
 outer loop
  vertex -0.14213836 -0.14252624 -0.0984119
  vertex -0.15843076 -0.120924 -0.102367155
  vertex -0.1421384 -0.13219385 -0.11190782
 endloop
endfacet
facet normal 0.59525216 -0.63802266 -0.48846903
 outer loop
  vertex 0.14214435 -0.14252196 -0.09840947
  vertex 0.12448357 -0.15330075 -0.10585213
  vertex 0.124483526 -0.14218694 -0.12036868
 endloop
endfacet
facet normal 0.59525174 -0.63802326 -0.4884687
 outer loop
  vertex 0.14214435 -0.14252196 -0.09840947
  vertex 0.124483526 -0.14218694 -0.12036868
  vertex 0.14214431 -0.13218957 -0.11190538
 endloop
endfacet
facet normal -0.5952243 -0.6380413 -0.4884786
 outer loop
  vertex -0.12447715 -0.15330446 -0.105854265
  vertex -0.14213836 -0.14252624 -0.0984119
  vertex -0.1421384 -0.13219385 -0.11190782
 endloop
endfacet
facet normal -0.59522426 -0.63804126 -0.48847875
 outer loop
  vertex -0.12447715 -0.15330446 -0.105854265
  vertex -0.1421384 -0.13219385 -0.11190782
  vertex -0.12447719 -0.14219067 -0.12037083
 endloop
endfacet
facet normal 0.67112553 -0.5886388 -0.45066053
 outer loop
  vertex 0.1584362 -0.13037074 -0.090019144
  vertex 0.14214435 -0.14252196 -0.09840947
  vertex 0.14214431 -0.13218957 -0.11190538
 endloop
endfacet
facet normal 0.67112595 -0.588638 -0.450661
 outer loop
  vertex 0.1584362 -0.13037074 -0.090019144
  vertex 0.14214431 -0.13218957 -0.11190538
  vertex 0.15843615 -0.12091922 -0.10236446
 endloop
endfacet
facet normal -0.51363 -0.6812771 -0.5215801
 outer loop
  vertex -0.10561715 -0.16260618 -0.112277076
  vertex -0.12447715 -0.15330446 -0.105854265
  vertex -0.12447719 -0.14219067 -0.12037083
 endloop
endfacet
facet normal -0.51362926 -0.6812768 -0.52158105
 outer loop
  vertex -0.10561715 -0.16260618 -0.112277076
  vertex -0.12447719 -0.14219067 -0.12037083
  vertex -0.105617195 -0.15081802 -0.12767445
 endloop
endfacet
facet normal 0.74056035 -0.5335701 -0.40850145
 outer loop
  vertex 0.17320222 -0.116963916 -0.08076177
  vertex 0.1584362 -0.13037074 -0.090019144
  vertex 0.15843615 -0.12091922 -0.10236446
 endloop
endfacet
facet normal 0.7405601 -0.53357035 -0.4085013
 outer loop
  vertex 0.17320222 -0.116963916 -0.08076177
  vertex 0.15843615 -0.12091922 -0.10236446
  vertex 0.17320219 -0.10848432 -0.09183758
 endloop
endfacet
facet normal -0.42711875 -0.717947 -0.5496559
 outer loop
  vertex -0.085739985 -0.17034194 -0.11761868
  vertex -0.10561715 -0.16260618 -0.112277076
  vertex -0.105617195 -0.15081802 -0.12767445
 endloop
endfacet
facet normal -0.4271189 -0.7179471 -0.54965574
 outer loop
  vertex -0.085739985 -0.17034194 -0.11761868
  vertex -0.105617195 -0.15081802 -0.12767445
  vertex -0.08574003 -0.15799294 -0.1337486
 endloop
endfacet
facet normal 0.80287355 -0.47335142 -0.36239815
 outer loop
  vertex 0.18630019 -0.102430746 -0.070726626
  vertex 0.17320222 -0.116963916 -0.08076177
  vertex 0.17320219 -0.10848432 -0.09183758
 endloop
endfacet
facet normal 0.8028735 -0.47335166 -0.36239806
 outer loop
  vertex 0.18630019 -0.102430746 -0.070726626
  vertex 0.17320219 -0.10848432 -0.09183758
  vertex 0.18630016 -0.09500474 -0.08042628
 endloop
endfacet
facet normal -0.3365161 -0.7477085 -0.57244116
 outer loop
  vertex -0.0650371 -0.17643729 -0.12182751
  vertex -0.085739985 -0.17034194 -0.11761868
  vertex -0.08574003 -0.15799294 -0.1337486
 endloop
endfacet
facet normal -0.33651617 -0.7477085 -0.57244104
 outer loop
  vertex -0.0650371 -0.17643729 -0.12182751
  vertex -0.08574003 -0.15799294 -0.1337486
  vertex -0.065037146 -0.16364639 -0.13853465
 endloop
endfacet
facet normal -0.9891483 -0.1073414 -0.1003167
 outer loop
  vertex -0.21975276 -0.033365574 -0.028243177
  vertex -0.22297946 -0.016765209 -0.014189926
  vertex -0.22297946 -0.015293638 -0.015764544
 endloop
endfacet
facet normal -0.9891484 -0.10734348 -0.100313745
 outer loop
  vertex -0.21975276 -0.033365574 -0.028243177
  vertex -0.22297946 -0.015293638 -0.015764544
  vertex -0.21975277 -0.030436607 -0.03137725
 endloop
endfacet
facet normal 0.9414202 -0.24638519 -0.23026583
 outer loop
  vertex 0.21441194 -0.04963809 -0.042020753
  vertex 0.20700473 -0.06543915 -0.05539728
  vertex 0.2070047 -0.059693776 -0.06154497
 endloop
endfacet
facet normal 0.94142 -0.24638656 -0.23026504
 outer loop
  vertex 0.21441194 -0.04963809 -0.042020753
  vertex 0.2070047 -0.059693776 -0.06154497
  vertex 0.21441193 -0.045279935 -0.046684094
 endloop
endfacet
facet normal -0.048991717 -0.7297322 -0.6819756
 outer loop
  vertex 3.8289804e-06 -0.17100893 -0.14476785
  vertex -0.021957792 -0.17018582 -0.14407092
  vertex -0.021957882 -0.15524474 -0.16005827
 endloop
endfacet
facet normal -0.048991397 -0.729732 -0.68197584
 outer loop
  vertex 3.8289804e-06 -0.17100893 -0.14476785
  vertex -0.021957882 -0.15524474 -0.16005827
  vertex 3.7391335e-06 -0.15599556 -0.16083254
 endloop
endfacet
facet normal -0.9699581 -0.17773893 -0.16610244
 outer loop
  vertex -0.21440974 -0.049644563 -0.042024404
  vertex -0.21975276 -0.033365574 -0.028243177
  vertex -0.21975277 -0.030436607 -0.03137725
 endloop
endfacet
facet normal -0.9699581 -0.17773835 -0.1661035
 outer loop
  vertex -0.21440974 -0.049644563 -0.042024404
  vertex -0.21975277 -0.030436607 -0.03137725
  vertex -0.21440975 -0.04528641 -0.04668774
 endloop
endfacet
facet normal 0.9699661 -0.17771187 -0.16608481
 outer loop
  vertex 0.21975426 -0.033358928 -0.028239429
  vertex 0.21441194 -0.04963809 -0.042020753
  vertex 0.21441193 -0.045279935 -0.046684094
 endloop
endfacet
facet normal 0.9699662 -0.17771097 -0.16608547
 outer loop
  vertex 0.21975426 -0.033358928 -0.028239429
  vertex 0.21441193 -0.045279935 -0.046684094
  vertex 0.21975425 -0.030429961 -0.0313735
 endloop
endfacet
facet normal 0.04902558 -0.7297304 -0.681975
 outer loop
  vertex 0.02196539 -0.17018516 -0.14407054
  vertex 3.8289804e-06 -0.17100893 -0.14476785
  vertex 3.7391335e-06 -0.15599556 -0.16083254
 endloop
endfacet
facet normal 0.049025264 -0.7297307 -0.6819748
 outer loop
  vertex 0.02196539 -0.17018516 -0.14407054
  vertex 3.7391335e-06 -0.15599556 -0.16083254
  vertex 0.0219653 -0.15524408 -0.16005789
 endloop
endfacet
facet normal -0.94140875 -0.24641253 -0.2302835
 outer loop
  vertex -0.2070018 -0.06544541 -0.055400815
  vertex -0.21440974 -0.049644563 -0.042024404
  vertex -0.21440975 -0.04528641 -0.04668774
 endloop
endfacet
facet normal -0.9414088 -0.24641295 -0.23028265
 outer loop
  vertex -0.2070018 -0.06544541 -0.055400815
  vertex -0.21440975 -0.04528641 -0.04668774
  vertex -0.20700184 -0.059700035 -0.061548505
 endloop
endfacet
facet normal 0.9891535 -0.10731397 -0.10029565
 outer loop
  vertex 0.2229802 -0.016758462 -0.0141861215
  vertex 0.21975426 -0.033358928 -0.028239429
  vertex 0.21975425 -0.030429961 -0.0313735
 endloop
endfacet
facet normal 0.9891533 -0.10731675 -0.10029345
 outer loop
  vertex 0.2229802 -0.016758462 -0.0141861215
  vertex 0.21975425 -0.030429961 -0.0313735
  vertex 0.2229802 -0.015286895 -0.015760738
 endloop
endfacet
facet normal 0.14657271 -0.72271836 -0.6754219
 outer loop
  vertex 0.04371544 -0.16772243 -0.14198576
  vertex 0.02196539 -0.17018516 -0.14407054
  vertex 0.0219653 -0.15524408 -0.16005789
 endloop
endfacet
facet normal 0.1465732 -0.72271794 -0.67542213
 outer loop
  vertex 0.04371544 -0.16772243 -0.14198576
  vertex 0.0219653 -0.15524408 -0.16005789
  vertex 0.04371535 -0.15299754 -0.15774177
 endloop
endfacet
facet normal -0.90378326 -0.31269583 -0.29222804
 outer loop
  vertex -0.19760036 -0.08061605 -0.06824376
  vertex -0.2070018 -0.06544541 -0.055400815
  vertex -0.20700184 -0.059700035 -0.061548505
 endloop
endfacet
facet normal -0.9037834 -0.31269628 -0.29222685
 outer loop
  vertex -0.19760036 -0.08061605 -0.06824376
  vertex -0.20700184 -0.059700035 -0.061548505
  vertex -0.19760041 -0.0735388 -0.0758166
 endloop
endfacet
facet normal 0.24272054 -0.7087604 -0.66237867
 outer loop
  vertex 0.065044485 -0.16364442 -0.13853356
  vertex 0.04371544 -0.16772243 -0.14198576
  vertex 0.04371535 -0.15299754 -0.15774177
 endloop
endfacet
facet normal 0.24272044 -0.7087605 -0.66237855
 outer loop
  vertex 0.065044485 -0.16364442 -0.13853356
  vertex 0.04371535 -0.15299754 -0.15774177
  vertex 0.065044396 -0.14927751 -0.15390652
 endloop
endfacet
facet normal -0.8574473 -0.37595347 -0.3513445
 outer loop
  vertex -0.18629591 -0.09501037 -0.08042946
  vertex -0.19760036 -0.08061605 -0.06824376
  vertex -0.19760041 -0.0735388 -0.0758166
 endloop
endfacet
facet normal -0.85744727 -0.37595338 -0.35134476
 outer loop
  vertex -0.18629591 -0.09501037 -0.08042946
  vertex -0.19760041 -0.0735388 -0.0758166
  vertex -0.18629596 -0.08666939 -0.08935454
 endloop
endfacet
facet normal 0.3365457 -0.68798965 -0.6429675
 outer loop
  vertex 0.085747086 -0.15799041 -0.1337472
  vertex 0.065044485 -0.16364442 -0.13853356
  vertex 0.065044396 -0.14927751 -0.15390652
 endloop
endfacet
facet normal 0.33654544 -0.68798983 -0.6429674
 outer loop
  vertex 0.085747086 -0.15799041 -0.1337472
  vertex 0.065044396 -0.14927751 -0.15390652
  vertex 0.085746996 -0.14411987 -0.14858904
 endloop
endfacet
facet normal -0.802853 -0.4355749 -0.4070646
 outer loop
  vertex -0.17319733 -0.10848955 -0.09184053
  vertex -0.18629591 -0.09501037 -0.08042946
  vertex -0.18629596 -0.08666939 -0.08935454
 endloop
endfacet
facet normal -0.80285305 -0.43557498 -0.4070646
 outer loop
  vertex -0.17319733 -0.10848955 -0.09184053
  vertex -0.18629596 -0.08666939 -0.08935454
  vertex -0.17319739 -0.098965175 -0.102031864
 endloop
endfacet
facet normal 0.42715234 -0.66060084 -0.6173714
 outer loop
  vertex 0.1056239 -0.15081482 -0.1276727
  vertex 0.085747086 -0.15799041 -0.1337472
  vertex 0.085746996 -0.14411987 -0.14858904
 endloop
endfacet
facet normal 0.42715216 -0.6606011 -0.61737126
 outer loop
  vertex 0.1056239 -0.15081482 -0.1276727
  vertex 0.085746996 -0.14411987 -0.14858904
  vertex 0.10562382 -0.13757423 -0.14184049
 endloop
endfacet
facet normal -0.74053776 -0.49098256 -0.4588464
 outer loop
  vertex -0.15843076 -0.120924 -0.102367155
  vertex -0.17319733 -0.10848955 -0.09184053
  vertex -0.17319739 -0.098965175 -0.102031864
 endloop
endfacet
facet normal -0.7405376 -0.49098253 -0.45884666
 outer loop
  vertex -0.15843076 -0.120924 -0.102367155
  vertex -0.17319739 -0.098965175 -0.102031864
  vertex -0.15843081 -0.110307954 -0.113726616
 endloop
endfacet
facet normal 0.51365876 -0.6268575 -0.5858365
 outer loop
  vertex 0.124483526 -0.14218694 -0.12036868
  vertex 0.1056239 -0.15081482 -0.1276727
  vertex 0.10562382 -0.13757423 -0.14184049
 endloop
endfacet
facet normal 0.5136579 -0.62685853 -0.585836
 outer loop
  vertex 0.124483526 -0.14218694 -0.12036868
  vertex 0.10562382 -0.13757423 -0.14184049
  vertex 0.12448345 -0.12970379 -0.13372602
 endloop
endfacet
facet normal -0.67110056 -0.5416511 -0.50619966
 outer loop
  vertex -0.1421384 -0.13219385 -0.11190782
  vertex -0.15843076 -0.120924 -0.102367155
  vertex -0.15843081 -0.110307954 -0.113726616
 endloop
endfacet
facet normal -0.67110056 -0.5416511 -0.5061997
 outer loop
  vertex -0.1421384 -0.13219385 -0.11190782
  vertex -0.15843081 -0.110307954 -0.113726616
  vertex -0.14213848 -0.120588355 -0.124326
 endloop
endfacet
facet normal 0.59525144 -0.5870725 -0.54865426
 outer loop
  vertex 0.14214431 -0.13218957 -0.11190538
  vertex 0.124483526 -0.14218694 -0.12036868
  vertex 0.12448345 -0.12970379 -0.13372602
 endloop
endfacet
facet normal 0.595252 -0.58707166 -0.5486547
 outer loop
  vertex 0.14214431 -0.13218957 -0.11190538
  vertex 0.12448345 -0.12970379 -0.13372602
  vertex 0.14214423 -0.120584086 -0.12432357
 endloop
endfacet
facet normal -0.5952245 -0.5870898 -0.5486651
 outer loop
  vertex -0.12447719 -0.14219067 -0.12037083
  vertex -0.1421384 -0.13219385 -0.11190782
  vertex -0.14213848 -0.120588355 -0.124326
 endloop
endfacet
facet normal -0.5952242 -0.58708966 -0.54866546
 outer loop
  vertex -0.12447719 -0.14219067 -0.12037083
  vertex -0.14213848 -0.120588355 -0.124326
  vertex -0.12447727 -0.1297075 -0.13372813
 endloop
endfacet
facet normal 0.6711256 -0.54163086 -0.50618815
 outer loop
  vertex 0.15843615 -0.12091922 -0.10236446
  vertex 0.14214431 -0.13218957 -0.11190538
  vertex 0.14214423 -0.120584086 -0.12432357
 endloop
endfacet
facet normal 0.6711254 -0.5416311 -0.506188
 outer loop
  vertex 0.15843615 -0.12091922 -0.10236446
  vertex 0.14214423 -0.120584086 -0.12432357
  vertex 0.15843609 -0.11030317 -0.11372392
 endloop
endfacet
facet normal -0.5136294 -0.6268729 -0.5858457
 outer loop
  vertex -0.105617195 -0.15081802 -0.12767445
  vertex -0.12447719 -0.14219067 -0.12037083
  vertex -0.12447727 -0.1297075 -0.13372813
 endloop
endfacet
facet normal -0.5136298 -0.6268731 -0.5858452
 outer loop
  vertex -0.105617195 -0.15081802 -0.12767445
  vertex -0.12447727 -0.1297075 -0.13372813
  vertex -0.10561728 -0.13757741 -0.14184225
 endloop
endfacet
facet normal 0.74056 -0.49096066 -0.458834
 outer loop
  vertex 0.17320219 -0.10848432 -0.09183758
  vertex 0.15843615 -0.12091922 -0.10236446
  vertex 0.15843609 -0.11030317 -0.11372392
 endloop
endfacet
facet normal 0.7405602 -0.49096012 -0.45883417
 outer loop
  vertex 0.17320219 -0.10848432 -0.09183758
  vertex 0.15843609 -0.11030317 -0.11372392
  vertex 0.17320213 -0.098959945 -0.102028914
 endloop
endfacet
facet normal -0.42711934 -0.66061485 -0.61737925
 outer loop
  vertex -0.08574003 -0.15799294 -0.1337486
  vertex -0.105617195 -0.15081802 -0.12767445
  vertex -0.10561728 -0.13757741 -0.14184225
 endloop
endfacet
facet normal -0.42711967 -0.660615 -0.6173789
 outer loop
  vertex -0.08574003 -0.15799294 -0.1337486
  vertex -0.10561728 -0.13757741 -0.14184225
  vertex -0.08574012 -0.14412242 -0.14859045
 endloop
endfacet
facet normal 0.8028734 -0.4355502 -0.40705076
 outer loop
  vertex 0.18630016 -0.09500474 -0.08042628
  vertex 0.17320219 -0.10848432 -0.09183758
  vertex 0.17320213 -0.098959945 -0.102028914
 endloop
endfacet
facet normal 0.8028731 -0.4355512 -0.4070505
 outer loop
  vertex 0.18630016 -0.09500474 -0.08042628
  vertex 0.17320213 -0.098959945 -0.102028914
  vertex 0.18630011 -0.08666376 -0.08935136
 endloop
endfacet
facet normal -0.33651635 -0.68799984 -0.642972
 outer loop
  vertex -0.065037146 -0.16364639 -0.13853465
  vertex -0.08574003 -0.15799294 -0.1337486
  vertex -0.08574012 -0.14412242 -0.14859045
 endloop
endfacet
facet normal -0.33651558 -0.6879994 -0.6429728
 outer loop
  vertex -0.065037146 -0.16364639 -0.13853465
  vertex -0.08574012 -0.14412242 -0.14859045
  vertex -0.065037236 -0.14927948 -0.15390761
 endloop
endfacet
facet normal 0.85746455 -0.37592807 -0.35132968
 outer loop
  vertex 0.19760396 -0.080610104 -0.06824041
  vertex 0.18630016 -0.09500474 -0.08042628
  vertex 0.18630011 -0.08666376 -0.08935136
 endloop
endfacet
facet normal 0.8574649 -0.37592697 -0.35133022
 outer loop
  vertex 0.19760396 -0.080610104 -0.06824041
  vertex 0.18630011 -0.08666376 -0.08935136
  vertex 0.19760391 -0.07353285 -0.075813256
 endloop
endfacet
facet normal -0.2426884 -0.7087678 -0.6623825
 outer loop
  vertex -0.04370795 -0.16772375 -0.1419865
  vertex -0.065037146 -0.16364639 -0.13853465
  vertex -0.065037236 -0.14927948 -0.15390761
 endloop
endfacet
facet normal -0.24268825 -0.7087677 -0.6623826
 outer loop
  vertex -0.04370795 -0.16772375 -0.1419865
  vertex -0.065037236 -0.14927948 -0.15390761
  vertex -0.043708038 -0.15299885 -0.15774252
 endloop
endfacet
facet normal 0.90379786 -0.31266853 -0.29221186
 outer loop
  vertex 0.20700473 -0.06543915 -0.05539728
  vertex 0.19760396 -0.080610104 -0.06824041
  vertex 0.19760391 -0.07353285 -0.075813256
 endloop
endfacet
facet normal 0.90379786 -0.31266895 -0.29221165
 outer loop
  vertex 0.20700473 -0.06543915 -0.05539728
  vertex 0.19760391 -0.07353285 -0.075813256
  vertex 0.2070047 -0.059693776 -0.06154497
 endloop
endfacet
facet normal -0.14653985 -0.7227224 -0.6754247
 outer loop
  vertex -0.021957792 -0.17018582 -0.14407092
  vertex -0.04370795 -0.16772375 -0.1419865
  vertex -0.043708038 -0.15299885 -0.15774252
 endloop
endfacet
facet normal -0.14654033 -0.7227227 -0.6754243
 outer loop
  vertex -0.021957792 -0.17018582 -0.14407092
  vertex -0.043708038 -0.15299885 -0.15774252
  vertex -0.021957882 -0.15524474 -0.16005827
 endloop
endfacet
facet normal -0.94140893 -0.22265701 -0.25332388
 outer loop
  vertex -0.20700184 -0.059700035 -0.061548505
  vertex -0.21440975 -0.04528641 -0.04668774
  vertex -0.2144098 -0.04049215 -0.05090145
 endloop
endfacet
facet normal -0.9414088 -0.22265628 -0.2533251
 outer loop
  vertex -0.20700184 -0.059700035 -0.061548505
  vertex -0.2144098 -0.04049215 -0.05090145
  vertex -0.20700188 -0.053379763 -0.067103446
 endloop
endfacet
facet normal 0.9891533 -0.096964456 -0.11033424
 outer loop
  vertex 0.2229802 -0.015286895 -0.015760738
  vertex 0.21975425 -0.030429961 -0.0313735
  vertex 0.21975422 -0.027207904 -0.034205392
 endloop
endfacet
facet normal 0.98915327 -0.09696455 -0.11033418
 outer loop
  vertex 0.2229802 -0.015286895 -0.015760738
  vertex 0.21975422 -0.027207904 -0.034205392
  vertex 0.22298019 -0.013668074 -0.017183533
 endloop
endfacet
facet normal 0.14657284 -0.653035 -0.74300855
 outer loop
  vertex 0.04371535 -0.15299754 -0.15774177
  vertex 0.0219653 -0.15524408 -0.16005789
  vertex 0.021965174 -0.13880792 -0.17450376
 endloop
endfacet
facet normal 0.14657259 -0.6530352 -0.74300843
 outer loop
  vertex 0.04371535 -0.15299754 -0.15774177
  vertex 0.021965174 -0.13880792 -0.17450376
  vertex 0.043715227 -0.13679919 -0.17197864
 endloop
endfacet
facet normal -0.9037836 -0.28254768 -0.32146838
 outer loop
  vertex -0.19760041 -0.0735388 -0.0758166
  vertex -0.20700184 -0.059700035 -0.061548505
  vertex -0.20700188 -0.053379763 -0.067103446
 endloop
endfacet
facet normal -0.90378356 -0.28254768 -0.32146847
 outer loop
  vertex -0.19760041 -0.0735388 -0.0758166
  vertex -0.20700188 -0.053379763 -0.067103446
  vertex -0.19760047 -0.065753356 -0.08265928
 endloop
endfacet
facet normal 0.24271987 -0.64042336 -0.72865975
 outer loop
  vertex 0.065044396 -0.14927751 -0.15390652
  vertex 0.04371535 -0.15299754 -0.15774177
  vertex 0.043715227 -0.13679919 -0.17197864
 endloop
endfacet
facet normal 0.24271955 -0.64042366 -0.7286596
 outer loop
  vertex 0.065044396 -0.14927751 -0.15390652
  vertex 0.043715227 -0.13679919 -0.17197864
  vertex 0.06504428 -0.13347298 -0.16779727
 endloop
endfacet
facet normal -0.8574475 -0.33970568 -0.38650194
 outer loop
  vertex -0.18629596 -0.08666939 -0.08935454
  vertex -0.19760041 -0.0735388 -0.0758166
  vertex -0.19760047 -0.065753356 -0.08265928
 endloop
endfacet
facet normal -0.8574478 -0.3397061 -0.38650113
 outer loop
  vertex -0.18629596 -0.08666939 -0.08935454
  vertex -0.19760047 -0.065753356 -0.08265928
  vertex -0.18629603 -0.077493764 -0.097419076
 endloop
endfacet
facet normal 0.33654502 -0.6216553 -0.70730627
 outer loop
  vertex 0.085746996 -0.14411987 -0.14858904
  vertex 0.065044396 -0.14927751 -0.15390652
  vertex 0.06504428 -0.13347298 -0.16779727
 endloop
endfacet
facet normal 0.33654588 -0.6216544 -0.7073066
 outer loop
  vertex 0.085746996 -0.14411987 -0.14858904
  vertex 0.06504428 -0.13347298 -0.16779727
  vertex 0.085746884 -0.12886134 -0.16199988
 endloop
endfacet
facet normal -0.80285335 -0.39357904 -0.44779688
 outer loop
  vertex -0.17319739 -0.098965175 -0.102031864
  vertex -0.18629596 -0.08666939 -0.08935454
  vertex -0.18629603 -0.077493764 -0.097419076
 endloop
endfacet
facet normal -0.8028534 -0.39357907 -0.44779685
 outer loop
  vertex -0.17319739 -0.098965175 -0.102031864
  vertex -0.18629603 -0.077493764 -0.097419076
  vertex -0.17319748 -0.08848772 -0.11124058
 endloop
endfacet
facet normal 0.42715174 -0.5969063 -0.6791497
 outer loop
  vertex 0.10562382 -0.13757423 -0.14184049
  vertex 0.085746996 -0.14411987 -0.14858904
  vertex 0.085746884 -0.12886134 -0.16199988
 endloop
endfacet
facet normal 0.42715138 -0.5969067 -0.67914945
 outer loop
  vertex 0.10562382 -0.13757423 -0.14184049
  vertex 0.085746884 -0.12886134 -0.16199988
  vertex 0.105623715 -0.12300867 -0.15464227
 endloop
endfacet
facet normal -0.740538 -0.44364434 -0.50476056
 outer loop
  vertex -0.15843081 -0.110307954 -0.113726616
  vertex -0.17319739 -0.098965175 -0.102031864
  vertex -0.17319748 -0.08848772 -0.11124058
 endloop
endfacet
facet normal -0.74053776 -0.44364414 -0.504761
 outer loop
  vertex -0.15843081 -0.110307954 -0.113726616
  vertex -0.17319748 -0.08848772 -0.11124058
  vertex -0.1584309 -0.09862959 -0.12399083
 endloop
endfacet
facet normal 0.5136576 -0.56641674 -0.64445937
 outer loop
  vertex 0.12448345 -0.12970379 -0.13372602
  vertex 0.10562382 -0.13757423 -0.14184049
  vertex 0.105623715 -0.12300867 -0.15464227
 endloop
endfacet
facet normal 0.5136576 -0.5664166 -0.6444595
 outer loop
  vertex 0.12448345 -0.12970379 -0.13372602
  vertex 0.105623715 -0.12300867 -0.15464227
  vertex 0.12448335 -0.11597148 -0.14579545
 endloop
endfacet
facet normal -0.67110085 -0.4894272 -0.55685246
 outer loop
  vertex -0.14213848 -0.120588355 -0.124326
  vertex -0.15843081 -0.110307954 -0.113726616
  vertex -0.1584309 -0.09862959 -0.12399083
 endloop
endfacet
facet normal -0.6711005 -0.4894269 -0.55685306
 outer loop
  vertex -0.14213848 -0.120588355 -0.124326
  vertex -0.1584309 -0.09862959 -0.12399083
  vertex -0.14213857 -0.107821554 -0.13554683
 endloop
endfacet
facet normal 0.59525156 -0.53046644 -0.6035569
 outer loop
  vertex 0.14214423 -0.120584086 -0.12432357
  vertex 0.12448345 -0.12970379 -0.13372602
  vertex 0.12448335 -0.11597148 -0.14579545
 endloop
endfacet
facet normal 0.59525126 -0.530467 -0.6035567
 outer loop
  vertex 0.14214423 -0.120584086 -0.12432357
  vertex 0.12448335 -0.11597148 -0.14579545
  vertex 0.14214414 -0.107817285 -0.13554442
 endloop
endfacet
facet normal -0.59522456 -0.5304843 -0.6035678
 outer loop
  vertex -0.12447727 -0.1297075 -0.13372813
  vertex -0.14213848 -0.120588355 -0.124326
  vertex -0.14213857 -0.107821554 -0.13554683
 endloop
endfacet
facet normal -0.59522504 -0.5304847 -0.60356694
 outer loop
  vertex -0.12447727 -0.1297075 -0.13372813
  vertex -0.14213857 -0.107821554 -0.13554683
  vertex -0.12447737 -0.1159752 -0.14579757
 endloop
endfacet
facet normal 0.671125 -0.4894074 -0.5568408
 outer loop
  vertex 0.15843609 -0.11030317 -0.11372392
  vertex 0.14214423 -0.120584086 -0.12432357
  vertex 0.14214414 -0.107817285 -0.13554442
 endloop
endfacet
facet normal 0.67112535 -0.48940682 -0.55684096
 outer loop
  vertex 0.15843609 -0.11030317 -0.11372392
  vertex 0.14214414 -0.107817285 -0.13554442
  vertex 0.158436 -0.0986248 -0.12398813
 endloop
endfacet
facet normal -0.5136301 -0.5664321 -0.64446783
 outer loop
  vertex -0.10561728 -0.13757741 -0.14184225
  vertex -0.12447727 -0.1297075 -0.13372813
  vertex -0.12447737 -0.1159752 -0.14579757
 endloop
endfacet
facet normal -0.5136296 -0.5664319 -0.64446837
 outer loop
  vertex -0.10561728 -0.13757741 -0.14184225
  vertex -0.12447737 -0.1159752 -0.14579757
  vertex -0.10561738 -0.12301187 -0.15464401
 endloop
endfacet
facet normal 0.7405599 -0.44362167 -0.50474834
 outer loop
  vertex 0.17320213 -0.098959945 -0.102028914
  vertex 0.15843609 -0.11030317 -0.11372392
  vertex 0.158436 -0.0986248 -0.12398813
 endloop
endfacet
facet normal 0.7405601 -0.44362113 -0.50474846
 outer loop
  vertex 0.17320213 -0.098959945 -0.102028914
  vertex 0.158436 -0.0986248 -0.12398813
  vertex 0.17320204 -0.08848249 -0.11123763
 endloop
endfacet
facet normal -0.42712015 -0.59691983 -0.6791576
 outer loop
  vertex -0.08574012 -0.14412242 -0.14859045
  vertex -0.10561728 -0.13757741 -0.14184225
  vertex -0.10561738 -0.12301187 -0.15464401
 endloop
endfacet
facet normal -0.42711964 -0.5969195 -0.6791582
 outer loop
  vertex -0.08574012 -0.14412242 -0.14859045
  vertex -0.10561738 -0.12301187 -0.15464401
  vertex -0.08574023 -0.12886389 -0.16200127
 endloop
endfacet
facet normal 0.8028728 -0.39355403 -0.447784
 outer loop
  vertex 0.18630011 -0.08666376 -0.08935136
  vertex 0.17320213 -0.098959945 -0.102028914
  vertex 0.17320204 -0.08848249 -0.11123763
 endloop
endfacet
facet normal 0.8028726 -0.39355454 -0.44778386
 outer loop
  vertex 0.18630011 -0.08666376 -0.08935136
  vertex 0.17320204 -0.08848249 -0.11123763
  vertex 0.18630004 -0.07748813 -0.0974159
 endloop
endfacet
facet normal -0.33651605 -0.62166387 -0.7073125
 outer loop
  vertex -0.065037236 -0.14927948 -0.15390761
  vertex -0.08574012 -0.14412242 -0.14859045
  vertex -0.08574023 -0.12886389 -0.16200127
 endloop
endfacet
facet normal -0.3365174 -0.6216647 -0.7073112
 outer loop
  vertex -0.065037236 -0.14927948 -0.15390761
  vertex -0.08574023 -0.12886389 -0.16200127
  vertex -0.065037355 -0.13347495 -0.16779836
 endloop
endfacet
facet normal 0.85746455 -0.33967972 -0.38648695
 outer loop
  vertex 0.19760391 -0.07353285 -0.075813256
  vertex 0.18630011 -0.08666376 -0.08935136
  vertex 0.18630004 -0.07748813 -0.0974159
 endloop
endfacet
facet normal 0.8574645 -0.33968002 -0.38648683
 outer loop
  vertex 0.19760391 -0.07353285 -0.075813256
  vertex 0.18630004 -0.07748813 -0.0974159
  vertex 0.19760385 -0.0657474 -0.08265595
 endloop
endfacet
facet normal -0.24268873 -0.6404308 -0.72866356
 outer loop
  vertex -0.043708038 -0.15299885 -0.15774252
  vertex -0.065037236 -0.14927948 -0.15390761
  vertex -0.065037355 -0.13347495 -0.16779836
 endloop
endfacet
facet normal -0.24268843 -0.64043057 -0.7286638
 outer loop
  vertex -0.043708038 -0.15299885 -0.15774252
  vertex -0.065037355 -0.13347495 -0.16779836
  vertex -0.04370816 -0.1368005 -0.17197938
 endloop
endfacet
facet normal 0.90379757 -0.2825207 -0.3214529
 outer loop
  vertex 0.2070047 -0.059693776 -0.06154497
  vertex 0.19760391 -0.07353285 -0.075813256
  vertex 0.19760385 -0.0657474 -0.08265595
 endloop
endfacet
facet normal 0.9037975 -0.2825214 -0.32145262
 outer loop
  vertex 0.2070047 -0.059693776 -0.06154497
  vertex 0.19760385 -0.0657474 -0.08265595
  vertex 0.20700465 -0.05337351 -0.067099914
 endloop
endfacet
facet normal -0.14654094 -0.6530396 -0.7430109
 outer loop
  vertex -0.021957882 -0.15524474 -0.16005827
  vertex -0.043708038 -0.15299885 -0.15774252
  vertex -0.04370816 -0.1368005 -0.17197938
 endloop
endfacet
facet normal -0.14654072 -0.65303946 -0.743011
 outer loop
  vertex -0.021957882 -0.15524474 -0.16005827
  vertex -0.04370816 -0.1368005 -0.17197938
  vertex -0.021958008 -0.13880858 -0.17450415
 endloop
endfacet
facet normal -0.98914844 -0.096996345 -0.11034959
 outer loop
  vertex -0.21975277 -0.030436607 -0.03137725
  vertex -0.22297946 -0.015293638 -0.015764544
  vertex -0.22297947 -0.013674817 -0.01718734
 endloop
endfacet
facet normal -0.98914844 -0.09699629 -0.11034961
 outer loop
  vertex -0.21975277 -0.030436607 -0.03137725
  vertex -0.22297947 -0.013674817 -0.01718734
  vertex -0.2197528 -0.027214551 -0.03420914
 endloop
endfacet
facet normal 0.94141984 -0.2226285 -0.2533084
 outer loop
  vertex 0.21441193 -0.045279935 -0.046684094
  vertex 0.2070047 -0.059693776 -0.06154497
  vertex 0.20700465 -0.05337351 -0.067099914
 endloop
endfacet
facet normal 0.94142 -0.22262657 -0.25330922
 outer loop
  vertex 0.21441193 -0.045279935 -0.046684094
  vertex 0.20700465 -0.05337351 -0.067099914
  vertex 0.21441188 -0.040485676 -0.050897803
 endloop
endfacet
facet normal -0.048991863 -0.659373 -0.75021803
 outer loop
  vertex 3.7391335e-06 -0.15599556 -0.16083254
  vertex -0.021957882 -0.15524474 -0.16005827
  vertex -0.021958008 -0.13880858 -0.17450415
 endloop
endfacet
facet normal -0.0489925 -0.65937346 -0.7502176
 outer loop
  vertex 3.7391335e-06 -0.15599556 -0.16083254
  vertex -0.021958008 -0.13880858 -0.17450415
  vertex 3.6133702e-06 -0.13947988 -0.17534833
 endloop
endfacet
facet normal -0.9699582 -0.16060461 -0.18272175
 outer loop
  vertex -0.21440975 -0.04528641 -0.04668774
  vertex -0.21975277 -0.030436607 -0.03137725
  vertex -0.2197528 -0.027214551 -0.03420914
 endloop
endfacet
facet normal -0.96995825 -0.16060455 -0.18272178
 outer loop
  vertex -0.21440975 -0.04528641 -0.04668774
  vertex -0.2197528 -0.027214551 -0.03420914
  vertex -0.2144098 -0.04049215 -0.05090145
 endloop
endfacet
facet normal 0.9699661 -0.16057363 -0.18270716
 outer loop
  vertex 0.21975425 -0.030429961 -0.0313735
  vertex 0.21441193 -0.045279935 -0.046684094
  vertex 0.21441188 -0.040485676 -0.050897803
 endloop
endfacet
facet normal 0.9699661 -0.16057369 -0.18270709
 outer loop
  vertex 0.21975425 -0.030429961 -0.0313735
  vertex 0.21441188 -0.040485676 -0.050897803
  vertex 0.21975422 -0.027207904 -0.034205392
 endloop
endfacet
facet normal 0.049024828 -0.659372 -0.7502168
 outer loop
  vertex 0.0219653 -0.15524408 -0.16005789
  vertex 3.7391335e-06 -0.15599556 -0.16083254
  vertex 3.6133702e-06 -0.13947988 -0.17534833
 endloop
endfacet
facet normal 0.049025476 -0.6593715 -0.75021714
 outer loop
  vertex 0.0219653 -0.15524408 -0.16005789
  vertex 3.6133702e-06 -0.13947988 -0.17534833
  vertex 0.021965174 -0.13880792 -0.17450376
 endloop
endfacet
facet normal -0.85744804 -0.30018687 -0.41793618
 outer loop
  vertex -0.18629603 -0.077493764 -0.097419076
  vertex -0.19760047 -0.065753356 -0.08265928
  vertex -0.19760054 -0.057334702 -0.08870591
 endloop
endfacet
facet normal -0.8574481 -0.3001871 -0.41793582
 outer loop
  vertex -0.18629603 -0.077493764 -0.097419076
  vertex -0.19760054 -0.057334702 -0.08870591
  vertex -0.18629612 -0.067571856 -0.104545414
 endloop
endfacet
facet normal 0.33654517 -0.5493324 -0.76483417
 outer loop
  vertex 0.085746884 -0.12886134 -0.16199988
  vertex 0.06504428 -0.13347298 -0.16779727
  vertex 0.06504412 -0.116383 -0.180072
 endloop
endfacet
facet normal 0.33654484 -0.54933274 -0.76483405
 outer loop
  vertex 0.085746884 -0.12886134 -0.16199988
  vertex 0.06504412 -0.116383 -0.180072
  vertex 0.085746735 -0.1123618 -0.17385054
 endloop
endfacet
facet normal -0.8028538 -0.34779254 -0.48421693
 outer loop
  vertex -0.17319748 -0.08848772 -0.11124058
  vertex -0.18629603 -0.077493764 -0.097419076
  vertex -0.18629612 -0.067571856 -0.104545414
 endloop
endfacet
facet normal -0.8028536 -0.34779218 -0.4842176
 outer loop
  vertex -0.17319748 -0.08848772 -0.11124058
  vertex -0.18629612 -0.067571856 -0.104545414
  vertex -0.17319757 -0.07715813 -0.11937798
 endloop
endfacet
facet normal 0.42715088 -0.5274636 -0.73438704
 outer loop
  vertex 0.105623715 -0.12300867 -0.15464227
  vertex 0.085746884 -0.12886134 -0.16199988
  vertex 0.085746735 -0.1123618 -0.17385054
 endloop
endfacet
facet normal 0.42715088 -0.5274636 -0.73438704
 outer loop
  vertex 0.105623715 -0.12300867 -0.15464227
  vertex 0.085746735 -0.1123618 -0.17385054
  vertex 0.10562357 -0.107258484 -0.16595471
 endloop
endfacet
facet normal -0.7405382 -0.39203304 -0.54581434
 outer loop
  vertex -0.1584309 -0.09862959 -0.12399083
  vertex -0.17319748 -0.08848772 -0.11124058
  vertex -0.17319757 -0.07715813 -0.11937798
 endloop
endfacet
facet normal -0.74053884 -0.3920337 -0.5458131
 outer loop
  vertex -0.1584309 -0.09862959 -0.12399083
  vertex -0.17319757 -0.07715813 -0.11937798
  vertex -0.15843102 -0.08600139 -0.13306095
 endloop
endfacet
facet normal 0.5136573 -0.50052047 -0.6968755
 outer loop
  vertex 0.12448335 -0.11597148 -0.14579545
  vertex 0.105623715 -0.12300867 -0.15464227
  vertex 0.10562357 -0.107258484 -0.16595471
 endloop
endfacet
facet normal 0.5136576 -0.50051993 -0.69687563
 outer loop
  vertex 0.12448335 -0.11597148 -0.14579545
  vertex 0.10562357 -0.107258484 -0.16595471
  vertex 0.12448321 -0.10112229 -0.15646075
 endloop
endfacet
facet normal -0.671101 -0.43249097 -0.60214204
 outer loop
  vertex -0.14213857 -0.107821554 -0.13554683
  vertex -0.1584309 -0.09862959 -0.12399083
  vertex -0.15843102 -0.08600139 -0.13306095
 endloop
endfacet
facet normal -0.67110056 -0.43249044 -0.602143
 outer loop
  vertex -0.14213857 -0.107821554 -0.13554683
  vertex -0.15843102 -0.08600139 -0.13306095
  vertex -0.14213869 -0.09401639 -0.14546229
 endloop
endfacet
facet normal 0.59525067 -0.46875226 -0.65264684
 outer loop
  vertex 0.14214414 -0.107817285 -0.13554442
  vertex 0.12448335 -0.11597148 -0.14579545
  vertex 0.12448321 -0.10112229 -0.15646075
 endloop
endfacet
facet normal 0.5952506 -0.46875256 -0.65264684
 outer loop
  vertex 0.14214414 -0.107817285 -0.13554442
  vertex 0.12448321 -0.10112229 -0.15646075
  vertex 0.14214402 -0.09401211 -0.14545986
 endloop
endfacet
facet normal -0.59522563 -0.4687707 -0.6526565
 outer loop
  vertex -0.12447737 -0.1159752 -0.14579757
  vertex -0.14213857 -0.107821554 -0.13554683
  vertex -0.14213869 -0.09401639 -0.14546229
 endloop
endfacet
facet normal -0.59522533 -0.46877047 -0.6526569
 outer loop
  vertex -0.12447737 -0.1159752 -0.14579757
  vertex -0.14213869 -0.09401639 -0.14546229
  vertex -0.124477506 -0.101126015 -0.15646286
 endloop
endfacet
facet normal 0.67112476 -0.4324694 -0.60213107
 outer loop
  vertex 0.158436 -0.0986248 -0.12398813
  vertex 0.14214414 -0.107817285 -0.13554442
  vertex 0.14214402 -0.09401211 -0.14545986
 endloop
endfacet
facet normal 0.67112464 -0.4324696 -0.602131
 outer loop
  vertex 0.158436 -0.0986248 -0.12398813
  vertex 0.14214402 -0.09401211 -0.14545986
  vertex 0.15843588 -0.085996605 -0.13305824
 endloop
endfacet
facet normal -0.5136301 -0.5005358 -0.6968846
 outer loop
  vertex -0.10561738 -0.12301187 -0.15464401
  vertex -0.12447737 -0.1159752 -0.14579757
  vertex -0.124477506 -0.101126015 -0.15646286
 endloop
endfacet
facet normal -0.5136304 -0.5005361 -0.6968841
 outer loop
  vertex -0.10561738 -0.12301187 -0.15464401
  vertex -0.124477506 -0.101126015 -0.15646286
  vertex -0.10561752 -0.10726167 -0.16595647
 endloop
endfacet
facet normal 0.7405597 -0.39201063 -0.5458013
 outer loop
  vertex 0.17320204 -0.08848249 -0.11123763
  vertex 0.158436 -0.0986248 -0.12398813
  vertex 0.15843588 -0.085996605 -0.13305824
 endloop
endfacet
facet normal 0.74055916 -0.39201185 -0.54580104
 outer loop
  vertex 0.17320204 -0.08848249 -0.11123763
  vertex 0.15843588 -0.085996605 -0.13305824
  vertex 0.17320195 -0.0771529 -0.11937503
 endloop
endfacet
facet normal -0.4271203 -0.5274772 -0.734395
 outer loop
  vertex -0.08574023 -0.12886389 -0.16200127
  vertex -0.10561738 -0.12301187 -0.15464401
  vertex -0.10561752 -0.10726167 -0.16595647
 endloop
endfacet
facet normal -0.42712098 -0.5274776 -0.7343943
 outer loop
  vertex -0.08574023 -0.12886389 -0.16200127
  vertex -0.10561752 -0.10726167 -0.16595647
  vertex -0.08574038 -0.11236437 -0.17385194
 endloop
endfacet
facet normal 0.8028723 -0.34776908 -0.4842032
 outer loop
  vertex 0.18630004 -0.07748813 -0.0974159
  vertex 0.17320204 -0.08848249 -0.11123763
  vertex 0.17320195 -0.0771529 -0.11937503
 endloop
endfacet
facet normal 0.80287266 -0.3477683 -0.4842033
 outer loop
  vertex 0.18630004 -0.07748813 -0.0974159
  vertex 0.17320195 -0.0771529 -0.11937503
  vertex 0.18629995 -0.06756622 -0.10454224
 endloop
endfacet
facet normal -0.33651796 -0.54934317 -0.76483834
 outer loop
  vertex -0.065037355 -0.13347495 -0.16779836
  vertex -0.08574023 -0.12886389 -0.16200127
  vertex -0.08574038 -0.11236437 -0.17385194
 endloop
endfacet
facet normal -0.3365175 -0.5493428 -0.7648389
 outer loop
  vertex -0.065037355 -0.13347495 -0.16779836
  vertex -0.08574038 -0.11236437 -0.17385194
  vertex -0.06503751 -0.116384976 -0.1800731
 endloop
endfacet
facet normal 0.85746413 -0.3001614 -0.41792148
 outer loop
  vertex 0.19760385 -0.0657474 -0.08265595
  vertex 0.18630004 -0.07748813 -0.0974159
  vertex 0.18629995 -0.06756622 -0.10454224
 endloop
endfacet
facet normal 0.85746425 -0.30016088 -0.4179216
 outer loop
  vertex 0.19760385 -0.0657474 -0.08265595
  vertex 0.18629995 -0.06756622 -0.10454224
  vertex 0.19760378 -0.05732875 -0.088702574
 endloop
endfacet
facet normal -0.2426891 -0.5659255 -0.7879279
 outer loop
  vertex -0.04370816 -0.1368005 -0.17197938
  vertex -0.065037355 -0.13347495 -0.16779836
  vertex -0.06503751 -0.116384976 -0.1800731
 endloop
endfacet
facet normal -0.24268842 -0.565925 -0.7879285
 outer loop
  vertex -0.04370816 -0.1368005 -0.17197938
  vertex -0.06503751 -0.116384976 -0.1800731
  vertex -0.043708317 -0.1192847 -0.18455996
 endloop
endfacet
facet normal 0.9037972 -0.24965154 -0.34759852
 outer loop
  vertex 0.20700465 -0.05337351 -0.067099914
  vertex 0.19760385 -0.0657474 -0.08265595
  vertex 0.19760378 -0.05732875 -0.088702574
 endloop
endfacet
facet normal 0.9037974 -0.24965057 -0.34759876
 outer loop
  vertex 0.20700465 -0.05337351 -0.067099914
  vertex 0.19760378 -0.05732875 -0.088702574
  vertex 0.20700458 -0.046539187 -0.07200862
 endloop
endfacet
facet normal -0.14654142 -0.57706684 -0.80344224
 outer loop
  vertex -0.021958008 -0.13880858 -0.17450415
  vertex -0.04370816 -0.1368005 -0.17197938
  vertex -0.043708317 -0.1192847 -0.18455996
 endloop
endfacet
facet normal -0.14654212 -0.5770674 -0.80344176
 outer loop
  vertex -0.021958008 -0.13880858 -0.17450415
  vertex -0.043708317 -0.1192847 -0.18455996
  vertex -0.021958167 -0.12103563 -0.18726943
 endloop
endfacet
facet normal -0.9891486 -0.0857127 -0.11932502
 outer loop
  vertex -0.2197528 -0.027214551 -0.03420914
  vertex -0.22297947 -0.013674817 -0.01718734
  vertex -0.22297949 -0.011924332 -0.018444613
 endloop
endfacet
facet normal -0.9891485 -0.08571276 -0.11932493
 outer loop
  vertex -0.2197528 -0.027214551 -0.03420914
  vertex -0.22297949 -0.011924332 -0.018444613
  vertex -0.21975283 -0.02373044 -0.036711577
 endloop
endfacet
facet normal 0.94141984 -0.1967252 -0.2739121
 outer loop
  vertex 0.21441188 -0.040485676 -0.050897803
  vertex 0.20700465 -0.05337351 -0.067099914
  vertex 0.20700458 -0.046539187 -0.07200862
 endloop
endfacet
facet normal 0.9414196 -0.19672689 -0.27391163
 outer loop
  vertex 0.21441188 -0.040485676 -0.050897803
  vertex 0.20700458 -0.046539187 -0.07200862
  vertex 0.21441184 -0.03530149 -0.054621305
 endloop
endfacet
facet normal -0.048993178 -0.58266395 -0.8112351
 outer loop
  vertex 3.6133702e-06 -0.13947988 -0.17534833
  vertex -0.021958008 -0.13880858 -0.17450415
  vertex -0.021958167 -0.12103563 -0.18726943
 endloop
endfacet
facet normal -0.048992798 -0.5826637 -0.8112353
 outer loop
  vertex 3.6133702e-06 -0.13947988 -0.17534833
  vertex -0.021958167 -0.12103563 -0.18726943
  vertex 3.4529012e-06 -0.121620916 -0.18817538
 endloop
endfacet
facet normal -0.96995836 -0.14192104 -0.19758327
 outer loop
  vertex -0.2144098 -0.04049215 -0.05090145
  vertex -0.2197528 -0.027214551 -0.03420914
  vertex -0.21975283 -0.02373044 -0.036711577
 endloop
endfacet
facet normal -0.9699584 -0.141921 -0.19758342
 outer loop
  vertex -0.2144098 -0.04049215 -0.05090145
  vertex -0.21975283 -0.02373044 -0.036711577
  vertex -0.21440984 -0.035307966 -0.05462495
 endloop
endfacet
facet normal 0.96996593 -0.14189251 -0.19756678
 outer loop
  vertex 0.21975422 -0.027207904 -0.034205392
  vertex 0.21441188 -0.040485676 -0.050897803
  vertex 0.21441184 -0.03530149 -0.054621305
 endloop
endfacet
facet normal 0.9699659 -0.14189246 -0.19756678
 outer loop
  vertex 0.21975422 -0.027207904 -0.034205392
  vertex 0.21441184 -0.03530149 -0.054621305
  vertex 0.21975419 -0.02372379 -0.03670783
 endloop
endfacet
facet normal 0.049024943 -0.58266217 -0.8112345
 outer loop
  vertex 0.021965174 -0.13880792 -0.17450376
  vertex 3.6133702e-06 -0.13947988 -0.17534833
  vertex 3.4529012e-06 -0.121620916 -0.18817538
 endloop
endfacet
facet normal 0.04902496 -0.58266217 -0.8112345
 outer loop
  vertex 0.021965174 -0.13880792 -0.17450376
  vertex 3.4529012e-06 -0.121620916 -0.18817538
  vertex 0.021965016 -0.12103496 -0.18726905
 endloop
endfacet
facet normal -0.94140905 -0.19675477 -0.27392814
 outer loop
  vertex -0.20700188 -0.053379763 -0.067103446
  vertex -0.2144098 -0.04049215 -0.05090145
  vertex -0.21440984 -0.035307966 -0.05462495
 endloop
endfacet
facet normal -0.94140923 -0.19675606 -0.2739265
 outer loop
  vertex -0.20700188 -0.053379763 -0.067103446
  vertex -0.21440984 -0.035307966 -0.05462495
  vertex -0.20700195 -0.046545442 -0.07201215
 endloop
endfacet
facet normal 0.98915327 -0.08568335 -0.11930765
 outer loop
  vertex 0.22298019 -0.013668074 -0.017183533
  vertex 0.21975422 -0.027207904 -0.034205392
  vertex 0.21975419 -0.02372379 -0.03670783
 endloop
endfacet
facet normal 0.9891532 -0.08568331 -0.119307615
 outer loop
  vertex 0.22298019 -0.013668074 -0.017183533
  vertex 0.21975419 -0.02372379 -0.03670783
  vertex 0.22298017 -0.011917587 -0.018440805
 endloop
endfacet
facet normal 0.14657201 -0.5770627 -0.8034397
 outer loop
  vertex 0.043715227 -0.13679919 -0.17197864
  vertex 0.021965174 -0.13880792 -0.17450376
  vertex 0.021965016 -0.12103496 -0.18726905
 endloop
endfacet
facet normal 0.14657272 -0.57706213 -0.80344
 outer loop
  vertex 0.043715227 -0.13679919 -0.17197864
  vertex 0.021965016 -0.12103496 -0.18726905
  vertex 0.04371507 -0.11928337 -0.18455921
 endloop
endfacet
facet normal -0.9037839 -0.24968015 -0.34761253
 outer loop
  vertex -0.19760047 -0.065753356 -0.08265928
  vertex -0.20700188 -0.053379763 -0.067103446
  vertex -0.20700195 -0.046545442 -0.07201215
 endloop
endfacet
facet normal -0.90378356 -0.24967909 -0.34761414
 outer loop
  vertex -0.19760047 -0.065753356 -0.08265928
  vertex -0.20700195 -0.046545442 -0.07201215
  vertex -0.19760054 -0.057334702 -0.08870591
 endloop
endfacet
facet normal 0.24271888 -0.56591743 -0.7879245
 outer loop
  vertex 0.06504428 -0.13347298 -0.16779727
  vertex 0.043715227 -0.13679919 -0.17197864
  vertex 0.04371507 -0.11928337 -0.18455921
 endloop
endfacet
facet normal 0.24271865 -0.5659176 -0.7879244
 outer loop
  vertex 0.06504428 -0.13347298 -0.16779727
  vertex 0.04371507 -0.11928337 -0.18455921
  vertex 0.06504412 -0.116383 -0.180072
 endloop
endfacet
facet normal -0.74053943 -0.33664727 -0.58160985
 outer loop
  vertex -0.15843102 -0.08600139 -0.13306095
  vertex -0.17319757 -0.07715813 -0.11937798
  vertex -0.1731977 -0.06508546 -0.1263657
 endloop
endfacet
facet normal -0.74053866 -0.33664632 -0.5816113
 outer loop
  vertex -0.15843102 -0.08600139 -0.13306095
  vertex -0.1731977 -0.06508546 -0.1263657
  vertex -0.15843116 -0.07254497 -0.14084958
 endloop
endfacet
facet normal 0.5136571 -0.42980427 -0.74257976
 outer loop
  vertex 0.12448321 -0.10112229 -0.15646075
  vertex 0.10562357 -0.107258484 -0.16595471
  vertex 0.1056234 -0.090475306 -0.17566891
 endloop
endfacet
facet normal 0.5136564 -0.42980522 -0.7425797
 outer loop
  vertex 0.12448321 -0.10112229 -0.15646075
  vertex 0.1056234 -0.090475306 -0.17566891
  vertex 0.12448306 -0.08529924 -0.16561924
 endloop
endfacet
facet normal -0.671101 -0.3713873 -0.6416346
 outer loop
  vertex -0.14213869 -0.09401639 -0.14546229
  vertex -0.15843102 -0.08600139 -0.13306095
  vertex -0.15843116 -0.07254497 -0.14084958
 endloop
endfacet
facet normal -0.6711014 -0.37138784 -0.64163387
 outer loop
  vertex -0.14213869 -0.09401639 -0.14546229
  vertex -0.15843116 -0.07254497 -0.14084958
  vertex -0.14213884 -0.07930582 -0.15397684
 endloop
endfacet
facet normal 0.5952499 -0.40252548 -0.6954501
 outer loop
  vertex 0.14214402 -0.09401211 -0.14545986
  vertex 0.12448321 -0.10112229 -0.15646075
  vertex 0.12448306 -0.08529924 -0.16561924
 endloop
endfacet
facet normal 0.59525007 -0.40252507 -0.6954502
 outer loop
  vertex 0.14214402 -0.09401211 -0.14545986
  vertex 0.12448306 -0.08529924 -0.16561924
  vertex 0.14214388 -0.07930155 -0.15397443
 endloop
endfacet
facet normal -0.59522593 -0.40254238 -0.69546086
 outer loop
  vertex -0.124477506 -0.101126015 -0.15646286
  vertex -0.14213869 -0.09401639 -0.14546229
  vertex -0.14213884 -0.07930582 -0.15397684
 endloop
endfacet
facet normal -0.5952262 -0.4025428 -0.6954603
 outer loop
  vertex -0.124477506 -0.101126015 -0.15646286
  vertex -0.14213884 -0.07930582 -0.15397684
  vertex -0.12447766 -0.08530295 -0.16562136
 endloop
endfacet
facet normal 0.671124 -0.37136805 -0.64162177
 outer loop
  vertex 0.15843588 -0.085996605 -0.13305824
  vertex 0.14214402 -0.09401211 -0.14545986
  vertex 0.14214388 -0.07930155 -0.15397443
 endloop
endfacet
facet normal 0.6711247 -0.37136653 -0.64162177
 outer loop
  vertex 0.15843588 -0.085996605 -0.13305824
  vertex 0.14214388 -0.07930155 -0.15397443
  vertex 0.15843575 -0.07254019 -0.14084686
 endloop
endfacet
facet normal -0.513631 -0.42982015 -0.74258864
 outer loop
  vertex -0.10561752 -0.10726167 -0.16595647
  vertex -0.124477506 -0.101126015 -0.15646286
  vertex -0.12447766 -0.08530295 -0.16562136
 endloop
endfacet
facet normal -0.5136307 -0.42981985 -0.74258906
 outer loop
  vertex -0.10561752 -0.10726167 -0.16595647
  vertex -0.12447766 -0.08530295 -0.16562136
  vertex -0.105617695 -0.09047851 -0.17567065
 endloop
endfacet
facet normal 0.7405587 -0.33662418 -0.5815986
 outer loop
  vertex 0.17320195 -0.0771529 -0.11937503
  vertex 0.15843588 -0.085996605 -0.13305824
  vertex 0.15843575 -0.07254019 -0.14084686
 endloop
endfacet
facet normal 0.7405587 -0.33662435 -0.5815986
 outer loop
  vertex 0.17320195 -0.0771529 -0.11937503
  vertex 0.15843575 -0.07254019 -0.14084686
  vertex 0.17320181 -0.06508023 -0.12636276
 endloop
endfacet
facet normal -0.42712182 -0.45295408 -0.7825596
 outer loop
  vertex -0.08574038 -0.11236437 -0.17385194
  vertex -0.10561752 -0.10726167 -0.16595647
  vertex -0.105617695 -0.09047851 -0.17567065
 endloop
endfacet
facet normal -0.42712167 -0.452954 -0.7825597
 outer loop
  vertex -0.08574038 -0.11236437 -0.17385194
  vertex -0.105617695 -0.09047851 -0.17567065
  vertex -0.08574056 -0.094782725 -0.18402828
 endloop
endfacet
facet normal 0.8028722 -0.29863197 -0.5159605
 outer loop
  vertex 0.18629995 -0.06756622 -0.10454224
  vertex 0.17320195 -0.0771529 -0.11937503
  vertex 0.17320181 -0.06508023 -0.12636276
 endloop
endfacet
facet normal 0.80287164 -0.29863352 -0.5159604
 outer loop
  vertex 0.18629995 -0.06756622 -0.10454224
  vertex 0.17320181 -0.06508023 -0.12636276
  vertex 0.18629985 -0.056993593 -0.11066175
 endloop
endfacet
facet normal -0.3365182 -0.47173005 -0.8150007
 outer loop
  vertex -0.06503751 -0.116384976 -0.1800731
  vertex -0.08574038 -0.11236437 -0.17385194
  vertex -0.08574056 -0.094782725 -0.18402828
 endloop
endfacet
facet normal -0.33651793 -0.4717299 -0.815001
 outer loop
  vertex -0.06503751 -0.116384976 -0.1800731
  vertex -0.08574056 -0.094782725 -0.18402828
  vertex -0.0650377 -0.09817417 -0.1906136
 endloop
endfacet
facet normal 0.8574639 -0.25775215 -0.4453309
 outer loop
  vertex 0.19760378 -0.05732875 -0.088702574
  vertex 0.18629995 -0.06756622 -0.10454224
  vertex 0.18629985 -0.056993593 -0.11066175
 endloop
endfacet
facet normal 0.85746396 -0.2577519 -0.44533092
 outer loop
  vertex 0.19760378 -0.05732875 -0.088702574
  vertex 0.18629985 -0.056993593 -0.11066175
  vertex 0.19760369 -0.048357956 -0.09389493
 endloop
endfacet
facet normal -0.2426891 -0.48596948 -0.83960444
 outer loop
  vertex -0.043708317 -0.1192847 -0.18455996
  vertex -0.06503751 -0.116384976 -0.1800731
  vertex -0.0650377 -0.09817417 -0.1906136
 endloop
endfacet
facet normal -0.24269013 -0.48597032 -0.83960366
 outer loop
  vertex -0.043708317 -0.1192847 -0.18455996
  vertex -0.0650377 -0.09817417 -0.1906136
  vertex -0.043708507 -0.10062011 -0.19536313
 endloop
endfacet
facet normal 0.90379703 -0.21437836 -0.3703955
 outer loop
  vertex 0.20700458 -0.046539187 -0.07200862
  vertex 0.19760378 -0.05732875 -0.088702574
  vertex 0.19760369 -0.048357956 -0.09389493
 endloop
endfacet
facet normal 0.90379727 -0.21437712 -0.3703957
 outer loop
  vertex 0.20700458 -0.046539187 -0.07200862
  vertex 0.19760369 -0.048357956 -0.09389493
  vertex 0.2070045 -0.039256625 -0.07622379
 endloop
endfacet
facet normal -0.146543 -0.49553788 -0.85613513
 outer loop
  vertex -0.021958167 -0.12103563 -0.18726943
  vertex -0.043708317 -0.1192847 -0.18455996
  vertex -0.043708507 -0.10062011 -0.19536313
 endloop
endfacet
facet normal -0.14654228 -0.4955373 -0.85613555
 outer loop
  vertex -0.021958167 -0.12103563 -0.18726943
  vertex -0.043708507 -0.10062011 -0.19536313
  vertex -0.02195836 -0.10209701 -0.1982312
 endloop
endfacet
facet normal -0.9891487 -0.07360941 -0.12714748
 outer loop
  vertex -0.21975283 -0.02373044 -0.036711577
  vertex -0.22297949 -0.011924332 -0.018444613
  vertex -0.22297952 -0.010059042 -0.019524252
 endloop
endfacet
facet normal -0.98914856 -0.073604144 -0.12715162
 outer loop
  vertex -0.21975283 -0.02373044 -0.036711577
  vertex -0.22297952 -0.010059042 -0.019524252
  vertex -0.21975286 -0.020017821 -0.038860466
 endloop
endfacet
facet normal 0.94141936 -0.16892987 -0.29187706
 outer loop
  vertex 0.21441184 -0.03530149 -0.054621305
  vertex 0.20700458 -0.046539187 -0.07200862
  vertex 0.2070045 -0.039256625 -0.07622379
 endloop
endfacet
facet normal 0.94141936 -0.16892993 -0.29187712
 outer loop
  vertex 0.21441184 -0.03530149 -0.054621305
  vertex 0.2070045 -0.039256625 -0.07622379
  vertex 0.21441178 -0.029777301 -0.057818737
 endloop
endfacet
facet normal -0.048993677 -0.50034297 -0.86444
 outer loop
  vertex 3.4529012e-06 -0.121620916 -0.18817538
  vertex -0.021958167 -0.12103563 -0.18726943
  vertex -0.02195836 -0.10209701 -0.1982312
 endloop
endfacet
facet normal -0.04899288 -0.5003423 -0.86444044
 outer loop
  vertex 3.4529012e-06 -0.121620916 -0.18817538
  vertex -0.02195836 -0.10209701 -0.1982312
  vertex 3.259272e-06 -0.102590665 -0.19919017
 endloop
endfacet
facet normal -0.96995854 -0.12187088 -0.2105419
 outer loop
  vertex -0.21440984 -0.035307966 -0.05462495
  vertex -0.21975283 -0.02373044 -0.036711577
  vertex -0.21975286 -0.020017821 -0.038860466
 endloop
endfacet
facet normal -0.96995866 -0.12187256 -0.21054035
 outer loop
  vertex -0.21440984 -0.035307966 -0.05462495
  vertex -0.21975286 -0.020017821 -0.038860466
  vertex -0.2144099 -0.029783778 -0.057822384
 endloop
endfacet
facet normal 0.96996576 -0.12184267 -0.21052517
 outer loop
  vertex 0.21975419 -0.02372379 -0.03670783
  vertex 0.21441184 -0.03530149 -0.054621305
  vertex 0.21441178 -0.029777301 -0.057818737
 endloop
endfacet
facet normal 0.9699656 -0.12184512 -0.21052445
 outer loop
  vertex 0.21975419 -0.02372379 -0.03670783
  vertex 0.21441178 -0.029777301 -0.057818737
  vertex 0.21975416 -0.02001117 -0.03885672
 endloop
endfacet
facet normal 0.049024254 -0.50034076 -0.86443955
 outer loop
  vertex 0.021965016 -0.12103496 -0.18726905
  vertex 3.4529012e-06 -0.121620916 -0.18817538
  vertex 3.259272e-06 -0.102590665 -0.19919017
 endloop
endfacet
facet normal 0.04902346 -0.5003415 -0.8644392
 outer loop
  vertex 0.021965016 -0.12103496 -0.18726905
  vertex 3.259272e-06 -0.102590665 -0.19919017
  vertex 0.021964822 -0.10209634 -0.19823082
 endloop
endfacet
facet normal -0.9414096 -0.16895908 -0.29189196
 outer loop
  vertex -0.20700195 -0.046545442 -0.07201215
  vertex -0.21440984 -0.035307966 -0.05462495
  vertex -0.2144099 -0.029783778 -0.057822384
 endloop
endfacet
facet normal -0.9414094 -0.16895851 -0.29189256
 outer loop
  vertex -0.20700195 -0.046545442 -0.07201215
  vertex -0.2144099 -0.029783778 -0.057822384
  vertex -0.20700203 -0.039262883 -0.07622733
 endloop
endfacet
facet normal 0.9891531 -0.07357697 -0.12713213
 outer loop
  vertex 0.22298017 -0.011917587 -0.018440805
  vertex 0.21975419 -0.02372379 -0.03670783
  vertex 0.21975416 -0.02001117 -0.03885672
 endloop
endfacet
facet normal 0.98915327 -0.07357034 -0.12713476
 outer loop
  vertex 0.22298017 -0.011917587 -0.018440805
  vertex 0.21975416 -0.02001117 -0.03885672
  vertex 0.22298014 -0.010052297 -0.019520445
 endloop
endfacet
facet normal 0.14657198 -0.49553284 -0.8561331
 outer loop
  vertex 0.04371507 -0.11928337 -0.18455921
  vertex 0.021965016 -0.12103496 -0.18726905
  vertex 0.021964822 -0.10209634 -0.19823082
 endloop
endfacet
facet normal 0.14657126 -0.49553356 -0.8561328
 outer loop
  vertex 0.04371507 -0.11928337 -0.18455921
  vertex 0.021964822 -0.10209634 -0.19823082
  vertex 0.04371488 -0.10061879 -0.19536239
 endloop
endfacet
facet normal -0.9037839 -0.21440546 -0.37041184
 outer loop
  vertex -0.19760054 -0.057334702 -0.08870591
  vertex -0.20700195 -0.046545442 -0.07201215
  vertex -0.20700203 -0.039262883 -0.07622733
 endloop
endfacet
facet normal -0.9037839 -0.2144056 -0.37041166
 outer loop
  vertex -0.19760054 -0.057334702 -0.08870591
  vertex -0.20700203 -0.039262883 -0.07622733
  vertex -0.19760063 -0.048363917 -0.09389826
 endloop
endfacet
facet normal 0.24271776 -0.48596317 -0.83959985
 outer loop
  vertex 0.06504412 -0.116383 -0.180072
  vertex 0.04371507 -0.11928337 -0.18455921
  vertex 0.04371488 -0.10061879 -0.19536239
 endloop
endfacet
facet normal 0.24271825 -0.48596263 -0.83959997
 outer loop
  vertex 0.06504412 -0.116383 -0.180072
  vertex 0.04371488 -0.10061879 -0.19536239
  vertex 0.06504393 -0.098172195 -0.19061251
 endloop
endfacet
facet normal -0.8574485 -0.2577774 -0.44534567
 outer loop
  vertex -0.18629612 -0.067571856 -0.104545414
  vertex -0.19760054 -0.057334702 -0.08870591
  vertex -0.19760063 -0.048363917 -0.09389826
 endloop
endfacet
facet normal -0.85744864 -0.25777757 -0.44534558
 outer loop
  vertex -0.18629612 -0.067571856 -0.104545414
  vertex -0.19760063 -0.048363917 -0.09389826
  vertex -0.18629622 -0.056999225 -0.11066493
 endloop
endfacet
facet normal 0.33654407 -0.47172052 -0.81499565
 outer loop
  vertex 0.085746735 -0.1123618 -0.17385054
  vertex 0.06504412 -0.116383 -0.180072
  vertex 0.06504393 -0.098172195 -0.19061251
 endloop
endfacet
facet normal 0.33654404 -0.47172058 -0.8149955
 outer loop
  vertex 0.085746735 -0.1123618 -0.17385054
  vertex 0.06504393 -0.098172195 -0.19061251
  vertex 0.08574656 -0.09478015 -0.1840269
 endloop
endfacet
facet normal -0.8028541 -0.29865724 -0.515974
 outer loop
  vertex -0.17319757 -0.07715813 -0.11937798
  vertex -0.18629612 -0.067571856 -0.104545414
  vertex -0.18629622 -0.056999225 -0.11066493
 endloop
endfacet
facet normal -0.8028541 -0.2986574 -0.5159737
 outer loop
  vertex -0.17319757 -0.07715813 -0.11937798
  vertex -0.18629622 -0.056999225 -0.11066493
  vertex -0.1731977 -0.06508546 -0.1263657
 endloop
endfacet
facet normal 0.42715022 -0.45294094 -0.7825517
 outer loop
  vertex 0.10562357 -0.107258484 -0.16595471
  vertex 0.085746735 -0.1123618 -0.17385054
  vertex 0.08574656 -0.09478015 -0.1840269
 endloop
endfacet
facet normal 0.4271501 -0.45294112 -0.7825517
 outer loop
  vertex 0.10562357 -0.107258484 -0.16595471
  vertex 0.08574656 -0.09478015 -0.1840269
  vertex 0.1056234 -0.090475306 -0.17566891
 endloop
endfacet
facet normal -0.5952271 -0.33243796 -0.7315666
 outer loop
  vertex -0.12447766 -0.08530295 -0.16562136
  vertex -0.14213884 -0.07930582 -0.15397684
  vertex -0.14213902 -0.06383151 -0.16100852
 endloop
endfacet
facet normal -0.5952272 -0.33243802 -0.7315665
 outer loop
  vertex -0.12447766 -0.08530295 -0.16562136
  vertex -0.14213902 -0.06383151 -0.16100852
  vertex -0.12447785 -0.0686584 -0.17318481
 endloop
endfacet
facet normal 0.67112386 -0.3066879 -0.6749336
 outer loop
  vertex 0.15843575 -0.07254019 -0.14084686
  vertex 0.14214388 -0.07930155 -0.15397443
  vertex 0.1421437 -0.06382723 -0.1610061
 endloop
endfacet
facet normal 0.6711235 -0.30668867 -0.6749336
 outer loop
  vertex 0.15843575 -0.07254019 -0.14084686
  vertex 0.1421437 -0.06382723 -0.1610061
  vertex 0.1584356 -0.05838514 -0.14727904
 endloop
endfacet
facet normal -0.51363134 -0.35496476 -0.781142
 outer loop
  vertex -0.105617695 -0.09047851 -0.17567065
  vertex -0.12447766 -0.08530295 -0.16562136
  vertex -0.12447785 -0.0686584 -0.17318481
 endloop
endfacet
facet normal -0.5136314 -0.35496485 -0.78114194
 outer loop
  vertex -0.105617695 -0.09047851 -0.17567065
  vertex -0.12447785 -0.0686584 -0.17318481
  vertex -0.105617896 -0.07282399 -0.18369305
 endloop
endfacet
facet normal 0.740558 -0.2779966 -0.6117938
 outer loop
  vertex 0.17320181 -0.06508023 -0.12636276
  vertex 0.15843575 -0.07254019 -0.14084686
  vertex 0.1584356 -0.05838514 -0.14727904
 endloop
endfacet
facet normal 0.7405578 -0.27799717 -0.6117939
 outer loop
  vertex 0.17320181 -0.06508023 -0.12636276
  vertex 0.1584356 -0.05838514 -0.14727904
  vertex 0.17320168 -0.0523808 -0.1321335
 endloop
endfacet
facet normal -0.42712262 -0.37406987 -0.82318765
 outer loop
  vertex -0.08574056 -0.094782725 -0.18402828
  vertex -0.105617695 -0.09047851 -0.17567065
  vertex -0.105617896 -0.07282399 -0.18369305
 endloop
endfacet
facet normal -0.42712197 -0.37406924 -0.82318836
 outer loop
  vertex -0.08574056 -0.094782725 -0.18402828
  vertex -0.105617896 -0.07282399 -0.18369305
  vertex -0.08574077 -0.07628828 -0.19243233
 endloop
endfacet
facet normal 0.80287117 -0.24662149 -0.54274833
 outer loop
  vertex 0.18629985 -0.056993593 -0.11066175
  vertex 0.17320181 -0.06508023 -0.12636276
  vertex 0.17320168 -0.0523808 -0.1321335
 endloop
endfacet
facet normal 0.8028712 -0.24662124 -0.5427483
 outer loop
  vertex 0.18629985 -0.056993593 -0.11066175
  vertex 0.17320168 -0.0523808 -0.1321335
  vertex 0.18629973 -0.045872044 -0.11571549
 endloop
endfacet
facet normal -0.33651873 -0.38957497 -0.85731345
 outer loop
  vertex -0.0650377 -0.09817417 -0.1906136
  vertex -0.08574056 -0.094782725 -0.18402828
  vertex -0.08574077 -0.07628828 -0.19243233
 endloop
endfacet
facet normal -0.33651924 -0.38957542 -0.8573131
 outer loop
  vertex -0.0650377 -0.09817417 -0.1906136
  vertex -0.08574077 -0.07628828 -0.19243233
  vertex -0.06503791 -0.07901791 -0.1993184
 endloop
endfacet
facet normal 0.85746336 -0.21285978 -0.46845198
 outer loop
  vertex 0.19760369 -0.048357956 -0.09389493
  vertex 0.18629985 -0.056993593 -0.11066175
  vertex 0.18629973 -0.045872044 -0.11571549
 endloop
endfacet
facet normal 0.85746336 -0.21285982 -0.46845195
 outer loop
  vertex 0.19760369 -0.048357956 -0.09389493
  vertex 0.18629973 -0.045872044 -0.11571549
  vertex 0.19760358 -0.038921427 -0.09818298
 endloop
endfacet
facet normal -0.24269105 -0.40133482 -0.88319385
 outer loop
  vertex -0.043708507 -0.10062011 -0.19536313
  vertex -0.0650377 -0.09817417 -0.1906136
  vertex -0.06503791 -0.07901791 -0.1993184
 endloop
endfacet
facet normal -0.242691 -0.4013348 -0.8831939
 outer loop
  vertex -0.043708507 -0.10062011 -0.19536313
  vertex -0.06503791 -0.07901791 -0.1993184
  vertex -0.04370873 -0.08098652 -0.20428483
 endloop
endfacet
facet normal 0.90379685 -0.17703986 -0.3896256
 outer loop
  vertex 0.2070045 -0.039256625 -0.07622379
  vertex 0.19760369 -0.048357956 -0.09389493
  vertex 0.19760358 -0.038921427 -0.09818298
 endloop
endfacet
facet normal 0.9037967 -0.17704068 -0.3896256
 outer loop
  vertex 0.2070045 -0.039256625 -0.07622379
  vertex 0.19760358 -0.038921427 -0.09818298
  vertex 0.20700443 -0.031595983 -0.07970486
 endloop
endfacet
facet normal -0.1465433 -0.4092358 -0.90058374
 outer loop
  vertex -0.02195836 -0.10209701 -0.1982312
  vertex -0.043708507 -0.10062011 -0.19536313
  vertex -0.04370873 -0.08098652 -0.20428483
 endloop
endfacet
facet normal -0.14654309 -0.40923563 -0.9005839
 outer loop
  vertex -0.02195836 -0.10209701 -0.1982312
  vertex -0.04370873 -0.08098652 -0.20428483
  vertex -0.021958584 -0.082175165 -0.20728388
 endloop
endfacet
facet normal -0.9891487 -0.060786232 -0.13375331
 outer loop
  vertex -0.21975286 -0.020017821 -0.038860466
  vertex -0.22297952 -0.010059042 -0.019524252
  vertex -0.22297953 -0.008096909 -0.020415863
 endloop
endfacet
facet normal -0.9891488 -0.06078931 -0.13375135
 outer loop
  vertex -0.21975286 -0.020017821 -0.038860466
  vertex -0.22297953 -0.008096909 -0.020415863
  vertex -0.21975291 -0.016112452 -0.040635105
 endloop
endfacet
facet normal 0.94141906 -0.13950826 -0.30703026
 outer loop
  vertex 0.21441178 -0.029777301 -0.057818737
  vertex 0.2070045 -0.039256625 -0.07622379
  vertex 0.20700443 -0.031595983 -0.07970486
 endloop
endfacet
facet normal 0.9414191 -0.13950782 -0.3070303
 outer loop
  vertex 0.21441178 -0.029777301 -0.057818737
  vertex 0.20700443 -0.031595983 -0.07970486
  vertex 0.21441172 -0.023966305 -0.06045931
 endloop
endfacet
facet normal -0.048993856 -0.4132041 -0.9093195
 outer loop
  vertex 3.259272e-06 -0.102590665 -0.19919017
  vertex -0.02195836 -0.10209701 -0.1982312
  vertex -0.021958584 -0.082175165 -0.20728388
 endloop
endfacet
facet normal -0.048994116 -0.41320434 -0.9093194
 outer loop
  vertex 3.259272e-06 -0.102590665 -0.19919017
  vertex -0.021958584 -0.082175165 -0.20728388
  vertex 3.0343474e-06 -0.08257242 -0.20828666
 endloop
endfacet
facet normal -0.96995896 -0.10064968 -0.22147085
 outer loop
  vertex -0.2144099 -0.029783778 -0.057822384
  vertex -0.21975286 -0.020017821 -0.038860466
  vertex -0.21975291 -0.016112452 -0.040635105
 endloop
endfacet
facet normal -0.96995884 -0.10064873 -0.2214716
 outer loop
  vertex -0.2144099 -0.029783778 -0.057822384
  vertex -0.21975291 -0.016112452 -0.040635105
  vertex -0.21440996 -0.023972783 -0.060462955
 endloop
endfacet
facet normal 0.96996546 -0.100621454 -0.22145538
 outer loop
  vertex 0.21975416 -0.02001117 -0.03885672
  vertex 0.21441178 -0.029777301 -0.057818737
  vertex 0.21441172 -0.023966305 -0.06045931
 endloop
endfacet
facet normal 0.96996546 -0.10062041 -0.22145556
 outer loop
  vertex 0.21975416 -0.02001117 -0.03885672
  vertex 0.21441172 -0.023966305 -0.06045931
  vertex 0.21975411 -0.016105806 -0.040631354
 endloop
endfacet
facet normal 0.049022567 -0.41320285 -0.90931857
 outer loop
  vertex 0.021964822 -0.10209634 -0.19823082
  vertex 3.259272e-06 -0.102590665 -0.19919017
  vertex 3.0343474e-06 -0.08257242 -0.20828666
 endloop
endfacet
facet normal 0.04902283 -0.41320258 -0.9093186
 outer loop
  vertex 0.021964822 -0.10209634 -0.19823082
  vertex 3.0343474e-06 -0.08257242 -0.20828666
  vertex 0.021964598 -0.082174495 -0.2072835
 endloop
endfacet
facet normal -0.94140977 -0.13953468 -0.30704686
 outer loop
  vertex -0.20700203 -0.039262883 -0.07622733
  vertex -0.2144099 -0.029783778 -0.057822384
  vertex -0.21440996 -0.023972783 -0.060462955
 endloop
endfacet
facet normal -0.9414097 -0.1395343 -0.30704725
 outer loop
  vertex -0.20700203 -0.039262883 -0.07622733
  vertex -0.21440996 -0.023972783 -0.060462955
  vertex -0.2070021 -0.03160224 -0.0797084
 endloop
endfacet
facet normal 0.9891531 -0.060758416 -0.13373335
 outer loop
  vertex 0.22298014 -0.010052297 -0.019520445
  vertex 0.21975416 -0.02001117 -0.03885672
  vertex 0.21975411 -0.016105806 -0.040631354
 endloop
endfacet
facet normal 0.98915297 -0.060761772 -0.13373232
 outer loop
  vertex 0.22298014 -0.010052297 -0.019520445
  vertex 0.21975411 -0.016105806 -0.040631354
  vertex 0.22298013 -0.008090166 -0.020412056
 endloop
endfacet
facet normal 0.14657043 -0.40923125 -0.9005815
 outer loop
  vertex 0.04371488 -0.10061879 -0.19536239
  vertex 0.021964822 -0.10209634 -0.19823082
  vertex 0.021964598 -0.082174495 -0.2072835
 endloop
endfacet
facet normal 0.14657024 -0.4092314 -0.90058136
 outer loop
  vertex 0.04371488 -0.10061879 -0.19536239
  vertex 0.021964598 -0.082174495 -0.2072835
  vertex 0.043714657 -0.080985196 -0.20428409
 endloop
endfacet
facet normal -0.90378433 -0.17706612 -0.38964278
 outer loop
  vertex -0.19760063 -0.048363917 -0.09389826
  vertex -0.20700203 -0.039262883 -0.07622733
  vertex -0.2070021 -0.03160224 -0.0797084
 endloop
endfacet
facet normal -0.9037846 -0.17706704 -0.3896418
 outer loop
  vertex -0.19760063 -0.048363917 -0.09389826
  vertex -0.2070021 -0.03160224 -0.0797084
  vertex -0.19760074 -0.03892738 -0.098186314
 endloop
endfacet
facet normal 0.24271731 -0.4013275 -0.88319
 outer loop
  vertex 0.06504393 -0.098172195 -0.19061251
  vertex 0.04371488 -0.10061879 -0.19536239
  vertex 0.043714657 -0.080985196 -0.20428409
 endloop
endfacet
facet normal 0.2427172 -0.4013276 -0.8831899
 outer loop
  vertex 0.06504393 -0.098172195 -0.19061251
  vertex 0.043714657 -0.080985196 -0.20428409
  vertex 0.06504372 -0.07901593 -0.1993173
 endloop
endfacet
facet normal -0.85744905 -0.21288532 -0.4684666
 outer loop
  vertex -0.18629622 -0.056999225 -0.11066493
  vertex -0.19760063 -0.048363917 -0.09389826
  vertex -0.19760074 -0.03892738 -0.098186314
 endloop
endfacet
facet normal -0.85744894 -0.212885 -0.468467
 outer loop
  vertex -0.18629622 -0.056999225 -0.11066493
  vertex -0.19760074 -0.03892738 -0.098186314
  vertex -0.18629634 -0.045877676 -0.11571866
 endloop
endfacet
facet normal 0.33654314 -0.3895656 -0.8573082
 outer loop
  vertex 0.08574656 -0.09478015 -0.1840269
  vertex 0.06504393 -0.098172195 -0.19061251
  vertex 0.06504372 -0.07901593 -0.1993173
 endloop
endfacet
facet normal 0.33654302 -0.38956568 -0.8573082
 outer loop
  vertex 0.08574656 -0.09478015 -0.1840269
  vertex 0.06504372 -0.07901593 -0.1993173
  vertex 0.08574635 -0.076285705 -0.19243096
 endloop
endfacet
facet normal -0.80285484 -0.2466447 -0.5427619
 outer loop
  vertex -0.1731977 -0.06508546 -0.1263657
  vertex -0.18629622 -0.056999225 -0.11066493
  vertex -0.18629634 -0.045877676 -0.11571866
 endloop
endfacet
facet normal -0.80285496 -0.24664474 -0.54276186
 outer loop
  vertex -0.1731977 -0.06508546 -0.1263657
  vertex -0.18629634 -0.045877676 -0.11571866
  vertex -0.17319784 -0.052386038 -0.13213645
 endloop
endfacet
facet normal 0.42714933 -0.37405646 -0.82317996
 outer loop
  vertex 0.1056234 -0.090475306 -0.17566891
  vertex 0.08574656 -0.09478015 -0.1840269
  vertex 0.08574635 -0.076285705 -0.19243096
 endloop
endfacet
facet normal 0.42714953 -0.37405622 -0.82318
 outer loop
  vertex 0.1056234 -0.090475306 -0.17566891
  vertex 0.08574635 -0.076285705 -0.19243096
  vertex 0.1056232 -0.0728208 -0.1836913
 endloop
endfacet
facet normal -0.7405394 -0.27801865 -0.61180645
 outer loop
  vertex -0.15843116 -0.07254497 -0.14084958
  vertex -0.1731977 -0.06508546 -0.1263657
  vertex -0.17319784 -0.052386038 -0.13213645
 endloop
endfacet
facet normal -0.74053913 -0.2780183 -0.61180687
 outer loop
  vertex -0.15843116 -0.07254497 -0.14084958
  vertex -0.17319784 -0.052386038 -0.13213645
  vertex -0.1584313 -0.058389932 -0.14728175
 endloop
endfacet
facet normal 0.5136558 -0.3549488 -0.7811332
 outer loop
  vertex 0.12448306 -0.08529924 -0.16561924
  vertex 0.1056234 -0.090475306 -0.17566891
  vertex 0.1056232 -0.0728208 -0.1836913
 endloop
endfacet
facet normal 0.51365507 -0.35494974 -0.7811332
 outer loop
  vertex 0.12448306 -0.08529924 -0.16561924
  vertex 0.1056232 -0.0728208 -0.1836913
  vertex 0.12448287 -0.06865468 -0.17318271
 endloop
endfacet
facet normal -0.6711019 -0.3067085 -0.67494595
 outer loop
  vertex -0.14213884 -0.07930582 -0.15397684
  vertex -0.15843116 -0.07254497 -0.14084958
  vertex -0.1584313 -0.058389932 -0.14728175
 endloop
endfacet
facet normal -0.6711026 -0.30670935 -0.674945
 outer loop
  vertex -0.14213884 -0.07930582 -0.15397684
  vertex -0.1584313 -0.058389932 -0.14728175
  vertex -0.14213902 -0.06383151 -0.16100852
 endloop
endfacet
facet normal 0.59524935 -0.33242065 -0.73155636
 outer loop
  vertex 0.14214388 -0.07930155 -0.15397443
  vertex 0.12448306 -0.08529924 -0.16561924
  vertex 0.12448287 -0.06865468 -0.17318271
 endloop
endfacet
facet normal 0.59525055 -0.33241862 -0.73155636
 outer loop
  vertex 0.14214388 -0.07930155 -0.15397443
  vertex 0.12448287 -0.06865468 -0.17318271
  vertex 0.1421437 -0.06382723 -0.1610061
 endloop
endfacet
facet normal -0.42712292 -0.29158208 -0.8558889
 outer loop
  vertex -0.08574077 -0.07628828 -0.19243233
  vertex -0.105617896 -0.07282399 -0.18369305
  vertex -0.10561812 -0.05446817 -0.18994635
 endloop
endfacet
facet normal -0.42712313 -0.2915823 -0.8558888
 outer loop
  vertex -0.08574077 -0.07628828 -0.19243233
  vertex -0.10561812 -0.05446817 -0.18994635
  vertex -0.085741 -0.05705916 -0.19898315
 endloop
endfacet
facet normal 0.8028707 -0.192234 -0.56430906
 outer loop
  vertex 0.18629973 -0.045872044 -0.11571549
  vertex 0.17320168 -0.0523808 -0.1321335
  vertex 0.17320152 -0.039176878 -0.1366317
 endloop
endfacet
facet normal 0.80287075 -0.19223374 -0.5643091
 outer loop
  vertex 0.18629973 -0.045872044 -0.11571549
  vertex 0.17320152 -0.039176878 -0.1366317
  vertex 0.18629958 -0.034308705 -0.11965479
 endloop
endfacet
facet normal -0.33652025 -0.30366847 -0.8913695
 outer loop
  vertex -0.06503791 -0.07901791 -0.1993184
  vertex -0.08574077 -0.07628828 -0.19243233
  vertex -0.085741 -0.05705916 -0.19898315
 endloop
endfacet
facet normal -0.33652037 -0.30366862 -0.8913694
 outer loop
  vertex -0.06503791 -0.07901791 -0.1993184
  vertex -0.085741 -0.05705916 -0.19898315
  vertex -0.06503815 -0.059100673 -0.20610364
 endloop
endfacet
facet normal 0.8574628 -0.16591704 -0.48706168
 outer loop
  vertex 0.19760358 -0.038921427 -0.09818298
  vertex 0.18629973 -0.045872044 -0.11571549
  vertex 0.18629958 -0.034308705 -0.11965479
 endloop
endfacet
facet normal 0.85746276 -0.16591722 -0.48706168
 outer loop
  vertex 0.19760358 -0.038921427 -0.09818298
  vertex 0.18629958 -0.034308705 -0.11965479
  vertex 0.19760346 -0.029110027 -0.10152544
 endloop
endfacet
facet normal -0.24269204 -0.3128346 -0.91827834
 outer loop
  vertex -0.04370873 -0.08098652 -0.20428483
  vertex -0.06503791 -0.07901791 -0.1993184
  vertex -0.06503815 -0.059100673 -0.20610364
 endloop
endfacet
facet normal -0.24269189 -0.31283444 -0.9182784
 outer loop
  vertex -0.04370873 -0.08098652 -0.20428483
  vertex -0.06503815 -0.059100673 -0.20610364
  vertex -0.04370898 -0.060572993 -0.21123914
 endloop
endfacet
facet normal 0.90379626 -0.13799617 -0.40510413
 outer loop
  vertex 0.20700443 -0.031595983 -0.07970486
  vertex 0.19760358 -0.038921427 -0.09818298
  vertex 0.19760346 -0.029110027 -0.10152544
 endloop
endfacet
facet normal 0.9037964 -0.13799548 -0.4051041
 outer loop
  vertex 0.20700443 -0.031595983 -0.07970486
  vertex 0.19760346 -0.029110027 -0.10152544
  vertex 0.20700432 -0.023631021 -0.08241829
 endloop
endfacet
facet normal -0.14654423 -0.31899285 -0.93635905
 outer loop
  vertex -0.021958584 -0.082175165 -0.20728388
  vertex -0.04370873 -0.08098652 -0.20428483
  vertex -0.04370898 -0.060572993 -0.21123914
 endloop
endfacet
facet normal -0.1465446 -0.31899318 -0.936359
 outer loop
  vertex -0.021958584 -0.082175165 -0.20728388
  vertex -0.04370898 -0.060572993 -0.21123914
  vertex -0.021958837 -0.06146195 -0.2143403
 endloop
endfacet
facet normal -0.9891489 -0.04738951 -0.13906346
 outer loop
  vertex -0.21975291 -0.016112452 -0.040635105
  vertex -0.22297953 -0.008096909 -0.020415863
  vertex -0.22297956 -0.006056832 -0.02111086
 endloop
endfacet
facet normal -0.9891489 -0.04738946 -0.1390635
 outer loop
  vertex -0.21975291 -0.016112452 -0.040635105
  vertex -0.22297956 -0.006056832 -0.02111086
  vertex -0.21975297 -0.012051946 -0.042018402
 endloop
endfacet
facet normal 0.9414187 -0.10873948 -0.3192279
 outer loop
  vertex 0.21441172 -0.023966305 -0.06045931
  vertex 0.20700443 -0.031595983 -0.07970486
  vertex 0.20700432 -0.023631021 -0.08241829
 endloop
endfacet
facet normal 0.94141865 -0.10874039 -0.3192279
 outer loop
  vertex 0.21441172 -0.023966305 -0.06045931
  vertex 0.20700432 -0.023631021 -0.08241829
  vertex 0.21441165 -0.017924475 -0.06251759
 endloop
endfacet
facet normal -0.048995256 -0.32208622 -0.9454416
 outer loop
  vertex 3.0343474e-06 -0.08257242 -0.20828666
  vertex -0.021958584 -0.082175165 -0.20728388
  vertex -0.021958837 -0.06146195 -0.2143403
 endloop
endfacet
facet normal -0.048994225 -0.32208526 -0.945442
 outer loop
  vertex 3.0343474e-06 -0.08257242 -0.20828666
  vertex -0.021958837 -0.06146195 -0.2143403
  vertex 2.7802937e-06 -0.061758973 -0.2153772
 endloop
endfacet
facet normal -0.96995914 -0.07845986 -0.23026793
 outer loop
  vertex -0.21440996 -0.023972783 -0.060462955
  vertex -0.21975291 -0.016112452 -0.040635105
  vertex -0.21975297 -0.012051946 -0.042018402
 endloop
endfacet
facet normal -0.969959 -0.07845779 -0.23026921
 outer loop
  vertex -0.21440996 -0.023972783 -0.060462955
  vertex -0.21975297 -0.012051946 -0.042018402
  vertex -0.21441004 -0.01793095 -0.06252123
 endloop
endfacet
facet normal 0.9699652 -0.078428805 -0.23025304
 outer loop
  vertex 0.21975411 -0.016105806 -0.040631354
  vertex 0.21441172 -0.023966305 -0.06045931
  vertex 0.21441165 -0.017924475 -0.06251759
 endloop
endfacet
facet normal 0.9699653 -0.07842653 -0.23025322
 outer loop
  vertex 0.21975411 -0.016105806 -0.040631354
  vertex 0.21441165 -0.017924475 -0.06251759
  vertex 0.21975406 -0.012045296 -0.042014655
 endloop
endfacet
facet normal 0.04902182 -0.32208377 -0.9454411
 outer loop
  vertex 0.021964598 -0.082174495 -0.2072835
  vertex 3.0343474e-06 -0.08257242 -0.20828666
  vertex 2.7802937e-06 -0.061758973 -0.2153772
 endloop
endfacet
facet normal 0.049020685 -0.32208487 -0.9454408
 outer loop
  vertex 0.021964598 -0.082174495 -0.2072835
  vertex 2.7802937e-06 -0.061758973 -0.2153772
  vertex 0.021964345 -0.06146129 -0.21433991
 endloop
endfacet
facet normal -0.94140995 -0.108768396 -0.31924385
 outer loop
  vertex -0.2070021 -0.03160224 -0.0797084
  vertex -0.21440996 -0.023972783 -0.060462955
  vertex -0.21441004 -0.01793095 -0.06252123
 endloop
endfacet
facet normal -0.9414102 -0.10876922 -0.3192432
 outer loop
  vertex -0.2070021 -0.03160224 -0.0797084
  vertex -0.21441004 -0.01793095 -0.06252123
  vertex -0.20700221 -0.023637272 -0.08242183
 endloop
endfacet
facet normal 0.98915285 -0.047354955 -0.1390473
 outer loop
  vertex 0.22298013 -0.008090166 -0.020412056
  vertex 0.21975411 -0.016105806 -0.040631354
  vertex 0.21975406 -0.012045296 -0.042014655
 endloop
endfacet
facet normal 0.9891528 -0.04735512 -0.13904731
 outer loop
  vertex 0.22298013 -0.008090166 -0.020412056
  vertex 0.21975406 -0.012045296 -0.042014655
  vertex 0.2229801 -0.0060500903 -0.021107052
 endloop
endfacet
facet normal 0.14656927 -0.31898892 -0.9363565
 outer loop
  vertex 0.043714657 -0.080985196 -0.20428409
  vertex 0.021964598 -0.082174495 -0.2072835
  vertex 0.021964345 -0.06146129 -0.21433991
 endloop
endfacet
facet normal 0.14656962 -0.31898853 -0.9363566
 outer loop
  vertex 0.043714657 -0.080985196 -0.20428409
  vertex 0.021964345 -0.06146129 -0.21433991
  vertex 0.043714408 -0.060571674 -0.2112384
 endloop
endfacet
facet normal -0.9037851 -0.13802436 -0.40511963
 outer loop
  vertex -0.19760074 -0.03892738 -0.098186314
  vertex -0.2070021 -0.03160224 -0.0797084
  vertex -0.20700221 -0.023637272 -0.08242183
 endloop
endfacet
facet normal -0.90378493 -0.13802387 -0.40512002
 outer loop
  vertex -0.19760074 -0.03892738 -0.098186314
  vertex -0.20700221 -0.023637272 -0.08242183
  vertex -0.19760086 -0.02911598 -0.10152878
 endloop
endfacet
facet normal 0.24271612 -0.31282732 -0.91827446
 outer loop
  vertex 0.06504372 -0.07901593 -0.1993173
  vertex 0.043714657 -0.080985196 -0.20428409
  vertex 0.043714408 -0.060571674 -0.2112384
 endloop
endfacet
facet normal 0.24271657 -0.3128268 -0.91827446
 outer loop
  vertex 0.06504372 -0.07901593 -0.1993173
  vertex 0.043714408 -0.060571674 -0.2112384
  vertex 0.06504348 -0.0590987 -0.20610254
 endloop
endfacet
facet normal -0.8574495 -0.16594341 -0.48707622
 outer loop
  vertex -0.18629634 -0.045877676 -0.11571866
  vertex -0.19760074 -0.03892738 -0.098186314
  vertex -0.19760086 -0.02911598 -0.10152878
 endloop
endfacet
facet normal -0.85744965 -0.1659439 -0.48707575
 outer loop
  vertex -0.18629634 -0.045877676 -0.11571866
  vertex -0.19760086 -0.02911598 -0.10152878
  vertex -0.1862965 -0.034314338 -0.11965796
 endloop
endfacet
facet normal 0.336542 -0.3036583 -0.89136475
 outer loop
  vertex 0.08574635 -0.076285705 -0.19243096
  vertex 0.06504372 -0.07901593 -0.1993173
  vertex 0.06504348 -0.0590987 -0.20610254
 endloop
endfacet
facet normal 0.3365425 -0.30365774 -0.89136475
 outer loop
  vertex 0.08574635 -0.076285705 -0.19243096
  vertex 0.06504348 -0.0590987 -0.20610254
  vertex 0.08574612 -0.05705656 -0.19898176
 endloop
endfacet
facet normal -0.8028556 -0.19225886 -0.5643221
 outer loop
  vertex -0.17319784 -0.052386038 -0.13213645
  vertex -0.18629634 -0.045877676 -0.11571866
  vertex -0.1862965 -0.034314338 -0.11965796
 endloop
endfacet
facet normal -0.80285543 -0.19225845 -0.5643225
 outer loop
  vertex -0.17319784 -0.052386038 -0.13213645
  vertex -0.1862965 -0.034314338 -0.11965796
  vertex -0.173198 -0.039182115 -0.13663465
 endloop
endfacet
facet normal 0.42714858 -0.29156828 -0.85588086
 outer loop
  vertex 0.1056232 -0.0728208 -0.1836913
  vertex 0.08574635 -0.076285705 -0.19243096
  vertex 0.08574612 -0.05705656 -0.19898176
 endloop
endfacet
facet normal 0.42714813 -0.29156893 -0.8558809
 outer loop
  vertex 0.1056232 -0.0728208 -0.1836913
  vertex 0.08574612 -0.05705656 -0.19898176
  vertex 0.10562298 -0.05446498 -0.1899446
 endloop
endfacet
facet normal -0.7405399 -0.21671368 -0.63610995
 outer loop
  vertex -0.1584313 -0.058389932 -0.14728175
  vertex -0.17319784 -0.052386038 -0.13213645
  vertex -0.173198 -0.039182115 -0.13663465
 endloop
endfacet
facet normal -0.74054015 -0.21671414 -0.63610953
 outer loop
  vertex -0.1584313 -0.058389932 -0.14728175
  vertex -0.173198 -0.039182115 -0.13663465
  vertex -0.1584315 -0.04367259 -0.15229553
 endloop
endfacet
facet normal 0.51365435 -0.27667478 -0.81216395
 outer loop
  vertex 0.12448287 -0.06865468 -0.17318271
  vertex 0.1056232 -0.0728208 -0.1836913
  vertex 0.10562298 -0.05446498 -0.1899446
 endloop
endfacet
facet normal 0.5136554 -0.27667317 -0.81216383
 outer loop
  vertex 0.12448287 -0.06865468 -0.17318271
  vertex 0.10562298 -0.05446498 -0.1899446
  vertex 0.124482654 -0.0513489 -0.17907827
 endloop
endfacet
facet normal -0.67110336 -0.23907731 -0.70175666
 outer loop
  vertex -0.14213902 -0.06383151 -0.16100852
  vertex -0.1584313 -0.058389932 -0.14728175
  vertex -0.1584315 -0.04367259 -0.15229553
 endloop
endfacet
facet normal -0.6711025 -0.23907618 -0.7017577
 outer loop
  vertex -0.14213902 -0.06383151 -0.16100852
  vertex -0.1584315 -0.04367259 -0.15229553
  vertex -0.14213921 -0.0477425 -0.16648957
 endloop
endfacet
facet normal 0.59524953 -0.2591119 -0.76061755
 outer loop
  vertex 0.1421437 -0.06382723 -0.1610061
  vertex 0.12448287 -0.06865468 -0.17318271
  vertex 0.124482654 -0.0513489 -0.17907827
 endloop
endfacet
facet normal 0.59524876 -0.25911328 -0.7606177
 outer loop
  vertex 0.1421437 -0.06382723 -0.1610061
  vertex 0.124482654 -0.0513489 -0.17907827
  vertex 0.1421435 -0.04773821 -0.16648716
 endloop
endfacet
facet normal -0.59522796 -0.25913066 -0.76062804
 outer loop
  vertex -0.12447785 -0.0686584 -0.17318481
  vertex -0.14213902 -0.06383151 -0.16100852
  vertex -0.14213921 -0.0477425 -0.16648957
 endloop
endfacet
facet normal -0.5952283 -0.25913104 -0.76062757
 outer loop
  vertex -0.12447785 -0.0686584 -0.17318481
  vertex -0.14213921 -0.0477425 -0.16648957
  vertex -0.124478064 -0.05135263 -0.17908038
 endloop
endfacet
facet normal 0.67112255 -0.23905627 -0.70174533
 outer loop
  vertex 0.1584356 -0.05838514 -0.14727904
  vertex 0.1421437 -0.06382723 -0.1610061
  vertex 0.1421435 -0.04773821 -0.16648716
 endloop
endfacet
facet normal 0.6711228 -0.23905584 -0.70174533
 outer loop
  vertex 0.1584356 -0.05838514 -0.14727904
  vertex 0.1421435 -0.04773821 -0.16648716
  vertex 0.1584354 -0.0436678 -0.15229282
 endloop
endfacet
facet normal -0.5136323 -0.27668998 -0.8121727
 outer loop
  vertex -0.105617896 -0.07282399 -0.18369305
  vertex -0.12447785 -0.0686584 -0.17318481
  vertex -0.124478064 -0.05135263 -0.17908038
 endloop
endfacet
facet normal -0.5136326 -0.2766902 -0.8121725
 outer loop
  vertex -0.105617896 -0.07282399 -0.18369305
  vertex -0.124478064 -0.05135263 -0.17908038
  vertex -0.10561812 -0.05446817 -0.18994635
 endloop
endfacet
facet normal 0.74055713 -0.21669061 -0.63609767
 outer loop
  vertex 0.17320168 -0.0523808 -0.1321335
  vertex 0.1584356 -0.05838514 -0.14727904
  vertex 0.1584354 -0.0436678 -0.15229282
 endloop
endfacet
facet normal 0.74055696 -0.21669114 -0.6360977
 outer loop
  vertex 0.17320168 -0.0523808 -0.1321335
  vertex 0.1584354 -0.0436678 -0.15229282
  vertex 0.17320152 -0.039176878 -0.1366317
 endloop
endfacet
facet normal -0.24269304 -0.22132047 -0.9445196
 outer loop
  vertex -0.04370898 -0.060572993 -0.21123914
  vertex -0.06503815 -0.059100673 -0.20610364
  vertex -0.06503842 -0.038614266 -0.21090396
 endloop
endfacet
facet normal -0.24269362 -0.22132105 -0.94451934
 outer loop
  vertex -0.04370898 -0.060572993 -0.21123914
  vertex -0.06503842 -0.038614266 -0.21090396
  vertex -0.043709252 -0.039576117 -0.21615909
 endloop
endfacet
facet normal 0.90379584 -0.09762361 -0.41668057
 outer loop
  vertex 0.20700432 -0.023631021 -0.08241829
  vertex 0.19760346 -0.029110027 -0.10152544
  vertex 0.19760333 -0.019018257 -0.10389012
 endloop
endfacet
facet normal 0.9037958 -0.0976241 -0.41668063
 outer loop
  vertex 0.20700432 -0.023631021 -0.08241829
  vertex 0.19760333 -0.019018257 -0.10389012
  vertex 0.20700422 -0.01543845 -0.08433796
 endloop
endfacet
facet normal -0.14654581 -0.2256775 -0.9631168
 outer loop
  vertex -0.021958837 -0.06146195 -0.2143403
  vertex -0.04370898 -0.060572993 -0.21123914
  vertex -0.043709252 -0.039576117 -0.21615909
 endloop
endfacet
facet normal -0.14654541 -0.22567712 -0.96311694
 outer loop
  vertex -0.021958837 -0.06146195 -0.2143403
  vertex -0.043709252 -0.039576117 -0.21615909
  vertex -0.021959117 -0.040156793 -0.21933247
 endloop
endfacet
facet normal -0.98914915 -0.033530265 -0.14303757
 outer loop
  vertex -0.21975297 -0.012051946 -0.042018402
  vertex -0.22297956 -0.006056832 -0.02111086
  vertex -0.22297959 -0.003958457 -0.021602547
 endloop
endfacet
facet normal -0.9891491 -0.033527136 -0.14303884
 outer loop
  vertex -0.21975297 -0.012051946 -0.042018402
  vertex -0.22297959 -0.003958457 -0.021602547
  vertex -0.21975301 -0.007875403 -0.04299704
 endloop
endfacet
facet normal 0.94141823 -0.07692634 -0.32835048
 outer loop
  vertex 0.21441165 -0.017924475 -0.06251759
  vertex 0.20700432 -0.023631021 -0.08241829
  vertex 0.20700422 -0.01543845 -0.08433796
 endloop
endfacet
facet normal 0.94141823 -0.07692664 -0.3283505
 outer loop
  vertex 0.21441165 -0.017924475 -0.06251759
  vertex 0.20700422 -0.01543845 -0.08433796
  vertex 0.21441157 -0.011709989 -0.06397375
 endloop
endfacet
facet normal -0.04899553 -0.22786489 -0.97245926
 outer loop
  vertex 2.7802937e-06 -0.061758973 -0.2153772
  vertex -0.021958837 -0.06146195 -0.2143403
  vertex -0.021959117 -0.040156793 -0.21933247
 endloop
endfacet
facet normal -0.04899626 -0.2278656 -0.9724591
 outer loop
  vertex 2.7802937e-06 -0.061758973 -0.2153772
  vertex -0.021959117 -0.040156793 -0.21933247
  vertex 2.4995575e-06 -0.040350735 -0.22039354
 endloop
endfacet
facet normal -0.96995926 -0.055508476 -0.23684984
 outer loop
  vertex -0.21441004 -0.01793095 -0.06252123
  vertex -0.21975297 -0.012051946 -0.042018402
  vertex -0.21975301 -0.007875403 -0.04299704
 endloop
endfacet
facet normal -0.9699594 -0.0555096 -0.23684926
 outer loop
  vertex -0.21441004 -0.01793095 -0.06252123
  vertex -0.21975301 -0.007875403 -0.04299704
  vertex -0.21441011 -0.011716464 -0.06397739
 endloop
endfacet
facet normal 0.969965 -0.055482112 -0.23683241
 outer loop
  vertex 0.21975406 -0.012045296 -0.042014655
  vertex 0.21441165 -0.017924475 -0.06251759
  vertex 0.21441157 -0.011709989 -0.06397375
 endloop
endfacet
facet normal 0.96996504 -0.055483438 -0.23683248
 outer loop
  vertex 0.21975406 -0.012045296 -0.042014655
  vertex 0.21441157 -0.011709989 -0.06397375
  vertex 0.21975401 -0.007868754 -0.04299329
 endloop
endfacet
facet normal 0.049019624 -0.22786412 -0.97245824
 outer loop
  vertex 0.021964345 -0.06146129 -0.21433991
  vertex 2.7802937e-06 -0.061758973 -0.2153772
  vertex 2.4995575e-06 -0.040350735 -0.22039354
 endloop
endfacet
facet normal 0.04902035 -0.22786337 -0.97245836
 outer loop
  vertex 0.021964345 -0.06146129 -0.21433991
  vertex 2.4995575e-06 -0.040350735 -0.22039354
  vertex 0.021964066 -0.04015613 -0.21933208
 endloop
endfacet
facet normal -0.9414105 -0.07695331 -0.32836625
 outer loop
  vertex -0.20700221 -0.023637272 -0.08242183
  vertex -0.21441004 -0.01793095 -0.06252123
  vertex -0.21441011 -0.011716464 -0.06397739
 endloop
endfacet
facet normal -0.9414105 -0.076953664 -0.32836604
 outer loop
  vertex -0.20700221 -0.023637272 -0.08242183
  vertex -0.21441011 -0.011716464 -0.06397739
  vertex -0.20700231 -0.015444699 -0.08434149
 endloop
endfacet
facet normal 0.9891526 -0.033501334 -0.14301975
 outer loop
  vertex 0.2229801 -0.0060500903 -0.021107052
  vertex 0.21975406 -0.012045296 -0.042014655
  vertex 0.21975401 -0.007868754 -0.04299329
 endloop
endfacet
facet normal 0.9891527 -0.033498053 -0.14302005
 outer loop
  vertex 0.2229801 -0.0060500903 -0.021107052
  vertex 0.21975401 -0.007868754 -0.04299329
  vertex 0.22298007 -0.0039517153 -0.021598738
 endloop
endfacet
facet normal 0.14656848 -0.22567268 -0.9631145
 outer loop
  vertex 0.043714408 -0.060571674 -0.2112384
  vertex 0.021964345 -0.06146129 -0.21433991
  vertex 0.021964066 -0.04015613 -0.21933208
 endloop
endfacet
facet normal 0.146568 -0.22567315 -0.96311444
 outer loop
  vertex 0.043714408 -0.060571674 -0.2112384
  vertex 0.021964066 -0.04015613 -0.21933208
  vertex 0.043714136 -0.0395748 -0.21615835
 endloop
endfacet
facet normal -0.90378535 -0.09765055 -0.41669688
 outer loop
  vertex -0.19760086 -0.02911598 -0.10152878
  vertex -0.20700221 -0.023637272 -0.08242183
  vertex -0.20700231 -0.015444699 -0.08434149
 endloop
endfacet
facet normal -0.9037855 -0.097651325 -0.41669637
 outer loop
  vertex -0.19760086 -0.02911598 -0.10152878
  vertex -0.20700231 -0.015444699 -0.08434149
  vertex -0.19760099 -0.01902421 -0.10389346
 endloop
endfacet
facet normal 0.24271534 -0.22131385 -0.94451547
 outer loop
  vertex 0.06504348 -0.0590987 -0.20610254
  vertex 0.043714408 -0.060571674 -0.2112384
  vertex 0.043714136 -0.0395748 -0.21615835
 endloop
endfacet
facet normal 0.24271536 -0.22131382 -0.94451547
 outer loop
  vertex 0.06504348 -0.0590987 -0.20610254
  vertex 0.043714136 -0.0395748 -0.21615835
  vertex 0.06504321 -0.03861229 -0.21090287
 endloop
endfacet
facet normal -0.8574502 -0.1174033 -0.5009946
 outer loop
  vertex -0.1862965 -0.034314338 -0.11965796
  vertex -0.19760086 -0.02911598 -0.10152878
  vertex -0.19760099 -0.01902421 -0.10389346
 endloop
endfacet
facet normal -0.85745 -0.11740286 -0.500995
 outer loop
  vertex -0.1862965 -0.034314338 -0.11965796
  vertex -0.19760099 -0.01902421 -0.10389346
  vertex -0.18629664 -0.022420552 -0.12244489
 endloop
endfacet
facet normal 0.33654127 -0.21482694 -0.9168366
 outer loop
  vertex 0.08574612 -0.05705656 -0.19898176
  vertex 0.06504348 -0.0590987 -0.20610254
  vertex 0.06504321 -0.03861229 -0.21090287
 endloop
endfacet
facet normal 0.33654156 -0.21482658 -0.91683656
 outer loop
  vertex 0.08574612 -0.05705656 -0.19898176
  vertex 0.06504321 -0.03861229 -0.21090287
  vertex 0.085745856 -0.037277922 -0.20361625
 endloop
endfacet
facet normal -0.8028562 -0.13601954 -0.5804486
 outer loop
  vertex -0.173198 -0.039182115 -0.13663465
  vertex -0.1862965 -0.034314338 -0.11965796
  vertex -0.18629664 -0.022420552 -0.12244489
 endloop
endfacet
facet normal -0.80285645 -0.13602035 -0.580448
 outer loop
  vertex -0.173198 -0.039182115 -0.13663465
  vertex -0.18629664 -0.022420552 -0.12244489
  vertex -0.17319818 -0.025600879 -0.13981698
 endloop
endfacet
facet normal 0.42714715 -0.20627333 -0.8803389
 outer loop
  vertex 0.10562298 -0.05446498 -0.1899446
  vertex 0.08574612 -0.05705656 -0.19898176
  vertex 0.085745856 -0.037277922 -0.20361625
 endloop
endfacet
facet normal 0.42714766 -0.20627274 -0.88033885
 outer loop
  vertex 0.10562298 -0.05446498 -0.1899446
  vertex 0.085745856 -0.037277922 -0.20361625
  vertex 0.10562273 -0.035584606 -0.19436859
 endloop
endfacet
facet normal -0.74054104 -0.15332139 -0.65428704
 outer loop
  vertex -0.1584315 -0.04367259 -0.15229553
  vertex -0.173198 -0.039182115 -0.13663465
  vertex -0.17319818 -0.025600879 -0.13981698
 endloop
endfacet
facet normal -0.7405408 -0.15332083 -0.6542875
 outer loop
  vertex -0.1584315 -0.04367259 -0.15229553
  vertex -0.17319818 -0.025600879 -0.13981698
  vertex -0.1584317 -0.028534675 -0.15584262
 endloop
endfacet
facet normal 0.5136545 -0.19573514 -0.83537227
 outer loop
  vertex 0.124482654 -0.0513489 -0.17907827
  vertex 0.10562298 -0.05446498 -0.1899446
  vertex 0.10562273 -0.035584606 -0.19436859
 endloop
endfacet
facet normal 0.513654 -0.19573584 -0.8353724
 outer loop
  vertex 0.124482654 -0.0513489 -0.17907827
  vertex 0.10562273 -0.035584606 -0.19436859
  vertex 0.12448242 -0.033548597 -0.18324919
 endloop
endfacet
facet normal -0.67110336 -0.16914198 -0.7218111
 outer loop
  vertex -0.14213921 -0.0477425 -0.16648957
  vertex -0.1584315 -0.04367259 -0.15229553
  vertex -0.1584317 -0.028534675 -0.15584262
 endloop
endfacet
facet normal -0.6711038 -0.16914259 -0.72181064
 outer loop
  vertex -0.14213921 -0.0477425 -0.16648957
  vertex -0.1584317 -0.028534675 -0.15584262
  vertex -0.14213943 -0.03119372 -0.17036726
 endloop
endfacet
facet normal 0.5952477 -0.18331149 -0.7823536
 outer loop
  vertex 0.1421435 -0.04773821 -0.16648716
  vertex 0.124482654 -0.0513489 -0.17907827
  vertex 0.12448242 -0.033548597 -0.18324919
 endloop
endfacet
facet normal 0.5952475 -0.18331188 -0.78235364
 outer loop
  vertex 0.1421435 -0.04773821 -0.16648716
  vertex 0.12448242 -0.033548597 -0.18324919
  vertex 0.14214328 -0.031189432 -0.17036484
 endloop
endfacet
facet normal -0.5952293 -0.18333016 -0.7823632
 outer loop
  vertex -0.124478064 -0.05135263 -0.17908038
  vertex -0.14213921 -0.0477425 -0.16648957
  vertex -0.14213943 -0.03119372 -0.17036726
 endloop
endfacet
facet normal -0.5952287 -0.18332934 -0.7823638
 outer loop
  vertex -0.124478064 -0.05135263 -0.17908038
  vertex -0.14213943 -0.03119372 -0.17036726
  vertex -0.124478295 -0.03355233 -0.1832513
 endloop
endfacet
facet normal 0.67112184 -0.16912173 -0.72179866
 outer loop
  vertex 0.1584354 -0.0436678 -0.15229282
  vertex 0.1421435 -0.04773821 -0.16648716
  vertex 0.14214328 -0.031189432 -0.17036484
 endloop
endfacet
facet normal 0.67112166 -0.16912195 -0.7217988
 outer loop
  vertex 0.1584354 -0.0436678 -0.15229282
  vertex 0.14214328 -0.031189432 -0.17036484
  vertex 0.15843521 -0.028529888 -0.1558399
 endloop
endfacet
facet normal -0.51363355 -0.19575125 -0.8353814
 outer loop
  vertex -0.10561812 -0.05446817 -0.18994635
  vertex -0.124478064 -0.05135263 -0.17908038
  vertex -0.124478295 -0.03355233 -0.1832513
 endloop
endfacet
facet normal -0.5136336 -0.19575132 -0.8353813
 outer loop
  vertex -0.10561812 -0.05446817 -0.18994635
  vertex -0.124478295 -0.03355233 -0.1832513
  vertex -0.105618365 -0.035587795 -0.19437036
 endloop
endfacet
facet normal 0.7405562 -0.15329903 -0.6542751
 outer loop
  vertex 0.17320152 -0.039176878 -0.1366317
  vertex 0.1584354 -0.0436678 -0.15229282
  vertex 0.15843521 -0.028529888 -0.1558399
 endloop
endfacet
facet normal 0.7405562 -0.15329912 -0.6542751
 outer loop
  vertex 0.17320152 -0.039176878 -0.1366317
  vertex 0.15843521 -0.028529888 -0.1558399
  vertex 0.17320134 -0.025595644 -0.13981403
 endloop
endfacet
facet normal -0.42712426 -0.20628642 -0.88034695
 outer loop
  vertex -0.085741 -0.05705916 -0.19898315
  vertex -0.10561812 -0.05446817 -0.18994635
  vertex -0.105618365 -0.035587795 -0.19437036
 endloop
endfacet
facet normal -0.42712447 -0.20628667 -0.8803468
 outer loop
  vertex -0.085741 -0.05705916 -0.19898315
  vertex -0.105618365 -0.035587795 -0.19437036
  vertex -0.08574126 -0.037280545 -0.20361763
 endloop
endfacet
facet normal 0.80287015 -0.13599618 -0.5804349
 outer loop
  vertex 0.18629958 -0.034308705 -0.11965479
  vertex 0.17320152 -0.039176878 -0.1366317
  vertex 0.17320134 -0.025595644 -0.13981403
 endloop
endfacet
facet normal 0.8028701 -0.13599621 -0.58043486
 outer loop
  vertex 0.18629958 -0.034308705 -0.11965479
  vertex 0.17320134 -0.025595644 -0.13981403
  vertex 0.18629943 -0.022414919 -0.12244172
 endloop
endfacet
facet normal -0.3365215 -0.21483685 -0.91684157
 outer loop
  vertex -0.06503815 -0.059100673 -0.20610364
  vertex -0.085741 -0.05705916 -0.19898315
  vertex -0.08574126 -0.037280545 -0.20361763
 endloop
endfacet
facet normal -0.33652097 -0.2148363 -0.91684186
 outer loop
  vertex -0.06503815 -0.059100673 -0.20610364
  vertex -0.08574126 -0.037280545 -0.20361763
  vertex -0.06503842 -0.038614266 -0.21090396
 endloop
endfacet
facet normal 0.8574621 -0.11737788 -0.5009802
 outer loop
  vertex 0.19760346 -0.029110027 -0.10152544
  vertex 0.18629958 -0.034308705 -0.11965479
  vertex 0.18629943 -0.022414919 -0.12244172
 endloop
endfacet
facet normal 0.8574623 -0.11737706 -0.5009801
 outer loop
  vertex 0.19760346 -0.029110027 -0.10152544
  vertex 0.18629943 -0.022414919 -0.12244172
  vertex 0.19760333 -0.019018257 -0.10389012
 endloop
endfacet
facet normal -0.048997667 -0.13144988 -0.9901112
 outer loop
  vertex 2.4995575e-06 -0.040350735 -0.22039354
  vertex -0.021959117 -0.040156793 -0.21933247
  vertex -0.021959418 -0.01846492 -0.22221233
 endloop
endfacet
facet normal -0.04899756 -0.13144979 -0.99011123
 outer loop
  vertex 2.4995575e-06 -0.040350735 -0.22039354
  vertex -0.021959418 -0.01846492 -0.22221233
  vertex 2.194842e-06 -0.018553898 -0.22328733
 endloop
endfacet
facet normal -0.9699597 -0.032029 -0.24114817
 outer loop
  vertex -0.21441011 -0.011716464 -0.06397739
  vertex -0.21975301 -0.007875403 -0.04299704
  vertex -0.21975307 -0.0036230478 -0.043561593
 endloop
endfacet
facet normal -0.9699597 -0.032029007 -0.24114814
 outer loop
  vertex -0.21441011 -0.011716464 -0.06397739
  vertex -0.21975307 -0.0036230478 -0.043561593
  vertex -0.2144102 -0.0053891735 -0.06481741
 endloop
endfacet
facet normal 0.9699647 -0.03199944 -0.24113196
 outer loop
  vertex 0.21975401 -0.007868754 -0.04299329
  vertex 0.21441157 -0.011709989 -0.06397375
  vertex 0.21441148 -0.005382699 -0.06481377
 endloop
endfacet
facet normal 0.9699646 -0.031999495 -0.24113196
 outer loop
  vertex 0.21975401 -0.007868754 -0.04299329
  vertex 0.21441148 -0.005382699 -0.06481377
  vertex 0.21975395 -0.0036164 -0.043557838
 endloop
endfacet
facet normal 0.049019165 -0.1314483 -0.99011034
 outer loop
  vertex 0.021964066 -0.04015613 -0.21933208
  vertex 2.4995575e-06 -0.040350735 -0.22039354
  vertex 2.194842e-06 -0.018553898 -0.22328733
 endloop
endfacet
facet normal 0.04901904 -0.1314484 -0.9901103
 outer loop
  vertex 0.021964066 -0.04015613 -0.21933208
  vertex 2.194842e-06 -0.018553898 -0.22328733
  vertex 0.021963764 -0.018464256 -0.22221194
 endloop
endfacet
facet normal -0.941411 -0.044399105 -0.3343263
 outer loop
  vertex -0.20700231 -0.015444699 -0.08434149
  vertex -0.21441011 -0.011716464 -0.06397739
  vertex -0.2144102 -0.0053891735 -0.06481741
 endloop
endfacet
facet normal -0.941411 -0.044399403 -0.3343261
 outer loop
  vertex -0.20700231 -0.015444699 -0.08434149
  vertex -0.2144102 -0.0053891735 -0.06481741
  vertex -0.20700243 -0.0071034236 -0.0854489
 endloop
endfacet
facet normal 0.98915255 -0.019318357 -0.14561611
 outer loop
  vertex 0.22298007 -0.0039517153 -0.021598738
  vertex 0.21975401 -0.007868754 -0.04299329
  vertex 0.21975395 -0.0036164 -0.043557838
 endloop
endfacet
facet normal 0.9891525 -0.019318502 -0.14561613
 outer loop
  vertex 0.22298007 -0.0039517153 -0.021598738
  vertex 0.21975395 -0.0036164 -0.043557838
  vertex 0.22298004 -0.0018152508 -0.02188238
 endloop
endfacet
facet normal 0.14656681 -0.13018402 -0.9805969
 outer loop
  vertex 0.043714136 -0.0395748 -0.21615835
  vertex 0.021964066 -0.04015613 -0.21933208
  vertex 0.021963764 -0.018464256 -0.22221194
 endloop
endfacet
facet normal 0.14656664 -0.13018419 -0.9805969
 outer loop
  vertex 0.043714136 -0.0395748 -0.21615835
  vertex 0.021963764 -0.018464256 -0.22221194
  vertex 0.043713834 -0.018196778 -0.21899654
 endloop
endfacet
facet normal -0.9037862 -0.056338787 -0.42425996
 outer loop
  vertex -0.19760099 -0.01902421 -0.10389346
  vertex -0.20700231 -0.015444699 -0.08434149
  vertex -0.20700243 -0.0071034236 -0.0854489
 endloop
endfacet
facet normal -0.9037862 -0.0563389 -0.42425996
 outer loop
  vertex -0.19760099 -0.01902421 -0.10389346
  vertex -0.20700243 -0.0071034236 -0.0854489
  vertex -0.19760114 -0.00874926 -0.105257586
 endloop
endfacet
facet normal 0.24271399 -0.12766878 -0.9616604
 outer loop
  vertex 0.06504321 -0.03861229 -0.21090287
  vertex 0.043714136 -0.0395748 -0.21615835
  vertex 0.043713834 -0.018196778 -0.21899654
 endloop
endfacet
facet normal 0.24271414 -0.12766863 -0.9616603
 outer loop
  vertex 0.06504321 -0.03861229 -0.21090287
  vertex 0.043713834 -0.018196778 -0.21899654
  vertex 0.06504292 -0.017754018 -0.21367206
 endloop
endfacet
facet normal -0.85745066 -0.06773303 -0.51008874
 outer loop
  vertex -0.18629664 -0.022420552 -0.12244489
  vertex -0.19760099 -0.01902421 -0.10389346
  vertex -0.19760114 -0.00874926 -0.105257586
 endloop
endfacet
facet normal -0.85745084 -0.06773351 -0.5100885
 outer loop
  vertex -0.18629664 -0.022420552 -0.12244489
  vertex -0.19760114 -0.00874926 -0.105257586
  vertex -0.18629682 -0.010310876 -0.12405261
 endloop
endfacet
facet normal 0.33654025 -0.1239259 -0.933479
 outer loop
  vertex 0.085745856 -0.037277922 -0.20361625
  vertex 0.06504321 -0.03861229 -0.21090287
  vertex 0.06504292 -0.017754018 -0.21367206
 endloop
endfacet
facet normal 0.33654055 -0.12392548 -0.9334789
 outer loop
  vertex 0.085745856 -0.037277922 -0.20361625
  vertex 0.06504292 -0.017754018 -0.21367206
  vertex 0.08574557 -0.017140284 -0.20628975
 endloop
endfacet
facet normal -0.8028574 -0.07847263 -0.59098405
 outer loop
  vertex -0.17319818 -0.025600879 -0.13981698
  vertex -0.18629664 -0.022420552 -0.12244489
  vertex -0.18629682 -0.010310876 -0.12405261
 endloop
endfacet
facet normal -0.80285686 -0.07847123 -0.59098494
 outer loop
  vertex -0.17319818 -0.025600879 -0.13981698
  vertex -0.18629682 -0.010310876 -0.12405261
  vertex -0.17319837 -0.011773111 -0.14165278
 endloop
endfacet
facet normal 0.42714658 -0.11899077 -0.8963186
 outer loop
  vertex 0.10562273 -0.035584606 -0.19436859
  vertex 0.085745856 -0.037277922 -0.20361625
  vertex 0.08574557 -0.017140284 -0.20628975
 endloop
endfacet
facet normal 0.42714584 -0.1189917 -0.8963188
 outer loop
  vertex 0.10562273 -0.035584606 -0.19436859
  vertex 0.08574557 -0.017140284 -0.20628975
  vertex 0.10562246 -0.016361525 -0.1969207
 endloop
endfacet
facet normal -0.74054164 -0.08845122 -0.666164
 outer loop
  vertex -0.1584317 -0.028534675 -0.15584262
  vertex -0.17319818 -0.025600879 -0.13981698
  vertex -0.17319837 -0.011773111 -0.14165278
 endloop
endfacet
facet normal -0.7405419 -0.08845162 -0.66616374
 outer loop
  vertex -0.1584317 -0.028534675 -0.15584262
  vertex -0.17319837 -0.011773111 -0.14165278
  vertex -0.1584319 -0.013121988 -0.15788884
 endloop
endfacet
facet normal 0.513653 -0.11291224 -0.85053605
 outer loop
  vertex 0.12448242 -0.033548597 -0.18324919
  vertex 0.10562273 -0.035584606 -0.19436859
  vertex 0.10562246 -0.016361525 -0.1969207
 endloop
endfacet
facet normal 0.5136531 -0.112912014 -0.8505359
 outer loop
  vertex 0.12448242 -0.033548597 -0.18324919
  vertex 0.10562246 -0.016361525 -0.1969207
  vertex 0.12448217 -0.0154252015 -0.1856553
 endloop
endfacet
facet normal -0.6711046 -0.097578 -0.73491305
 outer loop
  vertex -0.14213943 -0.03119372 -0.17036726
  vertex -0.1584317 -0.028534675 -0.15584262
  vertex -0.1584319 -0.013121988 -0.15788884
 endloop
endfacet
facet normal -0.67110467 -0.0975781 -0.73491293
 outer loop
  vertex -0.14213943 -0.03119372 -0.17036726
  vertex -0.1584319 -0.013121988 -0.15788884
  vertex -0.14213967 -0.014344545 -0.17260419
 endloop
endfacet
facet normal 0.5952464 -0.10574423 -0.79655504
 outer loop
  vertex 0.14214328 -0.031189432 -0.17036484
  vertex 0.12448242 -0.033548597 -0.18324919
  vertex 0.12448217 -0.0154252015 -0.1856553
 endloop
endfacet
facet normal 0.59524655 -0.10574392 -0.7965549
 outer loop
  vertex 0.14214328 -0.031189432 -0.17036484
  vertex 0.12448217 -0.0154252015 -0.1856553
  vertex 0.14214304 -0.014340257 -0.17260177
 endloop
endfacet
facet normal -0.59522974 -0.105762094 -0.7965651
 outer loop
  vertex -0.124478295 -0.03355233 -0.1832513
  vertex -0.14213943 -0.03119372 -0.17036726
  vertex -0.14213967 -0.014344545 -0.17260419
 endloop
endfacet
facet normal -0.5952303 -0.1057628 -0.7965646
 outer loop
  vertex -0.124478295 -0.03355233 -0.1832513
  vertex -0.14213967 -0.014344545 -0.17260419
  vertex -0.12447855 -0.015428934 -0.18565743
 endloop
endfacet
facet normal 0.6711206 -0.09755754 -0.7349011
 outer loop
  vertex 0.15843521 -0.028529888 -0.1558399
  vertex 0.14214328 -0.031189432 -0.17036484
  vertex 0.14214304 -0.014340257 -0.17260177
 endloop
endfacet
facet normal 0.67112017 -0.09755825 -0.7349013
 outer loop
  vertex 0.15843521 -0.028529888 -0.1558399
  vertex 0.14214304 -0.014340257 -0.17260177
  vertex 0.158435 -0.013117199 -0.15788613
 endloop
endfacet
facet normal -0.51363474 -0.11292826 -0.85054487
 outer loop
  vertex -0.105618365 -0.035587795 -0.19437036
  vertex -0.124478295 -0.03355233 -0.1832513
  vertex -0.12447855 -0.015428934 -0.18565743
 endloop
endfacet
facet normal -0.5136339 -0.11292724 -0.85054547
 outer loop
  vertex -0.105618365 -0.035587795 -0.19437036
  vertex -0.12447855 -0.015428934 -0.18565743
  vertex -0.10561863 -0.016364725 -0.19692245
 endloop
endfacet
facet normal 0.74055535 -0.08842994 -0.6661516
 outer loop
  vertex 0.17320134 -0.025595644 -0.13981403
  vertex 0.15843521 -0.028529888 -0.1558399
  vertex 0.158435 -0.013117199 -0.15788613
 endloop
endfacet
facet normal 0.7405558 -0.08842877 -0.6661512
 outer loop
  vertex 0.17320134 -0.025595644 -0.13981403
  vertex 0.158435 -0.013117199 -0.15788613
  vertex 0.17320114 -0.011767877 -0.14164983
 endloop
endfacet
facet normal -0.4271257 -0.11900405 -0.8963267
 outer loop
  vertex -0.08574126 -0.037280545 -0.20361763
  vertex -0.105618365 -0.035587795 -0.19437036
  vertex -0.10561863 -0.016364725 -0.19692245
 endloop
endfacet
facet normal -0.42712614 -0.119004525 -0.8963265
 outer loop
  vertex -0.08574126 -0.037280545 -0.20361763
  vertex -0.10561863 -0.016364725 -0.19692245
  vertex -0.08574154 -0.017142914 -0.20629115
 endloop
endfacet
facet normal 0.8028693 -0.07844688 -0.59097105
 outer loop
  vertex 0.18629943 -0.022414919 -0.12244172
  vertex 0.17320134 -0.025595644 -0.13981403
  vertex 0.17320114 -0.011767877 -0.14164983
 endloop
endfacet
facet normal 0.80286926 -0.07844724 -0.5909712
 outer loop
  vertex 0.18629943 -0.022414919 -0.12244172
  vertex 0.17320114 -0.011767877 -0.14164983
  vertex 0.18629925 -0.010305245 -0.12404943
 endloop
endfacet
facet normal -0.33652222 -0.12393639 -0.93348414
 outer loop
  vertex -0.06503842 -0.038614266 -0.21090396
  vertex -0.08574126 -0.037280545 -0.20361763
  vertex -0.08574154 -0.017142914 -0.20629115
 endloop
endfacet
facet normal -0.33652177 -0.12393593 -0.93348426
 outer loop
  vertex -0.06503842 -0.038614266 -0.21090396
  vertex -0.08574154 -0.017142914 -0.20629115
  vertex -0.06503871 -0.017755985 -0.21367314
 endloop
endfacet
facet normal 0.85746163 -0.06770627 -0.510074
 outer loop
  vertex 0.19760333 -0.019018257 -0.10389012
  vertex 0.18629943 -0.022414919 -0.12244172
  vertex 0.18629925 -0.010305245 -0.12404943
 endloop
endfacet
facet normal 0.8574614 -0.067706905 -0.5100742
 outer loop
  vertex 0.19760333 -0.019018257 -0.10389012
  vertex 0.18629925 -0.010305245 -0.12404943
  vertex 0.19760318 -0.008743299 -0.10525426
 endloop
endfacet
facet normal -0.24269482 -0.12767586 -0.96166426
 outer loop
  vertex -0.043709252 -0.039576117 -0.21615909
  vertex -0.06503842 -0.038614266 -0.21090396
  vertex -0.06503871 -0.017755985 -0.21367314
 endloop
endfacet
facet normal -0.24269511 -0.12767614 -0.96166414
 outer loop
  vertex -0.043709252 -0.039576117 -0.21615909
  vertex -0.06503871 -0.017755985 -0.21367314
  vertex -0.043709554 -0.0181981 -0.21899728
 endloop
endfacet
facet normal 0.9037952 -0.05631116 -0.42424437
 outer loop
  vertex 0.20700422 -0.01543845 -0.08433796
  vertex 0.19760333 -0.019018257 -0.10389012
  vertex 0.19760318 -0.008743299 -0.10525426
 endloop
endfacet
facet normal 0.9037952 -0.056310788 -0.42424428
 outer loop
  vertex 0.20700422 -0.01543845 -0.08433796
  vertex 0.19760318 -0.008743299 -0.10525426
  vertex 0.2070041 -0.007097167 -0.08544537
 endloop
endfacet
facet normal -0.1465468 -0.13018867 -0.9805993
 outer loop
  vertex -0.021959117 -0.040156793 -0.21933247
  vertex -0.043709252 -0.039576117 -0.21615909
  vertex -0.043709554 -0.0181981 -0.21899728
 endloop
endfacet
facet normal -0.14654657 -0.13018844 -0.9805994
 outer loop
  vertex -0.021959117 -0.040156793 -0.21933247
  vertex -0.043709554 -0.0181981 -0.21899728
  vertex -0.021959418 -0.01846492 -0.22221233
 endloop
endfacet
facet normal -0.9891493 -0.019348586 -0.14563468
 outer loop
  vertex -0.21975301 -0.007875403 -0.04299704
  vertex -0.22297959 -0.003958457 -0.021602547
  vertex -0.22297962 -0.0018219932 -0.021886189
 endloop
endfacet
facet normal -0.9891492 -0.019348629 -0.14563465
 outer loop
  vertex -0.21975301 -0.007875403 -0.04299704
  vertex -0.22297962 -0.0018219932 -0.021886189
  vertex -0.21975307 -0.0036230478 -0.043561593
 endloop
endfacet
facet normal 0.94141775 -0.044370513 -0.334311
 outer loop
  vertex 0.21441157 -0.011709989 -0.06397375
  vertex 0.20700422 -0.01543845 -0.08433796
  vertex 0.2070041 -0.007097167 -0.08544537
 endloop
endfacet
facet normal 0.9414178 -0.044370424 -0.334311
 outer loop
  vertex 0.21441157 -0.011709989 -0.06397375
  vertex 0.2070041 -0.007097167 -0.08544537
  vertex 0.21441148 -0.005382699 -0.06481377
 endloop
endfacet
facet normal 0.14656533 -0.033442914 -0.9886355
 outer loop
  vertex 0.043713834 -0.018196778 -0.21899654
  vertex 0.021963764 -0.018464256 -0.22221194
  vertex 0.021963438 0.0034054557 -0.22295178
 endloop
endfacet
facet normal 0.14656568 -0.033442564 -0.9886354
 outer loop
  vertex 0.043713834 -0.018196778 -0.21899654
  vertex 0.021963438 0.0034054557 -0.22295178
  vertex 0.043713517 0.0033564765 -0.21972567
 endloop
endfacet
facet normal -0.9037867 -0.014482881 -0.42773792
 outer loop
  vertex -0.19760114 -0.00874926 -0.105257586
  vertex -0.20700243 -0.0071034236 -0.0854489
  vertex -0.20700255 0.0013062404 -0.08573339
 endloop
endfacet
facet normal -0.9037868 -0.014482838 -0.42773792
 outer loop
  vertex -0.19760114 -0.00874926 -0.105257586
  vertex -0.20700255 0.0013062404 -0.08573339
  vertex -0.19760129 0.0016099229 -0.10560802
 endloop
endfacet
facet normal 0.24271266 -0.032795295 -0.9695437
 outer loop
  vertex 0.06504292 -0.017754018 -0.21367206
  vertex 0.043713834 -0.018196778 -0.21899654
  vertex 0.043713517 0.0033564765 -0.21972567
 endloop
endfacet
facet normal 0.24271362 -0.032794267 -0.9695435
 outer loop
  vertex 0.06504292 -0.017754018 -0.21367206
  vertex 0.043713517 0.0033564765 -0.21972567
  vertex 0.06504261 0.0032752375 -0.21438344
 endloop
endfacet
facet normal -0.8574515 -0.017409444 -0.5142702
 outer loop
  vertex -0.18629682 -0.010310876 -0.12405261
  vertex -0.19760114 -0.00874926 -0.105257586
  vertex -0.19760129 0.0016099229 -0.10560802
 endloop
endfacet
facet normal -0.8574516 -0.017409736 -0.51426995
 outer loop
  vertex -0.18629682 -0.010310876 -0.12405261
  vertex -0.19760129 0.0016099229 -0.10560802
  vertex -0.186297 0.0018980699 -0.12446562
 endloop
endfacet
facet normal 0.33653915 -0.03183175 -0.9411313
 outer loop
  vertex 0.08574557 -0.017140284 -0.20628975
  vertex 0.06504292 -0.017754018 -0.21367206
  vertex 0.06504261 0.0032752375 -0.21438344
 endloop
endfacet
facet normal 0.33653885 -0.031832058 -0.94113135
 outer loop
  vertex 0.08574557 -0.017140284 -0.20628975
  vertex 0.06504261 0.0032752375 -0.21438344
  vertex 0.085745275 0.003162443 -0.20697656
 endloop
endfacet
facet normal -0.8028577 -0.020168027 -0.5958295
 outer loop
  vertex -0.17319837 -0.011773111 -0.14165278
  vertex -0.18629682 -0.010310876 -0.12405261
  vertex -0.186297 0.0018980699 -0.12446562
 endloop
endfacet
facet normal -0.80285794 -0.020168653 -0.5958291
 outer loop
  vertex -0.17319837 -0.011773111 -0.14165278
  vertex -0.186297 0.0018980699 -0.12446562
  vertex -0.17319858 0.0021680123 -0.1421244
 endloop
endfacet
facet normal 0.4271447 -0.030563353 -0.90366656
 outer loop
  vertex 0.10562246 -0.016361525 -0.1969207
  vertex 0.08574557 -0.017140284 -0.20628975
  vertex 0.085745275 0.003162443 -0.20697656
 endloop
endfacet
facet normal 0.42714414 -0.030564057 -0.9036668
 outer loop
  vertex 0.10562246 -0.016361525 -0.1969207
  vertex 0.085745275 0.003162443 -0.20697656
  vertex 0.10562217 0.003019156 -0.19757633
 endloop
endfacet
facet normal -0.7405428 -0.022731828 -0.67162454
 outer loop
  vertex -0.1584319 -0.013121988 -0.15788884
  vertex -0.17319837 -0.011773111 -0.14165278
  vertex -0.17319858 0.0021680123 -0.1421244
 endloop
endfacet
facet normal -0.7405425 -0.022731015 -0.671625
 outer loop
  vertex -0.1584319 -0.013121988 -0.15788884
  vertex -0.17319858 0.0021680123 -0.1421244
  vertex -0.15843214 0.0024170552 -0.1584145
 endloop
endfacet
facet normal 0.513652 -0.029001264 -0.8575083
 outer loop
  vertex 0.12448217 -0.0154252015 -0.1856553
  vertex 0.10562246 -0.016361525 -0.1969207
  vertex 0.10562217 0.003019156 -0.19757633
 endloop
endfacet
facet normal 0.51365185 -0.029001452 -0.8575084
 outer loop
  vertex 0.12448217 -0.0154252015 -0.1856553
  vertex 0.10562217 0.003019156 -0.19757633
  vertex 0.1244819 0.0028467737 -0.18627343
 endloop
endfacet
facet normal -0.67110556 -0.025074668 -0.74093753
 outer loop
  vertex -0.14213967 -0.014344545 -0.17260419
  vertex -0.1584319 -0.013121988 -0.15788884
  vertex -0.15843214 0.0024170552 -0.1584145
 endloop
endfacet
facet normal -0.67110556 -0.025074534 -0.7409377
 outer loop
  vertex -0.14213967 -0.014344545 -0.17260419
  vertex -0.15843214 0.0024170552 -0.1584145
  vertex -0.14213993 0.0026427559 -0.17317884
 endloop
endfacet
facet normal 0.5952454 -0.027159143 -0.8030849
 outer loop
  vertex 0.14214304 -0.014340257 -0.17260177
  vertex 0.12448217 -0.0154252015 -0.1856553
  vertex 0.1244819 0.0028467737 -0.18627343
 endloop
endfacet
facet normal 0.59524566 -0.027158694 -0.8030847
 outer loop
  vertex 0.14214304 -0.014340257 -0.17260177
  vertex 0.1244819 0.0028467737 -0.18627343
  vertex 0.14214279 0.0026470446 -0.17317644
 endloop
endfacet
facet normal -0.59523135 -0.027176054 -0.8030947
 outer loop
  vertex -0.12447855 -0.015428934 -0.18565743
  vertex -0.14213967 -0.014344545 -0.17260419
  vertex -0.14213993 0.0026427559 -0.17317884
 endloop
endfacet
facet normal -0.59523153 -0.027176287 -0.8030945
 outer loop
  vertex -0.12447855 -0.015428934 -0.18565743
  vertex -0.14213993 0.0026427559 -0.17317884
  vertex -0.12447882 0.0028430335 -0.18627554
 endloop
endfacet
facet normal 0.6711191 -0.025054775 -0.7409261
 outer loop
  vertex 0.158435 -0.013117199 -0.15788613
  vertex 0.14214304 -0.014340257 -0.17260177
  vertex 0.14214279 0.0026470446 -0.17317644
 endloop
endfacet
facet normal 0.6711197 -0.02505371 -0.74092555
 outer loop
  vertex 0.158435 -0.013117199 -0.15788613
  vertex 0.14214279 0.0026470446 -0.17317644
  vertex 0.15843476 0.0024218436 -0.15841179
 endloop
endfacet
facet normal -0.5136351 -0.02901617 -0.857518
 outer loop
  vertex -0.10561863 -0.016364725 -0.19692245
  vertex -0.12447855 -0.015428934 -0.18565743
  vertex -0.12447882 0.0028430335 -0.18627554
 endloop
endfacet
facet normal -0.5136357 -0.029016966 -0.8575176
 outer loop
  vertex -0.10561863 -0.016364725 -0.19692245
  vertex -0.12447882 0.0028430335 -0.18627554
  vertex -0.105618924 0.0030159485 -0.19757809
 endloop
endfacet
facet normal 0.7405549 -0.02270787 -0.671612
 outer loop
  vertex 0.17320114 -0.011767877 -0.14164983
  vertex 0.158435 -0.013117199 -0.15788613
  vertex 0.15843476 0.0024218436 -0.15841179
 endloop
endfacet
facet normal 0.7405543 -0.022709206 -0.6716127
 outer loop
  vertex 0.17320114 -0.011767877 -0.14164983
  vertex 0.15843476 0.0024218436 -0.15841179
  vertex 0.17320094 0.0021732473 -0.14212145
 endloop
endfacet
facet normal -0.4271274 -0.030577144 -0.90367424
 outer loop
  vertex -0.08574154 -0.017142914 -0.20629115
  vertex -0.10561863 -0.016364725 -0.19692245
  vertex -0.105618924 0.0030159485 -0.19757809
 endloop
endfacet
facet normal -0.42712605 -0.030575536 -0.90367496
 outer loop
  vertex -0.08574154 -0.017142914 -0.20629115
  vertex -0.105618924 0.0030159485 -0.19757809
  vertex -0.08574184 0.0031598068 -0.20697795
 endloop
endfacet
facet normal 0.8028685 -0.020144155 -0.5958157
 outer loop
  vertex 0.18629925 -0.010305245 -0.12404943
  vertex 0.17320114 -0.011767877 -0.14164983
  vertex 0.17320094 0.0021732473 -0.14212145
 endloop
endfacet
facet normal 0.8028684 -0.020144042 -0.5958158
 outer loop
  vertex 0.18629925 -0.010305245 -0.12404943
  vertex 0.17320094 0.0021732473 -0.14212145
  vertex 0.18629907 0.0019037006 -0.12446245
 endloop
endfacet
facet normal -0.3365232 -0.031841435 -0.94113666
 outer loop
  vertex -0.06503871 -0.017755985 -0.21367314
  vertex -0.08574154 -0.017142914 -0.20629115
  vertex -0.08574184 0.0031598068 -0.20697795
 endloop
endfacet
facet normal -0.3365243 -0.031842634 -0.9411363
 outer loop
  vertex -0.06503871 -0.017755985 -0.21367314
  vertex -0.08574184 0.0031598068 -0.20697795
  vertex -0.065039024 0.003273264 -0.21438454
 endloop
endfacet
facet normal 0.85746074 -0.017384158 -0.51425576
 outer loop
  vertex 0.19760318 -0.008743299 -0.10525426
  vertex 0.18629925 -0.010305245 -0.12404943
  vertex 0.18629907 0.0019037006 -0.12446245
 endloop
endfacet
facet normal 0.85746074 -0.017383944 -0.51425564
 outer loop
  vertex 0.19760318 -0.008743299 -0.10525426
  vertex 0.18629907 0.0019037006 -0.12446245
  vertex 0.19760303 0.0016158954 -0.10560469
 endloop
endfacet
facet normal -0.24269639 -0.03280234 -0.96954757
 outer loop
  vertex -0.043709554 -0.0181981 -0.21899728
  vertex -0.06503871 -0.017755985 -0.21367314
  vertex -0.065039024 0.003273264 -0.21438454
 endloop
endfacet
facet normal -0.2426966 -0.032802556 -0.9695475
 outer loop
  vertex -0.043709554 -0.0181981 -0.21899728
  vertex -0.065039024 0.003273264 -0.21438454
  vertex -0.04370987 0.0033551555 -0.21972641
 endloop
endfacet
facet normal 0.9037947 -0.014455978 -0.4277222
 outer loop
  vertex 0.2070041 -0.007097167 -0.08544537
  vertex 0.19760318 -0.008743299 -0.10525426
  vertex 0.19760303 0.0016158954 -0.10560469
 endloop
endfacet
facet normal 0.9037945 -0.014456766 -0.42772242
 outer loop
  vertex 0.2070041 -0.007097167 -0.08544537
  vertex 0.19760303 0.0016158954 -0.10560469
  vertex 0.20700398 0.0013124933 -0.08572986
 endloop
endfacet
facet normal -0.14654802 -0.033446953 -0.9886379
 outer loop
  vertex -0.021959418 -0.01846492 -0.22221233
  vertex -0.043709554 -0.0181981 -0.21899728
  vertex -0.04370987 0.0033551555 -0.21972641
 endloop
endfacet
facet normal -0.14654844 -0.033447366 -0.9886378
 outer loop
  vertex -0.021959418 -0.01846492 -0.22221233
  vertex -0.04370987 0.0033551555 -0.21972641
  vertex -0.021959744 0.0034047922 -0.22295217
 endloop
endfacet
facet normal -0.98914945 -0.0049807304 -0.14682855
 outer loop
  vertex -0.21975307 -0.0036230478 -0.043561593
  vertex -0.22297962 -0.0018219932 -0.021886189
  vertex -0.22297965 0.00033198553 -0.021959055
 endloop
endfacet
facet normal -0.9891495 -0.0049842447 -0.14682792
 outer loop
  vertex -0.21975307 -0.0036230478 -0.043561593
  vertex -0.22297965 0.00033198553 -0.021959055
  vertex -0.21975315 0.0006641672 -0.043706626
 endloop
endfacet
facet normal 0.9414173 -0.011388876 -0.3370516
 outer loop
  vertex 0.21441148 -0.005382699 -0.06481377
  vertex 0.2070041 -0.007097167 -0.08544537
  vertex 0.20700398 0.0013124933 -0.08572986
 endloop
endfacet
facet normal 0.9414175 -0.011387007 -0.337051
 outer loop
  vertex 0.21441148 -0.005382699 -0.06481377
  vertex 0.20700398 0.0013124933 -0.08572986
  vertex 0.21441138 0.0009964586 -0.06502958
 endloop
endfacet
facet normal -0.0489991 -0.033770334 -0.9982278
 outer loop
  vertex 2.194842e-06 -0.018553898 -0.22328733
  vertex -0.021959418 -0.01846492 -0.22221233
  vertex -0.021959744 0.0034047922 -0.22295217
 endloop
endfacet
facet normal -0.048998266 -0.0337695 -0.9982278
 outer loop
  vertex 2.194842e-06 -0.018553898 -0.22328733
  vertex -0.021959744 0.0034047922 -0.22295217
  vertex 1.8690824e-06 0.003421627 -0.22403073
 endloop
endfacet
facet normal -0.96996 -0.008241568 -0.24312471
 outer loop
  vertex -0.2144102 -0.0053891735 -0.06481741
  vertex -0.21975307 -0.0036230478 -0.043561593
  vertex -0.21975315 0.0006641672 -0.043706626
 endloop
endfacet
facet normal -0.96996 -0.008240421 -0.24312502
 outer loop
  vertex -0.2144102 -0.0053891735 -0.06481741
  vertex -0.21975315 0.0006641672 -0.043706626
  vertex -0.2144103 0.0009899854 -0.06503321
 endloop
endfacet
facet normal 0.96996427 -0.008208481 -0.24310885
 outer loop
  vertex 0.21975395 -0.0036164 -0.043557838
  vertex 0.21441148 -0.005382699 -0.06481377
  vertex 0.21441138 0.0009964586 -0.06502958
 endloop
endfacet
facet normal 0.9699644 -0.008207104 -0.24310859
 outer loop
  vertex 0.21975395 -0.0036164 -0.043557838
  vertex 0.21441138 0.0009964586 -0.06502958
  vertex 0.21975388 0.00067081663 -0.043702867
 endloop
endfacet
facet normal 0.049017772 -0.033768017 -0.9982269
 outer loop
  vertex 0.021963764 -0.018464256 -0.22221194
  vertex 2.194842e-06 -0.018553898 -0.22328733
  vertex 1.8690824e-06 0.003421627 -0.22403073
 endloop
endfacet
facet normal 0.04901696 -0.033768844 -0.99822694
 outer loop
  vertex 0.021963764 -0.018464256 -0.22221194
  vertex 1.8690824e-06 0.003421627 -0.22403073
  vertex 0.021963438 0.0034054557 -0.22295178
 endloop
endfacet
facet normal -0.9414115 -0.011417919 -0.33706668
 outer loop
  vertex -0.20700243 -0.0071034236 -0.0854489
  vertex -0.2144102 -0.0053891735 -0.06481741
  vertex -0.2144103 0.0009899854 -0.06503321
 endloop
endfacet
facet normal -0.9414113 -0.011416116 -0.3370673
 outer loop
  vertex -0.20700243 -0.0071034236 -0.0854489
  vertex -0.2144103 0.0009899854 -0.06503321
  vertex -0.20700255 0.0013062404 -0.08573339
 endloop
endfacet
facet normal 0.98915225 -0.004949147 -0.14681011
 outer loop
  vertex 0.22298004 -0.0018152508 -0.02188238
  vertex 0.21975395 -0.0036164 -0.043557838
  vertex 0.21975388 0.00067081663 -0.043702867
 endloop
endfacet
facet normal 0.9891522 -0.004952794 -0.1468105
 outer loop
  vertex 0.22298004 -0.0018152508 -0.02188238
  vertex 0.21975388 0.00067081663 -0.043702867
  vertex 0.22298001 0.0003387269 -0.021955246
 endloop
endfacet
facet normal 0.33653742 0.06056843 -0.9397202
 outer loop
  vertex 0.085745275 0.003162443 -0.20697656
  vertex 0.06504261 0.0032752375 -0.21438344
  vertex 0.06504228 0.02427297 -0.21303017
 endloop
endfacet
facet normal 0.3365378 0.060568873 -0.93972003
 outer loop
  vertex 0.085745275 0.003162443 -0.20697656
  vertex 0.06504228 0.02427297 -0.21303017
  vertex 0.085744955 0.023434728 -0.20567004
 endloop
endfacet
facet normal -0.8028589 0.03832996 -0.59493554
 outer loop
  vertex -0.17319858 0.0021680123 -0.1421244
  vertex -0.186297 0.0018980699 -0.12446562
  vertex -0.18629718 0.014088714 -0.12367997
 endloop
endfacet
facet normal -0.8028588 0.038330127 -0.59493566
 outer loop
  vertex -0.17319858 0.0021680123 -0.1421244
  vertex -0.18629718 0.014088714 -0.12367997
  vertex -0.17319879 0.01608823 -0.14122728
 endloop
endfacet
facet normal 0.42714283 0.058159415 -0.9023117
 outer loop
  vertex 0.10562217 0.003019156 -0.19757633
  vertex 0.085745275 0.003162443 -0.20697656
  vertex 0.085744955 0.023434728 -0.20567004
 endloop
endfacet
facet normal 0.4271428 0.05815938 -0.90231174
 outer loop
  vertex 0.10562217 0.003019156 -0.19757633
  vertex 0.085744955 0.023434728 -0.20567004
  vertex 0.10562187 0.022370765 -0.19632915
 endloop
endfacet
facet normal -0.74054354 0.043208603 -0.6706179
 outer loop
  vertex -0.15843214 0.0024170552 -0.1584145
  vertex -0.17319858 0.0021680123 -0.1421244
  vertex -0.17319879 0.01608823 -0.14122728
 endloop
endfacet
facet normal -0.74054354 0.043208525 -0.67061776
 outer loop
  vertex -0.15843214 0.0024170552 -0.1584145
  vertex -0.17319879 0.01608823 -0.14122728
  vertex -0.15843238 0.017932797 -0.15741454
 endloop
endfacet
facet normal 0.5136508 0.05519038 -0.8562225
 outer loop
  vertex 0.1244819 0.0028467737 -0.18627343
  vertex 0.10562217 0.003019156 -0.19757633
  vertex 0.10562187 0.022370765 -0.19632915
 endloop
endfacet
facet normal 0.51365024 0.055189766 -0.85622275
 outer loop
  vertex 0.1244819 0.0028467737 -0.18627343
  vertex 0.10562187 0.022370765 -0.19632915
  vertex 0.12448161 0.021091357 -0.1850976
 endloop
endfacet
facet normal -0.6711065 0.047669984 -0.7398268
 outer loop
  vertex -0.14213993 0.0026427559 -0.17317884
  vertex -0.15843214 0.0024170552 -0.1584145
  vertex -0.15843238 0.017932797 -0.15741454
 endloop
endfacet
facet normal -0.6711065 0.047669984 -0.73982674
 outer loop
  vertex -0.14213993 0.0026427559 -0.17317884
  vertex -0.15843238 0.017932797 -0.15741454
  vertex -0.14214018 0.019604588 -0.17208569
 endloop
endfacet
facet normal 0.5952444 0.051688813 -0.80188054
 outer loop
  vertex 0.14214279 0.0026470446 -0.17317644
  vertex 0.1244819 0.0028467737 -0.18627343
  vertex 0.12448161 0.021091357 -0.1850976
 endloop
endfacet
facet normal 0.59524447 0.05168885 -0.80188054
 outer loop
  vertex 0.14214279 0.0026470446 -0.17317644
  vertex 0.12448161 0.021091357 -0.1850976
  vertex 0.14214253 0.019608872 -0.17208327
 endloop
endfacet
facet normal -0.5952327 0.051671013 -0.80189043
 outer loop
  vertex -0.12447882 0.0028430335 -0.18627554
  vertex -0.14213993 0.0026427559 -0.17317884
  vertex -0.14214018 0.019604588 -0.17208569
 endloop
endfacet
facet normal -0.5952331 0.05167047 -0.80189013
 outer loop
  vertex -0.12447882 0.0028430335 -0.18627554
  vertex -0.14214018 0.019604588 -0.17208569
  vertex -0.12447911 0.021087624 -0.18509972
 endloop
endfacet
facet normal 0.67111844 0.047689952 -0.7398146
 outer loop
  vertex 0.15843476 0.0024218436 -0.15841179
  vertex 0.14214279 0.0026470446 -0.17317644
  vertex 0.14214253 0.019608872 -0.17208327
 endloop
endfacet
facet normal 0.6711184 0.04768985 -0.7398147
 outer loop
  vertex 0.15843476 0.0024218436 -0.15841179
  vertex 0.14214253 0.019608872 -0.17208327
  vertex 0.15843453 0.017937584 -0.15741183
 endloop
endfacet
facet normal -0.513637 0.05517393 -0.85623175
 outer loop
  vertex -0.105618924 0.0030159485 -0.19757809
  vertex -0.12447882 0.0028430335 -0.18627554
  vertex -0.12447911 0.021087624 -0.18509972
 endloop
endfacet
facet normal -0.51363695 0.055174068 -0.85623187
 outer loop
  vertex -0.105618924 0.0030159485 -0.19757809
  vertex -0.12447911 0.021087624 -0.18509972
  vertex -0.10561923 0.022367565 -0.19633092
 endloop
endfacet
facet normal 0.7405534 0.04323052 -0.6706056
 outer loop
  vertex 0.17320094 0.0021732473 -0.14212145
  vertex 0.15843476 0.0024218436 -0.15841179
  vertex 0.15843453 0.017937584 -0.15741183
 endloop
endfacet
facet normal 0.7405531 0.043230016 -0.6706059
 outer loop
  vertex 0.17320094 0.0021732473 -0.14212145
  vertex 0.15843453 0.017937584 -0.15741183
  vertex 0.17320073 0.016093465 -0.14122432
 endloop
endfacet
facet normal -0.42712736 0.05814572 -0.9023199
 outer loop
  vertex -0.08574184 0.0031598068 -0.20697795
  vertex -0.105618924 0.0030159485 -0.19757809
  vertex -0.10561923 0.022367565 -0.19633092
 endloop
endfacet
facet normal -0.42712787 0.05814509 -0.9023198
 outer loop
  vertex -0.08574184 0.0031598068 -0.20697795
  vertex -0.10561923 0.022367565 -0.19633092
  vertex -0.08574216 0.02343209 -0.20567146
 endloop
endfacet
facet normal 0.8028677 0.03835333 -0.5949222
 outer loop
  vertex 0.18629907 0.0019037006 -0.12446245
  vertex 0.17320094 0.0021732473 -0.14212145
  vertex 0.17320073 0.016093465 -0.14122432
 endloop
endfacet
facet normal 0.8028675 0.038352657 -0.5949226
 outer loop
  vertex 0.18629907 0.0019037006 -0.12446245
  vertex 0.17320073 0.016093465 -0.14122432
  vertex 0.18629889 0.014094344 -0.1236768
 endloop
endfacet
facet normal -0.33652577 0.0605572 -0.9397251
 outer loop
  vertex -0.065039024 0.003273264 -0.21438454
  vertex -0.08574184 0.0031598068 -0.20697795
  vertex -0.08574216 0.02343209 -0.20567146
 endloop
endfacet
facet normal -0.33652484 0.060558252 -0.93972534
 outer loop
  vertex -0.065039024 0.003273264 -0.21438454
  vertex -0.08574216 0.02343209 -0.20567146
  vertex -0.06503935 0.024270996 -0.21303128
 endloop
endfacet
facet normal 0.85745996 0.033105053 -0.51348454
 outer loop
  vertex 0.19760303 0.0016158954 -0.10560469
  vertex 0.18629907 0.0019037006 -0.12446245
  vertex 0.18629889 0.014094344 -0.1236768
 endloop
endfacet
facet normal 0.85746044 0.03310649 -0.5134839
 outer loop
  vertex 0.19760303 0.0016158954 -0.10560469
  vertex 0.18629889 0.014094344 -0.1236768
  vertex 0.19760287 0.011959547 -0.10493807
 endloop
endfacet
facet normal -0.24269795 0.062388003 -0.9680937
 outer loop
  vertex -0.04370987 0.0033551555 -0.21972641
  vertex -0.065039024 0.003273264 -0.21438454
  vertex -0.06503935 0.024270996 -0.21303128
 endloop
endfacet
facet normal -0.24269858 0.06238733 -0.9680936
 outer loop
  vertex -0.04370987 0.0033551555 -0.21972641
  vertex -0.06503935 0.024270996 -0.21303128
  vertex -0.04371021 0.024876105 -0.21833944
 endloop
endfacet
facet normal 0.9037939 0.027538763 -0.42708105
 outer loop
  vertex 0.20700398 0.0013124933 -0.08572986
  vertex 0.19760303 0.0016158954 -0.10560469
  vertex 0.19760287 0.011959547 -0.10493807
 endloop
endfacet
facet normal 0.90379393 0.027538942 -0.42708096
 outer loop
  vertex 0.20700398 0.0013124933 -0.08572986
  vertex 0.19760287 0.011959547 -0.10493807
  vertex 0.20700385 0.00970954 -0.08518869
 endloop
endfacet
facet normal -0.14655009 0.06361734 -0.9871555
 outer loop
  vertex -0.021959744 0.0034047922 -0.22295217
  vertex -0.04370987 0.0033551555 -0.21972641
  vertex -0.04371021 0.024876105 -0.21833944
 endloop
endfacet
facet normal -0.14654909 0.06361838 -0.9871555
 outer loop
  vertex -0.021959744 0.0034047922 -0.22295217
  vertex -0.04371021 0.024876105 -0.21833944
  vertex -0.021960085 0.0252417 -0.22154482
 endloop
endfacet
facet normal -0.9891497 0.009434937 -0.14660768
 outer loop
  vertex -0.21975315 0.0006641672 -0.043706626
  vertex -0.22297965 0.00033198553 -0.021959055
  vertex -0.22297968 0.002482734 -0.021820443
 endloop
endfacet
facet normal -0.9891497 0.0094347475 -0.14660768
 outer loop
  vertex -0.21975315 0.0006641672 -0.043706626
  vertex -0.22297968 0.002482734 -0.021820443
  vertex -0.2197532 0.004944953 -0.04343074
 endloop
endfacet
facet normal 0.94141704 0.021704732 -0.33654562
 outer loop
  vertex 0.21441138 0.0009964586 -0.06502958
  vertex 0.20700398 0.0013124933 -0.08572986
  vertex 0.20700385 0.00970954 -0.08518869
 endloop
endfacet
facet normal 0.94141674 0.021703208 -0.3365462
 outer loop
  vertex 0.21441138 0.0009964586 -0.06502958
  vertex 0.20700385 0.00970954 -0.08518869
  vertex 0.21441129 0.0073660566 -0.064619064
 endloop
endfacet
facet normal -0.04899989 0.06423702 -0.99673104
 outer loop
  vertex 1.8690824e-06 0.003421627 -0.22403073
  vertex -0.021959744 0.0034047922 -0.22295217
  vertex -0.021960085 0.0252417 -0.22154482
 endloop
endfacet
facet normal -0.048999187 0.0642377 -0.9967309
 outer loop
  vertex 1.8690824e-06 0.003421627 -0.22403073
  vertex -0.021960085 0.0252417 -0.22154482
  vertex 1.5254159e-06 0.02536419 -0.22261655
 endloop
endfacet
facet normal -0.9699603 0.015631886 -0.2427604
 outer loop
  vertex -0.2144103 0.0009899854 -0.06503321
  vertex -0.21975315 0.0006641672 -0.043706626
  vertex -0.2197532 0.004944953 -0.04343074
 endloop
endfacet
facet normal -0.9699604 0.01563167 -0.24276038
 outer loop
  vertex -0.2144103 0.0009899854 -0.06503321
  vertex -0.2197532 0.004944953 -0.04343074
  vertex -0.2144104 0.00735958 -0.06462271
 endloop
endfacet
facet normal 0.96996397 0.015658148 -0.2427441
 outer loop
  vertex 0.21975388 0.00067081663 -0.043702867
  vertex 0.21441138 0.0009964586 -0.06502958
  vertex 0.21441129 0.0073660566 -0.064619064
 endloop
endfacet
facet normal 0.969964 0.015657714 -0.2427442
 outer loop
  vertex 0.21975388 0.00067081663 -0.043702867
  vertex 0.21441129 0.0073660566 -0.064619064
  vertex 0.21975382 0.0049516 -0.043426983
 endloop
endfacet
facet normal 0.049015578 0.06423918 -0.99673
 outer loop
  vertex 0.021963438 0.0034054557 -0.22295178
  vertex 1.8690824e-06 0.003421627 -0.22403073
  vertex 1.5254159e-06 0.02536419 -0.22261655
 endloop
endfacet
facet normal 0.04901489 0.064238496 -0.9967301
 outer loop
  vertex 0.021963438 0.0034054557 -0.22295178
  vertex 1.5254159e-06 0.02536419 -0.22261655
  vertex 0.021963097 0.025242362 -0.22154443
 endloop
endfacet
facet normal -0.94141173 0.02167737 -0.33656192
 outer loop
  vertex -0.20700255 0.0013062404 -0.08573339
  vertex -0.2144103 0.0009899854 -0.06503321
  vertex -0.2144104 0.00735958 -0.06462271
 endloop
endfacet
facet normal -0.94141203 0.021675954 -0.3365616
 outer loop
  vertex -0.20700255 0.0013062404 -0.08573339
  vertex -0.2144104 0.00735958 -0.06462271
  vertex -0.20700268 0.009703287 -0.08519221
 endloop
endfacet
facet normal 0.9891521 0.009461091 -0.1465904
 outer loop
  vertex 0.22298001 0.0003387269 -0.021955246
  vertex 0.21975388 0.00067081663 -0.043702867
  vertex 0.21975382 0.0049516 -0.043426983
 endloop
endfacet
facet normal 0.989152 0.009461191 -0.14659041
 outer loop
  vertex 0.22298001 0.0003387269 -0.021955246
  vertex 0.21975382 0.0049516 -0.043426983
  vertex 0.22297998 0.0024894744 -0.021816636
 endloop
endfacet
facet normal 0.14656436 0.06362278 -0.987153
 outer loop
  vertex 0.043713517 0.0033564765 -0.21972567
  vertex 0.021963438 0.0034054557 -0.22295178
  vertex 0.021963097 0.025242362 -0.22154443
 endloop
endfacet
facet normal 0.14656341 0.06362182 -0.98715323
 outer loop
  vertex 0.043713517 0.0033564765 -0.21972567
  vertex 0.021963097 0.025242362 -0.22154443
  vertex 0.04371318 0.024877427 -0.2183387
 endloop
endfacet
facet normal -0.9037874 0.027511464 -0.42709652
 outer loop
  vertex -0.19760129 0.0016099229 -0.10560802
  vertex -0.20700255 0.0013062404 -0.08573339
  vertex -0.20700268 0.009703287 -0.08519221
 endloop
endfacet
facet normal -0.9037875 0.027511133 -0.42709646
 outer loop
  vertex -0.19760129 0.0016099229 -0.10560802
  vertex -0.20700268 0.009703287 -0.08519221
  vertex -0.19760145 0.011953576 -0.1049414
 endloop
endfacet
facet normal 0.24271205 0.06239474 -0.96808976
 outer loop
  vertex 0.06504261 0.0032752375 -0.21438344
  vertex 0.043713517 0.0033564765 -0.21972567
  vertex 0.04371318 0.024877427 -0.2183387
 endloop
endfacet
facet normal 0.2427126 0.062395323 -0.9680896
 outer loop
  vertex 0.06504261 0.0032752375 -0.21438344
  vertex 0.04371318 0.024877427 -0.2183387
  vertex 0.06504228 0.02427297 -0.21303017
 endloop
endfacet
facet normal -0.85745233 0.0330803 -0.51349896
 outer loop
  vertex -0.186297 0.0018980699 -0.12446562
  vertex -0.19760129 0.0016099229 -0.10560802
  vertex -0.19760145 0.011953576 -0.1049414
 endloop
endfacet
facet normal -0.85745215 0.03308081 -0.5134991
 outer loop
  vertex -0.186297 0.0018980699 -0.12446562
  vertex -0.19760145 0.011953576 -0.1049414
  vertex -0.18629718 0.014088714 -0.12367997
 endloop
endfacet
facet normal 0.51364905 0.13884853 -0.8466911
 outer loop
  vertex 0.12448161 0.021091357 -0.1850976
  vertex 0.10562187 0.022370765 -0.19632915
  vertex 0.105621554 0.041506954 -0.1931912
 endloop
endfacet
facet normal 0.5136495 0.1388491 -0.84669065
 outer loop
  vertex 0.12448161 0.021091357 -0.1850976
  vertex 0.105621554 0.041506954 -0.1931912
  vertex 0.12448131 0.03913283 -0.18213916
 endloop
endfacet
facet normal -0.6711076 0.119956344 -0.7315908
 outer loop
  vertex -0.14214018 0.019604588 -0.17208569
  vertex -0.15843238 0.017932797 -0.15741454
  vertex -0.15843263 0.03327581 -0.15489857
 endloop
endfacet
facet normal -0.6711078 0.119955726 -0.73159057
 outer loop
  vertex -0.14214018 0.019604588 -0.17208569
  vertex -0.15843263 0.03327581 -0.15489857
  vertex -0.14214046 0.036377594 -0.16933523
 endloop
endfacet
facet normal 0.59524316 0.13003865 -0.79295367
 outer loop
  vertex 0.14214253 0.019608872 -0.17208327
  vertex 0.12448161 0.021091357 -0.1850976
  vertex 0.12448131 0.03913283 -0.18213916
 endloop
endfacet
facet normal 0.59524316 0.13003872 -0.79295367
 outer loop
  vertex 0.14214253 0.019608872 -0.17208327
  vertex 0.12448131 0.03913283 -0.18213916
  vertex 0.14214225 0.03638188 -0.16933283
 endloop
endfacet
facet normal -0.59523433 0.13002095 -0.7929632
 outer loop
  vertex -0.12447911 0.021087624 -0.18509972
  vertex -0.14214018 0.019604588 -0.17208569
  vertex -0.14214046 0.036377594 -0.16933523
 endloop
endfacet
facet normal -0.59523493 0.13001978 -0.7929629
 outer loop
  vertex -0.12447911 0.021087624 -0.18509972
  vertex -0.14214046 0.036377594 -0.16933523
  vertex -0.124479406 0.039129097 -0.18214129
 endloop
endfacet
facet normal 0.67111707 0.119975775 -0.7315789
 outer loop
  vertex 0.15843453 0.017937584 -0.15741183
  vertex 0.14214253 0.019608872 -0.17208327
  vertex 0.14214225 0.03638188 -0.16933283
 endloop
endfacet
facet normal 0.6711175 0.119976416 -0.7315784
 outer loop
  vertex 0.15843453 0.017937584 -0.15741183
  vertex 0.14214225 0.03638188 -0.16933283
  vertex 0.15843427 0.0332806 -0.15489586
 endloop
endfacet
facet normal -0.5136383 0.13883299 -0.84670013
 outer loop
  vertex -0.10561923 0.022367565 -0.19633092
  vertex -0.12447911 0.021087624 -0.18509972
  vertex -0.124479406 0.039129097 -0.18214129
 endloop
endfacet
facet normal -0.51363766 0.13883394 -0.8467004
 outer loop
  vertex -0.10561923 0.022367565 -0.19633092
  vertex -0.124479406 0.039129097 -0.18214129
  vertex -0.10561954 0.04150375 -0.19319296
 endloop
endfacet
facet normal 0.7405521 0.108754985 -0.6631402
 outer loop
  vertex 0.17320073 0.016093465 -0.14122432
  vertex 0.15843453 0.017937584 -0.15741183
  vertex 0.15843427 0.0332806 -0.15489586
 endloop
endfacet
facet normal 0.7405523 0.10875534 -0.66313994
 outer loop
  vertex 0.17320073 0.016093465 -0.14122432
  vertex 0.15843427 0.0332806 -0.15489586
  vertex 0.17320049 0.029858718 -0.13896708
 endloop
endfacet
facet normal -0.42712927 0.14630868 -0.89227486
 outer loop
  vertex -0.08574216 0.02343209 -0.20567146
  vertex -0.10561923 0.022367565 -0.19633092
  vertex -0.10561954 0.04150375 -0.19319296
 endloop
endfacet
facet normal -0.42712915 0.14630881 -0.89227486
 outer loop
  vertex -0.08574216 0.02343209 -0.20567146
  vertex -0.10561954 0.04150375 -0.19319296
  vertex -0.08574249 0.043478698 -0.2023842
 endloop
endfacet
facet normal 0.80286664 0.09648394 -0.58829933
 outer loop
  vertex 0.18629889 0.014094344 -0.1236768
  vertex 0.17320073 0.016093465 -0.14122432
  vertex 0.17320049 0.029858718 -0.13896708
 endloop
endfacet
facet normal 0.8028664 0.09648313 -0.5882998
 outer loop
  vertex 0.18629889 0.014094344 -0.1236768
  vertex 0.17320049 0.029858718 -0.13896708
  vertex 0.18629868 0.02614928 -0.12170003
 endloop
endfacet
facet normal -0.33652645 0.15237582 -0.92926395
 outer loop
  vertex -0.06503935 0.024270996 -0.21303128
  vertex -0.08574216 0.02343209 -0.20567146
  vertex -0.08574249 0.043478698 -0.2023842
 endloop
endfacet
facet normal -0.3365266 0.1523756 -0.92926395
 outer loop
  vertex -0.06503935 0.024270996 -0.21303128
  vertex -0.08574249 0.043478698 -0.2023842
  vertex -0.065039694 0.045034967 -0.20962639
 endloop
endfacet
facet normal 0.8574596 0.08327845 -0.5077675
 outer loop
  vertex 0.19760287 0.011959547 -0.10493807
  vertex 0.18629889 0.014094344 -0.1236768
  vertex 0.18629868 0.02614928 -0.12170003
 endloop
endfacet
facet normal 0.8574593 0.083277695 -0.507768
 outer loop
  vertex 0.19760287 0.011959547 -0.10493807
  vertex 0.18629868 0.02614928 -0.12170003
  vertex 0.1976027 0.022188056 -0.10326079
 endloop
endfacet
facet normal -0.24270003 0.1569772 -0.9573165
 outer loop
  vertex -0.04371021 0.024876105 -0.21833944
  vertex -0.06503935 0.024270996 -0.21303128
  vertex -0.065039694 0.045034967 -0.20962639
 endloop
endfacet
facet normal -0.24270053 0.15697666 -0.9573164
 outer loop
  vertex -0.04371021 0.024876105 -0.21833944
  vertex -0.065039694 0.045034967 -0.20962639
  vertex -0.04371056 0.046157483 -0.21484973
 endloop
endfacet
facet normal 0.9037932 0.06926776 -0.42232653
 outer loop
  vertex 0.20700385 0.00970954 -0.08518869
  vertex 0.19760287 0.011959547 -0.10493807
  vertex 0.1976027 0.022188056 -0.10326079
 endloop
endfacet
facet normal 0.90379333 0.06926815 -0.42232624
 outer loop
  vertex 0.20700385 0.00970954 -0.08518869
  vertex 0.1976027 0.022188056 -0.10326079
  vertex 0.20700371 0.018013114 -0.083827056
 endloop
endfacet
facet normal -0.14655082 0.16006923 -0.9761663
 outer loop
  vertex -0.021960085 0.0252417 -0.22154482
  vertex -0.04371021 0.024876105 -0.21833944
  vertex -0.04371056 0.046157483 -0.21484973
 endloop
endfacet
facet normal -0.14655028 0.16006976 -0.9761663
 outer loop
  vertex -0.021960085 0.0252417 -0.22154482
  vertex -0.04371056 0.046157483 -0.21484973
  vertex -0.021960443 0.04683551 -0.21800385
 endloop
endfacet
facet normal -0.9891499 0.023759274 -0.14497562
 outer loop
  vertex -0.2197532 0.004944953 -0.04343074
  vertex -0.22297968 0.002482734 -0.021820443
  vertex -0.22297971 0.0046095406 -0.021471689
 endloop
endfacet
facet normal -0.98915 0.023755811 -0.14497568
 outer loop
  vertex -0.2197532 0.004944953 -0.04343074
  vertex -0.22297971 0.0046095406 -0.021471689
  vertex -0.21975328 0.009178084 -0.042736586
 endloop
endfacet
facet normal 0.9414162 0.054588094 -0.3327995
 outer loop
  vertex 0.21441129 0.0073660566 -0.064619064
  vertex 0.20700385 0.00970954 -0.08518869
  vertex 0.20700371 0.018013114 -0.083827056
 endloop
endfacet
facet normal 0.94141626 0.05458816 -0.33279955
 outer loop
  vertex 0.21441129 0.0073660566 -0.064619064
  vertex 0.20700371 0.018013114 -0.083827056
  vertex 0.21441118 0.013664744 -0.063586205
 endloop
endfacet
facet normal -0.04900088 0.16162409 -0.9856351
 outer loop
  vertex 1.5254159e-06 0.02536419 -0.22261655
  vertex -0.021960085 0.0252417 -0.22154482
  vertex -0.021960443 0.04683551 -0.21800385
 endloop
endfacet
facet normal -0.049000774 0.16162422 -0.9856351
 outer loop
  vertex 1.5254159e-06 0.02536419 -0.22261655
  vertex -0.021960443 0.04683551 -0.21800385
  vertex 1.1671517e-06 0.047062486 -0.21905845
 endloop
endfacet
facet normal -0.96996075 0.039347854 -0.24005824
 outer loop
  vertex -0.2144104 0.00735958 -0.06462271
  vertex -0.2197532 0.004944953 -0.04343074
  vertex -0.21975328 0.009178084 -0.042736586
 endloop
endfacet
facet normal -0.96996063 0.03934871 -0.24005829
 outer loop
  vertex -0.2144104 0.00735958 -0.06462271
  vertex -0.21975328 0.009178084 -0.042736586
  vertex -0.2144105 0.013658267 -0.06358985
 endloop
endfacet
facet normal 0.96996355 0.0393781 -0.24004161
 outer loop
  vertex 0.21975382 0.0049516 -0.043426983
  vertex 0.21441129 0.0073660566 -0.064619064
  vertex 0.21441118 0.013664744 -0.063586205
 endloop
endfacet
facet normal 0.96996367 0.03937916 -0.24004117
 outer loop
  vertex 0.21975382 0.0049516 -0.043426983
  vertex 0.21441118 0.013664744 -0.063586205
  vertex 0.21975374 0.009184732 -0.04273283
 endloop
endfacet
facet normal 0.049013443 0.16162567 -0.9856342
 outer loop
  vertex 0.021963097 0.025242362 -0.22154443
  vertex 1.5254159e-06 0.02536419 -0.22261655
  vertex 1.1671517e-06 0.047062486 -0.21905845
 endloop
endfacet
facet normal 0.049013335 0.16162556 -0.9856342
 outer loop
  vertex 0.021963097 0.025242362 -0.22154443
  vertex 1.1671517e-06 0.047062486 -0.21905845
  vertex 0.02196274 0.04683617 -0.21800347
 endloop
endfacet
facet normal -0.94141245 0.05455943 -0.332815
 outer loop
  vertex -0.20700268 0.009703287 -0.08519221
  vertex -0.2144104 0.00735958 -0.06462271
  vertex -0.2144105 0.013658267 -0.06358985
 endloop
endfacet
facet normal -0.9414124 0.054559983 -0.33281505
 outer loop
  vertex -0.20700268 0.009703287 -0.08519221
  vertex -0.2144105 0.013658267 -0.06358985
  vertex -0.20700282 0.018006861 -0.08383059
 endloop
endfacet
facet normal 0.9891518 0.023787737 -0.14495808
 outer loop
  vertex 0.22297998 0.0024894744 -0.021816636
  vertex 0.21975382 0.0049516 -0.043426983
  vertex 0.21975374 0.009184732 -0.04273283
 endloop
endfacet
facet normal 0.9891517 0.023784311 -0.14495917
 outer loop
  vertex 0.22297998 0.0024894744 -0.021816636
  vertex 0.21975374 0.009184732 -0.04273283
  vertex 0.22297995 0.004616281 -0.021467881
 endloop
endfacet
facet normal 0.14656202 0.16007422 -0.97616386
 outer loop
  vertex 0.04371318 0.024877427 -0.2183387
  vertex 0.021963097 0.025242362 -0.22154443
  vertex 0.02196274 0.04683617 -0.21800347
 endloop
endfacet
facet normal 0.14656147 0.1600737 -0.976164
 outer loop
  vertex 0.04371318 0.024877427 -0.2183387
  vertex 0.02196274 0.04683617 -0.21800347
  vertex 0.04371283 0.0461588 -0.21484898
 endloop
endfacet
facet normal -0.90378815 0.0692412 -0.4223419
 outer loop
  vertex -0.19760145 0.011953576 -0.1049414
  vertex -0.20700268 0.009703287 -0.08519221
  vertex -0.20700282 0.018006861 -0.08383059
 endloop
endfacet
facet normal -0.9037881 0.06924134 -0.4223419
 outer loop
  vertex -0.19760145 0.011953576 -0.1049414
  vertex -0.20700282 0.018006861 -0.08383059
  vertex -0.19760162 0.022182077 -0.10326412
 endloop
endfacet
facet normal 0.24271095 0.15698402 -0.9573126
 outer loop
  vertex 0.06504228 0.02427297 -0.21303017
  vertex 0.04371318 0.024877427 -0.2183387
  vertex 0.04371283 0.0461588 -0.21484898
 endloop
endfacet
facet normal 0.24271144 0.15698451 -0.95731235
 outer loop
  vertex 0.06504228 0.02427297 -0.21303017
  vertex 0.04371283 0.0461588 -0.21484898
  vertex 0.06504194 0.04503694 -0.20962529
 endloop
endfacet
facet normal -0.8574529 0.083252735 -0.5077828
 outer loop
  vertex -0.18629718 0.014088714 -0.12367997
  vertex -0.19760145 0.011953576 -0.1049414
  vertex -0.19760162 0.022182077 -0.10326412
 endloop
endfacet
facet normal -0.8574533 0.08325127 -0.50778246
 outer loop
  vertex -0.18629718 0.014088714 -0.12367997
  vertex -0.19760162 0.022182077 -0.10326412
  vertex -0.18629739 0.026143648 -0.12170321
 endloop
endfacet
facet normal 0.33653635 0.15238585 -0.92925876
 outer loop
  vertex 0.085744955 0.023434728 -0.20567004
  vertex 0.06504228 0.02427297 -0.21303017
  vertex 0.06504194 0.04503694 -0.20962529
 endloop
endfacet
facet normal 0.33653644 0.152386 -0.9292587
 outer loop
  vertex 0.085744955 0.023434728 -0.20567004
  vertex 0.06504194 0.04503694 -0.20962529
  vertex 0.08574463 0.04348133 -0.20238279
 endloop
endfacet
facet normal -0.8028599 0.09645753 -0.58831286
 outer loop
  vertex -0.17319879 0.01608823 -0.14122728
  vertex -0.18629718 0.014088714 -0.12367997
  vertex -0.18629739 0.026143648 -0.12170321
 endloop
endfacet
facet normal -0.8028596 0.09645841 -0.5883131
 outer loop
  vertex -0.17319879 0.01608823 -0.14122728
  vertex -0.18629739 0.026143648 -0.12170321
  vertex -0.17319903 0.029853484 -0.13897003
 endloop
endfacet
facet normal 0.42714152 0.14632152 -0.89226687
 outer loop
  vertex 0.10562187 0.022370765 -0.19632915
  vertex 0.085744955 0.023434728 -0.20567004
  vertex 0.08574463 0.04348133 -0.20238279
 endloop
endfacet
facet normal 0.42714077 0.14632072 -0.89226735
 outer loop
  vertex 0.10562187 0.022370765 -0.19632915
  vertex 0.08574463 0.04348133 -0.20238279
  vertex 0.105621554 0.041506954 -0.1931912
 endloop
endfacet
facet normal -0.7405446 0.10873169 -0.66315234
 outer loop
  vertex -0.15843238 0.017932797 -0.15741454
  vertex -0.17319879 0.01608823 -0.14122728
  vertex -0.17319903 0.029853484 -0.13897003
 endloop
endfacet
facet normal -0.74054426 0.10873255 -0.66315264
 outer loop
  vertex -0.15843238 0.017932797 -0.15741454
  vertex -0.17319903 0.029853484 -0.13897003
  vertex -0.15843263 0.03327581 -0.15489857
 endloop
endfacet
facet normal 0.6711161 0.19110624 -0.7162971
 outer loop
  vertex 0.15843427 0.0332806 -0.15489586
  vertex 0.14214225 0.03638188 -0.16933283
  vertex 0.14214197 0.052804526 -0.16495158
 endloop
endfacet
facet normal 0.67111593 0.19110593 -0.7162973
 outer loop
  vertex 0.15843427 0.0332806 -0.15489586
  vertex 0.14214197 0.052804526 -0.16495158
  vertex 0.158434 0.048303124 -0.15088814
 endloop
endfacet
facet normal -0.51363903 0.22115688 -0.8290142
 outer loop
  vertex -0.10561954 0.04150375 -0.19319296
  vertex -0.124479406 0.039129097 -0.18214129
  vertex -0.12447971 0.05679372 -0.1774287
 endloop
endfacet
facet normal -0.51364034 0.22115493 -0.8290139
 outer loop
  vertex -0.10561954 0.04150375 -0.19319296
  vertex -0.12447971 0.05679372 -0.1774287
  vertex -0.10561987 0.060240217 -0.18819445
 endloop
endfacet
facet normal 0.74055123 0.17323045 -0.6492882
 outer loop
  vertex 0.17320049 0.029858718 -0.13896708
  vertex 0.15843427 0.0332806 -0.15489586
  vertex 0.158434 0.048303124 -0.15088814
 endloop
endfacet
facet normal 0.7405508 0.17322974 -0.6492888
 outer loop
  vertex 0.17320049 0.029858718 -0.13896708
  vertex 0.158434 0.048303124 -0.15088814
  vertex 0.17320026 0.04333644 -0.13537149
 endloop
endfacet
facet normal -0.42713055 0.23306103 -0.87363726
 outer loop
  vertex -0.08574249 0.043478698 -0.2023842
  vertex -0.10561954 0.04150375 -0.19319296
  vertex -0.10561987 0.060240217 -0.18819445
 endloop
endfacet
facet normal -0.4271295 0.23306236 -0.8736374
 outer loop
  vertex -0.08574249 0.043478698 -0.2023842
  vertex -0.10561987 0.060240217 -0.18819445
  vertex -0.08574283 0.06310657 -0.19714786
 endloop
endfacet
facet normal 0.80286545 0.15368177 -0.57601136
 outer loop
  vertex 0.18629868 0.02614928 -0.12170003
  vertex 0.17320049 0.029858718 -0.13896708
  vertex 0.17320026 0.04333644 -0.13537149
 endloop
endfacet
facet normal 0.8028656 0.15368237 -0.57601076
 outer loop
  vertex 0.18629868 0.02614928 -0.12170003
  vertex 0.17320026 0.04333644 -0.13537149
  vertex 0.18629847 0.03795241 -0.118551195
 endloop
endfacet
facet normal -0.33652824 0.2427257 -0.9098533
 outer loop
  vertex -0.065039694 0.045034967 -0.20962639
  vertex -0.08574249 0.043478698 -0.2023842
  vertex -0.08574283 0.06310657 -0.19714786
 endloop
endfacet
facet normal -0.33652902 0.24272482 -0.9098533
 outer loop
  vertex -0.065039694 0.045034967 -0.20962639
  vertex -0.08574283 0.06310657 -0.19714786
  vertex -0.06504005 0.06536523 -0.20420268
 endloop
endfacet
facet normal 0.8574584 0.1326479 -0.49716145
 outer loop
  vertex 0.1976027 0.022188056 -0.10326079
  vertex 0.18629868 0.02614928 -0.12170003
  vertex 0.18629847 0.03795241 -0.118551195
 endloop
endfacet
facet normal 0.8574585 0.13264808 -0.49716133
 outer loop
  vertex 0.1976027 0.022188056 -0.10326079
  vertex 0.18629847 0.03795241 -0.118551195
  vertex 0.19760253 0.032202907 -0.10058903
 endloop
endfacet
facet normal -0.24270205 0.250054 -0.93731993
 outer loop
  vertex -0.04371056 0.046157483 -0.21484973
  vertex -0.065039694 0.045034967 -0.20962639
  vertex -0.06504005 0.06536523 -0.20420268
 endloop
endfacet
facet normal -0.24270158 0.25005454 -0.93731993
 outer loop
  vertex -0.04371056 0.046157483 -0.21484973
  vertex -0.06504005 0.06536523 -0.20420268
  vertex -0.043710925 0.06699432 -0.20929086
 endloop
endfacet
facet normal 0.9037926 0.110330924 -0.41350448
 outer loop
  vertex 0.20700371 0.018013114 -0.083827056
  vertex 0.1976027 0.022188056 -0.10326079
  vertex 0.19760253 0.032202907 -0.10058903
 endloop
endfacet
facet normal 0.90379274 0.11033117 -0.4135043
 outer loop
  vertex 0.20700371 0.018013114 -0.083827056
  vertex 0.19760253 0.032202907 -0.10058903
  vertex 0.20700356 0.026143236 -0.0816581
 endloop
endfacet
facet normal -0.14655201 0.25497994 -0.95577604
 outer loop
  vertex -0.021960443 0.04683551 -0.21800385
  vertex -0.04371056 0.046157483 -0.21484973
  vertex -0.043710925 0.06699432 -0.20929086
 endloop
endfacet
facet normal -0.1465521 0.25497988 -0.95577604
 outer loop
  vertex -0.021960443 0.04683551 -0.21800385
  vertex -0.043710925 0.06699432 -0.20929086
  vertex -0.02196081 0.06797827 -0.21236338
 endloop
endfacet
facet normal -0.9891503 0.037847597 -0.14194825
 outer loop
  vertex -0.21975328 0.009178084 -0.042736586
  vertex -0.22297971 0.0046095406 -0.021471689
  vertex -0.22297975 0.0066919215 -0.020916153
 endloop
endfacet
facet normal -0.98915017 0.03785107 -0.14194784
 outer loop
  vertex -0.21975328 0.009178084 -0.042736586
  vertex -0.22297975 0.0066919215 -0.020916153
  vertex -0.21975335 0.013322793 -0.04163086
 endloop
endfacet
facet normal 0.94141567 0.08694685 -0.3258476
 outer loop
  vertex 0.21441118 0.013664744 -0.063586205
  vertex 0.20700371 0.018013114 -0.083827056
  vertex 0.20700356 0.026143236 -0.0816581
 endloop
endfacet
facet normal 0.94141585 0.08694773 -0.325847
 outer loop
  vertex 0.21441118 0.013664744 -0.063586205
  vertex 0.20700356 0.026143236 -0.0816581
  vertex 0.21441106 0.019831864 -0.06194094
 endloop
endfacet
facet normal -0.049002554 0.25745487 -0.965047
 outer loop
  vertex 1.1671517e-06 0.047062486 -0.21905845
  vertex -0.021960443 0.04683551 -0.21800385
  vertex -0.02196081 0.06797827 -0.21236338
 endloop
endfacet
facet normal -0.049002722 0.25745472 -0.965047
 outer loop
  vertex 1.1671517e-06 0.047062486 -0.21905845
  vertex -0.02196081 0.06797827 -0.21236338
  vertex 7.977407e-07 0.068307534 -0.2133907
 endloop
endfacet
facet normal -0.96996105 0.06268767 -0.23504421
 outer loop
  vertex -0.2144105 0.013658267 -0.06358985
  vertex -0.21975328 0.009178084 -0.042736586
  vertex -0.21975335 0.013322793 -0.04163086
 endloop
endfacet
facet normal -0.96996117 0.06268618 -0.23504421
 outer loop
  vertex -0.2144105 0.013658267 -0.06358985
  vertex -0.21975335 0.013322793 -0.04163086
  vertex -0.21441062 0.019825388 -0.06194459
 endloop
endfacet
facet normal 0.96996325 0.06271929 -0.23502678
 outer loop
  vertex 0.21975374 0.009184732 -0.04273283
  vertex 0.21441118 0.013664744 -0.063586205
  vertex 0.21441106 0.019831864 -0.06194094
 endloop
endfacet
facet normal 0.9699632 0.06271806 -0.23502742
 outer loop
  vertex 0.21975374 0.009184732 -0.04273283
  vertex 0.21441106 0.019831864 -0.06194094
  vertex 0.21975367 0.013329441 -0.041627105
 endloop
endfacet
facet normal 0.049011875 0.2574562 -0.96504617
 outer loop
  vertex 0.02196274 0.04683617 -0.21800347
  vertex 1.1671517e-06 0.047062486 -0.21905845
  vertex 7.977407e-07 0.068307534 -0.2133907
 endloop
endfacet
facet normal 0.049011942 0.25745627 -0.96504617
 outer loop
  vertex 0.02196274 0.04683617 -0.21800347
  vertex 7.977407e-07 0.068307534 -0.2133907
  vertex 0.021962373 0.06797894 -0.21236299
 endloop
endfacet
facet normal -0.941413 0.086915515 -0.32586387
 outer loop
  vertex -0.20700282 0.018006861 -0.08383059
  vertex -0.2144105 0.013658267 -0.06358985
  vertex -0.21441062 0.019825388 -0.06194459
 endloop
endfacet
facet normal -0.94141287 0.08691665 -0.32586396
 outer loop
  vertex -0.20700282 0.018006861 -0.08383059
  vertex -0.21441062 0.019825388 -0.06194459
  vertex -0.20700297 0.026136985 -0.081661634
 endloop
endfacet
facet normal 0.9891515 0.037882 -0.14193046
 outer loop
  vertex 0.22297995 0.004616281 -0.021467881
  vertex 0.21975374 0.009184732 -0.04273283
  vertex 0.21975367 0.013329441 -0.041627105
 endloop
endfacet
facet normal 0.9891516 0.03788518 -0.14192912
 outer loop
  vertex 0.22297995 0.004616281 -0.021467881
  vertex 0.21975367 0.013329441 -0.041627105
  vertex 0.2229799 0.0066986615 -0.020912344
 endloop
endfacet
facet normal 0.14656001 0.25498423 -0.95577365
 outer loop
  vertex 0.04371283 0.0461588 -0.21484898
  vertex 0.02196274 0.04683617 -0.21800347
  vertex 0.021962373 0.06797894 -0.21236299
 endloop
endfacet
facet normal 0.14656013 0.25498435 -0.95577353
 outer loop
  vertex 0.04371283 0.0461588 -0.21484898
  vertex 0.021962373 0.06797894 -0.21236299
  vertex 0.043712463 0.06699564 -0.20929012
 endloop
endfacet
facet normal -0.90378875 0.11030237 -0.41352046
 outer loop
  vertex -0.19760162 0.022182077 -0.10326412
  vertex -0.20700282 0.018006861 -0.08383059
  vertex -0.20700297 0.026136985 -0.081661634
 endloop
endfacet
facet normal -0.9037886 0.1103033 -0.41352057
 outer loop
  vertex -0.19760162 0.022182077 -0.10326412
  vertex -0.20700297 0.026136985 -0.081661634
  vertex -0.1976018 0.032196924 -0.10059235
 endloop
endfacet
facet normal 0.24270979 0.25006187 -0.9373159
 outer loop
  vertex 0.06504194 0.04503694 -0.20962529
  vertex 0.04371283 0.0461588 -0.21484898
  vertex 0.043712463 0.06699564 -0.20929012
 endloop
endfacet
facet normal 0.24270888 0.250061 -0.9373163
 outer loop
  vertex 0.06504194 0.04503694 -0.20962529
  vertex 0.043712463 0.06699564 -0.20929012
  vertex 0.06504158 0.0653672 -0.2042016
 endloop
endfacet
facet normal -0.8574541 0.13262175 -0.49717587
 outer loop
  vertex -0.18629739 0.026143648 -0.12170321
  vertex -0.19760162 0.022182077 -0.10326412
  vertex -0.1976018 0.032196924 -0.10059235
 endloop
endfacet
facet normal -0.8574543 0.13262147 -0.4971758
 outer loop
  vertex -0.18629739 0.026143648 -0.12170321
  vertex -0.1976018 0.032196924 -0.10059235
  vertex -0.1862976 0.037946776 -0.11855437
 endloop
endfacet
facet normal 0.33653495 0.24273477 -0.9098484
 outer loop
  vertex 0.08574463 0.04348133 -0.20238279
  vertex 0.06504194 0.04503694 -0.20962529
  vertex 0.06504158 0.0653672 -0.2042016
 endloop
endfacet
facet normal 0.33653548 0.24273533 -0.90984803
 outer loop
  vertex 0.08574463 0.04348133 -0.20238279
  vertex 0.06504158 0.0653672 -0.2042016
  vertex 0.085744284 0.063109204 -0.19714646
 endloop
endfacet
facet normal -0.8028606 0.15365762 -0.5760244
 outer loop
  vertex -0.17319903 0.029853484 -0.13897003
  vertex -0.18629739 0.026143648 -0.12170321
  vertex -0.1862976 0.037946776 -0.11855437
 endloop
endfacet
facet normal -0.8028603 0.15365872 -0.5760246
 outer loop
  vertex -0.17319903 0.029853484 -0.13897003
  vertex -0.1862976 0.037946776 -0.11855437
  vertex -0.17319925 0.043331202 -0.13537444
 endloop
endfacet
facet normal 0.42713937 0.23307446 -0.87362933
 outer loop
  vertex 0.105621554 0.041506954 -0.1931912
  vertex 0.08574463 0.04348133 -0.20238279
  vertex 0.085744284 0.063109204 -0.19714646
 endloop
endfacet
facet normal 0.42713943 0.23307456 -0.8736293
 outer loop
  vertex 0.105621554 0.041506954 -0.1931912
  vertex 0.085744284 0.063109204 -0.19714646
  vertex 0.105621226 0.06024342 -0.18819268
 endloop
endfacet
facet normal -0.74054533 0.17320839 -0.64930075
 outer loop
  vertex -0.15843263 0.03327581 -0.15489857
  vertex -0.17319903 0.029853484 -0.13897003
  vertex -0.17319925 0.043331202 -0.13537444
 endloop
endfacet
facet normal -0.74054575 0.17320728 -0.6493005
 outer loop
  vertex -0.15843263 0.03327581 -0.15489857
  vertex -0.17319925 0.043331202 -0.13537444
  vertex -0.1584329 0.048298333 -0.15089086
 endloop
endfacet
facet normal 0.51364833 0.22117111 -0.8290047
 outer loop
  vertex 0.12448131 0.03913283 -0.18213916
  vertex 0.105621554 0.041506954 -0.1931912
  vertex 0.105621226 0.06024342 -0.18819268
 endloop
endfacet
facet normal 0.5136479 0.22117074 -0.829005
 outer loop
  vertex 0.12448131 0.03913283 -0.18213916
  vertex 0.105621226 0.06024342 -0.18819268
  vertex 0.12448101 0.056797456 -0.17742659
 endloop
endfacet
facet normal -0.671109 0.1910852 -0.7163094
 outer loop
  vertex -0.14214046 0.036377594 -0.16933523
  vertex -0.15843263 0.03327581 -0.15489857
  vertex -0.1584329 0.048298333 -0.15089086
 endloop
endfacet
facet normal -0.6711088 0.1910857 -0.71630955
 outer loop
  vertex -0.14214046 0.036377594 -0.16933523
  vertex -0.1584329 0.048298333 -0.15089086
  vertex -0.14214075 0.05280024 -0.16495399
 endloop
endfacet
facet normal 0.5952418 0.20713563 -0.77639043
 outer loop
  vertex 0.14214225 0.03638188 -0.16933283
  vertex 0.12448131 0.03913283 -0.18213916
  vertex 0.12448101 0.056797456 -0.17742659
 endloop
endfacet
facet normal 0.59524244 0.20713651 -0.77638966
 outer loop
  vertex 0.14214225 0.03638188 -0.16933283
  vertex 0.12448101 0.056797456 -0.17742659
  vertex 0.14214197 0.052804526 -0.16495158
 endloop
endfacet
facet normal -0.59523624 0.20711783 -0.7763994
 outer loop
  vertex -0.124479406 0.039129097 -0.18214129
  vertex -0.14214046 0.036377594 -0.16933523
  vertex -0.14214075 0.05280024 -0.16495399
 endloop
endfacet
facet normal -0.5952356 0.20711887 -0.77639955
 outer loop
  vertex -0.124479406 0.039129097 -0.18214129
  vertex -0.14214075 0.05280024 -0.16495399
  vertex -0.12447971 0.05679372 -0.1774287
 endloop
endfacet
facet normal 0.80286473 0.2094024 -0.5581746
 outer loop
  vertex 0.18629847 0.03795241 -0.118551195
  vertex 0.17320026 0.04333644 -0.13537149
  vertex 0.17320003 0.05639683 -0.13047215
 endloop
endfacet
facet normal 0.8028644 0.20940153 -0.5581754
 outer loop
  vertex 0.18629847 0.03795241 -0.118551195
  vertex 0.17320003 0.05639683 -0.13047215
  vertex 0.18629827 0.04939007 -0.114260614
 endloop
endfacet
facet normal -0.3365307 0.33073694 -0.8816803
 outer loop
  vertex -0.06504005 0.06536523 -0.20420268
  vertex -0.08574283 0.06310657 -0.19714786
  vertex -0.08574318 0.08212666 -0.19001289
 endloop
endfacet
facet normal -0.33653036 0.33073732 -0.88168025
 outer loop
  vertex -0.06504005 0.06536523 -0.20420268
  vertex -0.08574318 0.08212666 -0.19001289
  vertex -0.06504041 0.08506596 -0.19681238
 endloop
endfacet
facet normal 0.8574576 0.1807397 -0.48176715
 outer loop
  vertex 0.19760253 0.032202907 -0.10058903
  vertex 0.18629847 0.03795241 -0.118551195
  vertex 0.18629827 0.04939007 -0.114260614
 endloop
endfacet
facet normal 0.85745776 0.18074006 -0.48176688
 outer loop
  vertex 0.19760253 0.032202907 -0.10058903
  vertex 0.18629827 0.04939007 -0.114260614
  vertex 0.19760235 0.04190766 -0.096948504
 endloop
endfacet
facet normal -0.24270307 0.34072357 -0.9082966
 outer loop
  vertex -0.043710925 0.06699432 -0.20929086
  vertex -0.06504005 0.06536523 -0.20420268
  vertex -0.06504041 0.08506596 -0.19681238
 endloop
endfacet
facet normal -0.24270354 0.34072304 -0.90829664
 outer loop
  vertex -0.043710925 0.06699432 -0.20929086
  vertex -0.06504041 0.08506596 -0.19681238
  vertex -0.043711293 0.08718597 -0.20171641
 endloop
endfacet
facet normal 0.9037919 0.15033057 -0.40070033
 outer loop
  vertex 0.20700356 0.026143236 -0.0816581
  vertex 0.19760253 0.032202907 -0.10058903
  vertex 0.19760235 0.04190766 -0.096948504
 endloop
endfacet
facet normal 0.9037917 0.15032975 -0.4007011
 outer loop
  vertex 0.20700356 0.026143236 -0.0816581
  vertex 0.19760235 0.04190766 -0.096948504
  vertex 0.20700343 0.034021623 -0.078702696
 endloop
endfacet
facet normal -0.14655392 0.3474338 -0.92618126
 outer loop
  vertex -0.02196081 0.06797827 -0.21236338
  vertex -0.043710925 0.06699432 -0.20929086
  vertex -0.043711293 0.08718597 -0.20171641
 endloop
endfacet
facet normal -0.14655356 0.34743416 -0.92618114
 outer loop
  vertex -0.02196081 0.06797827 -0.21236338
  vertex -0.043711293 0.08718597 -0.20171641
  vertex -0.021961184 0.08846635 -0.20467772
 endloop
endfacet
facet normal -0.98915046 0.051584974 -0.1375516
 outer loop
  vertex -0.21975335 0.013322793 -0.04163086
  vertex -0.22297975 0.0066919215 -0.020916153
  vertex -0.22297978 0.008709824 -0.02015918
 endloop
endfacet
facet normal -0.98915046 0.051581483 -0.13755234
 outer loop
  vertex -0.21975335 0.013322793 -0.04163086
  vertex -0.22297978 0.008709824 -0.02015918
  vertex -0.21975343 0.017339163 -0.040124204
 endloop
endfacet
facet normal 0.94141537 0.11846585 -0.31575805
 outer loop
  vertex 0.21441106 0.019831864 -0.06194094
  vertex 0.20700356 0.026143236 -0.0816581
  vertex 0.20700343 0.034021623 -0.078702696
 endloop
endfacet
facet normal 0.9414153 0.118465975 -0.31575793
 outer loop
  vertex 0.21441106 0.019831864 -0.06194094
  vertex 0.20700343 0.034021623 -0.078702696
  vertex 0.21441096 0.025808027 -0.059699114
 endloop
endfacet
facet normal -0.0490045 0.35080606 -0.9351651
 outer loop
  vertex 7.977407e-07 0.068307534 -0.2133907
  vertex -0.02196081 0.06797827 -0.21236338
  vertex -0.021961184 0.08846635 -0.20467772
 endloop
endfacet
facet normal -0.04900421 0.35080633 -0.935165
 outer loop
  vertex 7.977407e-07 0.068307534 -0.2133907
  vertex -0.021961184 0.08846635 -0.20467772
  vertex 4.2074012e-07 0.08889475 -0.20566784
 endloop
endfacet
facet normal -0.96996164 0.085423574 -0.22776587
 outer loop
  vertex -0.21441062 0.019825388 -0.06194459
  vertex -0.21975335 0.013322793 -0.04163086
  vertex -0.21975343 0.017339163 -0.040124204
 endloop
endfacet
facet normal -0.9699616 0.085424386 -0.2277658
 outer loop
  vertex -0.21441062 0.019825388 -0.06194459
  vertex -0.21975343 0.017339163 -0.040124204
  vertex -0.21441072 0.025801547 -0.059702765
 endloop
endfacet
facet normal 0.9699627 0.0854523 -0.22775015
 outer loop
  vertex 0.21975367 0.013329441 -0.041627105
  vertex 0.21441106 0.019831864 -0.06194094
  vertex 0.21441096 0.025808027 -0.059699114
 endloop
endfacet
facet normal 0.96996284 0.08545359 -0.22774932
 outer loop
  vertex 0.21975367 0.013329441 -0.041627105
  vertex 0.21441096 0.025808027 -0.059699114
  vertex 0.2197536 0.01734581 -0.040120445
 endloop
endfacet
facet normal 0.049010336 0.35080782 -0.93516415
 outer loop
  vertex 0.021962373 0.06797894 -0.21236299
  vertex 7.977407e-07 0.068307534 -0.2133907
  vertex 4.2074012e-07 0.08889475 -0.20566784
 endloop
endfacet
facet normal 0.049010046 0.35080755 -0.9351642
 outer loop
  vertex 0.021962373 0.06797894 -0.21236299
  vertex 4.2074012e-07 0.08889475 -0.20566784
  vertex 0.021961998 0.088467024 -0.20467733
 endloop
endfacet
facet normal -0.9414134 0.11843904 -0.31577358
 outer loop
  vertex -0.20700297 0.026136985 -0.081661634
  vertex -0.21441062 0.019825388 -0.06194459
  vertex -0.21441072 0.025801547 -0.059702765
 endloop
endfacet
facet normal -0.94141334 0.11843969 -0.31577355
 outer loop
  vertex -0.20700297 0.026136985 -0.081661634
  vertex -0.21441072 0.025801547 -0.059702765
  vertex -0.2070031 0.034015365 -0.07870623
 endloop
endfacet
facet normal 0.9891513 0.051611893 -0.13753515
 outer loop
  vertex 0.2229799 0.0066986615 -0.020912344
  vertex 0.21975367 0.013329441 -0.041627105
  vertex 0.2197536 0.01734581 -0.040120445
 endloop
endfacet
facet normal 0.9891512 0.05160852 -0.13753702
 outer loop
  vertex 0.2229799 0.0066986615 -0.020912344
  vertex 0.2197536 0.01734581 -0.040120445
  vertex 0.22297987 0.008716563 -0.020155372
 endloop
endfacet
facet normal 0.1465587 0.3474386 -0.92617875
 outer loop
  vertex 0.043712463 0.06699564 -0.20929012
  vertex 0.021962373 0.06797894 -0.21236299
  vertex 0.021961998 0.088467024 -0.20467733
 endloop
endfacet
facet normal 0.14655834 0.34743825 -0.9261789
 outer loop
  vertex 0.043712463 0.06699564 -0.20929012
  vertex 0.021961998 0.088467024 -0.20467733
  vertex 0.043712094 0.0871873 -0.20171566
 endloop
endfacet
facet normal -0.90378934 0.15030472 -0.40071604
 outer loop
  vertex -0.1976018 0.032196924 -0.10059235
  vertex -0.20700297 0.026136985 -0.081661634
  vertex -0.2070031 0.034015365 -0.07870623
 endloop
endfacet
facet normal -0.9037896 0.15030333 -0.400716
 outer loop
  vertex -0.1976018 0.032196924 -0.10059235
  vertex -0.2070031 0.034015365 -0.07870623
  vertex -0.19760197 0.041901667 -0.09695183
 endloop
endfacet
facet normal 0.2427072 0.3407305 -0.90829283
 outer loop
  vertex 0.06504158 0.0653672 -0.2042016
  vertex 0.043712463 0.06699564 -0.20929012
  vertex 0.043712094 0.0871873 -0.20171566
 endloop
endfacet
facet normal 0.24270801 0.34073123 -0.9082924
 outer loop
  vertex 0.06504158 0.0653672 -0.2042016
  vertex 0.043712094 0.0871873 -0.20171566
  vertex 0.06504122 0.08506794 -0.19681127
 endloop
endfacet
facet normal -0.8574551 0.18071409 -0.48178133
 outer loop
  vertex -0.1862976 0.037946776 -0.11855437
  vertex -0.1976018 0.032196924 -0.10059235
  vertex -0.19760197 0.041901667 -0.09695183
 endloop
endfacet
facet normal -0.85745513 0.18071377 -0.48178127
 outer loop
  vertex -0.1862976 0.037946776 -0.11855437
  vertex -0.19760197 0.041901667 -0.09695183
  vertex -0.1862978 0.049384438 -0.11426379
 endloop
endfacet
facet normal 0.3365339 0.33074796 -0.88167495
 outer loop
  vertex 0.085744284 0.063109204 -0.19714646
  vertex 0.06504158 0.0653672 -0.2042016
  vertex 0.06504122 0.08506794 -0.19681127
 endloop
endfacet
facet normal 0.33653373 0.33074778 -0.88167506
 outer loop
  vertex 0.085744284 0.063109204 -0.19714646
  vertex 0.06504122 0.08506794 -0.19681127
  vertex 0.085743934 0.082129315 -0.19001147
 endloop
endfacet
facet normal -0.80286133 0.2093773 -0.55818886
 outer loop
  vertex -0.17319925 0.043331202 -0.13537444
  vertex -0.1862976 0.037946776 -0.11855437
  vertex -0.1862978 0.049384438 -0.11426379
 endloop
endfacet
facet normal -0.8028609 0.2093785 -0.558189
 outer loop
  vertex -0.17319925 0.043331202 -0.13537444
  vertex -0.1862978 0.049384438 -0.11426379
  vertex -0.17319949 0.056391593 -0.1304751
 endloop
endfacet
facet normal 0.42713794 0.31758344 -0.8465778
 outer loop
  vertex 0.105621226 0.06024342 -0.18819268
  vertex 0.085744284 0.063109204 -0.19714646
  vertex 0.085743934 0.082129315 -0.19001147
 endloop
endfacet
facet normal 0.42713785 0.31758335 -0.8465779
 outer loop
  vertex 0.105621226 0.06024342 -0.18819268
  vertex 0.085743934 0.082129315 -0.19001147
  vertex 0.1056209 0.07839972 -0.18138173
 endloop
endfacet
facet normal -0.740547 0.23601615 -0.6291951
 outer loop
  vertex -0.1584329 0.048298333 -0.15089086
  vertex -0.17319925 0.043331202 -0.13537444
  vertex -0.17319949 0.056391593 -0.1304751
 endloop
endfacet
facet normal -0.7405472 0.23601559 -0.62919503
 outer loop
  vertex -0.1584329 0.048298333 -0.15089086
  vertex -0.17319949 0.056391593 -0.1304751
  vertex -0.15843315 0.062855706 -0.14542998
 endloop
endfacet
facet normal 0.5136467 0.30136335 -0.8033351
 outer loop
  vertex 0.12448101 0.056797456 -0.17742659
  vertex 0.105621226 0.06024342 -0.18819268
  vertex 0.1056209 0.07839972 -0.18138173
 endloop
endfacet
facet normal 0.5136465 0.30136305 -0.80333537
 outer loop
  vertex 0.12448101 0.056797456 -0.17742659
  vertex 0.1056209 0.07839972 -0.18138173
  vertex 0.124480695 0.07391511 -0.17100528
 endloop
endfacet
facet normal -0.6711099 0.26037556 -0.6941297
 outer loop
  vertex -0.14214075 0.05280024 -0.16495399
  vertex -0.1584329 0.048298333 -0.15089086
  vertex -0.15843315 0.062855706 -0.14542998
 endloop
endfacet
facet normal -0.6711103 0.2603748 -0.69412965
 outer loop
  vertex -0.14214075 0.05280024 -0.16495399
  vertex -0.15843315 0.062855706 -0.14542998
  vertex -0.14214104 0.06871438 -0.15898415
 endloop
endfacet
facet normal 0.59524095 0.2822383 -0.75234944
 outer loop
  vertex 0.14214197 0.052804526 -0.16495158
  vertex 0.12448101 0.056797456 -0.17742659
  vertex 0.124480695 0.07391511 -0.17100528
 endloop
endfacet
facet normal 0.5952412 0.2822385 -0.7523493
 outer loop
  vertex 0.14214197 0.052804526 -0.16495158
  vertex 0.124480695 0.07391511 -0.17100528
  vertex 0.14214167 0.06871866 -0.15898174
 endloop
endfacet
facet normal -0.5952369 0.28221992 -0.75235957
 outer loop
  vertex -0.12447971 0.05679372 -0.1774287
  vertex -0.14214075 0.05280024 -0.16495399
  vertex -0.14214104 0.06871438 -0.15898415
 endloop
endfacet
facet normal -0.59523666 0.2822203 -0.7523596
 outer loop
  vertex -0.12447971 0.05679372 -0.1774287
  vertex -0.14214104 0.06871438 -0.15898415
  vertex -0.124480024 0.07391138 -0.17100738
 endloop
endfacet
facet normal 0.67111456 0.26039562 -0.6941177
 outer loop
  vertex 0.158434 0.048303124 -0.15088814
  vertex 0.14214197 0.052804526 -0.16495158
  vertex 0.14214167 0.06871866 -0.15898174
 endloop
endfacet
facet normal 0.671114 0.26039484 -0.69411844
 outer loop
  vertex 0.158434 0.048303124 -0.15088814
  vertex 0.14214167 0.06871866 -0.15898174
  vertex 0.15843375 0.06286049 -0.14542727
 endloop
endfacet
facet normal -0.5136419 0.3013475 -0.8033441
 outer loop
  vertex -0.10561987 0.060240217 -0.18819445
  vertex -0.12447971 0.05679372 -0.1774287
  vertex -0.124480024 0.07391138 -0.17100738
 endloop
endfacet
facet normal -0.51364094 0.30134884 -0.80334413
 outer loop
  vertex -0.10561987 0.060240217 -0.18819445
  vertex -0.124480024 0.07391138 -0.17100738
  vertex -0.1056202 0.078396514 -0.18138349
 endloop
endfacet
facet normal 0.7405498 0.23603731 -0.62918395
 outer loop
  vertex 0.17320026 0.04333644 -0.13537149
  vertex 0.158434 0.048303124 -0.15088814
  vertex 0.15843375 0.06286049 -0.14542727
 endloop
endfacet
facet normal 0.7405505 0.23603843 -0.6291826
 outer loop
  vertex 0.17320026 0.04333644 -0.13537149
  vertex 0.15843375 0.06286049 -0.14542727
  vertex 0.17320003 0.05639683 -0.13047215
 endloop
endfacet
facet normal -0.42713094 0.31757158 -0.84658575
 outer loop
  vertex -0.08574283 0.06310657 -0.19714786
  vertex -0.10561987 0.060240217 -0.18819445
  vertex -0.1056202 0.078396514 -0.18138349
 endloop
endfacet
facet normal -0.4271319 0.3175703 -0.8465857
 outer loop
  vertex -0.08574283 0.06310657 -0.19714786
  vertex -0.1056202 0.078396514 -0.18138349
  vertex -0.08574318 0.08212666 -0.19001289
 endloop
endfacet
facet normal 0.90379107 0.1888833 -0.38403746
 outer loop
  vertex 0.20700343 0.034021623 -0.078702696
  vertex 0.19760235 0.04190766 -0.096948504
  vertex 0.19760217 0.051208843 -0.09237427
 endloop
endfacet
facet normal 0.90379107 0.18888338 -0.38403746
 outer loop
  vertex 0.20700343 0.034021623 -0.078702696
  vertex 0.19760217 0.051208843 -0.09237427
  vertex 0.20700328 0.04157239 -0.07498931
 endloop
endfacet
facet normal -0.14655538 0.43654287 -0.88766646
 outer loop
  vertex -0.021961184 0.08846635 -0.20467772
  vertex -0.043711293 0.08718597 -0.20171641
  vertex -0.043711666 0.10653796 -0.19219929
 endloop
endfacet
facet normal -0.14655507 0.43654314 -0.8876664
 outer loop
  vertex -0.021961184 0.08846635 -0.20467772
  vertex -0.043711666 0.10653796 -0.19219929
  vertex -0.021961564 0.10810245 -0.19502087
 endloop
endfacet
facet normal -0.98915076 0.06481171 -0.131834
 outer loop
  vertex -0.21975343 0.017339163 -0.040124204
  vertex -0.22297978 0.008709824 -0.02015918
  vertex -0.22297983 0.010643812 -0.019208064
 endloop
endfacet
facet normal -0.9891507 0.064815134 -0.1318329
 outer loop
  vertex -0.21975343 0.017339163 -0.040124204
  vertex -0.22297983 0.010643812 -0.019208064
  vertex -0.2197535 0.021188514 -0.038231127
 endloop
endfacet
facet normal 0.9414147 0.14884706 -0.30262664
 outer loop
  vertex 0.21441096 0.025808027 -0.059699114
  vertex 0.20700343 0.034021623 -0.078702696
  vertex 0.20700328 0.04157239 -0.07498931
 endloop
endfacet
facet normal 0.9414146 0.14884628 -0.30262724
 outer loop
  vertex 0.21441096 0.025808027 -0.059699114
  vertex 0.20700328 0.04157239 -0.07498931
  vertex 0.21441086 0.03153567 -0.056882314
 endloop
endfacet
facet normal -0.049006023 0.44077948 -0.8962767
 outer loop
  vertex 4.2074012e-07 0.08889475 -0.20566784
  vertex -0.021961184 0.08846635 -0.20467772
  vertex -0.021961564 0.10810245 -0.19502087
 endloop
endfacet
facet normal -0.04900596 0.44077954 -0.89627665
 outer loop
  vertex 4.2074012e-07 0.08889475 -0.20566784
  vertex -0.021961564 0.10810245 -0.19502087
  vertex 3.978081e-08 0.10862586 -0.19596426
 endloop
endfacet
facet normal -0.96996194 0.10733667 -0.2182948
 outer loop
  vertex -0.21441072 0.025801547 -0.059702765
  vertex -0.21975343 0.017339163 -0.040124204
  vertex -0.2197535 0.021188514 -0.038231127
 endloop
endfacet
facet normal -0.9699619 0.10733749 -0.21829462
 outer loop
  vertex -0.21441072 0.025801547 -0.059702765
  vertex -0.2197535 0.021188514 -0.038231127
  vertex -0.21441083 0.031529192 -0.056885965
 endloop
endfacet
facet normal 0.9699624 0.107365035 -0.21827868
 outer loop
  vertex 0.2197536 0.01734581 -0.040120445
  vertex 0.21441096 0.025808027 -0.059699114
  vertex 0.21441086 0.03153567 -0.056882314
 endloop
endfacet
facet normal 0.9699625 0.10736576 -0.21827814
 outer loop
  vertex 0.2197536 0.01734581 -0.040120445
  vertex 0.21441086 0.03153567 -0.056882314
  vertex 0.21975352 0.021195162 -0.038227372
 endloop
endfacet
facet normal 0.04900842 0.440781 -0.8962758
 outer loop
  vertex 0.021961998 0.088467024 -0.20467733
  vertex 4.2074012e-07 0.08889475 -0.20566784
  vertex 3.978081e-08 0.10862586 -0.19596426
 endloop
endfacet
facet normal 0.049008362 0.44078097 -0.8962758
 outer loop
  vertex 0.021961998 0.088467024 -0.20467733
  vertex 3.978081e-08 0.10862586 -0.19596426
  vertex 0.021961618 0.10810312 -0.19502048
 endloop
endfacet
facet normal -0.9414139 0.1488196 -0.30264276
 outer loop
  vertex -0.2070031 0.034015365 -0.07870623
  vertex -0.21441072 0.025801547 -0.059702765
  vertex -0.21441083 0.031529192 -0.056885965
 endloop
endfacet
facet normal -0.94141406 0.14881802 -0.30264297
 outer loop
  vertex -0.2070031 0.034015365 -0.07870623
  vertex -0.21441083 0.031529192 -0.056885965
  vertex -0.20700325 0.04156613 -0.07499284
 endloop
endfacet
facet normal 0.989151 0.064844936 -0.13181597
 outer loop
  vertex 0.22297987 0.008716563 -0.020155372
  vertex 0.2197536 0.01734581 -0.040120445
  vertex 0.21975352 0.021195162 -0.038227372
 endloop
endfacet
facet normal 0.98915106 0.064847685 -0.13181399
 outer loop
  vertex 0.22297987 0.008716563 -0.020155372
  vertex 0.21975352 0.021195162 -0.038227372
  vertex 0.22297983 0.010650551 -0.019204255
 endloop
endfacet
facet normal 0.14655684 0.4365476 -0.88766396
 outer loop
  vertex 0.043712094 0.0871873 -0.20171566
  vertex 0.021961998 0.088467024 -0.20467733
  vertex 0.021961618 0.10810312 -0.19502048
 endloop
endfacet
facet normal 0.14655651 0.43654734 -0.88766414
 outer loop
  vertex 0.043712094 0.0871873 -0.20171566
  vertex 0.021961618 0.10810312 -0.19502048
  vertex 0.043711722 0.10653929 -0.19219854
 endloop
endfacet
facet normal -0.90379024 0.18885529 -0.38405305
 outer loop
  vertex -0.19760197 0.041901667 -0.09695183
  vertex -0.2070031 0.034015365 -0.07870623
  vertex -0.20700325 0.04156613 -0.07499284
 endloop
endfacet
facet normal -0.90379024 0.18885592 -0.384053
 outer loop
  vertex -0.19760197 0.041901667 -0.09695183
  vertex -0.20700325 0.04156613 -0.07499284
  vertex -0.19760215 0.05120285 -0.0923776
 endloop
endfacet
facet normal 0.24270625 0.4281187 -0.87052166
 outer loop
  vertex 0.06504122 0.08506794 -0.19681127
  vertex 0.043712094 0.0871873 -0.20171566
  vertex 0.043711722 0.10653929 -0.19219854
 endloop
endfacet
facet normal 0.24270616 0.42811862 -0.8705217
 outer loop
  vertex 0.06504122 0.08506794 -0.19681127
  vertex 0.043711722 0.10653929 -0.19219854
  vertex 0.06504086 0.10394944 -0.18752554
 endloop
endfacet
facet normal -0.85745597 0.22706588 -0.46174702
 outer loop
  vertex -0.1862978 0.049384438 -0.11426379
  vertex -0.19760197 0.041901667 -0.09695183
  vertex -0.19760215 0.05120285 -0.0923776
 endloop
endfacet
facet normal -0.85745585 0.22706635 -0.46174702
 outer loop
  vertex -0.1862978 0.049384438 -0.11426379
  vertex -0.19760215 0.05120285 -0.0923776
  vertex -0.18629801 0.06034646 -0.10887277
 endloop
endfacet
facet normal 0.33653212 0.4155746 -0.8450112
 outer loop
  vertex 0.085743934 0.082129315 -0.19001147
  vertex 0.06504122 0.08506794 -0.19681127
  vertex 0.06504086 0.10394944 -0.18752554
 endloop
endfacet
facet normal 0.3365327 0.4155751 -0.8450107
 outer loop
  vertex 0.085743934 0.082129315 -0.19001147
  vertex 0.06504086 0.10394944 -0.18752554
  vertex 0.085743584 0.100358486 -0.18104653
 endloop
endfacet
facet normal -0.8028621 0.26308137 -0.5349773
 outer loop
  vertex -0.17319949 0.056391593 -0.1304751
  vertex -0.1862978 0.049384438 -0.11426379
  vertex -0.18629801 0.06034646 -0.10887277
 endloop
endfacet
facet normal -0.8028625 0.26307994 -0.5349774
 outer loop
  vertex -0.17319949 0.056391593 -0.1304751
  vertex -0.18629801 0.06034646 -0.10887277
  vertex -0.17319974 0.068908885 -0.12431923
 endloop
endfacet
facet normal 0.4271364 0.39903414 -0.81137305
 outer loop
  vertex 0.1056209 0.07839972 -0.18138173
  vertex 0.085743934 0.082129315 -0.19001147
  vertex 0.085743584 0.100358486 -0.18104653
 endloop
endfacet
facet normal 0.42713612 0.39903387 -0.81137335
 outer loop
  vertex 0.1056209 0.07839972 -0.18138173
  vertex 0.085743584 0.100358486 -0.18104653
  vertex 0.10562056 0.095800996 -0.17282395
 endloop
endfacet
facet normal -0.74054843 0.2965493 -0.60303116
 outer loop
  vertex -0.15843315 0.062855706 -0.14542998
  vertex -0.17319949 0.056391593 -0.1304751
  vertex -0.17319974 0.068908885 -0.12431923
 endloop
endfacet
facet normal -0.7405482 0.29654986 -0.60303116
 outer loop
  vertex -0.15843315 0.062855706 -0.14542998
  vertex -0.17319974 0.068908885 -0.12431923
  vertex -0.15843344 0.076807715 -0.13856852
 endloop
endfacet
facet normal 0.5136451 0.37865344 -0.76992875
 outer loop
  vertex 0.124480695 0.07391511 -0.17100528
  vertex 0.1056209 0.07839972 -0.18138173
  vertex 0.10562056 0.095800996 -0.17282395
 endloop
endfacet
facet normal 0.51364446 0.3786528 -0.76992947
 outer loop
  vertex 0.124480695 0.07391511 -0.17100528
  vertex 0.10562056 0.095800996 -0.17282395
  vertex 0.124480374 0.09032094 -0.16293707
 endloop
endfacet
facet normal -0.6711115 0.32715726 -0.66526496
 outer loop
  vertex -0.14214104 0.06871438 -0.15898415
  vertex -0.15843315 0.062855706 -0.14542998
  vertex -0.15843344 0.076807715 -0.13856852
 endloop
endfacet
facet normal -0.6711112 0.3271579 -0.665265
 outer loop
  vertex -0.14214104 0.06871438 -0.15898415
  vertex -0.15843344 0.076807715 -0.13856852
  vertex -0.14214133 0.08396673 -0.15148321
 endloop
endfacet
facet normal 0.5952397 0.35462263 -0.72106344
 outer loop
  vertex 0.14214167 0.06871866 -0.15898174
  vertex 0.124480695 0.07391511 -0.17100528
  vertex 0.124480374 0.09032094 -0.16293707
 endloop
endfacet
facet normal 0.5952395 0.35462242 -0.72106373
 outer loop
  vertex 0.14214167 0.06871866 -0.15898174
  vertex 0.124480374 0.09032094 -0.16293707
  vertex 0.14214139 0.083971016 -0.1514808
 endloop
endfacet
facet normal -0.5952379 0.35460523 -0.7210734
 outer loop
  vertex -0.124480024 0.07391138 -0.17100738
  vertex -0.14214104 0.06871438 -0.15898415
  vertex -0.14214133 0.08396673 -0.15148321
 endloop
endfacet
facet normal -0.5952381 0.35460508 -0.7210734
 outer loop
  vertex -0.124480024 0.07391138 -0.17100738
  vertex -0.14214133 0.08396673 -0.15148321
  vertex -0.124480344 0.0903172 -0.16293916
 endloop
endfacet
facet normal 0.6711127 0.3271772 -0.6652539
 outer loop
  vertex 0.15843375 0.06286049 -0.14542727
  vertex 0.14214167 0.06871866 -0.15898174
  vertex 0.14214139 0.083971016 -0.1514808
 endloop
endfacet
facet normal 0.67111367 0.32717833 -0.66525245
 outer loop
  vertex 0.15843375 0.06286049 -0.14542727
  vertex 0.14214139 0.083971016 -0.1514808
  vertex 0.15843347 0.0768125 -0.13856581
 endloop
endfacet
facet normal -0.51364243 0.37863788 -0.7699382
 outer loop
  vertex -0.1056202 0.078396514 -0.18138349
  vertex -0.124480024 0.07391138 -0.17100738
  vertex -0.124480344 0.0903172 -0.16293916
 endloop
endfacet
facet normal -0.51364213 0.37863833 -0.7699382
 outer loop
  vertex -0.1056202 0.078396514 -0.18138349
  vertex -0.124480344 0.0903172 -0.16293916
  vertex -0.10562053 0.09579779 -0.17282571
 endloop
endfacet
facet normal 0.7405494 0.29657346 -0.60301805
 outer loop
  vertex 0.17320003 0.05639683 -0.13047215
  vertex 0.15843375 0.06286049 -0.14542727
  vertex 0.15843347 0.0768125 -0.13856581
 endloop
endfacet
facet normal 0.7405492 0.29657316 -0.60301846
 outer loop
  vertex 0.17320003 0.05639683 -0.13047215
  vertex 0.15843347 0.0768125 -0.13856581
  vertex 0.17319977 0.068914115 -0.12431628
 endloop
endfacet
facet normal -0.42713335 0.39902118 -0.81138104
 outer loop
  vertex -0.08574318 0.08212666 -0.19001289
  vertex -0.1056202 0.078396514 -0.18138349
  vertex -0.10562053 0.09579779 -0.17282571
 endloop
endfacet
facet normal -0.42713344 0.39902112 -0.81138104
 outer loop
  vertex -0.08574318 0.08212666 -0.19001289
  vertex -0.10562053 0.09579779 -0.17282571
  vertex -0.08574353 0.10035583 -0.18104796
 endloop
endfacet
facet normal 0.8028634 0.26310566 -0.5349633
 outer loop
  vertex 0.18629827 0.04939007 -0.114260614
  vertex 0.17320003 0.05639683 -0.13047215
  vertex 0.17319977 0.068914115 -0.12431628
 endloop
endfacet
facet normal 0.8028632 0.2631053 -0.5349638
 outer loop
  vertex 0.18629827 0.04939007 -0.114260614
  vertex 0.17319977 0.068914115 -0.12431628
  vertex 0.18629806 0.060352094 -0.1088696
 endloop
endfacet
facet normal -0.3365321 0.41556433 -0.84501624
 outer loop
  vertex -0.06504041 0.08506596 -0.19681238
  vertex -0.08574318 0.08212666 -0.19001289
  vertex -0.08574353 0.10035583 -0.18104796
 endloop
endfacet
facet normal -0.33653188 0.41556454 -0.8450162
 outer loop
  vertex -0.06504041 0.08506596 -0.19681238
  vertex -0.08574353 0.10035583 -0.18104796
  vertex -0.065040775 0.10394747 -0.18752663
 endloop
endfacet
facet normal 0.8574568 0.22709192 -0.46173266
 outer loop
  vertex 0.19760235 0.04190766 -0.096948504
  vertex 0.18629827 0.04939007 -0.114260614
  vertex 0.18629806 0.060352094 -0.1088696
 endloop
endfacet
facet normal 0.85745686 0.2270921 -0.46173248
 outer loop
  vertex 0.19760235 0.04190766 -0.096948504
  vertex 0.18629806 0.060352094 -0.1088696
  vertex 0.19760217 0.051208843 -0.09237427
 endloop
endfacet
facet normal -0.24270512 0.42811155 -0.87052554
 outer loop
  vertex -0.043711293 0.08718597 -0.20171641
  vertex -0.06504041 0.08506596 -0.19681238
  vertex -0.065040775 0.10394747 -0.18752663
 endloop
endfacet
facet normal -0.24270543 0.42811128 -0.8705256
 outer loop
  vertex -0.043711293 0.08718597 -0.20171641
  vertex -0.065040775 0.10394747 -0.18752663
  vertex -0.043711666 0.10653796 -0.19219929
 endloop
endfacet
facet normal -0.96996236 0.1282154 -0.20672181
 outer loop
  vertex -0.21441083 0.031529192 -0.056885965
  vertex -0.2197535 0.021188514 -0.038231127
  vertex -0.21975358 0.02483378 -0.03596987
 endloop
endfacet
facet normal -0.9699624 0.12821421 -0.20672217
 outer loop
  vertex -0.21441083 0.031529192 -0.056885965
  vertex -0.21975358 0.02483378 -0.03596987
  vertex -0.21441095 0.036953162 -0.053521324
 endloop
endfacet
facet normal 0.9699621 0.12824555 -0.20670424
 outer loop
  vertex 0.21975352 0.021195162 -0.038227372
  vertex 0.21441086 0.03153567 -0.056882314
  vertex 0.21441074 0.036959644 -0.053517677
 endloop
endfacet
facet normal 0.96996194 0.12824477 -0.20670499
 outer loop
  vertex 0.21975352 0.021195162 -0.038227372
  vertex 0.21441074 0.036959644 -0.053517677
  vertex 0.21975344 0.024840424 -0.035966113
 endloop
endfacet
facet normal 0.04900678 0.5265085 -0.84875625
 outer loop
  vertex 0.021961618 0.10810312 -0.19502048
  vertex 3.978081e-08 0.10862586 -0.19596426
  vertex -3.4146842e-07 0.12731084 -0.18437344
 endloop
endfacet
facet normal 0.049007274 0.5265089 -0.8487559
 outer loop
  vertex 0.021961618 0.10810312 -0.19502048
  vertex -3.4146842e-07 0.12731084 -0.18437344
  vertex 0.021961238 0.12669812 -0.18348546
 endloop
endfacet
facet normal -0.94141465 0.17776404 -0.28659794
 outer loop
  vertex -0.20700325 0.04156613 -0.07499284
  vertex -0.21441083 0.031529192 -0.056885965
  vertex -0.21441095 0.036953162 -0.053521324
 endloop
endfacet
facet normal -0.94141454 0.17776527 -0.28659764
 outer loop
  vertex -0.20700325 0.04156613 -0.07499284
  vertex -0.21441095 0.036953162 -0.053521324
  vertex -0.2070034 0.04871656 -0.07055722
 endloop
endfacet
facet normal 0.9891508 0.07745361 -0.12482649
 outer loop
  vertex 0.22297983 0.010650551 -0.019204255
  vertex 0.21975352 0.021195162 -0.038227372
  vertex 0.21975344 0.024840424 -0.035966113
 endloop
endfacet
facet normal 0.9891507 0.07745081 -0.124828815
 outer loop
  vertex 0.22297983 0.010650551 -0.019204255
  vertex 0.21975344 0.024840424 -0.035966113
  vertex 0.2229798 0.0124820005 -0.018068157
 endloop
endfacet
facet normal 0.14655495 0.52145195 -0.84060067
 outer loop
  vertex 0.043711722 0.10653929 -0.19219854
  vertex 0.021961618 0.10810312 -0.19502048
  vertex 0.021961238 0.12669812 -0.18348546
 endloop
endfacet
facet normal 0.14655422 0.52145135 -0.84060115
 outer loop
  vertex 0.043711722 0.10653929 -0.19219854
  vertex 0.021961238 0.12669812 -0.18348546
  vertex 0.04371135 0.124865256 -0.18083043
 endloop
endfacet
facet normal -0.9037909 0.22558947 -0.36369118
 outer loop
  vertex -0.19760215 0.05120285 -0.0923776
  vertex -0.20700325 0.04156613 -0.07499284
  vertex -0.2070034 0.04871656 -0.07055722
 endloop
endfacet
facet normal -0.90379095 0.22558957 -0.36369118
 outer loop
  vertex -0.19760215 0.05120285 -0.0923776
  vertex -0.2070034 0.04871656 -0.07055722
  vertex -0.19760233 0.060010888 -0.08691373
 endloop
endfacet
facet normal 0.2427044 0.5113831 -0.8243675
 outer loop
  vertex 0.06504086 0.10394944 -0.18752554
  vertex 0.043711722 0.10653929 -0.19219854
  vertex 0.04371135 0.124865256 -0.18083043
 endloop
endfacet
facet normal 0.2427045 0.5113832 -0.82436746
 outer loop
  vertex 0.06504086 0.10394944 -0.18752554
  vertex 0.04371135 0.124865256 -0.18083043
  vertex 0.06504049 0.12182986 -0.17643382
 endloop
endfacet
facet normal -0.8574567 0.27123114 -0.43726614
 outer loop
  vertex -0.18629801 0.06034646 -0.10887277
  vertex -0.19760215 0.05120285 -0.0923776
  vertex -0.19760233 0.060010888 -0.08691373
 endloop
endfacet
facet normal -0.8574568 0.27123103 -0.4372662
 outer loop
  vertex -0.18629801 0.06034646 -0.10887277
  vertex -0.19760233 0.060010888 -0.08691373
  vertex -0.18629822 0.07072729 -0.10243326
 endloop
endfacet
facet normal 0.3365311 0.4963991 -0.8002092
 outer loop
  vertex 0.085743584 0.100358486 -0.18104653
  vertex 0.06504086 0.10394944 -0.18752554
  vertex 0.06504049 0.12182986 -0.17643382
 endloop
endfacet
facet normal 0.33653063 0.49639875 -0.8002096
 outer loop
  vertex 0.085743584 0.100358486 -0.18104653
  vertex 0.06504049 0.12182986 -0.17643382
  vertex 0.085743226 0.11762117 -0.17033802
 endloop
endfacet
facet normal -0.80286354 0.31425005 -0.5066132
 outer loop
  vertex -0.17319974 0.068908885 -0.12431923
  vertex -0.18629801 0.06034646 -0.10887277
  vertex -0.18629822 0.07072729 -0.10243326
 endloop
endfacet
facet normal -0.80286336 0.31425086 -0.50661314
 outer loop
  vertex -0.17319974 0.068908885 -0.12431923
  vertex -0.18629822 0.07072729 -0.10243326
  vertex -0.17319998 0.080762506 -0.11696608
 endloop
endfacet
facet normal 0.4271347 0.4766405 -0.76835525
 outer loop
  vertex 0.10562056 0.095800996 -0.17282395
  vertex 0.085743584 0.100358486 -0.18104653
  vertex 0.085743226 0.11762117 -0.17033802
 endloop
endfacet
facet normal 0.42713532 0.476641 -0.7683546
 outer loop
  vertex 0.10562056 0.095800996 -0.17282395
  vertex 0.085743226 0.11762117 -0.17033802
  vertex 0.10562022 0.11227968 -0.16260175
 endloop
endfacet
facet normal -0.7405494 0.3542296 -0.57105863
 outer loop
  vertex -0.15843344 0.076807715 -0.13856852
  vertex -0.17319974 0.068908885 -0.12431923
  vertex -0.17319998 0.080762506 -0.11696608
 endloop
endfacet
facet normal -0.7405496 0.35422894 -0.57105875
 outer loop
  vertex -0.15843344 0.076807715 -0.13856852
  vertex -0.17319998 0.080762506 -0.11696608
  vertex -0.1584337 0.09001999 -0.13037257
 endloop
endfacet
facet normal 0.51364315 0.4522969 -0.7291078
 outer loop
  vertex 0.124480374 0.09032094 -0.16293707
  vertex 0.10562056 0.095800996 -0.17282395
  vertex 0.10562022 0.11227968 -0.16260175
 endloop
endfacet
facet normal 0.5136427 0.4522966 -0.7291084
 outer loop
  vertex 0.124480374 0.09032094 -0.16293707
  vertex 0.10562022 0.11227968 -0.16260175
  vertex 0.12448006 0.10585694 -0.15329966
 endloop
endfacet
facet normal -0.67111236 0.39078927 -0.62999356
 outer loop
  vertex -0.14214133 0.08396673 -0.15148321
  vertex -0.15843344 0.076807715 -0.13856852
  vertex -0.1584337 0.09001999 -0.13037257
 endloop
endfacet
facet normal -0.6711125 0.39078906 -0.62999356
 outer loop
  vertex -0.14214133 0.08396673 -0.15148321
  vertex -0.1584337 0.09001999 -0.13037257
  vertex -0.14214163 0.09841042 -0.14252338
 endloop
endfacet
facet normal 0.59523803 0.42359242 -0.6828332
 outer loop
  vertex 0.14214139 0.083971016 -0.1514808
  vertex 0.124480374 0.09032094 -0.16293707
  vertex 0.12448006 0.10585694 -0.15329966
 endloop
endfacet
facet normal 0.59523803 0.4235924 -0.6828332
 outer loop
  vertex 0.14214139 0.083971016 -0.1514808
  vertex 0.12448006 0.10585694 -0.15329966
  vertex 0.14214109 0.098414704 -0.14252098
 endloop
endfacet
facet normal -0.59523946 0.42357463 -0.68284297
 outer loop
  vertex -0.124480344 0.0903172 -0.16293916
  vertex -0.14214133 0.08396673 -0.15148321
  vertex -0.14214163 0.09841042 -0.14252338
 endloop
endfacet
facet normal -0.5952396 0.4235744 -0.68284297
 outer loop
  vertex -0.124480344 0.0903172 -0.16293916
  vertex -0.14214163 0.09841042 -0.14252338
  vertex -0.12448066 0.10585321 -0.15330175
 endloop
endfacet
facet normal 0.6711123 0.3908087 -0.62998164
 outer loop
  vertex 0.15843347 0.0768125 -0.13856581
  vertex 0.14214139 0.083971016 -0.1514808
  vertex 0.14214109 0.098414704 -0.14252098
 endloop
endfacet
facet normal 0.6711125 0.39080888 -0.6299813
 outer loop
  vertex 0.15843347 0.0768125 -0.13856581
  vertex 0.14214109 0.098414704 -0.14252098
  vertex 0.1584332 0.09002478 -0.13036986
 endloop
endfacet
facet normal -0.5136436 0.45228115 -0.7291172
 outer loop
  vertex -0.10562053 0.09579779 -0.17282571
  vertex -0.124480344 0.0903172 -0.16293916
  vertex -0.12448066 0.10585321 -0.15330175
 endloop
endfacet
facet normal -0.51364344 0.45228153 -0.72911716
 outer loop
  vertex -0.10562053 0.09579779 -0.17282571
  vertex -0.12448066 0.10585321 -0.15330175
  vertex -0.105620876 0.11227647 -0.16260351
 endloop
endfacet
facet normal 0.74054813 0.35425156 -0.5710467
 outer loop
  vertex 0.17319977 0.068914115 -0.12431628
  vertex 0.15843347 0.0768125 -0.13856581
  vertex 0.1584332 0.09002478 -0.13036986
 endloop
endfacet
facet normal 0.74054825 0.35425177 -0.5710464
 outer loop
  vertex 0.17319977 0.068914115 -0.12431628
  vertex 0.1584332 0.09002478 -0.13036986
  vertex 0.17319953 0.080767736 -0.11696313
 endloop
endfacet
facet normal -0.42713484 0.4766284 -0.76836264
 outer loop
  vertex -0.08574353 0.10035583 -0.18104796
  vertex -0.10562053 0.09579779 -0.17282571
  vertex -0.105620876 0.11227647 -0.16260351
 endloop
endfacet
facet normal -0.427135 0.4766282 -0.76836264
 outer loop
  vertex -0.08574353 0.10035583 -0.18104796
  vertex -0.105620876 0.11227647 -0.16260351
  vertex -0.08574389 0.1176185 -0.17033944
 endloop
endfacet
facet normal 0.8028622 0.31427494 -0.5065999
 outer loop
  vertex 0.18629806 0.060352094 -0.1088696
  vertex 0.17319977 0.068914115 -0.12431628
  vertex 0.17319953 0.080767736 -0.11696313
 endloop
endfacet
facet normal 0.802862 0.31427452 -0.50660056
 outer loop
  vertex 0.18629806 0.060352094 -0.1088696
  vertex 0.17319953 0.080767736 -0.11696313
  vertex 0.18629785 0.07073292 -0.10243008
 endloop
endfacet
facet normal -0.33653364 0.49638873 -0.8002145
 outer loop
  vertex -0.065040775 0.10394747 -0.18752663
  vertex -0.08574353 0.10035583 -0.18104796
  vertex -0.08574389 0.1176185 -0.17033944
 endloop
endfacet
facet normal -0.33653373 0.4963886 -0.8002146
 outer loop
  vertex -0.065040775 0.10394747 -0.18752663
  vertex -0.08574389 0.1176185 -0.17033944
  vertex -0.06504114 0.121827886 -0.1764349
 endloop
endfacet
facet normal 0.85745597 0.2712566 -0.43725175
 outer loop
  vertex 0.19760217 0.051208843 -0.09237427
  vertex 0.18629806 0.060352094 -0.1088696
  vertex 0.18629785 0.07073292 -0.10243008
 endloop
endfacet
facet normal 0.8574561 0.27125677 -0.43725148
 outer loop
  vertex 0.19760217 0.051208843 -0.09237427
  vertex 0.18629785 0.07073292 -0.10243008
  vertex 0.19760199 0.060016885 -0.0869104
 endloop
endfacet
facet normal -0.24270698 0.5113757 -0.8243714
 outer loop
  vertex -0.043711666 0.10653796 -0.19219929
  vertex -0.065040775 0.10394747 -0.18752663
  vertex -0.06504114 0.121827886 -0.1764349
 endloop
endfacet
facet normal -0.24270701 0.51137567 -0.82437146
 outer loop
  vertex -0.043711666 0.10653796 -0.19219929
  vertex -0.06504114 0.121827886 -0.1764349
  vertex -0.04371204 0.12486393 -0.18083118
 endloop
endfacet
facet normal 0.9037904 0.22561668 -0.36367583
 outer loop
  vertex 0.20700328 0.04157239 -0.07498931
  vertex 0.19760217 0.051208843 -0.09237427
  vertex 0.19760199 0.060016885 -0.0869104
 endloop
endfacet
facet normal 0.9037904 0.225617 -0.36367542
 outer loop
  vertex 0.20700328 0.04157239 -0.07498931
  vertex 0.19760199 0.060016885 -0.0869104
  vertex 0.20700313 0.04872282 -0.0705537
 endloop
endfacet
facet normal -0.14655688 0.5214468 -0.84060353
 outer loop
  vertex -0.021961564 0.10810245 -0.19502087
  vertex -0.043711666 0.10653796 -0.19219929
  vertex -0.04371204 0.12486393 -0.18083118
 endloop
endfacet
facet normal -0.1465565 0.5214472 -0.84060335
 outer loop
  vertex -0.021961564 0.10810245 -0.19502087
  vertex -0.04371204 0.12486393 -0.18083118
  vertex -0.021961944 0.12669747 -0.18348585
 endloop
endfacet
facet normal -0.9891509 0.07742702 -0.12484201
 outer loop
  vertex -0.2197535 0.021188514 -0.038231127
  vertex -0.22297983 0.010643812 -0.019208064
  vertex -0.22297986 0.012475262 -0.018071963
 endloop
endfacet
facet normal -0.989151 0.07742366 -0.1248435
 outer loop
  vertex -0.2197535 0.021188514 -0.038231127
  vertex -0.22297986 0.012475262 -0.018071963
  vertex -0.21975358 0.02483378 -0.03596987
 endloop
endfacet
facet normal 0.94141406 0.1777941 -0.2865813
 outer loop
  vertex 0.21441086 0.03153567 -0.056882314
  vertex 0.20700328 0.04157239 -0.07498931
  vertex 0.20700313 0.04872282 -0.0705537
 endloop
endfacet
facet normal 0.9414142 0.1777945 -0.28658083
 outer loop
  vertex 0.21441086 0.03153567 -0.056882314
  vertex 0.20700313 0.04872282 -0.0705537
  vertex 0.21441074 0.036959644 -0.053517677
 endloop
endfacet
facet normal -0.049007833 0.5265072 -0.848757
 outer loop
  vertex 3.978081e-08 0.10862586 -0.19596426
  vertex -0.021961564 0.10810245 -0.19502087
  vertex -0.021961944 0.12669747 -0.18348585
 endloop
endfacet
facet normal -0.049007963 0.526507 -0.8487571
 outer loop
  vertex 3.978081e-08 0.10862586 -0.19596426
  vertex -0.021961944 0.12669747 -0.18348585
  vertex -3.4146842e-07 0.12731084 -0.18437344
 endloop
endfacet
facet normal -0.9037916 0.26014978 -0.33982742
 outer loop
  vertex -0.19760233 0.060010888 -0.08691373
  vertex -0.2070034 0.04871656 -0.07055722
  vertex -0.20700355 0.055397794 -0.06544211
 endloop
endfacet
facet normal -0.9037915 0.2601507 -0.33982724
 outer loop
  vertex -0.19760233 0.060010888 -0.08691373
  vertex -0.20700355 0.055397794 -0.06544211
  vertex -0.19760251 0.06824096 -0.080612816
 endloop
endfacet
facet normal 0.24270284 0.5897237 -0.7702735
 outer loop
  vertex 0.06504049 0.12182986 -0.17643382
  vertex 0.04371135 0.124865256 -0.18083043
  vertex 0.043710977 0.1419887 -0.1677208
 endloop
endfacet
facet normal 0.24270205 0.5897232 -0.7702741
 outer loop
  vertex 0.06504049 0.12182986 -0.17643382
  vertex 0.043710977 0.1419887 -0.1677208
  vertex 0.06504013 0.138537 -0.16364291
 endloop
endfacet
facet normal -0.8574576 0.312784 -0.40857401
 outer loop
  vertex -0.18629822 0.07072729 -0.10243326
  vertex -0.19760233 0.060010888 -0.08691373
  vertex -0.19760251 0.06824096 -0.080612816
 endloop
endfacet
facet normal -0.8574575 0.31278384 -0.40857401
 outer loop
  vertex -0.18629822 0.07072729 -0.10243326
  vertex -0.19760251 0.06824096 -0.080612816
  vertex -0.18629843 0.080426954 -0.09500724
 endloop
endfacet
facet normal 0.33652905 0.57244337 -0.747701
 outer loop
  vertex 0.085743226 0.11762117 -0.17033802
  vertex 0.06504049 0.12182986 -0.17643382
  vertex 0.06504013 0.138537 -0.16364291
 endloop
endfacet
facet normal 0.33652908 0.5724434 -0.74770087
 outer loop
  vertex 0.085743226 0.11762117 -0.17033802
  vertex 0.06504013 0.138537 -0.16364291
  vertex 0.08574288 0.1337511 -0.15798903
 endloop
endfacet
facet normal -0.80286443 0.3623931 -0.47337085
 outer loop
  vertex -0.17319998 0.080762506 -0.11696608
  vertex -0.18629822 0.07072729 -0.10243326
  vertex -0.18629843 0.080426954 -0.09500724
 endloop
endfacet
facet normal -0.80286425 0.3623936 -0.47337082
 outer loop
  vertex -0.17319998 0.080762506 -0.11696608
  vertex -0.18629843 0.080426954 -0.09500724
  vertex -0.17320022 0.09183832 -0.10848648
 endloop
endfacet
facet normal 0.4271339 0.5496579 -0.7179366
 outer loop
  vertex 0.10562022 0.11227968 -0.16260175
  vertex 0.085743226 0.11762117 -0.17033802
  vertex 0.08574288 0.1337511 -0.15798903
 endloop
endfacet
facet normal 0.42713422 0.5496581 -0.7179362
 outer loop
  vertex 0.10562022 0.11227968 -0.16260175
  vertex 0.08574288 0.1337511 -0.15798903
  vertex 0.10561989 0.12767707 -0.15081358
 endloop
endfacet
facet normal -0.7405508 0.40849635 -0.53358716
 outer loop
  vertex -0.1584337 0.09001999 -0.13037257
  vertex -0.17319998 0.080762506 -0.11696608
  vertex -0.17320022 0.09183832 -0.10848648
 endloop
endfacet
facet normal -0.74055094 0.40849623 -0.53358716
 outer loop
  vertex -0.1584337 0.09001999 -0.13037257
  vertex -0.17320022 0.09183832 -0.10848648
  vertex -0.15843397 0.102365315 -0.12092104
 endloop
endfacet
facet normal 0.5136414 0.52158463 -0.681265
 outer loop
  vertex 0.12448006 0.10585694 -0.15329966
  vertex 0.10562022 0.11227968 -0.16260175
  vertex 0.10561989 0.12767707 -0.15081358
 endloop
endfacet
facet normal 0.5136408 0.5215842 -0.6812658
 outer loop
  vertex 0.12448006 0.10585694 -0.15329966
  vertex 0.10561989 0.12767707 -0.15081358
  vertex 0.12447975 0.12037352 -0.14218585
 endloop
endfacet
facet normal -0.6711137 0.45065725 -0.5886548
 outer loop
  vertex -0.14214163 0.09841042 -0.14252338
  vertex -0.1584337 0.09001999 -0.13037257
  vertex -0.15843397 0.102365315 -0.12092104
 endloop
endfacet
facet normal -0.67111427 0.45065606 -0.58865494
 outer loop
  vertex -0.14214163 0.09841042 -0.14252338
  vertex -0.15843397 0.102365315 -0.12092104
  vertex -0.14214192 0.11190635 -0.13219097
 endloop
endfacet
facet normal 0.5952366 0.4884825 -0.6380269
 outer loop
  vertex 0.14214109 0.098414704 -0.14252098
  vertex 0.12448006 0.10585694 -0.15329966
  vertex 0.12447975 0.12037352 -0.14218585
 endloop
endfacet
facet normal 0.5952367 0.48848262 -0.6380266
 outer loop
  vertex 0.14214109 0.098414704 -0.14252098
  vertex 0.12447975 0.12037352 -0.14218585
  vertex 0.14214079 0.111910634 -0.13218857
 endloop
endfacet
facet normal -0.59524095 0.4884642 -0.63803685
 outer loop
  vertex -0.12448066 0.10585321 -0.15330175
  vertex -0.14214163 0.09841042 -0.14252338
  vertex -0.14214192 0.11190635 -0.13219097
 endloop
endfacet
facet normal -0.59524065 0.48846465 -0.6380368
 outer loop
  vertex -0.12448066 0.10585321 -0.15330175
  vertex -0.14214192 0.11190635 -0.13219097
  vertex -0.12448097 0.12036978 -0.14218794
 endloop
endfacet
facet normal 0.67111105 0.4506765 -0.588643
 outer loop
  vertex 0.1584332 0.09002478 -0.13036986
  vertex 0.14214109 0.098414704 -0.14252098
  vertex 0.14214079 0.111910634 -0.13218857
 endloop
endfacet
facet normal 0.67111117 0.4506766 -0.58864284
 outer loop
  vertex 0.1584332 0.09002478 -0.13036986
  vertex 0.14214079 0.111910634 -0.13218857
  vertex 0.15843293 0.1023701 -0.12091834
 endloop
endfacet
facet normal -0.51364493 0.52156895 -0.68127435
 outer loop
  vertex -0.105620876 0.11227647 -0.16260351
  vertex -0.12448066 0.10585321 -0.15330175
  vertex -0.12448097 0.12036978 -0.14218794
 endloop
endfacet
facet normal -0.51364416 0.52156997 -0.6812741
 outer loop
  vertex -0.105620876 0.11227647 -0.16260351
  vertex -0.12448097 0.12036978 -0.14218794
  vertex -0.105621204 0.12767385 -0.15081534
 endloop
endfacet
facet normal 0.7405472 0.40851858 -0.5335752
 outer loop
  vertex 0.17319953 0.080767736 -0.11696313
  vertex 0.1584332 0.09002478 -0.13036986
  vertex 0.15843293 0.1023701 -0.12091834
 endloop
endfacet
facet normal 0.7405473 0.40851873 -0.53357476
 outer loop
  vertex 0.17319953 0.080767736 -0.11696313
  vertex 0.15843293 0.1023701 -0.12091834
  vertex 0.1731993 0.09184355 -0.10848353
 endloop
endfacet
facet normal -0.42713645 0.54964614 -0.717944
 outer loop
  vertex -0.08574389 0.1176185 -0.17033944
  vertex -0.105620876 0.11227647 -0.16260351
  vertex -0.105621204 0.12767385 -0.15081534
 endloop
endfacet
facet normal -0.4271373 0.549645 -0.7179443
 outer loop
  vertex -0.08574389 0.1176185 -0.17033944
  vertex -0.105621204 0.12767385 -0.15081534
  vertex -0.08574423 0.13374843 -0.15799046
 endloop
endfacet
facet normal 0.80286103 0.36241797 -0.47335756
 outer loop
  vertex 0.18629785 0.07073292 -0.10243008
  vertex 0.17319953 0.080767736 -0.11696313
  vertex 0.1731993 0.09184355 -0.10848353
 endloop
endfacet
facet normal 0.80286086 0.3624178 -0.47335795
 outer loop
  vertex 0.18629785 0.07073292 -0.10243008
  vertex 0.1731993 0.09184355 -0.10848353
  vertex 0.18629764 0.08043259 -0.09500407
 endloop
endfacet
facet normal -0.33653545 0.5724326 -0.74770635
 outer loop
  vertex -0.06504114 0.121827886 -0.1764349
  vertex -0.08574389 0.1176185 -0.17033944
  vertex -0.08574423 0.13374843 -0.15799046
 endloop
endfacet
facet normal -0.33653557 0.5724326 -0.7477064
 outer loop
  vertex -0.06504114 0.121827886 -0.1764349
  vertex -0.08574423 0.13374843 -0.15799046
  vertex -0.065041505 0.13853504 -0.163644
 endloop
endfacet
facet normal 0.8574552 0.3128096 -0.4085595
 outer loop
  vertex 0.19760199 0.060016885 -0.0869104
  vertex 0.18629785 0.07073292 -0.10243008
  vertex 0.18629764 0.08043259 -0.09500407
 endloop
endfacet
facet normal 0.8574552 0.31280965 -0.4085593
 outer loop
  vertex 0.19760199 0.060016885 -0.0869104
  vertex 0.18629764 0.08043259 -0.09500407
  vertex 0.19760181 0.06824697 -0.080609486
 endloop
endfacet
facet normal -0.2427086 0.5897153 -0.7702781
 outer loop
  vertex -0.04371204 0.12486393 -0.18083118
  vertex -0.06504114 0.121827886 -0.1764349
  vertex -0.065041505 0.13853504 -0.163644
 endloop
endfacet
facet normal -0.24270798 0.58971596 -0.77027786
 outer loop
  vertex -0.04371204 0.12486393 -0.18083118
  vertex -0.065041505 0.13853504 -0.163644
  vertex -0.04371241 0.14198738 -0.16772154
 endloop
endfacet
facet normal 0.9037897 0.26017758 -0.3398114
 outer loop
  vertex 0.20700313 0.04872282 -0.0705537
  vertex 0.19760199 0.060016885 -0.0869104
  vertex 0.19760181 0.06824697 -0.080609486
 endloop
endfacet
facet normal 0.9037898 0.26017788 -0.33981085
 outer loop
  vertex 0.20700313 0.04872282 -0.0705537
  vertex 0.19760181 0.06824697 -0.080609486
  vertex 0.20700298 0.05540405 -0.065438576
 endloop
endfacet
facet normal -0.14655831 0.60132974 -0.78544456
 outer loop
  vertex -0.021961944 0.12669747 -0.18348585
  vertex -0.04371204 0.12486393 -0.18083118
  vertex -0.04371241 0.14198738 -0.16772154
 endloop
endfacet
facet normal -0.14655828 0.6013297 -0.7854446
 outer loop
  vertex -0.021961944 0.12669747 -0.18348585
  vertex -0.04371241 0.14198738 -0.16772154
  vertex -0.02196232 0.14407231 -0.17018375
 endloop
endfacet
facet normal -0.98915124 0.08928389 -0.11665401
 outer loop
  vertex -0.21975358 0.02483378 -0.03596987
  vertex -0.22297986 0.012475262 -0.018071963
  vertex -0.2229799 0.014186535 -0.01676182
 endloop
endfacet
facet normal -0.98915124 0.089286864 -0.116652384
 outer loop
  vertex -0.21975358 0.02483378 -0.03596987
  vertex -0.2229799 0.014186535 -0.01676182
  vertex -0.21975365 0.028239848 -0.0333622
 endloop
endfacet
facet normal 0.9414136 0.20502886 -0.26777557
 outer loop
  vertex 0.21441074 0.036959644 -0.053517677
  vertex 0.20700313 0.04872282 -0.0705537
  vertex 0.20700298 0.05540405 -0.065438576
 endloop
endfacet
facet normal 0.9414134 0.20502816 -0.26777643
 outer loop
  vertex 0.21441074 0.036959644 -0.053517677
  vertex 0.20700298 0.05540405 -0.065438576
  vertex 0.21441063 0.0420277 -0.04963759
 endloop
endfacet
facet normal -0.04900979 0.60716456 -0.79306316
 outer loop
  vertex -3.4146842e-07 0.12731084 -0.18437344
  vertex -0.021961944 0.12669747 -0.18348585
  vertex -0.02196232 0.14407231 -0.17018375
 endloop
endfacet
facet normal -0.049009643 0.6071647 -0.7930631
 outer loop
  vertex -3.4146842e-07 0.12731084 -0.18437344
  vertex -0.02196232 0.14407231 -0.17018375
  vertex -7.193359e-07 0.14476974 -0.17100698
 endloop
endfacet
facet normal -0.9699629 0.14785916 -0.19315739
 outer loop
  vertex -0.21441095 0.036953162 -0.053521324
  vertex -0.21975358 0.02483378 -0.03596987
  vertex -0.21975365 0.028239848 -0.0333622
 endloop
endfacet
facet normal -0.9699627 0.1478602 -0.19315691
 outer loop
  vertex -0.21441095 0.036953162 -0.053521324
  vertex -0.21975365 0.028239848 -0.0333622
  vertex -0.21441105 0.04202122 -0.04964124
 endloop
endfacet
facet normal 0.9699616 0.14788824 -0.19314122
 outer loop
  vertex 0.21975344 0.024840424 -0.035966113
  vertex 0.21441074 0.036959644 -0.053517677
  vertex 0.21441063 0.0420277 -0.04963759
 endloop
endfacet
facet normal 0.96996164 0.14788894 -0.19314045
 outer loop
  vertex 0.21975344 0.024840424 -0.035966113
  vertex 0.21441063 0.0420277 -0.04963759
  vertex 0.21975337 0.02824649 -0.03335844
 endloop
endfacet
facet normal 0.049005713 0.60716623 -0.7930622
 outer loop
  vertex 0.021961238 0.12669812 -0.18348546
  vertex -3.4146842e-07 0.12731084 -0.18437344
  vertex -7.193359e-07 0.14476974 -0.17100698
 endloop
endfacet
facet normal 0.049005564 0.60716605 -0.79306227
 outer loop
  vertex 0.021961238 0.12669812 -0.18348546
  vertex -7.193359e-07 0.14476974 -0.17100698
  vertex 0.021960862 0.14407296 -0.17018336
 endloop
endfacet
facet normal -0.94141513 0.20500077 -0.26779157
 outer loop
  vertex -0.2070034 0.04871656 -0.07055722
  vertex -0.21441095 0.036953162 -0.053521324
  vertex -0.21441105 0.04202122 -0.04964124
 endloop
endfacet
facet normal -0.94141525 0.20499912 -0.2677921
 outer loop
  vertex -0.2070034 0.04871656 -0.07055722
  vertex -0.21441105 0.04202122 -0.04964124
  vertex -0.20700355 0.055397794 -0.06544211
 endloop
endfacet
facet normal 0.98915046 0.08931714 -0.11663517
 outer loop
  vertex 0.2229798 0.0124820005 -0.018068157
  vertex 0.21975344 0.024840424 -0.035966113
  vertex 0.21975337 0.02824649 -0.03335844
 endloop
endfacet
facet normal 0.9891506 0.08931939 -0.11663286
 outer loop
  vertex 0.2229798 0.0124820005 -0.018068157
  vertex 0.21975337 0.02824649 -0.03335844
  vertex 0.22297975 0.014193275 -0.016758014
 endloop
endfacet
facet normal 0.14655267 0.6013342 -0.78544223
 outer loop
  vertex 0.04371135 0.124865256 -0.18083043
  vertex 0.021961238 0.12669812 -0.18348546
  vertex 0.021960862 0.14407296 -0.17018336
 endloop
endfacet
facet normal 0.14655305 0.6013346 -0.7854419
 outer loop
  vertex 0.04371135 0.124865256 -0.18083043
  vertex 0.021960862 0.14407296 -0.17018336
  vertex 0.043710977 0.1419887 -0.1677208
 endloop
endfacet
facet normal -0.8028653 0.40704522 -0.43557024
 outer loop
  vertex -0.17320022 0.09183832 -0.10848648
  vertex -0.18629843 0.080426954 -0.09500724
  vertex -0.18629864 0.08935204 -0.08666626
 endloop
endfacet
facet normal -0.8028651 0.40704587 -0.43557003
 outer loop
  vertex -0.17320022 0.09183832 -0.10848648
  vertex -0.18629864 0.08935204 -0.08666626
  vertex -0.17320046 0.10202966 -0.098962106
 endloop
endfacet
facet normal 0.4271327 0.6173813 -0.6606043
 outer loop
  vertex 0.10561989 0.12767707 -0.15081358
  vertex 0.08574288 0.1337511 -0.15798903
  vertex 0.08574254 0.14859295 -0.14411849
 endloop
endfacet
facet normal 0.42713332 0.61738163 -0.66060346
 outer loop
  vertex 0.10561989 0.12767707 -0.15081358
  vertex 0.08574254 0.14859295 -0.14411849
  vertex 0.105619565 0.14184485 -0.13757297
 endloop
endfacet
facet normal -0.74055207 0.45882866 -0.49097744
 outer loop
  vertex -0.15843397 0.102365315 -0.12092104
  vertex -0.17320022 0.09183832 -0.10848648
  vertex -0.17320046 0.10202966 -0.098962106
 endloop
endfacet
facet normal -0.7405518 0.45882922 -0.49097735
 outer loop
  vertex -0.15843397 0.102365315 -0.12092104
  vertex -0.17320046 0.10202966 -0.098962106
  vertex -0.15843423 0.11372478 -0.11030498
 endloop
endfacet
facet normal 0.51363957 0.5858494 -0.6268611
 outer loop
  vertex 0.12447975 0.12037352 -0.14218585
  vertex 0.10561989 0.12767707 -0.15081358
  vertex 0.105619565 0.14184485 -0.13757297
 endloop
endfacet
facet normal 0.5136395 0.5858494 -0.6268612
 outer loop
  vertex 0.12447975 0.12037352 -0.14218585
  vertex 0.105619565 0.14184485 -0.13757297
  vertex 0.124479435 0.13373083 -0.12970269
 endloop
endfacet
facet normal -0.6711155 0.50618434 -0.54164696
 outer loop
  vertex -0.14214192 0.11190635 -0.13219097
  vertex -0.15843397 0.102365315 -0.12092104
  vertex -0.15843423 0.11372478 -0.11030498
 endloop
endfacet
facet normal -0.6711157 0.506184 -0.5416471
 outer loop
  vertex -0.14214192 0.11190635 -0.13219097
  vertex -0.15843423 0.11372478 -0.11030498
  vertex -0.1421422 0.12432453 -0.120585494
 endloop
endfacet
facet normal 0.5952353 0.548669 -0.5870752
 outer loop
  vertex 0.14214079 0.111910634 -0.13218857
  vertex 0.12447975 0.12037352 -0.14218585
  vertex 0.124479435 0.13373083 -0.12970269
 endloop
endfacet
facet normal 0.59523517 0.54866886 -0.5870755
 outer loop
  vertex 0.14214079 0.111910634 -0.13218857
  vertex 0.124479435 0.13373083 -0.12970269
  vertex 0.14214051 0.124328814 -0.12058308
 endloop
endfacet
facet normal -0.5952419 0.54865056 -0.5870857
 outer loop
  vertex -0.12448097 0.12036978 -0.14218794
  vertex -0.14214192 0.11190635 -0.13219097
  vertex -0.1421422 0.12432453 -0.120585494
 endloop
endfacet
facet normal -0.5952418 0.54865086 -0.5870856
 outer loop
  vertex -0.12448097 0.12036978 -0.14218794
  vertex -0.1421422 0.12432453 -0.120585494
  vertex -0.12448128 0.13372709 -0.12970477
 endloop
endfacet
facet normal 0.67110986 0.50620425 -0.5416354
 outer loop
  vertex 0.15843293 0.1023701 -0.12091834
  vertex 0.14214079 0.111910634 -0.13218857
  vertex 0.14214051 0.124328814 -0.12058308
 endloop
endfacet
facet normal 0.67110956 0.50620395 -0.541636
 outer loop
  vertex 0.15843293 0.1023701 -0.12091834
  vertex 0.14214051 0.124328814 -0.12058308
  vertex 0.15843268 0.11372957 -0.110302284
 endloop
endfacet
facet normal -0.51364565 0.585834 -0.6268706
 outer loop
  vertex -0.105621204 0.12767385 -0.15081534
  vertex -0.12448097 0.12036978 -0.14218794
  vertex -0.12448128 0.13372709 -0.12970477
 endloop
endfacet
facet normal -0.5136461 0.58583343 -0.62687075
 outer loop
  vertex -0.105621204 0.12767385 -0.15081534
  vertex -0.12448128 0.13372709 -0.12970477
  vertex -0.10562153 0.14184165 -0.13757475
 endloop
endfacet
facet normal 0.7405463 0.45885098 -0.49096534
 outer loop
  vertex 0.1731993 0.09184355 -0.10848353
  vertex 0.15843293 0.1023701 -0.12091834
  vertex 0.15843268 0.11372957 -0.110302284
 endloop
endfacet
facet normal 0.7405465 0.45885128 -0.4909646
 outer loop
  vertex 0.1731993 0.09184355 -0.10848353
  vertex 0.15843268 0.11372957 -0.110302284
  vertex 0.17319906 0.10203489 -0.098959155
 endloop
endfacet
facet normal -0.4271387 0.61736864 -0.66061217
 outer loop
  vertex -0.08574423 0.13374843 -0.15799046
  vertex -0.105621204 0.12767385 -0.15081534
  vertex -0.10562153 0.14184165 -0.13757475
 endloop
endfacet
facet normal -0.42713812 0.6173693 -0.6606119
 outer loop
  vertex -0.08574423 0.13374843 -0.15799046
  vertex -0.10562153 0.14184165 -0.13757475
  vertex -0.085744575 0.14859028 -0.1441199
 endloop
endfacet
facet normal 0.80285996 0.40707067 -0.4355564
 outer loop
  vertex 0.18629764 0.08043259 -0.09500407
  vertex 0.1731993 0.09184355 -0.10848353
  vertex 0.17319906 0.10203489 -0.098959155
 endloop
endfacet
facet normal 0.8028597 0.40707043 -0.43555704
 outer loop
  vertex 0.18629764 0.08043259 -0.09500407
  vertex 0.17319906 0.10203489 -0.098959155
  vertex 0.18629743 0.089357674 -0.08666309
 endloop
endfacet
facet normal -0.3365373 0.6429642 -0.6879968
 outer loop
  vertex -0.065041505 0.13853504 -0.163644
  vertex -0.08574423 0.13374843 -0.15799046
  vertex -0.085744575 0.14859028 -0.1441199
 endloop
endfacet
facet normal -0.33653703 0.64296454 -0.68799675
 outer loop
  vertex -0.065041505 0.13853504 -0.163644
  vertex -0.085744575 0.14859028 -0.1441199
  vertex -0.065041855 0.153908 -0.14927709
 endloop
endfacet
facet normal 0.8574543 0.35134965 -0.37593287
 outer loop
  vertex 0.19760181 0.06824697 -0.080609486
  vertex 0.18629764 0.08043259 -0.09500407
  vertex 0.18629743 0.089357674 -0.08666309
 endloop
endfacet
facet normal 0.85745454 0.35135007 -0.37593195
 outer loop
  vertex 0.19760181 0.06824697 -0.080609486
  vertex 0.18629743 0.089357674 -0.08666309
  vertex 0.19760163 0.07581981 -0.07353223
 endloop
endfacet
facet normal -0.24270953 0.6623767 -0.70876604
 outer loop
  vertex -0.04371241 0.14198738 -0.16772154
  vertex -0.065041505 0.13853504 -0.163644
  vertex -0.065041855 0.153908 -0.14927709
 endloop
endfacet
facet normal -0.24270946 0.6623768 -0.7087659
 outer loop
  vertex -0.04371241 0.14198738 -0.16772154
  vertex -0.065041855 0.153908 -0.14927709
  vertex -0.043712776 0.1577434 -0.15299664
 endloop
endfacet
facet normal 0.90378904 0.29223308 -0.31267408
 outer loop
  vertex 0.20700298 0.05540405 -0.065438576
  vertex 0.19760181 0.06824697 -0.080609486
  vertex 0.19760163 0.07581981 -0.07353223
 endloop
endfacet
facet normal 0.9037888 0.29223248 -0.3126754
 outer loop
  vertex 0.20700298 0.05540405 -0.065438576
  vertex 0.19760163 0.07581981 -0.07353223
  vertex 0.20700285 0.061551742 -0.05969321
 endloop
endfacet
facet normal -0.14656004 0.67542124 -0.72272146
 outer loop
  vertex -0.02196232 0.14407231 -0.17018375
  vertex -0.04371241 0.14198738 -0.16772154
  vertex -0.043712776 0.1577434 -0.15299664
 endloop
endfacet
facet normal -0.14656004 0.67542124 -0.72272146
 outer loop
  vertex -0.02196232 0.14407231 -0.17018375
  vertex -0.043712776 0.1577434 -0.15299664
  vertex -0.02196269 0.16005965 -0.15524267
 endloop
endfacet
facet normal -0.9891514 0.10029236 -0.10733553
 outer loop
  vertex -0.21975365 0.028239848 -0.0333622
  vertex -0.2229799 0.014186535 -0.01676182
  vertex -0.22297993 0.015761154 -0.015290251
 endloop
endfacet
facet normal -0.9891515 0.10029234 -0.10733557
 outer loop
  vertex -0.21975365 0.028239848 -0.0333622
  vertex -0.22297993 0.015761154 -0.015290251
  vertex -0.21975371 0.031373918 -0.030433232
 endloop
endfacet
facet normal 0.94141287 0.23028812 -0.24639243
 outer loop
  vertex 0.21441063 0.0420277 -0.04963759
  vertex 0.20700298 0.05540405 -0.065438576
  vertex 0.20700285 0.061551742 -0.05969321
 endloop
endfacet
facet normal 0.94141287 0.23028837 -0.24639218
 outer loop
  vertex 0.21441063 0.0420277 -0.04963759
  vertex 0.20700285 0.061551742 -0.05969321
  vertex 0.21441053 0.046691045 -0.045279432
 endloop
endfacet
facet normal -0.04901141 0.6819748 -0.72973156
 outer loop
  vertex -7.193359e-07 0.14476974 -0.17100698
  vertex -0.02196232 0.14407231 -0.17018375
  vertex -0.02196269 0.16005965 -0.15524267
 endloop
endfacet
facet normal -0.049012013 0.68197435 -0.72973204
 outer loop
  vertex -7.193359e-07 0.14476974 -0.17100698
  vertex -0.02196269 0.16005965 -0.15524267
  vertex -1.0901825e-06 0.16083445 -0.15599361
 endloop
endfacet
facet normal -0.9699632 0.1660816 -0.17773134
 outer loop
  vertex -0.21441105 0.04202122 -0.04964124
  vertex -0.21975365 0.028239848 -0.0333622
  vertex -0.21975371 0.031373918 -0.030433232
 endloop
endfacet
facet normal -0.96996325 0.16607931 -0.17773263
 outer loop
  vertex -0.21441105 0.04202122 -0.04964124
  vertex -0.21975371 0.031373918 -0.030433232
  vertex -0.21441115 0.046684563 -0.045283087
 endloop
endfacet
facet normal 0.9699612 0.16610801 -0.17771676
 outer loop
  vertex 0.21975337 0.02824649 -0.03335844
  vertex 0.21441063 0.0420277 -0.04963759
  vertex 0.21441053 0.046691045 -0.045279432
 endloop
endfacet
facet normal 0.96996117 0.16610679 -0.17771854
 outer loop
  vertex 0.21975337 0.02824649 -0.03335844
  vertex 0.21441053 0.046691045 -0.045279432
  vertex 0.21975331 0.031380557 -0.030429471
 endloop
endfacet
facet normal 0.049003985 0.68197584 -0.7297312
 outer loop
  vertex 0.021960862 0.14407296 -0.17018336
  vertex -7.193359e-07 0.14476974 -0.17100698
  vertex -1.0901825e-06 0.16083445 -0.15599361
 endloop
endfacet
facet normal 0.049004585 0.68197626 -0.7297307
 outer loop
  vertex 0.021960862 0.14407296 -0.17018336
  vertex -1.0901825e-06 0.16083445 -0.15599361
  vertex 0.021960493 0.1600603 -0.15524228
 endloop
endfacet
facet normal -0.9414159 0.23026013 -0.24640721
 outer loop
  vertex -0.20700355 0.055397794 -0.06544211
  vertex -0.21441105 0.04202122 -0.04964124
  vertex -0.21441115 0.046684563 -0.045283087
 endloop
endfacet
facet normal -0.9414157 0.23026076 -0.2464069
 outer loop
  vertex -0.20700355 0.055397794 -0.06544211
  vertex -0.21441115 0.046684563 -0.045283087
  vertex -0.20700368 0.061545487 -0.059696738
 endloop
endfacet
facet normal 0.98915035 0.10031766 -0.10732217
 outer loop
  vertex 0.22297975 0.014193275 -0.016758014
  vertex 0.21975337 0.02824649 -0.03335844
  vertex 0.21975331 0.031380557 -0.030429471
 endloop
endfacet
facet normal 0.98915035 0.10031753 -0.10732231
 outer loop
  vertex 0.22297975 0.014193275 -0.016758014
  vertex 0.21975331 0.031380557 -0.030429471
  vertex 0.22297972 0.015767891 -0.015286445
 endloop
endfacet
facet normal 0.14655155 0.6754257 -0.7227191
 outer loop
  vertex 0.043710977 0.1419887 -0.1677208
  vertex 0.021960862 0.14407296 -0.17018336
  vertex 0.021960493 0.1600603 -0.15524228
 endloop
endfacet
facet normal 0.14655158 0.6754257 -0.722719
 outer loop
  vertex 0.043710977 0.1419887 -0.1677208
  vertex 0.021960493 0.1600603 -0.15524228
  vertex 0.04371061 0.1577447 -0.1529959
 endloop
endfacet
facet normal -0.90379214 0.29220667 -0.31268975
 outer loop
  vertex -0.19760251 0.06824096 -0.080612816
  vertex -0.20700355 0.055397794 -0.06544211
  vertex -0.20700368 0.061545487 -0.059696738
 endloop
endfacet
facet normal -0.9037925 0.29220524 -0.31269038
 outer loop
  vertex -0.19760251 0.06824096 -0.080612816
  vertex -0.20700368 0.061545487 -0.059696738
  vertex -0.19760269 0.07581381 -0.07353557
 endloop
endfacet
facet normal 0.24270038 0.66238433 -0.708762
 outer loop
  vertex 0.06504013 0.138537 -0.16364291
  vertex 0.043710977 0.1419887 -0.1677208
  vertex 0.04371061 0.1577447 -0.1529959
 endloop
endfacet
facet normal 0.24270019 0.66238415 -0.70876217
 outer loop
  vertex 0.06504013 0.138537 -0.16364291
  vertex 0.04371061 0.1577447 -0.1529959
  vertex 0.065039776 0.15390997 -0.149276
 endloop
endfacet
facet normal -0.8574585 0.35132384 -0.37594762
 outer loop
  vertex -0.18629843 0.080426954 -0.09500724
  vertex -0.19760251 0.06824096 -0.080612816
  vertex -0.19760269 0.07581381 -0.07353557
 endloop
endfacet
facet normal -0.8574585 0.35132346 -0.3759478
 outer loop
  vertex -0.18629843 0.080426954 -0.09500724
  vertex -0.19760269 0.07581381 -0.07353557
  vertex -0.18629864 0.08935204 -0.08666626
 endloop
endfacet
facet normal 0.33652753 0.64297503 -0.6879915
 outer loop
  vertex 0.08574288 0.1337511 -0.15798903
  vertex 0.06504013 0.138537 -0.16364291
  vertex 0.065039776 0.15390997 -0.149276
 endloop
endfacet
facet normal 0.3365269 0.6429746 -0.68799216
 outer loop
  vertex 0.08574288 0.1337511 -0.15798903
  vertex 0.065039776 0.15390997 -0.149276
  vertex 0.08574254 0.14859295 -0.14411849
 endloop
endfacet
facet normal 0.3365254 0.70731395 -0.62165713
 outer loop
  vertex 0.08574254 0.14859295 -0.14411849
  vertex 0.065039776 0.15390997 -0.149276
  vertex 0.065039426 0.16780071 -0.13347147
 endloop
endfacet
facet normal 0.3365259 0.70731413 -0.62165666
 outer loop
  vertex 0.08574254 0.14859295 -0.14411849
  vertex 0.065039426 0.16780071 -0.13347147
  vertex 0.085742205 0.16200379 -0.12885997
 endloop
endfacet
facet normal -0.80286616 0.44777876 -0.39357352
 outer loop
  vertex -0.17320046 0.10202966 -0.098962106
  vertex -0.18629864 0.08935204 -0.08666626
  vertex -0.18629883 0.09741658 -0.077490635
 endloop
endfacet
facet normal -0.80286616 0.44777882 -0.39357352
 outer loop
  vertex -0.17320046 0.10202966 -0.098962106
  vertex -0.18629883 0.09741658 -0.077490635
  vertex -0.17320068 0.111238375 -0.08848465
 endloop
endfacet
facet normal 0.42713192 0.67915946 -0.5969093
 outer loop
  vertex 0.105619565 0.14184485 -0.13757297
  vertex 0.08574254 0.14859295 -0.14411849
  vertex 0.085742205 0.16200379 -0.12885997
 endloop
endfacet
facet normal 0.42713183 0.6791594 -0.5969094
 outer loop
  vertex 0.105619565 0.14184485 -0.13757297
  vertex 0.085742205 0.16200379 -0.12885997
  vertex 0.105619244 0.15464664 -0.123007424
 endloop
endfacet
facet normal -0.740553 0.50474346 -0.44363877
 outer loop
  vertex -0.15843423 0.11372478 -0.11030498
  vertex -0.17320046 0.10202966 -0.098962106
  vertex -0.17320068 0.111238375 -0.08848465
 endloop
endfacet
facet normal -0.74055314 0.5047432 -0.44363886
 outer loop
  vertex -0.15843423 0.11372478 -0.11030498
  vertex -0.17320068 0.111238375 -0.08848465
  vertex -0.15843448 0.12398899 -0.09862661
 endloop
endfacet
facet normal 0.5136382 0.6444718 -0.56642026
 outer loop
  vertex 0.124479435 0.13373083 -0.12970269
  vertex 0.105619565 0.14184485 -0.13757297
  vertex 0.105619244 0.15464664 -0.123007424
 endloop
endfacet
facet normal 0.513638 0.64447165 -0.5664205
 outer loop
  vertex 0.124479435 0.13373083 -0.12970269
  vertex 0.105619244 0.15464664 -0.123007424
  vertex 0.12447914 0.14580026 -0.11597039
 endloop
endfacet
facet normal -0.6711168 0.5568369 -0.48942298
 outer loop
  vertex -0.1421422 0.12432453 -0.120585494
  vertex -0.15843423 0.11372478 -0.11030498
  vertex -0.15843448 0.12398899 -0.09862661
 endloop
endfacet
facet normal -0.6711171 0.5568365 -0.4894232
 outer loop
  vertex -0.1421422 0.12432453 -0.120585494
  vertex -0.15843448 0.12398899 -0.09862661
  vertex -0.14214249 0.13554537 -0.1078187
 endloop
endfacet
facet normal 0.5952337 0.6035709 -0.5304706
 outer loop
  vertex 0.14214051 0.124328814 -0.12058308
  vertex 0.124479435 0.13373083 -0.12970269
  vertex 0.12447914 0.14580026 -0.11597039
 endloop
endfacet
facet normal 0.59523404 0.603571 -0.5304702
 outer loop
  vertex 0.14214051 0.124328814 -0.12058308
  vertex 0.12447914 0.14580026 -0.11597039
  vertex 0.14214022 0.13554966 -0.10781627
 endloop
endfacet
facet normal -0.5952431 0.6035527 -0.5304808
 outer loop
  vertex -0.12448128 0.13372709 -0.12970477
  vertex -0.1421422 0.12432453 -0.120585494
  vertex -0.14214249 0.13554537 -0.1078187
 endloop
endfacet
facet normal -0.59524304 0.6035527 -0.53048074
 outer loop
  vertex -0.12448128 0.13372709 -0.12970477
  vertex -0.14214249 0.13554537 -0.1078187
  vertex -0.12448158 0.14579652 -0.11597248
 endloop
endfacet
facet normal 0.6711082 0.5568574 -0.48941156
 outer loop
  vertex 0.15843268 0.11372957 -0.110302284
  vertex 0.14214051 0.124328814 -0.12058308
  vertex 0.14214022 0.13554966 -0.10781627
 endloop
endfacet
facet normal 0.67110807 0.5568573 -0.4894117
 outer loop
  vertex 0.15843268 0.11372957 -0.110302284
  vertex 0.14214022 0.13554966 -0.10781627
  vertex 0.15843242 0.12399378 -0.09862392
 endloop
endfacet
facet normal -0.51364756 0.64445627 -0.5664295
 outer loop
  vertex -0.10562153 0.14184165 -0.13757475
  vertex -0.12448128 0.13372709 -0.12970477
  vertex -0.12448158 0.14579652 -0.11597248
 endloop
endfacet
facet normal -0.51364756 0.6444563 -0.5664295
 outer loop
  vertex -0.10562153 0.14184165 -0.13757475
  vertex -0.12448158 0.14579652 -0.11597248
  vertex -0.10562185 0.15464343 -0.123009205
 endloop
endfacet
facet normal 0.7405456 0.50476533 -0.44362622
 outer loop
  vertex 0.17319906 0.10203489 -0.098959155
  vertex 0.15843268 0.11372957 -0.110302284
  vertex 0.15843242 0.12399378 -0.09862392
 endloop
endfacet
facet normal 0.7405455 0.5047653 -0.44362637
 outer loop
  vertex 0.17319906 0.10203489 -0.098959155
  vertex 0.15843242 0.12399378 -0.09862392
  vertex 0.17319883 0.111243606 -0.0884817
 endloop
endfacet
facet normal -0.42713955 0.6791472 -0.5969178
 outer loop
  vertex -0.085744575 0.14859028 -0.1441199
  vertex -0.10562153 0.14184165 -0.13757475
  vertex -0.10562185 0.15464343 -0.123009205
 endloop
endfacet
facet normal -0.4271392 0.6791476 -0.59691757
 outer loop
  vertex -0.085744575 0.14859028 -0.1441199
  vertex -0.10562185 0.15464343 -0.123009205
  vertex -0.08574491 0.1620011 -0.1288614
 endloop
endfacet
facet normal 0.8028589 0.44780323 -0.39356065
 outer loop
  vertex 0.18629743 0.089357674 -0.08666309
  vertex 0.17319906 0.10203489 -0.098959155
  vertex 0.17319883 0.111243606 -0.0884817
 endloop
endfacet
facet normal 0.80285865 0.44780308 -0.39356104
 outer loop
  vertex 0.18629743 0.089357674 -0.08666309
  vertex 0.17319883 0.111243606 -0.0884817
  vertex 0.18629724 0.09742221 -0.07748746
 endloop
endfacet
facet normal -0.33653876 0.70730346 -0.6216619
 outer loop
  vertex -0.065041855 0.153908 -0.14927709
  vertex -0.085744575 0.14859028 -0.1441199
  vertex -0.08574491 0.1620011 -0.1288614
 endloop
endfacet
facet normal -0.33653885 0.7073033 -0.621662
 outer loop
  vertex -0.065041855 0.153908 -0.14927709
  vertex -0.08574491 0.1620011 -0.1288614
  vertex -0.065042205 0.16779873 -0.13347256
 endloop
endfacet
facet normal 0.85745364 0.3865061 -0.33968544
 outer loop
  vertex 0.19760163 0.07581981 -0.07353223
  vertex 0.18629743 0.089357674 -0.08666309
  vertex 0.18629724 0.09742221 -0.07748746
 endloop
endfacet
facet normal 0.85745364 0.38650617 -0.33968544
 outer loop
  vertex 0.19760163 0.07581981 -0.07353223
  vertex 0.18629724 0.09742221 -0.07748746
  vertex 0.19760147 0.08266251 -0.065746784
 endloop
endfacet
facet normal -0.24271092 0.72865796 -0.6404288
 outer loop
  vertex -0.043712776 0.1577434 -0.15299664
  vertex -0.065041855 0.153908 -0.14927709
  vertex -0.065042205 0.16779873 -0.13347256
 endloop
endfacet
facet normal -0.24271098 0.72865796 -0.64042884
 outer loop
  vertex -0.043712776 0.1577434 -0.15299664
  vertex -0.065042205 0.16779873 -0.13347256
  vertex -0.043713126 0.17198026 -0.13679829
 endloop
endfacet
facet normal 0.90378815 0.32147384 -0.28252706
 outer loop
  vertex 0.20700285 0.061551742 -0.05969321
  vertex 0.19760163 0.07581981 -0.07353223
  vertex 0.19760147 0.08266251 -0.065746784
 endloop
endfacet
facet normal 0.9037882 0.3214739 -0.28252694
 outer loop
  vertex 0.20700285 0.061551742 -0.05969321
  vertex 0.19760147 0.08266251 -0.065746784
  vertex 0.20700271 0.06710669 -0.053372934
 endloop
endfacet
facet normal -0.14656177 0.74300754 -0.65303874
 outer loop
  vertex -0.02196269 0.16005965 -0.15524267
  vertex -0.043712776 0.1577434 -0.15299664
  vertex -0.043713126 0.17198026 -0.13679829
 endloop
endfacet
facet normal -0.14656162 0.7430076 -0.6530386
 outer loop
  vertex -0.02196269 0.16005965 -0.15524267
  vertex -0.043713126 0.17198026 -0.13679829
  vertex -0.021963047 0.17450553 -0.13880649
 endloop
endfacet
facet normal -0.98915166 0.110324405 -0.09699229
 outer loop
  vertex -0.21975371 0.031373918 -0.030433232
  vertex -0.22297993 0.015761154 -0.015290251
  vertex -0.22297998 0.017183948 -0.01367143
 endloop
endfacet
facet normal -0.98915154 0.110326916 -0.096990116
 outer loop
  vertex -0.21975371 0.031373918 -0.030433232
  vertex -0.22297998 0.017183948 -0.01367143
  vertex -0.21975379 0.03420581 -0.027211176
 endloop
endfacet
facet normal 0.9414124 0.25333092 -0.22263475
 outer loop
  vertex 0.21441053 0.046691045 -0.045279432
  vertex 0.20700285 0.061551742 -0.05969321
  vertex 0.20700271 0.06710669 -0.053372934
 endloop
endfacet
facet normal 0.94141245 0.2533312 -0.2226342
 outer loop
  vertex 0.21441053 0.046691045 -0.045279432
  vertex 0.20700271 0.06710669 -0.053372934
  vertex 0.21441042 0.050904755 -0.040485173
 endloop
endfacet
facet normal -0.049013756 0.75021684 -0.6593727
 outer loop
  vertex -1.0901825e-06 0.16083445 -0.15599361
  vertex -0.02196269 0.16005965 -0.15524267
  vertex -0.021963047 0.17450553 -0.13880649
 endloop
endfacet
facet normal -0.049013395 0.7502171 -0.65937245
 outer loop
  vertex -1.0901825e-06 0.16083445 -0.15599361
  vertex -0.021963047 0.17450553 -0.13880649
  vertex -1.450437e-06 0.17535022 -0.13947791
 endloop
endfacet
facet normal -0.96996367 0.18269864 -0.16059776
 outer loop
  vertex -0.21441115 0.046684563 -0.045283087
  vertex -0.21975371 0.031373918 -0.030433232
  vertex -0.21975379 0.03420581 -0.027211176
 endloop
endfacet
facet normal -0.96996367 0.1826997 -0.16059703
 outer loop
  vertex -0.21441115 0.046684563 -0.045283087
  vertex -0.21975379 0.03420581 -0.027211176
  vertex -0.21441126 0.05089827 -0.040488828
 endloop
endfacet
facet normal 0.9699608 0.182729 -0.16058077
 outer loop
  vertex 0.21975331 0.031380557 -0.030429471
  vertex 0.21441053 0.046691045 -0.045279432
  vertex 0.21441042 0.050904755 -0.040485173
 endloop
endfacet
facet normal 0.96996087 0.18272947 -0.16058
 outer loop
  vertex 0.21975331 0.031380557 -0.030429471
  vertex 0.21441042 0.050904755 -0.040485173
  vertex 0.21975324 0.034212444 -0.02720742
 endloop
endfacet
facet normal 0.049003057 0.7502186 -0.6593715
 outer loop
  vertex 0.021960493 0.1600603 -0.15524228
  vertex -1.0901825e-06 0.16083445 -0.15599361
  vertex -1.450437e-06 0.17535022 -0.13947791
 endloop
endfacet
facet normal 0.049002677 0.7502183 -0.65937185
 outer loop
  vertex 0.021960493 0.1600603 -0.15524228
  vertex -1.450437e-06 0.17535022 -0.13947791
  vertex 0.021960136 0.17450619 -0.1388061
 endloop
endfacet
facet normal -0.94141626 0.25330284 -0.22265002
 outer loop
  vertex -0.20700368 0.061545487 -0.059696738
  vertex -0.21441115 0.046684563 -0.045283087
  vertex -0.21441126 0.05089827 -0.040488828
 endloop
endfacet
facet normal -0.9414163 0.25330284 -0.22265004
 outer loop
  vertex -0.20700368 0.061545487 -0.059696738
  vertex -0.21441126 0.05089827 -0.040488828
  vertex -0.20700382 0.06710043 -0.053376466
 endloop
endfacet
facet normal 0.9891501 0.11035735 -0.09697109
 outer loop
  vertex 0.22297972 0.015767891 -0.015286445
  vertex 0.21975331 0.031380557 -0.030429471
  vertex 0.21975324 0.034212444 -0.02720742
 endloop
endfacet
facet normal 0.98915017 0.11035914 -0.09696821
 outer loop
  vertex 0.22297972 0.015767891 -0.015286445
  vertex 0.21975324 0.034212444 -0.02720742
  vertex 0.22297968 0.017190685 -0.0136676235
 endloop
endfacet
facet normal 0.14655013 0.74301213 -0.6530361
 outer loop
  vertex 0.04371061 0.1577447 -0.1529959
  vertex 0.021960493 0.1600603 -0.15524228
  vertex 0.021960136 0.17450619 -0.1388061
 endloop
endfacet
facet normal 0.14654991 0.74301195 -0.65303624
 outer loop
  vertex 0.04371061 0.1577447 -0.1529959
  vertex 0.021960136 0.17450619 -0.1388061
  vertex 0.04371026 0.17198157 -0.13679755
 endloop
endfacet
facet normal -0.9037932 0.32144696 -0.28254163
 outer loop
  vertex -0.19760269 0.07581381 -0.07353557
  vertex -0.20700368 0.061545487 -0.059696738
  vertex -0.20700382 0.06710043 -0.053376466
 endloop
endfacet
facet normal -0.9037931 0.32144725 -0.28254148
 outer loop
  vertex -0.19760269 0.07581381 -0.07353557
  vertex -0.20700382 0.06710043 -0.053376466
  vertex -0.19760285 0.082656495 -0.06575012
 endloop
endfacet
facet normal 0.2426985 0.7286655 -0.64042497
 outer loop
  vertex 0.065039776 0.15390997 -0.149276
  vertex 0.04371061 0.1577447 -0.1529959
  vertex 0.04371026 0.17198157 -0.13679755
 endloop
endfacet
facet normal 0.24269828 0.7286653 -0.64042515
 outer loop
  vertex 0.065039776 0.15390997 -0.149276
  vertex 0.04371026 0.17198157 -0.13679755
  vertex 0.065039426 0.16780071 -0.13347147
 endloop
endfacet
facet normal -0.8574593 0.38648134 -0.3396994
 outer loop
  vertex -0.18629864 0.08935204 -0.08666626
  vertex -0.19760269 0.07581381 -0.07353557
  vertex -0.19760285 0.082656495 -0.06575012
 endloop
endfacet
facet normal -0.85745937 0.38648102 -0.3396996
 outer loop
  vertex -0.18629864 0.08935204 -0.08666626
  vertex -0.19760285 0.082656495 -0.06575012
  vertex -0.18629883 0.09741658 -0.077490635
 endloop
endfacet
facet normal 0.5136368 0.6968882 -0.50052375
 outer loop
  vertex 0.12447914 0.14580026 -0.11597039
  vertex 0.105619244 0.15464664 -0.123007424
  vertex 0.10561894 0.16595908 -0.107257225
 endloop
endfacet
facet normal 0.5136362 0.69688797 -0.50052476
 outer loop
  vertex 0.12447914 0.14580026 -0.11597039
  vertex 0.10561894 0.16595908 -0.107257225
  vertex 0.12447885 0.15646559 -0.101121195
 endloop
endfacet
facet normal -0.67111814 0.6021266 -0.4324858
 outer loop
  vertex -0.14214249 0.13554537 -0.1078187
  vertex -0.15843448 0.12398899 -0.09862661
  vertex -0.15843473 0.13305908 -0.08599842
 endloop
endfacet
facet normal -0.67111784 0.6021272 -0.43248546
 outer loop
  vertex -0.14214249 0.13554537 -0.1078187
  vertex -0.15843473 0.13305908 -0.08599842
  vertex -0.14214276 0.14546081 -0.09401353
 endloop
endfacet
facet normal 0.5952326 0.6526601 -0.4687568
 outer loop
  vertex 0.14214022 0.13554966 -0.10781627
  vertex 0.12447914 0.14580026 -0.11597039
  vertex 0.12447885 0.15646559 -0.101121195
 endloop
endfacet
facet normal 0.5952331 0.65266025 -0.46875602
 outer loop
  vertex 0.14214022 0.13554966 -0.10781627
  vertex 0.12447885 0.15646559 -0.101121195
  vertex 0.14213996 0.1454651 -0.094011106
 endloop
endfacet
facet normal -0.5952443 0.6526426 -0.46876624
 outer loop
  vertex -0.12448158 0.14579652 -0.11597248
  vertex -0.14214249 0.13554537 -0.1078187
  vertex -0.14214276 0.14546081 -0.09401353
 endloop
endfacet
facet normal -0.59524465 0.6526422 -0.46876657
 outer loop
  vertex -0.12448158 0.14579652 -0.11597248
  vertex -0.14214276 0.14546081 -0.09401353
  vertex -0.12448187 0.15646183 -0.10112329
 endloop
endfacet
facet normal 0.6711068 0.6021475 -0.43247426
 outer loop
  vertex 0.15843242 0.12399378 -0.09862392
  vertex 0.14214022 0.13554966 -0.10781627
  vertex 0.14213996 0.1454651 -0.094011106
 endloop
endfacet
facet normal 0.67110664 0.60214746 -0.43247458
 outer loop
  vertex 0.15843242 0.12399378 -0.09862392
  vertex 0.14213996 0.1454651 -0.094011106
  vertex 0.15843217 0.13306388 -0.08599573
 endloop
endfacet
facet normal -0.51364905 0.69687253 -0.5005331
 outer loop
  vertex -0.10562185 0.15464343 -0.123009205
  vertex -0.12448158 0.14579652 -0.11597248
  vertex -0.12448187 0.15646183 -0.10112329
 endloop
endfacet
facet normal -0.5136486 0.696873 -0.50053287
 outer loop
  vertex -0.10562185 0.15464343 -0.123009205
  vertex -0.12448187 0.15646183 -0.10112329
  vertex -0.10562216 0.16595586 -0.10725903
 endloop
endfacet
facet normal 0.74054444 0.5458185 -0.39201534
 outer loop
  vertex 0.17319883 0.111243606 -0.0884817
  vertex 0.15843242 0.12399378 -0.09862392
  vertex 0.15843217 0.13306388 -0.08599573
 endloop
endfacet
facet normal 0.7405443 0.5458185 -0.3920157
 outer loop
  vertex 0.17319883 0.111243606 -0.0884817
  vertex 0.15843217 0.13306388 -0.08599573
  vertex 0.17319861 0.11938101 -0.0771521
 endloop
endfacet
facet normal -0.4271405 0.7343855 -0.5274741
 outer loop
  vertex -0.08574491 0.1620011 -0.1288614
  vertex -0.10562185 0.15464343 -0.123009205
  vertex -0.10562216 0.16595586 -0.10725903
 endloop
endfacet
facet normal -0.4271416 0.73438424 -0.5274749
 outer loop
  vertex -0.08574491 0.1620011 -0.1288614
  vertex -0.10562216 0.16595586 -0.10725903
  vertex -0.08574523 0.17385177 -0.11236188
 endloop
endfacet
facet normal 0.8028579 0.48422346 -0.34777427
 outer loop
  vertex 0.18629724 0.09742221 -0.07748746
  vertex 0.17319883 0.111243606 -0.0884817
  vertex 0.17319861 0.11938101 -0.0771521
 endloop
endfacet
facet normal 0.80285776 0.48422337 -0.3477746
 outer loop
  vertex 0.18629724 0.09742221 -0.07748746
  vertex 0.17319861 0.11938101 -0.0771521
  vertex 0.18629704 0.10454856 -0.06756555
 endloop
endfacet
facet normal -0.33654052 0.7648302 -0.5493407
 outer loop
  vertex -0.065042205 0.16779873 -0.13347256
  vertex -0.08574491 0.1620011 -0.1288614
  vertex -0.08574523 0.17385177 -0.11236188
 endloop
endfacet
facet normal -0.33653978 0.7648309 -0.54934025
 outer loop
  vertex -0.065042205 0.16779873 -0.13347256
  vertex -0.08574523 0.17385177 -0.11236188
  vertex -0.06504253 0.18007347 -0.116382584
 endloop
endfacet
facet normal 0.8574528 0.4179409 -0.3001666
 outer loop
  vertex 0.19760147 0.08266251 -0.065746784
  vertex 0.18629724 0.09742221 -0.07748746
  vertex 0.18629704 0.10454856 -0.06756555
 endloop
endfacet
facet normal 0.857453 0.41794103 -0.30016604
 outer loop
  vertex 0.19760147 0.08266251 -0.065746784
  vertex 0.18629704 0.10454856 -0.06756555
  vertex 0.1976013 0.088709146 -0.05732812
 endloop
endfacet
facet normal -0.24271241 0.78792214 -0.5659235
 outer loop
  vertex -0.043713126 0.17198026 -0.13679829
  vertex -0.065042205 0.16779873 -0.13347256
  vertex -0.06504253 0.18007347 -0.116382584
 endloop
endfacet
facet normal -0.24271289 0.7879217 -0.56592387
 outer loop
  vertex -0.043713126 0.17198026 -0.13679829
  vertex -0.06504253 0.18007347 -0.116382584
  vertex -0.04371347 0.18456087 -0.119282484
 endloop
endfacet
facet normal 0.9037875 0.34761953 -0.24965733
 outer loop
  vertex 0.20700271 0.06710669 -0.053372934
  vertex 0.19760147 0.08266251 -0.065746784
  vertex 0.1976013 0.088709146 -0.05732812
 endloop
endfacet
facet normal 0.9037875 0.3476195 -0.24965747
 outer loop
  vertex 0.20700271 0.06710669 -0.053372934
  vertex 0.1976013 0.088709146 -0.05732812
  vertex 0.20700258 0.07201539 -0.046538614
 endloop
endfacet
facet normal -0.14656332 0.80343837 -0.5770667
 outer loop
  vertex -0.021963047 0.17450553 -0.13880649
  vertex -0.043713126 0.17198026 -0.13679829
  vertex -0.04371347 0.18456087 -0.119282484
 endloop
endfacet
facet normal -0.14656273 0.80343884 -0.57706624
 outer loop
  vertex -0.021963047 0.17450553 -0.13880649
  vertex -0.04371347 0.18456087 -0.119282484
  vertex -0.021963391 0.18727082 -0.12103353
 endloop
endfacet
facet normal -0.9891519 0.119303234 -0.08570543
 outer loop
  vertex -0.21975379 0.03420581 -0.027211176
  vertex -0.22297998 0.017183948 -0.01367143
  vertex -0.22298001 0.01844122 -0.011920944
 endloop
endfacet
facet normal -0.98915184 0.119300745 -0.08570795
 outer loop
  vertex -0.21975379 0.03420581 -0.027211176
  vertex -0.22298001 0.01844122 -0.011920944
  vertex -0.21975386 0.036708247 -0.023727061
 endloop
endfacet
facet normal 0.9414119 0.27393407 -0.19673277
 outer loop
  vertex 0.21441042 0.050904755 -0.040485173
  vertex 0.20700271 0.06710669 -0.053372934
  vertex 0.20700258 0.07201539 -0.046538614
 endloop
endfacet
facet normal 0.9414119 0.27393425 -0.19673236
 outer loop
  vertex 0.21441042 0.050904755 -0.040485173
  vertex 0.20700258 0.07201539 -0.046538614
  vertex 0.21441032 0.054628257 -0.03530099
 endloop
endfacet
facet normal -0.04901506 0.8112342 -0.58266336
 outer loop
  vertex -1.450437e-06 0.17535022 -0.13947791
  vertex -0.021963047 0.17450553 -0.13880649
  vertex -0.021963391 0.18727082 -0.12103353
 endloop
endfacet
facet normal -0.049016017 0.8112336 -0.5826641
 outer loop
  vertex -1.450437e-06 0.17535022 -0.13947791
  vertex -0.021963391 0.18727082 -0.12103353
  vertex -1.7966298e-06 0.18817729 -0.121618964
 endloop
endfacet
facet normal -0.96996397 0.19755915 -0.141916
 outer loop
  vertex -0.21441126 0.05089827 -0.040488828
  vertex -0.21975379 0.03420581 -0.027211176
  vertex -0.21975386 0.036708247 -0.023727061
 endloop
endfacet
facet normal -0.96996397 0.19755998 -0.14191538
 outer loop
  vertex -0.21441126 0.05089827 -0.040488828
  vertex -0.21975386 0.036708247 -0.023727061
  vertex -0.21441136 0.05462177 -0.03530464
 endloop
endfacet
facet normal 0.96996045 0.1975898 -0.14189789
 outer loop
  vertex 0.21975324 0.034212444 -0.02720742
  vertex 0.21441042 0.050904755 -0.040485173
  vertex 0.21441032 0.054628257 -0.03530099
 endloop
endfacet
facet normal 0.9699605 0.19759023 -0.14189695
 outer loop
  vertex 0.21975324 0.034212444 -0.02720742
  vertex 0.21441032 0.054628257 -0.03530099
  vertex 0.21975316 0.03671488 -0.023723306
 endloop
endfacet
facet normal 0.04900117 0.8112351 -0.5826633
 outer loop
  vertex 0.021960136 0.17450619 -0.1388061
  vertex -1.450437e-06 0.17535022 -0.13947791
  vertex -1.7966298e-06 0.18817729 -0.121618964
 endloop
endfacet
facet normal 0.049001735 0.81123537 -0.5826628
 outer loop
  vertex 0.021960136 0.17450619 -0.1388061
  vertex -1.7966298e-06 0.18817729 -0.121618964
  vertex 0.021959791 0.18727148 -0.121033154
 endloop
endfacet
facet normal -0.9414168 0.27390528 -0.19674926
 outer loop
  vertex -0.20700382 0.06710043 -0.053376466
  vertex -0.21441126 0.05089827 -0.040488828
  vertex -0.21441136 0.05462177 -0.03530464
 endloop
endfacet
facet normal -0.94141674 0.27390546 -0.19674917
 outer loop
  vertex -0.20700382 0.06710043 -0.053376466
  vertex -0.21441136 0.05462177 -0.03530464
  vertex -0.20700395 0.07200913 -0.046542145
 endloop
endfacet
facet normal 0.9891498 0.11933186 -0.085688055
 outer loop
  vertex 0.22297968 0.017190685 -0.0136676235
  vertex 0.21975324 0.034212444 -0.02720742
  vertex 0.21975316 0.03671488 -0.023723306
 endloop
endfacet
facet normal 0.98914975 0.119330205 -0.08569119
 outer loop
  vertex 0.22297968 0.017190685 -0.0136676235
  vertex 0.21975316 0.03671488 -0.023723306
  vertex 0.22297965 0.01844796 -0.011917137
 endloop
endfacet
facet normal 0.14654857 0.80344296 -0.57706404
 outer loop
  vertex 0.04371026 0.17198157 -0.13679755
  vertex 0.021960136 0.17450619 -0.1388061
  vertex 0.021959791 0.18727148 -0.121033154
 endloop
endfacet
facet normal 0.1465484 0.8034429 -0.5770642
 outer loop
  vertex 0.04371026 0.17198157 -0.13679755
  vertex 0.021959791 0.18727148 -0.121033154
  vertex 0.04370992 0.18456218 -0.11928174
 endloop
endfacet
facet normal -0.9037938 0.34759188 -0.24967317
 outer loop
  vertex -0.19760285 0.082656495 -0.06575012
  vertex -0.20700382 0.06710043 -0.053376466
  vertex -0.20700395 0.07200913 -0.046542145
 endloop
endfacet
facet normal -0.9037937 0.34759235 -0.24967293
 outer loop
  vertex -0.19760285 0.082656495 -0.06575012
  vertex -0.20700395 0.07200913 -0.046542145
  vertex -0.19760302 0.088703126 -0.057331465
 endloop
endfacet
facet normal 0.24269667 0.78792953 -0.56592
 outer loop
  vertex 0.065039426 0.16780071 -0.13347147
  vertex 0.04371026 0.17198157 -0.13679755
  vertex 0.04370992 0.18456218 -0.11928174
 endloop
endfacet
facet normal 0.24269752 0.7879299 -0.5659191
 outer loop
  vertex 0.065039426 0.16780071 -0.13347147
  vertex 0.04370992 0.18456218 -0.11928174
  vertex 0.0650391 0.18007544 -0.116381496
 endloop
endfacet
facet normal -0.8574602 0.41791555 -0.30018106
 outer loop
  vertex -0.18629883 0.09741658 -0.077490635
  vertex -0.19760285 0.082656495 -0.06575012
  vertex -0.19760302 0.088703126 -0.057331465
 endloop
endfacet
facet normal -0.8574604 0.41791493 -0.30018142
 outer loop
  vertex -0.18629883 0.09741658 -0.077490635
  vertex -0.19760302 0.088703126 -0.057331465
  vertex -0.18629903 0.104542926 -0.06756873
 endloop
endfacet
facet normal 0.33652437 0.7648418 -0.5493345
 outer loop
  vertex 0.085742205 0.16200379 -0.12885997
  vertex 0.065039426 0.16780071 -0.13347147
  vertex 0.0650391 0.18007544 -0.116381496
 endloop
endfacet
facet normal 0.33652416 0.76484174 -0.5493347
 outer loop
  vertex 0.085742205 0.16200379 -0.12885997
  vertex 0.0650391 0.18007544 -0.116381496
  vertex 0.085741885 0.17385444 -0.11236043
 endloop
endfacet
facet normal -0.8028671 0.4841982 -0.34778792
 outer loop
  vertex -0.17320068 0.111238375 -0.08848465
  vertex -0.18629883 0.09741658 -0.077490635
  vertex -0.18629903 0.104542926 -0.06756873
 endloop
endfacet
facet normal -0.8028671 0.48419824 -0.3477879
 outer loop
  vertex -0.17320068 0.111238375 -0.08848465
  vertex -0.18629903 0.104542926 -0.06756873
  vertex -0.1732009 0.11937578 -0.07715505
 endloop
endfacet
facet normal 0.4271304 0.734397 -0.5274663
 outer loop
  vertex 0.105619244 0.15464664 -0.123007424
  vertex 0.085742205 0.16200379 -0.12885997
  vertex 0.085741885 0.17385444 -0.11236043
 endloop
endfacet
facet normal 0.4271308 0.7343971 -0.5274659
 outer loop
  vertex 0.105619244 0.15464664 -0.123007424
  vertex 0.085741885 0.17385444 -0.11236043
  vertex 0.10561894 0.16595908 -0.107257225
 endloop
endfacet
facet normal -0.74055415 0.54579574 -0.3920286
 outer loop
  vertex -0.15843448 0.12398899 -0.09862661
  vertex -0.17320068 0.111238375 -0.08848465
  vertex -0.1732009 0.11937578 -0.07715505
 endloop
endfacet
facet normal -0.74055403 0.5457962 -0.39202842
 outer loop
  vertex -0.15843448 0.12398899 -0.09862661
  vertex -0.1732009 0.11937578 -0.07715505
  vertex -0.15843473 0.13305908 -0.08599842
 endloop
endfacet
facet normal 0.67110544 0.64163816 -0.37137297
 outer loop
  vertex 0.15843217 0.13306388 -0.08599573
  vertex 0.14213996 0.1454651 -0.094011106
  vertex 0.1421397 0.15397967 -0.07930055
 endloop
endfacet
facet normal 0.6711058 0.6416383 -0.3713723
 outer loop
  vertex 0.15843217 0.13306388 -0.08599573
  vertex 0.1421397 0.15397967 -0.07930055
  vertex 0.15843195 0.14085253 -0.07253931
 endloop
endfacet
facet normal -0.5136499 0.74257714 -0.42981735
 outer loop
  vertex -0.10562216 0.16595586 -0.10725903
  vertex -0.12448187 0.15646183 -0.10112329
  vertex -0.12448214 0.16562033 -0.08530023
 endloop
endfacet
facet normal -0.51364976 0.7425774 -0.42981717
 outer loop
  vertex -0.10562216 0.16595586 -0.10725903
  vertex -0.12448214 0.16562033 -0.08530023
  vertex -0.10562245 0.17567006 -0.09047586
 endloop
endfacet
facet normal 0.74054337 0.58161515 -0.33662948
 outer loop
  vertex 0.17319861 0.11938101 -0.0771521
  vertex 0.15843217 0.13306388 -0.08599573
  vertex 0.15843195 0.14085253 -0.07253931
 endloop
endfacet
facet normal 0.7405431 0.58161503 -0.33663002
 outer loop
  vertex 0.17319861 0.11938101 -0.0771521
  vertex 0.15843195 0.14085253 -0.07253931
  vertex 0.1731984 0.12636875 -0.06507945
 endloop
endfacet
facet normal -0.427143 0.78254944 -0.45295176
 outer loop
  vertex -0.08574523 0.17385177 -0.11236188
  vertex -0.10562216 0.16595586 -0.10725903
  vertex -0.10562245 0.17567006 -0.09047586
 endloop
endfacet
facet normal -0.42714238 0.7825501 -0.45295122
 outer loop
  vertex -0.08574523 0.17385177 -0.11236188
  vertex -0.10562245 0.17567006 -0.09047586
  vertex -0.085745536 0.1840281 -0.09478025
 endloop
endfacet
facet normal 0.8028569 0.5159801 -0.29863903
 outer loop
  vertex 0.18629704 0.10454856 -0.06756555
  vertex 0.17319861 0.11938101 -0.0771521
  vertex 0.1731984 0.12636875 -0.06507945
 endloop
endfacet
facet normal 0.8028574 0.51598024 -0.2986377
 outer loop
  vertex 0.18629704 0.10454856 -0.06756555
  vertex 0.1731984 0.12636875 -0.06507945
  vertex 0.18629685 0.11066806 -0.056992915
 endloop
endfacet
facet normal -0.33654138 0.81499267 -0.47172755
 outer loop
  vertex -0.06504253 0.18007347 -0.116382584
  vertex -0.08574523 0.17385177 -0.11236188
  vertex -0.085745536 0.1840281 -0.09478025
 endloop
endfacet
facet normal -0.33654207 0.8149921 -0.47172806
 outer loop
  vertex -0.06504253 0.18007347 -0.116382584
  vertex -0.085745536 0.1840281 -0.09478025
  vertex -0.065042846 0.19061399 -0.09817179
 endloop
endfacet
facet normal 0.8574521 0.44535112 -0.25775608
 outer loop
  vertex 0.1976013 0.088709146 -0.05732812
  vertex 0.18629704 0.10454856 -0.06756555
  vertex 0.18629685 0.11066806 -0.056992915
 endloop
endfacet
facet normal 0.85745203 0.44535112 -0.2577564
 outer loop
  vertex 0.1976013 0.088709146 -0.05732812
  vertex 0.18629685 0.11066806 -0.056992915
  vertex 0.19760114 0.09390149 -0.048357338
 endloop
endfacet
facet normal -0.24271421 0.8395978 -0.48596838
 outer loop
  vertex -0.04371347 0.18456087 -0.119282484
  vertex -0.06504253 0.18007347 -0.116382584
  vertex -0.065042846 0.19061399 -0.09817179
 endloop
endfacet
facet normal -0.2427133 0.8395985 -0.48596767
 outer loop
  vertex -0.04371347 0.18456087 -0.119282484
  vertex -0.065042846 0.19061399 -0.09817179
  vertex -0.04371379 0.19536401 -0.1006179
 endloop
endfacet
facet normal 0.9037868 0.37041742 -0.2143835
 outer loop
  vertex 0.20700258 0.07201539 -0.046538614
  vertex 0.1976013 0.088709146 -0.05732812
  vertex 0.19760114 0.09390149 -0.048357338
 endloop
endfacet
facet normal 0.9037869 0.37041748 -0.21438298
 outer loop
  vertex 0.20700258 0.07201539 -0.046538614
  vertex 0.19760114 0.09390149 -0.048357338
  vertex 0.20700245 0.07623057 -0.039256062
 endloop
endfacet
facet normal -0.14656432 0.8561325 -0.495536
 outer loop
  vertex -0.021963391 0.18727082 -0.12103353
  vertex -0.04371347 0.18456087 -0.119282484
  vertex -0.04371379 0.19536401 -0.1006179
 endloop
endfacet
facet normal -0.14656496 0.85613215 -0.49553657
 outer loop
  vertex -0.021963391 0.18727082 -0.12103353
  vertex -0.04371379 0.19536401 -0.1006179
  vertex -0.02196372 0.19823259 -0.10209492
 endloop
endfacet
facet normal -0.98915213 0.12712756 -0.07359801
 outer loop
  vertex -0.21975386 0.036708247 -0.023727061
  vertex -0.22298001 0.01844122 -0.011920944
  vertex -0.22298004 0.019520862 -0.010055654
 endloop
endfacet
facet normal -0.98915213 0.12712751 -0.07359812
 outer loop
  vertex -0.21975386 0.036708247 -0.023727061
  vertex -0.22298004 0.019520862 -0.010055654
  vertex -0.21975392 0.038857132 -0.020014444
 endloop
endfacet
facet normal 0.9414114 0.29189944 -0.16893567
 outer loop
  vertex 0.21441032 0.054628257 -0.03530099
  vertex 0.20700258 0.07201539 -0.046538614
  vertex 0.20700245 0.07623057 -0.039256062
 endloop
endfacet
facet normal 0.94141144 0.29189956 -0.16893528
 outer loop
  vertex 0.21441032 0.054628257 -0.03530099
  vertex 0.20700245 0.07623057 -0.039256062
  vertex 0.21441022 0.057825692 -0.029776793
 endloop
endfacet
facet normal -0.0490176 0.8644387 -0.5003428
 outer loop
  vertex -1.7966298e-06 0.18817729 -0.121618964
  vertex -0.021963391 0.18727082 -0.12103353
  vertex -0.02196372 0.19823259 -0.10209492
 endloop
endfacet
facet normal -0.049016632 0.8644393 -0.5003419
 outer loop
  vertex -1.7966298e-06 0.18817729 -0.121618964
  vertex -0.02196372 0.19823259 -0.10209492
  vertex -2.1254268e-06 0.19919208 -0.10258871
 endloop
endfacet
facet normal -0.9699643 0.21051866 -0.12186505
 outer loop
  vertex -0.21441136 0.05462177 -0.03530464
  vertex -0.21975386 0.036708247 -0.023727061
  vertex -0.21975392 0.038857132 -0.020014444
 endloop
endfacet
facet normal -0.9699645 0.21051693 -0.121866934
 outer loop
  vertex -0.21441136 0.05462177 -0.03530464
  vertex -0.21975392 0.038857132 -0.020014444
  vertex -0.21441147 0.05781921 -0.029780447
 endloop
endfacet
facet normal 0.9699601 0.21054798 -0.12184803
 outer loop
  vertex 0.21975316 0.03671488 -0.023723306
  vertex 0.21441032 0.054628257 -0.03530099
  vertex 0.21441022 0.057825692 -0.029776793
 endloop
endfacet
facet normal 0.96996 0.21054724 -0.121850505
 outer loop
  vertex 0.21975316 0.03671488 -0.023723306
  vertex 0.21441022 0.057825692 -0.029776793
  vertex 0.2197531 0.038863767 -0.02001069
 endloop
endfacet
facet normal 0.049000334 0.86444074 -0.5003411
 outer loop
  vertex 0.021959791 0.18727148 -0.121033154
  vertex -1.7966298e-06 0.18817729 -0.121618964
  vertex -2.1254268e-06 0.19919208 -0.10258871
 endloop
endfacet
facet normal 0.04899937 0.86444026 -0.50034195
 outer loop
  vertex 0.021959791 0.18727148 -0.121033154
  vertex -2.1254268e-06 0.19919208 -0.10258871
  vertex 0.021959463 0.19823325 -0.102094546
 endloop
endfacet
facet normal -0.94141734 0.29186982 -0.16895396
 outer loop
  vertex -0.20700395 0.07200913 -0.046542145
  vertex -0.21441136 0.05462177 -0.03530464
  vertex -0.21441147 0.05781921 -0.029780447
 endloop
endfacet
facet normal -0.9414173 0.2918705 -0.16895331
 outer loop
  vertex -0.20700395 0.07200913 -0.046542145
  vertex -0.21441147 0.05781921 -0.029780447
  vertex -0.20700409 0.07622431 -0.039259583
 endloop
endfacet
facet normal 0.9891496 0.12715603 -0.073582806
 outer loop
  vertex 0.22297965 0.01844796 -0.011917137
  vertex 0.21975316 0.03671488 -0.023723306
  vertex 0.2197531 0.038863767 -0.02001069
 endloop
endfacet
facet normal 0.9891496 0.127156 -0.07358286
 outer loop
  vertex 0.22297965 0.01844796 -0.011917137
  vertex 0.2197531 0.038863767 -0.02001069
  vertex 0.22297962 0.019527601 -0.0100518465
 endloop
endfacet
facet normal 0.14654702 0.8561367 -0.49553406
 outer loop
  vertex 0.04370992 0.18456218 -0.11928174
  vertex 0.021959791 0.18727148 -0.121033154
  vertex 0.021959463 0.19823325 -0.102094546
 endloop
endfacet
facet normal 0.14654762 0.8561369 -0.49553353
 outer loop
  vertex 0.04370992 0.18456218 -0.11928174
  vertex 0.021959463 0.19823325 -0.102094546
  vertex 0.0437096 0.19536532 -0.100617155
 endloop
endfacet
facet normal -0.90379435 0.3703896 -0.21439986
 outer loop
  vertex -0.19760302 0.088703126 -0.057331465
  vertex -0.20700395 0.07200913 -0.046542145
  vertex -0.20700409 0.07622431 -0.039259583
 endloop
endfacet
facet normal -0.9037944 0.37038955 -0.21439989
 outer loop
  vertex -0.19760302 0.088703126 -0.057331465
  vertex -0.20700409 0.07622431 -0.039259583
  vertex -0.19760318 0.093895465 -0.048360676
 endloop
endfacet
facet normal 0.24269597 0.83960587 -0.48596364
 outer loop
  vertex 0.0650391 0.18007544 -0.116381496
  vertex 0.04370992 0.18456218 -0.11928174
  vertex 0.0437096 0.19536532 -0.100617155
 endloop
endfacet
facet normal 0.24269447 0.8396054 -0.48596516
 outer loop
  vertex 0.0650391 0.18007544 -0.116381496
  vertex 0.0437096 0.19536532 -0.100617155
  vertex 0.065038785 0.19061597 -0.098170705
 endloop
endfacet
facet normal -0.8574611 0.44532472 -0.2577719
 outer loop
  vertex -0.18629903 0.104542926 -0.06756873
  vertex -0.19760302 0.088703126 -0.057331465
  vertex -0.19760318 0.093895465 -0.048360676
 endloop
endfacet
facet normal -0.8574612 0.4453243 -0.25777224
 outer loop
  vertex -0.18629903 0.104542926 -0.06756873
  vertex -0.19760318 0.093895465 -0.048360676
  vertex -0.18629922 0.11066243 -0.056996096
 endloop
endfacet
facet normal 0.33652276 0.81500274 -0.47172338
 outer loop
  vertex 0.085741885 0.17385444 -0.11236043
  vertex 0.0650391 0.18007544 -0.116381496
  vertex 0.065038785 0.19061597 -0.098170705
 endloop
endfacet
facet normal 0.3365238 0.815003 -0.47172216
 outer loop
  vertex 0.085741885 0.17385444 -0.11236043
  vertex 0.065038785 0.19061597 -0.098170705
  vertex 0.08574158 0.18403079 -0.09477879
 endloop
endfacet
facet normal -0.8028681 0.5159548 -0.29865256
 outer loop
  vertex -0.1732009 0.11937578 -0.07715505
  vertex -0.18629903 0.104542926 -0.06756873
  vertex -0.18629922 0.11066243 -0.056996096
 endloop
endfacet
facet normal -0.80286777 0.5159556 -0.29865196
 outer loop
  vertex -0.1732009 0.11937578 -0.07715505
  vertex -0.18629922 0.11066243 -0.056996096
  vertex -0.17320111 0.1263635 -0.0650824
 endloop
endfacet
facet normal 0.42712942 0.78256166 -0.45294333
 outer loop
  vertex 0.10561894 0.16595908 -0.107257225
  vertex 0.085741885 0.17385444 -0.11236043
  vertex 0.08574158 0.18403079 -0.09477879
 endloop
endfacet
facet normal 0.42712927 0.7825617 -0.45294353
 outer loop
  vertex 0.10561894 0.16595908 -0.107257225
  vertex 0.08574158 0.18403079 -0.09477879
  vertex 0.10561865 0.17567326 -0.09047406
 endloop
endfacet
facet normal -0.74055505 0.58159286 -0.33664212
 outer loop
  vertex -0.15843473 0.13305908 -0.08599842
  vertex -0.1732009 0.11937578 -0.07715505
  vertex -0.17320111 0.1263635 -0.0650824
 endloop
endfacet
facet normal -0.7405547 0.5815936 -0.33664158
 outer loop
  vertex -0.15843473 0.13305908 -0.08599842
  vertex -0.17320111 0.1263635 -0.0650824
  vertex -0.15843496 0.14084773 -0.072542004
 endloop
endfacet
facet normal 0.51363504 0.7425929 -0.4298079
 outer loop
  vertex 0.12447885 0.15646559 -0.101121195
  vertex 0.10561894 0.16595908 -0.107257225
  vertex 0.10561865 0.17567326 -0.09047406
 endloop
endfacet
facet normal 0.5136343 0.7425928 -0.42980897
 outer loop
  vertex 0.12447885 0.15646559 -0.101121195
  vertex 0.10561865 0.17567326 -0.09047406
  vertex 0.12447858 0.16562408 -0.085298136
 endloop
endfacet
facet normal -0.6711188 0.6416184 -0.37138307
 outer loop
  vertex -0.14214276 0.14546081 -0.09401353
  vertex -0.15843473 0.13305908 -0.08599842
  vertex -0.15843496 0.14084773 -0.072542004
 endloop
endfacet
facet normal -0.6711194 0.6416174 -0.37138373
 outer loop
  vertex -0.14214276 0.14546081 -0.09401353
  vertex -0.15843496 0.14084773 -0.072542004
  vertex -0.14214301 0.15397538 -0.07930296
 endloop
endfacet
facet normal 0.5952317 0.6954636 -0.40252888
 outer loop
  vertex 0.14213996 0.1454651 -0.094011106
  vertex 0.12447885 0.15646559 -0.101121195
  vertex 0.12447858 0.16562408 -0.085298136
 endloop
endfacet
facet normal 0.5952318 0.69546366 -0.40252882
 outer loop
  vertex 0.14213996 0.1454651 -0.094011106
  vertex 0.12447858 0.16562408 -0.085298136
  vertex 0.1421397 0.15397967 -0.07930055
 endloop
endfacet
facet normal -0.59524584 0.6954459 -0.4025387
 outer loop
  vertex -0.12448187 0.15646183 -0.10112329
  vertex -0.14214276 0.14546081 -0.09401353
  vertex -0.14214301 0.15397538 -0.07930296
 endloop
endfacet
facet normal -0.5952459 0.69544584 -0.40253872
 outer loop
  vertex -0.12448187 0.15646183 -0.10112329
  vertex -0.14214301 0.15397538 -0.07930296
  vertex -0.12448214 0.16562033 -0.08530023
 endloop
endfacet
facet normal 0.8028565 0.5427676 -0.24662644
 outer loop
  vertex 0.18629685 0.11066806 -0.056992915
  vertex 0.1731984 0.12636875 -0.06507945
  vertex 0.17319821 0.13213949 -0.052380014
 endloop
endfacet
facet normal 0.8028563 0.5427676 -0.24662726
 outer loop
  vertex 0.18629685 0.11066806 -0.056992915
  vertex 0.17319821 0.13213949 -0.052380014
  vertex 0.18629669 0.11572181 -0.045871366
 endloop
endfacet
facet normal -0.33654368 0.8573046 -0.38957316
 outer loop
  vertex -0.065042846 0.19061399 -0.09817179
  vertex -0.085745536 0.1840281 -0.09478025
  vertex -0.08574582 0.19243217 -0.07628582
 endloop
endfacet
facet normal -0.33654332 0.8573049 -0.38957283
 outer loop
  vertex -0.065042846 0.19061399 -0.09817179
  vertex -0.08574582 0.19243217 -0.07628582
  vertex -0.065043144 0.19931878 -0.079015516
 endloop
endfacet
facet normal 0.85745126 0.46847147 -0.21286553
 outer loop
  vertex 0.19760114 0.09390149 -0.048357338
  vertex 0.18629685 0.11066806 -0.056992915
  vertex 0.18629669 0.11572181 -0.045871366
 endloop
endfacet
facet normal 0.85745126 0.46847153 -0.21286592
 outer loop
  vertex 0.19760114 0.09390149 -0.048357338
  vertex 0.18629669 0.11572181 -0.045871366
  vertex 0.197601 0.09818955 -0.038920805
 endloop
endfacet
facet normal -0.24271455 0.88318825 -0.40133297
 outer loop
  vertex -0.04371379 0.19536401 -0.1006179
  vertex -0.065042846 0.19061399 -0.09817179
  vertex -0.065043144 0.19931878 -0.079015516
 endloop
endfacet
facet normal -0.24271531 0.8831878 -0.40133366
 outer loop
  vertex -0.04371379 0.19536401 -0.1006179
  vertex -0.065043144 0.19931878 -0.079015516
  vertex -0.04371409 0.20428573 -0.08098431
 endloop
endfacet
facet normal 0.90378624 0.389647 -0.17704666
 outer loop
  vertex 0.20700245 0.07623057 -0.039256062
  vertex 0.19760114 0.09390149 -0.048357338
  vertex 0.197601 0.09818955 -0.038920805
 endloop
endfacet
facet normal 0.9037865 0.38964707 -0.17704552
 outer loop
  vertex 0.20700245 0.07623057 -0.039256062
  vertex 0.197601 0.09818955 -0.038920805
  vertex 0.20700233 0.079711646 -0.03159542
 endloop
endfacet
facet normal -0.14656653 0.90058017 -0.40923542
 outer loop
  vertex -0.02196372 0.19823259 -0.10209492
  vertex -0.04371379 0.19536401 -0.1006179
  vertex -0.04371409 0.20428573 -0.08098431
 endloop
endfacet
facet normal -0.14656524 0.9005808 -0.40923432
 outer loop
  vertex -0.02196372 0.19823259 -0.10209492
  vertex -0.04371409 0.20428573 -0.08098431
  vertex -0.021964025 0.20728526 -0.08217308
 endloop
endfacet
facet normal -0.9891524 0.13372807 -0.060782306
 outer loop
  vertex -0.21975392 0.038857132 -0.020014444
  vertex -0.22298004 0.019520862 -0.010055654
  vertex -0.22298007 0.020412473 -0.008093522
 endloop
endfacet
facet normal -0.9891524 0.133728 -0.060782447
 outer loop
  vertex -0.21975392 0.038857132 -0.020014444
  vertex -0.22298007 0.020412473 -0.008093522
  vertex -0.21975398 0.040631767 -0.016109081
 endloop
endfacet
facet normal 0.94141096 0.30705288 -0.13951336
 outer loop
  vertex 0.21441022 0.057825692 -0.029776793
  vertex 0.20700245 0.07623057 -0.039256062
  vertex 0.20700233 0.079711646 -0.03159542
 endloop
endfacet
facet normal 0.941411 0.30705288 -0.13951315
 outer loop
  vertex 0.21441022 0.057825692 -0.029776793
  vertex 0.20700233 0.079711646 -0.03159542
  vertex 0.21441013 0.06046626 -0.023965798
 endloop
endfacet
facet normal -0.049018107 0.90931857 -0.4132033
 outer loop
  vertex -2.1254268e-06 0.19919208 -0.10258871
  vertex -0.02196372 0.19823259 -0.10209492
  vertex -0.021964025 0.20728526 -0.08217308
 endloop
endfacet
facet normal -0.049018376 0.90931845 -0.41320357
 outer loop
  vertex -2.1254268e-06 0.19919208 -0.10258871
  vertex -0.021964025 0.20728526 -0.08217308
  vertex -2.4336614e-06 0.20828855 -0.08257048
 endloop
endfacet
facet normal -0.9699648 0.22144794 -0.10064291
 outer loop
  vertex -0.21441147 0.05781921 -0.029780447
  vertex -0.21975392 0.038857132 -0.020014444
  vertex -0.21975398 0.040631767 -0.016109081
 endloop
endfacet
facet normal -0.9699648 0.22144808 -0.10064281
 outer loop
  vertex -0.21441147 0.05781921 -0.029780447
  vertex -0.21975398 0.040631767 -0.016109081
  vertex -0.21441156 0.060459778 -0.02396945
 endloop
endfacet
facet normal 0.9699596 0.2214782 -0.10062674
 outer loop
  vertex 0.2197531 0.038863767 -0.02001069
  vertex 0.21441022 0.057825692 -0.029776793
  vertex 0.21441013 0.06046626 -0.023965798
 endloop
endfacet
facet normal 0.9699596 0.22147813 -0.10062697
 outer loop
  vertex 0.2197531 0.038863767 -0.02001069
  vertex 0.21441013 0.06046626 -0.023965798
  vertex 0.21975304 0.040638402 -0.016105324
 endloop
endfacet
facet normal 0.04899803 0.9093199 -0.4132027
 outer loop
  vertex 0.021959463 0.19823325 -0.102094546
  vertex -2.1254268e-06 0.19919208 -0.10258871
  vertex -2.4336614e-06 0.20828855 -0.08257048
 endloop
endfacet
facet normal 0.048998285 0.90932 -0.4132025
 outer loop
  vertex 0.021959463 0.19823325 -0.102094546
  vertex -2.4336614e-06 0.20828855 -0.08257048
  vertex 0.021959158 0.20728591 -0.08217271
 endloop
endfacet
facet normal -0.94141763 0.30702484 -0.13952923
 outer loop
  vertex -0.20700409 0.07622431 -0.039259583
  vertex -0.21441147 0.05781921 -0.029780447
  vertex -0.21441156 0.060459778 -0.02396945
 endloop
endfacet
facet normal -0.9414178 0.30702433 -0.13952981
 outer loop
  vertex -0.20700409 0.07622431 -0.039259583
  vertex -0.21441156 0.060459778 -0.02396945
  vertex -0.2070042 0.07970539 -0.031598948
 endloop
endfacet
facet normal 0.98914933 0.13375735 -0.060765523
 outer loop
  vertex 0.22297962 0.019527601 -0.0100518465
  vertex 0.2197531 0.038863767 -0.02001069
  vertex 0.21975304 0.040638402 -0.016105324
 endloop
endfacet
facet normal 0.98914933 0.13375732 -0.060765542
 outer loop
  vertex 0.22297962 0.019527601 -0.0100518465
  vertex 0.21975304 0.040638402 -0.016105324
  vertex 0.22297959 0.020419212 -0.008089715
 endloop
endfacet
facet normal 0.14654636 0.9005851 -0.40923178
 outer loop
  vertex 0.0437096 0.19536532 -0.100617155
  vertex 0.021959463 0.19823325 -0.102094546
  vertex 0.021959158 0.20728591 -0.08217271
 endloop
endfacet
facet normal 0.14654508 0.9005847 -0.40923303
 outer loop
  vertex 0.0437096 0.19536532 -0.100617155
  vertex 0.021959158 0.20728591 -0.08217271
  vertex 0.043709297 0.20428704 -0.080983564
 endloop
endfacet
facet normal -0.903795 0.3896201 -0.17706162
 outer loop
  vertex -0.19760318 0.093895465 -0.048360676
  vertex -0.20700409 0.07622431 -0.039259583
  vertex -0.2070042 0.07970539 -0.031598948
 endloop
endfacet
facet normal -0.9037947 0.3896211 -0.17706059
 outer loop
  vertex -0.19760318 0.093895465 -0.048360676
  vertex -0.2070042 0.07970539 -0.031598948
  vertex -0.19760332 0.09818352 -0.038924146
 endloop
endfacet
facet normal 0.24269305 0.8831956 -0.4013298
 outer loop
  vertex 0.065038785 0.19061597 -0.098170705
  vertex 0.0437096 0.19536532 -0.100617155
  vertex 0.043709297 0.20428704 -0.080983564
 endloop
endfacet
facet normal 0.24269442 0.8831959 -0.40132827
 outer loop
  vertex 0.065038785 0.19061597 -0.098170705
  vertex 0.043709297 0.20428704 -0.080983564
  vertex 0.06503849 0.19932075 -0.07901443
 endloop
endfacet
facet normal -0.8574619 0.46844605 -0.21287884
 outer loop
  vertex -0.18629922 0.11066243 -0.056996096
  vertex -0.19760318 0.093895465 -0.048360676
  vertex -0.19760332 0.09818352 -0.038924146
 endloop
endfacet
facet normal -0.857462 0.46844575 -0.2128791
 outer loop
  vertex -0.18629922 0.11066243 -0.056996096
  vertex -0.19760332 0.09818352 -0.038924146
  vertex -0.18629938 0.115716174 -0.045874547
 endloop
endfacet
facet normal 0.33652246 0.85731584 -0.38956663
 outer loop
  vertex 0.08574158 0.18403079 -0.09477879
  vertex 0.065038785 0.19061597 -0.098170705
  vertex 0.06503849 0.19932075 -0.07901443
 endloop
endfacet
facet normal 0.33652252 0.85731584 -0.38956663
 outer loop
  vertex 0.08574158 0.18403079 -0.09477879
  vertex 0.06503849 0.19932075 -0.07901443
  vertex 0.0857413 0.19243483 -0.07628433
 endloop
endfacet
facet normal -0.8028687 0.5427435 -0.24663997
 outer loop
  vertex -0.17320111 0.1263635 -0.0650824
  vertex -0.18629922 0.11066243 -0.056996096
  vertex -0.18629938 0.115716174 -0.045874547
 endloop
endfacet
facet normal -0.8028688 0.5427434 -0.24664007
 outer loop
  vertex -0.17320111 0.1263635 -0.0650824
  vertex -0.18629938 0.115716174 -0.045874547
  vertex -0.17320131 0.13213424 -0.052382972
 endloop
endfacet
facet normal 0.42712793 0.8231902 -0.37405828
 outer loop
  vertex 0.10561865 0.17567326 -0.09047406
  vertex 0.08574158 0.18403079 -0.09477879
  vertex 0.0857413 0.19243483 -0.07628433
 endloop
endfacet
facet normal 0.42712677 0.8231901 -0.37405995
 outer loop
  vertex 0.10561865 0.17567326 -0.09047406
  vertex 0.0857413 0.19243483 -0.07628433
  vertex 0.10561838 0.18369566 -0.07281955
 endloop
endfacet
facet normal -0.7405557 0.6117888 -0.278014
 outer loop
  vertex -0.15843496 0.14084773 -0.072542004
  vertex -0.17320111 0.1263635 -0.0650824
  vertex -0.17320131 0.13213424 -0.052382972
 endloop
endfacet
facet normal -0.74055564 0.6117888 -0.27801397
 outer loop
  vertex -0.15843496 0.14084773 -0.072542004
  vertex -0.17320131 0.13213424 -0.052382972
  vertex -0.15843518 0.1472799 -0.058386967
 endloop
endfacet
facet normal 0.51363325 0.781146 -0.3549533
 outer loop
  vertex 0.12447858 0.16562408 -0.085298136
  vertex 0.10561865 0.17567326 -0.09047406
  vertex 0.10561838 0.18369566 -0.07281955
 endloop
endfacet
facet normal 0.5136333 0.781146 -0.35495332
 outer loop
  vertex 0.12447858 0.16562408 -0.085298136
  vertex 0.10561838 0.18369566 -0.07281955
  vertex 0.12447832 0.17318755 -0.068653576
 endloop
endfacet
facet normal -0.67112035 0.67492944 -0.30670455
 outer loop
  vertex -0.14214301 0.15397538 -0.07930296
  vertex -0.15843496 0.14084773 -0.072542004
  vertex -0.15843518 0.1472799 -0.058386967
 endloop
endfacet
facet normal -0.6711202 0.67492974 -0.3067044
 outer loop
  vertex -0.14214301 0.15397538 -0.07930296
  vertex -0.15843518 0.1472799 -0.058386967
  vertex -0.14214325 0.16100705 -0.06382865
 endloop
endfacet
facet normal 0.5952306 0.73157 -0.33242416
 outer loop
  vertex 0.1421397 0.15397967 -0.07930055
  vertex 0.12447858 0.16562408 -0.085298136
  vertex 0.12447832 0.17318755 -0.068653576
 endloop
endfacet
facet normal 0.5952314 0.73156995 -0.33242276
 outer loop
  vertex 0.1421397 0.15397967 -0.07930055
  vertex 0.12447832 0.17318755 -0.068653576
  vertex 0.14213946 0.16101134 -0.06382624
 endloop
endfacet
facet normal -0.595247 0.73155254 -0.33243313
 outer loop
  vertex -0.12448214 0.16562033 -0.08530023
  vertex -0.14214301 0.15397538 -0.07930296
  vertex -0.14214325 0.16100705 -0.06382865
 endloop
endfacet
facet normal -0.5952477 0.7315517 -0.33243385
 outer loop
  vertex -0.12448214 0.16562033 -0.08530023
  vertex -0.14214325 0.16100705 -0.06382865
  vertex -0.1244824 0.17318378 -0.06865567
 endloop
endfacet
facet normal 0.6711046 0.6749503 -0.30669308
 outer loop
  vertex 0.15843195 0.14085253 -0.07253931
  vertex 0.1421397 0.15397967 -0.07930055
  vertex 0.14213946 0.16101134 -0.06382624
 endloop
endfacet
facet normal 0.6711048 0.67495036 -0.30669272
 outer loop
  vertex 0.15843195 0.14085253 -0.07253931
  vertex 0.14213946 0.16101134 -0.06382624
  vertex 0.15843172 0.1472847 -0.058384262
 endloop
endfacet
facet normal -0.513651 0.7811305 -0.35496166
 outer loop
  vertex -0.10562245 0.17567006 -0.09047586
  vertex -0.12448214 0.16562033 -0.08530023
  vertex -0.1244824 0.17318378 -0.06865567
 endloop
endfacet
facet normal -0.5136501 0.78113145 -0.3549608
 outer loop
  vertex -0.10562245 0.17567006 -0.09047586
  vertex -0.1244824 0.17318378 -0.06865567
  vertex -0.105622716 0.18369243 -0.07282134
 endloop
endfacet
facet normal 0.74054223 0.6118112 -0.27800062
 outer loop
  vertex 0.1731984 0.12636875 -0.06507945
  vertex 0.15843195 0.14085253 -0.07253931
  vertex 0.15843172 0.1472847 -0.058384262
 endloop
endfacet
facet normal 0.74054193 0.6118112 -0.2780014
 outer loop
  vertex 0.1731984 0.12636875 -0.06507945
  vertex 0.15843172 0.1472847 -0.058384262
  vertex 0.17319821 0.13213949 -0.052380014
 endloop
endfacet
facet normal -0.42714348 0.8231786 -0.3740661
 outer loop
  vertex -0.085745536 0.1840281 -0.09478025
  vertex -0.10562245 0.17567006 -0.09047586
  vertex -0.105622716 0.18369243 -0.07282134
 endloop
endfacet
facet normal -0.42714438 0.82317775 -0.37406695
 outer loop
  vertex -0.085745536 0.1840281 -0.09478025
  vertex -0.105622716 0.18369243 -0.07282134
  vertex -0.08574582 0.19243217 -0.07628582
 endloop
endfacet
facet normal 0.9037859 0.40512514 -0.13800225
 outer loop
  vertex 0.20700233 0.079711646 -0.03159542
  vertex 0.197601 0.09818955 -0.038920805
  vertex 0.19760087 0.10153201 -0.029109405
 endloop
endfacet
facet normal 0.9037859 0.4051252 -0.13800275
 outer loop
  vertex 0.20700233 0.079711646 -0.03159542
  vertex 0.19760087 0.10153201 -0.029109405
  vertex 0.20700222 0.08242508 -0.023630463
 endloop
endfacet
facet normal -0.14656666 0.9363561 -0.3189912
 outer loop
  vertex -0.021964025 0.20728526 -0.08217308
  vertex -0.04371409 0.20428573 -0.08098431
  vertex -0.04371437 0.21124002 -0.06057077
 endloop
endfacet
facet normal -0.14656769 0.9363557 -0.31899217
 outer loop
  vertex -0.021964025 0.20728526 -0.08217308
  vertex -0.04371437 0.21124002 -0.06057077
  vertex -0.02196431 0.21434167 -0.061459854
 endloop
endfacet
facet normal -0.9891525 0.1390405 -0.04738171
 outer loop
  vertex -0.21975398 0.040631767 -0.016109081
  vertex -0.22298007 0.020412473 -0.008093522
  vertex -0.2229801 0.02110747 -0.006053446
 endloop
endfacet
facet normal -0.98915255 0.1390405 -0.047381677
 outer loop
  vertex -0.21975398 0.040631767 -0.016109081
  vertex -0.2229801 0.02110747 -0.006053446
  vertex -0.21975404 0.04201507 -0.012048572
 endloop
endfacet
facet normal 0.94141054 0.3192496 -0.10874692
 outer loop
  vertex 0.21441013 0.06046626 -0.023965798
  vertex 0.20700233 0.079711646 -0.03159542
  vertex 0.20700222 0.08242508 -0.023630463
 endloop
endfacet
facet normal 0.9414104 0.3192496 -0.108747646
 outer loop
  vertex 0.21441013 0.06046626 -0.023965798
  vertex 0.20700222 0.08242508 -0.023630463
  vertex 0.21441005 0.06252454 -0.017923959
 endloop
endfacet
facet normal -0.049019787 0.9454406 -0.32208577
 outer loop
  vertex -2.4336614e-06 0.20828855 -0.08257048
  vertex -0.021964025 0.20728526 -0.08217308
  vertex -0.02196431 0.21434167 -0.061459854
 endloop
endfacet
facet normal -0.049018808 0.9454409 -0.32208484
 outer loop
  vertex -2.4336614e-06 0.20828855 -0.08257048
  vertex -0.02196431 0.21434167 -0.061459854
  vertex -2.7183655e-06 0.21537909 -0.06175702
 endloop
endfacet
facet normal -0.9699652 0.23024505 -0.078452244
 outer loop
  vertex -0.21441156 0.060459778 -0.02396945
  vertex -0.21975398 0.040631767 -0.016109081
  vertex -0.21975404 0.04201507 -0.012048572
 endloop
endfacet
facet normal -0.96996504 0.23024641 -0.07845011
 outer loop
  vertex -0.21441156 0.060459778 -0.02396945
  vertex -0.21975404 0.04201507 -0.012048572
  vertex -0.21441163 0.06251805 -0.017927613
 endloop
endfacet
facet normal 0.96995926 0.23027523 -0.07843624
 outer loop
  vertex 0.21975304 0.040638402 -0.016105324
  vertex 0.21441013 0.06046626 -0.023965798
  vertex 0.21441005 0.06252454 -0.017923959
 endloop
endfacet
facet normal 0.96995944 0.23027545 -0.07843389
 outer loop
  vertex 0.21975304 0.040638402 -0.016105324
  vertex 0.21441005 0.06252454 -0.017923959
  vertex 0.21975298 0.0420217 -0.012044815
 endloop
endfacet
facet normal 0.048997074 0.9454423 -0.32208398
 outer loop
  vertex 0.021959158 0.20728591 -0.08217271
  vertex -2.4336614e-06 0.20828855 -0.08257048
  vertex -2.7183655e-06 0.21537909 -0.06175702
 endloop
endfacet
facet normal 0.048996102 0.945442 -0.32208493
 outer loop
  vertex 0.021959158 0.20728591 -0.08217271
  vertex -2.7183655e-06 0.21537909 -0.06175702
  vertex 0.021958873 0.21434233 -0.06145948
 endloop
endfacet
facet normal -0.9414182 0.31922206 -0.10876114
 outer loop
  vertex -0.2070042 0.07970539 -0.031598948
  vertex -0.21441156 0.060459778 -0.02396945
  vertex -0.21441163 0.06251805 -0.017927613
 endloop
endfacet
facet normal -0.94141835 0.3192215 -0.10876194
 outer loop
  vertex -0.2070042 0.07970539 -0.031598948
  vertex -0.21441163 0.06251805 -0.017927613
  vertex -0.20700431 0.08241882 -0.023633985
 endloop
endfacet
facet normal 0.9891492 0.13907066 -0.04736281
 outer loop
  vertex 0.22297959 0.020419212 -0.008089715
  vertex 0.21975304 0.040638402 -0.016105324
  vertex 0.21975298 0.0420217 -0.012044815
 endloop
endfacet
facet normal 0.9891493 0.13907066 -0.047362898
 outer loop
  vertex 0.22297959 0.020419212 -0.008089715
  vertex 0.21975298 0.0420217 -0.012044815
  vertex 0.22297956 0.021114206 -0.0060496386
 endloop
endfacet
facet normal 0.14654389 0.93636024 -0.31898963
 outer loop
  vertex 0.043709297 0.20428704 -0.080983564
  vertex 0.021959158 0.20728591 -0.08217271
  vertex 0.021958873 0.21434233 -0.06145948
 endloop
endfacet
facet normal 0.14654489 0.9363604 -0.31898865
 outer loop
  vertex 0.043709297 0.20428704 -0.080983564
  vertex 0.021958873 0.21434233 -0.06145948
  vertex 0.043709017 0.21124133 -0.060570024
 endloop
endfacet
facet normal -0.90379524 0.40509903 -0.13801746
 outer loop
  vertex -0.19760332 0.09818352 -0.038924146
  vertex -0.2070042 0.07970539 -0.031598948
  vertex -0.20700431 0.08241882 -0.023633985
 endloop
endfacet
facet normal -0.9037953 0.40509903 -0.13801752
 outer loop
  vertex -0.19760332 0.09818352 -0.038924146
  vertex -0.20700431 0.08241882 -0.023633985
  vertex -0.19760345 0.10152597 -0.02911275
 endloop
endfacet
facet normal 0.24269302 0.9182803 -0.31282797
 outer loop
  vertex 0.06503849 0.19932075 -0.07901443
  vertex 0.043709297 0.20428704 -0.080983564
  vertex 0.043709017 0.21124133 -0.060570024
 endloop
endfacet
facet normal 0.24269271 0.9182803 -0.31282836
 outer loop
  vertex 0.06503849 0.19932075 -0.07901443
  vertex 0.043709017 0.21124133 -0.060570024
  vertex 0.06503822 0.20610598 -0.05909719
 endloop
endfacet
facet normal -0.85746264 0.48705527 -0.1659369
 outer loop
  vertex -0.18629938 0.115716174 -0.045874547
  vertex -0.19760332 0.09818352 -0.038924146
  vertex -0.19760345 0.10152597 -0.02911275
 endloop
endfacet
facet normal -0.8574628 0.48705444 -0.1659377
 outer loop
  vertex -0.18629938 0.115716174 -0.045874547
  vertex -0.19760345 0.10152597 -0.02911275
  vertex -0.18629955 0.119655475 -0.034311205
 endloop
endfacet
facet normal 0.33652124 0.89137197 -0.3036602
 outer loop
  vertex 0.0857413 0.19243483 -0.07628433
  vertex 0.06503849 0.19932075 -0.07901443
  vertex 0.06503822 0.20610598 -0.05909719
 endloop
endfacet
facet normal 0.33652094 0.89137197 -0.30366054
 outer loop
  vertex 0.0857413 0.19243483 -0.07628433
  vertex 0.06503822 0.20610598 -0.05909719
  vertex 0.085741036 0.19898565 -0.057055198
 endloop
endfacet
facet normal -0.8028697 0.5643039 -0.1922536
 outer loop
  vertex -0.17320131 0.13213424 -0.052382972
  vertex -0.18629938 0.115716174 -0.045874547
  vertex -0.18629955 0.119655475 -0.034311205
 endloop
endfacet
facet normal -0.8028695 0.56430423 -0.19225325
 outer loop
  vertex -0.17320131 0.13213424 -0.052382972
  vertex -0.18629955 0.119655475 -0.034311205
  vertex -0.17320149 0.13663244 -0.039179053
 endloop
endfacet
facet normal 0.4271256 0.85589105 -0.291572
 outer loop
  vertex 0.10561838 0.18369566 -0.07281955
  vertex 0.0857413 0.19243483 -0.07628433
  vertex 0.085741036 0.19898565 -0.057055198
 endloop
endfacet
facet normal 0.42712587 0.855891 -0.2915716
 outer loop
  vertex 0.10561838 0.18369566 -0.07281955
  vertex 0.085741036 0.19898565 -0.057055198
  vertex 0.10561813 0.18994896 -0.05446373
 endloop
endfacet
facet normal -0.7405566 0.6360922 -0.2167085
 outer loop
  vertex -0.15843518 0.1472799 -0.058386967
  vertex -0.17320131 0.13213424 -0.052382972
  vertex -0.17320149 0.13663244 -0.039179053
 endloop
endfacet
facet normal -0.7405565 0.6360924 -0.21670835
 outer loop
  vertex -0.15843518 0.1472799 -0.058386967
  vertex -0.17320149 0.13663244 -0.039179053
  vertex -0.15843537 0.15229368 -0.043669626
 endloop
endfacet
facet normal 0.5136323 0.81217676 -0.2766782
 outer loop
  vertex 0.12447832 0.17318755 -0.068653576
  vertex 0.10561838 0.18369566 -0.07281955
  vertex 0.10561813 0.18994896 -0.05446373
 endloop
endfacet
facet normal 0.513632 0.81217676 -0.27667865
 outer loop
  vertex 0.12447832 0.17318755 -0.068653576
  vertex 0.10561813 0.18994896 -0.05446373
  vertex 0.12447809 0.17908314 -0.051347803
 endloop
endfacet
facet normal -0.6711211 0.7017414 -0.23907213
 outer loop
  vertex -0.14214325 0.16100705 -0.06382865
  vertex -0.15843518 0.1472799 -0.058386967
  vertex -0.15843537 0.15229368 -0.043669626
 endloop
endfacet
facet normal -0.6711212 0.7017412 -0.23907228
 outer loop
  vertex -0.14214325 0.16100705 -0.06382865
  vertex -0.15843537 0.15229368 -0.043669626
  vertex -0.14214347 0.16648811 -0.04773963
 endloop
endfacet
facet normal 0.59523034 0.7606307 -0.25911734
 outer loop
  vertex 0.14213946 0.16101134 -0.06382624
  vertex 0.12447832 0.17318755 -0.068653576
  vertex 0.12447809 0.17908314 -0.051347803
 endloop
endfacet
facet normal 0.59523076 0.7606306 -0.25911647
 outer loop
  vertex 0.14213946 0.16101134 -0.06382624
  vertex 0.12447809 0.17908314 -0.051347803
  vertex 0.14213924 0.1664924 -0.047737215
 endloop
endfacet
facet normal -0.59524864 0.76061296 -0.25912714
 outer loop
  vertex -0.1244824 0.17318378 -0.06865567
  vertex -0.14214325 0.16100705 -0.06382865
  vertex -0.14214347 0.16648811 -0.04773963
 endloop
endfacet
facet normal -0.5952487 0.76061296 -0.25912717
 outer loop
  vertex -0.1244824 0.17318378 -0.06865567
  vertex -0.14214347 0.16648811 -0.04773963
  vertex -0.12448263 0.17907937 -0.051349897
 endloop
endfacet
facet normal 0.6711036 0.70176196 -0.23906058
 outer loop
  vertex 0.15843172 0.1472847 -0.058384262
  vertex 0.14213946 0.16101134 -0.06382624
  vertex 0.14213924 0.1664924 -0.047737215
 endloop
endfacet
facet normal 0.67110324 0.7017621 -0.23906155
 outer loop
  vertex 0.15843172 0.1472847 -0.058384262
  vertex 0.14213924 0.1664924 -0.047737215
  vertex 0.15843153 0.15229848 -0.04366692
 endloop
endfacet
facet normal -0.51365143 0.8121616 -0.27668723
 outer loop
  vertex -0.105622716 0.18369243 -0.07282134
  vertex -0.1244824 0.17318378 -0.06865567
  vertex -0.12448263 0.17907937 -0.051349897
 endloop
endfacet
facet normal -0.5136519 0.812161 -0.2766878
 outer loop
  vertex -0.105622716 0.18369243 -0.07282134
  vertex -0.12448263 0.17907937 -0.051349897
  vertex -0.10562297 0.18994574 -0.054465525
 endloop
endfacet
facet normal 0.74054104 0.6361145 -0.21669635
 outer loop
  vertex 0.17319821 0.13213949 -0.052380014
  vertex 0.15843172 0.1472847 -0.058384262
  vertex 0.15843153 0.15229848 -0.04366692
 endloop
endfacet
facet normal 0.74054116 0.6361144 -0.21669601
 outer loop
  vertex 0.17319821 0.13213949 -0.052380014
  vertex 0.15843153 0.15229848 -0.04366692
  vertex 0.17319803 0.13663769 -0.039176095
 endloop
endfacet
facet normal -0.42714542 0.8558784 -0.2915799
 outer loop
  vertex -0.08574582 0.19243217 -0.07628582
  vertex -0.105622716 0.18369243 -0.07282134
  vertex -0.10562297 0.18994574 -0.054465525
 endloop
endfacet
facet normal -0.42714494 0.85587883 -0.29157943
 outer loop
  vertex -0.08574582 0.19243217 -0.07628582
  vertex -0.10562297 0.18994574 -0.054465525
  vertex -0.08574608 0.19898298 -0.057056688
 endloop
endfacet
facet normal 0.8028556 0.56432855 -0.19223978
 outer loop
  vertex 0.18629669 0.11572181 -0.045871366
  vertex 0.17319821 0.13213949 -0.052380014
  vertex 0.17319803 0.13663769 -0.039176095
 endloop
endfacet
facet normal 0.8028558 0.5643284 -0.19223918
 outer loop
  vertex 0.18629669 0.11572181 -0.045871366
  vertex 0.17319803 0.13663769 -0.039176095
  vertex 0.18629652 0.11966111 -0.034308024
 endloop
endfacet
facet normal -0.3365448 0.8913611 -0.30366597
 outer loop
  vertex -0.065043144 0.19931878 -0.079015516
  vertex -0.08574582 0.19243217 -0.07628582
  vertex -0.08574608 0.19898298 -0.057056688
 endloop
endfacet
facet normal -0.33654454 0.89136124 -0.30366573
 outer loop
  vertex -0.065043144 0.19931878 -0.079015516
  vertex -0.08574608 0.19898298 -0.057056688
  vertex -0.06504341 0.20610401 -0.059098285
 endloop
endfacet
facet normal 0.85745054 0.4870815 -0.16592263
 outer loop
  vertex 0.197601 0.09818955 -0.038920805
  vertex 0.18629669 0.11572181 -0.045871366
  vertex 0.18629652 0.11966111 -0.034308024
 endloop
endfacet
facet normal 0.85745037 0.4870815 -0.16592307
 outer loop
  vertex 0.197601 0.09818955 -0.038920805
  vertex 0.18629652 0.11966111 -0.034308024
  vertex 0.19760087 0.10153201 -0.029109405
 endloop
endfacet
facet normal -0.24271643 0.9182726 -0.31283242
 outer loop
  vertex -0.04371409 0.20428573 -0.08098431
  vertex -0.065043144 0.19931878 -0.079015516
  vertex -0.06504341 0.20610401 -0.059098285
 endloop
endfacet
facet normal -0.24271607 0.9182728 -0.31283206
 outer loop
  vertex -0.04371409 0.20428573 -0.08098431
  vertex -0.06504341 0.20610401 -0.059098285
  vertex -0.04371437 0.21124002 -0.06057077
 endloop
endfacet
facet normal -0.96996534 0.23682632 -0.05550319
 outer loop
  vertex -0.21441163 0.06251805 -0.017927613
  vertex -0.21975404 0.04201507 -0.012048572
  vertex -0.21975408 0.04299371 -0.007872031
 endloop
endfacet
facet normal -0.96996534 0.23682582 -0.05550405
 outer loop
  vertex -0.21441163 0.06251805 -0.017927613
  vertex -0.21975408 0.04299371 -0.007872031
  vertex -0.2144117 0.06397422 -0.011713125
 endloop
endfacet
facet normal 0.96995914 0.23685516 -0.055487715
 outer loop
  vertex 0.21975298 0.0420217 -0.012044815
  vertex 0.21441005 0.06252454 -0.017923959
  vertex 0.21440998 0.063980706 -0.011709472
 endloop
endfacet
facet normal 0.9699591 0.23685515 -0.05548901
 outer loop
  vertex 0.21975298 0.0420217 -0.012044815
  vertex 0.21440998 0.063980706 -0.011709472
  vertex 0.21975294 0.043000337 -0.007868276
 endloop
endfacet
facet normal 0.04899502 0.9724595 -0.22786394
 outer loop
  vertex 0.021958873 0.21434233 -0.06145948
  vertex -2.7183655e-06 0.21537909 -0.06175702
  vertex -2.9767968e-06 0.22039542 -0.040348798
 endloop
endfacet
facet normal 0.048994508 0.9724594 -0.22786446
 outer loop
  vertex 0.021958873 0.21434233 -0.06145948
  vertex -2.9767968e-06 0.22039542 -0.040348798
  vertex 0.021958616 0.21933451 -0.04015433
 endloop
endfacet
facet normal -0.9414187 0.328344 -0.07694806
 outer loop
  vertex -0.20700431 0.08241882 -0.023633985
  vertex -0.21441163 0.06251805 -0.017927613
  vertex -0.2144117 0.06397422 -0.011713125
 endloop
endfacet
facet normal -0.94141877 0.3283436 -0.076948695
 outer loop
  vertex -0.20700431 0.08241882 -0.023633985
  vertex -0.2144117 0.06397422 -0.011713125
  vertex -0.20700441 0.084338486 -0.01544141
 endloop
endfacet
facet normal 0.98914903 0.14304373 -0.0335071
 outer loop
  vertex 0.22297956 0.021114206 -0.0060496386
  vertex 0.21975298 0.0420217 -0.012044815
  vertex 0.21975294 0.043000337 -0.007868276
 endloop
endfacet
facet normal 0.9891491 0.143044 -0.033503775
 outer loop
  vertex 0.22297956 0.021114206 -0.0060496386
  vertex 0.21975294 0.043000337 -0.007868276
  vertex 0.22297953 0.021605894 -0.003951263
 endloop
endfacet
facet normal 0.14654376 0.9631179 -0.22567438
 outer loop
  vertex 0.043709017 0.21124133 -0.060570024
  vertex 0.021958873 0.21434233 -0.06145948
  vertex 0.021958616 0.21933451 -0.04015433
 endloop
endfacet
facet normal 0.14654411 0.96311784 -0.22567402
 outer loop
  vertex 0.043709017 0.21124133 -0.060570024
  vertex 0.021958616 0.21933451 -0.04015433
  vertex 0.043708764 0.21616128 -0.03957314
 endloop
endfacet
facet normal -0.90379584 0.41667536 -0.097645886
 outer loop
  vertex -0.19760345 0.10152597 -0.02911275
  vertex -0.20700431 0.08241882 -0.023633985
  vertex -0.20700441 0.084338486 -0.01544141
 endloop
endfacet
facet normal -0.9037958 0.41667548 -0.09764588
 outer loop
  vertex -0.19760345 0.10152597 -0.02911275
  vertex -0.20700441 0.084338486 -0.01544141
  vertex -0.19760357 0.103890665 -0.019020991
 endloop
endfacet
facet normal 0.24269144 0.94452125 -0.22131532
 outer loop
  vertex 0.06503822 0.20610598 -0.05909719
  vertex 0.043709017 0.21124133 -0.060570024
  vertex 0.043708764 0.21616128 -0.03957314
 endloop
endfacet
facet normal 0.24269088 0.94452125 -0.22131597
 outer loop
  vertex 0.06503822 0.20610598 -0.05909719
  vertex 0.043708764 0.21616128 -0.03957314
  vertex 0.065037966 0.21090633 -0.038610775
 endloop
endfacet
facet normal -0.85746354 0.50097317 -0.11739787
 outer loop
  vertex -0.18629955 0.119655475 -0.034311205
  vertex -0.19760345 0.10152597 -0.02911275
  vertex -0.19760357 0.103890665 -0.019020991
 endloop
endfacet
facet normal -0.8574633 0.50097376 -0.11739713
 outer loop
  vertex -0.18629955 0.119655475 -0.034311205
  vertex -0.19760357 0.103890665 -0.019020991
  vertex -0.18629968 0.12244241 -0.02241742
 endloop
endfacet
facet normal 0.3365198 0.9168439 -0.21482949
 outer loop
  vertex 0.085741036 0.19898565 -0.057055198
  vertex 0.06503822 0.20610598 -0.05909719
  vertex 0.065037966 0.21090633 -0.038610775
 endloop
endfacet
facet normal 0.3365205 0.91684383 -0.21482867
 outer loop
  vertex 0.085741036 0.19898565 -0.057055198
  vertex 0.065037966 0.21090633 -0.038610775
  vertex 0.0857408 0.20362014 -0.03727656
 endloop
endfacet
facet normal -0.8028703 0.5804302 -0.13601463
 outer loop
  vertex -0.17320149 0.13663244 -0.039179053
  vertex -0.18629955 0.119655475 -0.034311205
  vertex -0.18629968 0.12244241 -0.02241742
 endloop
endfacet
facet normal -0.8028703 0.58043027 -0.13601463
 outer loop
  vertex -0.17320149 0.13663244 -0.039179053
  vertex -0.18629968 0.12244241 -0.02241742
  vertex -0.17320165 0.13981476 -0.025597813
 endloop
endfacet
facet normal 0.4271249 0.8803491 -0.2062762
 outer loop
  vertex 0.10561813 0.18994896 -0.05446373
  vertex 0.085741036 0.19898565 -0.057055198
  vertex 0.0857408 0.20362014 -0.03727656
 endloop
endfacet
facet normal 0.42712486 0.8803491 -0.2062762
 outer loop
  vertex 0.10561813 0.18994896 -0.05446373
  vertex 0.0857408 0.20362014 -0.03727656
  vertex 0.105617896 0.19437297 -0.035583362
 endloop
endfacet
facet normal -0.7405574 0.6542699 -0.15331581
 outer loop
  vertex -0.15843537 0.15229368 -0.043669626
  vertex -0.17320149 0.13663244 -0.039179053
  vertex -0.17320165 0.13981476 -0.025597813
 endloop
endfacet
facet normal -0.74055773 0.65426916 -0.15331656
 outer loop
  vertex -0.15843537 0.15229368 -0.043669626
  vertex -0.17320165 0.13981476 -0.025597813
  vertex -0.15843557 0.15584077 -0.028531712
 endloop
endfacet
facet normal 0.51363105 0.8353857 -0.19573942
 outer loop
  vertex 0.12447809 0.17908314 -0.051347803
  vertex 0.10561813 0.18994896 -0.05446373
  vertex 0.105617896 0.19437297 -0.035583362
 endloop
endfacet
facet normal 0.51363164 0.83538544 -0.19573863
 outer loop
  vertex 0.12447809 0.17908314 -0.051347803
  vertex 0.105617896 0.19437297 -0.035583362
  vertex 0.12447787 0.18325405 -0.033547502
 endloop
endfacet
facet normal -0.6711221 0.72179466 -0.16913813
 outer loop
  vertex -0.14214347 0.16648811 -0.04773963
  vertex -0.15843537 0.15229368 -0.043669626
  vertex -0.15843557 0.15584077 -0.028531712
 endloop
endfacet
facet normal -0.6711214 0.7217954 -0.1691372
 outer loop
  vertex -0.14214347 0.16648811 -0.04773963
  vertex -0.15843557 0.15584077 -0.028531712
  vertex -0.14214367 0.17036578 -0.031190848
 endloop
endfacet
facet normal 0.5952297 0.7823666 -0.1833144
 outer loop
  vertex 0.14213924 0.1664924 -0.047737215
  vertex 0.12447809 0.17908314 -0.051347803
  vertex 0.12447787 0.18325405 -0.033547502
 endloop
endfacet
facet normal 0.5952287 0.78236693 -0.18331608
 outer loop
  vertex 0.14213924 0.1664924 -0.047737215
  vertex 0.12447787 0.18325405 -0.033547502
  vertex 0.14213905 0.17037009 -0.031188438
 endloop
endfacet
facet normal -0.59524965 0.78234893 -0.18332505
 outer loop
  vertex -0.12448263 0.17907937 -0.051349897
  vertex -0.14214347 0.16648811 -0.04773963
  vertex -0.14214367 0.17036578 -0.031190848
 endloop
endfacet
facet normal -0.59524953 0.7823491 -0.18332481
 outer loop
  vertex -0.12448263 0.17907937 -0.051349897
  vertex -0.14214367 0.17036578 -0.031190848
  vertex -0.12448285 0.18325028 -0.033549603
 endloop
endfacet
facet normal 0.6711023 0.7218157 -0.16912691
 outer loop
  vertex 0.15843153 0.15229848 -0.04366692
  vertex 0.14213924 0.1664924 -0.047737215
  vertex 0.14213905 0.17037009 -0.031188438
 endloop
endfacet
facet normal 0.6711028 0.7218154 -0.16912578
 outer loop
  vertex 0.15843153 0.15229848 -0.04366692
  vertex 0.14213905 0.17037009 -0.031188438
  vertex 0.15843134 0.15584557 -0.028529007
 endloop
endfacet
facet normal -0.513653 0.83537024 -0.19574758
 outer loop
  vertex -0.10562297 0.18994574 -0.054465525
  vertex -0.12448263 0.17907937 -0.051349897
  vertex -0.12448285 0.18325028 -0.033549603
 endloop
endfacet
facet normal -0.5136531 0.8353702 -0.19574769
 outer loop
  vertex -0.10562297 0.18994574 -0.054465525
  vertex -0.12448285 0.18325028 -0.033549603
  vertex -0.1056232 0.19436973 -0.035585158
 endloop
endfacet
facet normal 0.7405404 0.6542921 -0.153303
 outer loop
  vertex 0.17319803 0.13663769 -0.039176095
  vertex 0.15843153 0.15229848 -0.04366692
  vertex 0.15843134 0.15584557 -0.028529007
 endloop
endfacet
facet normal 0.7405403 0.6542921 -0.15330315
 outer loop
  vertex 0.17319803 0.13663769 -0.039176095
  vertex 0.15843134 0.15584557 -0.028529007
  vertex 0.17319787 0.13982001 -0.025594858
 endloop
endfacet
facet normal -0.42714596 0.8803372 -0.2062832
 outer loop
  vertex -0.08574608 0.19898298 -0.057056688
  vertex -0.10562297 0.18994574 -0.054465525
  vertex -0.1056232 0.19436973 -0.035585158
 endloop
endfacet
facet normal -0.42714596 0.8803372 -0.20628318
 outer loop
  vertex -0.08574608 0.19898298 -0.057056688
  vertex -0.1056232 0.19436973 -0.035585158
  vertex -0.08574632 0.20361745 -0.037278064
 endloop
endfacet
facet normal 0.8028552 0.58045447 -0.13600095
 outer loop
  vertex 0.18629652 0.11966111 -0.034308024
  vertex 0.17319803 0.13663769 -0.039176095
  vertex 0.17319787 0.13982001 -0.025594858
 endloop
endfacet
facet normal 0.80285466 0.5804547 -0.13600227
 outer loop
  vertex 0.18629652 0.11966111 -0.034308024
  vertex 0.17319787 0.13982001 -0.025594858
  vertex 0.18629639 0.12244804 -0.022414243
 endloop
endfacet
facet normal -0.3365459 0.91683334 -0.21483377
 outer loop
  vertex -0.06504341 0.20610401 -0.059098285
  vertex -0.08574608 0.19898298 -0.057056688
  vertex -0.08574632 0.20361745 -0.037278064
 endloop
endfacet
facet normal -0.33654675 0.9168328 -0.21483463
 outer loop
  vertex -0.06504341 0.20610401 -0.059098285
  vertex -0.08574632 0.20361745 -0.037278064
  vertex -0.065043665 0.21090434 -0.038611878
 endloop
endfacet
facet normal 0.85744977 0.501 -0.117383964
 outer loop
  vertex 0.19760087 0.10153201 -0.029109405
  vertex 0.18629652 0.11966111 -0.034308024
  vertex 0.18629639 0.12244804 -0.022414243
 endloop
endfacet
facet normal 0.8574499 0.50099975 -0.11738289
 outer loop
  vertex 0.19760087 0.10153201 -0.029109405
  vertex 0.18629639 0.12244804 -0.022414243
  vertex 0.19760075 0.10389669 -0.019017631
 endloop
endfacet
facet normal -0.24271716 0.9445137 -0.2213196
 outer loop
  vertex -0.04371437 0.21124002 -0.06057077
  vertex -0.06504341 0.20610401 -0.059098285
  vertex -0.065043665 0.21090434 -0.038611878
 endloop
endfacet
facet normal -0.24271698 0.94451374 -0.22131942
 outer loop
  vertex -0.04371437 0.21124002 -0.06057077
  vertex -0.065043665 0.21090434 -0.038611878
  vertex -0.043714624 0.21615997 -0.039573886
 endloop
endfacet
facet normal 0.9037853 0.41670188 -0.097629905
 outer loop
  vertex 0.20700222 0.08242508 -0.023630463
  vertex 0.19760087 0.10153201 -0.029109405
  vertex 0.19760075 0.10389669 -0.019017631
 endloop
endfacet
facet normal 0.90378547 0.4167018 -0.097628996
 outer loop
  vertex 0.20700222 0.08242508 -0.023630463
  vertex 0.19760075 0.10389669 -0.019017631
  vertex 0.20700212 0.084344745 -0.015437886
 endloop
endfacet
facet normal -0.14656897 0.9631135 -0.22567654
 outer loop
  vertex -0.02196431 0.21434167 -0.061459854
  vertex -0.04371437 0.21124002 -0.06057077
  vertex -0.043714624 0.21615997 -0.039573886
 endloop
endfacet
facet normal -0.14656931 0.96311337 -0.22567686
 outer loop
  vertex -0.02196431 0.21434167 -0.061459854
  vertex -0.043714624 0.21615997 -0.039573886
  vertex -0.021964567 0.21933386 -0.040154703
 endloop
endfacet
facet normal -0.9891527 0.14301394 -0.03352472
 outer loop
  vertex -0.21975404 0.04201507 -0.012048572
  vertex -0.2229801 0.02110747 -0.006053446
  vertex -0.22298013 0.021599157 -0.0039550704
 endloop
endfacet
facet normal -0.98915267 0.14301515 -0.03352168
 outer loop
  vertex -0.21975404 0.04201507 -0.012048572
  vertex -0.22298013 0.021599157 -0.0039550704
  vertex -0.21975408 0.04299371 -0.007872031
 endloop
endfacet
facet normal 0.9414101 0.32837278 -0.07693152
 outer loop
  vertex 0.21441005 0.06252454 -0.017923959
  vertex 0.20700222 0.08242508 -0.023630463
  vertex 0.20700212 0.084344745 -0.015437886
 endloop
endfacet
facet normal 0.94140995 0.32837284 -0.0769323
 outer loop
  vertex 0.21441005 0.06252454 -0.017923959
  vertex 0.20700212 0.084344745 -0.015437886
  vertex 0.21440998 0.063980706 -0.011709472
 endloop
endfacet
facet normal -0.04902013 0.9724579 -0.22786531
 outer loop
  vertex -2.7183655e-06 0.21537909 -0.06175702
  vertex -0.02196431 0.21434167 -0.061459854
  vertex -0.021964567 0.21933386 -0.040154703
 endloop
endfacet
facet normal -0.04901962 0.97245806 -0.22786479
 outer loop
  vertex -2.7183655e-06 0.21537909 -0.06175702
  vertex -0.021964567 0.21933386 -0.040154703
  vertex -2.9767968e-06 0.22039542 -0.040348798
 endloop
endfacet
facet normal -0.90379626 0.4242392 -0.056332722
 outer loop
  vertex -0.19760357 0.103890665 -0.019020991
  vertex -0.20700441 0.084338486 -0.01544141
  vertex -0.2070045 0.085445896 -0.007100124
 endloop
endfacet
facet normal -0.9037964 0.42423898 -0.056333125
 outer loop
  vertex -0.19760357 0.103890665 -0.019020991
  vertex -0.2070045 0.085445896 -0.007100124
  vertex -0.19760369 0.105254784 -0.008746041
 endloop
endfacet
facet normal 0.24268968 0.9616662 -0.12767047
 outer loop
  vertex 0.065037966 0.21090633 -0.038610775
  vertex 0.043708764 0.21616128 -0.03957314
  vertex 0.043708537 0.21899948 -0.01819513
 endloop
endfacet
facet normal 0.24268919 0.96166635 -0.12767103
 outer loop
  vertex 0.065037966 0.21090633 -0.038610775
  vertex 0.043708537 0.21899948 -0.01819513
  vertex 0.06503775 0.21367553 -0.01775251
 endloop
endfacet
facet normal -0.85746384 0.5100675 -0.06772736
 outer loop
  vertex -0.18629968 0.12244241 -0.02241742
  vertex -0.19760357 0.103890665 -0.019020991
  vertex -0.19760369 0.105254784 -0.008746041
 endloop
endfacet
facet normal -0.8574638 0.5100674 -0.06772753
 outer loop
  vertex -0.18629968 0.12244241 -0.02241742
  vertex -0.19760369 0.105254784 -0.008746041
  vertex -0.18629982 0.124050125 -0.010307742
 endloop
endfacet
facet normal 0.33651948 0.9334861 -0.123928756
 outer loop
  vertex 0.0857408 0.20362014 -0.03727656
  vertex 0.065037966 0.21090633 -0.038610775
  vertex 0.06503775 0.21367553 -0.01775251
 endloop
endfacet
facet normal 0.3365205 0.9334859 -0.12392751
 outer loop
  vertex 0.0857408 0.20362014 -0.03727656
  vertex 0.06503775 0.21367553 -0.01775251
  vertex 0.08574058 0.20629364 -0.017138919
 endloop
endfacet
facet normal -0.802871 0.59096617 -0.07846727
 outer loop
  vertex -0.17320165 0.13981476 -0.025597813
  vertex -0.18629968 0.12244241 -0.02241742
  vertex -0.18629982 0.124050125 -0.010307742
 endloop
endfacet
facet normal -0.8028708 0.5909664 -0.07846683
 outer loop
  vertex -0.17320165 0.13981476 -0.025597813
  vertex -0.18629982 0.124050125 -0.010307742
  vertex -0.1732018 0.14165057 -0.011770049
 endloop
endfacet
facet normal 0.42712393 0.896329 -0.11899356
 outer loop
  vertex 0.105617896 0.19437297 -0.035583362
  vertex 0.0857408 0.20362014 -0.03727656
  vertex 0.08574058 0.20629364 -0.017138919
 endloop
endfacet
facet normal 0.42712325 0.8963292 -0.1189945
 outer loop
  vertex 0.105617896 0.19437297 -0.035583362
  vertex 0.08574058 0.20629364 -0.017138919
  vertex 0.105617695 0.19692507 -0.016360268
 endloop
endfacet
facet normal -0.7405586 0.66614574 -0.08844713
 outer loop
  vertex -0.15843557 0.15584077 -0.028531712
  vertex -0.17320165 0.13981476 -0.025597813
  vertex -0.1732018 0.14165057 -0.011770049
 endloop
endfacet
facet normal -0.74055856 0.6661458 -0.08844705
 outer loop
  vertex -0.15843557 0.15584077 -0.028531712
  vertex -0.1732018 0.14165057 -0.011770049
  vertex -0.15843573 0.157887 -0.013119022
 endloop
endfacet
facet normal 0.5136308 0.85054886 -0.112915665
 outer loop
  vertex 0.12447787 0.18325405 -0.033547502
  vertex 0.105617896 0.19437297 -0.035583362
  vertex 0.105617695 0.19692507 -0.016360268
 endloop
endfacet
facet normal 0.51363045 0.85054904 -0.11291618
 outer loop
  vertex 0.12447787 0.18325405 -0.033547502
  vertex 0.105617695 0.19692507 -0.016360268
  vertex 0.12447768 0.18566017 -0.015424106
 endloop
endfacet
facet normal -0.67112225 0.7348975 -0.09757398
 outer loop
  vertex -0.14214367 0.17036578 -0.031190848
  vertex -0.15843557 0.15584077 -0.028531712
  vertex -0.15843573 0.157887 -0.013119022
 endloop
endfacet
facet normal -0.6711224 0.73489726 -0.0975743
 outer loop
  vertex -0.14214367 0.17036578 -0.031190848
  vertex -0.15843573 0.157887 -0.013119022
  vertex -0.14214385 0.17260273 -0.014341673
 endloop
endfacet
facet normal 0.5952278 0.79656833 -0.10574861
 outer loop
  vertex 0.14213905 0.17037009 -0.031188438
  vertex 0.12447787 0.18325405 -0.033547502
  vertex 0.12447768 0.18566017 -0.015424106
 endloop
endfacet
facet normal 0.59522784 0.7965683 -0.105748504
 outer loop
  vertex 0.14213905 0.17037009 -0.031188438
  vertex 0.12447768 0.18566017 -0.015424106
  vertex 0.14213887 0.17260703 -0.014339263
 endloop
endfacet
facet normal -0.5952503 0.7965502 -0.10575872
 outer loop
  vertex -0.12448285 0.18325028 -0.033549603
  vertex -0.14214367 0.17036578 -0.031190848
  vertex -0.14214385 0.17260273 -0.014341673
 endloop
endfacet
facet normal -0.5952504 0.7965501 -0.10575889
 outer loop
  vertex -0.12448285 0.18325028 -0.033549603
  vertex -0.14214385 0.17260273 -0.014341673
  vertex -0.12448304 0.1856564 -0.015426207
 endloop
endfacet
facet normal 0.6711018 0.7349175 -0.09756276
 outer loop
  vertex 0.15843134 0.15584557 -0.028529007
  vertex 0.14213905 0.17037009 -0.031188438
  vertex 0.14213887 0.17260703 -0.014339263
 endloop
endfacet
facet normal 0.6711021 0.73491734 -0.097562335
 outer loop
  vertex 0.15843134 0.15584557 -0.028529007
  vertex 0.14213887 0.17260703 -0.014339263
  vertex 0.15843117 0.1578918 -0.01311632
 endloop
endfacet
facet normal -0.5136541 0.85053355 -0.11292506
 outer loop
  vertex -0.1056232 0.19436973 -0.035585158
  vertex -0.12448285 0.18325028 -0.033549603
  vertex -0.12448304 0.1856564 -0.015426207
 endloop
endfacet
facet normal -0.5136537 0.8505339 -0.112924516
 outer loop
  vertex -0.1056232 0.19436973 -0.035585158
  vertex -0.12448304 0.1856564 -0.015426207
  vertex -0.1056234 0.19692184 -0.016362078
 endloop
endfacet
facet normal 0.7405397 0.66616845 -0.08843434
 outer loop
  vertex 0.17319787 0.13982001 -0.025594858
  vertex 0.15843134 0.15584557 -0.028529007
  vertex 0.15843117 0.1578918 -0.01311632
 endloop
endfacet
facet normal 0.7405397 0.6661684 -0.088434204
 outer loop
  vertex 0.17319787 0.13982001 -0.025594858
  vertex 0.15843117 0.1578918 -0.01311632
  vertex 0.17319772 0.14165582 -0.011767095
 endloop
endfacet
facet normal -0.42714685 0.89631695 -0.11900189
 outer loop
  vertex -0.08574632 0.20361745 -0.037278064
  vertex -0.1056232 0.19436973 -0.035585158
  vertex -0.1056234 0.19692184 -0.016362078
 endloop
endfacet
facet normal -0.42714682 0.896317 -0.11900186
 outer loop
  vertex -0.08574632 0.20361745 -0.037278064
  vertex -0.1056234 0.19692184 -0.016362078
  vertex -0.085746534 0.20629098 -0.017140435
 endloop
endfacet
facet normal 0.8028542 0.59099096 -0.07845277
 outer loop
  vertex 0.18629639 0.12244804 -0.022414243
  vertex 0.17319787 0.13982001 -0.025594858
  vertex 0.17319772 0.14165582 -0.011767095
 endloop
endfacet
facet normal 0.8028541 0.59099096 -0.07845274
 outer loop
  vertex 0.18629639 0.12244804 -0.022414243
  vertex 0.17319772 0.14165582 -0.011767095
  vertex 0.18629625 0.12405576 -0.010304565
 endloop
endfacet
facet normal -0.336548 0.9334751 -0.12393408
 outer loop
  vertex -0.065043665 0.21090434 -0.038611878
  vertex -0.08574632 0.20361745 -0.037278064
  vertex -0.085746534 0.20629098 -0.017140435
 endloop
endfacet
facet normal -0.33654812 0.933475 -0.1239342
 outer loop
  vertex -0.065043665 0.21090434 -0.038611878
  vertex -0.085746534 0.20629098 -0.017140435
  vertex -0.06504388 0.21367355 -0.017753605
 endloop
endfacet
facet normal 0.85744935 0.51009375 -0.06771203
 outer loop
  vertex 0.19760075 0.10389669 -0.019017631
  vertex 0.18629639 0.12244804 -0.022414243
  vertex 0.18629625 0.12405576 -0.010304565
 endloop
endfacet
facet normal 0.8574496 0.51009357 -0.06771126
 outer loop
  vertex 0.19760075 0.10389669 -0.019017631
  vertex 0.18629625 0.12405576 -0.010304565
  vertex 0.19760063 0.10526082 -0.008742677
 endloop
endfacet
facet normal -0.24271792 0.96165854 -0.12767495
 outer loop
  vertex -0.043714624 0.21615997 -0.039573886
  vertex -0.065043665 0.21090434 -0.038611878
  vertex -0.06504388 0.21367355 -0.017753605
 endloop
endfacet
facet normal -0.24271758 0.96165866 -0.12767462
 outer loop
  vertex -0.043714624 0.21615997 -0.039573886
  vertex -0.06504388 0.21367355 -0.017753605
  vertex -0.04371485 0.21899816 -0.018195875
 endloop
endfacet
facet normal 0.903785 0.4242655 -0.05631599
 outer loop
  vertex 0.20700212 0.084344745 -0.015437886
  vertex 0.19760075 0.10389669 -0.019017631
  vertex 0.19760063 0.10526082 -0.008742677
 endloop
endfacet
facet normal 0.90378475 0.42426568 -0.056316867
 outer loop
  vertex 0.20700212 0.084344745 -0.015437886
  vertex 0.19760063 0.10526082 -0.008742677
  vertex 0.20700203 0.085452154 -0.0070966035
 endloop
endfacet
facet normal -0.14657047 0.9805958 -0.13018775
 outer loop
  vertex -0.021964567 0.21933386 -0.040154703
  vertex -0.043714624 0.21615997 -0.039573886
  vertex -0.04371485 0.21899816 -0.018195875
 endloop
endfacet
facet normal -0.14657024 0.98059595 -0.1301875
 outer loop
  vertex -0.021964567 0.21933386 -0.040154703
  vertex -0.04371485 0.21899816 -0.018195875
  vertex -0.021964794 0.22221372 -0.018462831
 endloop
endfacet
facet normal -0.9891527 0.14561182 -0.019338537
 outer loop
  vertex -0.21975408 0.04299371 -0.007872031
  vertex -0.22298013 0.021599157 -0.0039550704
  vertex -0.22298014 0.021882797 -0.0018186079
 endloop
endfacet
facet normal -0.98915285 0.1456108 -0.019342238
 outer loop
  vertex -0.21975408 0.04299371 -0.007872031
  vertex -0.22298014 0.021882797 -0.0018186079
  vertex -0.21975413 0.043558266 -0.0036196772
 endloop
endfacet
facet normal 0.9414096 0.3343332 -0.04437682
 outer loop
  vertex 0.21440998 0.063980706 -0.011709472
  vertex 0.20700212 0.084344745 -0.015437886
  vertex 0.20700203 0.085452154 -0.0070966035
 endloop
endfacet
facet normal 0.94140977 0.334333 -0.044375584
 outer loop
  vertex 0.21440998 0.063980706 -0.011709472
  vertex 0.20700203 0.085452154 -0.0070966035
  vertex 0.2144099 0.06482073 -0.0053821784
 endloop
endfacet
facet normal -0.049020756 0.99011004 -0.13144958
 outer loop
  vertex -2.9767968e-06 0.22039542 -0.040348798
  vertex -0.021964567 0.21933386 -0.040154703
  vertex -0.021964794 0.22221372 -0.018462831
 endloop
endfacet
facet normal -0.049020667 0.9901101 -0.1314495
 outer loop
  vertex -2.9767968e-06 0.22039542 -0.040348798
  vertex -0.021964794 0.22221372 -0.018462831
  vertex -3.206467e-06 0.2232892 -0.018551968
 endloop
endfacet
facet normal -0.96996564 0.2411249 -0.032022733
 outer loop
  vertex -0.2144117 0.06397422 -0.011713125
  vertex -0.21975408 0.04299371 -0.007872031
  vertex -0.21975413 0.043558266 -0.0036196772
 endloop
endfacet
facet normal -0.96996576 0.24112457 -0.03202356
 outer loop
  vertex -0.2144117 0.06397422 -0.011713125
  vertex -0.21975413 0.043558266 -0.0036196772
  vertex -0.21441178 0.06481424 -0.005385831
 endloop
endfacet
facet normal 0.96995884 0.24115472 -0.03200472
 outer loop
  vertex 0.21975294 0.043000337 -0.007868276
  vertex 0.21440998 0.063980706 -0.011709472
  vertex 0.2144099 0.06482073 -0.0053821784
 endloop
endfacet
facet normal 0.9699587 0.24115486 -0.0320061
 outer loop
  vertex 0.21975294 0.043000337 -0.007868276
  vertex 0.2144099 0.06482073 -0.0053821784
  vertex 0.2197529 0.04356489 -0.0036159244
 endloop
endfacet
facet normal 0.048993483 0.9901116 -0.13144869
 outer loop
  vertex 0.021958616 0.21933451 -0.04015433
  vertex -2.9767968e-06 0.22039542 -0.040348798
  vertex -3.206467e-06 0.2232892 -0.018551968
 endloop
endfacet
facet normal 0.048993416 0.9901116 -0.13144873
 outer loop
  vertex 0.021958616 0.21933451 -0.04015433
  vertex -3.206467e-06 0.2232892 -0.018551968
  vertex 0.021958388 0.22221437 -0.018462455
 endloop
endfacet
facet normal -0.94141924 0.3343039 -0.044393882
 outer loop
  vertex -0.20700441 0.084338486 -0.01544141
  vertex -0.2144117 0.06397422 -0.011713125
  vertex -0.21441178 0.06481424 -0.005385831
 endloop
endfacet
facet normal -0.9414191 0.33430424 -0.044393133
 outer loop
  vertex -0.20700441 0.084338486 -0.01544141
  vertex -0.21441178 0.06481424 -0.005385831
  vertex -0.2070045 0.085445896 -0.007100124
 endloop
endfacet
facet normal 0.9891489 0.1456399 -0.019325117
 outer loop
  vertex 0.22297953 0.021605894 -0.003951263
  vertex 0.21975294 0.043000337 -0.007868276
  vertex 0.2197529 0.04356489 -0.0036159244
 endloop
endfacet
facet normal 0.9891488 0.14563994 -0.019328535
 outer loop
  vertex 0.22297953 0.021605894 -0.003951263
  vertex 0.2197529 0.04356489 -0.0036159244
  vertex 0.22297952 0.021889534 -0.0018148009
 endloop
endfacet
facet normal 0.14654312 0.9806003 -0.13018498
 outer loop
  vertex 0.043708764 0.21616128 -0.03957314
  vertex 0.021958616 0.21933451 -0.04015433
  vertex 0.021958388 0.22221437 -0.018462455
 endloop
endfacet
facet normal 0.14654289 0.9806003 -0.1301852
 outer loop
  vertex 0.043708764 0.21616128 -0.03957314
  vertex 0.021958388 0.22221437 -0.018462455
  vertex 0.043708537 0.21899948 -0.01819513
 endloop
endfacet
facet normal -0.80287147 0.59581107 -0.020162504
 outer loop
  vertex -0.1732018 0.14165057 -0.011770049
  vertex -0.18629982 0.124050125 -0.010307742
  vertex -0.18629992 0.12446314 0.0019012034
 endloop
endfacet
facet normal -0.8028717 0.59581083 -0.020162834
 outer loop
  vertex -0.1732018 0.14165057 -0.011770049
  vertex -0.18629992 0.12446314 0.0019012034
  vertex -0.17320192 0.1421222 0.0021710782
 endloop
endfacet
facet normal 0.4271224 0.90367705 -0.030566223
 outer loop
  vertex 0.105617695 0.19692507 -0.016360268
  vertex 0.08574058 0.20629364 -0.017138919
  vertex 0.0857404 0.20698045 0.0031638008
 endloop
endfacet
facet normal 0.42712173 0.9036773 -0.030567095
 outer loop
  vertex 0.105617695 0.19692507 -0.016360268
  vertex 0.0857404 0.20698045 0.0031638008
  vertex 0.10561752 0.19758071 0.0030203979
 endloop
endfacet
facet normal -0.7405593 0.6716066 -0.022726467
 outer loop
  vertex -0.15843573 0.157887 -0.013119022
  vertex -0.1732018 0.14165057 -0.011770049
  vertex -0.17320192 0.1421222 0.0021710782
 endloop
endfacet
facet normal -0.74055904 0.6716069 -0.022726113
 outer loop
  vertex -0.15843573 0.157887 -0.013119022
  vertex -0.17320192 0.1421222 0.0021710782
  vertex -0.15843587 0.15841267 0.0024200126
 endloop
endfacet
facet normal 0.5136299 0.8575214 -0.029004889
 outer loop
  vertex 0.12447768 0.18566017 -0.015424106
  vertex 0.105617695 0.19692507 -0.016360268
  vertex 0.10561752 0.19758071 0.0030203979
 endloop
endfacet
facet normal 0.51363045 0.8575212 -0.029004123
 outer loop
  vertex 0.12447768 0.18566017 -0.015424106
  vertex 0.10561752 0.19758071 0.0030203979
  vertex 0.12447751 0.18627828 0.0028478692
 endloop
endfacet
facet normal -0.671123 0.7409219 -0.025070356
 outer loop
  vertex -0.14214385 0.17260273 -0.014341673
  vertex -0.15843573 0.157887 -0.013119022
  vertex -0.15843587 0.15841267 0.0024200126
 endloop
endfacet
facet normal -0.6711232 0.74092185 -0.025070528
 outer loop
  vertex -0.14214385 0.17260273 -0.014341673
  vertex -0.15843587 0.15841267 0.0024200126
  vertex -0.142144 0.17317739 0.002645621
 endloop
endfacet
facet normal 0.59522694 0.8030983 -0.027162343
 outer loop
  vertex 0.14213887 0.17260703 -0.014339263
  vertex 0.12447768 0.18566017 -0.015424106
  vertex 0.12447751 0.18627828 0.0028478692
 endloop
endfacet
facet normal 0.5952272 0.80309826 -0.027162064
 outer loop
  vertex 0.14213887 0.17260703 -0.014339263
  vertex 0.12447751 0.18627828 0.0028478692
  vertex 0.14213872 0.17318168 0.0026480313
 endloop
endfacet
facet normal -0.59525114 0.80308014 -0.027172629
 outer loop
  vertex -0.12448304 0.1856564 -0.015426207
  vertex -0.14214385 0.17260273 -0.014341673
  vertex -0.142144 0.17317739 0.002645621
 endloop
endfacet
facet normal -0.5952509 0.80308026 -0.027172403
 outer loop
  vertex -0.12448304 0.1856564 -0.015426207
  vertex -0.142144 0.17317739 0.002645621
  vertex -0.124483205 0.18627451 0.002845775
 endloop
endfacet
facet normal 0.67110133 0.74094206 -0.025058798
 outer loop
  vertex 0.15843117 0.1578918 -0.01311632
  vertex 0.14213887 0.17260703 -0.014339263
  vertex 0.14213872 0.17318168 0.0026480313
 endloop
endfacet
facet normal 0.6711009 0.74094236 -0.025059424
 outer loop
  vertex 0.15843117 0.1578918 -0.01311632
  vertex 0.14213872 0.17318168 0.0026480313
  vertex 0.15843104 0.15841746 0.0024227158
 endloop
endfacet
facet normal -0.5136546 0.85750633 -0.029012822
 outer loop
  vertex -0.1056234 0.19692184 -0.016362078
  vertex -0.12448304 0.1856564 -0.015426207
  vertex -0.124483205 0.18627451 0.002845775
 endloop
endfacet
facet normal -0.51365465 0.8575064 -0.029012801
 outer loop
  vertex -0.1056234 0.19692184 -0.016362078
  vertex -0.124483205 0.18627451 0.002845775
  vertex -0.10562357 0.19757746 0.0030185883
 endloop
endfacet
facet normal 0.74053913 0.67162925 -0.02271408
 outer loop
  vertex 0.17319772 0.14165582 -0.011767095
  vertex 0.15843117 0.1578918 -0.01311632
  vertex 0.15843104 0.15841746 0.0024227158
 endloop
endfacet
facet normal 0.74053895 0.6716295 -0.022714583
 outer loop
  vertex 0.17319772 0.14165582 -0.011767095
  vertex 0.15843104 0.15841746 0.0024227158
  vertex 0.1731976 0.14212744 0.0021740333
 endloop
endfacet
facet normal -0.42714757 0.9036649 -0.030573517
 outer loop
  vertex -0.085746534 0.20629098 -0.017140435
  vertex -0.1056234 0.19692184 -0.016362078
  vertex -0.10562357 0.19757746 0.0030185883
 endloop
endfacet
facet normal -0.42714795 0.9036647 -0.030574007
 outer loop
  vertex -0.085746534 0.20629098 -0.017140435
  vertex -0.10562357 0.19757746 0.0030185883
  vertex -0.08574671 0.2069778 0.003162286
 endloop
endfacet
facet normal 0.8028537 0.5958355 -0.020149967
 outer loop
  vertex 0.18629625 0.12405576 -0.010304565
  vertex 0.17319772 0.14165582 -0.011767095
  vertex 0.1731976 0.14212744 0.0021740333
 endloop
endfacet
facet normal 0.8028538 0.5958353 -0.020149646
 outer loop
  vertex 0.18629625 0.12405576 -0.010304565
  vertex 0.1731976 0.14212744 0.0021740333
  vertex 0.18629615 0.12446877 0.0019043818
 endloop
endfacet
facet normal -0.33654934 0.94112736 -0.03184053
 outer loop
  vertex -0.06504388 0.21367355 -0.017753605
  vertex -0.085746534 0.20629098 -0.017140435
  vertex -0.08574671 0.2069778 0.003162286
 endloop
endfacet
facet normal -0.33654922 0.9411274 -0.031840395
 outer loop
  vertex -0.06504388 0.21367355 -0.017753605
  vertex -0.08574671 0.2069778 0.003162286
  vertex -0.065044075 0.21438494 0.0032756517
 endloop
endfacet
facet normal 0.85744905 0.51427495 -0.017390043
 outer loop
  vertex 0.19760063 0.10526082 -0.008742677
  vertex 0.18629625 0.12405576 -0.010304565
  vertex 0.18629615 0.12446877 0.0019043818
 endloop
endfacet
facet normal 0.85744905 0.5142749 -0.017389873
 outer loop
  vertex 0.19760063 0.10526082 -0.008742677
  vertex 0.18629615 0.12446877 0.0019043818
  vertex 0.19760054 0.10561126 0.0016165171
 endloop
endfacet
facet normal -0.24271835 0.9695421 -0.032800764
 outer loop
  vertex -0.04371485 0.21899816 -0.018195875
  vertex -0.06504388 0.21367355 -0.017753605
  vertex -0.065044075 0.21438494 0.0032756517
 endloop
endfacet
facet normal -0.24271856 0.9695421 -0.032800972
 outer loop
  vertex -0.04371485 0.21899816 -0.018195875
  vertex -0.065044075 0.21438494 0.0032756517
  vertex -0.043715045 0.2197273 0.0033573876
 endloop
endfacet
facet normal 0.9037844 0.42774352 -0.014462208
 outer loop
  vertex 0.20700203 0.085452154 -0.0070966035
  vertex 0.19760063 0.10526082 -0.008742677
  vertex 0.19760054 0.10561126 0.0016165171
 endloop
endfacet
facet normal 0.9037845 0.42774346 -0.014461874
 outer loop
  vertex 0.20700203 0.085452154 -0.0070966035
  vertex 0.19760054 0.10561126 0.0016165171
  vertex 0.20700195 0.08573664 0.0013130605
 endloop
endfacet
facet normal -0.1465713 0.9886345 -0.033445988
 outer loop
  vertex -0.021964794 0.22221372 -0.018462831
  vertex -0.04371485 0.21899816 -0.018195875
  vertex -0.043715045 0.2197273 0.0033573876
 endloop
endfacet
facet normal -0.14657104 0.9886345 -0.033445757
 outer loop
  vertex -0.021964794 0.22221372 -0.018462831
  vertex -0.043715045 0.2197273 0.0033573876
  vertex -0.021964993 0.22295354 0.0034068662
 endloop
endfacet
facet normal -0.98915297 0.14680478 -0.0049730837
 outer loop
  vertex -0.21975413 0.043558266 -0.0036196772
  vertex -0.22298014 0.021882797 -0.0018186079
  vertex -0.22298016 0.021955663 0.00033537074
 endloop
endfacet
facet normal -0.9891531 0.14680417 -0.00497645
 outer loop
  vertex -0.21975413 0.043558266 -0.0036196772
  vertex -0.22298016 0.021955663 0.00033537074
  vertex -0.21975417 0.043703295 0.0006675358
 endloop
endfacet
facet normal 0.9414094 0.33707356 -0.011394319
 outer loop
  vertex 0.2144099 0.06482073 -0.0053821784
  vertex 0.20700203 0.085452154 -0.0070966035
  vertex 0.20700195 0.08573664 0.0013130605
 endloop
endfacet
facet normal 0.94140947 0.33707345 -0.0113939475
 outer loop
  vertex 0.2144099 0.06482073 -0.0053821784
  vertex 0.20700195 0.08573664 0.0013130605
  vertex 0.21440984 0.06503653 0.0009969863
 endloop
endfacet
facet normal -0.049021695 0.9982267 -0.033769358
 outer loop
  vertex -3.206467e-06 0.2232892 -0.018551968
  vertex -0.021964794 0.22221372 -0.018462831
  vertex -0.021964993 0.22295354 0.0034068662
 endloop
endfacet
facet normal -0.049020864 0.9982267 -0.033768535
 outer loop
  vertex -3.206467e-06 0.2232892 -0.018551968
  vertex -0.021964993 0.22295354 0.0034068662
  vertex -3.4051639e-06 0.2240326 0.0034235418
 endloop
endfacet
facet normal -0.96996593 0.24310131 -0.008233826
 outer loop
  vertex -0.21441178 0.06481424 -0.005385831
  vertex -0.21975413 0.043558266 -0.0036196772
  vertex -0.21975417 0.043703295 0.0006675358
 endloop
endfacet
facet normal -0.96996593 0.24310157 -0.00823283
 outer loop
  vertex -0.21441178 0.06481424 -0.005385831
  vertex -0.21975417 0.043703295 0.0006675358
  vertex -0.21441184 0.06503004 0.0009933301
 endloop
endfacet
facet normal 0.96995854 0.24313168 -0.008215756
 outer loop
  vertex 0.2197529 0.04356489 -0.0036159244
  vertex 0.2144099 0.06482073 -0.0053821784
  vertex 0.21440984 0.06503653 0.0009969863
 endloop
endfacet
facet normal 0.9699586 0.24313143 -0.008214591
 outer loop
  vertex 0.2197529 0.04356489 -0.0036159244
  vertex 0.21440984 0.06503653 0.0009969863
  vertex 0.21975285 0.04370992 0.0006712888
 endloop
endfacet
facet normal 0.04899252 0.9982282 -0.033767693
 outer loop
  vertex 0.021958388 0.22221437 -0.018462455
  vertex -3.206467e-06 0.2232892 -0.018551968
  vertex -3.4051639e-06 0.2240326 0.0034235418
 endloop
endfacet
facet normal 0.048991702 0.9982282 -0.033768512
 outer loop
  vertex 0.021958388 0.22221437 -0.018462455
  vertex -3.4051639e-06 0.2240326 0.0034235418
  vertex 0.02195819 0.2229542 0.003407241
 endloop
endfacet
facet normal -0.9414194 0.3370449 -0.011410581
 outer loop
  vertex -0.2070045 0.085445896 -0.007100124
  vertex -0.21441178 0.06481424 -0.005385831
  vertex -0.21441184 0.06503004 0.0009933301
 endloop
endfacet
facet normal -0.9414194 0.33704498 -0.011410292
 outer loop
  vertex -0.2070045 0.085445896 -0.007100124
  vertex -0.21441184 0.06503004 0.0009933301
  vertex -0.20700458 0.08573039 0.0013095401
 endloop
endfacet
facet normal 0.9891487 0.14683412 -0.0049568396
 outer loop
  vertex 0.22297952 0.021889534 -0.0018148009
  vertex 0.2197529 0.04356489 -0.0036159244
  vertex 0.21975285 0.04370992 0.0006712888
 endloop
endfacet
facet normal 0.9891487 0.14683452 -0.0049604815
 outer loop
  vertex 0.22297952 0.021889534 -0.0018148009
  vertex 0.21975285 0.04370992 0.0006712888
  vertex 0.2229795 0.0219624 0.00033917875
 endloop
endfacet
facet normal 0.14654206 0.988639 -0.033443235
 outer loop
  vertex 0.043708537 0.21899948 -0.01819513
  vertex 0.021958388 0.22221437 -0.018462455
  vertex 0.02195819 0.2229542 0.003407241
 endloop
endfacet
facet normal 0.14654179 0.988639 -0.033443503
 outer loop
  vertex 0.043708537 0.21899948 -0.01819513
  vertex 0.02195819 0.2229542 0.003407241
  vertex 0.043708343 0.2197286 0.0033581336
 endloop
endfacet
facet normal -0.90379673 0.42771697 -0.014477369
 outer loop
  vertex -0.19760369 0.105254784 -0.008746041
  vertex -0.2070045 0.085445896 -0.007100124
  vertex -0.20700458 0.08573039 0.0013095401
 endloop
endfacet
facet normal -0.90379673 0.42771712 -0.014476898
 outer loop
  vertex -0.19760369 0.105254784 -0.008746041
  vertex -0.20700458 0.08573039 0.0013095401
  vertex -0.19760378 0.10560522 0.0016131457
 endloop
endfacet
facet normal 0.24268818 0.9695498 -0.03279687
 outer loop
  vertex 0.06503775 0.21367553 -0.01775251
  vertex 0.043708537 0.21899948 -0.01819513
  vertex 0.043708343 0.2197286 0.0033581336
 endloop
endfacet
facet normal 0.24268912 0.9695496 -0.032795858
 outer loop
  vertex 0.06503775 0.21367553 -0.01775251
  vertex 0.043708343 0.2197286 0.0033581336
  vertex 0.065037556 0.21438691 0.0032767465
 endloop
endfacet
facet normal -0.8574643 0.5142491 -0.017403789
 outer loop
  vertex -0.18629982 0.124050125 -0.010307742
  vertex -0.19760369 0.105254784 -0.008746041
  vertex -0.19760378 0.10560522 0.0016131457
 endloop
endfacet
facet normal -0.85746425 0.514249 -0.01740384
 outer loop
  vertex -0.18629982 0.124050125 -0.010307742
  vertex -0.19760378 0.10560522 0.0016131457
  vertex -0.18629992 0.12446314 0.0019012034
 endloop
endfacet
facet normal 0.3365196 0.9411382 -0.03183389
 outer loop
  vertex 0.08574058 0.20629364 -0.017138919
  vertex 0.06503775 0.21367553 -0.01775251
  vertex 0.065037556 0.21438691 0.0032767465
 endloop
endfacet
facet normal 0.33651924 0.9411383 -0.031834282
 outer loop
  vertex 0.08574058 0.20629364 -0.017138919
  vertex 0.065037556 0.21438691 0.0032767465
  vertex 0.0857404 0.20698045 0.0031638008
 endloop
endfacet
facet normal -0.6711237 0.7398109 0.04767482
 outer loop
  vertex -0.142144 0.17317739 0.002645621
  vertex -0.15843587 0.15841267 0.0024200126
  vertex -0.15843599 0.1574127 0.017935757
 endloop
endfacet
facet normal -0.6711239 0.7398106 0.04767436
 outer loop
  vertex -0.142144 0.17317739 0.002645621
  vertex -0.15843599 0.1574127 0.017935757
  vertex -0.14214413 0.17208423 0.019607449
 endloop
endfacet
facet normal 0.59522635 0.8018942 0.05168415
 outer loop
  vertex 0.14213872 0.17318168 0.0026480313
  vertex 0.12447751 0.18627828 0.0028478692
  vertex 0.12447737 0.18510248 0.02109246
 endloop
endfacet
facet normal 0.5952268 0.8018938 0.051684804
 outer loop
  vertex 0.14213872 0.17318168 0.0026480313
  vertex 0.12447737 0.18510248 0.02109246
  vertex 0.14213859 0.17208853 0.019609863
 endloop
endfacet
facet normal -0.5952515 0.80187607 0.051674988
 outer loop
  vertex -0.124483205 0.18627451 0.002845775
  vertex -0.142144 0.17317739 0.002645621
  vertex -0.14214413 0.17208423 0.019607449
 endloop
endfacet
facet normal -0.59525234 0.8018756 0.0516737
 outer loop
  vertex -0.124483205 0.18627451 0.002845775
  vertex -0.14214413 0.17208423 0.019607449
  vertex -0.12448335 0.18509871 0.021090358
 endloop
endfacet
facet normal 0.67110026 0.7398315 0.047685664
 outer loop
  vertex 0.15843104 0.15841746 0.0024227158
  vertex 0.14213872 0.17318168 0.0026480313
  vertex 0.14213859 0.17208853 0.019609863
 endloop
endfacet
facet normal 0.6711006 0.73983103 0.047686443
 outer loop
  vertex 0.15843104 0.15841746 0.0024227158
  vertex 0.14213859 0.17208853 0.019609863
  vertex 0.15843092 0.15741749 0.017938461
 endloop
endfacet
facet normal -0.5136554 0.8562206 0.05517673
 outer loop
  vertex -0.10562357 0.19757746 0.0030185883
  vertex -0.124483205 0.18627451 0.002845775
  vertex -0.12448335 0.18509871 0.021090358
 endloop
endfacet
facet normal -0.51365477 0.85622084 0.055177566
 outer loop
  vertex -0.10562357 0.19757746 0.0030185883
  vertex -0.12448335 0.18509871 0.021090358
  vertex -0.10562372 0.1963303 0.022370197
 endloop
endfacet
facet normal 0.74053836 0.6706224 0.04322654
 outer loop
  vertex 0.1731976 0.14212744 0.0021740333
  vertex 0.15843104 0.15841746 0.0024227158
  vertex 0.15843092 0.15741749 0.017938461
 endloop
endfacet
facet normal 0.74053794 0.67062294 0.04322555
 outer loop
  vertex 0.1731976 0.14212744 0.0021740333
  vertex 0.15843092 0.15741749 0.017938461
  vertex 0.1731975 0.14123031 0.016094258
 endloop
endfacet
facet normal -0.42714855 0.9023097 0.058148537
 outer loop
  vertex -0.08574671 0.2069778 0.003162286
  vertex -0.10562357 0.19757746 0.0030185883
  vertex -0.10562372 0.1963303 0.022370197
 endloop
endfacet
facet normal -0.42714852 0.9023098 0.058148578
 outer loop
  vertex -0.08574671 0.2069778 0.003162286
  vertex -0.10562372 0.1963303 0.022370197
  vertex -0.08574687 0.2056713 0.023434563
 endloop
endfacet
facet normal 0.80285347 0.59494174 0.038348556
 outer loop
  vertex 0.18629615 0.12446877 0.0019043818
  vertex 0.1731976 0.14212744 0.0021740333
  vertex 0.1731975 0.14123031 0.016094258
 endloop
endfacet
facet normal 0.80285347 0.59494185 0.03834838
 outer loop
  vertex 0.18629615 0.12446877 0.0019043818
  vertex 0.1731975 0.14123031 0.016094258
  vertex 0.18629606 0.12368312 0.014095029
 endloop
endfacet
facet normal -0.33655024 0.9397161 0.060560055
 outer loop
  vertex -0.065044075 0.21438494 0.0032756517
  vertex -0.08574671 0.2069778 0.003162286
  vertex -0.08574687 0.2056713 0.023434563
 endloop
endfacet
facet normal -0.33654994 0.9397162 0.060560443
 outer loop
  vertex -0.065044075 0.21438494 0.0032756517
  vertex -0.08574687 0.2056713 0.023434563
  vertex -0.06504423 0.21303168 0.024273377
 endloop
endfacet
facet normal 0.8574486 0.51350385 0.03310031
 outer loop
  vertex 0.19760054 0.10561126 0.0016165171
  vertex 0.18629615 0.12446877 0.0019043818
  vertex 0.18629606 0.12368312 0.014095029
 endloop
endfacet
facet normal 0.8574485 0.5135041 0.033100005
 outer loop
  vertex 0.19760054 0.10561126 0.0016165171
  vertex 0.18629606 0.12368312 0.014095029
  vertex 0.19760047 0.10494464 0.011960173
 endloop
endfacet
facet normal -0.2427192 0.96808827 0.062389657
 outer loop
  vertex -0.043715045 0.2197273 0.0033573876
  vertex -0.065044075 0.21438494 0.0032756517
  vertex -0.06504423 0.21303168 0.024273377
 endloop
endfacet
facet normal -0.24271917 0.96808827 0.062389694
 outer loop
  vertex -0.043715045 0.2197273 0.0033573876
  vertex -0.06504423 0.21303168 0.024273377
  vertex -0.04371521 0.21834031 0.024878323
 endloop
endfacet
facet normal 0.9037841 0.4271021 0.02753199
 outer loop
  vertex 0.20700195 0.08573664 0.0013130605
  vertex 0.19760054 0.10561126 0.0016165171
  vertex 0.19760047 0.10494464 0.011960173
 endloop
endfacet
facet normal 0.90378416 0.42710194 0.027532302
 outer loop
  vertex 0.20700195 0.08573664 0.0013130605
  vertex 0.19760047 0.10494464 0.011960173
  vertex 0.2070019 0.08519547 0.009710111
 endloop
endfacet
facet normal -0.14657196 0.9871521 0.06361905
 outer loop
  vertex -0.021964993 0.22295354 0.0034068662
  vertex -0.043715045 0.2197273 0.0033573876
  vertex -0.04371521 0.21834031 0.024878323
 endloop
endfacet
facet normal -0.146571 0.98715216 0.06362004
 outer loop
  vertex -0.021964993 0.22295354 0.0034068662
  vertex -0.04371521 0.21834031 0.024878323
  vertex -0.021965157 0.22154617 0.025243765
 endloop
endfacet
facet normal -0.9891532 0.14658411 0.009433291
 outer loop
  vertex -0.21975417 0.043703295 0.0006675358
  vertex -0.22298016 0.021955663 0.00033537074
  vertex -0.22298019 0.021817053 0.0024861186
 endloop
endfacet
facet normal -0.989153 0.14658467 0.009440313
 outer loop
  vertex -0.21975417 0.043703295 0.0006675358
  vertex -0.22298019 0.021817053 0.0024861186
  vertex -0.2197542 0.043427404 0.0049483227
 endloop
endfacet
facet normal 0.9414091 0.33656803 0.021697812
 outer loop
  vertex 0.21440984 0.06503653 0.0009969863
  vertex 0.20700195 0.08573664 0.0013130605
  vertex 0.2070019 0.08519547 0.009710111
 endloop
endfacet
facet normal 0.9414091 0.33656815 0.021697627
 outer loop
  vertex 0.21440984 0.06503653 0.0009969863
  vertex 0.2070019 0.08519547 0.009710111
  vertex 0.2144098 0.06462602 0.007366581
 endloop
endfacet
facet normal -0.04902174 0.99672985 0.064238034
 outer loop
  vertex -3.4051639e-06 0.2240326 0.0034235418
  vertex -0.021964993 0.22295354 0.0034068662
  vertex -0.021965157 0.22154617 0.025243765
 endloop
endfacet
facet normal -0.049022403 0.99672985 0.06423738
 outer loop
  vertex -3.4051639e-06 0.2240326 0.0034235418
  vertex -0.021965157 0.22154617 0.025243765
  vertex -3.570974e-06 0.22261843 0.025366098
 endloop
endfacet
facet normal -0.96996605 0.24273692 0.015637333
 outer loop
  vertex -0.21441184 0.06503004 0.0009933301
  vertex -0.21975417 0.043703295 0.0006675358
  vertex -0.2197542 0.043427404 0.0049483227
 endloop
endfacet
facet normal -0.9699662 0.24273698 0.015637256
 outer loop
  vertex -0.21441184 0.06503004 0.0009933301
  vertex -0.2197542 0.043427404 0.0049483227
  vertex -0.21441188 0.064619526 0.0073629245
 endloop
endfacet
facet normal 0.9699583 0.24276686 0.015652532
 outer loop
  vertex 0.21975285 0.04370992 0.0006712888
  vertex 0.21440984 0.06503653 0.0009969863
  vertex 0.2144098 0.06462602 0.007366581
 endloop
endfacet
facet normal 0.9699584 0.24276696 0.01565236
 outer loop
  vertex 0.21975285 0.04370992 0.0006712888
  vertex 0.2144098 0.06462602 0.007366581
  vertex 0.21975282 0.043434035 0.004952072
 endloop
endfacet
facet normal 0.048990946 0.99673134 0.06423821
 outer loop
  vertex 0.02195819 0.2229542 0.003407241
  vertex -3.4051639e-06 0.2240326 0.0034235418
  vertex -3.570974e-06 0.22261843 0.025366098
 endloop
endfacet
facet normal 0.0489916 0.9967313 0.064238876
 outer loop
  vertex 0.02195819 0.2229542 0.003407241
  vertex -3.570974e-06 0.22261843 0.025366098
  vertex 0.021958025 0.22154683 0.025244141
 endloop
endfacet
facet normal -0.94141966 0.33653954 0.02168293
 outer loop
  vertex -0.20700458 0.08573039 0.0013095401
  vertex -0.21441184 0.06503004 0.0009933301
  vertex -0.21441188 0.064619526 0.0073629245
 endloop
endfacet
facet normal -0.94141966 0.33653963 0.021683278
 outer loop
  vertex -0.20700458 0.08573039 0.0013095401
  vertex -0.21441188 0.064619526 0.0073629245
  vertex -0.20700464 0.0851892 0.009706585
 endloop
endfacet
facet normal 0.9891485 0.14661436 0.009455748
 outer loop
  vertex 0.2229795 0.0219624 0.00033917875
  vertex 0.21975285 0.04370992 0.0006712888
  vertex 0.21975282 0.043434035 0.004952072
 endloop
endfacet
facet normal 0.98914874 0.14661293 0.0094625885
 outer loop
  vertex 0.2229795 0.0219624 0.00033917875
  vertex 0.21975282 0.043434035 0.004952072
  vertex 0.22297947 0.02182379 0.0024899258
 endloop
endfacet
facet normal 0.14654109 0.9871565 0.06362251
 outer loop
  vertex 0.043708343 0.2197286 0.0033581336
  vertex 0.02195819 0.2229542 0.003407241
  vertex 0.021958025 0.22154683 0.025244141
 endloop
endfacet
facet normal 0.14654016 0.9871566 0.063621566
 outer loop
  vertex 0.043708343 0.2197286 0.0033581336
  vertex 0.021958025 0.22154683 0.025244141
  vertex 0.04370818 0.21834162 0.024879068
 endloop
endfacet
facet normal -0.90379703 0.42707577 0.027518531
 outer loop
  vertex -0.19760378 0.10560522 0.0016131457
  vertex -0.20700458 0.08573039 0.0013095401
  vertex -0.20700464 0.0851892 0.009706585
 endloop
endfacet
facet normal -0.9037972 0.42707548 0.027517559
 outer loop
  vertex -0.19760378 0.10560522 0.0016131457
  vertex -0.20700464 0.0851892 0.009706585
  vertex -0.19760385 0.1049386 0.01195679
 endloop
endfacet
facet normal 0.24268824 0.9680958 0.062393863
 outer loop
  vertex 0.065037556 0.21438691 0.0032767465
  vertex 0.043708343 0.2197286 0.0033581336
  vertex 0.04370818 0.21834162 0.024879068
 endloop
endfacet
facet normal 0.24268815 0.96809584 0.062393747
 outer loop
  vertex 0.065037556 0.21438691 0.0032767465
  vertex 0.04370818 0.21834162 0.024879068
  vertex 0.0650374 0.21303365 0.024274472
 endloop
endfacet
facet normal -0.8574646 0.51347804 0.033086386
 outer loop
  vertex -0.18629992 0.12446314 0.0019012034
  vertex -0.19760378 0.10560522 0.0016131457
  vertex -0.19760385 0.1049386 0.01195679
 endloop
endfacet
facet normal -0.85746473 0.5134779 0.033086058
 outer loop
  vertex -0.18629992 0.12446314 0.0019012034
  vertex -0.19760385 0.1049386 0.01195679
  vertex -0.18630001 0.123677485 0.014091851
 endloop
endfacet
facet normal 0.33651847 0.9397271 0.06056615
 outer loop
  vertex 0.0857404 0.20698045 0.0031638008
  vertex 0.065037556 0.21438691 0.0032767465
  vertex 0.0650374 0.21303365 0.024274472
 endloop
endfacet
facet normal 0.33651832 0.9397272 0.06056594
 outer loop
  vertex 0.0857404 0.20698045 0.0031638008
  vertex 0.0650374 0.21303365 0.024274472
  vertex 0.085740246 0.20567395 0.023436079
 endloop
endfacet
facet normal -0.8028722 0.59491724 0.038335018
 outer loop
  vertex -0.17320192 0.1421222 0.0021710782
  vertex -0.18629992 0.12446314 0.0019012034
  vertex -0.18630001 0.123677485 0.014091851
 endloop
endfacet
facet normal -0.80287224 0.59491724 0.038334943
 outer loop
  vertex -0.17320192 0.1421222 0.0021710782
  vertex -0.18630001 0.123677485 0.014091851
  vertex -0.17320202 0.14122507 0.016091304
 endloop
endfacet
facet normal 0.42712104 0.9023223 0.058156002
 outer loop
  vertex 0.10561752 0.19758071 0.0030203979
  vertex 0.0857404 0.20698045 0.0031638008
  vertex 0.085740246 0.20567395 0.023436079
 endloop
endfacet
facet normal 0.42712095 0.90232235 0.058155905
 outer loop
  vertex 0.10561752 0.19758071 0.0030203979
  vertex 0.085740246 0.20567395 0.023436079
  vertex 0.105617374 0.19633354 0.022372015
 endloop
endfacet
facet normal -0.74055964 0.67059976 0.04321296
 outer loop
  vertex -0.15843587 0.15841267 0.0024200126
  vertex -0.17320192 0.1421222 0.0021710782
  vertex -0.17320202 0.14122507 0.016091304
 endloop
endfacet
facet normal -0.74055934 0.67060006 0.04321375
 outer loop
  vertex -0.15843587 0.15841267 0.0024200126
  vertex -0.17320202 0.14122507 0.016091304
  vertex -0.15843599 0.1574127 0.017935757
 endloop
endfacet
facet normal 0.51363003 0.8562352 0.055186365
 outer loop
  vertex 0.12447751 0.18627828 0.0028478692
  vertex 0.10561752 0.19758071 0.0030203979
  vertex 0.105617374 0.19633354 0.022372015
 endloop
endfacet
facet normal 0.51362944 0.8562355 0.05518563
 outer loop
  vertex 0.12447751 0.18627828 0.0028478692
  vertex 0.105617374 0.19633354 0.022372015
  vertex 0.12447737 0.18510248 0.02109246
 endloop
endfacet
facet normal -0.5136555 0.8466891 0.13883665
 outer loop
  vertex -0.10562372 0.1963303 0.022370197
  vertex -0.12448335 0.18509871 0.021090358
  vertex -0.12448345 0.18214028 0.039131835
 endloop
endfacet
facet normal -0.51365584 0.846689 0.13883613
 outer loop
  vertex -0.10562372 0.1963303 0.022370197
  vertex -0.12448345 0.18214028 0.039131835
  vertex -0.105623834 0.19319236 0.041506384
 endloop
endfacet
facet normal 0.74053746 0.66315746 0.10874927
 outer loop
  vertex 0.1731975 0.14123031 0.016094258
  vertex 0.15843092 0.15741749 0.017938461
  vertex 0.15843083 0.15490153 0.033281475
 endloop
endfacet
facet normal 0.7405376 0.66315734 0.108749375
 outer loop
  vertex 0.1731975 0.14123031 0.016094258
  vertex 0.15843083 0.15490153 0.033281475
  vertex 0.1731974 0.13897309 0.029859515
 endloop
endfacet
facet normal -0.427149 0.89226514 0.14631018
 outer loop
  vertex -0.08574687 0.2056713 0.023434563
  vertex -0.10562372 0.1963303 0.022370197
  vertex -0.105623834 0.19319236 0.041506384
 endloop
endfacet
facet normal -0.42714882 0.8922652 0.14631042
 outer loop
  vertex -0.08574687 0.2056713 0.023434563
  vertex -0.105623834 0.19319236 0.041506384
  vertex -0.08574699 0.20238407 0.043481164
 endloop
endfacet
facet normal 0.8028531 0.5883187 0.096477754
 outer loop
  vertex 0.18629606 0.12368312 0.014095029
  vertex 0.1731975 0.14123031 0.016094258
  vertex 0.1731974 0.13897309 0.029859515
 endloop
endfacet
facet normal 0.802853 0.58831906 0.09647736
 outer loop
  vertex 0.18629606 0.12368312 0.014095029
  vertex 0.1731974 0.13897309 0.029859515
  vertex 0.18629599 0.12170635 0.026149968
 endloop
endfacet
facet normal -0.3365508 0.929255 0.15237652
 outer loop
  vertex -0.06504423 0.21303168 0.024273377
  vertex -0.08574687 0.2056713 0.023434563
  vertex -0.08574699 0.20238407 0.043481164
 endloop
endfacet
facet normal -0.33654985 0.9292552 0.15237762
 outer loop
  vertex -0.06504423 0.21303168 0.024273377
  vertex -0.08574699 0.20238407 0.043481164
  vertex -0.06504436 0.2096268 0.04503735
 endloop
endfacet
facet normal 0.8574482 0.50778776 0.083272204
 outer loop
  vertex 0.19760047 0.10494464 0.011960173
  vertex 0.18629606 0.12368312 0.014095029
  vertex 0.18629599 0.12170635 0.026149968
 endloop
endfacet
facet normal 0.8574483 0.5077875 0.0832726
 outer loop
  vertex 0.19760047 0.10494464 0.011960173
  vertex 0.18629599 0.12170635 0.026149968
  vertex 0.19760041 0.10326736 0.02218868
 endloop
endfacet
facet normal -0.24271964 0.9573112 0.15697883
 outer loop
  vertex -0.04371521 0.21834031 0.024878323
  vertex -0.06504423 0.21303168 0.024273377
  vertex -0.06504436 0.2096268 0.04503735
 endloop
endfacet
facet normal -0.24272004 0.9573112 0.15697841
 outer loop
  vertex -0.04371521 0.21834031 0.024878323
  vertex -0.06504436 0.2096268 0.04503735
  vertex -0.043715335 0.21485059 0.046159692
 endloop
endfacet
facet normal 0.9037839 0.4223475 0.06926227
 outer loop
  vertex 0.2070019 0.08519547 0.009710111
  vertex 0.19760047 0.10494464 0.011960173
  vertex 0.19760041 0.10326736 0.02218868
 endloop
endfacet
facet normal 0.9037838 0.42234784 0.06926168
 outer loop
  vertex 0.2070019 0.08519547 0.009710111
  vertex 0.19760041 0.10326736 0.02218868
  vertex 0.20700185 0.08383384 0.01801368
 endloop
endfacet
facet normal -0.14657177 0.976163 0.16007029
 outer loop
  vertex -0.021965157 0.22154617 0.025243765
  vertex -0.04371521 0.21834031 0.024878323
  vertex -0.043715335 0.21485059 0.046159692
 endloop
endfacet
facet normal -0.14657137 0.976163 0.16007073
 outer loop
  vertex -0.021965157 0.22154617 0.025243765
  vertex -0.043715335 0.21485059 0.046159692
  vertex -0.021965288 0.21800521 0.046837583
 endloop
endfacet
facet normal -0.98915315 0.14495209 0.023769148
 outer loop
  vertex -0.2197542 0.043427404 0.0049483227
  vertex -0.22298019 0.021817053 0.0024861186
  vertex -0.22298019 0.0214683 0.0046129255
 endloop
endfacet
facet normal -0.9891533 0.14495222 0.02376219
 outer loop
  vertex -0.2197542 0.043427404 0.0049483227
  vertex -0.22298019 0.0214683 0.0046129255
  vertex -0.21975423 0.04273326 0.00918145
 endloop
endfacet
facet normal 0.94140893 0.33282158 0.054581307
 outer loop
  vertex 0.2144098 0.06462602 0.007366581
  vertex 0.2070019 0.08519547 0.009710111
  vertex 0.20700185 0.08383384 0.01801368
 endloop
endfacet
facet normal 0.9414088 0.33282164 0.05458097
 outer loop
  vertex 0.2144098 0.06462602 0.007366581
  vertex 0.20700185 0.08383384 0.01801368
  vertex 0.21440977 0.06359316 0.013665266
 endloop
endfacet
facet normal -0.049023125 0.98563397 0.16162436
 outer loop
  vertex -3.570974e-06 0.22261843 0.025366098
  vertex -0.021965157 0.22154617 0.025243765
  vertex -0.021965288 0.21800521 0.046837583
 endloop
endfacet
facet normal -0.049023584 0.98563397 0.1616239
 outer loop
  vertex -3.570974e-06 0.22261843 0.025366098
  vertex -0.021965288 0.21800521 0.046837583
  vertex -3.7023003e-06 0.21906035 0.04706439
 endloop
endfacet
facet normal -0.96996623 0.24003476 0.03935386
 outer loop
  vertex -0.21441188 0.064619526 0.0073629245
  vertex -0.2197542 0.043427404 0.0049483227
  vertex -0.21975423 0.04273326 0.00918145
 endloop
endfacet
facet normal -0.9699662 0.24003495 0.039356355
 outer loop
  vertex -0.21441188 0.064619526 0.0073629245
  vertex -0.21975423 0.04273326 0.00918145
  vertex -0.21441191 0.06358667 0.013661612
 endloop
endfacet
facet normal 0.9699582 0.24006456 0.039370686
 outer loop
  vertex 0.21975282 0.043434035 0.004952072
  vertex 0.2144098 0.06462602 0.007366581
  vertex 0.21440977 0.06359316 0.013665266
 endloop
endfacet
facet normal 0.9699583 0.24006382 0.03937243
 outer loop
  vertex 0.21975282 0.043434035 0.004952072
  vertex 0.21440977 0.06359316 0.013665266
  vertex 0.21975279 0.042739887 0.0091852015
 endloop
endfacet
facet normal 0.04899099 0.98563546 0.16162473
 outer loop
  vertex 0.021958025 0.22154683 0.025244141
  vertex -3.570974e-06 0.22261843 0.025366098
  vertex -3.7023003e-06 0.21906035 0.04706439
 endloop
endfacet
facet normal 0.04899147 0.9856354 0.1616252
 outer loop
  vertex 0.021958025 0.22154683 0.025244141
  vertex -3.7023003e-06 0.21906035 0.04706439
  vertex 0.021957895 0.21800587 0.046837956
 endloop
endfacet
facet normal -0.94141984 0.33279303 0.05456696
 outer loop
  vertex -0.20700464 0.0851892 0.009706585
  vertex -0.21441188 0.064619526 0.0073629245
  vertex -0.21441191 0.06358667 0.013661612
 endloop
endfacet
facet normal -0.9414199 0.3327929 0.054566156
 outer loop
  vertex -0.20700464 0.0851892 0.009706585
  vertex -0.21441191 0.06358667 0.013661612
  vertex -0.20700468 0.083827585 0.018010154
 endloop
endfacet
facet normal 0.98914856 0.14498155 0.023781026
 outer loop
  vertex 0.22297947 0.02182379 0.0024899258
  vertex 0.21975282 0.043434035 0.004952072
  vertex 0.21975279 0.042739887 0.0091852015
 endloop
endfacet
facet normal 0.98914844 0.14498365 0.023774186
 outer loop
  vertex 0.22297947 0.02182379 0.0024899258
  vertex 0.21975279 0.042739887 0.0091852015
  vertex 0.22297947 0.021475038 0.0046167327
 endloop
endfacet
facet normal 0.14653964 0.9761673 0.16007322
 outer loop
  vertex 0.04370818 0.21834162 0.024879068
  vertex 0.021958025 0.22154683 0.025244141
  vertex 0.021957895 0.21800587 0.046837956
 endloop
endfacet
facet normal 0.14653918 0.9761675 0.16007279
 outer loop
  vertex 0.04370818 0.21834162 0.024879068
  vertex 0.021957895 0.21800587 0.046837956
  vertex 0.043708052 0.2148519 0.046160437
 endloop
endfacet
facet normal -0.9037974 0.42232102 0.06924716
 outer loop
  vertex -0.19760385 0.1049386 0.01195679
  vertex -0.20700464 0.0851892 0.009706585
  vertex -0.20700468 0.083827585 0.018010154
 endloop
endfacet
facet normal -0.90379745 0.42232102 0.06924708
 outer loop
  vertex -0.19760385 0.1049386 0.01195679
  vertex -0.20700468 0.083827585 0.018010154
  vertex -0.19760391 0.10326132 0.022185294
 endloop
endfacet
facet normal 0.24268739 0.9573188 0.15698253
 outer loop
  vertex 0.0650374 0.21303365 0.024274472
  vertex 0.04370818 0.21834162 0.024879068
  vertex 0.043708052 0.2148519 0.046160437
 endloop
endfacet
facet normal 0.24268787 0.9573186 0.156983
 outer loop
  vertex 0.0650374 0.21303365 0.024274472
  vertex 0.043708052 0.2148519 0.046160437
  vertex 0.06503727 0.20962876 0.045038447
 endloop
endfacet
facet normal -0.857465 0.50776166 0.08325799
 outer loop
  vertex -0.18630001 0.123677485 0.014091851
  vertex -0.19760385 0.1049386 0.01195679
  vertex -0.19760391 0.10326132 0.022185294
 endloop
endfacet
facet normal -0.8574651 0.5077615 0.08325726
 outer loop
  vertex -0.18630001 0.123677485 0.014091851
  vertex -0.19760391 0.10326132 0.022185294
  vertex -0.18630008 0.12170072 0.02614679
 endloop
endfacet
facet normal 0.33651772 0.929266 0.15238349
 outer loop
  vertex 0.085740246 0.20567395 0.023436079
  vertex 0.0650374 0.21303365 0.024274472
  vertex 0.06503727 0.20962876 0.045038447
 endloop
endfacet
facet normal 0.33651787 0.9292658 0.15238366
 outer loop
  vertex 0.085740246 0.20567395 0.023436079
  vertex 0.06503727 0.20962876 0.045038447
  vertex 0.08574013 0.20238669 0.04348268
 endloop
endfacet
facet normal -0.8028728 0.5882942 0.09646337
 outer loop
  vertex -0.17320202 0.14122507 0.016091304
  vertex -0.18630001 0.123677485 0.014091851
  vertex -0.18630008 0.12170072 0.02614679
 endloop
endfacet
facet normal -0.80287284 0.58829415 0.09646333
 outer loop
  vertex -0.17320202 0.14122507 0.016091304
  vertex -0.18630008 0.12170072 0.02614679
  vertex -0.17320211 0.13896784 0.02985656
 endloop
endfacet
facet normal 0.4271203 0.8922775 0.14631882
 outer loop
  vertex 0.105617374 0.19633354 0.022372015
  vertex 0.085740246 0.20567395 0.023436079
  vertex 0.08574013 0.20238669 0.04348268
 endloop
endfacet
facet normal 0.42712015 0.8922776 0.1463186
 outer loop
  vertex 0.105617374 0.19633354 0.022372015
  vertex 0.08574013 0.20238669 0.04348268
  vertex 0.10561726 0.19319558 0.0415082
 endloop
endfacet
facet normal -0.74055976 0.66313475 0.10873607
 outer loop
  vertex -0.15843599 0.1574127 0.017935757
  vertex -0.17320202 0.14122507 0.016091304
  vertex -0.17320211 0.13896784 0.02985656
 endloop
endfacet
facet normal -0.74055946 0.663135 0.10873698
 outer loop
  vertex -0.15843599 0.1574127 0.017935757
  vertex -0.17320211 0.13896784 0.02985656
  vertex -0.15843607 0.15489674 0.03327877
 endloop
endfacet
facet normal 0.51362914 0.8467036 0.13884586
 outer loop
  vertex 0.12447737 0.18510248 0.02109246
  vertex 0.105617374 0.19633354 0.022372015
  vertex 0.10561726 0.19319558 0.0415082
 endloop
endfacet
facet normal 0.5136284 0.8467041 0.13884507
 outer loop
  vertex 0.12447737 0.18510248 0.02109246
  vertex 0.10561726 0.19319558 0.0415082
  vertex 0.12447727 0.18214405 0.039133936
 endloop
endfacet
facet normal -0.6711244 0.73157483 0.11996017
 outer loop
  vertex -0.14214413 0.17208423 0.019607449
  vertex -0.15843599 0.1574127 0.017935757
  vertex -0.15843607 0.15489674 0.03327877
 endloop
endfacet
facet normal -0.6711242 0.7315748 0.11996034
 outer loop
  vertex -0.14214413 0.17208423 0.019607449
  vertex -0.15843607 0.15489674 0.03327877
  vertex -0.14214423 0.16933377 0.03638045
 endloop
endfacet
facet normal 0.5952263 0.7929672 0.13003379
 outer loop
  vertex 0.14213859 0.17208853 0.019609863
  vertex 0.12447737 0.18510248 0.02109246
  vertex 0.12447727 0.18214405 0.039133936
 endloop
endfacet
facet normal 0.59522724 0.7929662 0.13003524
 outer loop
  vertex 0.14213859 0.17208853 0.019609863
  vertex 0.12447727 0.18214405 0.039133936
  vertex 0.14213848 0.16933808 0.036382865
 endloop
endfacet
facet normal -0.5952529 0.7929487 0.13002494
 outer loop
  vertex -0.12448335 0.18509871 0.021090358
  vertex -0.14214413 0.17208423 0.019607449
  vertex -0.14214423 0.16933377 0.03638045
 endloop
endfacet
facet normal -0.5952535 0.79294837 0.13002379
 outer loop
  vertex -0.12448335 0.18509871 0.021090358
  vertex -0.14214423 0.16933377 0.03638045
  vertex -0.12448345 0.18214028 0.039131835
 endloop
endfacet
facet normal 0.6711 0.73159516 0.119972005
 outer loop
  vertex 0.15843092 0.15741749 0.017938461
  vertex 0.14213859 0.17208853 0.019609863
  vertex 0.14213848 0.16933808 0.036382865
 endloop
endfacet
facet normal 0.6710996 0.73159564 0.1199714
 outer loop
  vertex 0.15843092 0.15741749 0.017938461
  vertex 0.14213848 0.16933808 0.036382865
  vertex 0.15843083 0.15490153 0.033281475
 endloop
endfacet
facet normal -0.33655056 0.9098443 0.24272841
 outer loop
  vertex -0.06504436 0.2096268 0.04503735
  vertex -0.08574699 0.20238407 0.043481164
  vertex -0.08574708 0.19714771 0.063109025
 endloop
endfacet
facet normal -0.33655185 0.9098442 0.24272692
 outer loop
  vertex -0.06504436 0.2096268 0.04503735
  vertex -0.08574708 0.19714771 0.063109025
  vertex -0.06504445 0.20420308 0.06536761
 endloop
endfacet
facet normal 0.8574479 0.49718112 0.13264234
 outer loop
  vertex 0.19760041 0.10326736 0.02218868
  vertex 0.18629599 0.12170635 0.026149968
  vertex 0.18629593 0.11855751 0.037953094
 endloop
endfacet
facet normal 0.8574478 0.49718142 0.13264202
 outer loop
  vertex 0.19760041 0.10326736 0.02218868
  vertex 0.18629593 0.11855751 0.037953094
  vertex 0.19760036 0.10059559 0.03220353
 endloop
endfacet
facet normal -0.24272037 0.9373147 0.2500559
 outer loop
  vertex -0.043715335 0.21485059 0.046159692
  vertex -0.06504436 0.2096268 0.04503735
  vertex -0.06504445 0.20420308 0.06536761
 endloop
endfacet
facet normal -0.24272013 0.9373147 0.25005618
 outer loop
  vertex -0.043715335 0.21485059 0.046159692
  vertex -0.06504445 0.20420308 0.06536761
  vertex -0.04371543 0.20929173 0.06699654
 endloop
endfacet
facet normal 0.9037836 0.41352597 0.110324584
 outer loop
  vertex 0.20700185 0.08383384 0.01801368
  vertex 0.19760041 0.10326736 0.02218868
  vertex 0.19760036 0.10059559 0.03220353
 endloop
endfacet
facet normal 0.9037838 0.41352522 0.11032555
 outer loop
  vertex 0.20700185 0.08383384 0.01801368
  vertex 0.19760036 0.10059559 0.03220353
  vertex 0.2070018 0.08166488 0.026143808
 endloop
endfacet
facet normal -0.14657207 0.9557727 0.25498083
 outer loop
  vertex -0.021965288 0.21800521 0.046837583
  vertex -0.043715335 0.21485059 0.046159692
  vertex -0.04371543 0.20929173 0.06699654
 endloop
endfacet
facet normal -0.14657262 0.95577276 0.25498024
 outer loop
  vertex -0.021965288 0.21800521 0.046837583
  vertex -0.04371543 0.20929173 0.06699654
  vertex -0.021965383 0.21236475 0.06798034
 endloop
endfacet
facet normal -0.9891533 0.14192443 0.03785565
 outer loop
  vertex -0.21975423 0.04273326 0.00918145
  vertex -0.22298019 0.0214683 0.0046129255
  vertex -0.2229802 0.02091276 0.0066953064
 endloop
endfacet
facet normal -0.9891533 0.14192404 0.03785888
 outer loop
  vertex -0.21975423 0.04273326 0.00918145
  vertex -0.2229802 0.02091276 0.0066953064
  vertex -0.21975425 0.041627537 0.01332616
 endloop
endfacet
facet normal 0.94140863 0.32586956 0.08694088
 outer loop
  vertex 0.21440977 0.06359316 0.013665266
  vertex 0.20700185 0.08383384 0.01801368
  vertex 0.2070018 0.08166488 0.026143808
 endloop
endfacet
facet normal 0.9414086 0.32587004 0.08694018
 outer loop
  vertex 0.21440977 0.06359316 0.013665266
  vertex 0.2070018 0.08166488 0.026143808
  vertex 0.21440974 0.061947893 0.019832386
 endloop
endfacet
facet normal -0.049024127 0.965046 0.2574546
 outer loop
  vertex -3.7023003e-06 0.21906035 0.04706439
  vertex -0.021965288 0.21800521 0.046837583
  vertex -0.021965383 0.21236475 0.06798034
 endloop
endfacet
facet normal -0.049023718 0.96504587 0.25745502
 outer loop
  vertex -3.7023003e-06 0.21906035 0.04706439
  vertex -0.021965383 0.21236475 0.06798034
  vertex -3.7978784e-06 0.21339259 0.06830944
 endloop
endfacet
facet normal -0.9699663 0.23502085 0.06269517
 outer loop
  vertex -0.21441191 0.06358667 0.013661612
  vertex -0.21975423 0.04273326 0.00918145
  vertex -0.21975425 0.041627537 0.01332616
 endloop
endfacet
facet normal -0.96996623 0.23502086 0.06269441
 outer loop
  vertex -0.21441191 0.06358667 0.013661612
  vertex -0.21975425 0.041627537 0.01332616
  vertex -0.21441194 0.061941396 0.01982873
 endloop
endfacet
facet normal 0.9699582 0.23504974 0.062711224
 outer loop
  vertex 0.21975279 0.042739887 0.0091852015
  vertex 0.21440977 0.06359316 0.013665266
  vertex 0.21440974 0.061947893 0.019832386
 endloop
endfacet
facet normal 0.9699582 0.23505023 0.062710285
 outer loop
  vertex 0.21975279 0.042739887 0.0091852015
  vertex 0.21440974 0.061947893 0.019832386
  vertex 0.21975277 0.04163416 0.013329908
 endloop
endfacet
facet normal 0.048991002 0.9650474 0.25745586
 outer loop
  vertex 0.021957895 0.21800587 0.046837956
  vertex -3.7023003e-06 0.21906035 0.04706439
  vertex -3.7978784e-06 0.21339259 0.06830944
 endloop
endfacet
facet normal 0.048990592 0.9650475 0.25745547
 outer loop
  vertex 0.021957895 0.21800587 0.046837956
  vertex -3.7978784e-06 0.21339259 0.06830944
  vertex 0.0219578 0.2123654 0.067980714
 endloop
endfacet
facet normal -0.94142014 0.32584128 0.08692376
 outer loop
  vertex -0.20700468 0.083827585 0.018010154
  vertex -0.21441191 0.06358667 0.013661612
  vertex -0.21441194 0.061941396 0.01982873
 endloop
endfacet
facet normal -0.9414202 0.32584122 0.08692294
 outer loop
  vertex -0.20700468 0.083827585 0.018010154
  vertex -0.21441194 0.061941396 0.01982873
  vertex -0.20700473 0.081658624 0.026140282
 endloop
endfacet
facet normal 0.9891484 0.14195448 0.037874207
 outer loop
  vertex 0.22297947 0.021475038 0.0046167327
  vertex 0.21975279 0.042739887 0.0091852015
  vertex 0.21975277 0.04163416 0.013329908
 endloop
endfacet
facet normal 0.98914844 0.14195316 0.037877373
 outer loop
  vertex 0.22297947 0.021475038 0.0046167327
  vertex 0.21975277 0.04163416 0.013329908
  vertex 0.22297946 0.0209195 0.006699114
 endloop
endfacet
facet normal 0.14653887 0.9557773 0.2549828
 outer loop
  vertex 0.043708052 0.2148519 0.046160437
  vertex 0.021957895 0.21800587 0.046837956
  vertex 0.0219578 0.2123654 0.067980714
 endloop
endfacet
facet normal 0.14653942 0.955777 0.2549833
 outer loop
  vertex 0.043708052 0.2148519 0.046160437
  vertex 0.0219578 0.2123654 0.067980714
  vertex 0.04370796 0.20929304 0.06699728
 endloop
endfacet
facet normal -0.9037977 0.41349947 0.110308684
 outer loop
  vertex -0.19760391 0.10326132 0.022185294
  vertex -0.20700468 0.083827585 0.018010154
  vertex -0.20700473 0.081658624 0.026140282
 endloop
endfacet
facet normal -0.9037975 0.4134995 0.11030941
 outer loop
  vertex -0.19760391 0.10326132 0.022185294
  vertex -0.20700473 0.081658624 0.026140282
  vertex -0.19760396 0.10058956 0.032200143
 endloop
endfacet
facet normal 0.24268727 0.9373221 0.25006032
 outer loop
  vertex 0.06503727 0.20962876 0.045038447
  vertex 0.043708052 0.2148519 0.046160437
  vertex 0.04370796 0.20929304 0.06699728
 endloop
endfacet
facet normal 0.24268699 0.9373222 0.25006005
 outer loop
  vertex 0.06503727 0.20962876 0.045038447
  vertex 0.04370796 0.20929304 0.06699728
  vertex 0.06503718 0.20420505 0.065368704
 endloop
endfacet
facet normal -0.85746545 0.497155 0.13262728
 outer loop
  vertex -0.18630008 0.12170072 0.02614679
  vertex -0.19760391 0.10326132 0.022185294
  vertex -0.19760396 0.10058956 0.032200143
 endloop
endfacet
facet normal -0.8574655 0.49715495 0.13262676
 outer loop
  vertex -0.18630008 0.12170072 0.02614679
  vertex -0.19760396 0.10058956 0.032200143
  vertex -0.18630014 0.11855188 0.037949912
 endloop
endfacet
facet normal 0.33651742 0.9098554 0.24273285
 outer loop
  vertex 0.08574013 0.20238669 0.04348268
  vertex 0.06503727 0.20962876 0.045038447
  vertex 0.06503718 0.20420505 0.065368704
 endloop
endfacet
facet normal 0.33651814 0.9098549 0.24273355
 outer loop
  vertex 0.08574013 0.20238669 0.04348268
  vertex 0.06503718 0.20420505 0.065368704
  vertex 0.08574004 0.19715035 0.063110545
 endloop
endfacet
facet normal -0.8028733 0.57600546 0.15366279
 outer loop
  vertex -0.17320211 0.13896784 0.02985656
  vertex -0.18630008 0.12170072 0.02614679
  vertex -0.18630014 0.11855188 0.037949912
 endloop
endfacet
facet normal -0.8028731 0.57600564 0.15366344
 outer loop
  vertex -0.17320211 0.13896784 0.02985656
  vertex -0.18630014 0.11855188 0.037949912
  vertex -0.17320217 0.13537225 0.04333428
 endloop
endfacet
facet normal 0.42711958 0.8736395 0.23307241
 outer loop
  vertex 0.10561726 0.19319558 0.0415082
  vertex 0.08574013 0.20238669 0.04348268
  vertex 0.08574004 0.19715035 0.063110545
 endloop
endfacet
facet normal 0.42711923 0.8736399 0.23307206
 outer loop
  vertex 0.10561726 0.19319558 0.0415082
  vertex 0.08574004 0.19715035 0.063110545
  vertex 0.10561717 0.18819706 0.06024466
 endloop
endfacet
facet normal -0.74055976 0.6492832 0.17321272
 outer loop
  vertex -0.15843607 0.15489674 0.03327877
  vertex -0.17320211 0.13896784 0.02985656
  vertex -0.17320217 0.13537225 0.04333428
 endloop
endfacet
facet normal -0.74055976 0.6492832 0.1732128
 outer loop
  vertex -0.15843607 0.15489674 0.03327877
  vertex -0.17320217 0.13537225 0.04333428
  vertex -0.15843615 0.15088901 0.048301302
 endloop
endfacet
facet normal 0.5136283 0.8290179 0.22116816
 outer loop
  vertex 0.12447727 0.18214405 0.039133936
  vertex 0.10561726 0.19319558 0.0415082
  vertex 0.10561717 0.18819706 0.06024466
 endloop
endfacet
facet normal 0.5136284 0.82901776 0.2211683
 outer loop
  vertex 0.12447727 0.18214405 0.039133936
  vertex 0.10561717 0.18819706 0.06024466
  vertex 0.124477185 0.17743146 0.056798566
 endloop
endfacet
facet normal -0.6711245 0.7162935 0.19109021
 outer loop
  vertex -0.14214423 0.16933377 0.03638045
  vertex -0.15843607 0.15489674 0.03327877
  vertex -0.15843615 0.15088901 0.048301302
 endloop
endfacet
facet normal -0.67112494 0.7162933 0.19108932
 outer loop
  vertex -0.14214423 0.16933377 0.03638045
  vertex -0.15843615 0.15088901 0.048301302
  vertex -0.14214431 0.16495255 0.052803095
 endloop
endfacet
facet normal 0.5952267 0.7764029 0.20713204
 outer loop
  vertex 0.14213848 0.16933808 0.036382865
  vertex 0.12447727 0.18214405 0.039133936
  vertex 0.124477185 0.17743146 0.056798566
 endloop
endfacet
facet normal 0.5952265 0.77640307 0.20713182
 outer loop
  vertex 0.14213848 0.16933808 0.036382865
  vertex 0.124477185 0.17743146 0.056798566
  vertex 0.1421384 0.16495684 0.05280551
 endloop
endfacet
facet normal -0.5952538 0.77638507 0.20712091
 outer loop
  vertex -0.12448345 0.18214028 0.039131835
  vertex -0.14214423 0.16933377 0.03638045
  vertex -0.14214431 0.16495255 0.052803095
 endloop
endfacet
facet normal -0.59525335 0.77638525 0.20712179
 outer loop
  vertex -0.12448345 0.18214028 0.039131835
  vertex -0.14214431 0.16495255 0.052803095
  vertex -0.12448353 0.1774277 0.05679647
 endloop
endfacet
facet normal 0.6710992 0.7163142 0.19110163
 outer loop
  vertex 0.15843083 0.15490153 0.033281475
  vertex 0.14213848 0.16933808 0.036382865
  vertex 0.1421384 0.16495684 0.05280551
 endloop
endfacet
facet normal 0.67109954 0.71631366 0.19110222
 outer loop
  vertex 0.15843083 0.15490153 0.033281475
  vertex 0.1421384 0.16495684 0.05280551
  vertex 0.15843076 0.1508938 0.048304006
 endloop
endfacet
facet normal -0.51365644 0.82900274 0.22115947
 outer loop
  vertex -0.105623834 0.19319236 0.041506384
  vertex -0.12448345 0.18214028 0.039131835
  vertex -0.12448353 0.1774277 0.05679647
 endloop
endfacet
facet normal -0.5136567 0.8290027 0.2211592
 outer loop
  vertex -0.105623834 0.19319236 0.041506384
  vertex -0.12448353 0.1774277 0.05679647
  vertex -0.10562392 0.18819384 0.060242847
 endloop
endfacet
facet normal 0.7405373 0.6493053 0.17322603
 outer loop
  vertex 0.1731974 0.13897309 0.029859515
  vertex 0.15843083 0.15490153 0.033281475
  vertex 0.15843076 0.1508938 0.048304006
 endloop
endfacet
facet normal 0.7405368 0.6493059 0.17322528
 outer loop
  vertex 0.1731974 0.13897309 0.029859515
  vertex 0.15843076 0.1508938 0.048304006
  vertex 0.17319734 0.1353775 0.043337237
 endloop
endfacet
facet normal -0.4271491 0.8736273 0.23306455
 outer loop
  vertex -0.08574699 0.20238407 0.043481164
  vertex -0.105623834 0.19319236 0.041506384
  vertex -0.10562392 0.18819384 0.060242847
 endloop
endfacet
facet normal -0.42714798 0.87362736 0.233066
 outer loop
  vertex -0.08574699 0.20238407 0.043481164
  vertex -0.10562392 0.18819384 0.060242847
  vertex -0.08574708 0.19714771 0.063109025
 endloop
endfacet
facet normal 0.8028528 0.5760302 0.15367705
 outer loop
  vertex 0.18629599 0.12170635 0.026149968
  vertex 0.1731974 0.13897309 0.029859515
  vertex 0.17319734 0.1353775 0.043337237
 endloop
endfacet
facet normal 0.8028529 0.5760299 0.15367736
 outer loop
  vertex 0.18629599 0.12170635 0.026149968
  vertex 0.17319734 0.1353775 0.043337237
  vertex 0.18629593 0.11855751 0.037953094
 endloop
endfacet
facet normal -0.14657314 0.92617786 0.34743476
 outer loop
  vertex -0.021965383 0.21236475 0.06798034
  vertex -0.04371543 0.20929173 0.06699654
  vertex -0.04371549 0.20171727 0.08718819
 endloop
endfacet
facet normal -0.14657266 0.92617774 0.3474352
 outer loop
  vertex -0.021965383 0.21236475 0.06798034
  vertex -0.04371549 0.20171727 0.08718819
  vertex -0.021965442 0.20467909 0.08846842
 endloop
endfacet
facet normal -0.9891533 0.13752843 0.051590774
 outer loop
  vertex -0.21975425 0.041627537 0.01332616
  vertex -0.2229802 0.02091276 0.0066953064
  vertex -0.2229802 0.02015579 0.008713208
 endloop
endfacet
facet normal -0.9891534 0.13752918 0.05158737
 outer loop
  vertex -0.21975425 0.041627537 0.01332616
  vertex -0.2229802 0.02015579 0.008713208
  vertex -0.21975426 0.040120885 0.01734253
 endloop
endfacet
facet normal 0.94140846 0.31578034 0.1184604
 outer loop
  vertex 0.21440974 0.061947893 0.019832386
  vertex 0.2070018 0.08166488 0.026143808
  vertex 0.20700179 0.07870947 0.034022186
 endloop
endfacet
facet normal 0.94140846 0.31578016 0.11846068
 outer loop
  vertex 0.21440974 0.061947893 0.019832386
  vertex 0.20700179 0.07870947 0.034022186
  vertex 0.21440972 0.059706062 0.025808545
 endloop
endfacet
facet normal -0.04902409 0.93516386 0.3508065
 outer loop
  vertex -3.7978784e-06 0.21339259 0.06830944
  vertex -0.021965383 0.21236475 0.06798034
  vertex -0.021965442 0.20467909 0.08846842
 endloop
endfacet
facet normal -0.049023915 0.9351638 0.35080662
 outer loop
  vertex -3.7978784e-06 0.21339259 0.06830944
  vertex -0.021965442 0.20467909 0.08846842
  vertex -3.8567878e-06 0.20566973 0.088896655
 endloop
endfacet
facet normal -0.9699664 0.22774334 0.08542929
 outer loop
  vertex -0.21441194 0.061941396 0.01982873
  vertex -0.21975425 0.041627537 0.01332616
  vertex -0.21975426 0.040120885 0.01734253
 endloop
endfacet
facet normal -0.96996635 0.22774318 0.08543077
 outer loop
  vertex -0.21441194 0.061941396 0.01982873
  vertex -0.21975426 0.040120885 0.01734253
  vertex -0.21441196 0.059699565 0.025804883
 endloop
endfacet
facet normal 0.9699581 0.22777234 0.085446455
 outer loop
  vertex 0.21975277 0.04163416 0.013329908
  vertex 0.21440974 0.061947893 0.019832386
  vertex 0.21440972 0.059706062 0.025808545
 endloop
endfacet
facet normal 0.96995807 0.22777168 0.08544743
 outer loop
  vertex 0.21975277 0.04163416 0.013329908
  vertex 0.21440972 0.059706062 0.025808545
  vertex 0.21975276 0.040127505 0.017346274
 endloop
endfacet
facet normal 0.048990272 0.9351653 0.3508075
 outer loop
  vertex 0.0219578 0.2123654 0.067980714
  vertex -3.7978784e-06 0.21339259 0.06830944
  vertex -3.8567878e-06 0.20566973 0.088896655
 endloop
endfacet
facet normal 0.048990097 0.9351653 0.35080728
 outer loop
  vertex 0.0219578 0.2123654 0.067980714
  vertex -3.8567878e-06 0.20566973 0.088896655
  vertex 0.02195774 0.20467974 0.08846879
 endloop
endfacet
facet normal -0.9414202 0.31575093 0.11844512
 outer loop
  vertex -0.20700473 0.081658624 0.026140282
  vertex -0.21441194 0.061941396 0.01982873
  vertex -0.21441196 0.059699565 0.025804883
 endloop
endfacet
facet normal -0.94142014 0.31575084 0.11844575
 outer loop
  vertex -0.20700473 0.081658624 0.026140282
  vertex -0.21441196 0.059699565 0.025804883
  vertex -0.20700474 0.07870321 0.03401866
 endloop
endfacet
facet normal 0.9891484 0.13755858 0.051605925
 outer loop
  vertex 0.22297946 0.0209195 0.006699114
  vertex 0.21975277 0.04163416 0.013329908
  vertex 0.21975276 0.040127505 0.017346274
 endloop
endfacet
facet normal 0.98914826 0.13756034 0.051602736
 outer loop
  vertex 0.22297946 0.0209195 0.006699114
  vertex 0.21975276 0.040127505 0.017346274
  vertex 0.22297946 0.020162528 0.008717014
 endloop
endfacet
facet normal 0.14653923 0.9261821 0.34743774
 outer loop
  vertex 0.04370796 0.20929304 0.06699728
  vertex 0.0219578 0.2123654 0.067980714
  vertex 0.02195774 0.20467974 0.08846879
 endloop
endfacet
facet normal 0.14653876 0.9261823 0.34743732
 outer loop
  vertex 0.04370796 0.20929304 0.06699728
  vertex 0.02195774 0.20467974 0.08846879
  vertex 0.0437079 0.20171858 0.08718894
 endloop
endfacet
facet normal -0.9037977 0.40069497 0.15031089
 outer loop
  vertex -0.19760396 0.10058956 0.032200143
  vertex -0.20700473 0.081658624 0.026140282
  vertex -0.20700474 0.07870321 0.03401866
 endloop
endfacet
facet normal -0.9037979 0.400695 0.1503093
 outer loop
  vertex -0.19760396 0.10058956 0.032200143
  vertex -0.20700474 0.07870321 0.03401866
  vertex -0.19760399 0.09694903 0.041904885
 endloop
endfacet
facet normal 0.2426866 0.90829897 0.34072906
 outer loop
  vertex 0.06503718 0.20420505 0.065368704
  vertex 0.04370796 0.20929304 0.06699728
  vertex 0.0437079 0.20171858 0.08718894
 endloop
endfacet
facet normal 0.24268684 0.9082988 0.34072927
 outer loop
  vertex 0.06503718 0.20420505 0.065368704
  vertex 0.0437079 0.20171858 0.08718894
  vertex 0.065037124 0.19681475 0.08506945
 endloop
endfacet
facet normal -0.8574657 0.48176044 0.1807194
 outer loop
  vertex -0.18630014 0.11855188 0.037949912
  vertex -0.19760396 0.10058956 0.032200143
  vertex -0.19760399 0.09694903 0.041904885
 endloop
endfacet
facet normal -0.8574656 0.4817604 0.18071939
 outer loop
  vertex -0.18630014 0.11855188 0.037949912
  vertex -0.19760399 0.09694903 0.041904885
  vertex -0.18630017 0.1142613 0.04938757
 endloop
endfacet
facet normal 0.33651784 0.88168216 0.33074492
 outer loop
  vertex 0.08574004 0.19715035 0.063110545
  vertex 0.06503718 0.20420505 0.065368704
  vertex 0.065037124 0.19681475 0.08506945
 endloop
endfacet
facet normal 0.3365174 0.8816825 0.3307445
 outer loop
  vertex 0.08574004 0.19715035 0.063110545
  vertex 0.065037124 0.19681475 0.08506945
  vertex 0.085739985 0.19001538 0.08213066
 endloop
endfacet
facet normal -0.8028734 0.5581695 0.20938268
 outer loop
  vertex -0.17320217 0.13537225 0.04333428
  vertex -0.18630014 0.11855188 0.037949912
  vertex -0.18630017 0.1142613 0.04938757
 endloop
endfacet
facet normal -0.8028733 0.5581696 0.20938306
 outer loop
  vertex -0.17320217 0.13537225 0.04333428
  vertex -0.18630017 0.1142613 0.04938757
  vertex -0.17320222 0.13047291 0.056394678
 endloop
endfacet
facet normal 0.4271189 0.8465887 0.31758007
 outer loop
  vertex 0.10561717 0.18819706 0.06024466
  vertex 0.08574004 0.19715035 0.063110545
  vertex 0.085739985 0.19001538 0.08213066
 endloop
endfacet
facet normal 0.42711943 0.8465881 0.31758064
 outer loop
  vertex 0.10561717 0.18819706 0.06024466
  vertex 0.085739985 0.19001538 0.08213066
  vertex 0.10561712 0.18138611 0.07840096
 endloop
endfacet
facet normal -0.74055994 0.62917817 0.23602062
 outer loop
  vertex -0.15843615 0.15088901 0.048301302
  vertex -0.17320217 0.13537225 0.04333428
  vertex -0.17320222 0.13047291 0.056394678
 endloop
endfacet
facet normal -0.74055994 0.62917817 0.23602068
 outer loop
  vertex -0.15843615 0.15088901 0.048301302
  vertex -0.17320222 0.13047291 0.056394678
  vertex -0.15843618 0.14542814 0.06285867
 endloop
endfacet
facet normal 0.5136283 0.80334795 0.3013603
 outer loop
  vertex 0.124477185 0.17743146 0.056798566
  vertex 0.10561717 0.18819706 0.06024466
  vertex 0.10561712 0.18138611 0.07840096
 endloop
endfacet
facet normal 0.51362795 0.80334836 0.3013599
 outer loop
  vertex 0.124477185 0.17743146 0.056798566
  vertex 0.10561712 0.18138611 0.07840096
  vertex 0.12447714 0.17101015 0.07391622
 endloop
endfacet
facet normal -0.67112523 0.6941134 0.26037982
 outer loop
  vertex -0.14214431 0.16495255 0.052803095
  vertex -0.15843615 0.15088901 0.048301302
  vertex -0.15843618 0.14542814 0.06285867
 endloop
endfacet
facet normal -0.67112494 0.6941135 0.2603803
 outer loop
  vertex -0.14214431 0.16495255 0.052803095
  vertex -0.15843618 0.14542814 0.06285867
  vertex -0.14214435 0.1589827 0.06871722
 endloop
endfacet
facet normal 0.5952262 0.75236285 0.282234
 outer loop
  vertex 0.1421384 0.16495684 0.05280551
  vertex 0.124477185 0.17743146 0.056798566
  vertex 0.12447714 0.17101015 0.07391622
 endloop
endfacet
facet normal 0.5952262 0.7523627 0.28223407
 outer loop
  vertex 0.1421384 0.16495684 0.05280551
  vertex 0.12447714 0.17101015 0.07391622
  vertex 0.14213836 0.158987 0.06871964
 endloop
endfacet
facet normal -0.5952535 0.7523446 0.28222474
 outer loop
  vertex -0.12448353 0.1774277 0.05679647
  vertex -0.14214431 0.16495255 0.052803095
  vertex -0.14214435 0.1589827 0.06871722
 endloop
endfacet
facet normal -0.59525394 0.75234455 0.28222406
 outer loop
  vertex -0.12448353 0.1774277 0.05679647
  vertex -0.14214435 0.1589827 0.06871722
  vertex -0.12448358 0.17100638 0.07391412
 endloop
endfacet
facet normal 0.6710992 0.6941342 0.26039112
 outer loop
  vertex 0.15843076 0.1508938 0.048304006
  vertex 0.1421384 0.16495684 0.05280551
  vertex 0.14213836 0.158987 0.06871964
 endloop
endfacet
facet normal 0.6710989 0.69413465 0.2603907
 outer loop
  vertex 0.15843076 0.1508938 0.048304006
  vertex 0.14213836 0.158987 0.06871964
  vertex 0.15843073 0.14543293 0.06286137
 endloop
endfacet
facet normal -0.5136571 0.80333287 0.30135146
 outer loop
  vertex -0.10562392 0.18819384 0.060242847
  vertex -0.12448353 0.1774277 0.05679647
  vertex -0.12448358 0.17100638 0.07391412
 endloop
endfacet
facet normal -0.51365644 0.80333287 0.3013524
 outer loop
  vertex -0.10562392 0.18819384 0.060242847
  vertex -0.12448358 0.17100638 0.07391412
  vertex -0.105623975 0.18138288 0.078399144
 endloop
endfacet
facet normal 0.74053663 0.6292012 0.23603247
 outer loop
  vertex 0.17319734 0.1353775 0.043337237
  vertex 0.15843076 0.1508938 0.048304006
  vertex 0.15843073 0.14543293 0.06286137
 endloop
endfacet
facet normal 0.7405374 0.62919974 0.23603378
 outer loop
  vertex 0.17319734 0.1353775 0.043337237
  vertex 0.15843073 0.14543293 0.06286137
  vertex 0.1731973 0.13047816 0.056397635
 endloop
endfacet
facet normal -0.4271481 0.84657604 0.31757444
 outer loop
  vertex -0.08574708 0.19714771 0.063109025
  vertex -0.10562392 0.18819384 0.060242847
  vertex -0.105623975 0.18138288 0.078399144
 endloop
endfacet
facet normal -0.42714942 0.84657604 0.31757265
 outer loop
  vertex -0.08574708 0.19714771 0.063109025
  vertex -0.105623975 0.18138288 0.078399144
  vertex -0.08574713 0.19001275 0.08212912
 endloop
endfacet
facet normal 0.8028528 0.55819356 0.20939751
 outer loop
  vertex 0.18629593 0.11855751 0.037953094
  vertex 0.17319734 0.1353775 0.043337237
  vertex 0.1731973 0.13047816 0.056397635
 endloop
endfacet
facet normal 0.8028522 0.55819476 0.20939636
 outer loop
  vertex 0.18629593 0.11855751 0.037953094
  vertex 0.1731973 0.13047816 0.056397635
  vertex 0.1862959 0.11426693 0.049390752
 endloop
endfacet
facet normal -0.33655244 0.88167155 0.33073822
 outer loop
  vertex -0.06504445 0.20420308 0.06536761
  vertex -0.08574708 0.19714771 0.063109025
  vertex -0.08574713 0.19001275 0.08212912
 endloop
endfacet
facet normal -0.33655193 0.8816715 0.33073884
 outer loop
  vertex -0.06504445 0.20420308 0.06536761
  vertex -0.08574713 0.19001275 0.08212912
  vertex -0.06504451 0.19681278 0.08506835
 endloop
endfacet
facet normal 0.8574476 0.48178715 0.18073387
 outer loop
  vertex 0.19760036 0.10059559 0.03220353
  vertex 0.18629593 0.11855751 0.037953094
  vertex 0.1862959 0.11426693 0.049390752
 endloop
endfacet
facet normal 0.8574478 0.48178658 0.18073443
 outer loop
  vertex 0.19760036 0.10059559 0.03220353
  vertex 0.1862959 0.11426693 0.049390752
  vertex 0.19760033 0.09695507 0.041908275
 endloop
endfacet
facet normal -0.24272035 0.90829146 0.34072503
 outer loop
  vertex -0.04371543 0.20929173 0.06699654
  vertex -0.06504445 0.20420308 0.06536761
  vertex -0.06504451 0.19681278 0.08506835
 endloop
endfacet
facet normal -0.24272056 0.90829146 0.3407248
 outer loop
  vertex -0.04371543 0.20929173 0.06699654
  vertex -0.06504451 0.19681278 0.08506835
  vertex -0.04371549 0.20171727 0.08718819
 endloop
endfacet
facet normal 0.9037836 0.40072143 0.15032473
 outer loop
  vertex 0.2070018 0.08166488 0.026143808
  vertex 0.19760036 0.10059559 0.03220353
  vertex 0.19760033 0.09695507 0.041908275
 endloop
endfacet
facet normal 0.9037835 0.4007218 0.15032439
 outer loop
  vertex 0.2070018 0.08166488 0.026143808
  vertex 0.19760033 0.09695507 0.041908275
  vertex 0.20700179 0.07870947 0.034022186
 endloop
endfacet
facet normal 0.04898999 0.89627934 0.44077578
 outer loop
  vertex 0.02195774 0.20467974 0.08846879
  vertex -3.8567878e-06 0.20566973 0.088896655
  vertex -3.878463e-06 0.19596629 0.10862777
 endloop
endfacet
facet normal 0.048991583 0.89627856 0.44077718
 outer loop
  vertex 0.02195774 0.20467974 0.08846879
  vertex -3.878463e-06 0.19596629 0.10862777
  vertex 0.02195772 0.19502299 0.10810489
 endloop
endfacet
facet normal -0.9414202 0.30262074 0.14882402
 outer loop
  vertex -0.20700474 0.07870321 0.03401866
  vertex -0.21441196 0.059699565 0.025804883
  vertex -0.21441197 0.05688277 0.0315325
 endloop
endfacet
facet normal -0.9414208 0.3026215 0.14881928
 outer loop
  vertex -0.20700474 0.07870321 0.03401866
  vertex -0.21441197 0.05688277 0.0315325
  vertex -0.20700476 0.07498993 0.04156946
 endloop
endfacet
facet normal 0.98914826 0.13183995 0.06483762
 outer loop
  vertex 0.22297946 0.020162528 0.008717014
  vertex 0.21975276 0.040127505 0.017346274
  vertex 0.21975276 0.03823443 0.021195624
 endloop
endfacet
facet normal 0.9891484 0.1318362 0.06484315
 outer loop
  vertex 0.22297946 0.020162528 0.008717014
  vertex 0.21975276 0.03823443 0.021195624
  vertex 0.22297944 0.019211417 0.010651001
 endloop
endfacet
facet normal 0.1465387 0.8876691 0.4365433
 outer loop
  vertex 0.0437079 0.20171858 0.08718894
  vertex 0.02195774 0.20467974 0.08846879
  vertex 0.02195772 0.19502299 0.10810489
 endloop
endfacet
facet normal 0.14654106 0.8876677 0.43654522
 outer loop
  vertex 0.0437079 0.20171858 0.08718894
  vertex 0.02195772 0.19502299 0.10810489
  vertex 0.043707877 0.1922015 0.10654092
 endloop
endfacet
facet normal -0.90379804 0.3840344 0.18885602
 outer loop
  vertex -0.19760399 0.09694903 0.041904885
  vertex -0.20700474 0.07870321 0.03401866
  vertex -0.20700476 0.07498993 0.04156946
 endloop
endfacet
facet normal -0.903797 0.38403386 0.18886256
 outer loop
  vertex -0.19760399 0.09694903 0.041904885
  vertex -0.20700476 0.07498993 0.04156946
  vertex -0.197604 0.09237481 0.05120606
 endloop
endfacet
facet normal 0.24268664 0.8705283 0.4281164
 outer loop
  vertex 0.065037124 0.19681475 0.08506945
  vertex 0.0437079 0.20171858 0.08718894
  vertex 0.043707877 0.1922015 0.10654092
 endloop
endfacet
facet normal 0.24268745 0.87052774 0.42811707
 outer loop
  vertex 0.065037124 0.19681475 0.08506945
  vertex 0.043707877 0.1922015 0.10654092
  vertex 0.06503711 0.18752901 0.10395095
 endloop
endfacet
facet normal -0.8574657 0.46172637 0.22707103
 outer loop
  vertex -0.18630017 0.1142613 0.04938757
  vertex -0.19760399 0.09694903 0.041904885
  vertex -0.197604 0.09237481 0.05120606
 endloop
endfacet
facet normal -0.85746574 0.46172643 0.22707097
 outer loop
  vertex -0.18630017 0.1142613 0.04938757
  vertex -0.197604 0.09237481 0.05120606
  vertex -0.18630019 0.10887029 0.0603496
 endloop
endfacet
facet normal 0.33651724 0.84501845 0.41557193
 outer loop
  vertex 0.085739985 0.19001538 0.08213066
  vertex 0.065037124 0.19681475 0.08506945
  vertex 0.06503711 0.18752901 0.10395095
 endloop
endfacet
facet normal 0.33651385 0.84502125 0.415569
 outer loop
  vertex 0.085739985 0.19001538 0.08213066
  vertex 0.06503711 0.18752901 0.10395095
  vertex 0.08573996 0.18105054 0.10035985
 endloop
endfacet
facet normal -0.8028735 0.53495806 0.2630856
 outer loop
  vertex -0.17320222 0.13047291 0.056394678
  vertex -0.18630017 0.1142613 0.04938757
  vertex -0.18630019 0.10887029 0.0603496
 endloop
endfacet
facet normal -0.8028738 0.534958 0.26308462
 outer loop
  vertex -0.17320222 0.13047291 0.056394678
  vertex -0.18630019 0.10887029 0.0603496
  vertex -0.17320223 0.12431708 0.06891195
 endloop
endfacet
facet normal 0.42711937 0.81138533 0.39902747
 outer loop
  vertex 0.10561712 0.18138611 0.07840096
  vertex 0.085739985 0.19001538 0.08213066
  vertex 0.08573996 0.18105054 0.10035985
 endloop
endfacet
facet normal 0.42712247 0.81138235 0.3990302
 outer loop
  vertex 0.10561712 0.18138611 0.07840096
  vertex 0.08573996 0.18105054 0.10035985
  vertex 0.105617106 0.17282833 0.09580225
 endloop
endfacet
facet normal -0.7405601 0.60301447 0.29655394
 outer loop
  vertex -0.15843618 0.14542814 0.06285867
  vertex -0.17320222 0.13047291 0.056394678
  vertex -0.17320223 0.12431708 0.06891195
 endloop
endfacet
facet normal -0.7405596 0.6030145 0.29655543
 outer loop
  vertex -0.15843618 0.14542814 0.06285867
  vertex -0.17320223 0.12431708 0.06891195
  vertex -0.15843621 0.13856669 0.076810636
 endloop
endfacet
facet normal 0.513628 0.76994175 0.37865025
 outer loop
  vertex 0.12447714 0.17101015 0.07391622
  vertex 0.10561712 0.18138611 0.07840096
  vertex 0.105617106 0.17282833 0.09580225
 endloop
endfacet
facet normal 0.5136278 0.769942 0.37865
 outer loop
  vertex 0.12447714 0.17101015 0.07391622
  vertex 0.105617106 0.17282833 0.09580225
  vertex 0.12447712 0.16294193 0.09032206
 endloop
endfacet
facet normal -0.67112494 0.6652491 0.32716197
 outer loop
  vertex -0.14214435 0.1589827 0.06871722
  vertex -0.15843618 0.14542814 0.06285867
  vertex -0.15843621 0.13856669 0.076810636
 endloop
endfacet
facet normal -0.67112744 0.66524905 0.32715702
 outer loop
  vertex -0.14214435 0.1589827 0.06871722
  vertex -0.15843621 0.13856669 0.076810636
  vertex -0.14214437 0.15148184 0.083969615
 endloop
endfacet
facet normal 0.595226 0.7210767 0.3546186
 outer loop
  vertex 0.14213836 0.158987 0.06871964
  vertex 0.12447714 0.17101015 0.07391622
  vertex 0.12447712 0.16294193 0.09032206
 endloop
endfacet
facet normal 0.5952258 0.7210769 0.3546185
 outer loop
  vertex 0.14213836 0.158987 0.06871964
  vertex 0.12447712 0.16294193 0.09032206
  vertex 0.14213835 0.15148605 0.083972
 endloop
endfacet
facet normal -0.5952541 0.7210606 0.35460418
 outer loop
  vertex -0.12448358 0.17100638 0.07391412
  vertex -0.14214435 0.1589827 0.06871722
  vertex -0.14214437 0.15148184 0.083969615
 endloop
endfacet
facet normal -0.59525114 0.7210605 0.3546094
 outer loop
  vertex -0.12448358 0.17100638 0.07391412
  vertex -0.14214437 0.15148184 0.083969615
  vertex -0.1244836 0.16293816 0.09031995
 endloop
endfacet
facet normal 0.6710987 0.66527 0.3271733
 outer loop
  vertex 0.15843073 0.14543293 0.06286137
  vertex 0.14213836 0.158987 0.06871964
  vertex 0.14213835 0.15148605 0.083972
 endloop
endfacet
facet normal 0.6710991 0.6652694 0.32717374
 outer loop
  vertex 0.15843073 0.14543293 0.06286137
  vertex 0.14213835 0.15148605 0.083972
  vertex 0.1584307 0.13857149 0.07681338
 endloop
endfacet
facet normal -0.51365674 0.76992685 0.3786415
 outer loop
  vertex -0.105623975 0.18138288 0.078399144
  vertex -0.12448358 0.17100638 0.07391412
  vertex -0.1244836 0.16293816 0.09031995
 endloop
endfacet
facet normal -0.51366067 0.76992714 0.37863556
 outer loop
  vertex -0.105623975 0.18138288 0.078399144
  vertex -0.1244836 0.16293816 0.09031995
  vertex -0.10562399 0.17282523 0.09580046
 endloop
endfacet
facet normal 0.7405373 0.6030356 0.296568
 outer loop
  vertex 0.1731973 0.13047816 0.056397635
  vertex 0.15843073 0.14543293 0.06286137
  vertex 0.1584307 0.13857149 0.07681338
 endloop
endfacet
facet normal 0.7405368 0.60303646 0.2965674
 outer loop
  vertex 0.1731973 0.13047816 0.056397635
  vertex 0.1584307 0.13857149 0.07681338
  vertex 0.17319728 0.12432231 0.0689149
 endloop
endfacet
facet normal -0.42714947 0.81137395 0.39901844
 outer loop
  vertex -0.08574713 0.19001275 0.08212912
  vertex -0.105623975 0.18138288 0.078399144
  vertex -0.10562399 0.17282523 0.09580046
 endloop
endfacet
facet normal -0.4271444 0.81137335 0.399025
 outer loop
  vertex -0.08574713 0.19001275 0.08212912
  vertex -0.10562399 0.17282523 0.09580046
  vertex -0.08574715 0.18104783 0.100358285
 endloop
endfacet
facet normal 0.8028523 0.53498304 0.26309958
 outer loop
  vertex 0.1862959 0.11426693 0.049390752
  vertex 0.1731973 0.13047816 0.056397635
  vertex 0.17319728 0.12432231 0.0689149
 endloop
endfacet
facet normal 0.80285245 0.5349826 0.26309985
 outer loop
  vertex 0.1862959 0.11426693 0.049390752
  vertex 0.17319728 0.12432231 0.0689149
  vertex 0.18629588 0.10887592 0.06035278
 endloop
endfacet
facet normal -0.33655235 0.8450073 0.415566
 outer loop
  vertex -0.06504451 0.19681278 0.08506835
  vertex -0.08574713 0.19001275 0.08212912
  vertex -0.08574715 0.18104783 0.100358285
 endloop
endfacet
facet normal -0.33655244 0.8450073 0.4155659
 outer loop
  vertex -0.06504451 0.19681278 0.08506835
  vertex -0.08574715 0.18104783 0.100358285
  vertex -0.06504452 0.18752706 0.10394982
 endloop
endfacet
facet normal 0.8574476 0.46175247 0.22708616
 outer loop
  vertex 0.19760033 0.09695507 0.041908275
  vertex 0.1862959 0.11426693 0.049390752
  vertex 0.18629588 0.10887592 0.06035278
 endloop
endfacet
facet normal 0.8574478 0.46175203 0.22708654
 outer loop
  vertex 0.19760033 0.09695507 0.041908275
  vertex 0.18629588 0.10887592 0.06035278
  vertex 0.19760032 0.09238084 0.051209457
 endloop
endfacet
facet normal -0.24272065 0.87052053 0.4281131
 outer loop
  vertex -0.04371549 0.20171727 0.08718819
  vertex -0.06504451 0.19681278 0.08506835
  vertex -0.06504452 0.18752706 0.10394982
 endloop
endfacet
facet normal -0.24272156 0.8705207 0.4281121
 outer loop
  vertex -0.04371549 0.20171727 0.08718819
  vertex -0.06504452 0.18752706 0.10394982
  vertex -0.04371551 0.19220018 0.10654017
 endloop
endfacet
facet normal 0.90378344 0.3840583 0.18887763
 outer loop
  vertex 0.20700179 0.07870947 0.034022186
  vertex 0.19760033 0.09695507 0.041908275
  vertex 0.19760032 0.09238084 0.051209457
 endloop
endfacet
facet normal 0.9037823 0.3840629 0.1888733
 outer loop
  vertex 0.20700179 0.07870947 0.034022186
  vertex 0.19760032 0.09238084 0.051209457
  vertex 0.20700178 0.07499619 0.041572995
 endloop
endfacet
facet normal -0.14657295 0.8876636 0.43654287
 outer loop
  vertex -0.021965442 0.20467909 0.08846842
  vertex -0.04371549 0.20171727 0.08718819
  vertex -0.04371551 0.19220018 0.10654017
 endloop
endfacet
facet normal -0.14657526 0.8876644 0.4365406
 outer loop
  vertex -0.021965442 0.20467909 0.08846842
  vertex -0.04371551 0.19220018 0.10654017
  vertex -0.021965463 0.19502233 0.10810452
 endloop
endfacet
facet normal -0.9891535 0.13181187 0.06481513
 outer loop
  vertex -0.21975426 0.040120885 0.01734253
  vertex -0.2229802 0.02015579 0.008713208
  vertex -0.22298022 0.019204685 0.010647202
 endloop
endfacet
facet normal -0.9891533 0.1318095 0.06482246
 outer loop
  vertex -0.21975426 0.040120885 0.01734253
  vertex -0.22298022 0.019204685 0.010647202
  vertex -0.21975426 0.038227815 0.021191884
 endloop
endfacet
facet normal 0.9414085 0.3026508 0.1488372
 outer loop
  vertex 0.21440972 0.059706062 0.025808545
  vertex 0.20700179 0.07870947 0.034022186
  vertex 0.20700178 0.07499619 0.041572995
 endloop
endfacet
facet normal 0.94140923 0.30264652 0.1488417
 outer loop
  vertex 0.21440972 0.059706062 0.025808545
  vertex 0.20700178 0.07499619 0.041572995
  vertex 0.21440971 0.056889262 0.031536166
 endloop
endfacet
facet normal -0.049024172 0.8962772 0.4407764
 outer loop
  vertex -3.8567878e-06 0.20566973 0.088896655
  vertex -0.021965442 0.20467909 0.08846842
  vertex -0.021965463 0.19502233 0.10810452
 endloop
endfacet
facet normal -0.04902576 0.89627784 0.44077495
 outer loop
  vertex -3.8567878e-06 0.20566973 0.088896655
  vertex -0.021965463 0.19502233 0.10810452
  vertex -3.878463e-06 0.19596629 0.10862777
 endloop
endfacet
facet normal -0.96996635 0.21827187 0.107343696
 outer loop
  vertex -0.21441196 0.059699565 0.025804883
  vertex -0.21975426 0.040120885 0.01734253
  vertex -0.21975426 0.038227815 0.021191884
 endloop
endfacet
facet normal -0.9699664 0.21827225 0.10734199
 outer loop
  vertex -0.21441196 0.059699565 0.025804883
  vertex -0.21975426 0.038227815 0.021191884
  vertex -0.21441197 0.05688277 0.0315325
 endloop
endfacet
facet normal 0.9699581 0.2183002 0.10736089
 outer loop
  vertex 0.21975276 0.040127505 0.017346274
  vertex 0.21440972 0.059706062 0.025808545
  vertex 0.21440971 0.056889262 0.031536166
 endloop
endfacet
facet normal 0.9699579 0.21830194 0.10735883
 outer loop
  vertex 0.21975276 0.040127505 0.017346274
  vertex 0.21440971 0.056889262 0.031536166
  vertex 0.21975276 0.03823443 0.021195624
 endloop
endfacet
endsolid 
